"","baseMean","avg_log2FC","lfcSE","p_val","p_val_adj"
"Ifi27l2a",456.852611807634,-0.00111313679136945,0.00686240129554439,5.31676430646877e-06,0.045809241264535
"Mrpl15",382.342176643273,-2.87420754201463e-05,0.00686284024952898,0.901374253416515,0.999957787024215
"Lypla1",127.636350517203,-2.69928910509429e-05,0.00686524499725082,0.851644081824528,0.999957787024215
"Tcea1",448.333610735912,-0.000139626470820835,0.00686227236429415,0.573623816012544,0.999957787024215
"Atp6v1h",89.0336732196906,-2.75148178293893e-06,0.00686568156378613,0.981980949247073,0.999957787024215
"Rb1cc1",97.7103103752228,-0.000119913187948409,0.00686568892700518,0.323313563368934,0.999957787024215
"Pcmtd1",65.2902133873133,-6.29090703155986e-05,0.00686595669542582,0.549815495073634,0.999957787024215
"Rrs1",256.988186822088,-0.000123489654802829,0.00686390778231065,0.532639947458847,0.999957787024215
"Mybl1",36.8972952020213,6.50202356781959e-06,0.00686629223980173,0.935521058102325,0.999957787024215
"Vcpip1",78.4795077746307,-8.19121596080147e-06,0.00686582851878887,0.942338455626952,0.999957787024215
"Sgk3",85.0705472652748,0.000180430057391888,0.00686572204811997,0.131151110157793,0.999957787024215
"Snhg6",137.77655096064,-9.6790712801216e-05,0.00686512051104042,0.519113475811222,0.999957787024215
"Cops5",230.372937783025,-5.65673916590489e-05,0.00686419957533295,0.762922632030737,0.999957787024215
"Cspp1",129.975900550155,3.74357454435424e-06,0.0068652023000031,0.979592066718653,0.999957787024215
"Arfgef1",277.983604506316,7.8639329509245e-05,0.00686370225479178,0.701129118841891,0.999957787024215
"Ncoa2",182.479234681781,-8.18776967180969e-05,0.00686464228961617,0.631231265964644,0.999957787024215
"Tram1",349.416099028125,0.000259784469021251,0.00686310540791634,0.246075030646758,0.999957787024215
"Lactb2",61.8406341005417,1.66906739243014e-05,0.00686599604508206,0.870764364469855,0.999957787024215
"Terf1",133.013761908771,7.48033777872944e-05,0.0068651956703056,0.6100097224252,0.999957787024215
"Rpl7",5727.96473465738,-0.000124986248966285,0.00685031994291301,0.791928911438542,0.999957787024215
"Rdh10",16.9705557552237,-1.9215749519968e-05,0.00686654238254702,0.726804115689418,0.999957787024215
"Stau2",23.9886794659073,-4.81148126647837e-05,0.00686646126356339,0.454522085985257,0.999957787024215
"Ube2w",107.056992996312,6.55863084981765e-05,0.00686546963172931,0.622514952173842,0.999957787024215
"Eloc",575.630752337158,0.000122921952372617,0.00686128380666095,0.653744384102048,0.999957787024215
"Tmem70",97.4503296479452,1.18089398897503e-05,0.00686558164640771,0.926106965349376,0.999957787024215
"Mcm3",429.719536321086,1.64156854312644e-05,0.00686237940091473,0.94661347606423,0.999957787024215
"Kcnq5",814.607320934312,-2.60913325964471e-05,0.00686441021909227,0.884535754140838,0.999957787024215
"Ogfrl1",43.1745216686199,-3.86228819482453e-05,0.00686621749876322,0.655301075418593,0.999957787024215
"Smap1",195.535140530935,-0.000162057566626747,0.00686453394509433,0.354095593159005,0.999957787024215
"Sdhaf4",76.3136755954067,2.59166026256752e-05,0.00686585054132571,0.816850881948923,0.999957787024215
"Lmbrd1",35.7506518841434,6.04406018192728e-06,0.00686630798067105,0.939027018209032,0.999957787024215
"Phf3",255.657130276689,-4.45052216080818e-05,0.00686392051621953,0.821681154679243,0.999957787024215
"Prim2",116.500964776626,9.44771383724663e-05,0.00686537456097202,0.493697631181609,0.999957787024215
"Bag2",31.9474586253444,-2.48622627677725e-05,0.00686635485933547,0.739704822909431,0.999957787024215
"Zfp451",71.7350096570034,1.60722317492632e-05,0.00686587297397286,0.884375893129439,0.999957787024215
"Dst",13.6798621613633,-9.8482542526616e-06,0.00686658407561622,0.842367883226634,0.999957787024215
"Ccdc115",112.194853033432,7.77648642439138e-06,0.00686542390002205,0.954254467900299,0.999957787024215
"Imp4",162.947949911511,9.87706686013309e-05,0.00686489765650331,0.536991643835844,0.999957787024215
"Ptpn18",526.786834938713,-6.97110290849667e-05,0.0068616005404747,0.793273360473832,0.999957787024215
"Fam168b",84.7737315298366,2.20587769777139e-05,0.00686572121875236,0.853634946029766,0.999957787024215
"Plekhb2",29.9078790737193,-2.449055347699e-05,0.00686639576546726,0.730066654388628,0.999957787024215
"Uggt1",199.156443049912,5.27185159247278e-05,0.00686447494146452,0.766050969852511,0.999957787024215
"Neurl3",54.0175281042278,-9.00950424889167e-05,0.00686611786347736,0.338303307418761,0.999957787024215
"Arid5a",118.756357671478,-6.90557557101066e-06,0.00686534053779536,0.960580056837215,0.999957787024215
"Kansl3",49.1467020184606,-2.63426322021388e-06,0.0068661601075812,0.976895453857711,0.999957787024215
"Lman2l",13.2252214181826,7.52706721942515e-06,0.0068665934577381,0.875914200774224,0.999957787024215
"Cnnm3",22.060871756252,-2.60597438750862e-05,0.00686649496557577,0.667331359057615,0.999957787024215
"Ankrd39",45.1643210999121,1.81884132271952e-05,0.00686619108779364,0.837328812357876,0.999957787024215
"Cox5b",1097.29156975011,0.000100813461577907,0.00685836810309876,0.766186414823396,0.999957787024215
"Actr1b",41.7772112432876,-1.52504373803197e-05,0.00686623825441953,0.857371626839579,0.999957787024215
"Zap70",132.170859784233,-1.38325505581588e-05,0.0068651897080593,0.924997328512771,0.999957787024215
"Tmem131",133.193088732875,8.33054276204735e-05,0.00686517870370713,0.572084944381774,0.999957787024215
"Coa5",72.9848439670841,-3.88591459446449e-05,0.00686587447407033,0.724912619735286,0.999957787024215
"Unc50",87.3715516319493,0.000105237860237152,0.00686572044487112,0.378967023181331,0.999957787024215
"Mgat4a",161.680372877663,2.30549074237926e-05,0.00686487731713951,0.8860324118201,0.999957787024215
"Mitd1",155.064727373223,-0.000105563398446102,0.00686498222635442,0.499481848170635,0.999957787024215
"Mrpl30",449.426122993333,-0.000163079005384312,0.0068622921684982,0.510093081654782,0.999957787024215
"Txndc9",265.172384955747,2.02986552247406e-05,0.00686392338391381,0.918083414238832,0.999957787024215
"Eif5b",646.053177640943,-0.000288212042646321,0.00686080298476793,0.313208672310951,0.999957787024215
"Rev1",84.443877901127,-2.42602352010213e-06,0.0068657400917355,0.983663905745592,0.999957787024215
"Aff3",88.8894481639703,6.68874536554342e-05,0.0068657806397566,0.56457178263311,0.999957787024215
"Chst10",18.2924398245643,-2.67444574916973e-05,0.00686652883885471,0.636944911508744,0.999957787024215
"Pdcl3",155.960956721092,6.08404785472059e-05,0.00686492577910214,0.701584071456596,0.999957787024215
"Rpl31",2827.97539438235,3.31930512493676e-05,0.00685345445194797,0.937962946341864,0.999957787024215
"Cnot11",78.7323653117573,-5.24952998685815e-06,0.00686581747122127,0.963243763320324,0.999957787024215
"Rnf149",28.4313246872158,-2.77778872527107e-05,0.00686640190785834,0.693088011962624,0.999957787024215
"Map4k4",176.025358373148,-3.74487593211113e-05,0.00686475061922273,0.821695110547225,0.999957787024215
"Il18r1",25.3912874881318,8.48305220165232e-06,0.0068664718188385,0.893219237291149,0.999957787024215
"Il18rap",70.7325735694683,-3.79389519997381e-05,0.00686603577870831,0.704116708074811,0.999957787024215
"Mrps9",202.506778197458,-5.90372177365958e-05,0.00686446148765221,0.739713672458099,0.999957787024215
"AI597479",17.8623164792798,-2.02143499194091e-05,0.00686653112813065,0.719974246584332,0.999957787024215
"Fhl2",77.5861405043017,0.000122133691329879,0.00686586348166598,0.271663476611689,0.999957787024215
"Nck2",26.6573844196477,-4.99870512711987e-05,0.00686642255717171,0.464501125856358,0.999957787024215
"Uxs1",90.6319533186329,6.45486195922016e-06,0.00686566938845443,0.957979873258801,0.999957787024215
"Tpp2",462.583712948852,1.04637072307072e-05,0.00686210469553787,0.966972113883848,0.999957787024215
"Tex30",148.342264351592,8.53800769438247e-05,0.00686500389322261,0.582634009048407,0.999957787024215
"Poglut2",33.1075823980744,2.66509347069287e-05,0.0068663491509674,0.723578283272272,0.999957787024215
"Bivm",15.7281374425874,2.40604245933405e-05,0.00686655843520299,0.649589877559713,0.999957787024215
"Ercc5",59.8980410126166,-3.25752551255855e-05,0.0068660186483218,0.747222498885885,0.999957787024215
"Wdr75",341.144879920654,2.04382387748408e-05,0.00686313576520254,0.926986308549058,0.999957787024215
"Slc39a10",70.8286387335918,5.29119265084113e-05,0.00686588355963137,0.630069516385662,0.999957787024215
"Nabp1",211.246430042374,0.000261300775685373,0.00686459104677356,0.130110559018397,0.999957787024215
"Gm17767",31.7050103351004,-1.68658259443932e-05,0.00686635773917294,0.821057808416071,0.999957787024215
"Stat4",446.277214429121,0.00020713358429245,0.00686227645277846,0.403622337042057,0.999957787024215
"Stat1",711.926214790982,-3.82086498741194e-05,0.00686569875222618,0.751883434135503,0.999957787024215
"Gls",390.367096911006,-4.75051300385111e-05,0.00686272242277011,0.840056968631491,0.999957787024215
"Nab1",120.884761402768,7.16559543869879e-05,0.00686531242547366,0.611541125221071,0.999957787024215
"Nemp2",27.6293670482457,1.9514448634034e-05,0.00686641123062912,0.778776286552016,0.999957787024215
"Mfsd6",54.5728902851091,-6.36449582781167e-05,0.00686611103625903,0.501035293654942,0.999957787024215
"Inpp1",30.4606243503752,-5.96547093026213e-05,0.0068663911861181,0.403574800389198,0.999957787024215
"Hibch",37.8724326318179,1.31096981076886e-06,0.00686631149658098,0.986711070273849,0.999957787024215
"Pms1",57.1886603173179,6.07817971008274e-05,0.00686609627307711,0.525144191388001,0.999957787024215
"Ormdl1",32.6382497310999,-5.37420114733223e-06,0.00686635708126063,0.942590764033041,0.999957787024215
"Osgepl1",19.3917474406581,4.32954538425871e-06,0.00686651422066251,0.940911555301923,0.999957787024215
"Asnsd1",122.193491886684,-0.000108154884235764,0.00686529316049235,0.446341142478635,0.999957787024215
"Stk17b",550.346036369796,0.000181061300647055,0.00686154615332556,0.498338123654168,0.999957787024215
"Gtf3c3",54.1444903183549,4.94891498216314e-05,0.0068660842532979,0.608108346782024,0.999957787024215
"Ankrd44",576.227380017099,0.000124583952657749,0.00686125049914559,0.65036254159648,0.999957787024215
"Sf3b1",760.050058875929,2.64643314902973e-05,0.00686007003748547,0.930355229488183,0.999957787024215
"Coq10b",27.7744920888055,-7.62858600239148e-06,0.00686640666437045,0.913116478012768,0.999957787024215
"Hspd1",2497.26513107031,-8.48239672984422e-05,0.00685390587439822,0.839652065383204,0.999957787024215
"Hspe1",1727.98670396968,0.000341851892468983,0.00685601427874698,0.372656131569699,0.999957787024215
"Mob4",195.548621041097,-7.08621941195896e-05,0.00686451573445747,0.686537185963838,0.999957787024215
"Mars2",19.793733404497,-2.3187317753389e-05,0.00686652158250573,0.686952003553262,0.999957787024215
"Tyw5",49.3113971625433,5.27235859078184e-05,0.00686616674478301,0.559983700989768,0.999957787024215
"Maip1",99.9321049818047,7.72732199444887e-05,0.00686554976687361,0.549268846047344,0.999957787024215
"Kctd18",24.2887074424602,1.08254375484305e-05,0.00686647752594229,0.86264963260818,0.999957787024215
"Sgo2a",113.403291358058,-5.40654835526943e-05,0.00686540038979063,0.692568963116099,0.999957787024215
"Bzw1",949.294679283746,-0.00013222107016765,0.00685899472971354,0.685191983202304,0.999957787024215
"Clk1",169.897551354058,-3.60686070501622e-05,0.00686479275026709,0.826364345677047,0.999957787024215
"Ppil3",163.118280289901,0.000100081561661934,0.00686485101278188,0.536648718888838,0.999957787024215
"Nif3l1",27.8221645212642,-2.21242090160752e-05,0.00686640779019352,0.7512931555255,0.999957787024215
"Orc2",251.59055524343,-0.000129088949075508,0.00686408118590655,0.500939260492822,0.999957787024215
"Hycc2",50.3650223503639,-1.68089137409365e-05,0.00686613730058991,0.856055037799623,0.999957787024215
"Ndufb3",499.499231442316,0.000118857449512941,0.0068618038367372,0.648485587071046,0.999957787024215
"Cflar",129.555461590518,4.50970365986467e-05,0.0068652268120359,0.756103234912546,0.999957787024215
"Casp8",268.062594798959,-0.00021902288076211,0.00686381027298561,0.276466458186592,0.999957787024215
"Trak2",80.9556020536855,-2.21595863165041e-05,0.00686577326648502,0.849202629338571,0.999957787024215
"Tmem237",57.0175990376626,3.95149278019146e-05,0.00686608778613334,0.68144002753627,0.999957787024215
"Als2",20.5097513287484,1.06179539944691e-05,0.00686650430490168,0.858516481886567,0.999957787024215
"Sumo1",359.466321041634,-5.48992418464732e-05,0.00686300086284989,0.809013311313277,0.999957787024215
"Nop58",1098.67544300362,-0.00015240320758271,0.00685831218930329,0.654113700834648,0.999957787024215
"Bmpr2",31.111542479029,-1.71604667822718e-05,0.00686637251735531,0.814632906600737,0.999957787024215
"Wdr12",291.353672581041,-8.84792929893942e-05,0.00686358975984805,0.671489330898041,0.999957787024215
"Carf",15.8947759189271,5.60072732429808e-06,0.00686655736831279,0.915992433095773,0.999957787024215
"Nbeal1",66.630642889568,-4.06484104191034e-05,0.00686593584788469,0.702819397283252,0.999957787024215
"Cyp20a1",80.6099734286072,-5.02619347349171e-05,0.00686581847077206,0.658878708212099,0.999957787024215
"Abi2",63.4832566518298,-2.10554404920093e-05,0.00686597998059441,0.839044772979003,0.999957787024215
"Raph1",94.779144261096,-1.31139488888821e-05,0.00686562766953527,0.916328476859987,0.999957787024215
"Cd28",201.554935077197,9.09688623951705e-05,0.00686444751361062,0.609783739366527,0.999957787024215
"Icos",129.886841882869,4.19723320636661e-05,0.00686537170944474,0.761313138280299,0.999957787024215
"Pard3b",28.3553388429661,4.32051741702941e-05,0.00686640788401204,0.535912086230641,0.999957787024215
"Ino80d",107.226262744843,2.26847231754403e-05,0.00686546374278391,0.86510080489359,0.999957787024215
"Ndufs1",156.425712035071,0.0001269729330975,0.00686496643980157,0.418693266627349,0.999957787024215
"Eef1b2",4405.53793656858,2.07489510140023e-05,0.00685132250694626,0.963959275981655,0.999957787024215
"Fastkd2",57.8281122245178,-8.40850294520498e-06,0.00686604178815769,0.932643636436555,0.999957787024215
"Klf7",163.644479290749,-2.90218157713975e-05,0.00686489501218783,0.85615312475527,0.999957787024215
"Creb1",152.779892118199,-8.9228613475655e-05,0.00686496996577992,0.569454469587385,0.999957787024215
"Mettl21a",16.8404603311825,-4.07232668499878e-06,0.00686655633558321,0.939017064169037,0.999957787024215
"2810408I11Rik",41.3577045171433,4.5584084973274e-05,0.00686624886521223,0.587329625038295,0.999957787024215
"Plekhm3",32.7720118659286,2.87152016630546e-05,0.00686635562673363,0.700908688573748,0.999957787024215
"Pikfyve",41.1799832772623,-2.82035035760201e-05,0.00686625118122647,0.736462729336139,0.999957787024215
"Rpe",102.785968598226,6.37855026467492e-05,0.00686552415268936,0.624705681021279,0.999957787024215
"Acadl",375.609401373905,1.95290223700769e-05,0.00686299023210956,0.931579847496378,0.999957787024215
"Lancl1",28.6327244906668,-9.26442799985532e-06,0.00686639881386822,0.895721435213318,0.999957787024215
"Ikzf2",360.533198461577,-0.000360896740541039,0.00686347124858101,0.0894167362038227,0.999957787024215
"Bard1",77.2598727686821,-4.91242927442665e-05,0.00686582754642248,0.664609687887094,0.999957787024215
"Atic",337.395531374163,-2.52286749079045e-05,0.0068631526599221,0.909729547005756,0.999957787024215
"Xrcc5",146.340300101544,-3.08714773846641e-05,0.00686503022410567,0.84132034002416,0.999957787024215
"Smarcal1",22.8917696517434,-6.95550955024955e-06,0.00686647060603552,0.912542613870582,0.999957787024215
"Rpl37a",4614.74307961268,-0.000202944143171193,0.0068514177016206,0.657534537769021,0.999957787024215
"Arpc2",1807.09372071059,0.000101171135172214,0.00685563333654745,0.795399546346078,0.999957787024215
"Aamp",119.491714042472,-5.07976594392281e-05,0.00686539624121517,0.710704476917462,0.999957787024215
"Pnkd",67.55297475625,4.38561910625394e-05,0.00686592256802014,0.683009744423718,0.999957787024215
"Tmbim1",14.3014206716423,1.78149555090517e-06,0.0068665780521676,0.971775140810488,0.999957787024215
"Ctdsp1",20.8368237529251,-1.19916910250778e-05,0.00686649520237853,0.843145894621222,0.999957787024215
"Usp37",141.860854017844,-9.22400366140291e-05,0.0068651027789795,0.54112516050297,0.999957787024215
"Cnot9",109.885433134658,-4.92844924023293e-05,0.00686545778859261,0.712689552200568,0.999957787024215
"Bcs1l",17.5751063195269,1.21361712917646e-05,0.00686653678883757,0.827499147810529,0.999957787024215
"Rnf25",26.4350872571595,2.88627414451675e-05,0.00686642883891616,0.669889096216007,0.999957787024215
"Ttll4",45.2583970559719,1.6911965861604e-05,0.0068661905173516,0.848676271867146,0.999957787024215
"Cnppd1",63.0411543793809,-7.24567312530194e-06,0.00686597690872694,0.944384607330891,0.999957787024215
"Retreg2",24.2119653950633,-7.35464149533089e-06,0.00686645501271944,0.90990891749828,0.999957787024215
"Zfand2b",27.7782054715214,-6.28250735861264e-06,0.00686640736188267,0.928331560281213,0.999957787024215
"Atg9a",13.7258929950393,-9.5621105588568e-06,0.00686658737075907,0.845476098616514,0.999957787024215
"Ankzf1",20.5404625424692,2.71795520084654e-05,0.00686650203570446,0.649597078333685,0.999957787024215
"Stk16",81.4072281773814,7.16882417475275e-05,0.00686576460102415,0.540252280800034,0.999957787024215
"Tuba4a",308.764889490727,5.70763883280431e-05,0.00686344945530993,0.788904197267362,0.999957787024215
"Dnpep",39.2592548896862,2.56194715358759e-05,0.00686627615587249,0.753935664820331,0.999957787024215
"Gmppa",36.0118324056344,-3.47711602043019e-05,0.00686630572760649,0.660681003393811,0.999957787024215
"Chpf",22.5494710067779,-5.22322370352562e-06,0.00686647136326577,0.934181367053807,0.999957787024215
"Farsb",192.033813562361,-2.2149892452632e-05,0.00686457147196331,0.898357749340273,0.999957787024215
"5730419F03Rik",69.6235662377105,3.00980841380588e-05,0.00686590727908514,0.781213399050024,0.999957787024215
"Acsl3",58.045753113429,-1.07295698117769e-05,0.00686604744570975,0.91377729302503,0.999957787024215
"Utp14b",16.5060545407404,-2.03427765584061e-05,0.00686655243889338,0.704974402500199,0.999957787024215
"Ap1s3",50.1955092150154,-6.70792599524568e-05,0.00686616930418245,0.457380736293759,0.999957787024215
"Wdfy1",80.8446223188038,-1.20876222648705e-05,0.00686577056743084,0.917507179256085,0.999957787024215
"Mrpl44",94.3561829243792,2.69069365870213e-05,0.00686560615015758,0.830901719307632,0.999957787024215
"Serpine2",166.244790649268,0.000147830745276055,0.00686492167682986,0.352358489199693,0.999957787024215
"Cul3",419.561833681533,-8.00738427140932e-05,0.00686264424321627,0.736157701881312,0.999957787024215
"Dock10",1373.54082313,-0.000360162627641986,0.00685732871576523,0.316188121917072,0.999957787024215
"Rhbdd1",53.1964189274667,6.34905259747258e-05,0.00686612201898735,0.498433397511413,0.999957787024215
"Mff",156.961787003167,1.59630406283474e-06,0.00686491710939071,0.991997231909366,0.999957787024215
"Agfg1",225.319396435766,4.85795001110476e-05,0.00686420214469281,0.795496708818942,0.999957787024215
"Trip12",354.224542402529,3.00428799620372e-05,0.00686306321562123,0.893896729478504,0.999957787024215
"Sp110",231.141064514895,0.000117921610746992,0.00686414616659234,0.533697908103663,0.999957787024215
"Sp140",80.9286402372405,1.13093618831796e-05,0.00686576489638271,0.923020233682626,0.999957787024215
"Sp100",304.130088694599,-0.000170345261057,0.00686367469980417,0.407868102339363,0.999957787024215
"A630001G21Rik",73.8812035248011,-8.37778037919932e-05,0.00686592147125204,0.435641471127562,0.999957787024215
"Cab39",342.961485027225,-2.12851060832912e-05,0.00686310412324911,0.924298016138032,0.999957787024215
"Itm2c",49.5003519497385,9.61588856629058e-05,0.0068661446807241,0.296530398610345,0.999957787024215
"Gpr55",53.2353597263855,8.22827732405593e-05,0.00686616000201331,0.365706892099445,0.999957787024215
"Psmd1",514.735820197702,-6.2791374906066e-05,0.00686169886819042,0.811628231416183,0.999957787024215
"Gm16341",28.6089174201111,-0.000108426099756822,0.00686641307621085,0.117599824051274,0.999957787024215
"Ncl",7399.36825003544,5.18791613345712e-05,0.00684932057069455,0.915315215532147,0.999957787024215
"Ptma",16506.6139180606,4.139299184839e-05,0.00684744233997354,0.935727151777287,0.999957787024215
"Pde6d",29.9530495924037,-4.88032629251909e-05,0.00686638121665251,0.500101489766499,0.999957787024215
"Cops7b",53.6954381375532,4.40056863305735e-05,0.0068661284721894,0.637224025190525,0.999957787024215
"Dis3l2",123.977955374226,-9.34885579714618e-06,0.00686527675181108,0.947806214443526,0.999957787024215
"Eif4e2",381.724916195231,-0.000100107103779471,0.00686278236447003,0.668301421130382,0.999957787024215
"Gigyf2",203.754028017895,-2.29605241883039e-05,0.00686445430011348,0.897350184106115,0.999957787024215
"Inpp5d",236.878583309436,-0.00012173900061373,0.00686417825956799,0.517960831880599,0.999957787024215
"Atg16l1",88.5936893477939,-6.42613679417448e-05,0.00686570598489031,0.593655911840394,0.999957787024215
"Dgkd",210.550564893431,-7.5394281122253e-05,0.00686438618823529,0.67630399715935,0.999957787024215
"Usp40",30.2313306076058,4.93983389609526e-05,0.00686637773792375,0.496845442341519,0.999957787024215
"Hjurp",106.413631102126,8.68310270296525e-05,0.00686550335942181,0.508985870558194,0.999957787024215
"Glrp1",30.7314318729075,1.68350354491932e-05,0.00686639968504997,0.811525453315773,0.999957787024215
"Arl4c",182.965400337055,2.86769660844264e-05,0.00686487491249982,0.858594359080999,0.999957787024215
"Cops8",96.3282397978329,8.77137818021909e-05,0.00686564857962379,0.478162113854505,0.999957787024215
"Lrrfip1",326.783527691889,0.000117331841236884,0.00686328097425123,0.591326488094988,0.999957787024215
"Ube2f",93.9646491134443,-2.72394429520252e-05,0.00686562655663203,0.82733856289078,0.999957787024215
"Scly",42.8728521485939,-2.80716012695405e-05,0.00686621890625845,0.745274873341704,0.999957787024215
"Ilkap",173.686543007368,-1.89101730590616e-05,0.00686476077373024,0.909167406104771,0.999957787024215
"Hes6",46.6400259394115,1.40148737699064e-05,0.00686618533434142,0.874921512397864,0.999957787024215
"Traf3ip1",25.6143982936831,-2.01980838641732e-05,0.00686645746397784,0.755041237179762,0.999957787024215
"Hdac4",106.975606350067,1.54842806961093e-05,0.00686548492461571,0.906925232625731,0.999957787024215
"Ndufa10",379.43588990429,0.000111309466221921,0.00686278421630456,0.633689967864945,0.999957787024215
"Cops9",423.660080101816,1.67752987998921e-05,0.00686246207542853,0.944925532748022,0.999957787024215
"Capn10",14.7071667454351,-1.7532847492017e-05,0.00686657409478344,0.730437240114162,0.999957787024215
"Mterf4",21.7600051113016,2.95494767643543e-05,0.00686648611101175,0.63157874857553,0.999957787024215
"Ppp1r7",247.936157501885,-8.59302795957337e-05,0.00686409667810162,0.653214563935302,0.999957787024215
"Hdlbp",474.827624712697,7.4160513454872e-05,0.00686203779418773,0.770760273789253,0.999957787024215
"Septin2",19.6251273666876,1.37366990047766e-05,0.00686652311659285,0.810712783340357,0.999957787024215
"Stk25",25.0730509199585,2.25556861382621e-05,0.00686644123529167,0.734226916853553,0.999957787024215
"Thap4",29.3064609232086,1.64424319256189e-05,0.00686638752162121,0.81879799969879,0.999957787024215
"Atg4b",54.6414951844242,-5.76632349227015e-06,0.0068660782207667,0.952567237948419,0.999957787024215
"Dtymk",541.014853625556,0.000205442336084166,0.00686166083339067,0.437244793750283,0.999957787024215
"Ing5",101.651573637025,-5.04796223428836e-05,0.00686552691560713,0.698328878639061,0.999957787024215
"Pdcd1",14.2632360205612,2.41339142409852e-05,0.00686658250763189,0.627527145056424,0.999957787024215
"Fam174a",52.3118882539533,-7.15025734159893e-05,0.00686610757046245,0.450890390593682,0.999957787024215
"St8sia4",41.5618648405834,-0.000113108279178234,0.00686624443573961,0.17996419380254,0.999957787024215
"Macir",23.536902613748,1.74789955519408e-05,0.006866458870891,0.786681913181999,0.999957787024215
"Ppip5k2",100.140978167306,8.06709455966105e-06,0.00686554495294423,0.950248154604464,0.999957787024215
"Gin1",46.8741045180531,2.67511552615278e-05,0.00686617193439311,0.766441138591064,0.999957787024215
"Pam",37.9358332780979,-7.53966946716538e-05,0.00686629895739607,0.344718857747631,0.999957787024215
"Pign",91.5400224293119,0.000103656171081263,0.00686565561395689,0.400442660304955,0.999957787024215
"Relch",142.326379106814,0.000184094558579263,0.00686511538684009,0.220829069312271,0.999957787024215
"Zcchc2",77.7536761616242,1.12284130708282e-05,0.00686580776413011,0.921878771480795,0.999957787024215
"Phlpp1",56.6516792690431,6.31297099853066e-05,0.00686612230032578,0.50078353551859,0.999957787024215
"Bcl2",1836.76875263516,-0.000138073370076344,0.00685656155656388,0.711699344430056,0.999957787024215
"Kdsr",43.6169966863034,1.25148831941138e-05,0.00686621012748547,0.885752141435905,0.999957787024215
"Vps4b",218.122350784247,3.94641928768741e-05,0.00686432473108155,0.829165746511503,0.999957787024215
"Tsn",559.331684043894,-0.000207116123767605,0.00686157593217681,0.437300943585935,0.999957787024215
"Nifk",277.012751622222,-5.48547004617917e-05,0.00686371928037359,0.788342513203866,0.999957787024215
"Clasp1",154.136418924221,-6.20688849560562e-06,0.00686496672633095,0.96846399880047,0.999957787024215
"Tmem185b",19.4460905460205,1.72244740282959e-05,0.00686652348850653,0.763756764447086,0.999957787024215
"Ptpn4",110.6862825651,1.93904037433722e-05,0.00686543499810365,0.885789575460193,0.999957787024215
"Tmem37",85.0686273930933,2.55772333467808e-05,0.0068664918996122,0.674879837229451,0.999957787024215
"Dbi",803.418942100295,0.000197239633002331,0.00686042351577976,0.50333521919672,0.999957787024215
"3110009E18Rik",49.5465695264379,-1.45564207920425e-05,0.00686613734414666,0.875169788093556,0.999957787024215
"Insig2",44.6178162556998,-1.76467578808282e-05,0.00686619796137887,0.841163367355435,0.999957787024215
"Ccdc93",45.9575937772708,-4.4065157269288e-05,0.00686618192727359,0.621679713579999,0.999957787024215
"Ddx18",371.258048210886,-5.12831167921138e-05,0.00686292448215677,0.823127643803318,0.999957787024215
"Actr3",1511.02551293316,-0.000394708192579982,0.00685707364999043,0.278384059022579,0.999957787024215
"Mgat5",293.660459394142,0.000214484084659652,0.00686357753868362,0.30484090401903,0.999957787024215
"Tmem163",303.645324023198,3.97778176670321e-05,0.00686356661993487,0.849328705262695,0.999957787024215
"Ccnt2",92.1647142048146,7.10109937353217e-06,0.0068656978643137,0.95316442198474,0.999957787024215
"Rab3gap1",136.071330527529,-4.38895245416349e-05,0.0068651718225393,0.76645284075491,0.999957787024215
"Zranb3",35.7609784445376,2.17308031581789e-06,0.00686631540155377,0.97787797540975,0.999957787024215
"R3hdm1",309.71007083728,9.11302129932859e-05,0.00686341025705797,0.670858523841325,0.999957787024215
"Ubxn4",355.330131304202,6.8986584564712e-05,0.00686327087434392,0.75258793124759,0.999957787024215
"Mcm6",247.268242195243,-9.66301557222354e-05,0.00686405291399551,0.61626244486277,0.999957787024215
"Dars",261.488285285764,0.000188899819612484,0.00686385679016501,0.344103004218794,0.999957787024215
"Il24",143.865908098702,1.53771160154107e-05,0.00686664838560685,0.697893554185395,0.999957787024215
"Il10",50.7457382099311,-1.77273970107635e-05,0.00686613303693983,0.848790754938855,0.999957787024215
"Mapkapk2",193.90497285715,-2.37773512495055e-05,0.00686454396799136,0.891608076336872,0.999957787024215
"Dyrk3",34.896132864998,9.87155172990206e-06,0.00686632117323641,0.899110058496514,0.999957787024215
"Eif2d",112.676584951475,-7.78605500482658e-05,0.00686540685456827,0.568178996144096,0.999957787024215
"Rassf5",117.510028409805,7.38440521877931e-05,0.00686535295379682,0.595522971218995,0.999957787024215
"Ikbke",29.4067773670215,-4.19431711682437e-07,0.00686638610043983,0.995346064916556,0.999957787024215
"Srgap2",229.732041732744,-0.000111178652120354,0.00686426805793268,0.547883805432038,0.999957787024215
"Fam72a",33.6977203293424,4.71702439457973e-05,0.00686633341256686,0.53894581881644,0.999957787024215
"Ctse",51.1904610418932,-2.23951997872631e-05,0.00686611828793611,0.811809123732623,0.999957787024215
"Rab29",35.390123056273,1.72470630602732e-05,0.00686631589461489,0.825714607371143,0.999957787024215
"Nucks1",1036.00233438053,-0.00013276225168005,0.00685853373726333,0.692462834118232,0.999957787024215
"Elk4",97.4589328851184,-5.47794141696822e-05,0.00686560286869838,0.664188093475137,0.999957787024215
"Rbbp5",69.9411615931877,-2.97899914445343e-05,0.00686589780060568,0.784557231025236,0.999957787024215
"Mdm4",289.369718670789,5.65516965080745e-05,0.00686360486793869,0.785841702122458,0.999957787024215
"Ppp1r15b",110.112049043927,1.73845406436529e-05,0.00686542745246164,0.897823486360754,0.999957787024215
"Snrpe",1850.39476364019,0.000129218197474061,0.00685548131354606,0.742184995181115,0.999957787024215
"Zbed6",56.0974206793521,5.52213751152194e-05,0.00686606883079768,0.571546063352598,0.999957787024215
"Lax1",74.533307986443,3.14125303275686e-05,0.00686584989377778,0.779009070415971,0.999957787024215
"Atp2b4",61.5419685426319,1.89189720569849e-06,0.00686601770566606,0.985074974124543,0.999957787024215
"Btg2",101.89983234049,-9.40664426428755e-06,0.00686552881203045,0.942380120645052,0.999957787024215
"Tmem183a",103.947117948306,3.93762044648108e-05,0.00686550000289646,0.764872466949718,0.999957787024215
"Cyb5r1",45.6550854782282,-1.85538754186242e-05,0.00686619711086515,0.833239335260487,0.999957787024215
"Adipor1",167.975133678411,7.94679999160532e-05,0.00686483311585765,0.625305781520349,0.999957787024215
"Klhl12",24.575440745134,-1.18091515233318e-05,0.00686644968796985,0.857046258316019,0.999957787024215
"Rabif",57.8096601907701,-6.19162589894562e-05,0.00686606017881605,0.528399266871389,0.999957787024215
"Kdm5b",81.6087213799989,5.62945164325393e-05,0.00686580453302792,0.623540280913402,0.999957787024215
"Ppp1r12b",37.1234916388176,1.64246921141011e-06,0.00686629485361005,0.983649937097882,0.999957787024215
"Ube2t",69.8254681448131,7.25871739356072e-05,0.00686590654138789,0.503158092311331,0.999957787024215
"Ptpn7",187.330790639328,-7.46167336185382e-06,0.00686461242078328,0.96535223169058,0.999957787024215
"Arl8a",58.1280359786071,7.51838332786398e-06,0.00686604607057848,0.939580234949052,0.999957787024215
"Rnpep",102.502134979896,-2.69880765326842e-05,0.00686559069688935,0.831504046591937,0.999957787024215
"Timm17a",440.791181964486,0.000281895094742888,0.00686227487225997,0.255784836639515,0.999957787024215
"Ipo9",90.6061319593694,-7.82167321115598e-05,0.00686565443709235,0.525991932016644,0.999957787024215
"Csrp1",42.0405919450785,1.2019360633267e-05,0.00686625765766804,0.885232900871115,0.999957787024215
"Phlda3",95.108697173691,4.29447799592014e-05,0.00686560720270154,0.733115851319174,0.999957787024215
"Tmem9",18.0657772986765,5.40761819915182e-07,0.00686653206891905,0.992332661884375,0.999957787024215
"Kif21b",56.9333261129895,8.53408712666572e-05,0.00686605016839779,0.388223257686954,0.999957787024215
"Camsap2",29.9599635968155,2.44226827913353e-05,0.00686639140501603,0.732310004451538,0.999957787024215
"Kif14",75.7687189508106,4.0443238932698e-06,0.00686582884251007,0.971506534181501,0.999957787024215
"Zfp281",37.5403778607582,-7.78560039830149e-06,0.00686629107944412,0.922923322935966,0.999957787024215
"Gm4258",60.4134658297091,0.000118458707710855,0.00686603065375373,0.237358256903618,0.999957787024215
"Ptprc",2792.59332022416,0.000637485320814958,0.00685382552380495,0.129533010258638,0.999957787024215
"Nek7",203.039407343558,-8.36025781174002e-05,0.00686461725696409,0.626087603742634,0.999957787024215
"2310009B15Rik",93.8117498087906,-3.8753369699919e-05,0.00686561620556651,0.757390757256487,0.999957787024215
"Dennd1b",269.839944022531,-0.000147364478366837,0.00686385503226484,0.460611629334539,0.999957787024215
"Zbtb41",41.8374679116658,5.49569947079014e-05,0.00686623715881854,0.517649250553331,0.999957787024215
"Aspm",131.676916486125,0.000133163179827956,0.00686543584216302,0.323781779053276,0.999957787024215
"Cdc73",192.830902938158,8.68171450435368e-05,0.00686468186940084,0.607416117105497,0.999957787024215
"Glrx2",155.389504349143,5.06306433485129e-05,0.00686492440689665,0.749907839504949,0.999957787024215
"Ro60",15.8752875398424,4.33017297013582e-06,0.00686655753732123,0.934974869740033,0.999957787024215
"Uchl5",412.906327809785,-1.85921203055824e-06,0.006862502699356,0.993862270781805,0.999957787024215
"Rgs1",46.0456150818601,-2.91404445899779e-05,0.00686624049908774,0.730735772097677,0.999957787024215
"Rgs18",21.9962488177334,-2.05065073464929e-05,0.00686648101579586,0.74159625710304,0.999957787024215
"Odr4",110.167707730076,-4.15172176468702e-05,0.0068654271303894,0.759124325588866,0.999957787024215
"Tpr",1333.89639153831,-6.19065277528821e-05,0.00685729455095271,0.863457975191964,0.999957787024215
"Ivns1abp",218.144598831889,4.39445600049234e-05,0.00686427949292326,0.811825638719344,0.999957787024215
"Swt1",88.8993408839259,5.28684281327305e-05,0.00686567584482412,0.66514121008468,0.999957787024215
"Trmt1l",91.4650630691524,-2.10012333854802e-05,0.00686565195081293,0.864950912432823,0.999957787024215
"Rnf2",40.1369397113817,2.75629934637422e-05,0.00686625789493781,0.740585588478969,0.999957787024215
"Niban1",69.9352363554436,1.76950058681756e-05,0.00686590115314289,0.870751494884803,0.999957787024215
"Edem3",33.3328008914999,-2.14671500650164e-05,0.00686635261979625,0.774809454362594,0.999957787024215
"1700025G04Rik",230.583968353424,0.000107622774086424,0.00686415066685389,0.569692708924026,0.999957787024215
"Tsen15",55.937592947011,2.36096692331236e-05,0.00686606180232322,0.809803513938189,0.999957787024215
"Arpc5",887.607270561165,-6.84390210851566e-05,0.00685931678266255,0.830304814894145,0.999957787024215
"Smg7",178.239828373717,-0.000188447426482427,0.00686469340668713,0.263441559396786,0.999957787024215
"Lamc1",50.0263436889479,1.82120698980373e-05,0.00686613797823582,0.844103552034952,0.999957787024215
"E330020D12Rik",40.5429543079457,4.00849433051771e-05,0.00686627902096954,0.622797528736495,0.999957787024215
"Dhx9",543.742202651213,-0.000142681072857515,0.00686151542129894,0.594714753826084,0.999957787024215
"Rnasel",35.933297975682,7.38469307667462e-05,0.00686630723471913,0.350390844951793,0.999957787024215
"Glul",33.9244762543966,-7.60581164495698e-06,0.00686633058099676,0.921342251939371,0.999957787024215
"Ier5",171.563608285977,1.39526747701666e-05,0.00686475643883878,0.932986223742884,0.999957787024215
"Stx6",65.2705849371338,8.29866200102431e-06,0.00686596778907736,0.936683796209328,0.999957787024215
"Xpr1",122.01074083187,6.66188015536321e-05,0.00686529573858247,0.638725693647115,0.999957787024215
"Acbd6",241.951309544133,0.000105000877957307,0.00686403715880655,0.58713467247337,0.999957787024215
"Qsox1",22.2556476140373,-2.24823227575401e-05,0.00686648021764443,0.718099590238804,0.999957787024215
"Cep350",161.234976639661,4.78406047148331e-05,0.00686491621573978,0.763775232585287,0.999957787024215
"Tor1aip1",166.082646784125,8.17749935916807e-05,0.00686484244730952,0.614443986788877,0.999957787024215
"Tor1aip2",143.516422837608,4.31719866965081e-05,0.00686506387320533,0.777381869797448,0.999957787024215
"Gm2000",105.408259315688,7.9762864996689e-05,0.00686548706644075,0.546659250819292,0.999957787024215
"Soat1",114.13232364807,4.07905103321487e-05,0.00686539420945741,0.765993455298655,0.999957787024215
"Abl2",86.9922652709499,7.43986872855224e-05,0.00686570542242728,0.536872704480345,0.999957787024215
"Fam20b",52.6989020411896,-0.000109521258560546,0.00686614971918341,0.232540355243319,0.999957787024215
"Ralgps2",21.6435194452199,1.03860618118834e-05,0.00686650770634825,0.860664026198536,0.999957787024215
"Cop1",128.598146545883,-0.000129656647112015,0.00686527370855043,0.364435706212571,0.999957787024215
"4930523C07Rik",59.8392751592482,-1.90579148877864e-05,0.00686603009180642,0.849287044294917,0.999957787024215
"Mrps14",651.311343781506,0.000148826348466247,0.00686101304841471,0.595986369298713,0.999957787024215
"Cacybp",944.95303034311,-0.000430121954482205,0.00685901448224895,0.186693254766276,0.999957787024215
"Rabgap1l",404.077947413345,7.46964461129555e-05,0.00686256656003185,0.755496998169412,0.999957787024215
"Rc3h1",164.710259602008,-6.68111452556925e-06,0.00686496785806879,0.966045263672659,0.999957787024215
"Zbtb37",28.1786432357441,-5.0633094131893e-05,0.00686640393669736,0.470647711742956,0.999957787024215
"Gas5",919.615539624813,-0.000282165436741762,0.00685934480032228,0.376028125371309,0.999957787024215
"Dars2",35.057043669914,-1.38193327218357e-06,0.00686632771184693,0.985733145871902,0.999957787024215
"Cenpl",47.0213013425462,1.53960475906686e-05,0.00686619309498033,0.861789226021797,0.999957787024215
"Klhl20",49.7388650064239,3.39298290667574e-05,0.00686620512748635,0.698169648240363,0.999957787024215
"Prdx6",471.856999905342,6.76079006301343e-05,0.006862026262633,0.790769119935631,0.999957787024215
"Tnfsf4",39.8702182614905,-4.15469905313426e-05,0.00686626091480018,0.616688830990698,0.999957787024215
"Fasl",81.8794003402359,-5.54917693171417e-05,0.00686575585219529,0.636925469088389,0.999957787024215
"Suco",166.825742311394,-7.63478943929167e-05,0.00686483902746213,0.638432994410307,0.999957787024215
"Pigc",27.7272390735098,2.55498940397772e-05,0.0068664078827554,0.71432313577631,0.999957787024215
"Mettl13",20.8472077532352,-3.98448611758986e-05,0.00686649568462732,0.510498923390819,0.999957787024215
"Vamp4",78.8384202502909,3.78858912682603e-05,0.00686578842918425,0.74322067212693,0.999957787024215
"Prrc2c",1534.81643725086,-0.000166745407484108,0.00685658043937503,0.655068536063641,0.999957787024215
"Scyl3",63.0793390304621,-2.82140234135678e-05,0.00686597744799879,0.785827315894848,0.999957787024215
"Sell",146.004902824212,0.000183324645598773,0.00686520027495505,0.210617248416376,0.999957787024215
"Slc19a2",45.0893607777024,-3.72678435857339e-05,0.00686621165027163,0.668318703807296,0.999957787024215
"Blzf1",44.3745758583677,-4.11923345388591e-05,0.00686620632289165,0.637424492428416,0.999957787024215
"Nme7",40.4809266823678,1.84086751401239e-05,0.00686625916958122,0.824781881196699,0.999957787024215
"Sft2d2",34.2721873207767,-5.37086742543586e-05,0.0068663340793376,0.483854250041015,0.999957787024215
"Tiprl",176.987480585753,6.03120944935921e-05,0.00686469734502168,0.720157920292312,0.999957787024215
"Dcaf6",48.5442017574252,-2.9875094983248e-07,0.00686616381540259,0.997371260538092,0.999957787024215
"Mpc2",278.307989125126,-6.11663522043873e-06,0.0068636873502163,0.976242752432142,0.999957787024215
"Rcsd1",232.59279707679,0.00015379710118695,0.00686435209391422,0.39775074976382,0.999957787024215
"Creg1",85.5070268295757,-6.86736085306105e-05,0.00686571148246152,0.567547025239837,0.999957787024215
"Cd247",334.709979119467,2.43226609258181e-05,0.00686321540672615,0.912195842911037,0.999957787024215
"Pou2f1",95.1419676857926,-2.8509422058959e-06,0.00686565111244538,0.981587082396253,0.999957787024215
"Tada1",37.5374098578924,7.19063870571778e-06,0.00686630353532047,0.927840453067756,0.999957787024215
"Pogk",22.3674769512326,3.18669785477692e-05,0.00686647871041852,0.609820288372846,0.999957787024215
"Uck2",318.988068648098,-8.00269476300543e-05,0.00686334182203784,0.711796286983908,0.999957787024215
"Tmco1",287.582192874474,0.000122155104261633,0.00686359834339091,0.557664041320561,0.999957787024215
"Aldh9a1",93.5132809104605,3.31781229445527e-05,0.00686562023413879,0.791060653365189,0.999957787024215
"Mgst3",15.9361504237166,3.59276170601019e-05,0.00686655683164143,0.499185378169037,0.999957787024215
"Nuf2",109.785572122568,3.14083575567695e-05,0.00686543114089108,0.816289871767735,0.999957787024215
"Hsd17b7",69.0572937789645,1.30620735845241e-05,0.00686593575852144,0.902430801366786,0.999957787024215
"Uap1",67.9602797423371,5.32234515534467e-06,0.00686592406427405,0.960439315744066,0.999957787024215
"Uhmk1",95.3088387256529,6.00961032882695e-06,0.00686560576161324,0.961965781721208,0.999957787024215
"Atf6",190.935354531221,2.1759122722851e-05,0.00686456378807946,0.900315029401794,0.999957787024215
"Dusp12",40.0729229330496,-6.09505036440781e-05,0.00686626164185527,0.462430723819616,0.999957787024215
"Sdhc",232.030822459043,-0.000119471095945657,0.00686414890001014,0.528120105483246,0.999957787024215
"Tomm40l",27.9357288564086,-1.94633156360708e-05,0.00686640402697507,0.781511186848873,0.999957787024215
"Fcer1g",440.796490108128,0.000158832286507105,0.00686246302330547,0.513020488850373,0.999957787024215
"Ndufs2",238.811608788661,6.35744129490106e-05,0.00686406293758671,0.741152250062036,0.999957787024215
"B4galt3",18.481813973613,-1.149163355129e-05,0.00686652668063698,0.84001839718261,0.999957787024215
"Ufc1",271.436703120855,0.00012909801193603,0.0068637567371575,0.524948079692445,0.999957787024215
"Gm20045",13.5974391697808,-1.43943309044417e-05,0.00686658875817426,0.768336559008919,0.999957787024215
"Dedd",30.5563527285147,-3.36613784745155e-06,0.00686639096811491,0.962419923501602,0.999957787024215
"Nit1",32.5338938865745,-3.71105867547075e-05,0.00686636327153222,0.616287927330678,0.999957787024215
"Pfdn2",565.281840259979,0.000153666375354958,0.00686154998852959,0.565379026605261,0.999957787024215
"Arhgap30",403.799031059548,-0.000118750492506572,0.00686262638154064,0.618049640692639,0.999957787024215
"Usf1",53.5740742917424,-1.9184783679164e-05,0.00686609085237591,0.841672691130406,0.999957787024215
"B930036N10Rik",28.0780825536823,5.71778390826324e-05,0.00686641071777383,0.410800506815725,0.999957787024215
"Alyref2",18.8282346504699,-1.05838276524253e-05,0.00686651918312821,0.854768146818948,0.999957787024215
"Cd244a",175.111965567573,-5.44011139178423e-05,0.00686477633102684,0.741781958592862,0.999957787024215
"Ly9",91.233034738469,-5.05162414300091e-05,0.00686564286248075,0.683688310678589,0.999957787024215
"Slamf7",251.191959558786,5.78914122514255e-05,0.00686407883605503,0.762889795220226,0.999957787024215
"Cd48",406.154639422082,0.000192670575914478,0.00686258270407845,0.420955351842914,0.999957787024215
"Cd84",89.5855913920582,-0.00013233696570993,0.00686566799421749,0.280350353715221,0.999957787024215
"Slamf6",22.0724206088848,4.08493839462581e-05,0.00686648528047745,0.508048766021338,0.999957787024215
"Ncstn",43.59192070689,-5.84405297862441e-05,0.00686621976479035,0.498486004408191,0.999957787024215
"Copa",193.504675164022,-5.36372625313745e-05,0.00686458306530825,0.756453303812407,0.999957787024215
"Pex19",39.7702170676866,8.4836280261718e-06,0.00686625784692232,0.918837783881417,0.999957787024215
"Dcaf8",109.288822207426,-2.64923795497345e-05,0.0068654554780906,0.843223328695134,0.999957787024215
"Pea15a",38.1251607552181,-2.19637217867103e-05,0.0068662796568536,0.787392578931574,0.999957787024215
"Igsf8",42.9606301769845,1.15835951363476e-05,0.00686621736162066,0.893506644786589,0.999957787024215
"Pigm",42.9622824884452,-4.59043230586058e-05,0.0068662426329358,0.586965739839816,0.999957787024215
"Tagln2",1170.29884537868,0.000611046313478143,0.00685793487904783,0.0787910779942225,0.999957787024215
"Aim2",306.141770651617,-1.96586998569465e-05,0.00686344399639363,0.926587428228807,0.999957787024215
"Ifi214",64.166728759286,-6.02109657258775e-05,0.00686612886373402,0.518638526770931,0.999957787024215
"Ifi209",35.5850389851532,-5.33401980354622e-05,0.00686631145924474,0.497985177574645,0.999957787024215
"Ifi208",23.6173004933258,-1.79707356986887e-05,0.00686651689753143,0.757063063325769,0.999957787024215
"Ifi204",22.508888553767,-4.88600699259434e-05,0.00686648847415487,0.425873787093974,0.999957787024215
"Mndal",269.684280795786,-5.87059571987365e-05,0.00686400174296845,0.76292979726564,0.999957787024215
"Ifi203",228.838560323395,-0.000194739106026472,0.00686420858164971,0.298213522267542,0.999957787024215
"Ifi202b",16.5205713409295,-2.09478924944712e-05,0.00686655765347921,0.692988006468629,0.999957787024215
"Fh1",162.068742026153,1.60502539766519e-05,0.00686488306860214,0.920397742744089,0.999957787024215
"Exo1",83.5203238528254,-4.89890303412812e-05,0.00686574470931346,0.67857767878687,0.999957787024215
"Cep170",87.8957148634241,7.01184291200792e-06,0.00686569684757805,0.953774483542132,0.999957787024215
"Sdccag8",59.9100559543409,6.19465576890007e-06,0.0068660229814563,0.950984941135889,0.999957787024215
"Akt3",110.33125961312,1.62093919517094e-05,0.00686544339482822,0.904125140710865,0.999957787024215
"Adss",333.014222127901,-5.61270139575334e-05,0.0068632026300893,0.799494724255976,0.999957787024215
"Desi2",168.613234952315,-2.90741117569759e-05,0.0068647854644639,0.859900457757652,0.999957787024215
"Cox20",139.666374444701,3.80980039506688e-05,0.00686510919503001,0.800347511496683,0.999957787024215
"Hnrnpu",2062.23529589486,-0.000211065072877964,0.00685495051171502,0.599468760300636,0.999957787024215
"Efcab2",15.5080988070558,6.72631442250806e-06,0.00686656118142466,0.898247629432412,0.999957787024215
"Smyd3",232.124023732145,-5.42810089592526e-05,0.00686416310464612,0.773792847573524,0.999957787024215
"Tfb2m",80.850245878383,4.48216863478295e-05,0.00686577025673258,0.700978350660455,0.999957787024215
"Cnst",41.2115907099157,-4.53586972958516e-05,0.00686624130984193,0.59188953940178,0.999957787024215
"Sccpdh",12.8319670878836,8.44419705009681e-06,0.00686659877741862,0.858725276640048,0.999957787024215
"Ahctf1",192.267168241818,-2.79770949380906e-05,0.00686465708781925,0.869269837807771,0.999957787024215
"Psen2",79.1469822387538,5.95262662543009e-05,0.00686585557760721,0.593745860090142,0.999957787024215
"Itpkb",85.0482892457665,-7.9577699904821e-05,0.00686572654605814,0.504622489052283,0.999957787024215
"Parp1",309.840135030028,6.11729967913762e-05,0.00686338759981055,0.77617148123493,0.999957787024215
"Lin9",72.5559895859667,-7.82747625207022e-06,0.00686586269470606,0.943860301840055,0.999957787024215
"Acbd3",166.882694301542,3.32117305520655e-05,0.00686481888437219,0.838866290473253,0.999957787024215
"H3f3a",1628.21489745364,3.28198073893419e-05,0.0068561866285147,0.931242228438234,0.999957787024215
"Sde2",97.4343687599843,-5.68725170796934e-05,0.00686557321182689,0.656266022219428,0.999957787024215
"Pycr2",152.01280385002,9.66765323226592e-05,0.0068650475741761,0.528616682318448,0.999957787024215
"Nvl",176.916409676605,-5.92810297199938e-05,0.00686472336439216,0.72306843721511,0.999957787024215
"Cnih4",283.4600923347,0.000172615735064192,0.00686389738118508,0.383957527266635,0.999957787024215
"Wdr26",264.333861821763,0.000144058989009565,0.00686385445512953,0.470775204439024,0.999957787024215
"Lbr",492.669384440141,0.000256156679338266,0.00686201345009709,0.31543899296881,0.999957787024215
"Enah",109.771915582061,1.06991695951891e-05,0.00686543838825765,0.936750147684049,0.999957787024215
"Srp9",811.11507599425,0.00038364157431649,0.00685974944900269,0.215810953890221,0.999957787024215
"Degs1",148.196616578147,-6.34430428949528e-05,0.00686507836493373,0.676481064744349,0.999957787024215
"Fbxo28",98.569416553301,-7.61576549751056e-05,0.00686556074486786,0.553248918843042,0.999957787024215
"Trp53bp2",57.4453820209333,-5.31685292387366e-05,0.00686605820826148,0.58876837039474,0.999957787024215
"Capn2",161.628173364116,-7.89589796413686e-05,0.00686499092356648,0.612610864323777,0.999957787024215
"Disp1",22.9604786629029,-6.27355629110901e-06,0.00686647380378754,0.920653730647344,0.999957787024215
"Brox",59.3575431858961,1.56373406651464e-05,0.00686602539317211,0.876487203346152,0.999957787024215
"Aida",105.370889048482,-0.000115255660269296,0.00686548492200475,0.384155915261063,0.999957787024215
"Mia3",189.883884665254,-5.54612803808209e-05,0.00686458663050019,0.748247675747037,0.999957787024215
"Taf1a",39.5754052506508,4.22209845549808e-06,0.00686626706341436,0.959180986063075,0.999957787024215
"Dusp10",26.7189207648711,3.88744079652235e-06,0.00686643716108948,0.9536319748344,0.999957787024215
"Mtarc2",158.259319102897,5.27153765530154e-05,0.00686493412569192,0.73931076509051,0.999957787024215
"Rab3gap2",62.807297651582,4.13465863662752e-05,0.00686598342788228,0.689348705461855,0.999957787024215
"Iars2",122.684954066181,3.64178553594516e-05,0.00686529113558421,0.79776146111187,0.999957787024215
"Bpnt1",28.1254756953824,1.84747457590778e-06,0.00686640114371404,0.979080951597159,0.999957787024215
"Eprs",777.410749980559,-0.000325502276089931,0.00686002452014838,0.284018141190591,0.999957787024215
"Rrp15",217.010354820389,-7.99960717649968e-06,0.00686436671468012,0.964809312162951,0.999957787024215
"Gpatch2",51.8637313853434,2.5416357987581e-05,0.00686611125173421,0.788122817843195,0.999957787024215
"Kctd3",27.921222824207,6.41415540520293e-06,0.00686641749487737,0.925770943554526,0.999957787024215
"Cenpf",342.929577320933,7.97999914188274e-05,0.00686601922104744,0.429612085766202,0.999957787024215
"Smyd2",95.0954492823596,2.43401254980369e-05,0.00686559734576575,0.847395164404301,0.999957787024215
"Rps6kc1",20.7258439627339,-5.81157671747678e-05,0.00686649854572693,0.334544878008641,0.999957787024215
"Angel2",96.7435777095383,-2.38690554766308e-05,0.00686558927451908,0.850822808701611,0.999957787024215
"Flvcr1",41.5239235763199,9.70228623311915e-06,0.0068662425283983,0.908598337509798,0.999957787024215
"Nsl1",30.2932405494949,-1.00671808933737e-05,0.00686639312589347,0.887613368146213,0.999957787024215
"Batf3",80.9841472328754,0.000181720570668008,0.00686578164608414,0.117381439884346,0.999957787024215
"Nenf",61.1246161762903,-1.86838116509624e-05,0.00686599867643937,0.855246478683511,0.999957787024215
"Ppp2r5a",416.734619435404,-3.87256490343462e-05,0.00686248003387195,0.873034432380092,0.999957787024215
"Dtl",152.381805428668,2.10624973030174e-06,0.00686498124421156,0.989252588442856,0.999957787024215
"Ints7",116.727337188458,-4.13838972347653e-05,0.00686542160561722,0.760353722497176,0.999957787024215
"Lpgat1",191.75493715496,-9.37915639832271e-07,0.00686465393029387,0.995600869789237,0.999957787024215
"Nek2",48.5210000509342,3.5256690908354e-05,0.00686621739990767,0.683665696714578,0.999957787024215
"Traf5",23.3446179017495,-7.44319273614349e-07,0.00686647094288021,0.990617041061623,0.999957787024215
"Rcor3",21.7235554581696,3.6873417726737e-06,0.00686648249224594,0.952595544730137,0.999957787024215
"Utp25",76.380312822633,8.74912118444802e-06,0.00686581914895711,0.938724505558635,0.999957787024215
"Traf3ip3",235.622139421655,-0.000173600497430291,0.00686409989445158,0.363747741965452,0.999957787024215
"Lamb3",52.7406026192853,2.17196156612813e-05,0.00686609983972685,0.819898898175293,0.999957787024215
"Hsd11b1",45.1153689906083,4.98778279808033e-05,0.00686620860572861,0.567422055358972,0.999957787024215
"A330023F24Rik",87.6703572056444,4.31149404294672e-06,0.00686569556187745,0.97158373302913,0.999957787024215
"Cr1l",200.908045525959,3.22925060166838e-05,0.00686451920758016,0.853976294892639,0.999957787024215
"Nmt2",103.334104273234,5.91140216363804e-05,0.00686553638690175,0.648663316336622,0.999957787024215
"Rpp38",32.9108856507478,-4.40295464131397e-06,0.00686634183029526,0.953811894191265,0.999957787024215
"Dclre1c",45.8091855391456,2.5278529141497e-05,0.00686621981375863,0.769678174194078,0.999957787024215
"Suv39h2",51.495973303052,-6.75087301264339e-05,0.00686611619355969,0.473651525847914,0.999957787024215
"Hspa14",248.183319616241,-9.16847436750104e-05,0.00686397737828122,0.639055102732706,0.999957787024215
"Fam107b",389.746601120615,6.1279444652776e-06,0.00686321240770155,0.977845643917306,0.999957787024215
"Frmd4a",18.4614186076083,8.40245746419641e-06,0.00686654412290947,0.878098480498746,0.999957787024215
"Prpf18",72.170581382953,-3.58349756921383e-05,0.00686587424910041,0.745579597790467,0.999957787024215
"Sephs1",90.3303771977733,-1.08458427141323e-05,0.00686565751788831,0.929833538941355,0.999957787024215
"Phyh",82.5110995193169,-0.000121500145217628,0.00686574748566367,0.303390399223999,0.999957787024215
"Mcm10",102.591566226488,-0.000159800149809226,0.00686557575661047,0.210603639060152,0.999957787024215
"Optn",24.867109667453,-2.63406046165917e-05,0.00686645632105886,0.684652438142881,0.999957787024215
"Camk1d",415.709121767782,-8.61204725767736e-05,0.00686247493179461,0.722459468630442,0.999957787024215
"Cdc123",311.376816671184,0.000108572874287402,0.00686338418395064,0.61401138943425,0.999957787024215
"Nudt5",371.090756625883,-0.000149343126596961,0.00686302495598397,0.509504078912554,0.999957787024215
"Sec61a2",28.0003158356767,-2.59666915848588e-05,0.00686641319844472,0.707774900576589,0.999957787024215
"Upf2",122.122663402303,-7.04918719431704e-05,0.0068654341598111,0.601668973361642,0.999957787024215
"Celf2",1131.13116740727,8.21697575258629e-05,0.00685821034907588,0.810225487361362,0.999957787024215
"Gata3",76.7332748139767,6.82999622158963e-05,0.00686581817836129,0.5486388731332,0.999957787024215
"Taf3",151.976805586156,-0.000132394626417324,0.00686504324141871,0.38877804297202,0.999957787024215
"Atp5c1",877.307262526994,0.000167619987118723,0.00685961682511806,0.592121715394247,0.999957787024215
"Kin",144.092452562553,2.3361052702149e-05,0.00686505595656131,0.878685270858057,0.999957787024215
"Itih5",63.7468349752507,1.63681153746934e-05,0.00686597720852087,0.874756661090193,0.999957787024215
"Prkcq",372.332810212725,-0.000267752490853024,0.00686288435905291,0.245646060539841,0.999957787024215
"Pfkfb3",74.2441661138518,-3.34487958969324e-05,0.00686586075075675,0.763724707888468,0.999957787024215
"Rbm17",408.23831416271,-3.65465651717974e-05,0.00686257717380509,0.878752790736331,0.999957787024215
"Il2ra",1123.62408873142,0.000680985543254122,0.0068586680752069,0.0408100616097512,0.999957787024215
"Il15ra",42.8031067920974,2.53018476870198e-05,0.00686622043087071,0.769344316193377,0.999957787024215
"Ankrd16",39.0045231902563,1.5483877250126e-05,0.00686630339864271,0.845406980886023,0.999957787024215
"Mindy3",155.733792942984,-0.000109050476757586,0.00686492896712205,0.491822105956325,0.999957787024215
"Pter",36.2652700049437,2.28923849821801e-05,0.00686630387417485,0.7730224370907,0.999957787024215
"Rsu1",128.251087515496,1.05116375064518e-05,0.00686524357743207,0.94196830107277,0.999957787024215
"Vim",2107.47437894362,-0.000716106305943801,0.00685480395700324,0.0765796689565915,0.999957787024215
"Hacd1",46.6689086453977,-2.73339902393329e-06,0.00686619241863626,0.975356724115625,0.999957787024215
"Stam",38.09703414176,-2.04036549582794e-05,0.00686629740723649,0.798510433931527,0.999957787024215
"Nsun6",19.8123830045651,-8.25961238169795e-06,0.00686650862905519,0.888783016695921,0.999957787024215
"Arl5b",19.9927354613278,-2.5235747600655e-05,0.00686650642415833,0.670525599289015,0.999957787024215
"Plxdc2",111.385468573721,-4.50346332811939e-06,0.0068654177127344,0.973559494869406,0.999957787024215
"Mllt10",291.577901401058,-0.000119578745943114,0.00686358916343551,0.566564085860868,0.999957787024215
"Dnajc1",466.238881372129,6.75676648204526e-05,0.00686208178040764,0.789685363399417,0.999957787024215
"Commd3",408.023631691965,3.16679852437935e-05,0.00686282982131049,0.891536615534191,0.999957787024215
"Bmi1",61.5125261824592,-9.43099972186481e-05,0.00686603496951096,0.345415487681355,0.999957787024215
"Pip4k2a",167.281582904098,5.50349909253555e-05,0.00686480152127464,0.73727347778293,0.999957787024215
"Arhgap21",82.6257567329735,-6.44961067788835e-05,0.00686575246076432,0.583918763607198,0.999957787024215
"Apbb1ip",557.231068105358,-0.000265852043767856,0.00686160887469975,0.317206458685239,0.999957787024215
"Pdss1",160.215424728399,2.11545337765917e-06,0.00686489099092146,0.989468911646761,0.999957787024215
"Abi1",243.828368885403,8.62263878386306e-05,0.00686402963240736,0.656109994721899,0.999957787024215
"Acbd5",95.1155185750581,-8.93423915474854e-05,0.00686560037921758,0.479380959075994,0.999957787024215
"Mastl",68.6968116230225,-2.71552710908843e-05,0.00686590734609566,0.802129308676292,0.999957787024215
"Yme1l1",259.412511031934,6.01034295957752e-05,0.00686390804189141,0.761348413236509,0.999957787024215
"Spopl",88.776112681749,5.98401789680464e-05,0.00686569621367005,0.620912726808491,0.999957787024215
"Psd4",152.183001900208,-0.000104139561811438,0.00686502091272839,0.500597514621077,0.999957787024215
"Ehmt1",151.652586340323,-3.51986806781159e-05,0.00686500818320462,0.820556063127033,0.999957787024215
"Arrdc1",39.8125345186467,8.33008126808492e-06,0.00686625840161271,0.920258145282264,0.999957787024215
"Zmynd19",124.515148467406,-5.41119001548134e-05,0.00686527494066138,0.704934309271523,0.999957787024215
"Dph7",32.9800247917484,-1.73799905368461e-05,0.00686635184085161,0.817003284066527,0.999957787024215
"Mrpl41",183.241494522564,-3.46926103350653e-06,0.0068646585144187,0.983711381519723,0.999957787024215
"Pnpla7",24.876726862557,-4.91370013953948e-06,0.0068664510517818,0.940121755210597,0.999957787024215
"Tor4a",11.4811068580808,-1.32387111170062e-06,0.00686661178401106,0.976797528249028,0.999957787024215
"Nelfb",60.2750220641119,4.08285992991462e-05,0.00686601301871467,0.687357090504055,0.999957787024215
"Tubb4b",671.611618761336,0.000152468926105616,0.00686097058442279,0.588392515409814,0.999957787024215
"Ndor1",33.5726071968747,3.48169898541254e-05,0.00686634344015527,0.646310558647515,0.999957787024215
"Tmem203",39.6325547518091,3.55494759231507e-05,0.0068662658481849,0.666895398316167,0.999957787024215
"Ssna1",171.894279268347,8.61163803447232e-05,0.00686475615610297,0.603789113336317,0.999957787024215
"Anapc2",49.323200966103,-4.8109773277986e-06,0.00686614568023763,0.95831328528095,0.999957787024215
"Man1b1",24.7147913870322,-4.96965791723333e-05,0.00686645983109848,0.440911248812567,0.999957787024215
"Sapcd2",28.3016486803376,-4.3389532924142e-07,0.00686640648090389,0.995049777750616,0.999957787024215
"Abca2",51.3673794066986,-1.5110439034401e-06,0.00686611473882933,0.987218040827121,0.999957787024215
"Paxx",37.411167887662,-4.94402377182336e-05,0.00686629708763037,0.536346517449971,0.999957787024215
"Fbxw5",15.62964939589,-4.17997240936763e-05,0.00686656321938562,0.42445711263884,0.999957787024215
"Traf2",31.8624977607371,-2.48111531345866e-05,0.00686635669658898,0.739654757190077,0.999957787024215
"Edf1",541.402046025757,6.61499964825791e-05,0.00686199525787187,0.7958306495899,0.999957787024215
"Phpt1",23.5794993001572,1.72140310395097e-06,0.00686649090392809,0.977519530352536,0.999957787024215
"Rabl6",117.831813949768,-4.07756615129832e-05,0.00686534489303049,0.770062028156875,0.999957787024215
"Bmyc",50.6223960899725,-3.02542767707177e-05,0.00686613004005757,0.745469372659107,0.999957787024215
"Camsap1",44.2970884311207,-8.57993381802852e-05,0.00686624598336491,0.308370230370826,0.999957787024215
"Ubac1",91.4285092488665,-3.37747124036813e-05,0.00686566730127596,0.78298703780713,0.999957787024215
"Qsox2",22.540692646,1.38408171068498e-05,0.00686647488533332,0.82573542523559,0.999957787024215
"Dnlz",81.6665344259501,-8.08039401847403e-05,0.00686575777289911,0.491478991621271,0.999957787024215
"Snapc4",23.28121720016,2.1368893709083e-05,0.00686646359018711,0.738796317154304,0.999957787024215
"Entr1",96.1761180663728,5.58142771739504e-05,0.00686559737784445,0.658998182050165,0.999957787024215
"Pmpca",97.2882082808283,-0.000102404338330385,0.00686557588814589,0.422378786305712,0.999957787024215
"Sec16a",79.2944340694832,-1.33034075259294e-05,0.00686580268846895,0.907745545767795,0.999957787024215
"Notch1",168.354162063389,-7.69805569630947e-05,0.00686490154864828,0.630039353683462,0.999957787024215
"Egfl7",29.3998274033592,-6.06879773357972e-05,0.00686639292622725,0.394370598499543,0.999957787024215
"Agpat2",41.2082033451964,2.42431786000739e-06,0.00686624001119169,0.97716950434218,0.999957787024215
"Dipk1b",15.8645775215357,-2.16854598475368e-05,0.00686655923106824,0.681596298274298,0.999957787024215
"Snhg7",193.65346686006,-8.84099804234095e-05,0.00686463015602603,0.605286324259589,0.999957787024215
"Surf6",77.6914509144164,-1.43221774626493e-05,0.00686580682856089,0.90050241239024,0.999957787024215
"Med22",23.6910960185223,-2.53413459412505e-05,0.0068664644588618,0.692097072553501,0.999957787024215
"Rpl7a",4666.42340963536,6.81523834638447e-05,0.00685104445446283,0.883047799343615,0.999957787024215
"Surf1",65.7832606324178,-3.62826530793054e-05,0.00686594154693822,0.73256111514407,0.999957787024215
"Surf2",83.7073936544203,-8.45802423726564e-05,0.00686573418691901,0.476583955426183,0.999957787024215
"Surf4",248.526725784232,8.96863775863346e-05,0.00686413879774093,0.636437513676696,0.999957787024215
"Rexo4",99.4061822466204,-7.92242462897185e-05,0.00686557096836431,0.535645339546186,0.999957787024215
"Brd3",84.1462127293038,-5.60721624322698e-05,0.00686574969038963,0.634440402953164,0.999957787024215
"Wdr5",90.0871009518098,7.5047424457464e-05,0.00686573422750341,0.527652180985905,0.999957787024215
"Mrps2",39.9393466898131,-1.99230710838203e-05,0.00686625584507122,0.81124106536006,0.999957787024215
"Gtf3c5",24.8344668515129,-1.86403655788764e-05,0.00686645327053253,0.774893999488196,0.999957787024215
"Tsc1",30.650417916587,-2.9698424006769e-05,0.00686637025712448,0.68578456896876,0.999957787024215
"Gtf3c4",36.363898122736,9.85388834907805e-06,0.00686630266026646,0.901326094072738,0.999957787024215
"Ddx31",46.0458019355025,-1.88989139310854e-05,0.00686618250652791,0.832303396051048,0.999957787024215
"Cfap77",21.9407409706674,-8.59753666476584e-06,0.00686648689163992,0.888887984024185,0.999957787024215
"Ttf1",88.5440026266274,-4.07637252547444e-05,0.00686567664946794,0.738492660979841,0.999957787024215
"Setx",237.022951295417,-6.78287636190052e-05,0.00686409930055836,0.722718058300472,0.999957787024215
"Ntng2",27.9058671896918,-3.21003950936038e-05,0.00686641186971575,0.643714334686207,0.999957787024215
"Med27",137.65246266471,9.00512391016574e-05,0.00686524199120652,0.533083293767579,0.999957787024215
"Rapgef1",117.676979276988,-7.58095524671021e-05,0.00686535826834194,0.585059828300389,0.999957787024215
"Trub2",41.8541391269671,2.19981077785003e-05,0.0068662340647906,0.796244333082977,0.999957787024215
"Coq4",26.3664249179284,-1.71127464000915e-05,0.00686642348055059,0.802007713252524,0.999957787024215
"Urm1",59.8540712501959,1.7209079038735e-05,0.00686601948219878,0.86472359029749,0.999957787024215
"Odf2",158.131632138154,5.48715666758266e-05,0.00686495552919707,0.727524024206608,0.999957787024215
"Gle1",57.4563605620111,-1.49096634260049e-05,0.00686605813210757,0.879506843276044,0.999957787024215
"Sptan1",145.16520324547,4.10265384017003e-05,0.00686504432231771,0.78935358354629,0.999957787024215
"Set",4141.64027232712,-0.000109032734811156,0.00685200459793473,0.808129845323772,0.999957787024215
"Zdhhc12",56.4349705583149,2.6805228708109e-05,0.0068660721948744,0.783082961560402,0.999957787024215
"Zer1",18.3541522554426,1.08676457710093e-05,0.0068665247456028,0.849206735431274,0.999957787024215
"Tbc1d13",23.6964977272589,-2.98302410256245e-05,0.00686646304772019,0.64188843732252,0.999957787024215
"Endog",91.0473380681952,-1.26223003382003e-06,0.00686566377532414,0.991800439457139,0.999957787024215
"Spout1",39.2052018983794,0.000123125180515233,0.00686627329686708,0.133089386762493,0.999957787024215
"Lrrc8a",14.1054333449153,-6.19667024457046e-06,0.00686657868679999,0.901882888442086,0.999957787024215
"Dolk",16.8300296036344,1.17421648581724e-05,0.00686654499778227,0.829943391337161,0.999957787024215
"Nup188",93.7925048165236,5.27391829737841e-05,0.00686562103346672,0.673550899882134,0.999957787024215
"Sh3glb2",27.0448176793566,-1.44050508637201e-05,0.00686642073546467,0.833491759951854,0.999957787024215
"Dolpp1",33.835766047823,-5.48208414505162e-06,0.00686633273286364,0.943119612220244,0.999957787024215
"Ptpa",169.187878084714,-9.73640325685875e-05,0.00686480780601706,0.552220765501162,0.999957787024215
"Ntmt1",73.6494653634828,4.18314799670989e-05,0.00686584770822101,0.708971695288063,0.999957787024215
"Asb6",22.6762831779443,-3.4729444555785e-05,0.00686647516976751,0.580444499511633,0.999957787024215
"Tor1b",54.7539413944839,-8.1708351721485e-05,0.00686608061166488,0.398474917077685,0.999957787024215
"Tor1a",122.987720230627,0.000125026754534596,0.00686533579994529,0.371656220244723,0.999957787024215
"BC005624",129.995912513557,1.09571798275178e-05,0.0068652573211918,0.93923840147828,0.999957787024215
"Usp20",22.3264751363681,1.36441569646589e-05,0.00686647610360562,0.827813464575642,0.999957787024215
"Fnbp1",777.663383112549,1.0482280279218e-05,0.00686014282876665,0.972233750843682,0.999957787024215
"Gpr107",42.2578709120522,1.44119770338861e-05,0.0068662437056322,0.864436438297639,0.999957787024215
"Ass1",137.538071004039,-0.000201272935155955,0.00686513339465412,0.178320400786875,0.999957787024215
"Fubp3",58.2628344587728,-1.31657435839947e-05,0.00686603388128841,0.895286775224378,0.999957787024215
"Exosc2",73.6326082012799,-4.4405011217629e-05,0.00686585283048606,0.691136711630878,0.999957787024215
"Abl1",44.9230016474308,6.95355541193535e-05,0.00686619986610741,0.428934508960018,0.999957787024215
"Nup214",210.402214095222,-2.68625793759399e-05,0.00686453309942764,0.877944084564264,0.999957787024215
"Fam78a",62.8432712990662,-0.00010629948536948,0.00686598822412256,0.302596756057156,0.999957787024215
"Prrc2b",148.314277809229,1.24208591525339e-05,0.00686500325671209,0.936291887303042,0.999957787024215
"Uck1",27.9589306182091,-1.35149276230909e-05,0.00686640335537772,0.847423976500855,0.999957787024215
"Swi5",655.447129874267,0.000196245796470248,0.00686084796629986,0.490631810564239,0.999957787024215
"Golga2",42.4516570964289,3.69382736238526e-05,0.00686622798465996,0.666392464565767,0.999957787024215
"Ciz1",37.877321524225,1.36760347108448e-05,0.00686630048673179,0.863694321919551,0.999957787024215
"Bbln",90.9531579449815,1.1906293405524e-05,0.00686564959576206,0.923266986665187,0.999957787024215
"Ptges2",19.619678930713,5.97151500859676e-06,0.00686651057241564,0.919158939197164,0.999957787024215
"Slc25a25",26.9306830879667,1.73738791303585e-05,0.00686643050369457,0.796983552639704,0.999957787024215
"Eeig1",145.457037540766,4.09843524623751e-05,0.00686503275725543,0.790252766003888,0.999957787024215
"Dpm2",68.2907395865426,-1.00605645265172e-05,0.00686593443277227,0.924834592353123,0.999957787024215
"St6galnac4",90.3595392498277,6.51731569403096e-05,0.00686569529553946,0.590300455783356,0.999957787024215
"Eng",14.8082967770017,-2.02996629430933e-05,0.00686657502792848,0.689225567689964,0.999957787024215
"Fpgs",36.4228867889974,-2.3785377064415e-05,0.00686630052604469,0.765254999927206,0.999957787024215
"Cdk9",204.049434662762,0.000115828571913715,0.0068644200567853,0.518252425063721,0.999957787024215
"Sh2d3c",85.061024376078,-1.1893210512086e-06,0.00686571675983547,0.992080852487405,0.999957787024215
"Tor2a",56.7851620024941,-4.15784406200373e-05,0.00686605224347722,0.673758987086596,0.999957787024215
"Rpl12",6264.89042372308,-0.000333287964752694,0.00684987453871664,0.487566879540843,0.999957787024215
"Zbtb43",27.7070052592656,-5.03672023004429e-05,0.00686641356982549,0.466938067986748,0.999957787024215
"Mvb12b",71.5509330495373,1.62685241494878e-05,0.00686591681346776,0.880002844577425,0.999957787024215
"Gm39792",13.900703616661,2.68328870361618e-07,0.0068665810091413,0.995713438618891,0.999957787024215
"Pbx3",63.2023084051861,-9.0046793739675e-05,0.00686605867910642,0.359714749426404,0.999957787024215
"Mapkap1",184.053183385038,9.71444511976523e-05,0.00686463100499604,0.57004504367681,0.999957787024215
"Gapvd1",257.625416216892,-5.61476257436171e-05,0.00686389125857962,0.777259753592665,0.999957787024215
"Hspa5",2844.86917890586,0.000886213084487736,0.00685330790574392,0.0387640281828866,0.999957787024215
"Rabepk",71.1037550863484,8.33441352163803e-05,0.00686590008191626,0.44375600995841,0.999957787024215
"Fbxw2",129.557547853037,8.39588787543586e-05,0.00686525579535238,0.559360822854404,0.999957787024215
"Psmd5",131.810377683601,5.43320179144667e-06,0.00686518499003481,0.970547459038769,0.999957787024215
"Traf1",88.9103417571005,-0.000100841013355673,0.00686572003703035,0.399296580608011,0.999957787024215
"Cntrl",406.769322902136,-8.99835582316625e-05,0.00686257099840083,0.707416861860219,0.999957787024215
"Rab14",267.663719823557,-6.71294177538911e-05,0.00686379348164908,0.73942687692842,0.999957787024215
"Ggta1",77.0373887525515,2.83102672540615e-05,0.00686582621425643,0.802834051790233,0.999957787024215
"Ndufa8",379.11430267146,-6.30712520650197e-05,0.00686283536655907,0.785797544065109,0.999957787024215
"Rbm18",38.5871708239147,-8.88082111726065e-06,0.0068662723168252,0.913812695296965,0.999957787024215
"Mrrf",45.4851530363356,1.01606628018127e-05,0.00686620184028819,0.907820589108906,0.999957787024215
"Pdcl",57.3800954270028,1.71483235730904e-05,0.00686604950815293,0.86241649345082,0.999957787024215
"Rc3h2",108.740105508185,-1.21514299631508e-05,0.00686545072083572,0.927851046688085,0.999957787024215
"Zbtb6",35.0267518180467,-4.98657819530034e-05,0.00686633242519982,0.516485404199257,0.999957787024215
"Zbtb26",18.7006303722155,-1.06750093648508e-05,0.00686652240333926,0.852563989045203,0.999957787024215
"Rabgap1",126.884230438482,-5.24385168283756e-05,0.00686524963400827,0.715949173471686,0.999957787024215
"Strbp",149.988833811167,9.00599618995211e-06,0.00686498379395396,0.954036898997322,0.999957787024215
"Dennd1a",214.087154607265,0.00012523202083596,0.00686454046749681,0.473282403055912,0.999957787024215
"Nek6",64.9865178485418,9.13917442982169e-06,0.00686600034742786,0.928817671735922,0.999957787024215
"Psmb7",462.21362818701,5.84819201246937e-05,0.00686211673671701,0.816756143100349,0.999957787024215
"Nr6a1",31.047188118591,7.26580830371827e-05,0.00686637131622977,0.321606967856099,0.999957787024215
"Rpl35",3044.73930415808,-0.000467620646454446,0.00685323202993557,0.27683246861211,0.999957787024215
"Arpc5l",334.181984766278,4.62908338906437e-06,0.00686321430035825,0.983259095985193,0.999957787024215
"Golga1",63.1166274626107,-1.44692273341043e-05,0.00686597753627135,0.889163399970261,0.999957787024215
"Scai",41.3030821210222,-3.04402446582943e-06,0.00686624065634645,0.971318108578358,0.999957787024215
"Ppp6c",139.489838575758,0.000103663691627667,0.00686519387152846,0.479912423765932,0.999957787024215
"Arhgap15",830.362497419883,5.02163655105536e-05,0.0068602853429876,0.866138339317614,0.999957787024215
"Gtdc1",30.9582452931872,-8.01677830631141e-06,0.00686636941591836,0.913126430020876,0.999957787024215
"Acvr2a",26.5289413623767,-3.08989056467547e-05,0.00686643569799214,0.644701238781623,0.999957787024215
"Orc4",127.968870359994,-2.30919378860866e-05,0.00686527931864441,0.871437690577762,0.999957787024215
"Mbd5",199.505345066618,-4.71323657451332e-05,0.00686447738515405,0.790117481307127,0.999957787024215
"Epc2",120.614337282839,-3.22412306609456e-05,0.0068653260624889,0.818404816944537,0.999957787024215
"Mmadhc",120.003083796979,-7.08531360441218e-05,0.00686549384594878,0.591357314850272,0.999957787024215
"Rbm43",69.3553432601315,-8.85836126745293e-05,0.00686590680118787,0.413813695621503,0.999957787024215
"Nmi",145.293227792319,-0.000114156166297894,0.00686503701889635,0.458226496420857,0.999957787024215
"Rif1",480.0541695992,-9.03667825443041e-05,0.00686197637863121,0.724257514890352,0.999957787024215
"Neb",90.1581250231012,9.6767814834715e-05,0.00686568820318997,0.425587548988621,0.999957787024215
"Arl5a",176.803587121332,6.75464554396092e-05,0.00686484524536621,0.677121310479575,0.999957787024215
"Stam2",75.4009715811972,-0.000123928930422438,0.00686583447970227,0.272274735532457,0.999957787024215
"Prpf40a",848.401928509396,0.000105148827693088,0.00686037584199391,0.722253882474019,0.999957787024215
"Arl6ip6",99.054126335456,-2.76003493072449e-05,0.00686556206275224,0.82977457038419,0.999957787024215
"Nr4a2",27.2752870424363,-1.79745670946564e-05,0.00686644753560703,0.784665588352481,0.999957787024215
"Gpd2",134.406354744085,1.07341760874039e-06,0.00686518417272965,0.994181405870745,0.999957787024215
"Cytip",229.211453488768,9.18968795169208e-05,0.0068644934152812,0.602524936144682,0.999957787024215
"Pkp4",133.537401611238,2.04775419342073e-05,0.0068651983967949,0.888856592776192,0.999957787024215
"Tanc1",77.1068907775399,-6.19476217370786e-05,0.00686581353971824,0.5873466730012,0.999957787024215
"Baz2b",70.0910821269881,-2.81091916185396e-05,0.00686591403252752,0.794543816154392,0.999957787024215
"Marchf7",129.354316793304,-2.91718281456869e-05,0.00686522242559122,0.840986087027642,0.999957787024215
"Ly75",82.3308502676579,-5.74642803907243e-05,0.00686583355691938,0.610891453758817,0.999957787024215
"Rbms1",622.20444758425,1.74555036273361e-06,0.00686097042921305,0.995056736234185,0.999957787024215
"Tank",106.959842066376,-1.42708139482267e-05,0.00686549118049654,0.913979972073216,0.999957787024215
"Psmd14",553.005950592369,9.53454206189119e-05,0.00686151983667436,0.722091658477903,0.999957787024215
"Dpp4",88.6761475578147,0.00021596107285747,0.00686568384182347,0.075967339364818,0.999957787024215
"Ifih1",41.7329153522512,-0.000106470728326372,0.00686629785662451,0.182621657491435,0.999957787024215
"Cobll1",94.5557649327736,-2.45996283880052e-05,0.00686566505982766,0.841166188657563,0.999957787024215
"Galnt3",72.8753657598902,2.17237465966018e-05,0.00686585967973862,0.845308150933502,0.999957787024215
"Ttc21b",35.8372651155209,1.13260836296628e-05,0.00686631785300448,0.884771559215604,0.999957787024215
"Stk39",502.569208321958,0.000183005961802964,0.00686181035785953,0.482452169827952,0.999957787024215
"Cers6",92.9407094513761,1.50766577257179e-06,0.00686575804071429,0.98975715282861,0.999957787024215
"Spc25",124.830334512154,7.43751806051855e-05,0.00686525969119841,0.604582255288077,0.999957787024215
"Fastkd1",31.792415673566,1.16988837733459e-05,0.00686635575798471,0.875631564151288,0.999957787024215
"Ppig",568.255053101647,-2.44933731488327e-05,0.00686130657305907,0.928631246828673,0.999957787024215
"Phospho2",34.2190557396654,-8.21476153233051e-06,0.00686633335366386,0.914794831827958,0.999957787024215
"Ssb",1150.8304425541,0.000379880270583005,0.00685800009041415,0.272722574877282,0.999957787024215
"Mettl5",61.3702543202427,2.15383366020866e-05,0.00686599598131147,0.833722181675278,0.999957787024215
"Ubr3",143.859477575101,2.36357425162631e-05,0.00686505854367849,0.877177705442083,0.999957787024215
"Gorasp2",166.331207110446,-2.63610509201174e-05,0.00686480814101086,0.872128336673892,0.999957787024215
"Tlk1",198.341471045181,3.46182367375756e-05,0.00686449597359929,0.84438347738089,0.999957787024215
"Mettl8",20.109116904946,-3.46975295795043e-05,0.00686651554144199,0.55142505484494,0.999957787024215
"Dcaf17",57.9619102632874,-3.66690243978844e-05,0.00686608590666032,0.703644693221804,0.999957787024215
"Dync1i2",186.496121976514,3.70275783632116e-05,0.00686459812611314,0.829888971215361,0.999957787024215
"Slc25a12",79.003717899272,7.20673545735517e-05,0.00686583615844783,0.522826094041979,0.999957787024215
"Hat1",225.246532237321,0.000156657302144604,0.00686425438278168,0.398422139156919,0.999957787024215
"Metap1d",73.6668459993838,3.25301529366241e-05,0.00686584969799227,0.771385347394145,0.999957787024215
"Itga6",14.9280082007328,-6.63291591858891e-06,0.00686656766073224,0.898008569822796,0.999957787024215
"Pdk1",45.7909553009311,-2.81483143493728e-05,0.00686618511726549,0.751932030796469,0.999957787024215
"Map3k20",40.4566992879083,2.10506453083766e-05,0.0068662737220856,0.797246042797377,0.999957787024215
"Cdca7",159.054440640677,-6.5561815728161e-05,0.00686493444041942,0.678950966581819,0.999957787024215
"Sp3",189.479650887136,2.16525887793437e-05,0.00686457609233559,0.900523516482702,0.999957787024215
"Sp3os",34.5805634729568,-5.07279737401262e-05,0.00686632519265312,0.512781747913556,0.999957787024215
"Ola1",523.320410137482,0.000132143451489288,0.00686241167062318,0.588501237812297,0.999957787024215
"Cir1",69.3652504586721,-6.11102565333121e-05,0.00686590233542492,0.573918992274139,0.999957787024215
"Wipf1",367.884662140621,3.92344806042619e-06,0.00686293453329945,0.986338284048291,0.999957787024215
"Atf2",141.987177712512,3.04608657993472e-05,0.00686510128424632,0.840135775690843,0.999957787024215
"Atp5g3",980.292896892772,0.000191310619094761,0.00685881493779943,0.561980034455625,0.999957787024215
"Lnpk",130.277569108131,5.28675120885356e-05,0.0068653198105241,0.707165595021798,0.999957787024215
"Mtx2",106.43210552328,7.06552407515689e-06,0.0068655931405232,0.955531037936138,0.999957787024215
"Hnrnpa3",2113.18362890103,-8.79329733220708e-05,0.00685488343501619,0.827292151898124,0.999957787024215
"Nfe2l2",106.611701666276,-0.000194475153460885,0.00686548774284293,0.141547586783312,0.999957787024215
"Agps",309.205604042651,-6.68666814276121e-05,0.00686349505817284,0.75212650114511,0.999957787024215
"Pde11a",67.3483597972085,-0.000108732681588612,0.0068659911090027,0.290764234566243,0.999957787024215
"Rbm45",97.9674389698418,6.85041763413989e-05,0.00686557065282644,0.592286066373304,0.999957787024215
"Plekha3",93.732491424344,-2.42439647876178e-05,0.00686562301590179,0.846310057199812,0.999957787024215
"Sestd1",16.9891011881378,1.52244574812174e-05,0.00686655057651511,0.77786172537117,0.999957787024215
"Cwc22",152.736549145198,2.74465934622795e-05,0.00686495950776604,0.861495174611941,0.999957787024215
"Ube2e3",100.523895169224,-4.53067420573155e-06,0.0068655434779725,0.972062657920616,0.999957787024215
"Itga4",112.603058004359,-1.48608332830327e-05,0.00686541832943116,0.912887641660288,0.999957787024215
"Itprid2",44.967064809018,-1.53957347173663e-05,0.00686620415707492,0.860444182828959,0.999957787024215
"Dnajc10",110.577585697007,8.87421915607361e-05,0.0068654313723002,0.511528163394616,0.999957787024215
"Nckap1",51.0071046230143,8.24267565513444e-06,0.0068661429031815,0.928800373756351,0.999957787024215
"Dusp19",59.609748742339,-4.23570462136008e-05,0.00686603280266902,0.672200903387572,0.999957787024215
"Nup35",106.05029582315,2.61910709550586e-05,0.00686548218519607,0.843396875438705,0.999957787024215
"Zc3h15",558.7653978757,-0.000101443326137019,0.00686157783218357,0.703560876066223,0.999957787024215
"Itgav",402.625224703617,1.9180560359681e-08,0.00686261762977123,0.999935808987284,0.999957787024215
"Selenoh",612.717943071897,6.10952826134313e-05,0.00686152638270381,0.819611720739981,0.999957787024215
"Tmx2",41.6747763436129,2.50681090953976e-05,0.00686624304685025,0.766636242722341,0.999957787024215
"Med19",114.416322418139,-5.86907495406887e-05,0.00686548721959815,0.657363030065222,0.999957787024215
"Zdhhc5",116.466446836332,0.000158507951304243,0.00686541351693631,0.244114929155612,0.999957787024215
"Clp1",43.252718571776,7.19967069176387e-05,0.00686623452230797,0.397857969297816,0.999957787024215
"Timm10",150.533837017073,-0.000104236397256371,0.00686506488264571,0.494704781333988,0.999957787024215
"Slc43a3",84.2373780671043,-0.00012119480320938,0.00686573756970854,0.3069569855357,0.999957787024215
"Ssrp1",805.767334493545,-8.91708565751972e-05,0.0068597736306983,0.773202650354785,0.999957787024215
"Tnks1bp1",18.0086637567687,-3.86710844708954e-05,0.00686653377276968,0.49034123785386,0.999957787024215
"Ptprj",88.6542621729219,-7.8091915403805e-05,0.00686572651024241,0.512618978219924,0.999957787024215
"Nup160",127.379908049036,6.29522430945276e-05,0.00686524182905256,0.663045455459841,0.999957787024215
"Fnbp4",294.114509141224,-1.98987400655098e-05,0.00686380536062964,0.921303614979268,0.999957787024215
"Mtch2",403.518215307035,0.000165332090319138,0.00686258280488355,0.489827493021698,0.999957787024215
"Ndufs3",279.646326324833,-5.78843235619782e-05,0.00686366868989282,0.778735130079839,0.999957787024215
"Kbtbd4",20.3602968840395,-2.082536595476e-05,0.00686650240418336,0.727574032481824,0.999957787024215
"Ptpmt1",133.481789652328,9.07036484398249e-05,0.00686517329525831,0.539141388928194,0.999957787024215
"Celf1",326.579626826095,-6.13650134322072e-05,0.00686323950625783,0.780127279162921,0.999957787024215
"Psmc3",407.163534823119,2.84567449852822e-05,0.00686261948438154,0.90496917577973,0.999957787024215
"Madd",42.9062403996937,4.74713419899779e-05,0.0068662225682564,0.581461870955137,0.999957787024215
"Ddb2",48.614505695439,3.04243919434781e-05,0.00686615036852543,0.740026708185723,0.999957787024215
"Arfgap2",54.964305450305,-9.93424124977884e-06,0.00686608078608228,0.918224557315242,0.999957787024215
"Cstpp1",44.2202890544269,3.19617642161074e-05,0.00686620500609361,0.714917950214614,0.999957787024215
"Ckap5",419.692989901362,6.96094501187643e-05,0.0068628117731028,0.764902701789608,0.999957787024215
"Zfp408",24.36032696126,-3.04343564885612e-05,0.00686646357588178,0.634860330268228,0.999957787024215
"Arhgap1",59.7584003672819,-5.25235946741844e-06,0.00686602128923309,0.958480893243831,0.999957787024215
"Atg13",24.5539273093542,-2.74504470898688e-05,0.00686644838377247,0.676052194589763,0.999957787024215
"Harbi1",17.3132738173522,-3.42872144021849e-06,0.00686654781271675,0.949668002845619,0.999957787024215
"Ambra1",221.169026352272,-1.23981873395799e-05,0.00686424268916293,0.946839754700277,0.999957787024215
"Dgkz",170.327442135822,-6.7166924249846e-05,0.00686484900672104,0.678536267999937,0.999957787024215
"Phf21a",165.133924319294,-7.71175641700426e-05,0.00686488539438906,0.63090778980789,0.999957787024215
"Pex16",29.0665505059893,2.02390622098052e-05,0.00686639103748143,0.776931525749544,0.999957787024215
"Cry2",15.6858199916273,2.13538982793097e-05,0.00686656203609448,0.684135020011718,0.999957787024215
"Slc35c1",24.7996121252351,-2.7722023212709e-05,0.00686644586400444,0.674259821418827,0.999957787024215
"Prdm11",19.062836758119,-4.36600598764496e-05,0.00686651879239805,0.450574500956761,0.999957787024215
"Trp53i11",66.6485937264049,-0.000136759735894435,0.0068659674347861,0.190590327842301,0.999957787024215
"Cd82",117.401421064353,-5.01433372339955e-05,0.00686546119577545,0.707546396656692,0.999957787024215
"Ext2",83.6649253643778,-2.93978544198581e-05,0.00686574855252763,0.803243980071725,0.999957787024215
"Alkbh3",69.9519650659703,1.87140100852019e-05,0.00686593005641974,0.861052946605859,0.999957787024215
"Hsd17b12",353.129449421371,0.000178647893651269,0.00686315103716873,0.422161006114036,0.999957787024215
"Ttc17",160.621880222791,8.65046599481577e-06,0.00686489558939147,0.95690326492856,0.999957787024215
"Api5",274.944568600059,-5.7141392298762e-05,0.00686376021276152,0.778286628458539,0.999957787024215
"Traf6",65.2689325703636,3.85673707478815e-06,0.00686595236847597,0.970831404928288,0.999957787024215
"Commd9",30.5602412348353,3.77480409606033e-05,0.00686638927929827,0.598070617732929,0.999957787024215
"Trim44",71.0931600031832,5.68263106415238e-05,0.00686593222707982,0.594590245529172,0.999957787024215
"Cd44",110.491076522164,-3.51488462892656e-05,0.00686552568650702,0.787364027070053,0.999957787024215
"Pdhx",57.8662394356829,-6.38726385974188e-06,0.00686603802036324,0.948942071734889,0.999957787024215
"Apip",58.6469736976193,-1.163828987451e-05,0.00686602765998668,0.907767972926921,0.999957787024215
"Cat",44.9736779866963,-1.73980143383225e-05,0.00686623016797886,0.838770069068536,0.999957787024215
"Abtb2",122.185350121264,6.49224179308264e-05,0.00686533842156141,0.642412818530781,0.999957787024215
"Nat10",108.982636429608,-6.67431689550221e-05,0.0068654397856198,0.62039429649443,0.999957787024215
"Caprin1",689.681796465762,-0.000134126626857977,0.00686050957079629,0.646796544022085,0.999957787024215
"Fbxo3",55.737182761659,-5.84935295215727e-05,0.00686607342935415,0.54764243931593,0.999957787024215
"Hipk3",59.1495194367793,-1.61148701163946e-05,0.00686605053516633,0.870540246417914,0.999957787024215
"Cstf3",223.884995089296,-2.68160118116704e-05,0.00686423002045177,0.885617139755348,0.999957787024215
"Tcp11l1",31.9832445677549,-3.27852965284921e-06,0.00686641482926255,0.962163729438607,0.999957787024215
"Qser1",30.5020096231523,-1.77257131809572e-05,0.0068663761819688,0.807756384509127,0.999957787024215
"Eif3m",635.694265901122,1.61584884753894e-06,0.00686097027963972,0.995424095672011,0.999957787024215
"Rcn1",112.591694988009,-4.94667748688953e-05,0.00686561626811273,0.693346333625385,0.999957787024215
"Elp4",147.226146355843,3.19235681165306e-05,0.00686503808264305,0.83562042762916,0.999957787024215
"Immp1l",173.186244231055,9.66895777932987e-05,0.00686473455252473,0.562206842196623,0.999957787024215
"Dnajc24",111.499685851599,-3.21759932730414e-05,0.00686544777743072,0.810719703381374,0.999957787024215
"Arl14ep",87.1460859857991,2.33885020972102e-05,0.00686570102737229,0.846383402248287,0.999957787024215
"Mettl15",43.9733352743789,5.25365809338178e-06,0.00686621232853097,0.951807711053706,0.999957787024215
"Kif18a",92.4976292908659,3.84228015552541e-05,0.00686565800775256,0.755030799828875,0.999957787024215
"Lin7c",98.933217069937,0.000146693002125756,0.0068655677979703,0.25204715892488,0.999957787024215
"Ccdc34",142.992399566609,-2.59306803285527e-05,0.00686505815689669,0.865376061487151,0.999957787024215
"Lpcat4",85.0690924095155,8.6333472430761e-05,0.00686571797885331,0.470967243514547,0.999957787024215
"Nop10",785.400921485824,0.000179450416875068,0.0068600890179718,0.552865706211798,0.999957787024215
"Slc12a6",76.893103397749,-7.86688686294367e-05,0.00686581297989678,0.490844333006566,0.999957787024215
"Emc4",174.618409437975,0.000121313790626446,0.00686473849119438,0.46669118362125,0.999957787024215
"Katnbl1",105.655119530641,-2.68155532148011e-05,0.00686562248063818,0.830283494981173,0.999957787024215
"Emc7",313.703746674895,0.000196495086284225,0.00686354009773956,0.350006670730539,0.999957787024215
"Aven",131.109747642518,1.06141496397062e-05,0.00686525805514212,0.941122798585438,0.999957787024215
"Arhgap11a",113.262320598043,-2.19833330239452e-05,0.00686540001753721,0.872299579911392,0.999957787024215
"Aqr",211.561302318736,-0.000158392508690022,0.00686434532359752,0.384468014682066,0.999957787024215
"Zfp770",39.1938972839955,-2.26399940577453e-05,0.00686627353680547,0.782350098273906,0.999957787024215
"Dph6",101.637812984673,-9.4082431931499e-06,0.00686552587644574,0.942438628336605,0.999957787024215
"Cdin1",59.8149903248727,1.97250898134344e-05,0.00686602990754331,0.844096805406,0.999957787024215
"Spred1",85.9000116750533,-2.07321130999672e-05,0.00686573173625982,0.861653907965643,0.999957787024215
"Fam98b",260.519317276651,2.69481234070423e-05,0.00686386436801593,0.892498319986103,0.999957787024215
"Rasgrp1",220.147553662087,2.74341824512815e-05,0.00686429576163153,0.881463151900499,0.999957787024215
"Eif2ak4",40.3591434747035,-1.87457460146399e-05,0.00686625452606339,0.822430152361319,0.999957787024215
"Srp14",641.7048304761,0.000241625307874971,0.00686090588559225,0.393728690608068,0.999957787024215
"Bub1b",195.071093952053,0.000107182364713918,0.00686454590630621,0.538859819965361,0.999957787024215
"Plcb2",27.275892295882,2.28067815896655e-05,0.00686641525421713,0.741246337455991,0.999957787024215
"Knstrn",113.299412425921,-4.592058508813e-05,0.00686543019074475,0.734201746905227,0.999957787024215
"Ivd",40.3047536974126,1.41257493546772e-05,0.00686625376910065,0.865808477593696,0.999957787024215
"Ccdc32",65.3332753113828,8.18974954328992e-05,0.00686595992455678,0.435325294079678,0.999957787024215
"Rpusd2",16.9680646094369,-7.90956678082529e-06,0.00686654287195266,0.885523050405258,0.999957787024215
"Knl1",337.892603652014,0.000120404490353296,0.00686322691123108,0.584549010674122,0.999957787024215
"Rad51",139.235712981205,-3.34107186738235e-05,0.00686518642315632,0.820308797513111,0.999957787024215
"Rmdn3",93.1731222020223,1.07700533514734e-05,0.00686567217718205,0.929857216826907,0.999957787024215
"Dnajc17",33.5100452189923,-6.6034176035006e-06,0.0068663369623244,0.931172698997918,0.999957787024215
"Zfyve19",21.5283602385308,2.73705419484646e-05,0.00686648487569962,0.657650509607054,0.999957787024215
"Ino80",198.095516744479,8.88951041949648e-05,0.00686450712925037,0.613355153825786,0.999957787024215
"Chp1",64.7051862546046,3.47586788463195e-05,0.00686596480121382,0.739811892148551,0.999957787024215
"Oip5os1",239.374666998557,-0.000144184942481583,0.00686408559519474,0.451849835025737,0.999957787024215
"Oip5",27.4541837366989,6.55526540675021e-06,0.00686641755526246,0.924136181341354,0.999957787024215
"Nusap1",325.976101208948,0.000167963294869768,0.00686354458108432,0.424042192617776,0.999957787024215
"Ndufaf1",41.7673507166754,-8.45609315755846e-05,0.00686623722004415,0.319474039083595,0.999957787024215
"Rtf1",232.196098627359,-8.26228632849159e-05,0.00686413855033074,0.663245018049749,0.999957787024215
"Rpap1",31.0776774261597,-3.29342616747577e-05,0.00686636611641398,0.655369065423817,0.999957787024215
"Mga",167.411746425424,-7.00885591824866e-05,0.00686488542152174,0.662356980908428,0.999957787024215
"Ehd4",121.492990241968,-6.86437835031853e-05,0.00686530645324988,0.627302320899939,0.999957787024215
"Vps39",35.4410894542846,-1.97471380918717e-05,0.00686632454331004,0.79903473345642,0.999957787024215
"Tmem87a",131.860189997277,-9.91328138607942e-05,0.00686520985172925,0.497117664444347,0.999957787024215
"Ganc",32.67962418058,-3.24789911148004e-05,0.00686635772652687,0.663153613591902,0.999957787024215
"Zfp106",419.753319284363,-8.39134761851077e-05,0.00686250733911128,0.728302133990535,0.999957787024215
"Snap23",56.6795264811235,-6.53555121345514e-05,0.00686606098414444,0.505505251324912,0.999957787024215
"Lrrc57",25.941563154976,-7.1568298360636e-09,0.00686644093288611,0.999914088598041,0.999957787024215
"Haus2",42.1542137201388,-1.37428155874361e-05,0.00686623303038196,0.871972393763206,0.999957787024215
"Cdan1",15.2048343601756,-6.6144262268801e-06,0.00686656620518968,0.898666744963962,0.999957787024215
"Ubr1",154.098338440294,1.53752062908759e-05,0.00686503407631037,0.920486547591296,0.999957787024215
"Tmem62",21.4344351215534,-2.61162922263984e-05,0.00686649982084717,0.663775867370256,0.999957787024215
"Ccndbp1",70.1488845708803,-2.64304836386181e-05,0.00686589675241516,0.808464193678154,0.999957787024215
"Adal",24.2309302451404,4.37489584227674e-05,0.00686645404994763,0.501557851132049,0.999957787024215
"Zscan29",19.7307521200707,2.03529371346571e-05,0.00686650939651718,0.730004752880786,0.999957787024215
"Tubgcp4",72.5069080629364,-5.36945676473693e-06,0.00686590750677742,0.960477253401852,0.999957787024215
"Trp53bp1",61.0537060227806,-4.2208818684168e-06,0.00686600321430448,0.967028398925724,0.999957787024215
"Ppip5k1",17.9100356389764,-2.61509798146476e-05,0.00686653993689954,0.636314169584241,0.999957787024215
"Catsper2",21.507696349755,1.40836824683612e-05,0.00686649194762882,0.817323088756598,0.999957787024215
"Pdia3",2490.78143240888,0.000883632712401022,0.00685395791826952,0.0346803641203262,0.999957787024215
"Serf2",2188.16291652487,-0.000291841169538929,0.00685518741149676,0.463247298375097,0.999957787024215
"Hypk",141.110751086996,4.06886002463911e-05,0.00686518649651841,0.782061126655267,0.999957787024215
"Mfap1b",23.5099981819095,-3.21449670581918e-05,0.00686647164821305,0.611104266848604,0.999957787024215
"Mfap1a",51.4080552035665,-3.53724391667989e-05,0.00686611484815199,0.707616004449717,0.999957787024215
"Wdr76",142.95676355654,8.96707642522456e-06,0.00686510408167119,0.952607747848149,0.999957787024215
"Golm2",68.9163841694626,1.06365913855931e-05,0.00686591216605377,0.921588082182303,0.999957787024215
"Ctdspl2",152.753173577952,-6.96743945788194e-05,0.00686503937968254,0.650517062703635,0.999957787024215
"Eif3j1",205.317557557714,-2.93979829476352e-05,0.0068644515446135,0.868879845864612,0.999957787024215
"Spg11",47.7384372812632,2.57418518692076e-05,0.00686616607066211,0.776089651029104,0.999957787024215
"B2m",4955.99088813904,6.42994401480315e-05,0.00686404987830263,0.738914860688206,0.999957787024215
"Slc28a2",19.5877348226946,6.15320274994643e-05,0.00686651838474667,0.28805300099629,0.999957787024215
"Gatm",46.8185391757616,6.06475440016017e-06,0.00686618297890555,0.945802551069368,0.999957787024215
"Spata5l1",24.9301377344269,4.64256027417469e-06,0.00686645322602535,0.943222079920088,0.999957787024215
"AA467197",182.624021067566,-3.03040145179263e-07,0.0068650163429692,0.998438200191266,0.999957787024215
"Slc30a4",61.6751136939772,5.5578399434533e-05,0.00686600545751886,0.585691249476203,0.999957787024215
"Bloc1s6",104.669201236706,7.76715563045244e-06,0.00686554302029271,0.952133595235789,0.999957787024215
"Sema6d",20.7183345661231,-2.3522736569892e-06,0.00686651672276749,0.967713206196358,0.999957787024215
"Slc24a5",12.9451587331029,-4.22013790361071e-06,0.00686659402119959,0.930119999466254,0.999957787024215
"Myef2",124.69829284138,-6.24795288660603e-05,0.00686526900212106,0.66257977520846,0.999957787024215
"Dut",1426.6776701495,0.00016150435104367,0.00685796067903108,0.641742571663296,0.999957787024215
"Cep152",50.1634824758179,3.53620819197899e-05,0.00686613316682094,0.703674333563165,0.999957787024215
"Eid1",190.410993678116,0.00011095256020121,0.00686457622375382,0.521817330009705,0.999957787024215
"Secisbp2l",116.783239316734,5.09271895357878e-05,0.00686536566955088,0.713047262931992,0.999957787024215
"Cops2",261.630707080323,0.000151917677526024,0.00686386439363403,0.446141378277606,0.999957787024215
"Galk2",119.39166521469,0.000120380782541817,0.00686532920759611,0.390782894682621,0.999957787024215
"Dtwd1",31.7086303186498,1.38788035365254e-05,0.00686636117390739,0.851722919039529,0.999957787024215
"Atp8b4",738.70302011135,0.000129546791489024,0.00686115122862303,0.640403166518022,0.999957787024215
"Gabpb1",88.7932967133798,2.376063408967e-05,0.00686567611572438,0.845746017870709,0.999957787024215
"Usp8",136.898572369601,-0.000148631479056849,0.00686514225151055,0.318942371978765,0.999957787024215
"Usp50",52.2659042028248,-1.96378873277229e-05,0.00686612819278532,0.833354241035875,0.999957787024215
"Trpm7",225.175400177659,6.17886258262389e-05,0.00686424270199315,0.739668682524414,0.999957787024215
"Sppl2a",211.499054794741,4.76221496187676e-05,0.00686434366778689,0.793790387905224,0.999957787024215
"Ap4e1",31.4427009758467,-2.34281131672359e-05,0.00686636255268406,0.751946074950207,0.999957787024215
"Blvra",82.5609255707661,6.7119657480961e-05,0.00686576399575763,0.566490011501956,0.999957787024215
"Ncaph",77.8173669219597,4.6261146889533e-05,0.00686580557372254,0.686524541929744,0.999957787024215
"Itpripl1",42.5926493371098,-1.52126624923576e-05,0.00686622647465061,0.859275932473613,0.999957787024215
"Snrnp200",171.200656409604,-7.53843490128542e-05,0.00686478525661748,0.647230165602454,0.999957787024215
"Ciao1",65.3008192937756,2.16678194334355e-05,0.00686595165536793,0.837305432687258,0.999957787024215
"Tmem127",46.7478626031322,1.59010245059958e-05,0.00686624040903984,0.851053828411933,0.999957787024215
"Stard7",98.2575596925445,5.03438068872205e-05,0.00686557703344968,0.693126314674984,0.999957787024215
"Dusp2",113.216640918317,-4.39260657590686e-05,0.00686551921997721,0.736708766840257,0.999957787024215
"Fahd2a",15.111980641045,1.04039104223203e-05,0.00686656857949145,0.840288026344279,0.999957787024215
"Mrps5",264.613728698694,-8.03483560272399e-05,0.00686390852207111,0.684709566508203,0.999957787024215
"Mtln",133.61570347767,-0.000105051957009434,0.00686516477821958,0.478100755613109,0.999957787024215
"Bub1",188.479182692928,0.000214306015900208,0.00686460721362347,0.212735913715141,0.999957787024215
"Bcl2l11",87.9017803381917,4.1813385870792e-05,0.00686584499286176,0.709502849631031,0.999957787024215
"Morrbid",66.409987381172,7.0103048669639e-05,0.0068659354208011,0.510665036130994,0.999957787024215
"Anapc1",148.192458642314,-1.48726706047718e-05,0.00686501117280764,0.923579956876755,0.999957787024215
"Tmem87b",30.1377314533155,-7.26650576346697e-06,0.00686637966664531,0.920185345201322,0.999957787024215
"Zc3h8",38.1253933740483,6.05164823413519e-05,0.00686628428383461,0.455255877695403,0.999957787024215
"Zc3h6",22.3608996774953,-2.29987240188274e-05,0.00686648038457155,0.711828960810052,0.999957787024215
"Polr1b",59.8080044019598,-4.12238174141264e-05,0.00686604864863948,0.677152318009333,0.999957787024215
"Chchd5",78.7344370956905,1.19903685779857e-05,0.00686579326032343,0.917220033686037,0.999957787024215
"Slc20a1",125.186089161521,-0.0001356928213633,0.0068653139274456,0.335925983164497,0.999957787024215
"Ckap2l",163.308457314025,0.000147624142321701,0.00686493503334938,0.351279820883006,0.999957787024215
"Stk35",30.6569017911578,5.53328448074725e-05,0.00686638106965625,0.444626460589014,0.999957787024215
"Snrpb",969.929052364148,0.000247737488315861,0.00685886136071199,0.451365058901293,0.999957787024215
"Nop56",1150.08520875468,-0.000364155015064503,0.00685801987555403,0.292525928471835,0.999957787024215
"Idh3b",210.994950087978,2.0506862130502e-05,0.00686434788460132,0.910301977585499,0.999957787024215
"Pced1a",31.7846269308871,-3.6726830278278e-05,0.00686635851656373,0.622005148417524,0.999957787024215
"Vps16",62.8973342622387,3.79035204785374e-05,0.00686598363356142,0.71399212216137,0.999957787024215
"Ptpra",137.517327343251,4.95075137822066e-06,0.00686512863791831,0.973628113700938,0.999957787024215
"Mrps26",315.775517376644,0.000196997639748549,0.00686334439139593,0.362937684647157,0.999957787024215
"Ddrgk1",128.05969902243,-4.25271301307528e-05,0.00686527973092622,0.765642543474899,0.999957787024215
"Itpa",146.919017576546,-2.47215828922601e-05,0.00686506790616811,0.8712321534367,0.999957787024215
"Dnaaf9",37.2330165732495,-4.68583974739571e-05,0.00686629276964328,0.55965252814012,0.999957787024215
"Atrn",67.12826383238,1.31505999989405e-05,0.00686593483033873,0.901827666365681,0.999957787024215
"1700037H04Rik",68.5579378382034,5.2753155962613e-06,0.00686592153567943,0.960847518637366,0.999957787024215
"Cenpb",114.624554501564,-5.35998901246381e-05,0.00686540444666424,0.69465109634583,0.999957787024215
"Cdc25b",46.6272441924811,1.35737098855127e-05,0.00686620399940778,0.876836597270428,0.999957787024215
"Mavs",31.0532067555016,-1.31143149922467e-05,0.00686636851742327,0.858517262542624,0.999957787024215
"Pank2",106.044707205462,-1.22659741540832e-05,0.00686555971522838,0.92395614301785,0.999957787024215
"Rnf24",26.7936377002632,-3.1798171012211e-05,0.00686642738761056,0.639327852713703,0.999957787024215
"Smox",17.0980666343117,1.17197173228601e-05,0.00686654944033065,0.828531712750429,0.999957787024215
"Prnp",26.9324755811414,1.1082998665055e-06,0.0068664234039318,0.987044632269475,0.999957787024215
"Rassf2",34.9785558565805,1.28529748890905e-05,0.00686633606259251,0.866635740674291,0.999957787024215
"Slc23a2",45.4870272539485,7.71412142662206e-05,0.00686618935906899,0.384596069934611,0.999957787024215
"Tmem230",47.749613443971,8.04349212703555e-05,0.00686616783459868,0.373448716026716,0.999957787024215
"Pcna",629.467468786993,-2.22138104034106e-05,0.00686087539500629,0.93766408033999,0.999957787024215
"Cds2",79.5516103533904,0.000107961059562401,0.00686583492532888,0.338761386269805,0.999957787024215
"Gpcpd1",75.1733661091389,-7.37133765372402e-05,0.00686583387442999,0.513894275207188,0.999957787024215
"Shld1",14.093454417751,-6.26101070707044e-06,0.00686658366214916,0.899508413429245,0.999957787024215
"Trmt6",184.064126762987,-7.43345217160553e-05,0.00686469941729911,0.658662120600125,0.999957787024215
"Mcm8",37.397453907239,-5.12151916164976e-05,0.00686631313724001,0.514479126995168,0.999957787024215
"Crls1",108.950075393416,6.18298094661217e-05,0.00686543830245281,0.646540552009892,0.999957787024215
"Tmx4",51.9167121273722,3.60938406701622e-05,0.00686611405132698,0.702109940014503,0.999957787024215
"Plcb4",17.6512420961183,1.41742170868234e-05,0.00686655167427309,0.79229761585,0.999957787024215
"Slx4ip",77.5436380684902,-5.78001740369409e-05,0.00686580897332662,0.613461542964738,0.999957787024215
"Tasp1",70.5151878527219,2.30089683238848e-05,0.00686596030534824,0.826476321179798,0.999957787024215
"Esf1",260.765689977157,1.17922319674047e-05,0.00686405678397958,0.951198412159533,0.999957787024215
"Ndufaf5",29.1804515718083,4.29107186866916e-05,0.00686639941402808,0.54346686287512,0.999957787024215
"Kif16b",65.9221909504122,3.52361836256043e-05,0.00686597326903,0.735012681745247,0.999957787024215
"Snrpb2",302.133291942213,4.24561625344605e-05,0.0068634625369588,0.841834754151728,0.999957787024215
"Dstn",56.2174230132605,-5.10552972745518e-05,0.00686606990400826,0.6006284611243,0.999957787024215
"Rrbp1",459.729169440261,0.000315154637698784,0.00686214961782489,0.210150405182612,0.999957787024215
"Snx5",693.902890866483,-0.000103256008524665,0.00686055043765226,0.723406771632424,0.999957787024215
"Mgme1",43.5661344001362,-2.12158085910694e-05,0.00686621437861652,0.806830089569698,0.999957787024215
"Kat14",30.3365826710638,4.87350491535712e-05,0.00686637537472708,0.503948383745567,0.999957787024215
"Polr3f",62.1236072932616,-2.7983223692769e-05,0.00686601931212716,0.781785274681983,0.999957787024215
"Sec23b",146.188084119486,0.000129440582557102,0.00686503682391191,0.40032620503266,0.999957787024215
"Smim26",146.988948824634,-8.10014103009133e-06,0.00686512050501153,0.956971756249226,0.999957787024215
"Dtd1",143.389762412265,-9.90870789393947e-05,0.00686521915069451,0.496024077577364,0.999957787024215
"Slc24a3",190.18898451133,-0.00014303390598904,0.00686458430947781,0.408074344667125,0.999957787024215
"Naa20",444.079862972501,-1.4760841103537e-05,0.00686226234998712,0.952615177860409,0.999957787024215
"Crnkl1",128.738324457998,8.92071721828717e-05,0.00686521970419482,0.539882479215561,0.999957787024215
"Ralgapa2",204.536647154813,-5.23994764317083e-05,0.00686442312652495,0.76994022281824,0.999957787024215
"Xrn2",618.163792944119,-0.000130124094443474,0.00686110494215688,0.640287026580548,0.999957787024215
"Cd93",21.928715316265,-1.88001075508148e-05,0.00686648227637617,0.76190479038052,0.999957787024215
"Nxt1",145.798113948802,2.42818716439004e-05,0.00686503009020203,0.874878782741965,0.999957787024215
"Gzf1",37.7902781630065,2.00345550026591e-05,0.00686628145022334,0.805320583407771,0.999957787024215
"Cst3",207.114480540096,5.23256224278915e-05,0.00686439406114381,0.771628764031388,0.999957787024215
"Zfp120",35.8034467345801,-5.18834973973143e-05,0.00686631693699159,0.507206346963495,0.999957787024215
"3300002I08Rik",13.8584328929388,1.05041191410841e-05,0.0068665817904341,0.83307037371297,0.999957787024215
"Cst7",201.09725441265,0.000132160979485322,0.0068644600406301,0.457176768339201,0.999957787024215
"Apmap",39.193373754988,1.93669304144491e-05,0.00686626638282945,0.814511448362742,0.999957787024215
"Entpd6",32.1426646129707,-2.05210842158166e-05,0.00686637300871527,0.779059870571394,0.999957787024215
"Pygb",53.9419150052127,2.89313589988952e-05,0.0068660848364908,0.764255343954793,0.999957787024215
"Abhd12",70.0141435306306,-2.31385662226615e-05,0.00686589395460523,0.832205340016995,0.999957787024215
"Gins1",55.0880095475106,4.32607216174674e-05,0.00686607707468987,0.655678032436649,0.999957787024215
"Nanp",45.6614651303356,1.56028202756517e-05,0.00686621612745105,0.857063235484706,0.999957787024215
"Nsfl1c",207.183211938662,-8.43850893343782e-05,0.00686438494566851,0.640372216501898,0.999957787024215
"Fkbp1a",630.722265008976,0.000280761339060047,0.00686128571301663,0.305489838893388,0.999957787024215
"Psmf1",68.6682081524854,-2.89237474410907e-05,0.00686590730584899,0.789541702863383,0.999957787024215
"Csnk2a1",405.73515205825,-0.000145467157082403,0.00686266317656305,0.53952809733379,0.999957787024215
"Tbc1d20",57.9797570988989,3.61350807224961e-05,0.00686603836532893,0.717084807374148,0.999957787024215
"Rbck1",145.136113056607,-9.64130531614563e-05,0.00686504956070233,0.529502404395224,0.999957787024215
"Trib3",27.057216023684,9.83768337015577e-07,0.00686641950604229,0.988565711573716,0.999957787024215
"Gm14164",22.9547042642413,-1.11827681716749e-05,0.00686646955707796,0.86008424838182,0.999957787024215
"H13",277.879309756995,-2.84576360781342e-05,0.0068638477233022,0.886838187893253,0.999957787024215
"Bcl2l1",135.476558654781,-0.000174970397346928,0.00686519307217991,0.23323058744609,0.999957787024215
"Tpx2",534.584424279023,0.000109302784095378,0.00686194769944065,0.670525759450012,0.999957787024215
"Pdrg1",74.1191931077886,-6.49438238395864e-05,0.00686584686520473,0.56246195245152,0.999957787024215
"Tm9sf4",138.488238518692,-4.7052103407765e-05,0.00686515179191685,0.751671921870938,0.999957787024215
"Plagl2",66.6296640394565,4.48703412325696e-05,0.0068659430991459,0.672293859787167,0.999957787024215
"Pofut1",33.8718322430424,-5.7250845701289e-06,0.00686632989112452,0.940797823432329,0.999957787024215
"Kif3b",32.2125384211434,8.54866570853178e-06,0.00686635524237515,0.909005621328841,0.999957787024215
"Asxl1",157.351991661471,-1.05254641476036e-05,0.00686505924916544,0.945118964483109,0.999957787024215
"Nol4l",14.0075506069732,2.40301674701273e-05,0.00686658205335184,0.62943902153708,0.999957787024215
"Commd7",240.389759185203,-5.44227771178601e-05,0.00686405669951871,0.77759784233797,0.999957787024215
"Dnmt3b",41.378881166939,-1.22247137971127e-05,0.00686624640612873,0.884555634682236,0.999957787024215
"Mapre1",320.431842840804,-7.84580822604501e-06,0.00686337232602081,0.970977305602368,0.999957787024215
"Cdk5rap1",22.0074716523697,-1.06719725626787e-05,0.00686647932249267,0.864153365036888,0.999957787024215
"Cbfa2t2",53.9722749543645,-3.179559468499e-05,0.00686609380688913,0.740047898525331,0.999957787024215
"E2f1",50.2941841153551,-2.04615102934972e-05,0.00686612994556698,0.826237735343377,0.999957787024215
"Pxmp4",23.5282643793745,1.45611495727491e-05,0.00686647238621699,0.817599247774776,0.999957787024215
"Chmp4b",341.707625795017,-1.17443853754497e-05,0.00686310386479022,0.958188028299004,0.999957787024215
"Raly",377.594148463914,-8.04931356866672e-05,0.00686282078572268,0.729191783872482,0.999957787024215
"a",107.442878907836,-8.51343293973583e-05,0.00686548127380596,0.520930930742439,0.999957787024215
"Eif2s2",1073.67278277894,0.0003242460709659,0.0068583765241176,0.338618249745062,0.999957787024215
"Ahcy",23.4640140754715,-2.06941158302999e-05,0.00686646295255218,0.747017406523524,0.999957787024215
"Itch",329.814565475474,-0.000132222516234555,0.00686327128853862,0.545699874794283,0.999957787024215
"Dynlrb1",231.161868474766,6.13563796316177e-05,0.00686417051199472,0.744920219083175,0.999957787024215
"Pigu",82.2983260974568,-4.07512433929948e-05,0.00686575840553784,0.728544665166567,0.999957787024215
"Ncoa6",89.3577524497385,1.85610738314697e-05,0.00686567144486957,0.87946283118461,0.999957787024215
"Gss",29.7065259975062,-4.09296925252468e-05,0.00686640017124308,0.561824202074219,0.999957787024215
"Trpc4ap",98.3689130794015,-2.88446447963917e-05,0.00686560799977327,0.818785810385886,0.999957787024215
"Edem2",112.70695858309,9.34482948449524e-05,0.00686542143430808,0.491006820876794,0.999957787024215
"BC029722",59.2850633521046,3.45250075691222e-05,0.00686602096990484,0.732253786726111,0.999957787024215
"Eif6",337.619562738479,6.78451038444445e-05,0.00686313714719408,0.760938058633897,0.999957787024215
"Uqcc1",76.6633435105785,-1.70292102499778e-06,0.00686581601233172,0.988081876539781,0.999957787024215
"Cep250",161.433838459469,-3.70858891839061e-05,0.00686487777881047,0.817639870728703,0.999957787024215
"Ergic3",102.374717555284,-3.41526912179988e-05,0.00686551436941304,0.794169372084044,0.999957787024215
"Cpne1",118.93620796928,-0.000100347593234769,0.00686535394837228,0.470520382572644,0.999957787024215
"Nfs1",56.5813285484818,-1.55584934846918e-05,0.00686607789357872,0.872520941047664,0.999957787024215
"Romo1",452.637314130426,3.17777654148402e-05,0.00686217671438114,0.899153851788542,0.999957787024215
"Rbm39",1138.58418825458,-3.80990851114162e-05,0.00685818652152194,0.911467655406242,0.999957787024215
"Phf20",180.393799475394,8.72674782809305e-06,0.0068646733334299,0.958897219347705,0.999957787024215
"Scand1",283.163064609666,9.48478154861373e-05,0.00686373931045566,0.641411132092487,0.999957787024215
"Norad",101.22070491189,-6.0280305799187e-05,0.00686553890555966,0.641869382049679,0.999957787024215
"Aar2",28.7010141399729,2.72005544539888e-05,0.00686640061458253,0.699663784217304,0.999957787024215
"Dlgap4",45.3793881012386,-3.39377546570924e-05,0.00686621181464688,0.696366593497801,0.999957787024215
"5430405H02Rik",20.584514936069,-7.08111569575454e-05,0.00686650898514971,0.230235817386996,0.999957787024215
"Rab5if",436.387782930859,0.000185295555413918,0.00686230490875369,0.453559105026534,0.999957787024215
"Sla2",135.768696580667,3.05809184748475e-06,0.00686513740928787,0.98366431164328,0.999957787024215
"Ndrg3",38.6959854310062,4.75281306238818e-05,0.00686628766478895,0.55619143662342,0.999957787024215
"Dsn1",40.6855522434682,2.4062627718223e-05,0.00686625246584282,0.773736371181881,0.999957787024215
"Samhd1",266.350918597015,-5.17012592971611e-05,0.00686387863544957,0.79492598342741,0.999957787024215
"Rbl1",144.745069729905,2.57227605496016e-05,0.00686504421628656,0.866982757972869,0.999957787024215
"Rpn2",300.954238316606,1.8098663624642e-05,0.00686353942467655,0.93140880178338,0.999957787024215
"Manbal",45.8960098533782,7.02373010245426e-05,0.00686619353965952,0.426877222994205,0.999957787024215
"Blcap",28.2746868085832,-1.39575225068937e-05,0.00686640122649765,0.84295014290407,0.999957787024215
"Ctnnbl1",119.621493309764,4.09336602894425e-05,0.00686534584028713,0.769121372713722,0.999957787024215
"Tti1",31.9939088208739,-5.39980437019092e-05,0.0068663552887758,0.470308354209928,0.999957787024215
"Rprd1b",132.356939967729,1.59736001489345e-05,0.00686517784082397,0.913754028782159,0.999957787024215
"Snhg17",37.140965673885,-3.89702666474951e-05,0.00686629972931026,0.624991740459098,0.999957787024215
"Ralgapb",78.6899301771085,-7.99935193153974e-05,0.00686580089327507,0.486332941573674,0.999957787024215
"Actr5",32.5495754284672,-6.23226206661155e-05,0.0068663587538133,0.402678702314159,0.999957787024215
"Ppp1r16b",177.086199243545,-0.000122417508196369,0.00686479047733533,0.456812357299904,0.999957787024215
"Fam83d",20.5078196712196,-3.01268195203753e-05,0.00686649807956699,0.617209893251643,0.999957787024215
"Dhx35",31.7888064026945,-5.67340554669647e-05,0.00686635847352866,0.446333825471734,0.999957787024215
"Top1",548.885306611216,-8.99741288067123e-05,0.00686145478885516,0.73870452115317,0.999957787024215
"Plcg1",37.9580454771089,4.98578806399919e-05,0.00686628221422753,0.53931821229398,0.999957787024215
"Chd6",88.3539298249665,-5.72926922957966e-05,0.00686569768730771,0.635620779031848,0.999957787024215
"Srsf6",420.452632837919,7.52378064065842e-05,0.00686243583547777,0.757405883737598,0.999957787024215
"Ift52",78.1292812779417,-4.79007197346504e-05,0.00686583329278231,0.671519683386613,0.999957787024215
"Mybl2",67.5052663092313,1.09792569587392e-05,0.0068659287398885,0.918273303420773,0.999957787024215
"Oser1",62.0477975346668,2.02307393728887e-05,0.00686598695589819,0.84458270606182,0.999957787024215
"Ttpal",38.7090007035075,-1.33703618727503e-05,0.00686627206187047,0.870595235205876,0.999957787024215
"Serinc3",247.321421576261,-0.000109467908626963,0.00686425606727112,0.555008432910456,0.999957787024215
"Pkig",53.5533062358126,-8.12818368684946e-06,0.00686609369493202,0.932411458665047,0.999957787024215
"Ada",57.8067389151423,-4.24000820015398e-05,0.00686605824246552,0.666368214435868,0.999957787024215
"Ywhab",577.248980057965,-0.000206755990550581,0.00686124352811475,0.452206915635674,0.999957787024215
"Tomm34",102.849405259066,3.3099519243105e-05,0.00686551691932102,0.80018055540575,0.999957787024215
"Stk4",293.612756526512,-4.82049838394361e-06,0.00686354519101654,0.981693721740566,0.999957787024215
"Sys1",193.822564344152,-7.40849268772179e-06,0.00686457086885489,0.965926207739457,0.999957787024215
"Pigt",66.1067228789823,5.41561312970511e-06,0.00686595340069018,0.959024377391621,0.999957787024215
"Dnttip1",73.112028883485,-6.59501138272428e-06,0.00686586087119816,0.952736154075039,0.999957787024215
"Ube2c",882.176955162856,7.80042656457871e-05,0.00686562058267189,0.533301790777224,0.999957787024215
"Acot8",40.2373495543611,-2.41512372417837e-05,0.00686625277761268,0.772858498906454,0.999957787024215
"Zswim1",14.6192486459496,1.59677371344546e-05,0.00686657211036676,0.754927007379162,0.999957787024215
"Ctsa",49.4129466112729,6.55768654828883e-05,0.00686614147780725,0.477662949822554,0.999957787024215
"Pcif1",92.6314273296356,1.05898316539803e-05,0.00686563218481787,0.932255504909803,0.999957787024215
"Zfp335",23.3740709192907,4.79317297322642e-06,0.00686646141507368,0.940593540018583,0.999957787024215
"Zfp335os",16.70317070523,3.09450296646315e-05,0.00686654639222912,0.570148670702358,0.999957787024215
"Ncoa5",47.5563040060542,-5.0196801882128e-05,0.00686616430230392,0.579716898076446,0.999957787024215
"Slc35c2",54.4723081223817,4.88301662287532e-05,0.00686608099389805,0.613743703114204,0.999957787024215
"Elmo2",101.926245381355,-2.14092389697372e-05,0.00686552765270304,0.869395062353787,0.999957787024215
"Trp53rka",16.4049819490898,-4.02325553521238e-05,0.00686655524253219,0.450944958372116,0.999957787024215
"Eya2",50.6990447382029,1.3743095303843e-05,0.00686616372125625,0.879543671147432,0.999957787024215
"Zmynd8",239.608208476347,-0.000218233524533721,0.00686406766280593,0.256409851369501,0.999957787024215
"Ncoa3",129.823650477638,-2.28997264830017e-05,0.00686532683814965,0.870425375261049,0.999957787024215
"Sulf2",17.7337692548547,3.17658075320619e-06,0.00686653640830074,0.954554056797101,0.999957787024215
"Prex1",112.018181821352,0.000120132588544449,0.0068654128524699,0.377478167583423,0.999957787024215
"Trp53rkb",19.0660266118275,6.48192696656332e-06,0.00686652357172465,0.909932783022414,0.999957787024215
"Arfgef2",44.1917322558182,-1.44700300710685e-05,0.00686621814499109,0.867097542411885,0.999957787024215
"Cse1l",201.715100391644,-3.11201872861921e-05,0.00686444163595359,0.861567417942729,0.999957787024215
"Stau1",63.3999733452557,-4.12121786794096e-05,0.00686601688257271,0.683805388415547,0.999957787024215
"Ddx27",405.901498607052,-3.98141977493991e-05,0.00686258230799329,0.8679272497955,0.999957787024215
"Znfx1",35.184135131839,1.0478130852203e-05,0.00686631661671873,0.893491742700376,0.999957787024215
"Zfas1",453.332897759637,-0.000148623150930228,0.00686218012313009,0.553226725782597,0.999957787024215
"B4galt5",174.372094011457,-3.14098905593508e-05,0.006864744249679,0.850308101038124,0.999957787024215
"Slc9a8",86.4197307884756,2.81437940861388e-05,0.00686570136449814,0.815635844886491,0.999957787024215
"Spata2",15.9958485105776,2.51752084413546e-05,0.00686655676447408,0.635892221522134,0.999957787024215
"Rnf114",82.8156796022927,-0.000124478961288683,0.00686574407369342,0.292498774602444,0.999957787024215
"Ube2v1",166.172834289174,7.63603234536262e-05,0.00686487344256582,0.635338992863641,0.999957787024215
"Peds1",93.6442258815058,2.6988174638938e-05,0.00686561723577299,0.829593056467387,0.999957787024215
"Cebpb",168.260412235945,6.79635714370117e-05,0.00686478702620519,0.679789096274733,0.999957787024215
"Ptpn1",280.323263323761,-2.11321820633148e-05,0.00686367596476741,0.918204822060888,0.999957787024215
"Adnp",164.908493725654,-4.64514262017561e-05,0.00686485602082931,0.773989559799844,0.999957787024215
"Dpm1",283.783526475526,1.25885887078512e-05,0.00686368838489786,0.951120602497962,0.999957787024215
"Mocs3",18.6765790634108,-2.27134194567725e-05,0.00686652337267461,0.691933677071581,0.999957787024215
"Nfatc2",107.81231460347,2.89366261127892e-05,0.00686550096192105,0.82596735482374,0.999957787024215
"Zfp64",66.0939985719678,-8.48011844049518e-06,0.0068659389091504,0.936443804163906,0.999957787024215
"Zfp217",67.8536195503577,-7.55781007988256e-05,0.00686591972994351,0.482337855201113,0.999957787024215
"Pfdn4",304.607686331138,0.000219942199203603,0.00686343882916995,0.302983680727119,0.999957787024215
"Fam210b",23.0073482755955,-1.05556561199441e-05,0.00686647034877015,0.867679060472365,0.999957787024215
"Aurka",143.714378853783,6.69640271244068e-05,0.00686534453301491,0.631255879179504,0.999957787024215
"Cstf1",61.9990537043614,-3.33915771383168e-05,0.00686599366969162,0.745202199009061,0.999957787024215
"Rtf2",482.588338555515,-9.35760795086876e-05,0.00686198970302991,0.714505652946184,0.999957787024215
"Rae1",196.187584582418,0.000123568304914944,0.00686453319034231,0.479898157663013,0.999957787024215
"Rbm38",106.259426874055,6.90167228802068e-05,0.00686547475029972,0.603714948795612,0.999957787024215
"Zbp1",91.0183754242678,8.11604135452403e-05,0.00686578219494194,0.484212647184955,0.999957787024215
"Ppp4r1l-ps",29.7537323408734,-2.60839676095477e-05,0.00686639769110264,0.712534854922823,0.999957787024215
"Rab22a",100.115052640889,-6.42466924426843e-05,0.00686554399264547,0.619385118094141,0.999957787024215
"Vapb",113.058802394039,3.05848336921795e-05,0.00686540276017672,0.822869232396884,0.999957787024215
"Stx16",123.1050777205,-8.92454797291806e-05,0.00686528377808874,0.531058732338099,0.999957787024215
"Npepl1",77.8479029567664,-3.79459217998726e-05,0.00686584593631668,0.735181049046654,0.999957787024215
"Gnasas1",25.7105459783666,-4.89687013069757e-05,0.00686644618664818,0.457590783162868,0.999957787024215
"Gnas",1014.96931788105,3.67904176883435e-05,0.00685876419219173,0.911484515557134,0.999957787024215
"Nelfcd",30.9432516359191,4.75085148448515e-06,0.00686638813712722,0.947180668252912,0.999957787024215
"Ctsz",83.625973852781,2.11077850253095e-06,0.00686576821465414,0.985586943888498,0.999957787024215
"Atp5e",1129.10736735873,-6.93440928325721e-05,0.00685809666224278,0.840445564192649,0.999957787024215
"Prelid3b",265.763919285499,0.00016236620672606,0.00686381394367278,0.419508350531152,0.999957787024215
"Gm14325",15.9726934207056,-2.15450583406085e-05,0.00686655621518598,0.685741228868964,0.999957787024215
"Gm14326",17.8199523563912,2.13201236380473e-05,0.0068665332843222,0.704037106549419,0.999957787024215
"Taf4",43.1715644337416,-5.07122865462165e-06,0.00686621591920011,0.953326915400393,0.999957787024215
"Psma7",1503.20030945224,0.000133936275033385,0.00685658897243463,0.719608459766612,0.999957787024215
"Mtg2",39.2017793705313,-6.07816820755333e-05,0.00686627512873778,0.457554346228615,0.999957787024215
"Osbpl2",23.8161731917396,-1.29529268720581e-05,0.0068664693640176,0.838274091692858,0.999957787024215
"Adrm1",167.483810718578,4.4962056212883e-05,0.00686481950217436,0.783062169047648,0.999957787024215
"Rps21",5158.81727548273,-0.00048333459798152,0.00685084760242251,0.299809848417999,0.999957787024215
"Cables2",24.5380481458315,-1.55487404014192e-05,0.00686646925434921,0.806488539829647,0.999957787024215
"Mrgbp",76.6476512006982,1.41909693284262e-06,0.00686581295688612,0.990084128254251,0.999957787024215
"Ogfr",97.6760035177842,-2.71505827291895e-05,0.00686557989006088,0.831268895797047,0.999957787024215
"Dido1",148.979619394215,0.000130165405369133,0.00686507795110754,0.391996185901628,0.999957787024215
"Gid8",133.544876010649,-8.78336916636876e-05,0.0068651735360376,0.552026782225622,0.999957787024215
"Slc17a9",63.7165683699558,2.07711917861844e-06,0.00686599026414552,0.983907560275269,0.999957787024215
"Ythdf1",118.098639566813,1.60609770626233e-05,0.00686535321482237,0.908072808378157,0.999957787024215
"Arfgap1",41.7958033481301,-2.43519088798323e-05,0.00686624116262613,0.773517063556841,0.999957787024215
"Ppdpf",148.61612347022,1.90609167309454e-05,0.00686504713350729,0.901141524572567,0.999957787024215
"Helz2",31.2885542430008,-2.25045748271162e-05,0.00686636429862837,0.760915198772247,0.999957787024215
"Gmeb2",59.6200033842322,-2.26809494683455e-05,0.00686603767293916,0.820164942531968,0.999957787024215
"Rtel1",35.6868784373194,-3.29895859873002e-05,0.00686631527530702,0.673827150279811,0.999957787024215
"Arfrp1",138.62833465106,4.00159706108361e-05,0.00686511762938395,0.790001495282176,0.999957787024215
"Zgpat",30.6790213871241,-2.83405498412407e-05,0.0068663702848276,0.699424402157995,0.999957787024215
"Tpd52l2",138.991483927824,-6.23269240235783e-05,0.00686510525936677,0.679431122497631,0.999957787024215
"Dnajc5",179.639234922814,-4.54953336554849e-05,0.00686471313337431,0.786178931517886,0.999957787024215
"Uckl1",24.3345407098158,6.01959478674497e-05,0.00686645313910787,0.355837223071174,0.999957787024215
"Prpf6",153.457341988766,-1.29177310184634e-05,0.00686494720139744,0.934776963381161,0.999957787024215
"Rgs19",107.340153097984,7.33134991006156e-05,0.00686546997052308,0.582071578559828,0.999957787024215
"Pcmtd2",32.2516192911571,-4.9210252787203e-05,0.0068663559828951,0.510201636046055,0.999957787024215
"Polr3k",376.113111279885,0.000380640960714002,0.00686280894902598,0.1021146441968,0.999957787024215
"Pex2",56.5662881639757,-1.83985680413404e-05,0.00686606342734156,0.851053230592142,0.999957787024215
"Mrps28",230.734060244922,0.00012309619828138,0.00686415055733044,0.515545623277198,0.999957787024215
"Tpd52",34.1186818559365,3.75502742165321e-05,0.00686634544547101,0.619819240515087,0.999957787024215
"Pag1",73.1509122424878,3.25081444860514e-05,0.00686586166951103,0.770065856795493,0.999957787024215
"Fabp5",913.311782936409,4.18155298648482e-05,0.00685951146646119,0.89444407200123,0.999957787024215
"Impa1",135.731325517339,3.46207793960978e-05,0.00686515010691846,0.815986120929831,0.999957787024215
"Zfand1",37.5909968154172,-1.72366757971655e-05,0.00686628675550591,0.831150805013851,0.999957787024215
"Lrrcc1",63.5736192251737,-2.35027988731059e-05,0.0068659753235922,0.821160135989746,0.999957787024215
"E2f5",25.2873618287569,-8.60061414349859e-06,0.00686643879925912,0.89738240464293,0.999957787024215
"Rbis",308.9317497626,5.66432760566135e-05,0.00686339999012252,0.79197789353353,0.999957787024215
"Ythdf3",159.076115738837,-2.37138122269478e-05,0.00686495146734928,0.880442672408786,0.999957787024215
"Armc1",205.051337304733,4.69182819541794e-05,0.0068644305784287,0.793106341876459,0.999957787024215
"Mtfr1",67.119625542697,-4.18948942758474e-05,0.00686593092968086,0.695019329730847,0.999957787024215
"Pde7a",185.127602671483,-0.000166929854416034,0.00686467179136026,0.324391639172792,0.999957787024215
"ENSMUSG00000121477",22.0401144683098,-7.24114288292912e-06,0.00686648781264751,0.906173213865956,0.999957787024215
"Hps3",39.5892593574782,-1.36052285030992e-05,0.00686627718071051,0.86765686841931,0.999957787024215
"Hltf",135.987767078765,6.59984602595332e-05,0.00686515719191781,0.656609349497266,0.999957787024215
"Gyg",87.382308266875,4.35431644834134e-05,0.00686568970886097,0.719762491231971,0.999957787024215
"Tbl1xr1",232.860995548609,-1.05682996207735e-05,0.00686415034868489,0.955483328738029,0.999957787024215
"Ect2",123.130107083294,6.80121975399225e-05,0.00686532117380863,0.628734499434463,0.999957787024215
"Nceh1",37.3391074157241,-4.99880747967623e-05,0.00686630662749837,0.527580744200503,0.999957787024215
"Tnfsf10",59.8380528670095,-8.19670485140564e-05,0.00686601945514828,0.417117188973085,0.999957787024215
"Fndc3b",35.2371625457963,-2.57016270330009e-05,0.00686634436004292,0.73451642215537,0.999957787024215
"Tnik",145.782675683108,3.90676805549729e-05,0.00686503772265224,0.799566702261895,0.999957787024215
"Rpl22l1",1271.08860088668,0.000750219559073361,0.0068575461016515,0.0346663805502944,0.999957787024215
"Mynn",34.9388804457991,-3.95413021653789e-07,0.00686632309978859,0.9959390904935,0.999957787024215
"Sec62",299.228866700429,-4.31908552909399e-05,0.00686355088824876,0.836970462358673,0.999957787024215
"Phc3",230.433193489353,7.71057370015568e-05,0.00686419425120699,0.681263454839121,0.999957787024215
"Prkci",20.5313007237788,1.90709668154646e-05,0.00686650028784968,0.750698248167189,0.999957787024215
"Skil",78.1958932585955,-0.000100282982922006,0.00686582229463906,0.377454452381892,0.999957787024215
"Zmat3",112.428326303319,-6.64872848090846e-05,0.00686541698104005,0.624702765111049,0.999957787024215
"Pik3ca",102.356928214898,-7.80834825156227e-05,0.00686551970478274,0.549989335412076,0.999957787024215
"Zfp639",102.500224913651,2.54583478921034e-05,0.00686556688064719,0.842493770589062,0.999957787024215
"Mfn1",35.1752642786354,-7.22307748748734e-05,0.00686632338972195,0.352352527043271,0.999957787024215
"Actl6a",252.751812692499,2.87006053661064e-05,0.00686393208967918,0.884203959773391,0.999957787024215
"Mrpl47",79.4028652739716,6.17721616334193e-05,0.00686578741884528,0.593442379071139,0.999957787024215
"Ndufb5",552.118029483891,0.000195563266978135,0.00686142505053961,0.469673066434509,0.999957787024215
"Ttc14",275.548248192002,1.64096097288009e-05,0.00686372753138702,0.935904022121053,0.999957787024215
"Fxr1",289.182333619185,6.22377414218248e-05,0.00686361179577379,0.764663649324134,0.999957787024215
"Dnajc19",369.22180048118,0.000137570324915915,0.00686296359701978,0.546713191909604,0.999957787024215
"Atp11b",401.852885344546,-3.81936568098318e-05,0.00686260218068358,0.87295722576819,0.999957787024215
"Dcun1d1",97.5787475139533,2.27181524110157e-05,0.00686557759522729,0.858631372584497,0.999957787024215
"Mccc1",19.1469588437098,-2.91724499877098e-05,0.00686651754869538,0.615085660441127,0.999957787024215
"Acad9",34.6430319963632,-2.96703662997754e-05,0.00686632339177678,0.702436589221107,0.999957787024215
"Anxa5",72.403484507213,2.42822297665387e-05,0.00686587496120626,0.825905852442051,0.999957787024215
"Exosc9",173.298830678138,8.12779588897998e-05,0.00686490399061881,0.610826331335121,0.999957787024215
"Ccna2",272.189020765897,0.000112311247277386,0.00686375735411362,0.580175912312668,0.999957787024215
"Bltp1",212.249916621974,1.53113690681508e-05,0.00686435935206023,0.932805460025356,0.999957787024215
"Bbs12",18.9015533185875,1.11635598344863e-05,0.00686651878008781,0.847033798494393,0.999957787024215
"Nudt6",17.9695361595171,1.53029995854318e-05,0.00686653853077524,0.782672903546419,0.999957787024215
"Spata5",269.095974608426,-0.000150865980373195,0.00686378789375163,0.455179378543924,0.999957787024215
"Hspa4l",33.4311847710433,4.86013963469323e-05,0.00686634170713992,0.522657308942301,0.999957787024215
"Plk4",170.859254094191,-1.17470077683605e-06,0.00686479833138379,0.994291516479964,0.999957787024215
"Mfsd8",22.1156917186935,-2.26467471015485e-05,0.00686649376131605,0.709383423717498,0.999957787024215
"Abhd18",48.829572752075,3.55498300320593e-05,0.00686614777908856,0.698829838201265,0.999957787024215
"Larp1b",110.76619293023,4.96467437525706e-05,0.00686546915316041,0.70946234595543,0.999957787024215
"Pgrmc2",127.803827827869,-7.88789114761583e-06,0.00686528270474924,0.955865225909083,0.999957787024215
"Jade1",73.212775457139,-3.90529670349561e-05,0.00686586464585982,0.725051191222496,0.999957787024215
"Sclt1",79.1638257738029,-4.69860952337986e-05,0.00686579560486343,0.683433075469277,0.999957787024215
"D3Ertd751e",24.4424239901555,-2.5842749035276e-05,0.00686644893505677,0.693781114272577,0.999957787024215
"Noct",73.1455680289767,6.44357224484606e-05,0.00686588528276465,0.557136914273489,0.999957787024215
"Elf2",140.977196269116,-8.42251241601949e-06,0.00686527427164496,0.953010712417238,0.999957787024215
"Ndufc1",652.126606010911,0.000324038484234463,0.00686074853471578,0.259006384717142,0.999957787024215
"Naa15",525.555517049067,-5.72680525778443e-05,0.00686164781862487,0.828772051554697,0.999957787024215
"Rab33b",17.5556179404422,6.47473359050072e-06,0.00686653497900048,0.907816084231565,0.999957787024215
"Setd7",115.427257520384,-8.95831978754201e-05,0.00686537116014721,0.516860590940163,0.999957787024215
"Mgst2",81.7963400677928,3.20204014264054e-06,0.00686657124572004,0.950200999189606,0.999957787024215
"Maml3",222.354926875382,0.000499900925376432,0.00686446665347498,0.00485715336576574,0.999957787024215
"Foxo1",106.21693424418,-3.66233959078129e-05,0.0068654704550117,0.783330234303445,0.999957787024215
"Cog6",36.2275514429541,2.17435758486953e-05,0.0068663030556967,0.784310782851844,0.999957787024215
"Nhlrc3",20.7792441219258,-2.45823172697995e-05,0.00686649635480035,0.684373992097758,0.999957787024215
"Proser1",42.1483459223107,1.07510598726308e-05,0.00686623398219406,0.899585837668413,0.999957787024215
"Ufm1",221.314755850156,0.000209081570429866,0.0068642466474944,0.260463143103432,0.999957787024215
"Supt20",166.823622948792,5.99748252862512e-05,0.00686481405415395,0.713805610456142,0.999957787024215
"Exosc8",490.215331743211,0.000138574274762111,0.00686191189724155,0.591014848467565,0.999957787024215
"Alg5",179.222021831446,8.01823536527951e-05,0.00686473635046705,0.630634599811063,0.999957787024215
"Rfxap",67.9029220727994,0.000159731914683214,0.0068659349975066,0.134019046585706,0.999957787024215
"Spg20",29.3147839075729,-1.19481768334781e-05,0.00686639625102397,0.866233834836536,0.999957787024215
"Commd2",158.390694148474,-9.72131783483858e-06,0.00686489547761247,0.951575908073659,0.999957787024215
"Rnf13",129.516858484325,-2.25159142733961e-05,0.00686522965359396,0.876647881104543,0.999957787024215
"Tsc22d2",81.3170738277264,-4.6690515242545e-05,0.00686577317010842,0.688715268897161,0.999957787024215
"Serp1",344.534573360182,7.2564458242705e-05,0.0068631243399632,0.745301802632144,0.999957787024215
"Eif2a",238.050731829827,4.13343726773287e-05,0.00686409099681811,0.829070336781424,0.999957787024215
"Selenot",212.351885487866,5.0591999604309e-05,0.00686433582687748,0.781592494177965,0.999957787024215
"Siah2",54.0363636511976,3.78738657223473e-05,0.00686608784675066,0.693973521406519,0.999957787024215
"Med12l",23.2083286618835,-1.68471171978119e-05,0.00686646711577337,0.791431989618618,0.999957787024215
"Gpr171",215.050802410842,0.000197340241712134,0.00686439461262031,0.273624343076912,0.999957787024215
"P2ry14",371.579110399563,-4.85691031222844e-05,0.00686614900630213,0.596720984183838,0.999957787024215
"Mbnl1",2276.76062007849,4.58102060313428e-05,0.00685446894032071,0.911030870689933,0.999957787024215
"Rap2b",63.4144327608383,2.99561515577314e-05,0.00686597990725247,0.772608606746568,0.999957787024215
"Dhx36",280.728704008791,6.45355662133766e-05,0.00686366372839957,0.754279149034475,0.999957787024215
"Slc33a1",78.6817463570983,-8.78089451571319e-08,0.0068658128244453,0.999386466237418,0.999957787024215
"Gmps",370.629316979361,-4.97862929544661e-05,0.00686291393635778,0.82843989209498,0.999957787024215
"Ssr3",429.76799825103,0.000435378901633172,0.00686237635323022,0.075847057075474,0.999957787024215
"Tiparp",87.4716666329158,-3.46026591695865e-05,0.00686577876812003,0.765909355632638,0.999957787024215
"Ccnl1",230.860708005162,2.0756115336755e-05,0.00686416100843957,0.912521098442158,0.999957787024215
"Rsrc1",298.099252809193,-7.94969296689865e-05,0.00686352916806023,0.705826525124424,0.999957787024215
"Gfm1",119.121671224602,2.04318595091832e-06,0.00686533467095385,0.988356276905727,0.999957787024215
"Mfsd1",64.9784391577358,1.41231231232969e-05,0.00686595592312843,0.893248132764997,0.999957787024215
"Ift80",26.5055420342557,-5.98793016117765e-06,0.00686643983689466,0.928338924436295,0.999957787024215
"Smc4",1032.4898129043,0.000207519640661496,0.00685870558262055,0.53212528827844,0.999957787024215
"Trim59",138.393163138596,-7.03246633417212e-05,0.00686511107111967,0.640438888315203,0.999957787024215
"Kpna4",348.391432497087,4.55969003431174e-05,0.00686306598774164,0.83952364376734,0.999957787024215
"Ppm1l",39.7755720491852,-8.93194330472041e-06,0.00686627366265917,0.913199802089,0.999957787024215
"Nmd3",213.188744580352,2.09369765453181e-05,0.00686436793479308,0.908048314179677,0.999957787024215
"Pdcd10",439.6641213316,0.000153224931331576,0.0068623149551592,0.534947139568963,0.999957787024215
"Golim4",115.296208437495,-2.14182728619151e-05,0.00686536954004996,0.876912024701596,0.999957787024215
"Rapgef2",142.596886598734,-3.08988028669105e-05,0.00686516214068872,0.834860861324136,0.999957787024215
"Fnip2",44.5332855209335,-3.13029214739071e-05,0.00686620617997079,0.720263277370973,0.999957787024215
"Ppid",379.760510212175,-0.000101499509408846,0.00686282206500576,0.662386976961315,0.999957787024215
"Etfdh",30.6039677210575,-1.13675082066409e-06,0.00686637119614279,0.987629661127947,0.999957787024215
"4930579G24Rik",19.299359810619,1.04189515950705e-06,0.00686651443618031,0.985762057963846,0.999957787024215
"Ctso",18.7913189082464,-1.7392253086763e-05,0.00686653061033327,0.758006099087975,0.999957787024215
"Plrg1",49.7122183846786,3.66334093579874e-05,0.00686613558187432,0.692992067318823,0.999957787024215
"Tmem131l",54.4550423110033,-4.49214329265346e-05,0.00686608247406178,0.642046966840955,0.999957787024215
"Mnd1",48.1611913010319,-8.15759340057321e-06,0.00686615964898965,0.928564445615694,0.999957787024215
"Arfip1",93.1187791519694,5.4396245010476e-05,0.0068657020904648,0.652127630826322,0.999957787024215
"Tmem154",45.2985493238323,2.91461364916687e-05,0.00686619108818896,0.742153645251347,0.999957787024215
"Fbxw7",232.990369987941,0.000149769109566104,0.00686414995625583,0.428926786842182,0.999957787024215
"Gatb",28.396014639834,8.01786401989226e-06,0.00686640631046479,0.908746983604846,0.999957787024215
"Rps3a1",8306.39573454638,-0.000237114348456706,0.00684963418723625,0.623840746052678,0.999957787024215
"Lrba",131.223078396782,2.64630826225511e-06,0.00686520176907311,0.98557543106643,0.999957787024215
"Dclk2",52.8600562329233,-4.76697518143718e-06,0.00686613376666962,0.959086895162714,0.999957787024215
"Etv3",75.7294161746448,-5.42418713328249e-05,0.00686583189982077,0.631339827582826,0.999957787024215
"Pear1",24.5423317847929,-4.72363727355427e-05,0.00686645115714118,0.470149955440033,0.999957787024215
"Sh2d2a",243.232725984985,-3.76217001962412e-05,0.00686405068949035,0.845363177368479,0.999957787024215
"Prcc",61.1280035410096,-6.73742431091761e-05,0.00686600388895666,0.509192058797044,0.999957787024215
"Hdgf",844.605191686766,-9.31227579952817e-05,0.0068595478472636,0.767057630799633,0.999957787024215
"Mrpl24",204.997973049482,-3.42201464567698e-05,0.00686440628320042,0.849068582281765,0.999957787024215
"Rrnad1",23.3504964675651,-9.84684556224328e-06,0.00686646449081205,0.877700009881495,0.999957787024215
"Isg20l2",145.622546217293,5.39992915958857e-05,0.00686510369454963,0.7204503790889,0.999957787024215
"Gpatch4",218.190945822315,-4.07068199512615e-05,0.00686427550781689,0.825595217669944,0.999957787024215
"Naxe",59.3360190374382,3.79330305345032e-05,0.00686601874773921,0.707408006715774,0.999957787024215
"Mef2d",99.1770743954431,9.47086464256834e-05,0.00686559966488431,0.453524877488749,0.999957787024215
"Tsacc",27.6879829692724,-7.52891238651623e-05,0.00686642132469942,0.271459673651131,0.999957787024215
"Cct3",730.818386972542,9.03838024487793e-05,0.00686023293099807,0.762513410123504,0.999957787024215
"Glmp",60.8418754917815,-7.40420490105543e-06,0.00686603225341925,0.941060411637087,0.999957787024215
"Smg5",83.6823167682662,-2.48359687026982e-05,0.00686573559519377,0.834325756012981,0.999957787024215
"Pmf1",121.895245690628,-0.000151929914229189,0.0068652970733665,0.284088688004252,0.999957787024215
"Slc25a44",31.0349405580366,-5.68324038516567e-05,0.00686638654256397,0.42905444527923,0.999957787024215
"Sema4a",98.3752216091296,-0.000201929285846448,0.00686562147762163,0.106674743709402,0.999957787024215
"Lmna",127.571855864432,-8.42591917435676e-05,0.00686546123178782,0.528430324534692,0.999957787024215
"Lamtor2",289.098853653032,-3.77089876579817e-05,0.0068635810870534,0.856757694358607,0.999957787024215
"Ubqln4",36.2640477680146,6.97582678383611e-06,0.00686630278955121,0.93004714372547,0.999957787024215
"Ssr2",464.053587957508,0.000306316575339846,0.00686216095758055,0.22265204456859,0.999957787024215
"Arhgef2",110.550914790739,2.22196653896524e-06,0.00686542604673429,0.986912106598036,0.999957787024215
"Khdc4",106.213661703984,-8.79545185422795e-05,0.00686547789534845,0.507776983581545,0.999957787024215
"Rit1",45.9434137630658,3.26952916476442e-05,0.00686620475334732,0.708733705817117,0.999957787024215
"Gon4l",107.077366826342,1.90680868292137e-05,0.00686550622603926,0.884558546814926,0.999957787024215
"Msto1",47.9313389214357,-2.49478280558828e-05,0.00686617051035357,0.782028399900052,0.999957787024215
"Dap3",111.889412690775,3.48508612723966e-05,0.00686541112557117,0.798052901440625,0.999957787024215
"Ash1l",242.347797596213,1.27105347263255e-05,0.00686419937077645,0.9459638646557,0.999957787024215
"Rusc1",29.5090255236728,7.24773540355978e-05,0.00686639236698506,0.309435927690501,0.999957787024215
"Fdps",435.557071314126,0.000468528149505657,0.00686275401205727,0.045683158619372,0.999957787024215
"Clk2",103.552362090319,-1.32238413238195e-05,0.00686549973211097,0.920000458755624,0.999957787024215
"Scamp3",136.010435450311,-3.18000127297985e-05,0.0068651466059185,0.830922372672185,0.999957787024215
"Entrep3",106.101298235722,3.52987160158729e-05,0.0068654974495525,0.788817272754789,0.999957787024215
"Gba",22.8320715648824,3.31356067656828e-07,0.00686646794229401,0.99584413326414,0.999957787024215
"Mtx1",132.42103937724,5.0949631255774e-05,0.00686519184674622,0.728601905034928,0.999957787024215
"Krtcap2",913.264880084688,-0.000211283963298884,0.00685918967576981,0.511788039536516,0.999957787024215
"Dpm3",232.030149163622,-2.19299380736981e-05,0.00686425856826578,0.905822520226882,0.999957787024215
"Slc50a1",79.0350245051918,-3.23154594124138e-05,0.00686578422075167,0.780380183663152,0.999957787024215
"Flad1",24.2309769170689,2.57566537149305e-06,0.00686646503127007,0.967862911032339,0.999957787024215
"Cks1b",603.590751604667,9.84929193987237e-05,0.00686148422958536,0.714240589099847,0.999957787024215
"Shc1",49.5427160173175,1.19030415958125e-06,0.00686615705004485,0.989585324152049,0.999957787024215
"Pygo2",20.5306487430951,-3.37649882890303e-05,0.00686650541449256,0.569970115323067,0.999957787024215
"Pbxip1",52.4755228234862,-1.28764555254757e-05,0.00686611110828422,0.891711505502581,0.999957787024215
"Pmvk",73.1368830120557,-2.76593786893536e-07,0.00686585880660297,0.998018868548629,0.999957787024215
"Adar",69.1324875161261,-8.78449898398157e-05,0.00686591490166528,0.41550281855193,0.999957787024215
"Ube2q1",192.831068200516,-1.06590060862233e-05,0.00686454432475581,0.95128559470275,0.999957787024215
"Atp8b2",84.4722127935835,-7.35585506116847e-05,0.00686573551967843,0.535618032742042,0.999957787024215
"Hax1",134.714440948138,5.42091968741723e-05,0.00686518284681899,0.71277460880675,0.999957787024215
"Ubap2l",419.513501359569,1.01410987562959e-06,0.00686247073582979,0.996664613735792,0.999957787024215
"4933434E20Rik",112.750347321278,7.08094585628188e-05,0.00686543069304364,0.60050723002573,0.999957787024215
"Tpm3",1207.17654475981,9.59259284661221e-06,0.00685774488609383,0.978218150409553,0.999957787024215
"Nup210l",27.9608982349884,2.52507092853861e-05,0.006866412620821,0.715701478871767,0.999957787024215
"Rps27",2922.57222018031,-0.000203161151926476,0.00685333059992306,0.635373164504014,0.999957787024215
"Jtb",167.793187256845,1.31436434977628e-06,0.00686479622167214,0.993616256750006,0.999957787024215
"Slc39a1",34.6565484657753,6.91128792431733e-05,0.00686632338843108,0.373525577172462,0.999957787024215
"Crtc2",21.5470097832893,-1.05646592191829e-05,0.00686649017815398,0.862879658757422,0.999957787024215
"Dennd4b",29.1013117777911,2.73959288004154e-07,0.00686639425550265,0.996926733666163,0.999957787024215
"Gatad2b",168.698346656005,-7.85464734770657e-05,0.00686478893978326,0.633181831097968,0.999957787024215
"Ints3",46.7854409834079,-1.02330992093612e-05,0.0068661774492856,0.909112616982835,0.999957787024215
"Ilf2",265.709381334038,-0.000154072445047214,0.00686381174749245,0.443822903563838,0.999957787024215
"Snapin",37.7078551161145,-3.44685212167549e-05,0.00686628960126854,0.668889706202861,0.999957787024215
"Chtop",166.275641823464,2.20402679764544e-06,0.00686480834691974,0.989262327062794,0.999957787024215
"S100a1",63.3551648038184,2.10684759302825e-05,0.0068659804949108,0.83889428775083,0.999957787024215
"S100a13",356.192962539725,2.86146056336349e-05,0.00686322285269201,0.896674493780192,0.999957787024215
"S100a4",764.832358545185,-0.00102301615830303,0.00686029789556279,0.000587390554279449,0.999957787024215
"S100a6",2929.59900591134,-0.000568780024905132,0.0068542519387849,0.169033975547607,0.999957787024215
"Flg",54.9737825190046,2.83076308733908e-05,0.00686607503637417,0.770795857980694,0.999957787024215
"S100a11",401.964258048564,-5.18582273562918e-05,0.00686276000444516,0.82482408957604,0.999957787024215
"S100a10",1631.98771516554,-0.000132423997416521,0.00685788804928639,0.703997750058658,0.999957787024215
"Them4",18.3781568370092,1.37056811691363e-05,0.00686652887830579,0.808863589937185,0.999957787024215
"Mrpl9",169.205817302132,-3.12012365395326e-05,0.00686477903151451,0.850009033477117,0.999957787024215
"Snx27",94.1193086626197,-3.74720360922075e-05,0.00686564313113064,0.762450521377819,0.999957787024215
"Pogz",48.1293979767864,-5.70702903438101e-05,0.00686616110147415,0.530034486040361,0.999957787024215
"Psmb4",739.424130184337,8.56080390047375e-05,0.0068604372548623,0.771211861238339,0.999957787024215
"Pi4kb",46.3276571137568,-2.57855863794369e-05,0.00686619642939474,0.769951765793967,0.999957787024215
"Zfp687",14.7899731949302,1.20899792860965e-05,0.00686656928139059,0.814512199873611,0.999957787024215
"Psmd4",455.483917205824,-0.000130151160789887,0.00686217005175161,0.603991425908809,0.999957787024215
"Pip5k1a",90.5003204076534,-2.50039970999027e-05,0.00686565942530433,0.83899778840531,0.999957787024215
"Vps72",66.6131796224882,1.94037563757576e-05,0.00686594922002016,0.854319480550668,0.999957787024215
"Scnm1",24.4315271735159,1.28913866480094e-05,0.00686645599531751,0.842532297497406,0.999957787024215
"Tnfaip8l2",45.8621914724374,1.386814815758e-05,0.00686618877412608,0.875853054958329,0.999957787024215
"Gabpb2",182.164187912007,-5.74490782182214e-05,0.00686465171026566,0.735712977705434,0.999957787024215
"Mllt11",46.8750007369857,-8.74145325217785e-06,0.00686617295102786,0.922611309940477,0.999957787024215
"Cdc42se1",302.031345519036,-7.24074896078429e-05,0.00686350694670606,0.731875997784104,0.999957787024215
"Prune1",18.0213881190927,3.02257226476772e-05,0.00686653151497269,0.591620543196961,0.999957787024215
"Cers2",130.61155644346,-1.3253366282182e-05,0.00686519886595099,0.927919633949472,0.999957787024215
"Setdb1",92.9381365811511,-5.05425742908101e-05,0.00686563844888233,0.684120352780722,0.999957787024215
"Arnt",54.2134435677633,-3.23226195729152e-05,0.00686608392453214,0.737756639194607,0.999957787024215
"Ctss",69.2120817245065,3.61898869565261e-05,0.00686591673021658,0.737012921009345,0.999957787024215
"Golph3l",41.2215445803847,-5.96155137434761e-05,0.00686624252908045,0.480543887077344,0.999957787024215
"Ensa",73.5518268637896,-1.50416768036122e-05,0.00686585688668914,0.892702002983844,0.999957787024215
"Mcl1",293.103957552201,6.43657518070024e-05,0.00686389307233943,0.745635173774449,0.999957787024215
"Tars2",43.1149276936033,-9.78144721621623e-05,0.00686623336701331,0.251226485034899,0.999957787024215
"Rprd2",124.475064407449,-6.68960183385166e-05,0.00686529557403946,0.637349092475775,0.999957787024215
"Prpf3",97.2405816688668,4.8694208978812e-05,0.00686557791616744,0.702589063815753,0.999957787024215
"Mrps21",380.576014295087,-6.25543938808122e-05,0.00686276271295647,0.789400662105586,0.999957787024215
"Aph1a",158.323859354928,4.72171942602617e-05,0.0068648998674034,0.767759182299594,0.999957787024215
"Anp32e",802.684457276544,-0.000100858589241932,0.00685979901983293,0.74400554857956,0.999957787024215
"Vps45",25.0813164644069,1.47313822101299e-05,0.00686644073137522,0.824653943165791,0.999957787024215
"Otud7b",60.9456367955392,-4.12137568734035e-05,0.00686600469028182,0.686210259705386,0.999957787024215
"Sf3b4",200.632918571143,0.00013559442891644,0.00686447521860161,0.44406678121758,0.999957787024215
"Bola1",109.923596305074,-3.88786075018431e-05,0.00686549076684617,0.768578097091191,0.999957787024215
"H2ac20",357.117884659533,-0.000151069347335299,0.00686312179390242,0.499016782051556,0.999957787024215
"H2ac18",99.5896768678033,3.64875118967761e-06,0.00686562065658356,0.976751856989295,0.999957787024215
"H2bc18",62.3267314926028,7.30760113707356e-05,0.0068660353748056,0.46460298899643,0.999957787024215
"Txnip",138.069965648896,-0.000133767863063243,0.00686512694792073,0.371983681959405,0.999957787024215
"Polr3gl",41.7121581196184,-4.32424565700766e-05,0.00686623515772303,0.611383743238027,0.999957787024215
"Rbm8a",729.149546746061,1.31938296114549e-05,0.00686073165410119,0.963394229182378,0.999957787024215
"Pex11b",19.9856454265705,-1.17081508582688e-05,0.00686650560629221,0.843778265149799,0.999957787024215
"Polr3c",102.980582848942,0.000103358646437414,0.00686552194354313,0.428368862364776,0.999957787024215
"Rnf115",153.481962536456,-1.82340267416714e-05,0.00686500790727975,0.906467191264644,0.999957787024215
"Cd160",448.886534161267,0.000149116532609097,0.00686246985930081,0.538808356241508,0.999957787024215
"Gpr89",106.060633151532,3.89889058840627e-05,0.00686549463605608,0.767596912281364,0.999957787024215
"Acp6",17.517060599436,1.76407956088195e-05,0.00686653512630648,0.752314669829462,0.999957787024215
"Chd1l",84.4695708087144,-9.13773945619477e-06,0.00686574223357699,0.938461597007515,0.999957787024215
"Pde4dip",43.1991782861797,6.399776288162e-05,0.00686621781730691,0.459352461309315,0.999957787024215
"Sec22b",129.045431646011,6.91529609782811e-05,0.00686521735580178,0.634910727225339,0.999957787024215
"Notch2",97.9903614961932,8.21016857052695e-05,0.00686565980695577,0.504611779641015,0.999957787024215
"Phgdh",242.070799006403,-3.17071182432247e-05,0.00686407034813419,0.868964330110483,0.999957787024215
"Wars2",55.530251946364,1.49902043254437e-05,0.00686606826249658,0.877987619734742,0.999957787024215
"Wdr3",276.814680836833,1.33311522485219e-05,0.00686375074334376,0.947709580873786,0.999957787024215
"Gdap2",40.5657474205707,3.50569709316934e-05,0.00686625245650601,0.675330597059017,0.999957787024215
"Man1a2",179.720793999427,4.73199599008655e-05,0.00686471174626318,0.77789738872334,0.999957787024215
"Ttf2",52.8844120237495,8.82590293110789e-06,0.006866097963456,0.926390931385797,0.999957787024215
"Cd2",173.606206278304,1.6100138088556e-05,0.00686476517350944,0.92253410330683,0.999957787024215
"Atp1a1",197.743720456889,-5.46559571690266e-05,0.00686448993377906,0.75694560224397,0.999957787024215
"Sike1",77.8679392046903,7.15895755857695e-05,0.00686580425615655,0.532556336545857,0.999957787024215
"Csde1",540.434199488521,1.22755718996155e-06,0.00686153808338825,0.996340035647378,0.999957787024215
"Nras",210.637400030961,2.80805897484799e-05,0.00686441374392657,0.875709118107582,0.999957787024215
"Dennd2c",21.2204969026801,1.31434393233684e-05,0.00686649112289477,0.829579716131976,0.999957787024215
"Bcas2",429.967608967031,-0.000132506235489968,0.00686235956233875,0.589693679625818,0.999957787024215
"Trim33",182.65137818258,6.16848241779274e-05,0.00686467705342421,0.715397930727123,0.999957787024215
"Hipk1",121.041249293749,-6.37502511926512e-05,0.00686533725940328,0.64856348556661,0.999957787024215
"Dclre1b",26.0957098878219,-2.18507087992013e-06,0.00686644063251483,0.973787111249019,0.999957787024215
"Ap4b1",16.3062029922151,2.97713496744601e-05,0.00686655154055393,0.580320835887726,0.999957787024215
"Ptpn22",362.969170111821,-4.92912989468044e-05,0.00686328563464887,0.821427216313862,0.999957787024215
"Gm15472",15.1521329089054,2.35936601249414e-05,0.00686656555563658,0.6501935515197,0.999957787024215
"Rsbn1",117.841348513693,2.73431516137774e-05,0.00686537076489146,0.843188025734135,0.999957787024215
"Phtf1",85.9306761615362,-1.61619244264831e-05,0.00686572953007134,0.892051962611168,0.999957787024215
"Magi3",44.6834746328146,4.40641630488179e-05,0.00686621126266952,0.612566245983691,0.999957787024215
"Lrig2",31.7941147122646,-2.98778389486323e-05,0.00686635820974232,0.688479407108473,0.999957787024215
"Slc16a1",160.404462146773,1.39660004050164e-06,0.00686487762883334,0.993072040762925,0.999957787024215
"Ppm1j",37.5312160973772,3.92853794658401e-05,0.00686629106017961,0.625414341783077,0.999957787024215
"Mov10",50.0985226960058,-7.32993885312633e-05,0.00686619261336956,0.40738048521769,0.999957787024215
"Capza1",873.923969690506,6.01142368066492e-05,0.00685943517050999,0.849502818861748,0.999957787024215
"St7l",44.953537626928,-7.29611002412807e-05,0.00686620381833969,0.404893574970054,0.999957787024215
"Ddx20",65.3835322334852,-3.35410105934118e-05,0.00686603356559733,0.737447065766087,0.999957787024215
"Inka2",20.9085007669504,-2.2861213147942e-05,0.0068664957860359,0.705699583234832,0.999957787024215
"Rap1a",534.615796151386,0.000188921476543128,0.00686159558791882,0.477786952816989,0.999957787024215
"Atp5pb",1596.2843879262,0.000295292299708967,0.00685634545302463,0.434105774702623,0.999957787024215
"Wdr77",120.836100203642,-2.67301533399932e-05,0.00686531204279908,0.849755868963632,0.999957787024215
"2010016I18Rik",21.3219889114937,4.78107489415879e-05,0.00686649770393854,0.427996196147365,0.999957787024215
"Dennd2d",182.011868614226,-6.58283219918156e-05,0.00686482703445207,0.686292959566239,0.999957787024215
"Cept1",98.6746793847465,-5.56092304038591e-05,0.00686557298543779,0.663455946319059,0.999957787024215
"Dram2",47.2289056744999,3.64850145451469e-05,0.00686623883405934,0.667049667213287,0.999957787024215
"Lrif1",100.625480632513,5.20904195077135e-05,0.00686556404346965,0.684677135383356,0.999957787024215
"Cd53",480.972649964497,0.000268489287052781,0.00686201354921315,0.292699986346948,0.999957787024215
"AI504432",69.4555555921,-3.86859250616417e-05,0.00686590328646772,0.721724685719062,0.999957787024215
"Lamtor5",194.949812737422,7.018754160967e-06,0.00686450931823937,0.968161079803121,0.999957787024215
"Rbm15",80.3969782112139,2.06862159123598e-05,0.00686577183241722,0.859221301574005,0.999957787024215
"Strip1",22.7132455920963,-7.07069624852674e-05,0.00686647706695842,0.258869990858305,0.999957787024215
"Ahcyl1",115.986263914028,1.26402738815634e-05,0.00686539146059015,0.926590981845251,0.999957787024215
"Ampd2",32.6493324393317,2.67852448415365e-05,0.00686634916832232,0.722237185353023,0.999957787024215
"Gnai3",265.213314741492,-4.34018859595854e-05,0.00686383914378258,0.828427746604826,0.999957787024215
"Psma5",988.745638110761,0.000318580853655152,0.00685920552010463,0.322048825519971,0.999957787024215
"Psrc1",86.7838697939583,-4.22811634040104e-05,0.00686576776153011,0.717516150462675,0.999957787024215
"Sars",345.347055977297,-0.000160914566889185,0.00686309764824696,0.472928543459019,0.999957787024215
"Taf13",52.5264318368913,2.91676988802018e-05,0.00686611788573616,0.756562953520393,0.999957787024215
"Wdr47",16.1728709872275,-1.909376661712e-05,0.00686655446609375,0.721021639963961,0.999957787024215
"Clcc1",72.4187933591807,-1.43704158727441e-06,0.00686586318782567,0.989682289585173,0.999957787024215
"Gpsm2",28.8925427041338,7.85213462600437e-06,0.00686639952630927,0.911460411754389,0.999957787024215
"Stxbp3",45.9249042340927,-5.84766400171578e-05,0.00686618304093843,0.512152786109568,0.999957787024215
"Prpf38b",420.189521455021,-0.000117160831691169,0.00686247521966456,0.628950205699744,0.999957787024215
"Eeig2",50.0906873920174,2.17901944215308e-05,0.00686617171928812,0.808853897430216,0.999957787024215
"Slc25a24",60.0219786353932,-2.54428329828375e-05,0.00686601404747577,0.801844875184429,0.999957787024215
"Vav3",255.108580151879,-0.000100017177276013,0.00686421649436686,0.592575121389749,0.999957787024215
"Prmt6",28.2936156994098,4.13304112503294e-05,0.00686640194898235,0.557032163461612,0.999957787024215
"Rnpc3",106.004752448612,-0.00011547463657606,0.00686553925937521,0.372896017538278,0.999957787024215
"A930005H10Rik",26.1765380078597,3.48713893938963e-05,0.00686642743740064,0.607273122017951,0.999957787024215
"Dph5",71.0578391878139,7.75434487644959e-05,0.00686590339919961,0.475266704694935,0.999957787024215
"Slc30a7",90.5992278715138,5.42154291620337e-05,0.00686566864846966,0.658205560981382,0.999957787024215
"Cdc14a",131.446622987462,-7.54819526184274e-05,0.0068652264608996,0.603191774629918,0.999957787024215
"Rtca",72.1934571820665,-2.55805759763432e-05,0.00686587598074289,0.81665500277844,0.999957787024215
"Dbt",63.4368531835383,2.37531461593672e-05,0.00686598117556403,0.818624481451298,0.999957787024215
"Trmt13",51.5753564285773,1.64115710402986e-05,0.00686611668406505,0.861659851127633,0.999957787024215
"Sass6",114.483354888626,-6.39005978192971e-05,0.00686541193460282,0.638865652640691,0.999957787024215
"Mfsd14a",80.4982016419469,-9.42796260118468e-06,0.00686579076413911,0.934949338744055,0.999957787024215
"Slc35a3",90.0398936463923,0.000142146455138228,0.00686566847186832,0.246127779625663,0.999957787024215
"Agl",41.0854771913615,-7.87027254874159e-06,0.00686625447744566,0.924936875968542,0.999957787024215
"Frrs1",66.5036438647593,-9.40634527527178e-06,0.00686598325771433,0.927547668062233,0.999957787024215
"Ptbp2",91.7831450323363,-5.40832174983909e-05,0.00686567845265034,0.657546421619338,0.999957787024215
"Alg14",27.2523178441564,7.55103807781372e-06,0.00686641408933945,0.913088788929908,0.999957787024215
"Abcd3",31.5527952597833,1.99419221740141e-05,0.00686636437008288,0.787426196810277,0.999957787024215
"Gclm",145.793422567406,-7.30995848031506e-05,0.00686505151839484,0.633363894936407,0.999957787024215
"Dnttip2",345.973621174291,6.07893671632407e-06,0.00686311183993442,0.978327117158692,0.999957787024215
"1810037I17Rik",743.093478677128,0.000115239420116545,0.00686032246995543,0.698056814865933,0.999957787024215
"Usp53",26.2321500220798,1.48370039417411e-05,0.00686643644353606,0.824562599338853,0.999957787024215
"Sec24d",52.3001526582971,-2.13115855148922e-05,0.00686610909222007,0.822000102567075,0.999957787024215
"Mettl14",65.5237792602445,6.05215103864385e-05,0.00686602890646535,0.546523371898232,0.999957787024215
"Snhg8",240.36083065872,-0.000174297003148682,0.00686409704286628,0.362082771331165,0.999957787024215
"Camk2d",120.855577814739,-3.50289135787275e-05,0.00686534471024667,0.801749978973755,0.999957787024215
"Larp7",144.501747608135,-7.19328375008634e-05,0.00686507320809944,0.636651513752547,0.999957787024215
"Zgrf1",88.9251379033577,-1.89460036071546e-05,0.00686567933978414,0.876539080255547,0.999957787024215
"Ap1ar",81.939413677106,-3.14719911921836e-05,0.00686575854938447,0.788658061981974,0.999957787024215
"Fam241a",37.954332094393,4.72156055834462e-05,0.00686628068881133,0.561649992364597,0.999957787024215
"Elovl6",284.585057861181,0.000125514848655807,0.00686364684838899,0.543780296894473,0.999957787024215
"Gar1",375.650461590736,-5.34363447244808e-05,0.00686280684979085,0.818538592166619,0.999957787024215
"Pla2g12a",141.032529103196,4.87572560151472e-05,0.00686508518913038,0.747959202288458,0.999957787024215
"Mcub",12.5791922372454,1.76291369144132e-05,0.00686659804038778,0.710804630091342,0.999957787024215
"Sec24b",82.0399383999174,-0.000124286936711659,0.00686575841555675,0.28982409231151,0.999957787024215
"Ostc",902.822970922178,0.000428563359916371,0.00685932959944846,0.179219831994535,0.999957787024215
"Rpl34",6453.33580546527,-0.000194547244671068,0.00685009805621327,0.683345881324224,0.999957787024215
"Lef1",367.901232047935,0.000131390992777413,0.00686292686262993,0.566738123143951,0.999957787024215
"Hadh",116.470337100825,-9.56518978653434e-05,0.00686535787301466,0.490934016500388,0.999957787024215
"Papss1",24.1362489803255,-4.90566046585075e-05,0.00686645325877103,0.451684958299299,0.999957787024215
"Aimp1",407.269497269226,-1.81582979213908e-05,0.00686279397246151,0.937959371945825,0.999957787024215
"Tbck",66.4077404736341,-3.59613490361921e-06,0.00686595561100341,0.972747007874548,0.999957787024215
"Gstcd",110.419597129769,1.73219679500681e-06,0.00686543580126255,0.98975936740267,0.999957787024215
"Ints12",43.0773484065869,6.97098365511132e-05,0.00686622337955459,0.417883350745528,0.999957787024215
"Ppa2",92.3373247014459,5.3162012312251e-06,0.00686563948477483,0.965850630385332,0.999957787024215
"Tet2",150.559551460635,-7.96931982939171e-05,0.00686498942628431,0.609461070695115,0.999957787024215
"Cenpe",491.564115792981,0.000365780615064726,0.00686245512133063,0.132306992376128,0.999957787024215
"Cisd2",289.22801593684,5.01108985891597e-05,0.00686372234612536,0.806169583229658,0.999957787024215
"Ube2d3",728.312559367827,8.5978199565108e-05,0.00686035405594878,0.77170155279314,0.999957787024215
"Manba",41.8385508736217,-9.34283288150799e-05,0.00686627568420005,0.253228964015282,0.999957787024215
"Nfkb1",520.730407205485,-3.2975881182189e-06,0.00686240446278022,0.989237245086733,0.999957787024215
"Slc39a8",36.4853553124038,-3.53991681510611e-06,0.00686629977647398,0.96458397802517,0.999957787024215
"Ppp3ca",293.987023508708,-9.7640554588069e-06,0.00686374453173461,0.961727891421417,0.999957787024215
"H2az1",3071.74235947693,0.000241348662752469,0.00685352299666882,0.570465817854271,0.999957787024215
"Lamtor3",61.574181228731,2.06822256232931e-05,0.0068659915551345,0.840693428537256,0.999957787024215
"Dapp1",92.5688294478122,2.7818731006175e-05,0.00686563011739469,0.823454142006967,0.999957787024215
"Trmt10a",48.1330432069083,9.57449223277317e-06,0.00686616054913975,0.916136714160771,0.999957787024215
"Adh5",262.273375901285,-6.52138470481501e-05,0.00686383591231663,0.744838673782675,0.999957787024215
"Metap1",71.708467202412,1.65233688063575e-05,0.00686587364086515,0.881109957776461,0.999957787024215
"Eif4e",367.371186318809,4.87016084572669e-05,0.00686302371663586,0.829715203430477,0.999957787024215
"Tspan5",71.7623334506954,2.86679421656337e-05,0.00686587377070833,0.795242849372054,0.999957787024215
"Rap1gds1",233.819045260417,0.00019842837135392,0.00686413276186191,0.296206601028572,0.999957787024215
"Pdlim5",41.2901601923779,-2.85844048357214e-05,0.00686628122202878,0.7251644924482,0.999957787024215
"Gbp7",284.160072558604,-1.56903432728926e-05,0.00686418612101731,0.933493673096031,0.999957787024215
"Gbp3",52.1902550339401,2.41055657508417e-05,0.00686611866686032,0.797679216754816,0.999957787024215
"Gbp2b",97.3345749384381,4.05141387557981e-05,0.00686559064364173,0.749419662302985,0.999957787024215
"Gbp2",77.9256901933872,9.86353817687612e-05,0.00686583920050351,0.381028381944296,0.999957787024215
"Kyat3",29.7913467357091,-1.47293105667183e-05,0.00686638093458545,0.838787752357947,0.999957787024215
"Gtf2b",162.870601593309,5.86537940697197e-05,0.00686489542559682,0.714068033884272,0.999957787024215
"Pkn2",269.219749772701,4.53830639163961e-05,0.006863794018174,0.822069509048215,0.999957787024215
"Lmo4",43.0006423184405,4.1937433008697e-05,0.00686625320159118,0.616079833389558,0.999957787024215
"Hs2st1",86.9668166016114,3.85995268531108e-06,0.00686573085168638,0.974127595201595,0.999957787024215
"Selenof",493.26695166415,0.000157607819526503,0.00686225769724631,0.525977824636185,0.999957787024215
"Sh3glb1",556.721684728074,5.47558624017612e-05,0.00686145877517038,0.839074391581064,0.999957787024215
"Odf2l",49.2614418632962,2.5801215231945e-06,0.00686615067807351,0.977545123504887,0.999957787024215
"Znhit6",130.774155574397,-2.92872492909914e-05,0.00686521071978045,0.840960153817204,0.999957787024215
"Bcl10",82.9120025211999,-2.86390122565885e-06,0.00686573908302532,0.980725401549399,0.999957787024215
"2410004B18Rik",79.1780418578774,-2.45759742682284e-05,0.00686580040498043,0.830686579597831,0.999957787024215
"Mcoln2",25.5069236072095,1.78144361222977e-05,0.00686643917478611,0.789247695797379,0.999957787024215
"Ssx2ip",23.6840527110031,-2.83685974077888e-06,0.00686645743872791,0.965048637206393,0.999957787024215
"Ctbs",14.9660994526475,3.28386903520731e-06,0.00686656701177516,0.949484917559216,0.999957787024215
"Spata1",17.639693298795,3.75511812624588e-06,0.00686653835966329,0.946055969410697,0.999957787024215
"Gng5",783.594830534102,1.68638255904117e-05,0.00686014600588572,0.955333471669798,0.999957787024215
"Rpf1",175.45984200693,-7.95401940862686e-05,0.00686472408353053,0.634397311580792,0.999957787024215
"Prkacb",153.634202858346,-1.52847729431791e-05,0.00686499325959471,0.921866211316581,0.999957787024215
"Ifi44",49.113130624316,-1.40412566312987e-05,0.00686627774648406,0.863377625640738,0.999957787024215
"Dnajb4",13.0595258880134,-5.61625369350017e-06,0.00686659189124188,0.907672438710363,0.999957787024215
"Fubp1",720.530301598748,4.83540244991363e-06,0.00686029502153625,0.987040113124946,0.999957787024215
"Miga1",48.7670682694182,2.80593988346575e-05,0.00686617473780278,0.754811653495463,0.999957787024215
"Usp33",23.8196540109348,-2.58611687687221e-05,0.0068664697208646,0.683459266803428,0.999957787024215
"Zzz3",137.715407934576,1.3977963725399e-05,0.0068651322029024,0.925555008267138,0.999957787024215
"Pigk",118.092807672926,-1.97622316629274e-05,0.00686534817862663,0.887216875733625,0.999957787024215
"St6galnac3",24.3031667474238,-2.17248823038651e-05,0.00686645299865049,0.73901699098977,0.999957787024215
"Rabggtb",161.555005701009,-2.35533210257962e-06,0.00686489708197703,0.988255724814353,0.999957787024215
"Acadm",88.7665216399583,-5.23989927998616e-05,0.00686568777201954,0.666210042843512,0.999957787024215
"Zranb2",437.639095280227,-9.39929945552517e-05,0.00686229557076255,0.704100103931036,0.999957787024215
"Ptger3",52.4666977354703,-6.99323692950971e-06,0.00686610809562039,0.941195730426046,0.999957787024215
"Ankrd13c",85.2366952573817,-2.05648510165714e-05,0.00686572295336178,0.863333891372753,0.999957787024215
"Srsf11",675.716814339,5.67595870167772e-05,0.00686069919705787,0.84389811056466,0.999957787024215
"Lrrc40",52.953225202063,-1.09395759436739e-06,0.00686609847700059,0.990859953421172,0.999957787024215
"Depdc1a",87.1557605655096,-2.87699115441917e-05,0.00686569727561235,0.811965463806574,0.999957787024215
"Wls",32.8821528217937,3.3958409793138e-05,0.0068663525334943,0.650900692399554,0.999957787024215
"Tmem68",36.1521717588909,-3.10708238861087e-06,0.00686630554953698,0.968716475233943,0.999957787024215
"Tgs1",174.638116698117,-7.40168471225685e-05,0.00686472558651096,0.657991828770038,0.999957787024215
"Lyn",40.0019086676954,2.09350411608622e-05,0.00686626757702879,0.799563825392654,0.999957787024215
"Rps20",9993.96726590589,-0.000252227543045305,0.00684842937605538,0.614015078922888,0.999957787024215
"Chchd7",87.4898763525151,-2.07304076897081e-05,0.00686571793627962,0.862572365741706,0.999957787024215
"Gm11808",76.0580835256757,-5.19303238150572e-05,0.00686582430801878,0.64728896614249,0.999957787024215
"Bpnt2",80.5145351645233,3.88130074770761e-06,0.00686581307236217,0.972882473318083,0.999957787024215
"Ubxn2b",31.9145822838334,2.30715616011524e-05,0.00686635672739599,0.757304099881936,0.999957787024215
"Sdcbp",178.164275518475,2.54790889458435e-05,0.00686473839043842,0.878501790722605,0.999957787024215
"Nsmaf",109.215503594618,1.39351219621499e-06,0.00686549853645311,0.991559721643594,0.999957787024215
"Tox",74.5704600580942,0.000131085139277748,0.00686596699141956,0.209777469913981,0.999957787024215
"Rab2a",582.092797710669,-0.000183629759483966,0.00686120375147526,0.505878845947246,0.999957787024215
"Chd7",238.294205586802,-0.000128893956846341,0.00686412774081538,0.4978345687469,0.999957787024215
"Cfap418",29.2516984559926,4.27220201983446e-05,0.00686639125705587,0.549687573622366,0.999957787024215
"Plekhf2",45.0180204943516,-1.18090373626259e-05,0.00686620848510728,0.892314134539787,0.999957787024215
"Ndufaf6",79.9619192462843,8.95025953353719e-06,0.00686577434926768,0.938752452920447,0.999957787024215
"Trp53inp1",73.0176278714789,-0.000140582799890249,0.00686594434865854,0.184735690658037,0.999957787024215
"Ccne2",85.0319537990896,3.76418807861968e-06,0.00686590267617365,0.972365210945255,0.999957787024215
"Ints8",111.156419013891,-2.63564239094731e-05,0.00686542711940773,0.845660648511271,0.999957787024215
"Dpy19l4",40.2274997957365,-7.00369825727048e-05,0.00686626323050742,0.397696077937561,0.999957787024215
"Virma",196.830341278468,0.000112500646468943,0.0068644947401935,0.523656571879879,0.999957787024215
"Rad54b",51.1820446030528,-1.02745717634567e-05,0.00686616342522684,0.909815177582554,0.999957787024215
"Gem",249.114551588009,1.96168811277476e-05,0.0068659104796437,0.856085390153112,0.999957787024215
"Cibar1",124.527313286163,3.95499708362489e-06,0.00686533735356142,0.97744224930473,0.999957787024215
"Otud6b",85.0862511945738,1.55924547615861e-05,0.00686572226983429,0.896195351621116,0.999957787024215
"Pip4p2",43.9525312591986,1.02389336799921e-05,0.00686622957255823,0.904739977347436,0.999957787024215
"Tmem64",24.4664285717221,-2.72603023449976e-05,0.00686645212213093,0.676347953254889,0.999957787024215
"Decr1",29.214456751082,4.14814841447724e-05,0.00686640714983622,0.552714763768882,0.999957787024215
"Nbn",99.058248422657,2.74437539430178e-05,0.00686556822742339,0.830296263323397,0.999957787024215
"Osgin2",27.2361127179466,1.97467900821245e-05,0.00686641590860168,0.774748324571017,0.999957787024215
"Ripk2",44.4019678046536,-9.46364536825791e-05,0.00686623682585698,0.265390216858245,0.999957787024215
"Cpne3",82.2291043252772,1.2155327563604e-05,0.00686575784152301,0.917571678225025,0.999957787024215
"Rmdn1",65.253472824004,3.62513128435003e-05,0.00686595318816329,0.730943250945193,0.999957787024215
"Wwp1",170.344391790451,0.000106520000061953,0.00686482426617449,0.513698962349893,0.999957787024215
"Ccnc",97.4175467056006,2.75567487780215e-05,0.00686558425504558,0.828471781169387,0.999957787024215
"Tstd3",61.8160125354916,3.3948674263274e-05,0.00686602587729876,0.735712872100904,0.999957787024215
"Usp45",32.4980028149597,6.63955379172282e-06,0.00686636602219969,0.928313683360969,0.999957787024215
"Pnisr",281.858651771536,-4.08226097572693e-05,0.00686368576766751,0.842497790347168,0.999957787024215
"Coq3",37.9427365698317,2.70300108250308e-05,0.00686628076564771,0.739670431270836,0.999957787024215
"Mms22l",157.081906058713,2.61164076512435e-05,0.00686519494654309,0.858693063513338,0.999957787024215
"Ndufaf4",265.747926093575,5.3511854979383e-05,0.00686396291873975,0.784824843000103,0.999957787024215
"Ufl1",133.959538758143,0.000111418437148546,0.00686516511008013,0.451793627424633,0.999957787024215
"Manea",35.1166483022991,-3.27059777247012e-05,0.00686632478886899,0.673177659721277,0.999957787024215
"Map3k7",169.545925517425,-5.50313788303284e-05,0.00686480142136376,0.737296523931958,0.999957787024215
"Bach2",55.9842299408735,-6.59591298417015e-05,0.00686606047041182,0.501738624808834,0.999957787024215
"Casp8ap2",245.097402533182,-3.37798203584976e-05,0.00686408161761283,0.860194019515939,0.999957787024215
"Mdn1",286.420889660218,-0.000109810448823773,0.0068636801625986,0.59333836822906,0.999957787024215
"Lyrm2",31.3539333846665,5.41005453333138e-05,0.00686636920955387,0.461711657939332,0.999957787024215
"Ube2j1",76.7101664513426,3.15635704325388e-05,0.00686581642480905,0.78183376607564,0.999957787024215
"Pnrc1",124.910589461471,-7.6864331596589e-05,0.00686528370158803,0.589557984186072,0.999957787024215
"Rngtt",237.429546009473,4.07498654195226e-05,0.00686409152821837,0.831434406893532,0.999957787024215
"Akirin2",164.589397008417,0.000109374693145129,0.00686493954331375,0.489280920170007,0.999957787024215
"Orc3",158.743656084508,-1.66022434373893e-06,0.00686489001246417,0.99173718534035,0.999957787024215
"Rars2",109.193792592518,2.92173341898424e-05,0.00686543639662905,0.828566350874254,0.999957787024215
"Slc35a1",36.7182583260447,-4.19927197653778e-05,0.00686633046682011,0.585683341976073,0.999957787024215
"Smim8",48.8131817342731,-2.45127347417372e-05,0.0068661574040688,0.78801236016975,0.999957787024215
"Zfp292",314.140867396582,-3.04055175537476e-05,0.00686335564234546,0.888145470399089,0.999957787024215
"Mob3b",44.7372016614343,-4.96094649172557e-05,0.00686620282147407,0.571509243988806,0.999957787024215
"Aco1",43.825171219193,-6.15503211558861e-05,0.00686622152475334,0.475196020774598,0.999957787024215
"Rigi",132.21426014184,-0.000196356917040598,0.00686528623047375,0.167795709724063,0.999957787024215
"Topors",115.709986585474,5.54938923798385e-05,0.00686536523756014,0.688653690224999,0.999957787024215
"Smim27",25.301878628946,-1.23140029548579e-05,0.00686644301603026,0.852549925993372,0.999957787024215
"Ndufb6",417.042475028362,0.00022919559619448,0.00686246484268942,0.345103987780317,0.999957787024215
"Aptx",35.9839850276254,-5.54343688126829e-05,0.00686632874453078,0.472660451384414,0.999957787024215
"Dnaja1",976.06335658009,-4.50682869872842e-05,0.00685883496214348,0.891201969744768,0.999957787024215
"Smu1",200.927954284257,-2.2341904652844e-05,0.00686445668765137,0.90004976533699,0.999957787024215
"B4galt1",151.882719879469,-0.000181035314280324,0.00686498258108185,0.246771826990935,0.999957787024215
"Bag1",455.098727143056,-9.08159261345663e-05,0.00686218862633323,0.716869273255201,0.999957787024215
"Chmp5",158.550754499645,0.000100116135123831,0.00686489212835954,0.532067091801095,0.999957787024215
"Nfx1",221.775204943514,-0.000124726483908668,0.00686427707496447,0.499432767131866,0.999957787024215
"Nol6",54.2967161616595,2.97208874897797e-05,0.00686611885149421,0.751916364422815,0.999957787024215
"Ube2r2",196.790608372461,7.08899075789885e-05,0.00686450757126623,0.686958626643144,0.999957787024215
"Ubap2",254.204720598156,-6.35087182479069e-05,0.00686392337880464,0.74761738608102,0.999957787024215
"Dcaf12",82.9352042830005,3.18652291742542e-06,0.00686573976956777,0.978547401611704,0.999957787024215
"Ubap1",40.2107137006033,1.2781609652403e-05,0.00686625775813581,0.87799779042846,0.999957787024215
"Kif24",37.0832459717907,1.91926302227835e-05,0.00686629573689686,0.810567408593096,0.999957787024215
"Nudt2",104.991617331996,2.09695266140424e-06,0.00686551452479259,0.987218352876923,0.999957787024215
"Fam219a",12.6707770475185,2.72503838406466e-05,0.0068665981323707,0.566448546819898,0.999957787024215
"Rpp25l",56.2536293348844,-7.26773489966891e-05,0.00686606010703816,0.459308154632213,0.999957787024215
"Dctn3",215.644852197887,5.77242688276813e-05,0.00686432709150424,0.752183220406258,0.999957787024215
"Sigmar1",73.1195850073338,-3.59741038962408e-05,0.00686586022251984,0.746549296733244,0.999957787024215
"Vcp",664.72508413871,-6.19796693847852e-05,0.00686064932746867,0.830435999479127,0.999957787024215
"Fancg",12.9600482232171,1.03756553873179e-06,0.00686659241708531,0.982879786244472,0.999957787024215
"Pigo",16.3067265212226,-1.83629530372097e-05,0.00686655417692514,0.731457227436698,0.999957787024215
"Stoml2",276.435330995888,-2.90228753727463e-05,0.0068638634794781,0.884295487311205,0.999957787024215
"Tesk1",12.8150165818237,-7.59363193349808e-07,0.00686659474359485,0.98738328835637,0.999957787024215
"Sit1",21.7442660741834,2.20859201871129e-05,0.0068664822579175,0.72189861885167,0.999957787024215
"Ccdc107",116.480896335359,2.65771526803918e-05,0.00686536277794346,0.847956403489991,0.999957787024215
"Tln1",702.070769624293,-0.000239274073358556,0.00686041691290719,0.417103710671447,0.999957787024215
"Creb3",43.4935144399403,1.89255458982341e-05,0.00686621217986383,0.827674052507623,0.999957787024215
"Hint2",60.0592670675418,-1.20696428781321e-05,0.00686601475780412,0.905190016987111,0.999957787024215
"Glipr2",292.959695657474,-0.000117681960106475,0.00686365892803787,0.568457527118035,0.999957787024215
"Clta",782.111446473605,0.000234824285618738,0.00685990758550986,0.443509110899485,0.999957787024215
"Gne",51.0938472128087,-2.03691822885409e-05,0.00686612941537067,0.827080641284034,0.999957787024215
"Rnf38",53.524713533263,2.36714193137891e-06,0.0068660922872822,0.980315523946254,0.999957787024215
"Melk",57.0575644518806,5.95833017035207e-05,0.00686605551063531,0.545384207414643,0.999957787024215
"Zcchc7",453.743205967028,4.36564499811447e-05,0.00686227934290806,0.860230408826728,0.999957787024215
"Grhpr",47.6493796313369,5.18923357655427e-05,0.00686616170242407,0.567820107124105,0.999957787024215
"Polr1e",48.1267559919172,1.07915498901381e-05,0.00686616638623175,0.905064585641125,0.999957787024215
"Tomm5",880.552935645131,0.000293852029602064,0.00685936859439573,0.35580878914301,0.999957787024215
"Exosc3",335.039043555564,0.000216996397500308,0.00686323894225897,0.323617693336835,0.999957787024215
"Dcaf10",77.8601971339398,-1.55066690154841e-05,0.00686579938220304,0.892736178934652,0.999957787024215
"Slc25a51",51.2103795508189,-3.18431527200807e-05,0.00686612133929915,0.734351968077276,0.999957787024215
"Tstd2",64.1979490787388,-0.000116721652088169,0.00686596498220404,0.264702296454353,0.999957787024215
"Ncbp1",268.23822294017,-2.63683507789688e-05,0.00686386381789937,0.894807470300238,0.999957787024215
"Xpa",76.3585658612823,3.86485568133041e-05,0.00686586745193775,0.727375479067095,0.999957787024215
"Hemgn",68.3104605291478,2.24882299029977e-05,0.00686591258622409,0.835101916353864,0.999957787024215
"Anp32b",2462.99445192928,-0.000121872656385799,0.00685411915920564,0.769411591491675,0.999957787024215
"Nans",214.717828043068,1.08013382583008e-05,0.00686430522859702,0.95309385282028,0.999957787024215
"Trim14",32.8193942396412,-4.79801763138031e-05,0.0068663455950174,0.526069138741097,0.999957787024215
"Galnt12",36.3040141442829,-5.34740485045698e-05,0.00686630326226728,0.500771286187457,0.999957787024215
"Tgfbr1",55.1812359565663,3.4877577722964e-05,0.00686608607427982,0.717452577582728,0.999957787024215
"Alg2",29.6018325155654,4.63951311084608e-05,0.00686638558571321,0.519083496584962,0.999957787024215
"Sec61b",1988.64528772012,0.000586932836895947,0.00685510016665538,0.141646975496693,0.999957787024215
"Stx17",60.9491526672442,5.55126785134312e-05,0.00686600406702427,0.586478012798941,0.999957787024215
"Erp44",243.664189361507,0.000134189215170595,0.00686403921969953,0.487558455582614,0.999957787024215
"Invs",51.2645717617893,-2.47565301085426e-05,0.00686613245532211,0.790132642672699,0.999957787024215
"Tex10",104.632948187844,1.46698507973058e-05,0.00686549824322487,0.911338976641776,0.999957787024215
"Mrpl50",127.641601331547,-3.19435651559674e-05,0.00686525375223564,0.824342835930991,0.999957787024215
"Rnf20",182.233141272034,-2.85192585456026e-05,0.0068647203793099,0.864732190775144,0.999957787024215
"Smc2",684.728647357343,2.93849045844659e-05,0.0068605127975586,0.920016014517445,0.999957787024215
"Nipsnap3b",82.5297375552757,0.000108123031388658,0.00686575815462586,0.357193602874322,0.999957787024215
"Fktn",27.7778327815963,-1.42537997165167e-05,0.00686640809684775,0.838136707077617,0.999957787024215
"Tmem38b",20.7582425957347,8.76806979852765e-05,0.00686650512647633,0.140373496284409,0.999957787024215
"Rad23b",346.930722221596,-6.25083708092977e-05,0.00686312247392624,0.779667791789319,0.999957787024215
"Elp1",92.5410180843632,5.41173803365775e-05,0.00686562836739097,0.664518414455474,0.999957787024215
"Abitram",46.3197068193174,6.81062883266251e-06,0.00686617964240731,0.939323295885553,0.999957787024215
"Tmem245",108.853006187918,4.92627363260375e-05,0.00686544854285047,0.713777711333753,0.999957787024215
"Ptpn3",83.547669237802,5.56235015269494e-05,0.00686583364851834,0.622346848323063,0.999957787024215
"Txn1",3207.28217946225,0.000259095170495876,0.00685376730954808,0.538716087559531,0.999957787024215
"Ecpas",316.561100639901,8.64020683359549e-06,0.00686347673068354,0.967537348782879,0.999957787024215
"Ptgr1",13.9020192527566,-1.78760276984692e-05,0.00686658420787325,0.718021712013073,0.999957787024215
"Dnajc25",49.7872253235073,-1.80923085543778e-06,0.00686615086584353,0.984250736380874,0.999957787024215
"Gng10",315.725560949418,6.7749603139441e-05,0.00686369085445529,0.741372527320532,0.999957787024215
"Ugcg",328.053021683443,2.35261374027404e-05,0.00686328227453978,0.914252277337395,0.999957787024215
"Susd1",17.709391983363,-4.66640700717056e-06,0.00686653324989031,0.93374133298857,0.999957787024215
"Ptbp3",615.745854813577,6.92158219370992e-05,0.00686104134004065,0.804766557354878,0.999957787024215
"Hsdl2",55.2580713478201,-2.32125224197138e-05,0.00686607975881176,0.810546534853978,0.999957787024215
"E130308A19Rik",23.2157913865658,-1.80741032481459e-05,0.00686646596913259,0.777051876715091,0.999957787024215
"Inip",60.8722139602677,-4.78372166296886e-05,0.00686604650647013,0.629505333239695,0.999957787024215
"Fkbp15",82.7420807919853,-3.67714391467995e-06,0.00686574234838928,0.975214145748991,0.999957787024215
"Slc31a1",47.8042825120204,8.63608250328128e-05,0.00686616438813676,0.34066724215855,0.999957787024215
"Cdc26",216.303605685839,6.51559542701729e-05,0.00686428750039979,0.723672313074735,0.999957787024215
"Prpf4",132.031474145135,-4.25916190192629e-05,0.00686524084013162,0.768227426968912,0.999957787024215
"Bspry",28.7989902770815,-3.25398419497503e-05,0.00686641003116287,0.640056494872021,0.999957787024215
"Alad",262.549889725194,0.000110803930922926,0.00686383335475461,0.580447985886951,0.999957787024215
"Pole3",182.544764717839,-4.38939111018606e-06,0.00686475953739586,0.978879357392219,0.999957787024215
"Rgs3",104.305145769143,-0.000103200176487805,0.00686549825536218,0.433431807557297,0.999957787024215
"Akna",205.998990185199,-0.000104135780532967,0.00686441791467963,0.561537635961803,0.999957787024215
"Atp6v1g1",361.191914563963,0.000103342500475681,0.0068629907354749,0.649566283213178,0.999957787024215
"Tnfsf8",138.090970034253,-5.7963451881189e-05,0.00686516494655894,0.695488819891477,0.999957787024215
"Cdk5rap2",85.4709139624278,-2.526776204499e-05,0.00686572395532499,0.832420624885075,0.999957787024215
"Kdm4c",109.677420208839,-7.47620484584038e-06,0.00686543319498236,0.95586581412995,0.999957787024215
"Dmac1",180.824622435341,-6.2340371873697e-05,0.00686465327347843,0.714059363216158,0.999957787024215
"Zdhhc21",125.983027698236,1.8290833941741e-05,0.0068652704269851,0.898304645638643,0.999957787024215
"Ttc39b",99.5874407282529,-3.57373743536636e-05,0.00686556055391595,0.78085981727917,0.999957787024215
"Snapc3",72.4255214720004,-3.21808351058985e-06,0.00686589792932765,0.976438064855061,0.999957787024215
"Psip1",496.440321774962,8.90931813436571e-05,0.00686204387015091,0.726131039340934,0.999957787024215
"Ccdc171",16.475006596345,-5.39629549847788e-05,0.00686655166397767,0.316103214675785,0.999957787024215
"Cntln",104.474087686196,5.53326858723091e-05,0.00686552153964632,0.671625674584661,0.999957787024215
"Rraga",117.181139207932,1.02165996445683e-05,0.00686535108739305,0.941490618636927,0.999957787024215
"Haus6",143.239083806526,-4.26417491086526e-06,0.00686510746498424,0.977429961191448,0.999957787024215
"Plin2",39.8854337696012,1.27303434815706e-05,0.00686626165039003,0.878015983957937,0.999957787024215
"Dennd4c",92.9830853043024,-7.45816599143808e-05,0.00686563621109861,0.54866924051575,0.999957787024215
"Rps6",4827.32733990949,4.62502448317105e-05,0.00685083457585698,0.920999400634699,0.999957787024215
"Mllt3",240.748050170661,0.000222998788839654,0.00686420957248601,0.233471998467877,0.999957787024215
"Focad",91.4418244413607,0.000106993629164545,0.0068656677420151,0.382829309913275,0.999957787024215
"Klhl9",86.0180133474078,7.71805854057023e-05,0.00686571628678506,0.519603854824279,0.999957787024215
"Mtap",238.800733452687,8.39056725547173e-05,0.00686407912807169,0.661908710361686,0.999957787024215
"Cdkn2a",185.634174765622,0.000155796883313425,0.00686627000665516,0.0581927970809162,0.999957787024215
"Gm12610",67.8334209545517,0.000124239795149612,0.00686599088057243,0.227457150191599,0.999957787024215
"Cdkn2b",37.1047954221306,7.84286060578689e-05,0.00686630033239562,0.324948798139562,0.999957787024215
"Tusc1",18.3731278181977,2.32514771757896e-05,0.00686652826951972,0.681928165005334,0.999957787024215
"Caap1",101.279170049144,-5.20396942484954e-05,0.0068655435701725,0.687482286691904,0.999957787024215
"Plaa",257.904302540849,0.000109572111506287,0.00686389128235902,0.580903272301702,0.999957787024215
"Ift74",27.95719562026,3.57336792117358e-05,0.00686640985636342,0.607678380202029,0.999957787024215
"Mysm1",137.042836299048,2.38447592057442e-05,0.00686513326113312,0.873316540679004,0.999957787024215
"Jun",75.9078720263884,1.27791124891885e-05,0.00686583183787538,0.909995213648558,0.999957787024215
"Hook1",65.5545010760243,-5.8627163446266e-05,0.00686595081294916,0.578683306807437,0.999957787024215
"Tm2d1",93.9946499998248,8.82066818521102e-05,0.0068656231366387,0.480659013672112,0.999957787024215
"Usp1",498.418744783988,0.000112116920159929,0.00686181896746704,0.666707813356011,0.999957787024215
"Alg6",32.9013511421322,-2.01634678853963e-05,0.00686634466322116,0.790126563117009,0.999957787024215
"Itgb3bp",52.6593911519539,6.42014501970077e-05,0.0068661166275581,0.495444378276804,0.999957787024215
"Efcab7",22.5598083351596,1.05634874681478e-05,0.00686647743234318,0.865963131858279,0.999957787024215
"Pgm1",74.3791038136812,5.18063257652415e-05,0.00686584404288246,0.644573101943026,0.999957787024215
"Jak1",620.659116830115,-0.000129972346359352,0.00686112276774223,0.640150712997732,0.999957787024215
"Ak4",21.7798661803113,4.45340849802316e-05,0.00686648319965032,0.472208233908976,0.999957787024215
"Leprot",55.9556372383238,-4.63191789139104e-05,0.00686607542543567,0.633477042506164,0.999957787024215
"Pde4b",70.3785044422654,4.39064654179493e-06,0.00686596433093566,0.966547994327005,0.999957787024215
"Dnai4",26.2180058565062,-1.92304175343777e-05,0.00686644946431612,0.769343451445469,0.999957787024215
"Mier1",577.418509679634,0.000115184355272251,0.00686126064779545,0.674889683984473,0.999957787024215
"Slc35d1",73.3524161577833,-1.39476257999651e-05,0.00686585739885357,0.900436081545987,0.999957787024215
"Oma1",44.8865520496083,9.68709948525118e-05,0.00686619768857962,0.271397032718298,0.999957787024215
"Usp24",221.279013665198,-5.4606694778266e-05,0.00686433169521906,0.764947138114189,0.999957787024215
"Dhcr24",187.448233619546,-9.55817412435088e-05,0.00686459122525762,0.579777525038098,0.999957787024215
"Ttc4",97.3988397209261,9.08790573481805e-05,0.00686558602812826,0.474569027484233,0.999957787024215
"Ssbp3",167.876506522669,1.64062219434977e-05,0.00686481744444659,0.920016913453101,0.999957787024215
"Mrpl37",71.7263607099519,4.30199147965501e-05,0.00686589296640546,0.693803517688156,0.999957787024215
"Tceanc2",49.9433046206227,-9.39030271525129e-05,0.00686613685086063,0.311051935123489,0.999957787024215
"Tmem59",129.652835333348,0.000133364239972574,0.00686524570517524,0.355364565210478,0.999957787024215
"Lrrc42",32.6261306775312,2.00667284459075e-05,0.00686634769085329,0.790367282648119,0.999957787024215
"Hspb11",43.0372787699054,1.00766377145853e-05,0.00686621828597584,0.907215305623961,0.999957787024215
"Yipf1",64.1190419588613,-2.06338998692498e-05,0.00686596386020558,0.843803382381752,0.999957787024215
"Ndc1",58.3267946486202,-8.63001106595328e-05,0.00686603795176742,0.386951669269303,0.999957787024215
"Lrp8",95.5398666702498,8.06599167831199e-05,0.00686560445687469,0.522377750877608,0.999957787024215
"Magoh",719.808060469186,9.41744460487621e-05,0.0068607097798182,0.743672467760289,0.999957787024215
"Czib",58.2454070956339,-1.55233904338371e-05,0.00686603486346278,0.876591462318323,0.999957787024215
"Scp2",133.674250449981,8.38260912393246e-05,0.00686516443216224,0.571412668251422,0.999957787024215
"Echdc2",14.0415557862469,2.18103372528336e-05,0.00686657953757446,0.663617037058967,0.999957787024215
"Zyg11b",86.1240331781222,-4.92545466159093e-05,0.00686570863578507,0.682200936421064,0.999957787024215
"Coa7",46.7107025673503,4.80699333045555e-05,0.00686618431992774,0.58958916397013,0.999957787024215
"Tut4",280.908960207221,-6.10718395099168e-05,0.00686378980541393,0.762338461626188,0.999957787024215
"Prpf38a",245.75479371311,1.8891024873489e-05,0.00686400878562781,0.922577544067694,0.999957787024215
"Orc1",59.4141798707249,4.78245934504184e-05,0.00686603420337588,0.632502998219793,0.999957787024215
"Cc2d1b",49.437604080264,-1.63813288641025e-05,0.00686613841502698,0.859554353522131,0.999957787024215
"Btf3l4",19.1182619740062,-2.9796578112343e-06,0.00686652015840643,0.958820254354637,0.999957787024215
"Txndc12",63.5535966044036,5.55686360409453e-05,0.00686598007366858,0.591899303917213,0.999957787024215
"Kti12",91.1248254401327,-1.76494508200306e-05,0.00686564343698478,0.886774366455996,0.999957787024215
"Nrd1",215.187809720941,-0.000176423002724962,0.00686444602859646,0.322415198746603,0.999957787024215
"Osbpl9",80.2441470591541,-4.77379334628445e-05,0.00686578513848422,0.680277304029382,0.999957787024215
"Eps15",114.299729040235,8.71962897613904e-05,0.00686542086482209,0.520551753866651,0.999957787024215
"Rnf11",65.6803703563296,-1.08664206991333e-05,0.00686594835532018,0.918145544563163,0.999957787024215
"Cdkn2c",35.7617238243877,2.59268763851651e-05,0.00686634735014828,0.731353941729928,0.999957787024215
"Faf1",265.929439581444,2.54775508656898e-05,0.00686386559249019,0.898310622586129,0.999957787024215
"Spata6",41.0961872649777,6.62786772173955e-05,0.00686624637322981,0.43117252321082,0.999957787024215
"Cmpk1",313.021033131966,9.14249696522426e-05,0.0068637423101864,0.653329008845872,0.999957787024215
"Stil",62.0478082473448,-1.67823258806564e-05,0.00686599544996882,0.870110938723824,0.999957787024215
"Efcab14",103.225522284972,8.45387140610312e-05,0.00686551197029595,0.518803148006453,0.999957787024215
"Atpaf1",52.9004303516264,5.453879182855e-05,0.00686610265472275,0.566699996628418,0.999957787024215
"Mob3c",17.0882061630091,-4.47395141108054e-06,0.00686654015518421,0.935492016777946,0.999957787024215
"Mknk1",30.6067021983524,3.49397170807777e-05,0.00686638745158846,0.626423329042583,0.999957787024215
"Faah",22.3596774958757,1.28382308388401e-05,0.00686647985424701,0.836781805552028,0.999957787024215
"Uqcrh",910.842953296142,0.000409040512905867,0.00685919594630354,0.203859235724764,0.999957787024215
"Lrrc41",52.6021949235577,3.21310909662651e-05,0.00686610910405433,0.734465755733022,0.999957787024215
"Rad54l",57.2985112144368,2.67733213287563e-06,0.00686604721639474,0.978449016243312,0.999957787024215
"Pomgnt1",28.171366402654,2.21233399919498e-05,0.00686640676050074,0.751650716079538,0.999957787024215
"Mast2",76.4969268850814,7.27398193305183e-05,0.0068658590262106,0.513714554397205,0.999957787024215
"Ipp",48.9282008698673,2.43636250719695e-05,0.00686614588130435,0.791202655703578,0.999957787024215
"Tmem69",31.1799722547395,1.08125924388613e-06,0.00686636690072761,0.988297501010423,0.999957787024215
"Gpbp1l1",97.7294601548418,5.43882480792639e-05,0.00686558805128015,0.66842403829688,0.999957787024215
"Nasp",952.416002727829,-6.44712208908408e-05,0.00685914731492027,0.841767588784099,0.999957787024215
"Akr1a1",308.179573316632,5.72366033977681e-05,0.00686359221863177,0.783733780846146,0.999957787024215
"Prdx1",2176.59364195274,-1.55007518800929e-05,0.00685463669635646,0.969633258803439,0.999957787024215
"Toe1",60.6732586859845,1.50992606965539e-05,0.00686601230330437,0.881742011436957,0.999957787024215
"Mutyh",18.376561910155,-9.17909075335808e-06,0.00686652955071742,0.871120209513552,0.999957787024215
"Urod",43.0140302808669,-6.55164222797953e-06,0.00686624204123774,0.938234538327485,0.999957787024215
"Eif2b3",237.39511155179,-0.000110485839785248,0.00686408191634468,0.564545805576078,0.999957787024215
"Btbd19",16.4624681809227,6.77797067607561e-06,0.00686655017799813,0.900146056259211,0.999957787024215
"Plk3",28.0168936518115,-2.99330067420819e-05,0.00686641530514216,0.664716444939687,0.999957787024215
"Rps8",14080.8659148566,-6.32131380267514e-05,0.00684812482651799,0.900230581065012,0.999957787024215
"Kif2c",68.7225513131573,2.15934741258575e-05,0.00686598353951363,0.834619355497015,0.999957787024215
"Rnf220",57.8908143288045,1.44966205449339e-05,0.00686611417186794,0.87790156109353,0.999957787024215
"Eri3",62.4460808837774,6.86402685231161e-06,0.00686598388064308,0.947074703210204,0.999957787024215
"Dmap1",21.7546034025651,3.41534635493159e-05,0.00686648516420153,0.580078777356479,0.999957787024215
"Gm12840",54.7770283870715,5.11974325076664e-05,0.00686612697011813,0.583688483916388,0.999957787024215
"Atp6v0b",231.645206142959,6.53390465399044e-05,0.00686413794851819,0.73061386352525,0.999957787024215
"Ipo13",17.522136290176,-3.94224311717891e-05,0.0068665371805476,0.478659003989359,0.999957787024215
"St3gal3",56.110808697088,6.06961141177966e-05,0.00686607514743515,0.532156499193177,0.999957787024215
"Kdm4a",47.294424831951,-9.33391906746719e-06,0.00686619991579415,0.915435860392502,0.999957787024215
"Hyi",51.7801221160822,2.25936560301303e-06,0.00686610975423006,0.980962038441968,0.999957787024215
"Szt2",20.4874350732024,4.08624575913352e-06,0.00686649698284293,0.946063146662119,0.999957787024215
"Med8",159.619015078085,-2.54817563971036e-05,0.00686488396483475,0.873910504219061,0.999957787024215
"Elovl1",114.806945586866,6.80957546151841e-05,0.00686538516345752,0.620449363406162,0.999957787024215
"Cdc20",273.218352275455,-8.54357134105916e-05,0.00686409362568592,0.655265163731685,0.999957787024215
"Ebna1bp2",748.247038988259,-7.38579947488518e-06,0.00686015488426703,0.980416158269899,0.999957787024215
"Slc2a1",119.158762201049,0.000160734251679121,0.00686533777591512,0.250424902761453,0.999957787024215
"Svbp",136.796943148859,4.76537031087455e-05,0.00686518261648582,0.746247985272738,0.999957787024215
"AU022252",30.0147260640315,-3.27779475241485e-06,0.00686638639676729,0.963628291154222,0.999957787024215
"Ybx1",4821.92007606714,-9.89338661129121e-06,0.00685220904227853,0.982297909025325,0.999957787024215
"Ppih",242.750475155274,-3.12165161622977e-05,0.00686412109810239,0.869752552128802,0.999957787024215
"Ppcs",25.8827613423571,2.93140272587401e-05,0.00686643349633984,0.662823951679974,0.999957787024215
"Foxj3",77.8617210490338,-9.27608780522059e-05,0.00686586515262186,0.403350563559695,0.999957787024215
"Hivep3",105.204181457498,2.59413805418484e-05,0.00686562507907579,0.835551248519421,0.999957787024215
"Scmh1",90.2397459910393,-0.000133464443501226,0.0068657231684544,0.263892132413446,0.999957787024215
"Ctps",143.592372667298,-6.83786187699512e-05,0.00686507095695606,0.653614668396141,0.999957787024215
"Nfyc",114.031950671082,-4.26977659143198e-05,0.00686538176640745,0.756462477057914,0.999957787024215
"Exo5",26.9506483241304,1.95334395053763e-05,0.00686641782073123,0.776516712481216,0.999957787024215
"Smap2",359.789744469782,-0.000165058522844562,0.0068629621741611,0.46969055447973,0.999957787024215
"Zmpste24",191.368911968463,-1.58968308020127e-05,0.00686455700607729,0.927194996720401,0.999957787024215
"Rlf",209.885849191125,-7.8346857262933e-06,0.00686437877524518,0.965447409867578,0.999957787024215
"Ppt1",49.4555081898628,-0.000123642376028495,0.00686619227870682,0.162372871689026,0.999957787024215
"Cap1",453.203899090634,2.45071646083677e-05,0.00686228075303322,0.921248629719039,0.999957787024215
"Mfsd2a",24.4514456824415,1.08033728193937e-08,0.00686645209250875,0.999868005933016,0.999957787024215
"Trit1",51.2612418922955,5.39611142919672e-05,0.00686614657930655,0.557402091324462,0.999957787024215
"Ppie",180.859139468894,1.14700932806223e-06,0.00686470902635776,0.994548532540205,0.999957787024215
"Pabpc4",432.782251587035,-8.49250716377878e-05,0.00686239152167092,0.728673071141417,0.999957787024215
"Macf1",678.600429847271,-8.12668663386941e-05,0.00686137492205314,0.764901098320549,0.999957787024215
"Ndufs5",495.782967516335,-2.22124769505147e-05,0.00686183464941566,0.931896170651155,0.999957787024215
"Akirin1",179.290380540087,-5.81000614621287e-05,0.00686468342011602,0.730882529316788,0.999957787024215
"Mycbp",126.211253864375,-4.61965350932414e-05,0.0068652689234564,0.74697849631318,0.999957787024215
"Rragc",86.0876410202157,-4.08040130925798e-05,0.0068657577296942,0.72829482443981,0.999957787024215
"Utp11",323.595190983863,9.42936357472055e-06,0.00686326991187712,0.965637115506021,0.999957787024215
"Sf3a3",351.088548934432,-0.000105357630998871,0.00686302263600284,0.641793007107938,0.999957787024215
"Inpp5b",61.3491242870659,-2.10238637613983e-05,0.00686601443365567,0.835676898011609,0.999957787024215
"Mtf1",55.5269579808111,3.34206143456098e-05,0.00686606521730549,0.732707474798874,0.999957787024215
"1110065P20Rik",54.2231999272215,4.94685975548779e-05,0.00686608847503992,0.607136976037549,0.999957787024215
"Yrdc",182.373260560945,5.0299526545341e-05,0.00686494777589325,0.749948576718404,0.999957787024215
"Cdca8",355.923250699561,0.000119116819658724,0.00686299300062495,0.600364315971935,0.999957787024215
"9930104L06Rik",14.508594873755,2.16057999011293e-05,0.00686657407713397,0.671155218140756,0.999957787024215
"Gnl2",205.90483159796,-5.5504480546809e-05,0.00686445532811925,0.755089785462812,0.999957787024215
"Snip1",64.6184445715509,-5.68397917200934e-05,0.00686595858310167,0.588525817435569,0.999957787024215
"Meaf6",104.970942564614,-0.000107911006786068,0.00686553589971492,0.405659363231179,0.999957787024215
"Zc3h12a",21.5610497263994,-1.34162508670961e-05,0.00686651424304247,0.818321817037937,0.999957787024215
"Mrps15",402.286972935868,7.5673937977148e-05,0.00686269555779602,0.748641724883036,0.999957787024215
"Lsm10",74.5180350937258,5.2389084516719e-05,0.00686585871378246,0.63816019387402,0.999957787024215
"Stk40",90.801839088597,1.27203745685565e-05,0.0068656577302031,0.917738386250871,0.999957787024215
"Eva1b",57.9077540668769,-3.14202306047612e-06,0.00686603981855499,0.974839352962217,0.999957787024215
"Thrap3",631.807803561148,9.04711781318781e-05,0.00686121450497141,0.742848930541911,0.999957787024215
"Map7d1",59.178553092467,3.13687724520314e-05,0.00686603489409332,0.753664702547041,0.999957787024215
"Trappc3",91.6551718300638,-9.03594891550651e-06,0.00686564487886411,0.941850277985283,0.999957787024215
"Adprs",67.4701683067549,1.51681094627977e-05,0.00686592174890218,0.887738402833166,0.999957787024215
"Ago3",68.7077084396621,-6.76691558980661e-05,0.0068659142030683,0.530674207133086,0.999957787024215
"Ago1",36.6487572631066,-2.27493503193174e-05,0.00686631172766143,0.772500029758275,0.999957787024215
"Clspn",245.391982703954,-0.000331916999418109,0.00686408733551725,0.0831927516635112,0.999957787024215
"Psmb2",1298.69454214862,0.000414616313387848,0.00685741904411974,0.246289150987208,0.999957787024215
"Ncdn",25.5044899013387,1.11655302332292e-07,0.0068664371405323,0.998667507050119,0.999957787024215
"AU040320",58.5506858865314,4.13289794586282e-05,0.00686603498301652,0.679256971786994,0.999957787024215
"Zmym4",146.321334400035,9.88144715318191e-05,0.00686505323500425,0.518850326537391,0.999957787024215
"Sfpq",898.237306804714,-0.000186601422730692,0.00685940632261816,0.556625327080271,0.999957787024215
"Zmym1",43.8721693388713,7.3157118993105e-05,0.00686621850272816,0.397361797608364,0.999957787024215
"Smim12",77.2820740890866,-4.25355095788034e-05,0.00686584369403352,0.704918376947973,0.999957787024215
"Phc2",165.649380257061,5.29130881157412e-06,0.00686484244671111,0.973997670360868,0.999957787024215
"Zfp362",19.7079804881112,5.34402645103152e-06,0.00686651680319771,0.926720357242432,0.999957787024215
"Ak2",601.473889167211,0.000341894761290057,0.00686110399117717,0.219560104704533,0.999957787024215
"Rnf19b",142.872149117926,-1.02821418068011e-05,0.00686518142907191,0.944357399502281,0.999957787024215
"S100pbp",57.0994624856776,4.11786220641137e-05,0.00686605257529051,0.676646411191186,0.999957787024215
"Yars",121.917001551175,2.41964679677025e-05,0.00686532882850131,0.86306442833628,0.999957787024215
"Rbbp4",517.755044566044,0.000150278784215045,0.00686186666218269,0.561873900701658,0.999957787024215
"Zbtb8os",243.485407547076,7.79024033763543e-05,0.00686404005152252,0.686895373441271,0.999957787024215
"Bsdc1",29.6919265108287,-3.12582727475492e-05,0.0068663877253966,0.663099667342539,0.999957787024215
"Hdac1",339.401932795494,2.80144802125472e-05,0.00686359924569201,0.893021579630191,0.999957787024215
"Lck",540.081045731483,-1.90511547369288e-05,0.00686159189670776,0.942953185794466,0.999957787024215
"Eif3i",918.526736617353,0.00025155067445296,0.00685924775788924,0.432985958328039,0.999957787024215
"Tmem234",335.125891219253,6.11470137673796e-05,0.0068631637996188,0.783144163865767,0.999957787024215
"Txlna",172.3577665249,1.62165408786201e-06,0.00686479180268733,0.992132651633975,0.999957787024215
"Kpna6",52.6321140301904,1.87547736126057e-05,0.0068661249228094,0.84114885990112,0.999957787024215
"Tmem39b",39.4688735656572,7.06944614478849e-05,0.00686626294278506,0.393417102512385,0.999957787024215
"Khdrbs1",677.382226071078,-0.000108343681898939,0.00686057526604382,0.709825828089431,0.999957787024215
"Ptp4a2",836.059942729541,4.01843060820624e-05,0.00685962076668902,0.897771908292888,0.999957787024215
"Pef1",49.2166225538714,4.47847309997037e-05,0.00686614235389044,0.627483845682498,0.999957787024215
"Zcchc17",234.905188467789,-4.53825511451027e-07,0.00686411820550943,0.998099015716528,0.999957787024215
"Snrnp40",306.211332013638,8.78690918661904e-05,0.00686357825581396,0.674179077283525,0.999957787024215
"Pum1",291.287117078253,-1.90728389640225e-06,0.00686358094217702,0.99271584697701,0.999957787024215
"Laptm5",1017.02070367628,0.000103800905997364,0.00685867797169722,0.75506052421068,0.999957787024215
"Mecr",94.8432339199794,-1.9298883622383e-05,0.00686560940207316,0.878098547732152,0.999957787024215
"Srsf4",177.954642419228,1.65506173935618e-05,0.00686469532682177,0.921725020084352,0.999957787024215
"Epb41",146.438949700001,-5.18316876322229e-05,0.00686505231674595,0.735139573593006,0.999957787024215
"Ythdf2",255.377268017096,6.43236561637049e-05,0.00686390722764396,0.745188926349827,0.999957787024215
"Gmeb1",73.0296992910689,-3.85143956791468e-05,0.00686585727365686,0.729755317889091,0.999957787024215
"Taf12",202.927646435505,4.97492807936611e-05,0.00686453743486373,0.775875390130261,0.999957787024215
"Snhg12",127.171885096041,-0.000172656587479174,0.00686539208677976,0.208110413463998,0.999957787024215
"Trnau1ap",116.720584901735,-3.38661153739705e-05,0.0068654083231021,0.803839812573926,0.999957787024215
"Rcc1",129.130310675561,-0.000109085607664543,0.00686522659344946,0.452493600253817,0.999957787024215
"Snhg3",458.775013924781,8.65873768800427e-05,0.00686213485643154,0.731034699731783,0.999957787024215
"Phactr4",60.7513270821549,-1.9645218834127e-05,0.00686601277837458,0.846480998204537,0.999957787024215
"Med18",37.2738783170191,4.15580938915048e-05,0.00686628858960768,0.606492461801234,0.999957787024215
"Sesn2",45.3450569592778,-2.43495740194235e-05,0.0068661922896286,0.783202386889169,0.999957787024215
"Atpif1",685.390885596325,0.000155806435150115,0.00686054540135576,0.593473083820679,0.999957787024215
"Dnajc8",466.98863356814,-1.19298331189147e-05,0.00686205928719006,0.962529378654863,0.999957787024215
"Eya3",90.652488811042,-2.38830307857264e-05,0.00686567504226076,0.845036999474357,0.999957787024215
"Rpa2",127.41659117243,-6.66950024391899e-06,0.00686523535371265,0.963259391227387,0.999957787024215
"Ppp1r8",117.540481813433,3.41898656520428e-05,0.0068653820596549,0.80385598118353,0.999957787024215
"Stx12",55.4242437903778,3.15093072175152e-05,0.00686607925559317,0.744966122992043,0.999957787024215
"Fam76a",68.9948719274866,-5.05221343035997e-05,0.00686592922889769,0.636709905837926,0.999957787024215
"Ahdc1",29.6517168030523,-2.07950021988484e-05,0.00686638329623616,0.773256830948354,0.999957787024215
"Wasf2",321.312532586666,-8.8013828333923e-05,0.00686333079359491,0.684989795264827,0.999957787024215
"Sytl1",16.8847920708503,-1.64288970389322e-05,0.00686654484150637,0.763879174581397,0.999957787024215
"Tmem222",51.2223010933767,3.71642009309478e-05,0.00686612408981093,0.691442160369043,0.999957787024215
"Wdtc1",43.6895592065833,-2.00680852589348e-06,0.00686620854085315,0.981644822373633,0.999957787024215
"Slc9a1",32.4907268886103,-4.8512899503923e-05,0.0068663517842572,0.518365554844299,0.999957787024215
"Nudc",419.5181712603,9.64787130416397e-05,0.00686244146541025,0.691845910367243,0.999957787024215
"Gpn2",47.5027530077799,-2.50457918002753e-05,0.006866181668114,0.779157588243393,0.999957787024215
"Zdhhc18",152.60285898418,3.26726086596247e-05,0.00686495840223719,0.835519385990944,0.999957787024215
"Pigv",15.1434479472939,9.48991810509374e-06,0.00686656534922808,0.855339356223443,0.999957787024215
"Arid1a",269.995688596707,5.93302455285176e-05,0.00686378933055296,0.768938198223738,0.999957787024215
"Rps6ka1",199.034871831843,-5.86982619921256e-05,0.006864487316,0.739743499744188,0.999957787024215
"Hmgn2",661.408924216062,-3.19482082119419e-05,0.00686065920735606,0.912035423550233,0.999957787024215
"Dhdds",75.7401047675955,3.41621252293386e-05,0.00686582501227671,0.763339717921691,0.999957787024215
"Cd52",2438.65646728308,-0.000588026676144453,0.00685458402589228,0.149578771809487,0.999957787024215
"Ubxn11",32.995054408267,-3.3400242646899e-05,0.00686634159169678,0.660477876846013,0.999957787024215
"Sh3bgrl3",912.483711075573,-0.000109656924931575,0.00685918259242418,0.73360341904353,0.999957787024215
"Cep85",64.1074572022875,-1.13464974024425e-05,0.00686600212683945,0.91158621405219,0.999957787024215
"Zfp593",181.775579197916,-4.40710793561246e-05,0.0068646514158278,0.795699408287989,0.999957787024215
"Pdik1l",73.7056116193883,-5.20191644390536e-05,0.00686586404159932,0.639545858136156,0.999957787024215
"Stmn1",680.48860456454,-0.000101470979545525,0.0068606664948215,0.725529244438039,0.999957787024215
"Aunip",32.0232109440232,-4.06756489976174e-05,0.006866391978077,0.568591559024902,0.999957787024215
"Mtfr1l",61.3354929931314,-8.94262206697348e-06,0.00686600775755106,0.930004556936061,0.999957787024215
"Maco1",112.277519356523,5.25929649020695e-05,0.00686541645967014,0.698837251267632,0.999957787024215
"Tmem50a",214.373270926456,0.000143193459933932,0.00686433338823452,0.4328599549133,0.999957787024215
"Rsrp1",370.797228130465,-5.43459528481975e-05,0.00686285335087828,0.814432279190653,0.999957787024215
"Syf2",193.09601948933,-0.000113205643516376,0.00686453307163771,0.517500174988681,0.999957787024215
"Runx3",1108.67454482041,-0.000135791760068369,0.0068581986508076,0.691683642898221,0.999957787024215
"Clic4",192.168180840016,-6.49011396667533e-05,0.00686469796427214,0.699819620008445,0.999957787024215
"Srrm1",879.385632636701,0.000187785617399223,0.00685964860867078,0.547470272314128,0.999957787024215
"Rcan3",44.9982888390684,-1.25818124580532e-05,0.00686620111780054,0.88606396744989,0.999957787024215
"Nipal3",22.5465137718997,3.00552791682939e-05,0.00686647693054652,0.631358621621876,0.999957787024215
"Srsf10",507.379705599608,-0.000105361169848163,0.00686202581028788,0.679279506439459,0.999957787024215
"Pnrc2",67.4506906403483,-2.21639932016005e-05,0.00686592416618872,0.836343499649401,0.999957787024215
"Fuca1",82.6445931313745,-0.000102576723031235,0.00686578617291031,0.375652862373024,0.999957787024215
"Hmgcl",51.6194088774866,-3.20476905642359e-05,0.00686611472577913,0.734026091889636,0.999957787024215
"Gale",24.3832027603735,-2.35517064225111e-05,0.00686645281695401,0.718051455797424,0.999957787024215
"Lypla2",118.783075304984,9.27477516495994e-05,0.00686533871880726,0.5070711361166,0.999957787024215
"Pithd1",43.2785047679108,-6.28190972140742e-05,0.00686625065108909,0.453732208897334,0.999957787024215
"Eloa",179.590595259663,-0.00010518578169564,0.00686467662997819,0.534148816457952,0.999957787024215
"Rpl11",7467.61650812448,3.17059443730846e-05,0.00684958291963529,0.947792740393027,0.999957787024215
"Id3",60.5895462669291,-8.63928535736122e-05,0.00686616857154192,0.338794158748277,0.999957787024215
"E2f2",30.9541017806303,5.2789879868174e-06,0.00686636674068586,0.942923630542878,0.999957787024215
"Hnrnpr",435.07018148312,0.000178995879494442,0.00686240357489561,0.464078095243974,0.999957787024215
"Luzp1",76.7527271231918,-4.16107554633178e-05,0.00686589168473728,0.703557599977783,0.999957787024215
"Kdm1a",300.074234724181,4.82998020362153e-06,0.00686348172281451,0.98183575692111,0.999957787024215
"Zbtb40",17.4049052995537,-3.73378607598794e-05,0.0068665446226137,0.495015492075162,0.999957787024215
"Cdc42",1549.97550087173,0.000190551966079767,0.00685644136274099,0.612102534929996,0.999957787024215
"Usp48",136.066534127548,4.38719579112517e-05,0.00686515538426257,0.767705327657284,0.999957787024215
"Alpl",22.7954818406554,4.7097369805111e-05,0.00686647068436562,0.456998874942991,0.999957787024215
"Ece1",106.678348865369,3.18605717465871e-05,0.00686546957258648,0.810997672454326,0.999957787024215
"Eif4g3",454.882143173406,-3.78881872236738e-05,0.00686220292468504,0.879556293048521,0.999957787024215
"Hp1bp3",446.838081859322,-0.000131755192997286,0.00686228586542542,0.594865542206347,0.999957787024215
"Sh2d5",24.5890505584031,4.62104868070443e-06,0.00686645335180742,0.943473253114332,0.999957787024215
"Ddost",396.392010639072,0.000212847395044214,0.00686268596347274,0.368006701868914,0.999957787024215
"Mul1",22.6853875567188,1.00419436862336e-06,0.00686647181278358,0.987322357528647,0.999957787024215
"Tmco4",56.4615703975127,-3.86109077756654e-05,0.00686607249110018,0.691633550228726,0.999957787024215
"Micos10",1227.38317069541,-1.68477649057672e-05,0.00685776251855336,0.961716480345891,0.999957787024215
"Capzb",971.679227615751,0.000258860985122493,0.00685886195626707,0.43128942610874,0.999957787024215
"Akr7a5",33.0741941469746,-4.79678426544014e-05,0.00686634356179457,0.527180579224876,0.999957787024215
"Mrto4",338.473676819046,6.12099129770927e-05,0.00686315267942965,0.783252483122822,0.999957787024215
"Emc1",33.0525873673378,2.00819408904575e-05,0.00686634768945376,0.790212419544598,0.999957787024215
"Ubr4",186.265373322676,1.58932629084318e-06,0.00686459830244253,0.992641953875596,0.999957787024215
"Aldh4a1",14.9035842020031,-2.59940507400645e-05,0.00686657049314128,0.612850529130487,0.999957787024215
"Rcc2",338.260212542776,-0.000110013814977843,0.00686313894190312,0.621676716820962,0.999957787024215
"Padi2",36.85742216961,-1.98660488279572e-05,0.00686633136597249,0.796293286365464,0.999957787024215
"Sdhb",563.21987225776,-2.92925185657574e-05,0.00686133430923827,0.914480141402515,0.999957787024215
"Necap2",76.9716729908302,4.13906740419823e-05,0.00686581674177432,0.716447084902258,0.999957787024215
"Szrd1",138.881783814478,-0.000113437466261974,0.00686511089143122,0.451213979299921,0.999957787024215
"Fbxo42",53.4434659960621,-5.05002672549413e-05,0.00686611103832991,0.593413925054665,0.999957787024215
"Zbtb17",32.5769567173847,-2.30887713610469e-05,0.006866356650189,0.757151124910093,0.999957787024215
"Spen",158.233389755263,-9.08810642110141e-05,0.00686494313281053,0.565220520052795,0.999957787024215
"Plekhm2",28.6372299804709,2.17357804812168e-05,0.0068663988434965,0.75844870669524,0.999957787024215
"Ddi2",93.6804429158077,-2.54351326623755e-05,0.00686563630993646,0.837925300974495,0.999957787024215
"Efhd2",279.220578093575,2.78809244030798e-05,0.00686385949144279,0.888893691185128,0.999957787024215
"Prdm2",102.136936306604,-8.19537183487963e-05,0.00686552317092896,0.529819658478068,0.999957787024215
"Vps13d",89.2445608045192,2.22517159231007e-05,0.00686567136155863,0.855741994595378,0.999957787024215
"Tnfrsf1b",47.5271770065095,-5.87742416369722e-06,0.00686617155493159,0.947983372043688,0.999957787024215
"Tnfrsf8",58.5974369087945,9.84785958070446e-05,0.00686608598774287,0.306932381887017,0.999957787024215
"Zfp984",28.4943167949392,4.76818969484184e-06,0.00686641301348484,0.94513789417114,0.999957787024215
"Zfp933",30.5654103800513,1.21020128344255e-05,0.00686637563723288,0.868150812972907,0.999957787024215
"Miip",28.7138785733917,1.86665361799579e-05,0.00686639450312175,0.792910081250459,0.999957787024215
"Mfn2",31.2175506903246,1.90315162177822e-05,0.00686637142547789,0.795131018348391,0.999957787024215
"2510039O18Rik",72.344776038451,-3.49541492809274e-05,0.0068658790593549,0.750972015238357,0.999957787024215
"Clcn6",24.0160606995153,-6.03446136891518e-05,0.00686646091211336,0.348526521031341,0.999957787024215
"Agtrap",31.1629642534541,-2.87467731602476e-05,0.00686637929796312,0.691951486336882,0.999957787024215
"Mad2l2",46.278098788957,2.79244454581091e-05,0.00686618628186419,0.753600422926113,0.999957787024215
"Fbxo6",26.649828295799,-1.94750204993912e-05,0.00686642508481276,0.774846950960224,0.999957787024215
"Ubiad1",17.2026667170861,-3.99448517976205e-05,0.00686654171281904,0.468345258718582,0.999957787024215
"Mtor",88.0574645026662,3.80614798278792e-05,0.00686570271297367,0.752361727800505,0.999957787024215
"Exosc10",130.437501969676,1.55738805081588e-05,0.00686520691981598,0.915125210239984,0.999957787024215
"Srm",266.875663018652,-3.58581736076352e-05,0.00686382284397506,0.858287952259574,0.999957787024215
"Tardbp",531.333667827714,-0.000123108421578606,0.00686165036556211,0.641900684866983,0.999957787024215
"Pex14",100.093922663022,-4.87383562785781e-05,0.00686554803168955,0.705842686713375,0.999957787024215
"Dffa",15.349866001569,-5.87743574659054e-06,0.00686656302815848,0.910623025293633,0.999957787024215
"Cenps",85.5818829293219,-5.07313795241592e-05,0.00686574922502901,0.667124178328551,0.999957787024215
"Pgd",217.645454880724,-3.24796649776284e-05,0.006864332270228,0.858834092022245,0.999957787024215
"Kif1b",52.1782186668598,4.97893800462905e-05,0.00686610698831212,0.599755636608429,0.999957787024215
"Ube4b",114.702135272668,-0.000103338466555494,0.00686538237568333,0.452802723914857,0.999957787024215
"Nmnat1",20.2528796374818,-2.90527030489179e-06,0.00686650590804674,0.960976601447066,0.999957787024215
"Lzic",156.263418292897,2.92412638303261e-05,0.00686493195587285,0.853639778802281,0.999957787024215
"Ctnnbip1",30.0950773269903,2.58996645070058e-05,0.00686638154697414,0.720329199071454,0.999957787024215
"Clstn1",19.4025508581313,-3.5182464086548e-06,0.0068665133449103,0.952053334678662,0.999957787024215
"Pik3cd",448.748532200239,-2.67864892243427e-05,0.00686237041427973,0.913082515556326,0.999957787024215
"Tmem201",23.8050438115793,8.12288405344548e-06,0.00686646247878482,0.899322287940186,0.999957787024215
"Slc25a33",50.4678757604608,9.17000759536543e-05,0.0068661362825228,0.322759441596347,0.999957787024215
"Eno1",1117.17448609871,0.000412082102959741,0.00685866696170715,0.215837328224115,0.999957787024215
"Rere",102.589701925431,-3.06782898172042e-05,0.00686552140141755,0.814192296258564,0.999957787024215
"Errfi1",45.3562797386045,-6.72230136726786e-05,0.00686620908816839,0.440676364634693,0.999957787024215
"Park7",948.977020227085,-0.00022381195000086,0.00685941730736276,0.480428517490376,0.999957787024215
"Tnfrsf9",1098.46029521292,2.1333692472208e-05,0.00685826579366498,0.950125946551013,0.999957787024215
"Camta1",94.1489368037656,1.69447896926157e-05,0.00686561146857476,0.892776786545718,0.999957787024215
"Vamp3",79.1945729467743,-3.70278646652413e-05,0.00686578275842797,0.749540948393387,0.999957787024215
"Dnajc11",115.540123202917,-8.75450085051089e-05,0.0068654347982885,0.516701362908517,0.999957787024215
"Thap3",47.2335404674113,-3.56020447370096e-05,0.00686617165313273,0.692683768792491,0.999957787024215
"Nol9",118.908292438677,-6.04217161990558e-05,0.00686541854420714,0.656445741301221,0.999957787024215
"Espn",20.1463586651661,2.35252608976651e-05,0.00686650246950225,0.693901451222497,0.999957787024215
"Acot7",211.481233261012,5.61449143993673e-05,0.00686437119331579,0.756607326121849,0.999957787024215
"Icmt",20.2078025179638,-1.18446988895308e-05,0.00686651388527509,0.839407785359737,0.999957787024215
"Rpl22",4430.04299790161,-0.000358877285404918,0.00685153612710039,0.431298127139813,0.999957787024215
"Kcnab2",156.094160163785,-8.23390859250449e-05,0.00686493496188094,0.603143795832852,0.999957787024215
"A430005L14Rik",129.558967656286,5.10279317284115e-05,0.00686520678680391,0.72695213101187,0.999957787024215
"Dffb",21.8976674271791,8.64705574268531e-07,0.00686649220615876,0.988679205639376,0.999957787024215
"Cep104",31.586800439057,1.92950924371283e-05,0.006866361210484,0.794956878803654,0.999957787024215
"Lrrc47",59.4989081718115,2.6937813240834e-05,0.00686602366528272,0.789138708686751,0.999957787024215
"Wrap73",28.0640892825007,1.72591435751723e-05,0.00686640440916724,0.805626380904175,0.999957787024215
"Tprgl",82.9555421537796,-3.80788889879528e-05,0.0068657410927366,0.747798197127388,0.999957787024215
"Pank4",17.9293838916566,1.92207899466061e-07,0.00686653139831908,0.997278645383507,0.999957787024215
"Rer1",399.815629291607,-6.03633483030483e-05,0.00686261705028763,0.800135205686521,0.999957787024215
"Ski",34.1030576986502,-2.50974305707049e-05,0.00686633338968017,0.743748399202209,0.999957787024215
"Faap20",63.2306686548341,-1.39506861344795e-05,0.00686601924240916,0.890173196377458,0.999957787024215
"Gnb1",622.482593256314,0.000107918781045487,0.00686092684624514,0.702752577075747,0.999957787024215
"Nadk",107.612986473333,-6.81392588009178e-05,0.00686547398500823,0.608431087662031,0.999957787024215
"Slc35e2",33.3997174647943,5.03313307825729e-05,0.00686633769411534,0.509975526254167,0.999957787024215
"Cdk11b",286.764099002701,-0.000128142612811951,0.00686372581491511,0.530125490946387,0.999957787024215
"Ssu72",553.169452456692,0.000135406077937246,0.00686148967569786,0.614501607824762,0.999957787024215
"Atad3a",225.601915103503,-0.000164871245525179,0.00686427904699755,0.371794635735816,0.999957787024215
"Mrpl20",789.870972280572,0.000289939921298852,0.00686023469711564,0.332299535394305,0.999957787024215
"Ccnl2",221.922017403353,-4.32139427167421e-05,0.0068642452934225,0.816134857168747,0.999957787024215
"Aurkaip1",343.892667062567,-6.41812807065019e-05,0.00686315294621764,0.773004418612931,0.999957787024215
"Ints11",89.8627328015101,-9.98862033045053e-05,0.00686566158486274,0.416537471540768,0.999957787024215
"Pusl1",24.8472845576938,-4.28401044131331e-05,0.00686644886669808,0.513999784542697,0.999957787024215
"Acap3",13.205779766336,1.08373049305565e-05,0.00686659051790524,0.823617618951531,0.999957787024215
"Ube2j2",257.603589538838,0.000218866044618898,0.00686392519307598,0.26730380313739,0.999957787024215
"B3galt6",29.1847243874727,-6.37056838306823e-05,0.00686640460350538,0.363598333275736,0.999957787024215
"Sdf4",256.155442980651,0.000122802448151744,0.00686389603574373,0.535759925433824,0.999957787024215
"Tnfrsf4",19.6680967430219,6.55190404167355e-06,0.00686652271875094,0.9091258889373,0.999957787024215
"Tnfrsf18",221.950308538357,0.000133975996041214,0.00686423853121914,0.47157884527087,0.999957787024215
"9430015G10Rik",34.6010872906377,3.22202330831102e-05,0.00686632222027611,0.678644690766153,0.999957787024215
"Isg15",81.4206303971547,-2.37241392976428e-05,0.00686656065972239,0.652391984763618,0.999957787024215
"Noc2l",315.903456322528,-0.000147754991430471,0.00686333877678782,0.495360092396689,0.999957787024215
"Cdk6",1567.66141736814,0.000168989239523765,0.00685661758777692,0.65013932644778,0.999957787024215
"Fam133b",266.299457097433,-8.40587057456313e-05,0.00686381379617855,0.676002594326284,0.999957787024215
"1700109H08Rik",40.4063498180706,-8.72101443734122e-06,0.00686625989483112,0.916405825979343,0.999957787024215
"Rbm48",41.0602611408532,-6.28521353682533e-06,0.0068662421498759,0.94073539636882,0.999957787024215
"Pex1",24.1961796860166,2.70036652226904e-05,0.00686645274399444,0.678920667408335,0.999957787024215
"Gatad1",184.434645586506,4.2523379217628e-05,0.00686465072131844,0.802755109483544,0.999957787024215
"Ankib1",237.636393231539,7.35609999166751e-05,0.00686412937922253,0.698752771393572,0.999957787024215
"Krit1",157.950336679912,4.4384756387436e-05,0.00686490937433124,0.780779678080999,0.999957787024215
"Akap9",346.633338237648,0.000121865752638253,0.00686309364077991,0.586952504066052,0.999957787024215
"Cyp51",460.534129995663,-6.74055485809131e-05,0.00686228832775222,0.78551344428522,0.999957787024215
"Cdk14",134.882185764215,0.000117731938027494,0.00686531924728052,0.402921255456241,0.999957787024215
"Gtpbp10",31.1277943324767,-1.57735722250325e-05,0.00686636925132742,0.830072248435773,0.999957787024215
"Sri",466.26037709315,0.000127473238108822,0.00686211186403287,0.613688891992872,0.999957787024215
"Dbf4",256.552676412581,3.29660801333599e-05,0.00686400184515648,0.865493531497231,0.999957787024215
"Slc25a40",62.7174118800076,-1.62382288603127e-05,0.00686600274916896,0.873689336269002,0.999957787024215
"Rundc3b",50.2551139580194,4.0227344216516e-06,0.00686612993994028,0.965574556383849,0.999957787024215
"Abcb1a",52.7368424540219,-4.71995088759904e-05,0.00686617618399816,0.598903631056693,0.999957787024215
"Abcb1b",179.522793235424,-0.00010741549348676,0.00686477224598982,0.515742360258331,0.999957787024215
"Crot",84.2835374630755,7.78063984822235e-05,0.0068657750716376,0.50399832389414,0.999957787024215
"Tmem243",104.696094789938,-6.41705855304454e-05,0.00686553153293362,0.621576181888573,0.999957787024215
"Dmtf1",112.472517971892,-5.32672442361247e-06,0.00686541120863571,0.968803556159857,0.999957787024215
"Phtf2",70.4327064038636,6.17148147393778e-05,0.0068659349679908,0.56263352076077,0.999957787024215
"Tmem60",80.5733730470118,8.58597140120431e-05,0.00686577104074636,0.461806644942084,0.999957787024215
"Rsbn1l",233.814343055724,4.14418229568081e-05,0.0068641366446584,0.827174599612867,0.999957787024215
"A630072M18Rik",16.2959231037494,-9.39145878184804e-06,0.00686655183612877,0.861440140694239,0.999957787024215
"Ptpn12",52.2607457702868,-1.66189673543873e-05,0.00686611436706803,0.860177465296626,0.999957787024215
"Gsap",32.255462142909,-1.72194683561458e-05,0.00686644184923854,0.795299387850095,0.999957787024215
"Fgl2",118.368260811667,7.03855489150431e-05,0.00686533333075539,0.615313273594432,0.999957787024215
"Fam185a",120.343228137451,4.75030907197331e-05,0.0068653156935759,0.736066584122358,0.999957787024215
"Armc10",93.8192233014604,-2.59815588838456e-05,0.00686561373701096,0.836103237833036,0.999957787024215
"Pmpcb",122.504079042461,2.03592701562776e-05,0.00686530863654741,0.885411981310448,0.999957787024215
"Dnajc2",746.729704693044,6.04092277027611e-05,0.00686012245515617,0.841258319328391,0.999957787024215
"Psmc2",293.46098515288,0.0001407669120393,0.00686360345279841,0.498918514161567,0.999957787024215
"Orc5",40.8181029093553,6.05226707479614e-05,0.00686625596394303,0.468088372942341,0.999957787024215
"5031425E22Rik",46.4386835758764,-2.58284764608396e-05,0.00686618339844584,0.772113408044739,0.999957787024215
"Kmt2e",313.795774085859,-9.15774907583566e-05,0.00686370036532186,0.655017124833921,0.999957787024215
"Srpk2",101.321988641705,5.21656487157975e-05,0.00686552763015007,0.688686503055136,0.999957787024215
"AI506816",78.2744880429397,1.82835547897705e-06,0.00686580098536781,0.987304402952093,0.999957787024215
"Pus7",140.302109203278,-7.58385105946329e-05,0.00686511255667851,0.61430782904851,0.999957787024215
"Rint1",47.0573208105276,6.08515817273753e-06,0.00686616918820084,0.946254923473557,0.999957787024215
"Tomm7",812.800385522385,-0.000253061104259932,0.0068598270358986,0.411649510843013,0.999957787024215
"2700038G22Rik",31.0623218469541,-1.28518044044419e-05,0.00686637106748919,0.860874194136293,0.999957787024215
"Hycc1",65.7621764750478,0.000118655184335028,0.00686594935911485,0.261487558957767,0.999957787024215
"Klhl7",24.7572012751085,-9.94538016282242e-06,0.00686646947101313,0.875449961077409,0.999957787024215
"Nupl2",36.7470126356643,-9.98980613314479e-05,0.0068663098245078,0.205202627786589,0.999957787024215
"Abcb8",22.6663760347132,-8.68149830876607e-06,0.00686648160209203,0.888863734262682,0.999957787024215
"Cdk5",28.8265933615321,1.86783626627278e-05,0.00686639513179342,0.792608780429249,0.999957787024215
"Slc4a2",18.3882041066448,-3.42003852287176e-05,0.00686652510732518,0.549309677874495,0.999957787024215
"Fastk",75.7692676710811,-6.23487866380266e-05,0.00686582894554741,0.581849333381276,0.999957787024215
"Tmub1",17.1474741200291,2.4773387088822e-06,0.00686654059453756,0.964217963365702,0.999957787024215
"Agap3",29.7403910503755,-1.74639731531409e-05,0.0068663826711814,0.808961056332589,0.999957787024215
"Abcf2",222.815828375368,-6.11798883848113e-05,0.00686424901718211,0.741829880514035,0.999957787024215
"Chpf2",18.4238042127727,-1.20254149502542e-05,0.0068665232908071,0.833866129636473,0.999957787024215
"Nub1",178.141805675299,9.21409085610236e-06,0.00686478779570972,0.955366363324009,0.999957787024215
"Rheb",255.421191052279,9.33085689895458e-06,0.00686390680522783,0.962401765560443,0.999957787024215
"Prkag2",34.439524505038,-8.18292596501122e-06,0.00686632512208055,0.91592286575158,0.999957787024215
"Galnt11",40.8357637427555,-4.23033303770941e-05,0.00686625125666368,0.613680933409446,0.999957787024215
"Kmt2c",190.9764965278,7.39460453931971e-05,0.00686461663303372,0.666541474207428,0.999957787024215
"Xrcc2",17.8149233375797,3.33465692258053e-05,0.00686653691090868,0.549230456109021,0.999957787024215
"Paxip1",93.4764118401655,-1.211364506713e-05,0.00686562186710028,0.922886089390111,0.999957787024215
"Insig1",70.1541102492715,5.44089982588464e-05,0.00686593660563082,0.609417294853666,0.999957787024215
"Rbm33",128.009464487734,-7.18871733254472e-05,0.00686528109192372,0.614191178727636,0.999957787024215
"Lmbr1",14.1887992826684,-3.24719447481231e-05,0.00686658067495432,0.515982659658452,0.999957787024215
"Nom1",139.459511726691,-3.28305815246306e-06,0.00686512057438824,0.982552836268351,0.999957787024215
"Ube3c",141.672934724554,-1.48063139364941e-05,0.00686509623563445,0.922009534681918,0.999957787024215
"Dnajb6",467.586089425038,8.45459688139504e-05,0.00686206765770932,0.738954220373482,0.999957787024215
"Tyms",245.45927031962,0.000104562972798946,0.00686406769872064,0.586592493195329,0.999957787024215
"Hadha",342.900123860916,1.40808834041267e-05,0.00686309632119979,0.949931198425643,0.999957787024215
"Hadhb",157.071906423057,-2.71734351942419e-05,0.0068649987239986,0.861360062649173,0.999957787024215
"Gm57315",26.0224379469423,-6.30771527881011e-06,0.00686643038109728,0.925601411425527,0.999957787024215
"Selenoi",135.971131822714,9.12200525815776e-05,0.00686514199558053,0.540790033914091,0.999957787024215
"Cenpa",482.333525518814,3.42487686072928e-05,0.00686536459415364,0.804730503250511,0.999957787024215
"Tmem214",33.7923197591002,-5.34313512944688e-05,0.00686633983733707,0.483160953989675,0.999957787024215
"Ost4",757.083054958864,-4.04357651992825e-05,0.00686011971758898,0.893374516501248,0.999957787024215
"Preb",81.6521101734962,7.74003388720645e-05,0.00686575573859278,0.510335987348606,0.999957787024215
"Atraid",75.4235924293838,6.09621116579741e-07,0.00686582825568906,0.995705493879307,0.999957787024215
"Cad",100.313158478787,-2.84170605164232e-05,0.00686555534515773,0.82529799478357,0.999957787024215
"Mpv17",29.8982404532593,1.77686416967286e-05,0.00686638116172613,0.806071435231903,0.999957787024215
"Gtf3c2",93.9205859518571,5.01341026352405e-05,0.00686563124763168,0.687482996475766,0.999957787024215
"Eif2b4",66.8875505400851,-2.95517082210556e-05,0.00686593135538436,0.782075124978996,0.999957787024215
"Snx17",108.65639207177,-2.14267563109173e-05,0.00686545046073066,0.873156728223121,0.999957787024215
"Ppm1g",482.947128674839,-5.37801584754043e-05,0.006861969926251,0.833818905224335,0.999957787024215
"Nrbp1",66.2854911215688,-7.05438091518208e-05,0.00686594480521457,0.505587503014086,0.999957787024215
"Zfp512",97.2869609079456,-1.82605987418915e-05,0.00686570228424891,0.879700906775761,0.999957787024215
"Gpn1",88.3122643546901,-1.4435607547685e-05,0.00686568334487247,0.905598668631996,0.999957787024215
"Supt7l",16.6547995648497,-1.47486721005622e-05,0.00686654945661825,0.785182397537209,0.999957787024215
"Slc4a1ap",184.895056907132,-4.39793588718219e-05,0.00686465733183405,0.795835492996084,0.999957787024215
"Mrpl33",635.966725735115,1.85635114918664e-05,0.00686108413082201,0.946945783830775,0.999957787024215
"Rbks",41.7279438839746,-2.56518289295242e-05,0.00686624695309436,0.760491045541339,0.999957787024215
"Babam2",221.354790323709,5.22739568413714e-05,0.0068642569645569,0.778003664797879,0.999957787024215
"Fosl2",46.1601476097475,4.72636185153442e-06,0.006866193393818,0.957365987887856,0.999957787024215
"Ppp1cb",217.95719229962,5.96978429944951e-05,0.00686430554690663,0.745087092314732,0.999957787024215
"Yes1",29.7843501001183,-3.47788428428864e-05,0.00686638149932627,0.630709564888077,0.999957787024215
"Pisd",35.2385715810583,-6.54032737824103e-05,0.00686632166184769,0.400642370555894,0.999957787024215
"Prr14l",210.322830062956,7.77618282227651e-06,0.00686440000388493,0.965551762895636,0.999957787024215
"Depdc5",62.5285972745264,-2.16438887897334e-05,0.00686598028187909,0.834579195271121,0.999957787024215
"Ywhah",471.623875040859,4.79373487658117e-05,0.00686205385054889,0.850352510555738,0.999957787024215
"Ctbp1",175.345847707873,7.13213485575508e-05,0.00686482866668131,0.661547264540511,0.999957787024215
"Maea",93.4831759122356,-2.28099203388259e-05,0.00686562503837419,0.855170318285167,0.999957787024215
"Uvssa",25.2677800505058,1.98171748479031e-05,0.00686644176515067,0.76529542745686,0.999957787024215
"Fam53a",66.6623428146471,3.66489883111646e-05,0.00686594455209289,0.729489936405152,0.999957787024215
"Slbp",389.575749795836,-4.70958528176973e-05,0.00686275070206674,0.840866904019594,0.999957787024215
"Tmem129",13.3409042091887,-1.51045139868385e-05,0.00686658792368795,0.757819785566112,0.999957787024215
"Tacc3",234.56243450172,3.6217730805958e-05,0.00686410810772668,0.84948359341506,0.999957787024215
"Letm1",95.492847069906,-3.93635585384058e-05,0.00686560801566049,0.754540061139445,0.999957787024215
"Nsd2",453.930661753845,-9.40528145050711e-05,0.00686259116783542,0.694137405599309,0.999957787024215
"Nelfa",83.3756075167507,3.5131514105777e-05,0.00686573452597806,0.767453590500673,0.999957787024215
"Gm1673",19.7447453359427,3.64923728775765e-06,0.00686653170632176,0.948334292143521,0.999957787024215
"Haus3",96.9468876898526,4.76042061008093e-05,0.00686557821265917,0.708904742521003,0.999957787024215
"Rnf4",214.142647754508,-6.02324844791289e-05,0.00686432428633918,0.741934311915414,0.999957787024215
"Fam193a",129.54602144312,-7.21252859346293e-05,0.00686523903017479,0.6179601732078,0.999957787024215
"Tnip2",24.1957602688536,3.80230081167003e-06,0.00686645585635004,0.95328669216846,0.999957787024215
"Sh3bp2",75.5726849521552,4.52488475597282e-05,0.00686587162075263,0.682460148335085,0.999957787024215
"Add1",213.074693526882,-0.000117735432724997,0.00686432859644726,0.519424705831045,0.999957787024215
"Mfsd10",72.403950540995,-4.3591402258052e-05,0.0068658683585232,0.694021389037127,0.999957787024215
"Nop14",281.631617462464,-0.000134216948790748,0.00686385391870068,0.501658098720676,0.999957787024215
"Htt",147.231895507932,1.6782043751425e-05,0.00686504677483852,0.912919596926273,0.999957787024215
"Rgs12",39.3781382470787,9.46440523930905e-06,0.00686627439615143,0.907978962522965,0.999957787024215
"Lrpap1",86.8462808221392,-4.98382857982695e-05,0.00686569529677401,0.680545896888729,0.999957787024215
"Trmt44",14.9934806862555,-9.74275080516852e-06,0.00686656676234199,0.851001234793332,0.999957787024215
"Grpel1",253.93215659701,-7.82440213854546e-05,0.00686392019638995,0.691942068202223,0.999957787024215
"Tada2b",26.5765096829909,1.25863004293978e-05,0.00686642868064738,0.852558838093665,0.999957787024215
"Tbc1d14",38.0183604368344,-8.83871980803324e-05,0.00686628652721933,0.274336970697906,0.999957787024215
"D5Ertd579e",39.2137116257672,-2.68849725036448e-05,0.00686627321923202,0.742949913741263,0.999957787024215
"Bloc1s4",80.6165399896664,3.99564780114514e-05,0.00686577148988009,0.731951086084259,0.999957787024215
"Mrfap1",286.392896281703,-9.73979879512909e-06,0.00686360732969077,0.962660590014387,0.999957787024215
"Man2b2",22.3907721121996,4.49902200311543e-06,0.00686648117094442,0.942312840340148,0.999957787024215
"Jakmip1",19.6014954197365,-2.69109489525015e-05,0.0068665196834519,0.641301203041645,0.999957787024215
"Stx18",69.4376262359286,3.89922850562478e-05,0.00686591553336901,0.717680923845798,0.999957787024215
"Lyar",662.447495447533,-0.000186099836822553,0.00686076045367174,0.516406473872992,0.999957787024215
"Tmem128",152.526779630145,2.72562047004971e-05,0.00686500848550776,0.860559889246855,0.999957787024215
"Slc2a9",33.2962578392014,-2.23086105768607e-05,0.00686633990488177,0.769675536638345,0.999957787024215
"Wdr1",333.423068311524,-5.13554441366997e-05,0.0068633195552024,0.813187708773433,0.999957787024215
"Clnk",135.563453925464,-7.28339008930066e-05,0.00686531626798998,0.605219939050877,0.999957787024215
"Rab28",75.9796532075677,-1.06185620924436e-05,0.00686582987015953,0.925241687738921,0.999957787024215
"Bod1l",285.883095079499,-5.30039353567938e-05,0.00686362188863728,0.798447620541952,0.999957787024215
"Fbxl5",66.1705537657223,1.91851934435667e-05,0.00686593853815757,0.856868593453279,0.999957787024215
"Cd38",28.8928219948924,4.9263097137731e-05,0.006866394113223,0.488630111967799,0.999957787024215
"Ppihl",15.0084169036076,9.75896168895824e-08,0.00686657181081496,0.998479027263674,0.999957787024215
"Tapt1",65.0092535212509,3.36194571847506e-05,0.00686598603403266,0.744743741049479,0.999957787024215
"Qdpr",130.650579873558,-4.394381389338e-05,0.00686520340818065,0.763886916148427,0.999957787024215
"Lap3",199.034498290487,9.85970271970046e-05,0.00686447545491181,0.577837694976352,0.999957787024215
"Med28",238.903727840619,1.3323548197409e-06,0.00686407146893747,0.994467697371186,0.999957787024215
"Ncapg",185.236358135796,0.000248744563452004,0.00686461524946845,0.14733164816338,0.999957787024215
"Lcorl",131.605554445561,-5.71610204624357e-05,0.00686536131773818,0.680234895750396,0.999957787024215
"5730480H06Rik",45.3720187757228,-6.03875808680062e-05,0.00686620312152205,0.490856866076239,0.999957787024215
"Dhx15",339.913426632561,2.36217414432233e-05,0.0068632997625872,0.913689174792425,0.999957787024215
"9230114K14Rik",68.5347828036408,9.43908169403545e-06,0.00686594445238632,0.9290360584144,0.999957787024215
"Sepsecs",21.8557226661441,1.04480224584818e-05,0.00686648049988062,0.866702618104907,0.999957787024215
"Pi4k2b",42.4805047499054,-0.000101790351863215,0.00686624363023646,0.227910793113144,0.999957787024215
"Zcchc4",47.2695706480708,-7.82140798397968e-05,0.00686617665452903,0.383238345491809,0.999957787024215
"Anapc4",118.28058695043,2.22452665490983e-05,0.00686536256492357,0.872515346599473,0.999957787024215
"Smim20",87.2658334240902,8.31358751185339e-05,0.00686569350145527,0.492576978298377,0.999957787024215
"Rbpj",356.867133162728,0.000169801116849741,0.0068630347555656,0.452681848844206,0.999957787024215
"Stim2",85.2554625411384,5.99889162016761e-05,0.0068657574744215,0.609585583763202,0.999957787024215
"Arap2",234.71849135612,3.92157800000647e-05,0.00686419649080905,0.834454341906722,0.999957787024215
"Pgm2",48.8571514966939,-7.17167741458622e-05,0.00686615218149863,0.433435714920258,0.999957787024215
"Tbc1d1",212.201381070667,-9.73247584082565e-05,0.00686435336463744,0.592459057432414,0.999957787024215
"Klf3",73.8093505357399,5.27910231427741e-05,0.00686585028423063,0.63715003870812,0.999957787024215
"Tlr1",18.6683135189624,-1.67730632527886e-05,0.00686652049271971,0.771159381620386,0.999957787024215
"Tmem156",36.6209566123356,-2.83205492666399e-05,0.00686630501653501,0.720898135406626,0.999957787024215
"Klhl5",61.2339651356863,6.40270573459685e-05,0.00686605990088557,0.514520283039037,0.999957787024215
"Rfc1",365.101837925507,-0.000116382026161451,0.0068629129094048,0.612502797190874,0.999957787024215
"Rpl9",7006.00450826048,0.000200623373445659,0.00684965184000587,0.678029086816542,0.999957787024215
"Lias",98.5129550473863,-1.12409305647335e-05,0.00686555778718609,0.930349677024284,0.999957787024215
"Ugdh",46.9006002454065,1.63408455649348e-05,0.00686617401998548,0.855768925107769,0.999957787024215
"Smim14",78.0765223867555,-3.30120441465044e-06,0.00686579945489746,0.977097736823383,0.999957787024215
"Ube2k",567.964777829264,3.85699804673716e-05,0.00686131096177679,0.887791815124537,0.999957787024215
"Pds5a",450.561143781905,3.66984347784062e-05,0.00686239920630497,0.880738697243526,0.999957787024215
"N4bp2",81.6199441040161,-3.1038673711153e-05,0.00686575713816883,0.791643199494996,0.999957787024215
"Rhoh",106.338940264738,-3.28940389689169e-05,0.00686551156008399,0.801811764630727,0.999957787024215
"Tmem33",199.327110103667,1.55325671196067e-05,0.00686452177618579,0.929418299340578,0.999957787024215
"Slc30a9",76.1114369576296,-3.25660073038391e-05,0.00686582378785492,0.774232504642964,0.999957787024215
"Atp8a1",72.4977929714839,-8.3071417504186e-07,0.00686591209291386,0.993866489005936,0.999957787024215
"Guf1",49.1594156127971,4.20083193884376e-05,0.00686614277583093,0.648863185343591,0.999957787024215
"Gnpda2",40.6314534316642,-1.86676084483866e-05,0.00686625951624553,0.822297985113822,0.999957787024215
"Commd8",131.34000861598,-2.25129108588691e-05,0.00686521708435572,0.877162458631494,0.999957787024215
"Nfxl1",36.7409473821348,7.74704867546595e-05,0.00686631225918472,0.324574292866488,0.999957787024215
"Txk",213.372835445165,-0.00014918169170212,0.00686447421095835,0.399871873875322,0.999957787024215
"Tec",48.2598661460622,-6.60521610597172e-06,0.00686615388985112,0.942405690407642,0.999957787024215
"Slain2",117.57278778808,-7.98261482174896e-05,0.00686542105841006,0.556376877464321,0.999957787024215
"Fryl",217.590585387188,-0.000163554520010282,0.00686430586188471,0.373035616171245,0.999957787024215
"Ociad1",303.31951441254,-7.05943057404222e-05,0.00686345415623737,0.740358558202043,0.999957787024215
"Sgcb",23.2497498939111,2.2469098273692e-05,0.00686646802394365,0.72390576911109,0.999957787024215
"Usp46",46.8886680454802,3.01692604966138e-05,0.00686620041364468,0.731324810901401,0.999957787024215
"Dancr",65.0559479550293,-7.30540699085598e-05,0.00686597466385985,0.482461069885414,0.999957787024215
"Scfd2",117.970884449476,6.67866345814524e-05,0.0068653491145202,0.631609133397772,0.999957787024215
"Fip1l1",326.661103271529,6.4698279380921e-05,0.00686341547521455,0.762694703932406,0.999957787024215
"Chic2",216.043400303862,3.40129041206867e-05,0.00686433831148508,0.852063467812718,0.999957787024215
"Kit",17.3385365950985,4.78553890183266e-07,0.00686654334912634,0.993042377436796,0.999957787024215
"Srd5a3",38.0579425037588,1.27002581005083e-05,0.00686628107744996,0.87589157785656,0.999957787024215
"Tmem165",142.537676192249,3.42384561975218e-05,0.0068650736185671,0.822078421906889,0.999957787024215
"Clock",77.1643877773602,-2.3825381865098e-06,0.00686581076700163,0.983372058502488,0.999957787024215
"Exoc1",58.2892727462102,-2.51685312607036e-06,0.00686604099210524,0.979828008772465,0.999957787024215
"Cep135",67.9817465061885,6.25520433311932e-05,0.00686592400239131,0.559933345526307,0.999957787024215
"Ppat",309.558684624424,-5.79232311987987e-05,0.00686352178102577,0.78353316424677,0.999957787024215
"Paics",427.828830986059,-0.000139688450028832,0.00686243174162464,0.566495211121739,0.999957787024215
"Srp72",527.792857854404,0.000121407039230735,0.00686159549154621,0.648261370311979,0.999957787024215
"Hopx",140.438004383173,4.41807872761389e-05,0.00686508979217789,0.77061492901889,0.999957787024215
"Rest",101.125034084285,-2.9107518270609e-05,0.00686560229096732,0.817605603954359,0.999957787024215
"Noa1",60.3393189846339,-1.30922051343747e-05,0.00686603267467641,0.895953902800726,0.999957787024215
"Polr2b",195.266719135605,-6.76747475072324e-05,0.006864598639549,0.69453100288654,0.999957787024215
"Cenpc1",143.522523198957,4.32272340604896e-05,0.00686506752842719,0.776870825943199,0.999957787024215
"Stap1",138.686146679651,-6.91023758877251e-05,0.00686539851797585,0.613568211354833,0.999957787024215
"Uba6",150.458130463582,-1.32198940252299e-05,0.00686507783112693,0.930723574761226,0.999957787024215
"Ythdc1",310.301561215326,-6.56636462414247e-05,0.0068633868286023,0.760253451055566,0.999957787024215
"Utp3",386.051447644261,0.000100385524256106,0.00686271893649324,0.66989373154162,0.999957787024215
"Rufy3",47.0409755026039,-2.04785371902594e-05,0.00686624977862307,0.807209133057024,0.999957787024215
"Grsf1",97.9962758000213,-0.000126527513954761,0.00686565913340491,0.303953686139048,0.999957787024215
"Mob1b",86.1006446179887,2.94423310931287e-06,0.00686570739517758,0.980484464753202,0.999957787024215
"Dck",82.8189512357489,5.77668651424347e-05,0.00686577502531256,0.619825228783047,0.999957787024215
"Cox18",107.835842272648,-1.54545105108288e-05,0.00686545990842453,0.907995198119134,0.999957787024215
"Ankrd17",447.665305567522,-0.000130697678741528,0.00686268938051742,0.580261937881251,0.999957787024215
"Afp",66.227911545879,-2.68707400683725e-05,0.00686595501511712,0.798586166460605,0.999957787024215
"Mthfd2l",15.4998332626074,1.5213684531586e-05,0.006866562991118,0.771404591678623,0.999957787024215
"Rchy1",71.5999785580076,-4.11629378539414e-05,0.00686588281148398,0.708013793190379,0.999957787024215
"G3bp2",467.039362785293,4.98631877145191e-05,0.00686209584809689,0.843727521424077,0.999957787024215
"Uso1",182.718108808973,1.28695691245106e-05,0.00686463909192311,0.939905246911767,0.999957787024215
"Naaa",13.6959738884066,6.89075290866879e-06,0.00686658394054481,0.889377257016692,0.999957787024215
"Sdad1",200.070277549437,-0.000152633575305256,0.00686446010026169,0.390512453111092,0.999957787024215
"Nup54",165.336347886613,0.000120849872589124,0.00686482087172123,0.459118045657791,0.999957787024215
"Scarb2",96.8835228922042,1.5660090800805e-05,0.00686558003753473,0.902181429073287,0.999957787024215
"Septin11",539.27151545536,7.16734965317463e-05,0.00686164774461713,0.786638764223022,0.999957787024215
"Ccni",118.76912870573,1.60193915506126e-05,0.00686533089159221,0.909023874203797,0.999957787024215
"Cnot6l",218.739661559505,1.1821836207079e-05,0.00686430938677964,0.948624684132916,0.999957787024215
"Mrpl1",156.277143041307,4.52972766166886e-05,0.00686492287616945,0.775594770758272,0.999957787024215
"Bmp2k",64.6913331651369,2.4124560594868e-05,0.00686600799122536,0.812656241249172,0.999957787024215
"Antxr2",23.6151928054516,4.02242664348736e-08,0.00686647798280292,0.999486686471033,0.999957787024215
"Hnrnpd",953.482107188293,0.000102167952660566,0.00685907695674559,0.75282816544005,0.999957787024215
"Gm17092",36.0489340394501,4.36987258708319e-05,0.00686630389637602,0.581922721859262,0.999957787024215
"Hnrnpdl",606.896234582108,0.000232457961374204,0.00686105504320566,0.405891098019534,0.999957787024215
"Enoph1",53.4220927419962,-3.32823096262046e-05,0.00686612662658465,0.721728516387381,0.999957787024215
"Sec31a",159.05871266022,5.67107551177618e-05,0.0068649193959204,0.721425123800505,0.999957787024215
"5430416N02Rik",37.0187631043671,-4.26114029545515e-05,0.00686629511402909,0.59485525905357,0.999957787024215
"Lin54",93.0498258472514,7.60264732824046e-05,0.00686564349542614,0.539638578263141,0.999957787024215
"Cops4",220.467234318032,6.44873782402898e-05,0.006864266030485,0.727524231244919,0.999957787024215
"Plac8",2377.69277197724,0.00120260056409583,0.00685457667014628,0.00321690881465752,0.999957787024215
"Coq2",125.288979492918,-0.00010879994268363,0.00686525621633672,0.449275071678167,0.999957787024215
"Hpse",18.3201470761689,1.36442190825963e-05,0.00686652488302704,0.811279206664128,0.999957787024215
"Helq",71.7857785440041,7.6806675543309e-05,0.00686587758385012,0.485948781035582,0.999957787024215
"Mrps18c",293.690024055342,0.000244830457564927,0.00686359133557451,0.240463556521931,0.999957787024215
"Abraxas1",47.4492127774931,1.09167097618819e-05,0.00686617650131533,0.903148016437198,0.999957787024215
"Gpat3",23.8634154943572,-5.85105380116064e-06,0.00686647117096693,0.926315564148573,0.999957787024215
"Ptpn13",21.978832222582,2.08210722486048e-06,0.00686648921732786,0.97289456247606,0.999957787024215
"Aff1",48.8111207183274,-2.31252727332961e-05,0.00686616948824429,0.797763110835926,0.999957787024215
"Nudt9",70.1156822113727,-2.69947321371131e-05,0.00686589053922173,0.805140716710904,0.999957787024215
"Spp1",1118.22553748066,3.68581085054474e-05,0.00686638533605724,0.608614488692221,0.999957787024215
"Pkd2",21.2031269794572,-5.37547313392776e-06,0.00686649985958829,0.928699332961155,0.999957787024215
"Thoc2l",70.7090207643367,5.75033900572607e-05,0.00686594793627749,0.586646104621126,0.999957787024215
"Zfp951",20.2383268780422,3.05490106133648e-06,0.00686650683163739,0.958894573669918,0.999957787024215
"Gbp8",57.8400336564566,-4.8746700264093e-05,0.0068661251169399,0.602356861942952,0.999957787024215
"Gbp9",37.5342666761125,-7.93825532658033e-05,0.00686631991642846,0.308628103597642,0.999957787024215
"Gbp4",410.408993806321,0.00019148438613242,0.00686263119929656,0.421117724594128,0.999957787024215
"Gbp10",36.4824446941445,-7.35049378276537e-05,0.00686637722954261,0.312315752184484,0.999957787024215
"Gbp6",88.1919251794881,-2.82413659118606e-05,0.00686582764617104,0.803156645133787,0.999957787024215
"Lrrc8b",59.8191805093581,-4.13375333132134e-05,0.00686605702754138,0.674506279353565,0.999957787024215
"Lrrc8c",682.305414710313,0.000421988456275619,0.00686126334234959,0.124279294932485,0.999957787024215
"Lrrc8d",74.981780105062,-3.33084551919823e-05,0.00686585472095484,0.76544617468067,0.999957787024215
"Zfp326",114.73354519431,-3.36099910439734e-05,0.00686538925695461,0.806622019256296,0.999957787024215
"Zfp644",108.968943929851,-7.73853078317565e-05,0.00686545639081314,0.563330188656045,0.999957787024215
"Cdc7",48.0951952865017,4.06643336639288e-05,0.00686616403983818,0.653768863552352,0.999957787024215
"Glmn",74.4859508039934,7.34937107202278e-05,0.00686584736225892,0.512070647033605,0.999957787024215
"Rpap2",43.2035085970696,-5.89283678494931e-06,0.00686622645684552,0.945246792965349,0.999957787024215
"Gfi1",26.8566298079866,5.55978230305975e-06,0.00686643476330783,0.933966087723008,0.999957787024215
"Rpl5",5641.09739734113,-0.000124994863192211,0.00685022372415992,0.792503640116097,0.999957787024215
"Dipk1a",56.6397935751167,-0.000106558820046135,0.00686608294716864,0.27001213658611,0.999957787024215
"Mtf2",249.304046306898,3.32302858895358e-05,0.00686404985156372,0.86324451124832,0.999957787024215
"Tmed5",678.878664959682,0.000107973029285842,0.0068605658641392,0.710982942233832,0.999957787024215
"Ccdc18",45.4311933888858,3.56637494405988e-05,0.00686620381913991,0.683910667259366,0.999957787024215
"Dr1",107.847972094204,-1.80387750313215e-05,0.00686547525402789,0.892063370053433,0.999957787024215
"Pigg",18.6624457211343,1.13279087692575e-05,0.00686652265344823,0.84357914493255,0.999957787024215
"Atp5k",568.890384901056,-0.000197390379911538,0.00686148116440436,0.46317728247964,0.999957787024215
"Pcgf3",46.0461746254275,-1.07703165753054e-05,0.00686618238055284,0.90396009664165,0.999957787024215
"Gak",149.094231638806,-0.000113429833006437,0.00686512035174719,0.449944633189579,0.999957787024215
"Tmem175",39.0457935278919,5.59412572848273e-05,0.00686626881742221,0.496923993226555,0.999957787024215
"Crlf2",50.3031591357127,5.09372740883976e-05,0.00686613874221574,0.582087085210364,0.999957787024215
"A430073D23Rik",14.6246503546861,1.10977215698391e-05,0.00686657255357509,0.82805298479521,0.999957787024215
"4930522L14Rik",17.9034116933107,-3.77247158962919e-05,0.00686653623298333,0.498703293326586,0.999957787024215
"ENSMUSG00000121596",20.2177563884329,-3.16993781495889e-05,0.00686650408211384,0.594749595537898,0.999957787024215
"Gm15446",15.8521791772083,-3.79914176483044e-05,0.00686656219650022,0.46901122895631,0.999957787024215
"Zfp932",30.0528173159462,7.5261475176095e-06,0.00686638649565664,0.916599417630457,0.999957787024215
"Gm35315",19.258264596588,9.84710135799939e-06,0.00686652383621837,0.863478521955274,0.999957787024215
"Gtpbp6",19.7228125383093,2.73146367679375e-05,0.00686650973125501,0.643025212766303,0.999957787024215
"Zfp605",18.1290846010995,7.90484094597302e-06,0.00686653425864605,0.887754216111109,0.999957787024215
"Chfr",124.993664489046,1.86655753632775e-05,0.00686527614026154,0.896034806183753,0.999957787024215
"Golga3",92.6793897655309,-6.61349965842761e-06,0.00686567011625412,0.956933840285577,0.999957787024215
"Ankle2",111.221869963438,-6.35770281959986e-05,0.00686546491025922,0.633832834556025,0.999957787024215
"Pgam5",69.902966174119,-2.60397390356144e-05,0.00686593024455056,0.80755632581192,0.999957787024215
"Pole",125.606817273163,-6.04558618851708e-06,0.0068652831785074,0.966160861614266,0.999957787024215
"Fbrsl1",39.6745929120106,-6.33414147506455e-06,0.00686626470779873,0.938939911163423,0.999957787024215
"Noc4l",184.388744111247,4.23380501635395e-06,0.00686462268357136,0.980289377149497,0.999957787024215
"Ddx51",25.6750743792244,7.21804515859913e-05,0.00686645054221292,0.270227982066073,0.999957787024215
"Ep400",219.81682535042,7.69774652286345e-05,0.00686441383450511,0.668084526801186,0.999957787024215
"Pus1",123.713284227603,-3.75283132829225e-05,0.00686527626729923,0.792754501122699,0.999957787024215
"Hscb",101.149027897865,-4.92875038848676e-05,0.00686554320104468,0.703246526669038,0.999957787024215
"Chek2",22.3883276383413,-2.65532094941258e-05,0.00686647574241549,0.672274552452643,0.999957787024215
"Ttc28",15.3125775694204,-1.94576392826361e-05,0.00686656379503357,0.709642812374032,0.999957787024215
"Pitpnb",259.417901972683,3.64176908922604e-05,0.00686387216803186,0.854892905747137,0.999957787024215
"Tpst2",132.516456271278,0.000109854032469102,0.00686517898568613,0.456208579840573,0.999957787024215
"Tfip11",34.1287398935595,5.41888110097879e-06,0.00686632644338185,0.944180372935434,0.999957787024215
"Srrd",22.5445928270489,-4.51994719255187e-05,0.00686647772251791,0.46993433834641,0.999957787024215
"Hps4",31.3979964909443,-8.27698791121196e-05,0.00686639016730521,0.247143871382075,0.999957787024215
"Sart3",96.3344909429546,-2.79406619975091e-06,0.00686558363993839,0.982478015201408,0.999957787024215
"Iscu",80.8169043545212,-1.77566855368228e-05,0.00686576853471464,0.879191030804643,0.999957787024215
"Selplg",358.741551186465,3.51560026263208e-05,0.00686321914610918,0.873300742974228,0.999957787024215
"Coro1c",100.061687589516,7.53337923059825e-05,0.0068655484888393,0.559544231389349,0.999957787024215
"Ssh1",20.7567985079629,1.30029492398751e-05,0.00686650687164319,0.826341069834791,0.999957787024215
"Alkbh2",23.4160156250162,-5.84657929604364e-05,0.00686646871802186,0.357445617736001,0.999957787024215
"Ung",31.5587097848494,6.71931011811431e-06,0.00686635910087511,0.928077924570066,0.999957787024215
"Myo1h",38.0881983963756,6.83990771979657e-05,0.00686633104836737,0.374284011887113,0.999957787024215
"Kctd10",30.7066352395622,4.238169823291e-05,0.00686637004124349,0.563798883090943,0.999957787024215
"Ube3b",42.7924542137066,-1.70759124728722e-05,0.00686622967990752,0.841786709693842,0.999957787024215
"Mmab",19.2550280709511,9.50167175469526e-06,0.00686651602109092,0.870308629245669,0.999957787024215
"Mvk",36.0597374569233,3.47339513610564e-05,0.0068663036022909,0.661757983027571,0.999957787024215
"Gltp",101.260007632746,-5.65750719159957e-05,0.00686552948126907,0.663686593065855,0.999957787024215
"Git2",164.326844151727,-8.24363707978981e-05,0.00686485619322743,0.610303391213061,0.999957787024215
"Ankrd13a",101.853439584877,-1.28534621602393e-06,0.00686556900872844,0.991988434850711,0.999957787024215
"1500011B03Rik",99.7112994857575,6.22004151162102e-05,0.00686554520176169,0.630417093417858,0.999957787024215
"2210016L21Rik",96.9627200708278,-2.4341555763086e-05,0.00686557790517015,0.848627814884932,0.999957787024215
"Sppl3",139.985876266444,3.42075559004954e-05,0.00686511873130545,0.81985648723505,0.999957787024215
"Acads",52.4389330992593,3.26082372544927e-05,0.00686610546642764,0.731392077873954,0.999957787024215
"Unc119b",44.7749094554364,-5.6931119279123e-05,0.00686622649017915,0.507001903213053,0.999957787024215
"Mlec",441.909851100232,-0.000148542390874486,0.00686228112593886,0.549013209731669,0.999957787024215
"Pop5",221.053462207005,4.36552843325829e-06,0.00686424342166609,0.981266865058635,0.999957787024215
"Rnf10",229.630628644512,-0.000156596138327521,0.00686434775287526,0.389644687880728,0.999957787024215
"Coq5",86.2947577824124,-1.71587414840181e-06,0.00686575051370217,0.988386119647217,0.999957787024215
"Dynll1",1357.67551842795,-4.54253014226006e-05,0.00685739924857806,0.899026759929782,0.999957787024215
"Srsf9",433.851850604467,0.000350142478784612,0.0068623602491643,0.154117612353493,0.999957787024215
"Gatc",20.9474775251197,-1.77625004403307e-05,0.00686649394037534,0.769977395125337,0.999957787024215
"Triap1",80.1123525411047,-4.45328243394884e-05,0.00686580008589887,0.698467732654108,0.999957787024215
"Cox6a1",862.564075240908,0.00015658665065341,0.00686017607474752,0.602185597465019,0.999957787024215
"Gm13832",36.4531892982332,-6.06606890432811e-05,0.00686630377951067,0.444752891410434,0.999957787024215
"Sirt4",12.2224342320069,1.43404558534636e-06,0.00686660194176766,0.975648617177413,0.999957787024215
"Pxn",63.9982941344837,-4.27594093355414e-05,0.0068660180585608,0.672368436722912,0.999957787024215
"Rplp0",6695.91922668721,-6.69206858301112e-05,0.00684968619498403,0.889751444780084,0.999957787024215
"Gcn1",128.129723724994,-4.17843941358457e-06,0.00686524142832631,0.976931193907477,0.999957787024215
"Rab35",120.950012037448,1.52474979580637e-05,0.00686533168441889,0.91336597598421,0.999957787024215
"Bicdl1",100.192457381648,-3.22930497388978e-05,0.0068655446791043,0.802785817837589,0.999957787024215
"Cit",93.079128932451,6.59808771800254e-06,0.00686567316045227,0.956974201276606,0.999957787024215
"Prkab1",45.9433670358278,2.13688011078812e-05,0.00686618654197944,0.810129908118074,0.999957787024215
"Suds3",111.093101054099,4.38822452897915e-05,0.00686556901490194,0.731740830556932,0.999957787024215
"Taok3",242.027001619039,3.52654848603168e-06,0.00686409926322209,0.985281387575746,0.999957787024215
"Pebp1",457.277670056992,0.000146949434967871,0.0068621574478545,0.558674173931433,0.999957787024215
"Rfc5",116.770866163669,1.20264207325171e-05,0.00686536748957917,0.930747475514678,0.999957787024215
"Fbxo21",23.6081494979323,2.00163272841126e-05,0.00686646126176771,0.755699401056884,0.999957787024215
"Fbxw8",70.7766942815905,-6.5454571865143e-05,0.00686588357414955,0.551306888230128,0.999957787024215
"Spring1",24.9492534235864,-2.76055322530155e-07,0.00686646410324171,0.996560039939225,0.999957787024215
"Med13l",126.338050760835,0.000139767605724991,0.0068652949760867,0.324758942125188,0.999957787024215
"Rbm19",72.6937453010106,-6.62568959453341e-05,0.00686587610255629,0.548132970720937,0.999957787024215
"Plbd2",20.3274672144569,-1.2982080199709e-05,0.00686650509471163,0.82720494317938,0.999957787024215
"Tpcn1",21.5105601854668,1.62910468742945e-05,0.00686648462887365,0.792047355292622,0.999957787024215
"Ddx54",135.634002267655,1.24032012727404e-05,0.00686514146272903,0.933733690348666,0.999957787024215
"Oas3",30.4095178259592,-3.00864689791161e-06,0.00686641023941106,0.965502975934588,0.999957787024215
"Ptpn11",119.547361053893,7.23318823890807e-06,0.00686531951101011,0.959013005680286,0.999957787024215
"Rpl6",6858.66089416641,-0.000328933396996134,0.00685024904782987,0.488440116847112,0.999957787024215
"Hectd4",82.4775138125158,-5.27256198149188e-05,0.00686578179025969,0.649568010910505,0.999957787024215
"Trafd1",49.9208482386723,-7.95414448650908e-05,0.00686614553603471,0.387532128080871,0.999957787024215
"Naa25",124.814487541975,3.39276067006477e-05,0.00686527032524861,0.812615037172625,0.999957787024215
"Erp29",443.092886741945,-2.30239448032079e-05,0.00686227206028951,0.926072015961252,0.999957787024215
"Mapkapk5",51.8825677837444,-1.91063520048875e-05,0.00686612963740625,0.837618930286101,0.999957787024215
"Brap",54.5013883946884,-7.48397854210238e-06,0.00686608011177802,0.938377943314733,0.999957787024215
"Atxn2",66.9287032493416,-1.34776145198565e-05,0.00686598937603032,0.895932169247948,0.999957787024215
"Ppp1cc",485.135923216191,4.80926707006283e-05,0.0068619566865039,0.851378265202086,0.999957787024215
"Hvcn1",30.5508935798622,1.74646765179913e-05,0.00686637199594245,0.811531698950479,0.999957787024215
"Pptc7",77.9517819442128,-5.38525338404116e-06,0.00686580186349322,0.962601331026072,0.999957787024215
"Vps29",320.346372925774,5.14675539434223e-05,0.0068635348927005,0.806770468532262,0.999957787024215
"Fam216a",55.7549361427945,-7.85274150890625e-06,0.00686606233775495,0.936171813252656,0.999957787024215
"Gpn3",142.719809412149,5.52238140829902e-05,0.00686508326198026,0.716052056660058,0.999957787024215
"Arpc3",1138.45990992414,0.000172890180567423,0.00685827750538788,0.61198061041315,0.999957787024215
"Anapc7",48.3020901978558,2.60090093332198e-05,0.00686615845015202,0.775220680710208,0.999957787024215
"Atp2a2",440.490953507137,7.40532727089405e-05,0.00686233764972837,0.763689433551285,0.999957787024215
"P2rx7",14.0730230924959,1.95037894703434e-05,0.00686658192817255,0.695432860671657,0.999957787024215
"Camkk2",56.5351468757234,3.29249053874776e-05,0.00686605424018389,0.738497070395448,0.999957787024215
"Anapc5",264.390370851037,-0.000109200622904911,0.00686390624498065,0.581200684455097,0.999957787024215
"Rnf34",82.1046898454217,9.07250771966432e-06,0.00686575090133492,0.938639486489417,0.999957787024215
"Kdm2b",71.963744022134,6.47464646535466e-05,0.00686592271106719,0.546557186048689,0.999957787024215
"Orai1",62.4990042411997,9.22245010871828e-05,0.00686599056389278,0.370393328426002,0.999957787024215
"Rhof",110.406116674917,-4.57132253613402e-05,0.00686546275894335,0.732189511610245,0.999957787024215
"AI480526",23.4677741854254,-2.79969153158308e-06,0.00686646835848784,0.964872657267647,0.999957787024215
"Setd1b",53.9062682271563,4.75031156490044e-05,0.00686608523724252,0.622327243194764,0.999957787024215
"Psmd9",116.241404428562,0.000180043811196577,0.00686536091279874,0.194299303770714,0.999957787024215
"Bcl7a",38.2097489299003,-2.96971559203217e-05,0.00686628318578254,0.714366536249178,0.999957787024215
"Mlxip",87.7336286041264,6.70194420731854e-05,0.00686568628420152,0.581406478900012,0.999957787024215
"Gm43813",13.5269376654466,4.46282472857392e-06,0.00686658559048527,0.927888011806101,0.999957787024215
"Diablo",54.8018716370357,-2.81037843959599e-05,0.00686609998616571,0.768277037656869,0.999957787024215
"Vps33a",48.8876291848438,-8.50752778612216e-06,0.00686614950130228,0.926125891198443,0.999957787024215
"Clip1",157.084140522386,5.34102551654547e-05,0.00686508135128286,0.725141987433017,0.999957787024215
"Zcchc8",134.918378513994,-2.68770629185153e-05,0.00686515083516139,0.856602715607475,0.999957787024215
"Rsrc2",356.242182950562,-0.000131607977984613,0.00686301746155039,0.561444401890277,0.999957787024215
"Kntc1",96.8590278817142,-0.000119638583883977,0.00686560891281351,0.341787260021611,0.999957787024215
"Denr",508.713953126695,-7.01149455880689e-05,0.00686174315267093,0.789244344159285,0.999957787024215
"Hip1r",32.3322498448746,2.99983457452121e-05,0.0068663671676067,0.683957293280982,0.999957787024215
"Vps37b",162.701964379515,0.000107079633578709,0.0068649685318674,0.494994127236353,0.999957787024215
"Abcb9",223.190480109384,0.000143020731810506,0.00686461159581534,0.405162409830884,0.999957787024215
"Arl6ip4",267.580389900363,-6.93750236276247e-06,0.00686378310002224,0.972626744716868,0.999957787024215
"Pitpnm2",75.9849148452093,5.96641107765172e-05,0.00686585207803681,0.593602478640828,0.999957787024215
"Mphosph9",111.573097863574,-8.94808596588477e-05,0.00686542247565644,0.509430561863802,0.999957787024215
"Mtrfr",30.3851979943835,-4.45908433011603e-05,0.00686637924851524,0.538856848550832,0.999957787024215
"Cdk2ap1",142.008773834781,5.12069894930283e-05,0.00686508209098309,0.735992321239026,0.999957787024215
"Sbno1",358.703486437887,0.000112374216447722,0.00686302824654667,0.619509053846117,0.999957787024215
"Kmt5a",405.250803346601,-4.64530310107284e-05,0.00686256794013168,0.846420007704387,0.999957787024215
"Rilpl2",123.969819188195,-3.6582994657176e-05,0.00686526924146481,0.798325800108071,0.999957787024215
"Snrnp35",29.7138485957841,-1.58112965886739e-05,0.00686638440381643,0.826347804085782,0.999957787024215
"Tmed2",655.039587430773,0.000100395904948933,0.00686110735656928,0.718386983944086,0.999957787024215
"Ddx55",72.010613579517,2.42117527301466e-06,0.00686587132054019,0.982538187749682,0.999957787024215
"Eif2b1",72.8092412383743,-7.53840877098767e-05,0.00686586783728636,0.496423349661059,0.999957787024215
"Gtf2h3",77.1980562259594,-2.27854617439823e-05,0.00686581256449675,0.841866173854598,0.999957787024215
"Atp6v0a2",132.195015260192,-6.64259894855063e-06,0.00686521934504726,0.963597521197151,0.999957787024215
"Ccdc92",14.6574332970307,-8.35487431639099e-06,0.0068665735421647,0.869774878750715,0.999957787024215
"Zfp664",104.615660951109,-4.10381507509569e-06,0.00686550044155866,0.975128677593293,0.999957787024215
"Ncor2",78.5393100286457,-1.81991187596092e-05,0.0068658050645947,0.873885969566712,0.999957787024215
"Scarb1",51.1294473189366,9.80004526145841e-07,0.00686612611925998,0.991636152103247,0.999957787024215
"Ubc",244.756103312253,-2.53281383441601e-06,0.00686402415280667,0.989574437682552,0.999957787024215
"Dhx37",35.9744505743194,-1.74360792747259e-05,0.00686630582254201,0.825756697242333,0.999957787024215
"Bri3bp",300.408805036169,0.000181840090326065,0.00686349320037105,0.390530440005531,0.999957787024215
"Aacs",39.728795835659,-3.14810543986106e-05,0.00686627247562491,0.701184356895713,0.999957787024215
"Stx2",22.0020232163951,-1.40511203174116e-05,0.00686648587150851,0.819714656731068,0.999957787024215
"Ran",3936.9441814661,0.000248252872581608,0.00685179843612491,0.582929097763884,0.999957787024215
"Sfswap",159.639223535137,-7.87112385747689e-05,0.00686490963290477,0.621607876157237,0.999957787024215
"Mrps17",250.938651483822,0.000124745608886606,0.00686395474928444,0.525055602381628,0.999957787024215
"Nipsnap2",49.8970870439233,1.7499398102291e-05,0.00686613767843048,0.850165851871267,0.999957787024215
"Psph",212.361119280367,9.05247292948425e-05,0.00686436330774871,0.61784550139297,0.999957787024215
"Cct6a",1264.47634438436,4.198631817715e-05,0.00685772203795704,0.904995823522215,0.999957787024215
"Chchd2",1507.67746994893,0.000350039185028734,0.00685660172443678,0.34784505741278,0.999957787024215
"Vkorc1l1",89.1590773729546,-1.33835379633665e-05,0.00686572634669337,0.910660057742599,0.999957787024215
"Gusb",57.9416765596622,-5.25924085476317e-06,0.0068660406321782,0.957874015121164,0.999957787024215
"Asl",30.3416116898753,3.41268706735107e-05,0.00686638269413202,0.63660027200503,0.999957787024215
"Crcp",62.6993325914945,-5.46196612280858e-06,0.00686599561155108,0.957553482539516,0.999957787024215
"Tpst1",30.288444094204,2.58554905620515e-05,0.0068663888030917,0.718204471060381,0.999957787024215
"Rabgef1",165.211095479172,-4.44771054591275e-05,0.00686482635073695,0.784974709309857,0.999957787024215
"Tmem248",134.405215304263,9.62095127920287e-05,0.00686521151868593,0.509663403089901,0.999957787024215
"Sbds",184.958938231707,-3.81935325173188e-05,0.0068646118438619,0.824069319741208,0.999957787024215
"Tyw1",57.7990786241396,3.13520333898408e-06,0.00686603915981043,0.974905371084104,0.999957787024215
"Castor2",13.9131019609883,1.58918926231363e-05,0.00686658115587975,0.750247307531397,0.999957787024215
"Rcc1l",54.2660409624986,5.12233026030471e-05,0.00686612974147478,0.58267562243078,0.999957787024215
"Gtf2ird2",15.395850108007,-1.17327618538404e-05,0.00686656285903374,0.822766386886377,0.999957787024215
"Ncf1",13.9545698649444,1.35021593509087e-05,0.00686658128246018,0.786743714059106,0.999957787024215
"Gtf2i",155.643838963506,-0.000150119849231905,0.00686497117672307,0.338377798319093,0.999957787024215
"Rfc2",169.50220381447,5.59996946794061e-06,0.00686477986074033,0.972918756134704,0.999957787024215
"Lat2",113.315476463676,2.70802596093066e-05,0.00686544797530013,0.840242405244485,0.999957787024215
"Eif4h",254.577010212946,-0.000137942824265262,0.00686392055880718,0.484817712134094,0.999957787024215
"Limk1",26.1003555040304,1.44724887240883e-05,0.00686642777907086,0.831000208817146,0.999957787024215
"Abhd11",21.6809587164509,-3.94159438092735e-05,0.00686648385195165,0.524115045923729,0.999957787024215
"Bud23",163.67380773314,3.05569016396354e-05,0.00686489566447252,0.848607983690505,0.999957787024215
"Dnajc30",36.3880787899576,-1.74135359889725e-05,0.00686630132307953,0.826815411554948,0.999957787024215
"Tbl2",23.1833344622179,5.12383475295409e-05,0.00686646678911686,0.421482775678109,0.999957787024215
"Bcl7b",55.72797427104,-2.53087034418943e-05,0.00686608404250612,0.793173272777774,0.999957787024215
"Baz1b",488.921757153826,-5.74794721321015e-05,0.00686189913204442,0.823844653539805,0.999957787024215
"Nsun5",34.9137002992318,-6.05515093822428e-05,0.00686632105598252,0.436809378295151,0.999957787024215
"Pom121",140.326057306979,-0.000124035567888248,0.00686511261397852,0.409820598096974,0.999957787024215
"Hip1",397.932148018779,0.000336094505898617,0.00686279392142997,0.149684089928081,0.999957787024215
"Rhbdd2",24.6317047400378,1.64236311122209e-05,0.00686644687298982,0.803047384029019,0.999957787024215
"Por",67.7053397085992,2.40484293806841e-05,0.00686594462127991,0.820485762303565,0.999957787024215
"Tmem120a",29.9454934685549,-1.52899668254453e-05,0.00686637958162717,0.833031618497802,0.999957787024215
"Mdh2",960.826222285298,6.36523343843362e-05,0.00685894400699309,0.845764702257004,0.999957787024215
"Ywhag",186.319064502664,9.55577515255102e-06,0.0068647595053663,0.954040462040563,0.999957787024215
"Polr2j",296.418402700802,4.85917617455439e-05,0.00686352323167465,0.817693938040971,0.999957787024215
"Lrwd1",57.2841237173552,-7.01492343949497e-05,0.00686607585500615,0.470057267538344,0.999957787024215
"Orai2",43.5976017063852,-2.21675901124646e-05,0.00686621079041356,0.798989417621704,0.999957787024215
"Prkrip1",125.281376697141,-3.78388156609269e-05,0.00686525842074238,0.792293183132734,0.999957787024215
"Cux1",222.485311201865,7.17826472335211e-05,0.00686423688430066,0.699797086417069,0.999957787024215
"Myl10",25.4251525963106,6.68075973883759e-05,0.0068664567731691,0.302630544501931,0.999957787024215
"Ift22",12.8345049609083,1.61808814816484e-06,0.00686659501925771,0.973097579832044,0.999957787024215
"4933404O12Rik",40.9812147460025,-7.41819485565829e-05,0.00686624951841867,0.376831815383883,0.999957787024215
"Fis1",331.892043495961,-8.39593874048192e-05,0.00686327596172363,0.701033819238211,0.999957787024215
"Znhit1",172.322445709531,1.97236702147443e-05,0.00686476152542269,0.905260213827111,0.999957787024215
"Plod3",28.8258479816819,-4.94708390618578e-06,0.00686639724878161,0.944322096090033,0.999957787024215
"Ap1s1",148.742795514982,1.71442190796623e-05,0.00686499674462283,0.9123111759996,0.999957787024215
"Trim56",42.4115874597475,-2.12780321451602e-05,0.00686623002545838,0.803507871780174,0.999957787024215
"Srrt",326.57343402763,-0.000108059406722602,0.00686340816236685,0.614430575749412,0.999957787024215
"Pop7",114.055804468875,6.00822405422669e-05,0.00686538619230992,0.662038833748859,0.999957787024215
"Gigyf1",26.5640646114256,-1.28370504322342e-05,0.00686642209844904,0.851098760874256,0.999957787024215
"Gnb2",650.164390052195,0.00018048043293042,0.00686073289443499,0.530092875877347,0.999957787024215
"Mospd3",44.4123771068458,-4.00145270353536e-05,0.00686620460900543,0.647582285887854,0.999957787024215
"Lrch4",34.8083081646789,1.34199894397117e-05,0.00686632023451861,0.863298209189441,0.999957787024215
"Agfg2",90.8284535169988,5.12944815806982e-05,0.00686564852240036,0.6783167089938,0.999957787024215
"Spacdr",291.616333204863,-1.86578093925826e-05,0.00686358542848797,0.928787107558088,0.999957787024215
"Ppp1r35",107.4058483964,4.01720875926856e-05,0.00686551920072423,0.758478634553341,0.999957787024215
"Mepce",33.5204759465404,-2.45812034118393e-05,0.00686633577780147,0.748161982310215,0.999957787024215
"Zcwpw1",20.3188289800834,-1.2431113868638e-05,0.00686650276029645,0.835164376663817,0.999957787024215
"Pilrb1",32.0601841261627,-6.52102689595182e-05,0.00686636534756909,0.377314073744419,0.999957787024215
"Gm36551",15.3535793842849,-1.24673200827379e-06,0.00686656387250473,0.980962879246486,0.999957787024215
"Zkscan1",51.6389906557377,-6.32932250656899e-05,0.0068661252037832,0.498700154374623,0.999957787024215
"Cops6",260.203401347998,-0.000127280791975828,0.00686389837391307,0.520820339588501,0.999957787024215
"Mcm7",208.77242361808,-0.00011101639545231,0.00686436715436554,0.540318222447763,0.999957787024215
"Ap4m1",15.7281374425874,2.40604245933405e-05,0.00686655843520299,0.649589877559713,0.999957787024215
"Taf6",45.8944148712145,-5.75656407856475e-06,0.00686623284510227,0.94619009125602,0.999957787024215
"Cnpy4",16.6816572694502,1.818380074314e-05,0.00686654586741736,0.738935368841644,0.999957787024215
"Lamtor4",314.923114805625,-0.000129399188280637,0.00686338258337423,0.547867619382741,0.999957787024215
"Trappc14",36.6763603475572,2.91792681745177e-05,0.00686629802630703,0.714878235849613,0.999957787024215
"Zfp68",27.7299277303075,-8.45071126138237e-05,0.00686641472164186,0.221487499010858,0.999957787024215
"Dnaaf5",28.9924397307837,-3.01072541874388e-05,0.00686639109920882,0.673392471330559,0.999957787024215
"Sun1",34.1224994058063,2.48003071270102e-05,0.00686633606063472,0.745913037421753,0.999957787024215
"Get4",135.502440313126,4.34787207187147e-05,0.00686517810968955,0.768130890623687,0.999957787024215
"Adap1",37.8053184922031,-2.85490749001852e-05,0.00686629404890493,0.721913348041402,0.999957787024215
"Cox19",86.5458335390423,-2.55863806989466e-05,0.00686569675038195,0.832485203740056,0.999957787024215
"3110082I17Rik",78.4712781894328,7.52012128807164e-07,0.00686581795092116,0.994731388215477,0.999957787024215
"Gpr146",50.2221343560952,-6.47805192458605e-05,0.00686613316569752,0.485929110687414,0.999957787024215
"Ints1",36.4816419849974,4.34597057386081e-05,0.00686631776327884,0.578187960465066,0.999957787024215
"Mafk",36.0663613472795,-1.14427757935309e-05,0.00686632153572868,0.883111434306261,0.999957787024215
"Psmg3",157.350607872781,4.62281247444088e-05,0.00686498397415916,0.76732663463883,0.999957787024215
"Mad1l1",95.7057490540614,8.04528745129948e-05,0.00686562615307245,0.519509713759343,0.999957787024215
"Nudt1",63.5524785346284,2.60911804136106e-05,0.00686597207765563,0.802252562384805,0.999957787024215
"Snx8",15.7070541366485,-2.44490057946174e-06,0.0068665610468722,0.962939635861496,0.999957787024215
"Eif3b",376.365859672337,-0.000150720432138818,0.00686281729766421,0.517009453948729,0.999957787024215
"Chst12",51.0067105077332,8.23181799815562e-05,0.00686612788428057,0.377913072798612,0.999957787024215
"Lfng",108.107116846322,-4.16843538229292e-05,0.00686548414086367,0.75302650064057,0.999957787024215
"Ttyh3",20.8371964428502,-8.09054992937942e-07,0.00686649270359745,0.989397990288813,0.999957787024215
"Iqce",22.6804159778233,-1.15956054664141e-05,0.00686646968151249,0.854944731829126,0.999957787024215
"Gna12",18.2269673390417,-2.27006698729611e-05,0.00686652795185007,0.689264087918185,0.999957787024215
"Card11",117.69356786111,-5.20141238896089e-05,0.00686540563501403,0.703126074040181,0.999957787024215
"Foxk1",50.1338076074341,-3.25342474144123e-05,0.00686613989865361,0.724962710608626,0.999957787024215
"Wipi2",53.0627501918045,-2.82272973276056e-06,0.00686613063695468,0.975826745337313,0.999957787024215
"Tnrc18",65.4000283804914,-5.09246166006677e-05,0.00686597247927088,0.624899939859596,0.999957787024215
"Actb",17603.8635465522,0.000256829896448837,0.00684726083810396,0.618458701770335,0.999957787024215
"Rnf216",65.0187422093692,-7.9044991746572e-05,0.00686595672741465,0.452384586664742,0.999957787024215
"Ints15",42.6190876798567,5.08260133443001e-05,0.00686622297987693,0.554901717876382,0.999957787024215
"Zdhhc4",38.1847547302347,3.44305670796236e-05,0.00686627886563109,0.672706999420767,0.999957787024215
"Kdelr2",321.314803037914,0.00031583142438053,0.0068632905815468,0.147826445223936,0.999957787024215
"Daglb",15.2512845557051,-3.64423926506064e-05,0.00686656520497949,0.484029489322269,0.999957787024215
"Rac1",813.668261466917,0.000114146072766846,0.00685971696240557,0.71330423311779,0.999957787024215
"Cyth3",34.5026099566183,-6.65720523247532e-05,0.00686633575726522,0.384573463400582,0.999957787024215
"Usp42",38.7561962788872,-1.77764428283146e-05,0.00686630274382983,0.822996955359455,0.999957787024215
"Eif2ak1",76.4488574228659,-7.28381090390346e-05,0.00686582470677288,0.520953802589524,0.999957787024215
"Aimp2",130.530159084537,-3.84351962662347e-05,0.00686523549329345,0.790647395523668,0.999957787024215
"Pms2",55.8842968996636,-7.57253129221454e-05,0.00686607546485564,0.435634526659083,0.999957787024215
"Ccz1",159.783940037141,-4.0111014889658e-06,0.00686496483797833,0.979627974776359,0.999957787024215
"Lmtk2",46.1236727653525,-7.42850783514086e-06,0.00686618155024675,0.933722391262497,0.999957787024215
"Tecpr1",45.8709338739648,-3.27234678851527e-06,0.0068661819287228,0.970767283123612,0.999957787024215
"Bri3",149.025711323095,5.69510404740858e-05,0.00686500358127237,0.713971225259561,0.999957787024215
"Trrap",122.322923710623,-6.95875281656106e-06,0.00686529289689048,0.960924984197647,0.999957787024215
"Smurf1",29.0043719860195,7.25793362106005e-06,0.00686639206298512,0.918961541506344,0.999957787024215
"Arpc1a",180.083921850836,4.29667055843791e-06,0.00686466729251847,0.979785168436597,0.999957787024215
"Arpc1b",1155.52952494436,0.000128593209750768,0.00685798972293456,0.710590095181611,0.999957787024215
"Pdap1",545.973620142906,-4.37343037425529e-05,0.00686150512994786,0.870586836219806,0.999957787024215
"Bud31",236.873055046139,2.02972614052546e-05,0.00686410564168571,0.915339298118628,0.999957787024215
"Cpsf4",72.8804775204997,5.07399312321425e-05,0.00686591605447907,0.637900774596505,0.999957787024215
"Atp5j2",1089.41147404622,0.000146167362791227,0.00685859969381585,0.66196564536404,0.999957787024215
"Zfp655",46.3130936416392,1.99386128177394e-05,0.00686621243750057,0.818564388141063,0.999957787024215
"Rnf6",94.0603092836803,2.45845385919321e-05,0.00686562496494541,0.844046873108134,0.999957787024215
"Cdk8",257.877538124796,-4.95129672719954e-05,0.00686397341736428,0.800185024062764,0.999957787024215
"Usp12",49.8870757335382,5.45924979669255e-05,0.00686613440286263,0.556672858338457,0.999957787024215
"Rpl21",3500.19085048796,-0.000233818356291462,0.00685230696831843,0.598781907906077,0.999957787024215
"Gtf3a",139.661366906555,2.90430992716562e-05,0.00686509650601957,0.84769898818336,0.999957787024215
"Mtif3",36.6842999293185,1.83424671523021e-05,0.00686629745536853,0.818480961681155,0.999957787024215
"Lnx2",52.0440371148681,-2.60725602764807e-06,0.00686610923651846,0.978040021359761,0.999957787024215
"Polr1d",981.142342969725,0.000271793477995893,0.00685907891436405,0.402111711430377,0.999957787024215
"Pan3",252.23290716683,5.42060716121956e-06,0.00686394890162954,0.977989955692116,0.999957787024215
"Pomp",854.674745826817,-5.72468025633e-05,0.00685951003126159,0.855873584676242,0.999957787024215
"Slc7a1",236.024318334476,-0.000105743227596625,0.00686413522997151,0.577572591166524,0.999957787024215
"Ubl3",177.741206248697,2.51896029654215e-05,0.00686470863986007,0.880737629117387,0.999957787024215
"Hmgb1",3101.25927418834,-0.000262119026516367,0.00685296140397188,0.546117876343147,0.999957787024215
"Uspl1",106.735591821003,7.81288594518982e-05,0.00686548588219836,0.555088989816114,0.999957787024215
"Hsph1",234.219649083119,-0.000128297531451437,0.00686418371383498,0.49521350662708,0.999957787024215
"B3glct",23.0571858911539,-4.07966668977586e-05,0.00686646998976451,0.519882040876635,0.999957787024215
"Brca2",141.888793832969,-3.42359289909284e-05,0.00686507845258915,0.821840634838662,0.999957787024215
"N4bp2l1",17.1127235609052,-1.78845274362945e-05,0.00686654593506889,0.743040394464379,0.999957787024215
"N4bp2l2",235.101906751091,5.78028633029635e-05,0.00686411245462816,0.761791249178471,0.999957787024215
"Pds5b",242.198052075398,-5.67478996219249e-05,0.00686405036315327,0.768624801055523,0.999957787024215
"Rfc3",147.715315696686,-0.000125088325475094,0.00686501691111705,0.419024769139537,0.999957787024215
"Gm20559",56.2684146025351,-8.09333658904693e-05,0.00686615740304317,0.374649312040457,0.999957787024215
"Samd9l",170.407584898545,-0.000129637060287175,0.0068650266338207,0.40099741949476,0.999957787024215
"Vps50",58.4890775674975,-6.44879497631229e-05,0.00686606166857807,0.510965905051839,0.999957787024215
"Bet1",110.467036998707,-3.61482849333776e-05,0.00686548795740714,0.784645221012844,0.999957787024215
"Casd1",47.2428988350625,-4.98151222141712e-05,0.00686620220848059,0.570126586344384,0.999957787024215
"Pon3",14.019669660542,-2.86399072700032e-06,0.00686658023825375,0.954369115909422,0.999957787024215
"Pon2",64.7141621817029,-2.42470087085933e-05,0.00686597285088118,0.815881189466777,0.999957787024215
"Slc25a13",87.9021169582472,-3.67170991621023e-05,0.00686569661945914,0.761500373517032,0.999957787024215
"Sem1",1294.26046579748,9.7041635785857e-05,0.00685743649144418,0.785918330675433,0.999957787024215
"Sdhaf3",26.2900556157662,2.57296180103404e-05,0.00686642795650451,0.704299497777109,0.999957787024215
"Asns",101.930378181234,2.86205173655175e-06,0.00686553365270559,0.982420311194821,0.999957787024215
"C1galt1",135.678355432679,-6.13907340461228e-05,0.0068651513413775,0.679747091041701,0.999957787024215
"Mios",51.028385439964,-5.8583637330932e-05,0.00686615089950873,0.522687162063854,0.999957787024215
"Rpa3",270.794817452475,0.000127731491095659,0.00686375667123136,0.529348791858044,0.999957787024215
"Umad1",92.2867524187153,-1.93878172339318e-05,0.00686563847036557,0.875981410869577,0.999957787024215
"Ndufa4",1464.40143580819,0.000349962242746304,0.00685672544326812,0.345007973478317,0.999957787024215
"Phf14",194.356215578243,8.94451534969296e-05,0.00686452305582291,0.609897596172986,0.999957787024215
"Tmem106b",49.2733633505446,1.66939274602648e-05,0.00686614616814773,0.856015909019664,0.999957787024215
"Tmem168",36.7079784375791,-8.22870623614319e-05,0.00686633082378862,0.285250406564385,0.999957787024215
"Bmt2",58.7694312733736,-6.35665971011145e-05,0.00686606677304704,0.515489157467875,0.999957787024215
"Smim30",117.91738012313,4.58364075151017e-05,0.00686535236172435,0.741823641275093,0.999957787024215
"Mdfic",103.976094108768,5.05548587173435e-05,0.00686550367340723,0.700565647632162,0.999957787024215
"Gm15473",18.6971962802582,2.69865956875517e-05,0.00686652276919602,0.63822303071892,0.999957787024215
"Tes",516.706420512534,0.000210605973776066,0.00686180032196729,0.419393071148987,0.999957787024215
"Capza2",717.691790730691,0.000180158870855455,0.00686082106097602,0.527799668225088,0.999957787024215
"St7",81.2557583712954,1.27574711453712e-05,0.00686589009372104,0.907210094556592,0.999957787024215
"Gm20186",44.0795302840074,-1.89486389309681e-05,0.00686620552409341,0.828484430941416,0.999957787024215
"Lsm8",357.149400756065,0.000199213893561092,0.00686310990743214,0.373446879585287,0.999957787024215
"Ing3",60.7567287908915,-2.39815351436631e-05,0.00686601513825893,0.812874877328393,0.999957787024215
"Fam3c",77.2337604439317,-6.27884384319606e-05,0.00686581705468659,0.581584363071507,0.999957787024215
"Ndufa5",398.736964028314,-9.2423348035414e-05,0.00686279853635316,0.691812073402383,0.999957787024215
"Wasl",74.9730484715221,-6.66074363809128e-06,0.0068658380551349,0.952857384762996,0.999957787024215
"Pot1a",42.5119613434764,-6.51111268596498e-05,0.00686622761829317,0.44746506324659,0.999957787024215
"Zfp800",195.298977697511,0.000116187798776145,0.00686461234874711,0.498801360938065,0.999957787024215
"Arf5",674.272523021122,4.05134247353526e-05,0.00686062166175503,0.88892810467619,0.999957787024215
"Snd1",528.236992240938,0.000144296129192509,0.00686171077664043,0.583470110376161,0.999957787024215
"Lrrc4",17.3401315219527,3.05456498482613e-05,0.00686654011352776,0.580577482573143,0.999957787024215
"Rbm28",311.89731426454,4.29725789520621e-06,0.00686340979357764,0.984012949354756,0.999957787024215
"Impdh1",71.5356349655572,5.96609577381518e-05,0.00686588612702317,0.586540349397558,0.999957787024215
"Hilpda",75.6864711381422,0.000104637833913219,0.00686583058189829,0.354962198777107,0.999957787024215
"Calu",132.354040172767,2.90989104204002e-05,0.00686520419986452,0.842295754377682,0.999957787024215
"Atp6v1f",524.338193811768,-7.0148216705675e-05,0.00686165216754935,0.790984785587948,0.999957787024215
"Tnpo3",238.618575892955,-6.60766567993527e-05,0.00686428616176368,0.720003370039607,0.999957787024215
"Smo",14.7339884907851,2.2904380773655e-05,0.00686657133973408,0.654983726128606,0.999957787024215
"Ahcyl2",78.0887562648467,-0.000118852944963773,0.00686581389166235,0.2976942843025,0.999957787024215
"Nrf1",154.993024261194,6.10953458281401e-05,0.00686499856334774,0.694584880131038,0.999957787024215
"Ube2h",143.813390318869,1.15316608638544e-05,0.00686515405857828,0.938140275350332,0.999957787024215
"Zc3hc1",42.2598851454504,-4.42257069913642e-05,0.00686626724119975,0.591812195567271,0.999957787024215
"Klhdc10",74.6633926978063,5.08290460838283e-05,0.0068658393570804,0.651656269829355,0.999957787024215
"Tmem209",84.5472557469722,-6.35437017376777e-05,0.00686572379038419,0.594665490507147,0.999957787024215
"Cep41",22.1126303166612,2.21272640128433e-05,0.00686647715920975,0.723795619115709,0.999957787024215
"Copg2",84.8228704374733,-5.40027159412766e-05,0.0068657379418251,0.648889229146857,0.999957787024215
"Lncpint",87.562345418319,-5.73330583776092e-05,0.00686568808181336,0.636897399193977,0.999957787024215
"2210408F21Rik",51.7027748152397,-5.67558373738225e-05,0.00686611891735174,0.546049741228199,0.999957787024215
"Mkln1",199.487799964481,-0.000160035966482513,0.00686451579857024,0.3620769244449,0.999957787024215
"Chchd3",427.668209388458,5.62711594010099e-05,0.00686247510938653,0.816479398461037,0.999957787024215
"Exoc4",912.573595631911,9.28609699789644e-05,0.00685974465935682,0.764561872575541,0.999957787024215
"Slc35b4",44.6253364756076,1.06945063961311e-05,0.00686624573220332,0.898988621187299,0.999957787024215
"Akr1b3",279.468626731546,-6.18771928451904e-07,0.00686385853335269,0.997526563564416,0.999957787024215
"Akr1b10",23.3973660802577,-2.21245929072578e-05,0.00686646467387119,0.729442607977908,0.999957787024215
"Bpgm",15.322484767961,8.09010776798097e-06,0.00686656314833123,0.877169063869839,0.999957787024215
"Cyren",30.1385235604036,2.41455774362171e-05,0.00686637726014605,0.739956934264338,0.999957787024215
"Wdr91",22.3856963661501,7.61969148722387e-06,0.00686648024022473,0.902618139069667,0.999957787024215
"Cnot4",269.944173367806,5.56560923766462e-05,0.00686377140502884,0.783511353824446,0.999957787024215
"Nup205",149.355528937245,3.17666872316079e-05,0.00686500103829933,0.83812075857325,0.999957787024215
"Stmp1",188.842084872277,3.8721625442861e-05,0.00686464660414842,0.820244671818866,0.999957787024215
"Mtpn",382.083673159161,5.38967425320138e-05,0.00686278300468065,0.817541337189452,0.999957787024215
"Creb3l2",18.8186534699259,1.28379868680832e-05,0.00686651915228193,0.824307867512191,0.999957787024215
"Trim24",88.5236287412882,-4.6120729744764e-05,0.00686568936551487,0.703979962909726,0.999957787024215
"Zc3hav1",359.436029355695,3.49264098279892e-05,0.0068629476242169,0.878641454048999,0.999957787024215
"Ubn2",198.172574893316,-3.48818250836201e-05,0.00686448795279828,0.843486761219463,0.999957787024215
"Fmc1",217.636153101558,0.000116515609936943,0.00686427498401505,0.52826519893779,0.999957787024215
"Luc7l2",745.761290703419,0.000125944746068339,0.00686015383323079,0.675543498206508,0.999957787024215
"Hipk2",73.3182134121892,2.22256104510863e-05,0.00686589905882218,0.838263916757874,0.999957787024215
"Kdm7a",32.0647363432047,-1.93723567271102e-05,0.00686635647296123,0.795331178025181,0.999957787024215
"Slc37a3",51.9628363049052,-4.63192325312165e-05,0.00686612827449806,0.61968331184621,0.999957787024215
"Rab19",50.4002856151982,-0.000109857141783847,0.00686619539145678,0.213218033254408,0.999957787024215
"Mkrn1",130.413626801836,1.93940361596051e-05,0.00686524592646262,0.893075739759135,0.999957787024215
"Ndufb2",344.696815297138,3.46776614802987e-05,0.00686314854643168,0.876225680459433,0.999957787024215
"Braf",119.185793021519,-9.99497454079817e-05,0.00686533579389672,0.475111738082532,0.999957787024215
"Mrps33",410.170871655727,-5.40899621878433e-05,0.00686252938820821,0.822365868441829,0.999957787024215
"Agk",70.8046915919412,3.01861042295167e-05,0.00686589047952972,0.782659061690922,0.999957787024215
"Dennd11",49.5598281304473,-2.48769406241152e-05,0.00686614868385389,0.786434617646367,0.999957787024215
"Ssbp1",408.7002668468,3.84621636017891e-05,0.0068625524278952,0.872822265576403,0.999957787024215
"Trbc1",1126.71944791793,7.49312463681609e-05,0.00686536812604555,0.588103652842523,0.999957787024215
"Trbc2",2106.94364037863,4.6045859722826e-05,0.00686417362948137,0.806993182486523,0.999957787024215
"Casp2",44.418918366023,-2.89889442484133e-05,0.00686620481334245,0.74047185786181,0.999957787024215
"Zyx",100.927756202107,-0.000137709284977109,0.00686559935694173,0.275833542891544,0.999957787024215
"Tpk1",76.5031071290619,-2.86128899456265e-05,0.0068658431844035,0.79898010631867,0.999957787024215
"Gm35113",58.8281182061606,-4.80273960327192e-05,0.00686603366252907,0.631187172059455,0.999957787024215
"Cul1",359.465630187224,-0.000284310055353241,0.00686296466633794,0.212863060476856,0.999957787024215
"Ezh2",675.153683768126,-7.10798634827165e-05,0.00686082972737045,0.803143037641305,0.999957787024215
"Pdia4",403.268661541399,0.000237052954942297,0.00686258235938652,0.322122933989285,0.999957787024215
"Zfp398",50.0144114337121,-1.96404268520132e-05,0.00686613357040684,0.832632825260654,0.999957787024215
"Zfp282",32.9588948138811,-2.07940467542655e-06,0.00686634504259628,0.978093308242298,0.999957787024215
"Zfp777",28.3325564430191,-8.0907276384356e-06,0.00686642549449662,0.905350397441152,0.999957787024215
"Zfp746",34.8120682746328,2.98446770696654e-05,0.00686633907416273,0.695556594590398,0.999957787024215
"Gimap8",216.170865417762,-1.9995380951523e-05,0.00686438974514752,0.911765763389708,0.999957787024215
"Gimap9",280.831734355974,-2.07840934374208e-05,0.00686365957348875,0.919759343707373,0.999957787024215
"Gimap4",809.367766934777,0.00011011683605801,0.00686061690330773,0.704349507316374,0.999957787024215
"Gimap6",299.683622434061,-4.89400261113503e-06,0.00686354814715354,0.981406100669736,0.999957787024215
"Gimap7",451.253055102774,0.000105581334578114,0.00686254448799619,0.660659340892287,0.999957787024215
"Gimap1os",77.9554378870128,2.16895781751621e-05,0.00686579660282206,0.850612745419657,0.999957787024215
"Gimap1",275.049964500519,-8.82128724922537e-05,0.00686371254702983,0.66629020905804,0.999957787024215
"Gimap5",287.316330832834,0.000196734709925209,0.00686361006103213,0.344133359404191,0.999957787024215
"4833403J16Rik",31.3274950419196,-9.57288007587824e-06,0.0068663620996992,0.897296714873978,0.999957787024215
"Gimap3",778.039448609785,9.04004897356694e-05,0.00686122305074008,0.742852021195173,0.999957787024215
"Tmem176b",60.1954628529317,-1.4518911547929e-05,0.00686605525951136,0.882878284892767,0.999957787024215
"Tmem176a",45.766380463119,1.24445550067923e-05,0.00686621851149421,0.885524071535749,0.999957787024215
"Malsu1",127.130126392527,3.76329793681468e-05,0.00686524868903942,0.794047132788073,0.999957787024215
"Tra2a",212.787829903741,9.2201783266362e-06,0.00686434519420223,0.959624882146546,0.999957787024215
"Pals2",336.124505769773,-7.94772338056714e-05,0.00686318832313243,0.719630871206741,0.999957787024215
"Gsdme",22.2074049806427,8.53686040669239e-05,0.00686648507781684,0.16675224827186,0.999957787024215
"Osbpl3",221.141957454197,-0.00017842443661922,0.00686426043437929,0.335579147438269,0.999957787024215
"Cycs",1006.33611121996,0.000602064180931152,0.00685879986179863,0.0682639326219282,0.999957787024215
"Hnrnpa2b1",2964.10964616295,0.000134027874261049,0.00685315631069905,0.75593693178009,0.999957787024215
"Cbx3",764.403186927983,0.000191192217956256,0.00686037407188694,0.518135342252043,0.999957787024215
"Snx10",67.3700844817721,0.000113932119751637,0.00686593056587214,0.286448819741804,0.999957787024215
"Skap2",48.4865861671754,6.1185153531575e-06,0.00686618730539277,0.945118042063988,0.999957787024215
"Hibadh",132.483240229307,-0.0001270602277012,0.00686517912693703,0.3887717550355,0.999957787024215
"Tax1bp1",538.865061885068,-4.5382990527318e-05,0.00686156023978527,0.865052656886647,0.999957787024215
"Jazf1",48.3281557400587,-2.97375244659512e-05,0.0068661892223912,0.737525603006426,0.999957787024215
"Chn2",181.888779687022,8.3538348002501e-05,0.00686475836861509,0.614471495198796,0.999957787024215
"Znrf2",156.947327587584,-6.70913604034386e-05,0.00686492149021138,0.672981259113937,0.999957787024215
"Nod1",19.0524060858805,2.46137680503012e-05,0.00686651951852247,0.670131804531831,0.999957787024215
"Ggct",124.798250222422,0.000102115274857276,0.00686530047070778,0.471033997713939,0.999957787024215
"Gars",300.759645601866,1.49724497008116e-05,0.00686352191004062,0.9433877434475,0.999957787024215
"Lsm5",621.419529762902,0.000211138085606999,0.00686126240328797,0.441900978762805,0.999957787024215
"Avl9",70.1597911381477,-3.31530678434993e-05,0.00686595839543741,0.752383568280867,0.999957787024215
"Kbtbd2",62.5867929269589,4.31634284269396e-05,0.00686599042074955,0.675078056321256,0.999957787024215
"Nt5c3",101.149026935814,1.63655455690607e-05,0.0068655804556547,0.897780597029429,0.999957787024215
"Ppm1k",28.1809943104359,1.31896277097754e-05,0.00686640351655786,0.851019916572943,0.999957787024215
"Herc6",93.2931954923815,-4.6447043103728e-05,0.00686568580073746,0.702455363263705,0.999957787024215
"Lancl2",23.3662247366958,-1.96325469131015e-05,0.00686646413794492,0.759121899336668,0.999957787024215
"Vopp1",40.898651683325,-2.22232047212321e-06,0.00686624908389593,0.978887342254184,0.999957787024215
"Abcg2",28.8705164520244,5.61549090644374e-06,0.00686639403565095,0.937089562026476,0.999957787024215
"Herc3",92.5327173767861,-0.000162380643580647,0.00686564889051965,0.189112899766572,0.999957787024215
"Tigd2",90.0583007663835,-6.51040610525605e-05,0.00686565725721304,0.597153161423889,0.999957787024215
"Gprin3",162.856763037735,0.000121862890737731,0.00686484921303833,0.452045221137072,0.999957787024215
"Smarcad1",185.996414771184,-4.06757380161817e-05,0.00686461234056761,0.812819912598923,0.999957787024215
"Prdm5",31.4219544558919,2.75820683041397e-05,0.00686639316225919,0.698592759690754,0.999957787024215
"Mad2l1",160.585165812795,1.40002266702857e-05,0.00686488593223001,0.930484569122701,0.999957787024215
"Gng12",105.357231656544,4.46147675098648e-05,0.00686550430818344,0.734264800449642,0.999957787024215
"Serbp1",3431.00129447113,-0.000437913128944051,0.00685234616177228,0.323764410070492,0.999957787024215
"Il12rb2",364.78692457477,-5.28242924825372e-05,0.00686365878343592,0.797952719218428,0.999957787024215
"Rpia",126.157967733584,4.53693549696446e-05,0.00686524926510349,0.752924367536569,0.999957787024215
"Eif2ak3",230.119742663793,0.000102601810564987,0.00686420874047952,0.583621095717108,0.999957787024215
"Krcc1",151.3931409274,5.3940827428543e-05,0.00686497044384469,0.730897177085668,0.999957787024215
"Cd8a",60.0387988762954,0.000137593727176767,0.00686604282268671,0.166347697766598,0.999957787024215
"Rmnd5a",72.870208234093,-0.000110711834439663,0.00686587683779611,0.315416635833232,0.999957787024215
"Chmp3",109.331139547767,-0.00013116813636208,0.0068654721052421,0.324384782949569,0.999957787024215
"Kdm3a",99.5115268578136,6.881491327188e-05,0.00686558319814105,0.588640272012929,0.999957787024215
"Mrpl35",310.756818090559,6.06774882289436e-05,0.00686346095746221,0.775551728768954,0.999957787024215
"Immt",391.588311904582,-0.000212521853621226,0.00686267239482061,0.369533958931689,0.999957787024215
"Ptcd3",143.791420544626,6.73446119173994e-05,0.00686506022722946,0.659526943295975,0.999957787024215
"Polr1a",141.083728971469,-7.93511165333418e-05,0.00686508719750181,0.600785366050645,0.999957787024215
"Usp39",135.54097240756,-2.70151198211285e-06,0.00686518383892363,0.985358356414884,0.999957787024215
"0610030E20Rik",37.7695675469927,1.86125683956683e-06,0.0068662816321533,0.981728678750975,0.999957787024215
"Rnf181",57.7630484434802,4.49863499971726e-05,0.00686604567510947,0.650253468112387,0.999957787024215
"Vamp8",122.969838397815,-1.70545042700199e-05,0.00686528794242025,0.904586210075741,0.999957787024215
"Mat2a",504.775902244951,0.000230045222059538,0.00686177966979816,0.378762108116,0.999957787024215
"Capg",162.467267689411,4.57459223518577e-05,0.00686516945596062,0.75705453517388,0.999957787024215
"Tgoln1",139.069691543658,1.47075902064488e-05,0.00686511917258006,0.921991208781286,0.999957787024215
"Kcmf1",215.388861229608,2.3003563209775e-05,0.00686433362984516,0.899729836802635,0.999957787024215
"Tmsb10",10512.8719615016,-6.0372182847192e-05,0.00684856651761355,0.903556089627708,0.999957787024215
"Suclg1",510.198811876063,5.90383220899363e-05,0.00686175329390441,0.821751333314005,0.999957787024215
"Gcfc2",45.9919824144571,-1.39906068516387e-05,0.00686620056954716,0.8734698538947,0.999957787024215
"Mrpl19",127.086562420116,-7.50356638819804e-05,0.0068652579706964,0.601585257631594,0.999957787024215
"Pole4",265.408468017159,-6.80177762177428e-05,0.0068639046219896,0.731224362168769,0.999957787024215
"Hk2",209.046825932899,1.50528834584339e-05,0.00686437222744988,0.933760104018005,0.999957787024215
"Dok1",23.1821122252887,3.68674295333682e-05,0.00686646890345374,0.561596877165375,0.999957787024215
"Htra2",78.7780234555082,-1.28913018541715e-05,0.00686578921662027,0.911209211202809,0.999957787024215
"Aup1",206.841156569895,-8.63687828288566e-05,0.00686442042517534,0.629972543345336,0.999957787024215
"Pcgf1",16.0953728473025,-2.26834415329652e-05,0.00686655331100811,0.672254144154775,0.999957787024215
"Mrpl53",222.940532913969,-2.08653044503313e-06,0.00686423318875169,0.991063864270224,0.999957787024215
"Mogs",100.014295354557,1.00435771844003e-06,0.00686554011700045,0.993814175948698,0.999957787024215
"Wbp1",14.2956462729806,-6.79817051207517e-06,0.00686657554084265,0.893316904881469,0.999957787024215
"Ino80b",42.1363669951464,1.83822140514816e-05,0.00686622956191586,0.829880523864991,0.999957787024215
"Dctn1",49.9535952217663,-9.37812931122407e-05,0.00686614802091238,0.307323846989937,0.999957787024215
"Mthfd2",414.375117738132,4.38158372807908e-05,0.00686253273859722,0.855636316469899,0.999957787024215
"Mob1a",202.695918820936,-2.29255672842448e-06,0.00686444227677696,0.989749129970503,0.999957787024215
"Bola3",386.821249074998,9.2861440019999e-05,0.00686271105446359,0.693611212251267,0.999957787024215
"Tet3",123.298387103107,-1.60610544903626e-05,0.00686528316917728,0.91026431813223,0.999957787024215
"Dguok",105.814228091754,-4.87162466640174e-05,0.00686547714498163,0.713820871868205,0.999957787024215
"Stambp",65.7556566412265,4.23311319298999e-05,0.00686594939506975,0.688710580501424,0.999957787024215
"Tex261",132.759915660286,1.91771231043108e-05,0.00686526003589917,0.893772512165893,0.999957787024215
"Nagk",29.2816642345538,-1.42018736131823e-05,0.00686638825284375,0.842992795158219,0.999957787024215
"Paip2b",40.2786880445907,-4.81615848136501e-05,0.00686627938715083,0.554370935160551,0.999957787024215
"Zfp638",366.74613341749,-5.55020812081906e-05,0.00686295082246155,0.808202013054615,0.999957787024215
"Exoc6b",63.7912241548345,-1.22927285471364e-05,0.00686597965730875,0.905624142432513,0.999957787024215
"Spr",73.2516588161418,-5.87762642621638e-09,0.00686586367616852,0.999957787024215,0.999957787024215
"Smyd5",44.9617098275194,3.57359795429116e-06,0.006866195130817,0.967708620770221,0.999957787024215
"Pradc1",46.7700279642863,3.10358383987647e-05,0.0068661735487204,0.730034054743995,0.999957787024215
"Cct7",621.748997074532,8.04104464700129e-05,0.00686101813985255,0.774432420057445,0.999957787024215
"Alms1",42.8122218835498,2.37114552347298e-05,0.00686622236018577,0.783092596400376,0.999957787024215
"Tprkb",76.429533454708,5.29037959324527e-06,0.00686585530286214,0.96219443816144,0.999957787024215
"Dusp11",362.41416812169,-0.00015697296705224,0.00686293592791846,0.493212716278174,0.999957787024215
"Fam136a",244.065569905972,-6.2740655916859e-05,0.0068642378610485,0.736050028144099,0.999957787024215
"Snrpg",2113.52695835405,9.9658839962212e-05,0.00685514611485779,0.802558246403839,0.999957787024215
"Tia1",146.313337378358,0.00012551932987911,0.00686502608088423,0.416197698304416,0.999957787024215
"C87436",40.1800024868824,-7.9080375794593e-06,0.00686627667227963,0.922880307891627,0.999957787024215
"Pcbp1",1013.2079943746,0.000233567849887574,0.00685877727523032,0.479984879518707,0.999957787024215
"1600020E01Rik",26.2821627612428,4.42697734138621e-05,0.00686642818436415,0.513613977666583,0.999957787024215
"Mxd1",23.3342913413553,2.55758148124284e-06,0.00686646277177909,0.968208794566066,0.999957787024215
"Snrnp27",235.239734439946,3.61685920515087e-05,0.00686413666575383,0.848880805587742,0.999957787024215
"Gmcl1",60.7617569029623,9.54112056228711e-05,0.00686601485356077,0.346390573500856,0.999957787024215
"Anxa4",20.5926871366604,3.67621282366614e-06,0.00686649599796671,0.951557955300723,0.999957787024215
"Aak1",304.838571290164,0.000153055038483238,0.00686349398932879,0.469791208278061,0.999957787024215
"Nfu1",114.008981528111,2.98125213243976e-05,0.00686538127726848,0.828597297465873,0.999957787024215
"Gfpt1",118.023352375176,8.62074910192318e-05,0.00686534805507615,0.536144033152977,0.999957787024215
"Arhgap25",53.2401920303078,-7.73989773264254e-05,0.0068660994039883,0.417328208121037,0.999957787024215
"Rab43",40.6136066513623,-3.88959979205198e-05,0.00686624792454456,0.643607889234276,0.999957787024215
"Isy1",265.573918402339,0.000136199924837884,0.00686380769672362,0.498747363437006,0.999957787024215
"Cnbp",1164.67380467251,-0.000120997266789007,0.00685806208641614,0.725896387138742,0.999957787024215
"Copg1",102.751999322894,4.8526974351023e-06,0.00686554596944942,0.970047284439254,0.999957787024215
"Hmces",23.7219463965973,4.60036171731989e-05,0.00686650015332438,0.443548134503925,0.999957787024215
"Rab7",220.336927755827,-1.03605336211972e-05,0.00686426428604821,0.955375503873527,0.999957787024215
"Rpn1",553.758444267756,2.33813955526886e-05,0.00686157254357491,0.930146941449966,0.999957787024215
"Eefsec",59.9812453432998,-1.32870032178204e-05,0.0068660502839317,0.893125872877278,0.999957787024215
"Ruvbl1",289.715044461399,-0.000291840624177197,0.00686371372864972,0.153581821476692,0.999957787024215
"Sec61a1",164.473760778721,-8.20788845054748e-06,0.00686484803073404,0.959616506094677,0.999957787024215
"Mcm2",217.820870811101,5.27082520273831e-05,0.00686440197885848,0.769631504680126,0.999957787024215
"Tpra1",15.0647275704398,-5.27790341237757e-06,0.00686656949176187,0.918379839259021,0.999957787024215
"Chchd6",83.6773812039306,1.10773172909597e-05,0.00686574368951137,0.925381127528132,0.999957787024215
"Vmn1r43",22.486116977117,-2.25652087783253e-05,0.00686647637782728,0.718927262578622,0.999957787024215
"Zxdc",17.1851459547807,-1.01935152066364e-05,0.00686654385885372,0.85247440400611,0.999957787024215
"Iqsec1",37.6804738825065,-2.25896645520675e-05,0.00686629015939272,0.779132712786092,0.999957787024215
"Nup210",202.189985661747,-6.64178583734117e-06,0.00686444404401216,0.970296856921818,0.999957787024215
"1810044D09Rik",12.9588259862879,-1.26818162173318e-05,0.00686659381097588,0.792271397962375,0.999957787024215
"Chchd4",175.956509235584,-2.43092981479267e-05,0.00686475323837512,0.883615316513334,0.999957787024215
"Tmem43",25.388481092336,-3.16903382356627e-05,0.00686643718235545,0.635482676110259,0.999957787024215
"Xpc",32.5558626987679,-2.80373350284472e-05,0.00686637283866246,0.701559840233279,0.999957787024215
"Lsm3",335.158767616074,5.75920659760868e-05,0.00686322589640436,0.793717833655718,0.999957787024215
"Slc6a6",195.027973626018,6.85630593976316e-05,0.00686450506614254,0.696874979213188,0.999957787024215
"Ccdc174",100.085029422412,1.28872165421764e-05,0.00686555267693019,0.92034908062409,0.999957787024215
"Nr2c2",131.517612116863,-7.56080947146345e-05,0.00686520676304427,0.604890807452425,0.999957787024215
"Mrps25",142.578620511888,2.40827796632405e-05,0.0068650833990165,0.873959285390195,0.999957787024215
"Rbsn",32.3338555397163,6.99926269940895e-05,0.00686635698989593,0.348351422632012,0.999957787024215
"Slc25a26",37.3022024414881,-4.94327749540003e-05,0.0068662945761445,0.537503031837546,0.999957787024215
"Suclg2",194.003856721991,-0.000349687878259861,0.00686465680367178,0.0396828882688033,0.999957787024215
"Eogt",15.2703068456982,-9.39695325304816e-06,0.00686656484812823,0.856920667239678,0.999957787024215
"Tmf1",160.144388982379,9.3497032760286e-05,0.00686490447758982,0.558227363235796,0.999957787024215
"Uba3",77.1221637808761,1.76048913692022e-05,0.00686583688501685,0.87590893989312,0.999957787024215
"Arl6ip5",509.108116396339,0.000153271600684477,0.00686178809317363,0.557250626470966,0.999957787024215
"Frmd4b",54.3950999858934,4.38092830126086e-05,0.00686611032511187,0.643433024629981,0.999957787024215
"Foxp1",819.185965833186,-8.19890201331207e-05,0.00686433998875605,0.652937195876071,0.999957787024215
"Eif4e3",91.5990937267522,2.89917042184348e-05,0.0068656593996162,0.813761805762055,0.999957787024215
"Rybp",76.4540149486631,5.87616827243872e-05,0.00686583446716335,0.602684588702614,0.999957787024215
"Shq1",52.4393165018624,5.51307000419265e-06,0.00686610924398223,0.953585476196425,0.999957787024215
"Ppp4r2",192.445566653646,4.12022597319062e-05,0.00686456038078116,0.812648519171558,0.999957787024215
"Trnt1",235.716550294908,6.31337810500919e-05,0.00686423070363974,0.734819514980704,0.999957787024215
"Crbn",66.941054866431,-8.43124081579146e-06,0.00686595117174835,0.936334854508012,0.999957787024215
"Sumf1",32.7496021559067,-2.92361525014811e-06,0.00686635524934574,0.968820131394894,0.999957787024215
"Itpr1",197.313662488667,0.000164464605012514,0.00686462493081806,0.336940846924774,0.999957787024215
"Bhlhe40",242.807010964431,-1.34135602707853e-05,0.00686406138741263,0.944451651537688,0.999957787024215
"Arl8b",139.839610658084,6.04753090438272e-05,0.00686520122064378,0.679538457218355,0.999957787024215
"Edem1",168.537073984461,-5.90366493390806e-06,0.00686486451798174,0.970821729164632,0.999957787024215
"Rad18",178.347269053366,6.28946354478671e-05,0.0068647377298283,0.705956624666253,0.999957787024215
"Srgap3",122.177353154897,0.000147561296614731,0.0068653259334981,0.293364009388221,0.999957787024215
"Thumpd3",128.202669703187,6.98045895462e-06,0.00686522474209078,0.961680408186436,0.999957787024215
"Gt(ROSA)26Sor",47.1213842607882,4.97267627171024e-05,0.00686617055125998,0.581291453490214,0.999957787024215
"Setd5",432.518668812204,0.00013805069094404,0.00686243975935389,0.570697597260265,0.999957787024215
"Mtmr14",40.4971317532681,-5.16720208047542e-05,0.00686625873742364,0.534476908599322,0.999957787024215
"Brpf1",62.9143888248335,-7.26413619677149e-05,0.00686600672098054,0.475825856150039,0.999957787024215
"Ogg1",30.2815875850177,-8.89766749728096e-06,0.00686637551277736,0.902872892604014,0.999957787024215
"Tada3",38.5225371174086,-1.44538293822079e-05,0.00686627758049293,0.859428279102553,0.999957787024215
"Arpc4",399.642865207346,-7.59541808823207e-05,0.00686260553473503,0.750392891743426,0.999957787024215
"Jagn1",126.339718402311,-7.70727144502705e-05,0.00686527608049031,0.58950629948514,0.999957787024215
"Emc3",156.430207608319,-3.6845683034902e-05,0.00686491456544675,0.817038755759275,0.999957787024215
"Fancd2",50.8349719455123,-6.43707794460664e-05,0.00686612700264851,0.490806316890097,0.999957787024215
"Brk1",240.253004818296,-0.00011451584588169,0.00686416643764659,0.544017705383877,0.999957787024215
"Vhl",27.7919194519444,-6.78236290395793e-06,0.00686640628435248,0.922763286669439,0.999957787024215
"Irak2",28.3231153888795,6.15025555702227e-06,0.00686639967190724,0.930581499108547,0.999957787024215
"Tatdn2",37.2960553529014,-6.34579211760824e-05,0.00686629140841268,0.430188135842254,0.999957787024215
"Sec13",261.91573159367,0.000132551694295853,0.00686386514218521,0.506159569393358,0.999957787024215
"Atg7",40.2048566154532,-6.23309968418166e-06,0.00686626582519722,0.939844687499073,0.999957787024215
"Vgll4",107.248697646128,2.6034374490382e-05,0.00686545840786854,0.845728726809065,0.999957787024215
"Tamm41",60.4553852888621,3.3397675979744e-05,0.00686603295010027,0.738634152283064,0.999957787024215
"Tsen2",21.2561436807365,-7.13848911554116e-06,0.00686648758283374,0.907535798369084,0.999957787024215
"Mkrn2",40.0854604970406,6.96039363988239e-05,0.00686625843084016,0.40287109333647,0.999957787024215
"Raf1",105.135949303417,2.33479164760366e-05,0.00686550528856754,0.858946640385922,0.999957787024215
"Rpl32",9457.09315989116,-3.08637854400522e-05,0.00684865703718811,0.95048400378347,0.999957787024215
"Mbd4",28.5883819830115,-2.05526288689285e-05,0.00686639662952366,0.77189376601606,0.999957787024215
"Tmcc1",104.646593960363,1.94194779941791e-05,0.00686551583593816,0.881997842220556,0.999957787024215
"Washc2",122.466521976923,-0.000113320058781146,0.00686529451680985,0.42471625384099,0.999957787024215
"Zfand4",35.6786595647995,-6.867601318066e-05,0.00686631812743564,0.379392329667871,0.999957787024215
"Marchf8",28.6898847045031,-1.78535473592365e-05,0.00686639831286114,0.800725249920801,0.999957787024215
"Zfp422",47.0859709529932,-3.2692617821403e-05,0.00686616737585951,0.71764170581781,0.999957787024215
"Zfp637",18.038489464235,-2.15354236776248e-05,0.00686653873891667,0.697751391381032,0.999957787024215
"Zfp239",35.6960295433319,9.12385705253271e-06,0.00686632952174509,0.905824931185888,0.999957787024215
"Hnrnpf",1492.5034326415,4.76032266402849e-05,0.00685723262395885,0.895133708715281,0.999957787024215
"Csgalnact2",25.0706638860162,-2.78215221577811e-05,0.00686644660205972,0.672799045946612,0.999957787024215
"Bms1",316.621581027913,-4.18135239028002e-05,0.00686336572304163,0.846403474308054,0.999957787024215
"Zfp248",14.8363767185313,2.47360701376062e-05,0.00686657052568481,0.630117672849847,0.999957787024215
"Ankrd26",95.3421227542892,2.50084872534551e-05,0.00686569664781817,0.836222236749594,0.999957787024215
"Dcp1b",27.5394705639933,1.89376140825306e-06,0.00686641595131051,0.978104022508178,0.999957787024215
"Adipor2",121.0196532821,2.3488611890723e-05,0.00686532129269868,0.867377197023541,0.999957787024215
"Fbxl14",65.5526511982432,3.78253738792709e-05,0.00686595274658262,0.719816215732731,0.999957787024215
"Erc1",102.181966698884,-8.26479191149806e-05,0.00686557159170921,0.518053823048094,0.999957787024215
"Rad52",22.4773278483516,-2.07550255262816e-05,0.00686648607334894,0.736287661018808,0.999957787024215
"Wnk1",874.243069377527,0.000127231825422705,0.00685941270560301,0.688420551015448,0.999957787024215
"Ninj2",12.4549178837943,-7.13123038024105e-06,0.00686660002718387,0.880056814632342,0.999957787024215
"Ccdc77",46.1265366563739,4.32991419731611e-05,0.00686619664523411,0.623316607622936,0.999957787024215
"Kdm5a",211.025553423947,6.06059011083788e-05,0.00686445086687874,0.733648210226614,0.999957787024215
"Il17ra",32.0870885580012,-1.86709090523163e-05,0.00686635196315925,0.803650415952189,0.999957787024215
"Hdhd5",16.7878055518407,-2.08095723443453e-05,0.00686654448337013,0.703814910134277,0.999957787024215
"Atp6v1e1",125.675247048873,1.41819913217405e-05,0.00686525720742251,0.92140994948362,0.999957787024215
"Bcl2l13",48.9020418731885,5.15332908755944e-05,0.00686614705650829,0.575121632212247,0.999957787024215
"Bid",65.7750408531571,5.50925031392111e-05,0.00686597984574227,0.59513123976218,0.999957787024215
"Usp18",26.833406510211,-2.25591943384717e-05,0.00686646620168022,0.723662259972465,0.999957787024215
"Gm44148",13.5485445003929,-1.76183210834374e-05,0.00686658916967616,0.718135858342251,0.999957787024215
"M6pr",292.68746657352,0.000109706616584268,0.00686355382728713,0.60104107379761,0.999957787024215
"Slc2a3",129.744498102152,0.000159215967151399,0.00686524754447098,0.269567406514696,0.999957787024215
"Necap1",32.7082276511171,-3.03893758532677e-05,0.00686635204647226,0.685689151334826,0.999957787024215
"Lpcat3",115.396338082975,2.03058660834327e-05,0.00686536900503659,0.883280044706479,0.999957787024215
"Emg1",686.862761155917,0.000209130851725768,0.00686055241339969,0.4734304799992,0.999957787024215
"Phb2",783.710694515727,-0.000228302093019588,0.00686002686522556,0.45232245210785,0.999957787024215
"Ptpn6",152.444917033561,-0.000146356969683376,0.0068649603259904,0.352078128390515,0.999957787024215
"Grcc10",196.20997080404,-0.000162866831824756,0.0068645292754245,0.352200954027512,0.999957787024215
"Atn1",23.1677462641821,-1.2789938701775e-05,0.00686646434039178,0.841613945296301,0.999957787024215
"Tpi1",958.903225814391,0.000535198092062839,0.00685894043755775,0.102002172711164,0.999957787024215
"Usp5",80.1730510693617,-4.10186356904786e-05,0.00686582497282928,0.717708994529751,0.999957787024215
"Cdca3",166.204326786686,5.63357352432145e-05,0.00686480759768022,0.730900667720282,0.999957787024215
"Lag3",35.7539818089468,-1.76834415717927e-05,0.0068663128432625,0.821974988879623,0.999957787024215
"Ptms",110.397933651028,-0.000182472650265492,0.00686546668204626,0.171288223641487,0.999957787024215
"Mlf2",136.217795544016,6.00539426664281e-05,0.00686513507345724,0.687833188597868,0.999957787024215
"Cops7a",104.471736666813,5.25618424492418e-05,0.00686549077416938,0.690783595841134,0.999957787024215
"Zfp384",39.2422684243759,2.07846598086413e-05,0.00686626828488725,0.800833840597392,0.999957787024215
"Ing4",44.6044749652019,-8.23390243952157e-06,0.00686620876054117,0.924779204710971,0.999957787024215
"Chd4",863.364652299037,-0.000176718956155546,0.00685948578491384,0.575649004850858,0.999957787024215
"Nop2",112.268498570978,-9.9212208863364e-05,0.00686544058148617,0.461450064536777,0.999957787024215
"Gapdh",3007.15900561398,0.00105377406484786,0.00685297279904482,0.015201302379911,0.999957787024215
"Ncapd2",146.198271460216,2.06689731300614e-05,0.00686505425105045,0.892628297039142,0.999957787024215
"Mrpl51",337.573181546975,-0.000114789862505825,0.00686314942691637,0.606102878843666,0.999957787024215
"Tapbpl",70.3164075914243,3.92588452621927e-05,0.00686593281004839,0.713022118805549,0.999957787024215
"Cd27",41.3437004779742,-1.20413714193684e-05,0.00686623998939475,0.886970565842716,0.999957787024215
"Tnfrsf1a",30.169664848656,-2.88802615257012e-05,0.00686638674483221,0.687705558649707,0.999957787024215
"Cd9",75.0716552192679,0.000101381685234154,0.00686584003569361,0.3676941987385,0.999957787024215
"Ndufa9",181.602772152324,-2.75932819312271e-05,0.0068646449956308,0.871412697994705,0.999957787024215
"Rad51ap1",111.588628566384,-5.002473135658e-05,0.00686544560258021,0.709859393886859,0.999957787024215
"D6Wsu163e",30.8670799000772,1.30112208440557e-06,0.00686636896958346,0.985881202981703,0.999957787024215
"Tigar",43.1474664530085,2.49062814490786e-05,0.00686621604129743,0.773739291029546,0.999957787024215
"Ccnd2",965.522150058451,-0.000149357752425205,0.00685944840846412,0.637013424621803,0.999957787024215
"Parp11",63.4903466865871,-3.0520330598487e-05,0.00686597583973397,0.769029275074918,0.999957787024215
"Cracr2a",42.7079019982749,-1.82589348239013e-05,0.00686622102113606,0.832321630007916,0.999957787024215
"Tulp3",20.3042187807279,2.40156617435196e-05,0.00686650077700804,0.688810405470817,0.999957787024215
"Rhno1",52.8338290836505,6.4916934616512e-05,0.00686611393939345,0.491551810943926,0.999957787024215
"Foxm1",38.1769085476398,1.08489247717924e-05,0.00686627668871648,0.8943442093603,0.999957787024215
"Itfg2",31.3142938778261,-2.24862371997035e-05,0.00686636529778188,0.760813118657479,0.999957787024215
"Fkbp4",292.530238716149,-0.000107825286232821,0.00686355148654257,0.607426994022038,0.999957787024215
"BC035044",152.996342167402,8.07283879836895e-05,0.00686504441024543,0.599105161578888,0.999957787024215
"Clec2i",32.075761556211,-7.88249729096851e-06,0.00686641201952075,0.909556818132774,0.999957787024215
"ENSMUSG00000121482",22.1169031876351,-3.07592024460522e-05,0.00686647876910659,0.622266585528759,0.999957787024215
"Clec2d",88.9268621886288,-2.71688556839277e-05,0.00686568231639262,0.823463649953839,0.999957787024215
"2310001H17Rik",42.3159165768335,-4.40020936317238e-05,0.00686623029688748,0.606790880266369,0.999957787024215
"Cd69",154.013892178513,7.88833139946896e-05,0.00686526558455645,0.582121421296407,0.999957787024215
"Gabarapl1",64.2652957818743,-5.59631167562908e-05,0.00686597741804785,0.589902072789591,0.999957787024215
"Klrd1",130.585951635821,-0.000382494723570358,0.00686530675532697,0.00681563537961702,0.999957787024215
"Klrk1",147.334405870777,-4.28361798810898e-05,0.00686623315769814,0.615404322325041,0.999957787024215
"Klra5",49.0518492300195,-0.00027687376786185,0.00686622860923981,0.00122383579083705,0.999957787024215
"Magohb",228.828522063575,0.000131070486972823,0.00686421297806145,0.483449655867154,0.999957787024215
"Ybx3",1192.44354396302,5.05278663998212e-05,0.00685797059063352,0.884203158897685,0.999957787024215
"Smim10l1",59.5308415118425,-4.77893417615229e-05,0.00686605108804441,0.62874853716977,0.999957787024215
"Etv6",168.679359418522,1.23954692494825e-05,0.00686481318024201,0.939592456256091,0.999957787024215
"Lrp6",60.0687080663718,-6.75108133387085e-05,0.00686607627565543,0.486786634009814,0.999957787024215
"Borcs5",25.4450711052363,5.0622909796182e-05,0.00686644121141791,0.446091168717299,0.999957787024215
"Dusp16",17.4515413866754,6.36793919643412e-06,0.00686654474968289,0.90732864149113,0.999957787024215
"Cdkn1b",68.5939933760543,7.13248273562496e-05,0.00686597077451028,0.493950491646618,0.999957787024215
"Lockd",105.740966974172,-1.24334741704389e-05,0.00686557145561658,0.922543372809538,0.999957787024215
"Ddx47",144.882301915942,1.48541494331234e-05,0.00686503934533918,0.923055800677278,0.999957787024215
"Fam234b",14.006375097282,1.86702174073304e-05,0.00686658094401292,0.708594157309525,0.999957787024215
"Emp1",21.6050088314517,2.70214617245839e-05,0.00686648498183743,0.661682860537589,0.999957787024215
"Atf7ip",132.451830418283,-8.93533586114371e-05,0.00686527325793719,0.532016850078326,0.999957787024215
"H2aj",506.889583617276,5.45953272254913e-05,0.0068617487751101,0.835037982474559,0.999957787024215
"Wbp11",284.926862311316,-3.94443898504084e-05,0.00686370387769428,0.847305075531932,0.999957787024215
"Arhgdib",1676.18349318876,-0.000165789052528834,0.00685608545240887,0.664440116395334,0.999957787024215
"Eps8",46.9313221164958,-6.49660506822235e-05,0.00686620429434372,0.458112144672619,0.999957787024215
"Strap",364.735683724576,5.44249325564816e-05,0.00686302587282184,0.810012160691511,0.999957787024215
"Dera",116.023997861343,-9.18596256703427e-05,0.00686536585582914,0.507073680961564,0.999957787024215
"Plekha5",134.027223043384,6.34860532591912e-06,0.00686519514360958,0.96547691655037,0.999957787024215
"Aebp2",325.613356594214,6.92835777285519e-05,0.00686328495698,0.751072555188912,0.999957787024215
"Pyroxd1",32.2171013508635,2.06479477678036e-05,0.00686635910510306,0.781492798588649,0.999957787024215
"Recql",74.4699431887946,-9.102220517434e-06,0.00686585062912297,0.935168686811476,0.999957787024215
"Golt1b",100.874412686709,2.59590915736759e-05,0.00686553615561649,0.841433479944535,0.999957787024215
"Cmas",332.103229872803,4.28652072991498e-05,0.00686332779574498,0.843449238644763,0.999957787024215
"St8sia1",43.1456847831309,0.000115116637860801,0.0068662501717445,0.169973761602597,0.999957787024215
"C2cd5",100.597435688184,7.59898690548056e-05,0.00686556722810221,0.553051435595502,0.999957787024215
"Etnk1",224.43778607583,-4.22375805310021e-05,0.00686446439290785,0.812003273760824,0.999957787024215
"Bcat1",159.827084592389,8.68875934213659e-05,0.00686487930796117,0.588891626329108,0.999957787024215
"Irag2",213.684201136186,-0.000138452726421824,0.00686432137273041,0.449365045570607,0.999957787024215
"Etfrf1",20.9743926696362,-5.93087560513915e-06,0.00686649627111783,0.921884958439247,0.999957787024215
"Kras",488.127086209193,4.2265404375704e-05,0.00686190084148917,0.869958292846611,0.999957787024215
"Itpr2",96.7551839467775,-3.5899024264223e-05,0.00686559025128235,0.777197705143758,0.999957787024215
"Ints13",76.3827572964913,3.70856710774463e-05,0.00686581654074043,0.74487877702628,0.999957787024215
"Fgfr1op2",287.059087247764,-3.36492444921073e-05,0.00686362460736564,0.871162645703939,0.999957787024215
"Med21",208.891284753995,0.000159244555611863,0.00686437554496616,0.378921978459606,0.999957787024215
"Mrps35",141.304725087066,-3.43552424367747e-05,0.00686509132496146,0.820555206921734,0.999957787024215
"Klhl42",28.7117600622205,-1.02047739367983e-05,0.006866430603712,0.87987822652426,0.999957787024215
"Ccdc91",18.2820558242542,4.31250121685777e-06,0.00686652497560484,0.939829483205105,0.999957787024215
"Ergic2",238.118114492213,8.57026906257775e-05,0.00686407927531466,0.655122776345333,0.999957787024215
"Ipo8",109.982988947863,-1.34805002418397e-05,0.00686551849767941,0.917842891645,0.999957787024215
"Sinhcaf",204.092634705501,-8.54791443805928e-05,0.00686444974291092,0.631360435913271,0.999957787024215
"Etfbkmt",15.6531304484492,9.43699742687578e-06,0.0068665599057555,0.858060631306956,0.999957787024215
"Amn1",32.7539791940345,-6.58231311660661e-05,0.0068663557245895,0.378558676916242,0.999957787024215
"Resf1",226.138770780506,8.17719904392587e-05,0.00686422630790828,0.661141178389544,0.999957787024215
"Bicd1",25.4956541559543,9.20150850481228e-05,0.00686645257415917,0.158509106034145,0.999957787024215
"Gm35037",22.5022179914823,2.39701167712547e-05,0.00686647864813209,0.701108497919534,0.999957787024215
"Ndufa3",276.834754857489,-0.000112085653227422,0.00686369923444733,0.584542943901177,0.999957787024215
"Tfpt",43.5329679998791,-2.91832367839088e-05,0.00686621311993661,0.736902007670194,0.999957787024215
"Prpf31",200.614979243106,-2.28006318649351e-05,0.00686444868567089,0.898184065727248,0.999957787024215
"Cnot3",166.403561407037,8.36937409305261e-05,0.00686480651815222,0.609486593034312,0.999957787024215
"Leng1",32.1521883535988,-3.14842727694983e-05,0.00686635371125705,0.674378878221124,0.999957787024215
"Mboat7",40.8327490679613,1.3130722654136e-05,0.00686624493896923,0.876240754223166,0.999957787024215
"Tsen34",50.3864209063118,4.58402240446318e-05,0.00686613420442379,0.62167484847566,0.999957787024215
"Rps9",6036.00711808197,-6.09814252996224e-05,0.00685005801773128,0.89838193835965,0.999957787024215
"Lair1",33.3434067426526,8.11132489516019e-06,0.00686634252885258,0.914953520658021,0.999957787024215
"Leng8",42.100766944328,4.81573967415415e-05,0.00686626108355934,0.561721189580282,0.999957787024215
"Rdh13",14.6710071510493,1.25127054950204e-05,0.00686657302926522,0.806301810818726,0.999957787024215
"Ppp1r12c",83.5911407177877,6.45908230137516e-05,0.00686575812827625,0.582306748592921,0.999957787024215
"Tnnt1",21.6933570607783,-2.33042539340712e-05,0.00686648309855512,0.706827293645765,0.999957787024215
"Ppp6r1",185.148846622441,-9.74596746666792e-05,0.00686462869136922,0.569003662525266,0.999957787024215
"Hspbp1",160.586703299734,6.35379507022424e-05,0.00686493054054638,0.688647316794466,0.999957787024215
"Kmt5c",22.4856976152635,1.58300438190075e-05,0.00686650836071188,0.788792796195029,0.999957787024215
"Tmem238",171.916549648087,-8.61564382626754e-05,0.00686474763821765,0.60438642464739,0.999957787024215
"Rpl28",6841.55724514641,0.00012821755108846,0.00684958736429122,0.791142058222038,0.999957787024215
"Ube2s",82.244807403145,3.6784459274083e-05,0.00686580531197273,0.748317401321456,0.999957787024215
"Fiz1",28.5021054823086,-8.0676158920871e-06,0.00686640700349587,0.908094239974419,0.999957787024215
"Zfp524",19.9383456840369,1.13167826988988e-05,0.00686650428302807,0.849318996604521,0.999957787024215
"Zfp865",25.7853554061844,-2.13525214540867e-06,0.00686643831354423,0.974476239724593,0.999957787024215
"U2af2",286.69059460892,-6.97781860983863e-05,0.00686364673705348,0.735735408654662,0.999957787024215
"Epn1",69.9760523340254,1.60845129637855e-05,0.00686593956651858,0.879734052272785,0.999957787024215
"Zfp787",25.0793955748656,-8.73161670195486e-06,0.00686646286923696,0.891752253908753,0.999957787024215
"Zfp444",28.6900248309075,-3.79395966860486e-05,0.00686641416621663,0.583387985431465,0.999957787024215
"Clcn4",24.9337936772268,2.59497912309255e-05,0.00686644215849191,0.695680185225284,0.999957787024215
"Zfp329",33.8104458301607,9.11735050726753e-06,0.00686633263232984,0.905553670233537,0.999957787024215
"Zfp110",60.1913875482782,-1.41371233067529e-05,0.00686601043738836,0.889363800608026,0.999957787024215
"Zscan22",13.2244760383325,-1.37047254634404e-05,0.00686659190464358,0.777167738199154,0.999957787024215
"Rps5",5562.4222391341,0.000311967929008471,0.00685037634056343,0.509515994088954,0.999957787024215
"Trim28",182.022558224537,1.88049811237031e-06,0.00686465010945459,0.991187958819215,0.999957787024215
"Zbtb45",20.2049279142645,-3.7298177655798e-05,0.00686650581748626,0.529982024648916,0.999957787024215
"Chmp2a",248.672782892356,-5.8868326353083e-05,0.00686397428067398,0.763431051690554,0.999957787024215
"Ube2m",585.18744871155,0.000215748728793048,0.0068611983953591,0.43465194247324,0.999957787024215
"Lig1",259.069983478736,-1.65546215083433e-05,0.00686389604965012,0.933471701909614,0.999957787024215
"Selenow",716.116046408705,0.000201751236249137,0.00686141599743728,0.456115804682226,0.999957787024215
"Nop53",307.778027177952,7.99426789561114e-05,0.00686341848497635,0.70895742655641,0.999957787024215
"Bicra",43.3352923471315,-2.8955747022402e-05,0.0068662145310308,0.738554223244055,0.999957787024215
"Napa",84.2274952637049,6.07428430280542e-05,0.00686572940089124,0.610042553848483,0.999957787024215
"Kptn",19.5078963207557,-3.55445577218544e-05,0.00686651092819313,0.545477994702143,0.999957787024215
"Ccdc9",52.6163857057502,-2.26787992792687e-05,0.00686611051250898,0.810588768903867,0.999957787024215
"Bbc3",47.74694711927,-7.85749425249495e-06,0.00686619334470517,0.929184224139968,0.999957787024215
"Sae1",360.310989506033,9.49789775622457e-05,0.00686294593710819,0.678040574343731,0.999957787024215
"Zc3h4",110.96834978826,-2.33291492093079e-05,0.00686542543972277,0.863286887661427,0.999957787024215
"Tmem160",275.177532134021,0.000202072740106423,0.00686389923022389,0.307951647560529,0.999957787024215
"Arhgap35",74.5216550219658,2.89357159652217e-05,0.00686584838407499,0.796197294398401,0.999957787024215
"Ap2s1",348.401053402788,5.76410767016265e-05,0.00686306835880557,0.797893006331016,0.999957787024215
"Slc1a5",356.530496756814,-0.000100980265242513,0.00686297952687813,0.657533207964476,0.999957787024215
"Fkrp",30.7978473046007,-1.00486660236722e-05,0.00686637515649634,0.8904334480692,0.999957787024215
"Strn4",61.838981678462,-3.55941792099073e-05,0.00686601834286237,0.72476232712978,0.999957787024215
"Prkd2",116.872602355422,-8.30665006881347e-05,0.00686536252815231,0.549049452869512,0.999957787024215
"Calm3",418.100316498672,-6.48968834286508e-06,0.00686251081138321,0.978557871304428,0.999957787024215
"Ppp5c",132.67278955727,-1.56931173080796e-05,0.00686517276737186,0.915397399804005,0.999957787024215
"Pglyrp1",41.4100225105009,-1.15231502004085e-05,0.00686623729234529,0.892080701639516,0.999957787024215
"Ccdc61",19.2754593962063,-1.56541696118157e-05,0.00686653469633659,0.779642931361532,0.999957787024215
"Irf2bp1",18.1868043585032,-6.04673344982546e-06,0.00686653329179829,0.914201226844196,0.999957787024215
"Sympk",74.4557991338401,6.10235461474165e-05,0.00686584062002599,0.58755624208467,0.999957787024215
"Dmwd",20.7111403642119,9.40215857562882e-06,0.00686649951877881,0.87571049462449,0.999957787024215
"Fbxo46",21.8119037428058,-2.87943542526058e-08,0.00686649858734826,0.999618482128803,0.999957787024215
"Snrpd2",1059.92702154688,0.000231795446144397,0.00685894431861625,0.478700529609986,0.999957787024215
"Eml2",42.3006651647818,-3.44039185036733e-05,0.00686625311032149,0.680849190369248,0.999957787024215
"Opa3",41.4349125983221,-1.30521467487817e-05,0.00686623790145155,0.877796472472754,0.999957787024215
"Vasp",407.206934273984,-2.74323897759008e-05,0.0068625443369289,0.909189630743386,0.999957787024215
"Ercc1",33.671608004592,3.3837693898912e-05,0.00686633295306839,0.659566770283076,0.999957787024215
"Polr1g",154.414482761228,-6.52966274802272e-05,0.00686503448510415,0.671582493015665,0.999957787024215
"Ercc2",17.6418010419787,2.16818054800554e-05,0.00686653407731511,0.698763386490696,0.999957787024215
"Ckm",27.1228393482891,-4.69667892754135e-05,0.00686644198105486,0.479090832518895,0.999957787024215
"Mark4",17.3694910850179,1.45221966227161e-05,0.0068665414141792,0.792193344810678,0.999957787024215
"Trappc6a",146.725159528977,1.4797262913644e-05,0.00686505124297429,0.923084579591514,0.999957787024215
"Ppp1r37",19.6052088577619,2.05728868026152e-05,0.00686651396323916,0.724810626210143,0.999957787024215
"Gemin7",93.3559442685967,-6.32361899002515e-05,0.00686562199331539,0.613318697655854,0.999957787024215
"Clasrp",34.5244853696453,-7.12778292270484e-06,0.00686632257074021,0.926943421140498,0.999957787024215
"Relb",42.467210241955,-1.85089640405118e-05,0.00686625070339431,0.825281576721309,0.999957787024215
"Clptm1",85.4612752866583,-3.44006894364811e-05,0.00686573188222117,0.77244023102387,0.999957787024215
"Tomm40",334.548453476406,7.89689271013006e-05,0.00686350706086226,0.708637742135593,0.999957787024215
"Bcl3",44.9223029395091,9.18638157444738e-06,0.00686619636724118,0.917027823460361,0.999957787024215
"Ceacam16",16.4040390029193,-1.36288136726002e-05,0.00686655211894182,0.799910496383701,0.999957787024215
"Pvr",19.9889286794454,4.73609235766927e-06,0.00686650330973277,0.936745705210173,0.999957787024215
"Zfp180",25.4090983091833,1.82963067410977e-05,0.00686643615336451,0.784665144755448,0.999957787024215
"Kcnn4",34.4052293223277,-1.54367897363926e-05,0.00686632864374427,0.841510509224052,0.999957787024215
"Smg9",19.0249313977965,1.27517233779815e-05,0.0068665356575605,0.819341954844013,0.999957787024215
"Xrcc1",37.8392087363353,-2.14820170804845e-05,0.00686631534800223,0.784005487994257,0.999957787024215
"Ethe1",37.2777784980679,-2.00869874361875e-05,0.0068662924882448,0.802590766766071,0.999957787024215
"Tmsb10b",50.9961046012709,-9.3472519308121e-06,0.00686611954147652,0.92076403644762,0.999957787024215
"Rps19",6711.21184047148,6.33167617723205e-05,0.00684959922423399,0.89591535773533,0.999957787024215
"Arhgef1",314.306957097342,-2.80962862023183e-05,0.00686335798617136,0.896555539795575,0.999957787024215
"Rabac1",177.227975682493,-8.57256744708947e-06,0.00686472152115174,0.95914971222126,0.999957787024215
"Zfp574",23.6323408778318,-4.3602063511382e-05,0.00686645918711043,0.49940344328816,0.999957787024215
"Pou2f2",27.106913512838,1.24914694466046e-06,0.0068664225586635,0.985416538940995,0.999957787024215
"Dedd2",27.6049897767539,1.08958000005255e-05,0.00686640810830861,0.87591085263323,0.999957787024215
"Gsk3a",64.5893176273158,3.44839491698739e-05,0.00686597120011387,0.740790737877388,0.999957787024215
"Cic",39.2050267194653,2.07443089434969e-05,0.00686628474745361,0.797891112371394,0.999957787024215
"Pafah1b3",35.7615020288546,6.86974559511976e-06,0.00686632668907905,0.929250284606287,0.999957787024215
"Dmac2",24.5916925432723,-6.94928177037926e-05,0.00686645088133834,0.288207607521694,0.999957787024215
"Bckdha",18.1792949065829,-7.80504706596471e-06,0.00686652674196084,0.890930689636741,0.999957787024215
"Exosc5",146.119597921219,0.000110428999103967,0.00686506219269753,0.469778037773467,0.999957787024215
"B9d2",44.1527448402805,6.71230230852473e-05,0.00686620887249481,0.441445375102109,0.999957787024215
"Tgfb1",277.839586878163,0.000205700849843331,0.00686370210018975,0.315431126435514,0.999957787024215
"Ccdc97",16.8205418222568,1.39975499419529e-06,0.00686654870221462,0.979398214025871,0.999957787024215
"Hnrnpul1",366.672500406104,-0.000206215506290434,0.0068628977604489,0.370408377815453,0.999957787024215
"Egln2",29.2794523795257,3.84099184824223e-05,0.00686638910175966,0.591755936119933,0.999957787024215
"Rab4b",108.113553993655,3.12331041362814e-05,0.00686547121041034,0.814536245169332,0.999957787024215
"Snrpa",300.829162105439,-6.86429194461809e-05,0.00686347475417401,0.74652482758386,0.999957787024215
"Shkbp1",13.7627620100248,-1.33986736071842e-05,0.00686658338271247,0.787132699148762,0.999957787024215
"Sertad3",19.7499144811587,-2.99683048748643e-05,0.00686651019547173,0.610774835287623,0.999957787024215
"Sertad1",29.6739289467538,5.34044904412452e-05,0.00686638492155919,0.458380581745476,0.999957787024215
"Pld3",46.1092026924014,8.61210216362101e-06,0.00686618625066366,0.922881228797161,0.999957787024215
"2310022A10Rik",46.5723882707891,2.69896921484611e-05,0.00686617452624574,0.763916827251225,0.999957787024215
"Akt2",129.483215226988,-2.91089061911739e-05,0.00686521679883376,0.841609560829688,0.999957787024215
"Zfp60",16.337297608539,1.78653013601127e-05,0.00686654981886222,0.7410589270921,0.999957787024215
"Zfp626",17.974658577495,-3.38573282309973e-05,0.00686653066287574,0.548610529367207,0.999957787024215
"Zfp780b",18.9003778088963,2.24408386275247e-06,0.00686652729255388,0.968513814894542,0.999957787024215
"Zfp850",22.8879161979325,6.44839573933616e-05,0.00686648476359146,0.29655206266222,0.999957787024215
"Psmc4",419.276655148239,6.80174836955072e-05,0.00686245917252379,0.779476752867327,0.999957787024215
"Fbl",752.757127226345,0.000186782657015752,0.00686007953536679,0.537048085355249,0.999957787024215
"Eid2",36.0423568210224,4.25678205823332e-05,0.00686630596912594,0.590891093630453,0.999957787024215
"Timm50",152.925483303159,-8.88458122014061e-05,0.00686495412981781,0.572801095347168,0.999957787024215
"Supt5",177.298649561885,-4.58059749421904e-05,0.00686476557489617,0.782019528553761,0.999957787024215
"Rps16",9217.26525204246,7.21427554926598e-05,0.00684863449650627,0.884660336836065,0.999957787024215
"Zfp36",36.0041721146317,1.33011345030805e-05,0.00686632314919026,0.864053028519982,0.999957787024215
"Med29",95.1488494415514,5.55035699491542e-05,0.0068655979653003,0.660697227299092,0.999957787024215
"Paf1",80.9805388687446,-9.99966069659884e-06,0.00686576328563412,0.931966663632129,0.999957787024215
"Samd4b",50.4946409726356,2.40887079360326e-05,0.00686612675637468,0.796564044800424,0.999957787024215
"Gmfg",337.941129397384,0.000147957101414164,0.0068631618856298,0.50555095958519,0.999957787024215
"Fbxo17",33.8212025757054,4.30464392956488e-05,0.00686633608836145,0.573809787527625,0.999957787024215
"Mrps12",153.702083969095,0.000106564426005788,0.00686498646900085,0.494908849795952,0.999957787024215
"Sars2",22.1160644086185,-1.62603579157655e-05,0.00686648307230316,0.792995505284134,0.999957787024215
"Nfkbib",72.635921487072,5.31053596967143e-05,0.00686588003016313,0.629505786016727,0.999957787024215
"Sirt2",63.8639627054598,-0.000111393153565682,0.00686596873527684,0.285998514567979,0.999957787024215
"Rinl",216.148550068957,-0.000146603468307887,0.00686452024780929,0.403299513517541,0.999957787024215
"Hnrnpl",589.353372626072,-3.46911844432284e-05,0.00686116746775646,0.900306147847781,0.999957787024215
"Ech1",216.854802873498,0.000110005203282882,0.00686431541556471,0.548298372899176,0.999957787024215
"Actn4",363.564035604974,0.00023165149820491,0.00686291558810149,0.313206449066679,0.999957787024215
"Eif3k",642.631401067987,7.97638613641049e-05,0.00686078473549761,0.780487016932207,0.999957787024215
"Map4k1",78.5219186800667,2.35653315092449e-05,0.00686580512342534,0.837156155822217,0.999957787024215
"Rasgrp4",26.7458251967096,5.67674980330183e-05,0.00686642371178938,0.405360251953007,0.999957787024215
"Fam98c",28.0488271024615,4.0458937905185e-06,0.00686640316179372,0.954079866599061,0.999957787024215
"Psmd8",486.098650682242,0.000162435473031873,0.00686195962128524,0.526726116985888,0.999957787024215
"Yif1b",99.5425532662341,6.56320961126126e-05,0.00686555079791264,0.610853629936688,0.999957787024215
"Spint2",167.728635330086,0.000124242239982128,0.00686480981681766,0.447897390815694,0.999957787024215
"Sipa1l3",26.73689690359,-4.90236978884583e-06,0.0068664196783296,0.943052188121143,0.999957787024215
"Zfp84",43.1431010342994,-7.87519302399044e-05,0.00686622253912532,0.36047255390439,0.999957787024215
"Zfp74",21.3087517328403,-3.61915838960644e-06,0.00686649046753971,0.952795229621555,0.999957787024215
"Zfp568",43.3882264172318,2.67071162041632e-05,0.00686621889712102,0.757259063369255,0.999957787024215
"Zfp566",14.1033148890536,1.7500148649886e-05,0.00686657923786214,0.727322704306944,0.999957787024215
"Zfp260",38.9269315958554,-1.27214082323897e-05,0.00686627400855577,0.876581600366841,0.999957787024215
"Zfp382",13.3508114077293,1.29800364749204e-05,0.00686658825768502,0.790832787769864,0.999957787024215
"Zfp146",32.2499309651365,-4.40876050811726e-05,0.00686636017888003,0.553154253713439,0.999957787024215
"Capns1",133.647972696945,3.58795214777966e-06,0.00686522549841668,0.980293332507013,0.999957787024215
"Tbcb",147.461866533267,2.95253659422187e-05,0.00686500983386942,0.849027847326573,0.999957787024215
"Polr2i",112.3294432346,5.61084580869759e-05,0.00686540335026459,0.681250395067872,0.999957787024215
"Alkbh6",22.9919926963899,5.50903427031431e-06,0.00686646608190852,0.931207874949923,0.999957787024215
"Sdhaf1",70.3294695911636,-1.09269127103941e-05,0.00686588745084269,0.920596283302321,0.999957787024215
"Tyrobp",56.4870444793522,0.000164394545114253,0.00686618385194863,0.0651746925960521,0.999957787024215
"Hcst",201.939773875397,-2.12582897852855e-05,0.00686443424549349,0.905330863275039,0.999957787024215
"Nfkbid",34.4113511643419,-2.67624470315788e-05,0.00686633393486565,0.72723804625582,0.999957787024215
"Lin37",32.8064256390684,-1.52700799188721e-05,0.00686636547481126,0.836190522818145,0.999957787024215
"Psenen",261.059793788635,0.000130646803904231,0.0068639401531354,0.506743825149906,0.999957787024215
"U2af1l4",56.9095765376592,7.30424825269115e-06,0.00686613704183951,0.937184082569576,0.999957787024215
"Igflr1",23.6301757500417,1.95692398776805e-05,0.00686645948156228,0.761669346917554,0.999957787024215
"Kmt2b",61.9794719261103,-6.41320920636121e-06,0.00686599346908801,0.95023933819558,0.999957787024215
"Zbtb32",255.22481570561,0.000161887344251726,0.00686402569688111,0.403482469476359,0.999957787024215
"Cox6b1",1255.00732670978,5.19989351881041e-05,0.0068575823707354,0.883376463986738,0.999957787024215
"Rbm42",155.393078512195,-5.29963892431136e-05,0.00686492536496289,0.738574180661775,0.999957787024215
"Haus5",23.9372003068758,4.52097007028411e-05,0.00686646111162011,0.482328013932391,0.999957787024215
"Tmem147",220.15465817543,2.27993477880747e-05,0.00686424884378456,0.902295702626298,0.999957787024215
"Usf2",62.1426763104927,1.25499140149556e-05,0.00686598858039064,0.903108352079464,0.999957787024215
"Fxyd5",1278.97196577381,0.00034324758875528,0.00685800771292093,0.321453171229957,0.999957787024215
"Gramd1a",55.4772137644191,3.04202681607501e-05,0.00686607171294324,0.75479503640954,0.999957787024215
"Uba2",220.560948352155,7.27460714290524e-05,0.00686425904518712,0.694693481953249,0.999957787024215
"Pdcd2l",55.9805156514168,5.65550943644686e-05,0.00686609204109641,0.555606218028273,0.999957787024215
"Gpi1",350.134411327964,0.000122237040987178,0.00686302713560035,0.589164780719898,0.999957787024215
"Garre1",69.2412087240511,-5.84192663834701e-06,0.00686590464719438,0.957074413986612,0.999957787024215
"Lsm14a",177.20853026474,-4.84201072568226e-05,0.00686470548060482,0.77321028573011,0.999957787024215
"Pepd",60.7334336299245,1.39669431915705e-06,0.006866007588884,0.989055338533238,0.999957787024215
"Cebpg",89.5294559041402,-1.87520289471237e-05,0.00686566854391991,0.87839258969737,0.999957787024215
"Gpatch1",56.7615875507685,-5.62681592328371e-05,0.00686605377948877,0.568440753308212,0.999957787024215
"Faap24",66.1164082266803,-2.98848534040552e-05,0.00686594202094327,0.778291983180516,0.999957787024215
"Cep89",39.5615521058737,-4.96083704993536e-05,0.00686627339299996,0.545017975644386,0.999957787024215
"Nudt19",151.756347588771,-0.000120682344148059,0.00686501134364746,0.436326938137563,0.999957787024215
"Ankrd27",34.5493287302285,-1.85159438706783e-05,0.00686633252434419,0.809611587294267,0.999957787024215
"Pdcd5",567.315785428728,6.65766107705585e-05,0.00686138122663572,0.806351064550255,0.999957787024215
"Dpy19l3",23.0316788751588,3.81504885397418e-05,0.00686646961883868,0.547569972806484,0.999957787024215
"Zfp507",61.4571117898691,-5.38279063277655e-05,0.00686602193760173,0.593506707735197,0.999957787024215
"Tshz3",18.9514843333123,-4.64120949579679e-05,0.00686655169308178,0.388532878354962,0.999957787024215
"Uri1",207.928926101344,-0.000101259484033981,0.00686440225582211,0.573673461065096,0.999957787024215
"Ccne1",180.19563619758,2.83324331679705e-07,0.00686477200419671,0.998632296593164,0.999957787024215
"1600014C10Rik",31.1443254213736,-3.31030418550844e-05,0.00686637070157608,0.651831674430271,0.999957787024215
"Pop4",32.6622435446791,-2.09039259224948e-05,0.00686634781800712,0.781805522781979,0.999957787024215
"Gm33989",16.7604243182328,-7.90237485939862e-06,0.00686654465575853,0.885162720548617,0.999957787024215
"AI987944",21.566498162374,-3.37430189294563e-06,0.00686648729100704,0.95623985938776,0.999957787024215
"2610021A01Rik",26.1327190292119,-2.20679189658675e-05,0.00686642662420071,0.745282838259218,0.999957787024215
"Zfp141",24.8894619375589,3.76744889748802e-05,0.0068664572406357,0.560739363164216,0.999957787024215
"Zfp715",16.2316728551559,9.86672625182989e-06,0.00686655732729455,0.852593993017739,0.999957787024215
"Nkg7",2164.75849946925,0.000384794204937237,0.00685559023952931,0.324945437198162,0.999957787024215
"Etfb",635.86086762209,0.00016722699221213,0.00686085984524629,0.556554764912988,0.999957787024215
"Zfp719",16.0461054879896,-3.50861194969373e-05,0.00686655831207145,0.507759665626376,0.999957787024215
"Klk8",111.546683860659,7.00218011312131e-06,0.00686543352086117,0.958656468000268,0.999957787024215
"2410002F23Rik",90.2656715174568,-6.70130155344794e-05,0.00686572044024336,0.575318722969364,0.999957787024215
"Josd2",104.224084178844,-2.96339192549931e-05,0.00686549641867641,0.822157614138893,0.999957787024215
"Emc10",137.258720709344,8.12762744465356e-05,0.00686512610236993,0.587614602016128,0.999957787024215
"Pold1",51.7503071766034,3.38627392842444e-06,0.00686612177253505,0.971203723790181,0.999957787024215
"Nr1h2",49.8524185735808,5.53972431316033e-06,0.00686614863838779,0.951890568754899,0.999957787024215
"Napsa",20.0381026395919,4.40111488964547e-05,0.00686650857398345,0.456225626378492,0.999957787024215
"Vrk3",51.3778568614846,-1.40222419572558e-05,0.00686614355919321,0.879117673483081,0.999957787024215
"Atf5",21.169111032196,-2.48898000372779e-05,0.00686650298305841,0.676820591256166,0.999957787024215
"Nup62",103.010710179263,-3.6412167725933e-05,0.00686551553025319,0.780789474667479,0.999957787024215
"Akt1s1",27.6858645687203,-4.09734600324921e-06,0.00686641132380955,0.952960173562581,0.999957787024215
"Pnkp",40.9566040042494,1.84931694352295e-05,0.00686624339410075,0.826641390434494,0.999957787024215
"Med25",34.2472865202775,-1.66733027577345e-05,0.0068663256220835,0.829587069231172,0.999957787024215
"Ap2a1",56.4546097211724,-7.19707012739307e-05,0.00686606305225425,0.462746392596786,0.999957787024215
"Prmt1",713.706947595201,-7.58280615251002e-05,0.00686037215462641,0.797751942714525,0.999957787024215
"Bcl2l12",31.6747652657806,-3.5864210011218e-06,0.0068663583869992,0.961608348292418,0.999957787024215
"Irf3",53.6773012985052,-3.11838046864794e-05,0.00686609102264577,0.745384806803211,0.999957787024215
"Scaf1",57.3972794586335,-2.98286358745086e-05,0.00686605473032272,0.762229697846318,0.999957787024215
"Prr12",20.2441946758703,-1.9750571499737e-05,0.00686650566380666,0.739538728544904,0.999957787024215
"Nosip",67.612672843111,3.55544169982021e-05,0.00686592698887967,0.739939688791583,0.999957787024215
"Rps11",6670.12312420743,-0.000152696859941011,0.00684979786969004,0.75099522004673,0.999957787024215
"Rpl13a",6831.47777783992,-9.03428186085506e-05,0.00684988034153641,0.850718820572798,0.999957787024215
"Flt3l",93.5516153832643,-3.24926400243208e-05,0.00686572614895846,0.785323298657976,0.999957787024215
"Aldh16a1",24.5497011103087,-2.02945257191489e-05,0.00686645150834843,0.756200177324412,0.999957787024215
"Pih1d1",78.066847807045,5.11873535236021e-05,0.00686579784176627,0.656493729304356,0.999957787024215
"Dkkl1",36.8861190946231,4.87585816626036e-06,0.00686629365726434,0.951551315296603,0.999957787024215
"Cd37",307.363027644474,-0.000161871193831682,0.00686342016873714,0.449663940052141,0.999957787024215
"Trpm4",15.9013531373548,6.51692540240579e-06,0.00686655644489056,0.902531885186749,0.999957787024215
"Hrc",26.1379806668535,4.88631953564352e-05,0.00686643500598614,0.46632920072149,0.999957787024215
"Snrnp70",690.853904004233,-4.94739522779548e-05,0.00686064411683122,0.86433228561814,0.999957787024215
"Ruvbl2",199.183280235897,2.05499511774374e-05,0.00686448917629596,0.907377887618186,0.999957787024215
"Gys1",23.4212772626579,1.41263031553787e-05,0.0068664665607851,0.824676142411381,0.999957787024215
"Ftl1",3680.36887144696,-0.000168040062641534,0.006855402702684,0.669877186747363,0.999957787024215
"Bax",1575.87805323339,0.000107484029301438,0.00685639678208744,0.775329678772126,0.999957787024215
"Dhdh",19.4983151402117,-1.10902811189213e-05,0.00686651031302517,0.85056620799778,0.999957787024215
"Nucb1",294.022680203321,0.000135504501021342,0.00686366920463291,0.51067496397131,0.999957787024215
"Ppp1r15a",41.5118979219176,1.206902156741e-06,0.00686623882063626,0.988646010907034,0.999957787024215
"Bcat2",77.2568581491973,4.69067257875264e-05,0.00686587485548793,0.670931901368483,0.999957787024215
"Rpl18",6286.61977830521,0.000148035443808185,0.00685022974549067,0.75533854020326,0.999957787024215
"Gm31597",23.9836505024053,1.70901271389978e-05,0.0068664549189598,0.792630103807345,0.999957787024215
"Cyth2",50.9023654311953,5.93917422727674e-05,0.00686614444617444,0.519163353520925,0.999957787024215
"Grwd1",72.4564651939323,-1.33802070656525e-05,0.00686587195294525,0.903693411845131,0.999957787024215
"Kdelr1",153.500509042039,3.95023304591399e-05,0.0068650611887204,0.796024139725962,0.999957787024215
"Emp3",232.967327559087,9.26104150909429e-05,0.00686415174398344,0.624626506389902,0.999957787024215
"Nomo1",108.722444564166,-3.22419180695883e-05,0.00686554607745734,0.802980901241731,0.999957787024215
"Sergef",44.7956308394377,-3.32185428924559e-05,0.0068661954882073,0.706602039382103,0.999957787024215
"Saal1",69.1849340164694,-3.23722467931423e-07,0.00686590163643314,0.99762435468016,0.999957787024215
"Hps5",36.9599612364386,-7.20068389552577e-05,0.00686630068382583,0.365950519874304,0.999957787024215
"Gtf2h1",226.079244958084,-1.4317165572331e-05,0.00686425001719784,0.938537653868397,0.999957787024215
"Ldha",3280.79502227399,0.001027201988583,0.0068525526952121,0.0197390713335648,0.999957787024215
"Tsg101",157.168974666504,4.92880450924327e-05,0.00686515518128742,0.740023801007474,0.999957787024215
"Uevld",22.2887565743785,1.331248374725e-05,0.00686647517519903,0.832203395741691,0.999957787024215
"Spty2d1",70.305952579354,-4.89836479009735e-05,0.00686589723447983,0.65315774779865,0.999957787024215
"Ptpn5",48.6567511725886,-1.34188892815257e-05,0.00686617113641745,0.881634894976658,0.999957787024215
"Zdhhc13",49.4615152626642,1.46068180158882e-05,0.00686614141680581,0.874334750185017,0.999957787024215
"E2f8",91.2993674836737,-8.25872029660794e-05,0.00686564688860804,0.504579478119721,0.999957787024215
"Htatip2",54.159996736643,-2.10343392177723e-05,0.00686608886430582,0.826892389329457,0.999957787024215
"Prmt3",112.256938098926,-3.76979702143332e-06,0.00686540673588786,0.977955455229874,0.999957787024215
"Fancf",21.2883096949071,5.61601901974855e-05,0.00686650120169414,0.348628979889322,0.999957787024215
"Gas2",32.4718438182809,3.31808375321869e-05,0.00686636009818118,0.655392023249206,0.999957787024215
"Tubgcp5",76.7474081562532,3.48574420618978e-05,0.0068658132217887,0.760127383830575,0.999957787024215
"Cyfip1",49.5180127831388,-7.58856035665953e-06,0.00686614369613377,0.934395412144031,0.999957787024215
"Nipa2",198.090674468691,-1.06324627665939e-05,0.00686449497960535,0.951937282648454,0.999957787024215
"Herc2",123.121142720305,-8.51778074726434e-05,0.00686529377286271,0.548592781206518,0.999957787024215
"Atp10a",213.585784211868,6.83051050507486e-06,0.00686432799478016,0.970189178641494,0.999957787024215
"Ube3a",418.992337251635,9.14030021620943e-06,0.00686246436192677,0.969967013770636,0.999957787024215
"Klf13",203.876477795447,0.000148442490019131,0.00686445622249866,0.404050890126226,0.999957787024215
"Fan1",17.8942498746202,-4.03737422242233e-05,0.00686653546356332,0.469796330487888,0.999957787024215
"Mphosph10",304.112588727456,0.000117831754312808,0.0068634469724976,0.580593300860045,0.999957787024215
"Mcee",35.9577686463401,5.34886156708176e-05,0.00686630510585289,0.499793145986949,0.999957787024215
"Nsmce3",90.8602215393624,1.81187307316014e-05,0.00686566320136542,0.882752910456247,0.999957787024215
"Tjp1",25.220351856296,-4.04788861766072e-05,0.00686646216429539,0.528598681055807,0.999957787024215
"Tarsl2",31.6499326178753,-1.83657591908132e-05,0.00686637211317756,0.801975787361342,0.999957787024215
"Tm2d3",71.044497897316,8.83971084060958e-05,0.00686588425584279,0.420848320042062,0.999957787024215
"Snrpa1",570.10672418328,9.53737145777036e-05,0.00686128934595351,0.727680016810055,0.999957787024215
"Selenos",629.413380085999,0.000554343948862701,0.00686092609471963,0.0499878146755482,0.999957787024215
"Gm26827",17.5129277995571,-6.29365921017113e-06,0.00686653820732026,0.909743711954351,0.999957787024215
"Chsy1",462.585534970457,0.000311422012448874,0.00686214467264533,0.215846676004679,0.999957787024215
"Lrrk1",124.812845998502,0.000107574553791105,0.00686534234627699,0.441039197769697,0.999957787024215
"Asb7",30.6392418091888,-3.05661256749028e-05,0.00686637111698312,0.676780862310778,0.999957787024215
"Mef2a",364.740240029223,-0.000111302166153346,0.0068629574321621,0.626104006317907,0.999957787024215
"Lrrc28",52.0468542786515,3.56216536618392e-05,0.00686610970911751,0.70675831623098,0.999957787024215
"Fam169b",230.461134266528,7.05326236659959e-05,0.00686414976719268,0.709508808032259,0.999957787024215
"Mctp2",311.347438863626,9.61546282172488e-05,0.00686356888857779,0.645955484081998,0.999957787024215
"Chd2",252.803428156718,-0.000157281967224591,0.00686394067188466,0.424091307206613,0.999957787024215
"Chaserr",186.391429346004,-5.80726079637942e-05,0.00686460855688576,0.735538724290419,0.999957787024215
"Slco3a1",196.476074419016,8.75057787171247e-05,0.00686449950291062,0.619502991268333,0.999957787024215
"Akap13",483.117298463519,-4.7834937474821e-05,0.00686201682115869,0.85124435222585,0.999957787024215
"AU020206",445.58858389275,-0.000342900120542403,0.00686266606428575,0.147971165957241,0.999957787024215
"Klhl25",23.5237121623325,-2.81724388410387e-05,0.00686646304611714,0.660506920265282,0.999957787024215
"Mrpl46",128.401614320102,2.90342666514351e-05,0.00686522145984183,0.841774903278291,0.999957787024215
"Mrps11",100.298293273195,7.51455203555655e-05,0.00686558925580218,0.553796565194188,0.999957787024215
"Det1",28.3016486803376,-4.3389532924142e-07,0.00686640648090389,0.995049777750616,0.999957787024215
"Aen",118.126347725158,-7.56206907887564e-05,0.00686542299013555,0.577087953392759,0.999957787024215
"Isg20",60.5870181445321,3.30238395750759e-05,0.0068660514405237,0.738237776189062,0.999957787024215
"Abhd2",101.474296209448,0.000113089997494612,0.00686555619439887,0.379530681907888,0.999957787024215
"Fanci",27.3692695440201,-3.88183309733619e-05,0.00686641546054388,0.573986430256033,0.999957787024215
"Polg",20.5035934721742,-2.21266103874284e-05,0.00686650561775736,0.709574879851744,0.999957787024215
"Ticrr",59.8505904310006,4.1087193573915e-05,0.006866026522222,0.682767267017157,0.999957787024215
"Ap3s2",38.059641597767,2.49451291047166e-05,0.00686629274890965,0.756147013876185,0.999957787024215
"Zfp710",21.8532889602733,5.71831444502648e-06,0.00686649305107494,0.925125882592932,0.999957787024215
"Idh2",76.6716450695869,3.60874161460529e-05,0.00686581258983605,0.752016434557944,0.999957787024215
"Sema4b",24.6539635556678,4.41571392470907e-05,0.00686645527450101,0.496719513722816,0.999957787024215
"Cib1",129.402432982757,0.000124080067815093,0.00686522184707108,0.393540870346702,0.999957787024215
"Ngrn",75.7977310705233,8.18238206727862e-06,0.00686582241009771,0.942587558168775,0.999957787024215
"Vps33b",29.8502060435535,-3.5818733981158e-06,0.00686639440012011,0.959827661860467,0.999957787024215
"Prc1",389.172473663712,0.000182613261777268,0.00686282495485343,0.431964504007741,0.999957787024215
"Unc45a",28.0774772449271,-3.56325922853652e-05,0.00686640282936277,0.61221432784247,0.999957787024215
"Hddc3",51.3434216076794,3.55897160342378e-05,0.00686617838153592,0.691111911268651,0.999957787024215
"Man2a2",59.4917714098163,2.41352092277888e-05,0.00686602379193834,0.810619843233192,0.999957787024215
"Fes",15.6822000080778,-8.0567880793509e-06,0.0068665605608329,0.878450394529761,0.999957787024215
"Furin",53.4297987428771,-3.7296758607846e-05,0.00686609857081519,0.696101651868329,0.999957787024215
"Blm",199.67744178487,3.52261425927234e-05,0.00686447081570804,0.842545810252155,0.999957787024215
"Crtc3",131.890890608939,4.70758121002952e-05,0.00686530045227037,0.739670008806311,0.999957787024215
"Iqgap1",632.625633306251,1.39465620459694e-05,0.0068609548012737,0.960573281602451,0.999957787024215
"Wdr73",40.8469398501538,-4.30539608762232e-05,0.00686624716226538,0.60883317496431,0.999957787024215
"Sec11a",474.943172215875,0.000118156271500626,0.00686225318956747,0.634657580868522,0.999957787024215
"Zfp592",60.7889055177401,1.38661371528986e-06,0.00686600578432596,0.989147282862342,0.999957787024215
"Rps17",4216.46870927008,-3.4599767681417e-05,0.00685186487339551,0.938861523464744,0.999957787024215
"2900076A07Rik",18.4702077363738,6.04916710990898e-07,0.00686652354646771,0.991577274058864,0.999957787024215
"Whamm",33.652969117202,-2.4424949828723e-05,0.0068663543901895,0.744263420327994,0.999957787024215
"Ramac",80.5415904907537,5.54476755197789e-05,0.00686578946833621,0.631440581743316,0.999957787024215
"3110040N11Rik",59.3041789859547,-2.22763215428471e-05,0.00686602612482039,0.824687259962503,0.999957787024215
"Btbd1",240.877483697462,-1.21419343253676e-05,0.00686408087791032,0.949528381987583,0.999957787024215
"Tm6sf1",172.272152662249,-2.14324323896418e-05,0.00686477335200357,0.896792756865896,0.999957787024215
"Hdgfl3",91.3125112078513,-5.14797246680368e-05,0.00686565526762463,0.676294899866112,0.999957787024215
"Efl1",128.140397728741,-3.63881688384179e-05,0.00686530496661528,0.796987687936462,0.999957787024215
"Il16",54.9348417200858,1.51311667446349e-05,0.00686607170317873,0.876545662447973,0.999957787024215
"Tlnrd1",52.299769255694,4.48345324400954e-06,0.00686610642561437,0.962327680302731,0.999957787024215
"Mesd",156.713356035262,7.59961172873159e-05,0.00686492921614139,0.631879041128803,0.999957787024215
"Abhd17c",67.4894338729466,2.99126542763698e-05,0.00686594286563165,0.777979870345699,0.999957787024215
"Zfand6",251.208455595173,-6.02977542960933e-05,0.00686403692965514,0.755188141987938,0.999957787024215
"Ctsc",146.018234364082,0.00016965251723439,0.00686503126256624,0.271094846747444,0.999957787024215
"Tmem135",71.3376225268254,-6.87759239653465e-06,0.00686587826730575,0.950231938304358,0.999957787024215
"Hikeshi",204.787446590469,0.000154925716568376,0.00686444488882385,0.38499965480549,0.999957787024215
"Eed",237.663323816691,3.16301554130091e-05,0.0068640779552248,0.869096310248725,0.999957787024215
"Picalm",304.012279175105,2.04946562758126e-05,0.00686348422233672,0.923009033740524,0.999957787024215
"Sytl2",154.248528514225,1.68310859151236e-05,0.00686512347559314,0.910655845361036,0.999957787024215
"Crebzf",74.7356759273276,-2.2444189309286e-06,0.00686583700449594,0.984115535349242,0.999957787024215
"Tmem126a",205.86789352364,0.000120945780346805,0.00686439813779855,0.501932702643691,0.999957787024215
"Tmem126b",29.5405861737787,-8.74310839035362e-06,0.00686639744581858,0.9017421358165,0.999957787024215
"Ccdc90b",31.9084244272592,-7.10301524613147e-06,0.006866359904567,0.923907372624203,0.999957787024215
"Pcf11",118.338818562113,8.02155772705962e-05,0.00686533718017418,0.56633630177803,0.999957787024215
"4632427E13Rik",45.9056951457667,-2.25323539490572e-05,0.00686619032105999,0.799359903228426,0.999957787024215
"Ddias",66.0954650471459,-7.43813070345714e-05,0.00686597968032795,0.473129502452122,0.999957787024215
"Nars2",86.0918088726044,9.62674737537797e-05,0.00686571686091686,0.421727410358629,0.999957787024215
"Gab2",37.1961933787612,9.74812650009524e-05,0.00686630148260095,0.220579331296355,0.999957787024215
"Alg8",38.9442548471498,5.74465757580647e-05,0.00686626853612704,0.485540458450184,0.999957787024215
"Ndufc2",784.371253051338,-0.000117756632444985,0.00685998784218074,0.699105404363384,0.999957787024215
"Ints4",65.2886642256469,-5.38302791978072e-06,0.00686597265903078,0.958777837974055,0.999957787024215
"Aamdc",25.1621912563732,3.03548821496821e-06,0.0068664386096804,0.963705016885817,0.999957787024215
"Rsf1",227.081902730533,-2.99815325968657e-05,0.00686419636765331,0.873057224386388,0.999957787024215
"Clns1a",214.525403204665,1.07102794475412e-05,0.00686433998374529,0.953157082772343,0.999957787024215
"Acer3",87.5522407087675,9.41686433689586e-06,0.00686569064722587,0.938126596889251,0.999957787024215
"Lrrc32",17.0335370949596,-1.06785481322004e-05,0.00686654153078739,0.846346090650527,0.999957787024215
"Emsy",93.4697160313083,5.17982318775073e-05,0.00686566819236578,0.672601796447579,0.999957787024215
"Thap12",147.423413248796,-7.14672104841034e-05,0.006865034420894,0.642622893148708,0.999957787024215
"Uvrag",165.686643497946,4.26049757772817e-05,0.00686482430244153,0.793923269517697,0.999957787024215
"Map6",17.2195238239795,-1.66409960497252e-06,0.00686654457565554,0.975741404850369,0.999957787024215
"Rps3",6171.85758151017,0.000375843386302725,0.00684990285046564,0.433349523165325,0.999957787024215
"Spcs2",1112.8536713602,0.000434138152154265,0.00685858621314828,0.194465373519196,0.999957787024215
"Rnf169",144.076315588937,-2.32893196559321e-05,0.00686505574855953,0.879062220329317,0.999957787024215
"Pold3",113.148455491474,-4.83082325588479e-05,0.00686539150528437,0.724745538278598,0.999957787024215
"Lipt2",15.0660432065354,-2.66503702783726e-05,0.00686656817915863,0.606071270314643,0.999957787024215
"Pgm2l1",18.3811607991255,-1.20001834479708e-05,0.00686653017149306,0.83181053025796,0.999957787024215
"Ppme1",93.9223209498062,1.69210407589179e-06,0.00686561478278314,0.989245112981379,0.999957787024215
"C2cd3",97.4052884323682,-5.46048524185794e-05,0.00686559545159148,0.666193427125108,0.999957787024215
"Ucp2",533.694898621848,0.000152809119743024,0.00686156963538931,0.56681967288528,0.999957787024215
"Coa4",32.3571973726118,1.88756084851552e-06,0.00686635022528237,0.97998944869641,0.999957787024215
"Mrpl48",172.77257013961,-8.55380619546465e-05,0.00686475982648828,0.605892133967432,0.999957787024215
"Rab6a",155.423054152003,3.60079803952026e-05,0.00686492999264248,0.820389241740601,0.999957787024215
"Fam168a",81.9779351141713,1.71570475282532e-05,0.00686576701979646,0.883329148480415,0.999957787024215
"Relt",37.8035727262665,-1.06547642310025e-06,0.00686628149611359,0.989541446452564,0.999957787024215
"Fchsd2",135.900443409428,5.40181227206871e-05,0.00686526801993077,0.706072391171507,0.999957787024215
"Atg16l2",36.7136595476933,5.73880722514415e-05,0.00686631459889594,0.464388741187167,0.999957787024215
"Arap1",38.2244983489196,5.03466466473513e-05,0.00686629936583643,0.527890391216878,0.999957787024215
"Clpb",58.6336791343594,9.22775545946981e-06,0.00686602713794714,0.926836376568665,0.999957787024215
"Inppl1",15.1020734425043,-1.62573972615691e-05,0.00686656812400399,0.753111694468373,0.999957787024215
"Anapc15",139.285503924835,-1.53736392470004e-05,0.00686511456416916,0.918584151788491,0.999957787024215
"Lamtor1",270.85351605999,4.80426191332499e-05,0.00686375211199912,0.813120858018859,0.999957787024215
"Numa1",187.412876955545,2.51543375840241e-05,0.0068646372670607,0.882903938846014,0.999957787024215
"Rnf121",61.4494407861884,1.76236204618413e-05,0.00686599399993855,0.863789212304384,0.999957787024215
"Xndc1",45.7996402625426,-1.44489277143421e-05,0.00686618466633601,0.871154943672226,0.999957787024215
"Nup98",164.803951989536,-0.000141850196330502,0.0068648345509765,0.383198510576898,0.999957787024215
"Pgap2",46.4986502408181,3.74458698083935e-05,0.00686617713004409,0.676222821649734,0.999957787024215
"Rhog",101.106222932457,3.28377935321285e-05,0.00686553716041796,0.800131947558509,0.999957787024215
"Stim1",140.681872421357,-3.89967307526959e-05,0.00686512178134679,0.79497677485207,0.999957787024215
"Rrm1",450.810762100157,2.43733540941471e-05,0.00686233251931985,0.921223178156796,0.999957787024215
"Trim21",21.1488306013328,-5.31273097723709e-06,0.006866494916497,0.930181172570597,0.999957787024215
"Trim12c",81.8018447050855,-8.14376116134622e-05,0.00686582880108961,0.471999999759097,0.999957787024215
"Trim30a",200.649848171421,-7.46893188729202e-05,0.00686601532088923,0.460915934519302,0.999957787024215
"Smpd1",18.3881574347163,8.06047282645775e-06,0.00686652767618814,0.8871626122945,0.999957787024215
"Arfip2",31.5549496748955,-3.01786970287325e-06,0.00686636498294968,0.967424239250945,0.999957787024215
"Timm10b",420.535884802581,-1.12594969091381e-05,0.00686242818110072,0.963162687326714,0.999957787024215
"Rrp8",120.890163962936,-0.000107608550382305,0.00686531107743391,0.44585623058222,0.999957787024215
"Ilk",78.6910375342057,-2.18831869637132e-05,0.00686578970000946,0.849824146717935,0.999957787024215
"Taf10",713.036357203605,0.000101848140504992,0.00686054620904869,0.727115229598974,0.999957787024215
"Tpp1",38.6273590510256,9.48782396548004e-06,0.00686629069392057,0.906180582741924,0.999957787024215
"Mrpl17",350.413299354784,-3.15265281721044e-05,0.00686302315519883,0.889283367745995,0.999957787024215
"Gvin2",54.2295445821286,1.90575090981892e-05,0.00686608150658189,0.843777825464406,0.999957787024215
"ENSMUSG00000121501",199.64999319479,-0.000114197652984117,0.006864477020581,0.519039554804067,0.999957787024215
"Eif3f",890.827386810514,0.000219287647028305,0.006859310857382,0.492456331347125,0.999957787024215
"Rpl27a",8400.37448706739,7.1153868350295e-05,0.00684891653383283,0.885347058162274,0.999957787024215
"Akip1",62.4927636981371,5.86345930189575e-05,0.00686598331735345,0.570823260341159,0.999957787024215
"Tmem9b",102.384810645416,6.03473107923679e-05,0.00686551951511266,0.644110151599796,0.999957787024215
"Dennd5a",53.0290135353019,3.02798596393332e-05,0.00686610444524298,0.750093805126956,0.999957787024215
"Tmem41b",75.1210840197222,-7.46996747487899e-05,0.00686587044406665,0.499715971095751,0.999957787024215
"1600010M07Rik",19.3395587504079,-1.90961788592323e-05,0.00686654090905629,0.729304765789824,0.999957787024215
"Ipo7",386.042940931809,-1.42403468893603e-05,0.00686274405731295,0.951629170476246,0.999957787024215
"Zfp143",53.9354418986294,-3.70344684196939e-05,0.00686608667883689,0.700670447682569,0.999957787024215
"Wee1",41.8553146919677,7.94915420359572e-05,0.00686624034895539,0.347907606657251,0.999957787024215
"Swap70",75.6642229798807,-1.55489431230494e-05,0.00686583668327433,0.890314787256402,0.999957787024215
"Rnf141",58.3053844732535,1.32613274508296e-05,0.00686604153996877,0.893975828858926,0.999957787024215
"Ctr9",163.891178971301,-5.6328738284351e-05,0.00686490602613755,0.724181125203708,0.999957787024215
"Eif4g2",1761.8708647919,-3.2008049928175e-05,0.00685621377130017,0.932853120816579,0.999957787024215
"Zbed5-ps",16.5429235557259,-2.57461483474854e-05,0.00686654903657374,0.634537994410106,0.999957787024215
"Usp47",145.346591140829,9.8752843945624e-05,0.00686505442100818,0.518966136002157,0.999957787024215
"Arntl",18.5322461299391,3.84258423384937e-05,0.00686652923813213,0.497326500600064,0.999957787024215
"Btbd10",83.5397655599816,-3.49763314050477e-06,0.00686573252551822,0.97653638051811,0.999957787024215
"Far1",243.884307824361,1.8372988571894e-06,0.00686408338837836,0.99235415269438,0.999957787024215
"Rras2",190.256345803669,1.91589636389579e-05,0.00686456645481978,0.912122580417374,0.999957787024215
"Copb1",361.114807846081,3.82115341826514e-05,0.00686310700402123,0.864497887849796,0.999957787024215
"Psma1",703.998847123643,0.000229388454050727,0.0068604346017303,0.435970938587199,0.999957787024215
"4933406I18Rik",209.366196122102,3.02078109247628e-05,0.00686439279969743,0.866964701880885,0.999957787024215
"Pde3b",383.989750144223,-0.000188607739126706,0.00686274580726408,0.421624589109802,0.999957787024215
"1110004F10Rik",349.460489003831,3.80917363355459e-05,0.00686304801820661,0.865983753012522,0.999957787024215
"Plekha7",12.7002767369881,-9.52144991484801e-06,0.00686660032538276,0.840183074890604,0.999957787024215
"Rps13",6658.70067163908,0.000104936437670835,0.00684977975414507,0.827461602913574,0.999957787024215
"Pik3c2a",69.3169610980395,2.66433541542049e-05,0.0068659076652032,0.805748679817969,0.999957787024215
"Rps15a",10147.0252961494,2.2788794153355e-05,0.00684899617231397,0.963083479427154,0.999957787024215
"Arl6ip1",1059.94260173067,0.000543164757903767,0.00685965393677212,0.0817480793086996,0.999957787024215
"Smg1",337.52341112196,-8.15187396430604e-05,0.00686323058303744,0.711110119417159,0.999957787024215
"Coq7",101.300905335766,2.40372837697254e-05,0.00686552581719374,0.85364175324168,0.999957787024215
"Gde1",98.619382565226,-5.91654451369229e-05,0.00686562977411655,0.635192282103832,0.999957787024215
"Ccp110",53.0071021630244,-2.64258033252495e-05,0.00686610351150847,0.781182997960864,0.999957787024215
"Vps35l",45.9441591429159,4.94431438196012e-05,0.00686618380595598,0.579171671910762,0.999957787024215
"Knop1",194.044893865913,1.69186184016928e-05,0.00686466891394137,0.920494569176505,0.999957787024215
"Thumpd1",267.570130585823,6.10446495927615e-05,0.00686379080444236,0.762402404704741,0.999957787024215
"Eri2",25.1301536938788,4.75770724579808e-05,0.00686645684645419,0.462839652727459,0.999957787024215
"Rexo5",104.921986855331,2.19736757226836e-05,0.00686559658387226,0.862119948819427,0.999957787024215
"Dcun1d3",55.5406359466741,-1.60893426655068e-05,0.00686607507298149,0.868478580363757,0.999957787024215
"Lyrm1",47.4426929989813,-9.90301729084097e-06,0.00686616689928001,0.912811264403316,0.999957787024215
"Uqcrc2",449.728573222266,0.000145834871031809,0.00686219685952679,0.559979707174337,0.999957787024215
"Mosmo",95.4619032926645,-8.10975510857541e-05,0.00686559882843229,0.521133728343598,0.999957787024215
"Eef2k",21.0978174760832,1.26049842099383e-05,0.00686648947678967,0.836947183253244,0.999957787024215
"Polr3e",41.295992086265,8.1917985023773e-06,0.00686624272999067,0.922764547690932,0.999957787024215
"Cdr2",23.6869165467149,-7.10868738874845e-06,0.00686646186288023,0.911927560061582,0.999957787024215
"Mettl9",157.429037228839,9.3572729415075e-05,0.0068649045416228,0.557901991754211,0.999957787024215
"Usp31",46.5521545118544,7.65922027470863e-06,0.00686618359342211,0.931548802228555,0.999957787024215
"Cog7",18.6748907373902,-1.87367068739214e-05,0.006866526093734,0.742357215533355,0.999957787024215
"Ears2",18.1176292029427,-3.3967512814642e-05,0.0068665296508657,0.548181414913518,0.999957787024215
"Ubfd1",107.741289514819,4.14559838309291e-05,0.00686545595807209,0.756913853517737,0.999957787024215
"Ndufab1",731.601241532146,0.000210877337686117,0.0068604275847423,0.474143020492082,0.999957787024215
"Palb2",36.921159712493,8.17520432529021e-05,0.00686630291555341,0.303513129028413,0.999957787024215
"Dctn5",61.1875616120852,5.18801761050201e-05,0.00686604642558443,0.600858984855255,0.999957787024215
"Plk1",183.626110784418,0.000124947756817396,0.00686479174418818,0.447416114909317,0.999957787024215
"Prkcb",96.1075957982366,-5.81712125014317e-05,0.00686560212196385,0.644891435010914,0.999957787024215
"Rbbp6",388.13688878006,-2.95888244727889e-05,0.00686274675106066,0.899664900154133,0.999957787024215
"Tnrc6a",199.353223335158,-8.55601867591106e-05,0.00686446494348703,0.629910752985757,0.999957787024215
"Arhgap17",73.3209847554753,-7.06859245910908e-05,0.00686587660211681,0.521596795510766,0.999957787024215
"Lcmt1",54.7990185693114,-2.13448558296215e-05,0.00686607677247429,0.825907820302292,0.999957787024215
"Kdm8",15.8279877973088,2.82541823575992e-05,0.00686655688888824,0.595062429402908,0.999957787024215
"Nsmce1",159.222129144817,0.000104793540199652,0.00686488887935958,0.513446990919971,0.999957787024215
"Il4ra",89.2962726376904,6.09301420338314e-05,0.00686567321385632,0.61832647183309,0.999957787024215
"Il21r",100.27507805017,3.38155341287018e-05,0.00686572543506102,0.776884855483224,0.999957787024215
"Gtf3c1",108.843762644789,-3.56668892947023e-05,0.00686545096248196,0.790390429090241,0.999957787024215
"Katnip",32.4081530579453,5.7896960131722e-06,0.00686635197287605,0.938545846605218,0.999957787024215
"Xpo6",132.360513224041,3.35763015292553e-05,0.00686519130317156,0.819158409822989,0.999957787024215
"Lat",416.634343707124,0.000295296104563606,0.00686303642237547,0.191467823013442,0.999957787024215
"Spns1",31.8620676308961,-1.03763856823402e-05,0.00686635473682505,0.889732317284975,0.999957787024215
"Nfatc2ip",35.5090531409035,1.81408879295271e-05,0.00686631187354202,0.817642873371291,0.999957787024215
"Rabep2",39.1813947725142,-2.95702368515993e-05,0.00686627717689012,0.717223575809365,0.999957787024215
"Sh2b1",35.9239609780773,-4.18381360487509e-05,0.00686630613847501,0.597201820852706,0.999957787024215
"Tufm",92.9655537740095,-6.54629989983156e-05,0.00686564024334867,0.597935830336812,0.999957787024215
"Atxn2l",197.933419717194,0.000122577011972993,0.00686448882098136,0.487723895513066,0.999957787024215
"Eif3c",1496.60994533688,-0.000360821542197853,0.00685664187675781,0.332243229797729,0.999957787024215
"Cln3",60.9477338260449,4.39144979470338e-07,0.00686600925652327,0.996554905453873,0.999957787024215
"Apobr",47.0842826269726,-2.56214821169789e-05,0.00686616761300094,0.776827956434278,0.999957787024215
"2510046G10Rik",15.9407600253651,1.15613085633464e-06,0.00686655650798282,0.982664214095308,0.999957787024215
"Sgf29",77.70908941572,8.91640497446439e-05,0.00686582381432788,0.432235179218466,0.999957787024215
"Bola2",435.903851683948,5.34613288869292e-05,0.00686234405027174,0.828054247684143,0.999957787024215
"Coro1a",1906.20108321342,7.01916223208587e-05,0.00685536013052297,0.858923762932109,0.999957787024215
"Mapk3",30.4141742101552,1.71815371607481e-05,0.00686638113886331,0.812363155088566,0.999957787024215
"Ypel3",21.6578036818884,-4.2096443670694e-05,0.0068664930830726,0.489009758640821,0.999957787024215
"Ppp4c",412.506743358474,7.7180272011146e-05,0.00686253147897719,0.748650286379135,0.999957787024215
"Aldoa",1393.35192964207,0.000800010329090672,0.00685707102669111,0.0280411539862305,0.999957787024215
"Ino80e",115.059581217841,-4.7763753031285e-05,0.00686538296848734,0.728533738151845,0.999957787024215
"Hirip3",214.62831581285,-0.000195015574146879,0.00686431326549589,0.287438703365997,0.999957787024215
"Taok2",46.5281858342287,-4.78459118721878e-05,0.00686619272255003,0.588603982989229,0.999957787024215
"Tmem219",74.1739906828238,8.53390574263293e-05,0.00686584293804381,0.44758143636069,0.999957787024215
"Kctd13",43.1950922135387,5.24167715520961e-05,0.00686621845183929,0.544267481064158,0.999957787024215
"Cdipt",135.15605559552,3.77723133854581e-05,0.006865179250139,0.797781898514153,0.999957787024215
"Mvp",35.1571733153941,4.47085794234589e-05,0.00686631491981867,0.568546845503925,0.999957787024215
"Maz",140.979433315407,-5.04516020406275e-05,0.00686537101712296,0.715088138687533,0.999957787024215
"Kif22",128.845068187897,-6.74013446042886e-07,0.0068652153464413,0.996309806667428,0.999957787024215
"AI467606",44.597141654246,2.33747298901002e-06,0.00686620754422152,0.978640279989183,0.999957787024215
"Spn",213.13227230645,6.25983002514553e-05,0.0068643266317713,0.732056321200581,0.999957787024215
"Cd2bp2",97.8376704152284,-5.05783367606419e-05,0.00686558985954316,0.69017663258283,0.999957787024215
"Tbc1d10b",27.7496954001507,-3.88715616576292e-05,0.00686640747643882,0.577801682957961,0.999957787024215
"Mylpf",11.0824508190452,4.32448569116772e-06,0.00686661696066346,0.922982580913886,0.999957787024215
"Septin1",733.139728933448,-0.000170555392786049,0.0068603829675336,0.564026237636194,0.999957787024215
"Zfp553",29.1199039379432,4.40083517260148e-05,0.00686639223449415,0.537199768439538,0.999957787024215
"Zfp771",60.1732508198492,4.06085690232861e-06,0.00686602947699659,0.967715080486058,0.999957787024215
"Dctpp1",385.537388735171,-0.000143327484965511,0.0068630814514272,0.523556276295435,0.999957787024215
"Sephs2",160.924957926648,0.000130980739597646,0.00686488688760676,0.414301945864131,0.999957787024215
"Itgal",316.588668727152,2.25536469109145e-06,0.00686336665419311,0.991662378137269,0.999957787024215
"Zfp688",19.0195764162979,3.52598911411785e-05,0.00686651950333192,0.54173568262125,0.999957787024215
"B130055M24Rik",30.2501202787687,-9.30962429235288e-06,0.00686638138167635,0.89762522788543,0.999957787024215
"Prr14",55.9273023458673,2.17152143095335e-05,0.00686606038492052,0.824980472877292,0.999957787024215
"Fbrs",48.9806229750694,-9.60579816203946e-05,0.00686615791699747,0.291811881764807,0.999957787024215
"Srcap",114.833126970951,-9.74124422103054e-05,0.00686539919981662,0.476434454260013,0.999957787024215
"Tmem265",22.2941582831151,8.68327434476748e-06,0.00686647455836637,0.890199540858093,0.999957787024215
"Phkg2",58.3050944698169,1.10130277809382e-05,0.0068660308912133,0.912511015650315,0.999957787024215
"Rnf40",37.1849247789373,-3.79122589015987e-06,0.00686629412831431,0.962300619789934,0.999957787024215
"Bcl7c",188.781702390151,-0.000131152464585677,0.00686471783021827,0.433672961173857,0.999957787024215
"Orai3",39.6242892073607,4.33558069680425e-05,0.00686625982399097,0.601827651881936,0.999957787024215
"Setd1a",56.4011161628141,-7.32026576900049e-05,0.0068660585653626,0.456562601144658,0.999957787024215
"Stx4a",89.4739013298361,-2.03700363575338e-05,0.00686567185479857,0.867793939111695,0.999957787024215
"Zfp646",32.5283987786714,-7.13610163611033e-07,0.00686635831559915,0.992358840601232,0.999957787024215
"Vkorc1",49.3057269310356,3.49494388964116e-05,0.00686614919934495,0.703347029380063,0.999957787024215
"Bckdk",71.8840699864313,0.000103912814327967,0.00686587217158116,0.347321576013494,0.999957787024215
"Kat8",36.835640211059,-5.26101207249975e-05,0.00686629783395969,0.51020359456851,0.999957787024215
"Fus",775.61469618538,4.41147951194871e-05,0.00686024466208728,0.882640945223309,0.999957787024215
"Pycard",171.122893623434,3.39977120196284e-05,0.0068648072769446,0.835589852093565,0.999957787024215
"Rgs10",63.3003556093644,2.97796171108124e-05,0.00686601088115459,0.769432081255635,0.999957787024215
"Tial1",227.192384238289,7.59296785332035e-05,0.00686418329150599,0.686495554539489,0.999957787024215
"Bag3",18.2886330426819,1.21558773610401e-06,0.0068665313571748,0.982792064907841,0.999957787024215
"Inpp5f",16.9812657735304,3.70701755705142e-06,0.00686654402829888,0.946061058087671,0.999957787024215
"Mcmbp",206.276618312977,6.16731445103322e-05,0.00686442573692116,0.73054284710916,0.999957787024215
"Sec23ip",102.044687951538,7.21422587010089e-05,0.00686555851002737,0.574717722990049,0.999957787024215
"Wdr11",28.519532900757,4.99301298959016e-05,0.00686642361172155,0.464316568776607,0.999957787024215
"Fgfr2",22.9401874640522,-2.6421512606583e-06,0.00686647085630978,0.966706632331631,0.999957787024215
"Ate1",59.3357037874291,8.6846918476992e-06,0.0068660405230717,0.930497537309022,0.999957787024215
"Nsmce4a",286.062038611619,6.66441867211231e-05,0.00686367505097581,0.746074014886815,0.999957787024215
"Plekha1",20.3813334627403,3.34112728618007e-06,0.00686650423105412,0.955273633574191,0.999957787024215
"2310057M21Rik",38.2810065820721,3.42446594980891e-06,0.00686631542018385,0.965144730795593,0.999957787024215
"Pstk",78.8642172697227,-3.32747605458247e-05,0.00686579332450082,0.773005968399267,0.999957787024215
"Ikzf5",44.3283115544303,5.17911512446234e-05,0.0068662175584331,0.549410326158823,0.999957787024215
"Acadsb",36.5645884502779,-4.94242499374432e-05,0.00686630295651881,0.533889353368753,0.999957787024215
"Bub3",468.389958313541,0.000106558748326489,0.00686214027798634,0.6720888974674,0.999957787024215
"Oat",127.090010139227,6.97710843690276e-05,0.00686523613894532,0.62980074169692,0.999957787024215
"Fam53b",20.5330464897154,-1.13442626695811e-05,0.00686650013041659,0.85014246025388,0.999957787024215
"Eef1akmt2",66.6007238382448,2.45707304803997e-05,0.00686593303722911,0.817917091734793,0.999957787024215
"Abraxas2",61.0699004363123,1.60517797567815e-05,0.00686600190734399,0.8751962036244,0.999957787024215
"Zranb1",72.9179624462994,4.63249767753057e-06,0.00686589957474112,0.966055112650225,0.999957787024215
"Ctbp2",13.7792464269932,1.41492698551107e-05,0.00686658348486505,0.775456793863821,0.999957787024215
"Edrf1",52.7907194702928,-2.13280694227993e-05,0.00686612152265783,0.820175831229425,0.999957787024215
"Bccip",263.686786544861,0.000168948417493569,0.00686382488093918,0.40003352658564,0.999957787024215
"Dhx32",32.8073326259884,-4.48874364086536e-05,0.00686634617730599,0.552803519675177,0.999957787024215
"Ptpre",75.8552387277121,-2.40484904638181e-05,0.00686584363852109,0.830473004881795,0.999957787024215
"Mki67",1300.75353357048,0.000258626344951149,0.00685793949189813,0.456778577548242,0.999957787024215
"Mgmt",83.6440396247593,-0.000101154408639713,0.00686574121202293,0.392986886929296,0.999957787024215
"9430038I01Rik",63.9772002264859,7.34027202840866e-05,0.00686599959051231,0.473292553571518,0.999957787024215
"Glrx3",615.890319854013,3.90032931339361e-05,0.00686108587715036,0.888792353125905,0.999957787024215
"Ppp2r2d",110.467921542911,3.09876887103254e-05,0.00686542896563087,0.818852585291575,0.999957787024215
"Bnip3",256.897525650984,0.000319963180648445,0.00686390475304257,0.106118843314745,0.999957787024215
"Adam8",119.771901413321,2.15799323375818e-05,0.00686537044188763,0.875950664984612,0.999957787024215
"Tubgcp2",101.169504932998,-3.83808183297741e-05,0.00686556729335925,0.764469019023283,0.999957787024215
"Zfp511",91.7737076887942,-3.80921397810678e-05,0.00686569337879305,0.753217130424445,0.999957787024215
"Echs1",95.4455473826819,3.55847989257385e-05,0.00686559506661228,0.778654050045141,0.999957787024215
"Paox",62.2748328057892,5.60217347387141e-05,0.00686598403408754,0.587936136925365,0.999957787024215
"Mtg1",40.9330655117742,-3.54427447716313e-06,0.00686624322801397,0.966524635553472,0.999957787024215
"Bet1l",58.3547919589709,6.46306089592431e-06,0.00686603122350759,0.948577215559066,0.999957787024215
"Ric8a",50.0052963975691,3.11435766310928e-05,0.00686615995613276,0.732086020078138,0.999957787024215
"Sirt3",40.9631705099991,5.52685067354641e-05,0.00686624611163317,0.511660942049081,0.999957787024215
"Psmd13",316.857139653577,3.21922734202119e-05,0.00686347437310629,0.879519903244631,0.999957787024215
"Ifitm2",1725.11852292272,-0.000109811252591559,0.00685596804125423,0.775059567439667,0.999957787024215
"Ifitm1",1957.36396005741,-0.000510238464565458,0.00685745371214592,0.152875614289739,0.999957787024215
"Ifitm3",869.934862179246,0.000369259203992545,0.00686063450186366,0.202569288255571,0.999957787024215
"Pkp3",84.5819955934181,-1.01184698287259e-05,0.00686572544634549,0.932424165760689,0.999957787024215
"Sigirr",60.4362228724646,3.24893685073179e-05,0.00686600631349785,0.749860859142853,0.999957787024215
"Ptdss2",17.9323878537729,-2.56640090784928e-05,0.00686653240568496,0.648101294712265,0.999957787024215
"Rnh1",165.005190241227,-4.14036511427608e-05,0.00686482234666973,0.799707225798046,0.999957787024215
"Hras",228.431147570176,-5.58213965762862e-05,0.00686428078520328,0.762275954984972,0.999957787024215
"Phrf1",141.561783576665,-7.96933809386207e-05,0.00686513248619972,0.594189996297845,0.999957787024215
"Irf7",30.3983883904895,-4.36812171071372e-05,0.00686642651760621,0.520265253229414,0.999957787024215
"Deaf1",35.4970742137392,2.03979536577256e-05,0.0068663176505416,0.79413641342397,0.999957787024215
"Tmem80",32.0912213578801,2.54033864134302e-06,0.00686635461874958,0.972926955127759,0.999957787024215
"Taldo1",405.903097355123,6.5634479220889e-05,0.00686257971696485,0.784045718384474,0.999957787024215
"Gatd1",36.6205264824945,-1.76476515778588e-05,0.00686629831152803,0.825085315775073,0.999957787024215
"Slc25a22",23.6289067858745,4.69255682944367e-07,0.00686646640613195,0.994129900054551,0.999957787024215
"Rplp2",8011.79805122929,-3.10778949864751e-05,0.00684903182494895,0.949620884212873,0.999957787024215
"Pnpla2",73.3319633518626,2.74053730637738e-05,0.00686589919559778,0.801269670387494,0.999957787024215
"Polr2l",128.566482690673,-0.000107275918938251,0.00686525496008454,0.455839610854384,0.999957787024215
"Tspan4",94.2900575514321,0.000110297323921905,0.00686561053613748,0.380469393729962,0.999957787024215
"Chid1",36.4721074763818,2.79992777293815e-05,0.00686630344112251,0.724388599443471,0.999957787024215
"Ap2a2",73.4646649121416,5.74990737262537e-05,0.00686589176076475,0.598998608966121,0.999957787024215
"Tollip",26.133521848978,-2.92847947392282e-05,0.0068664319884842,0.663861021327024,0.999957787024215
"Mob2",52.948662272343,-8.72325962977806e-06,0.00686610087685278,0.927085111071084,0.999957787024215
"Ctsd",384.68820678489,3.98989386738834e-05,0.00686291243843484,0.862154015799013,0.999957787024215
"Lsp1",201.246248237037,-0.000111762312863923,0.00686446652658618,0.528934915420874,0.999957787024215
"Mrpl23",314.051391236234,-0.000144823967496647,0.00686341740670711,0.498988563108911,0.999957787024215
"Tssc4",49.0064910615709,5.05884278607615e-06,0.00686617177387219,0.955211503364983,0.999957787024215
"Kcnq1ot1",343.277964210043,0.000106946157129902,0.00686321407104581,0.627846519427395,0.999957787024215
"Nap1l4",397.366807572287,0.000155842523007957,0.00686263918585499,0.512226845422869,0.999957787024215
"Cars",73.5045378892434,2.73754213505227e-05,0.00686589278284064,0.802199955884839,0.999957787024215
"Tnfrsf26",32.8148420779087,-3.93610673737911e-05,0.00686635105906073,0.600581810158382,0.999957787024215
"Dhcr7",26.2042919313928,3.24149359341129e-05,0.00686642728159334,0.632897126435626,0.999957787024215
"Ppfia1",151.305431106913,1.99689834306735e-05,0.00686505424768877,0.896243795056093,0.999957787024215
"Fadd",17.3654517396149,1.27655548952759e-05,0.00686654475798839,0.81547849803827,0.999957787024215
"LTO1",19.2948543208149,-3.31637596973637e-05,0.00686651833214881,0.566957055893686,0.999957787024215
"Insr",24.7763169642681,-7.2729986682642e-06,0.00686645333998838,0.911145016301234,0.999957787024215
"Arhgef18",69.3415153066173,-0.000176354330131855,0.00686591530675809,0.102039658357583,0.999957787024215
"Mcoln1",15.8495946322551,8.82524198408313e-06,0.00686655744242817,0.867965614445471,0.999957787024215
"Xab2",27.8229673963398,2.72647814737524e-05,0.0068664204097094,0.690844547433433,0.999957787024215
"Pet100",86.7732989400058,-4.21581672135635e-06,0.00686570020357722,0.972153485042225,0.999957787024215
"Stxbp2",53.2088172164845,2.4330358969728e-05,0.00686609648489994,0.799187181689822,0.999957787024215
"Trappc5",89.4693851273541,-2.01069089434132e-05,0.00686567261180857,0.869441393688054,0.999957787024215
"Map2k7",38.297899648216,1.7392094378002e-05,0.00686627591623116,0.83152990240132,0.999957787024215
"Snapc2",13.8120293693378,-2.79751502105357e-06,0.00686658198989286,0.955211822894196,0.999957787024215
"Timm44",167.712359192116,2.1346938701286e-05,0.00686480793987765,0.896302409826193,0.999957787024215
"Elavl1",347.548058243427,-6.3693483472495e-05,0.00686307948572543,0.776878125444106,0.999957787024215
"Ccl25",46.7117962972938,-8.58963537632156e-05,0.00686619020338038,0.332619103846452,0.999957787024215
"Cers4",45.3009012499554,-9.72547304836993e-05,0.00686619322298407,0.271388510296046,0.999957787024215
"Zfp958",64.9548179787723,-1.08906991129182e-05,0.0068659520481953,0.917777368660479,0.999957787024215
"Shcbp1",120.974310388358,5.75509051043295e-05,0.00686532750747098,0.68177713354,0.999957787024215
"Arglu1",392.712171119651,6.23945245281123e-05,0.00686269158925067,0.791724122528277,0.999957787024215
"Abhd13",29.6325543866547,-3.56303837950499e-05,0.00686641685934965,0.605112212669101,0.999957787024215
"Naxd",98.9041268810741,8.13339100983653e-06,0.00686556221541627,0.949481095930933,0.999957787024215
"Cars2",57.6197976205332,0.000142482998003034,0.00686604662777876,0.15071296563441,0.999957787024215
"Ing1",141.470523822339,4.66168380009006e-05,0.00686509669920735,0.757866217972884,0.999957787024215
"Ankrd10",116.960251025396,-1.36041129415096e-05,0.00686536118985285,0.921865627826159,0.999957787024215
"Arhgef7",59.0072582319313,-1.19322900445431e-06,0.00686608387041654,0.990138394680101,0.999957787024215
"Tubgcp3",73.6754482745067,3.62960939057988e-05,0.0068658613205352,0.74420950751428,0.999957787024215
"Atp11a",29.186598660395,5.4746728571636e-05,0.0068663908465162,0.443566361209151,0.999957787024215
"Pcid2",63.7559286413472,7.43867467534516e-05,0.00686598003330506,0.472997387547642,0.999957787024215
"Cul4a",79.4357163136007,-6.2522925757773e-05,0.00686579014260385,0.588439717726363,0.999957787024215
"Lamp1",355.233035945391,0.000166170002213329,0.00686314797236873,0.45548769641146,0.999957787024215
"Dcun1d2",35.5881462076827,4.57091036426048e-05,0.00686631546342087,0.559686438246856,0.999957787024215
"Tmco3",22.6132084943515,4.37058195788506e-05,0.00686648367333097,0.480114065946991,0.999957787024215
"Tfdp1",324.925071223449,0.000135552660674155,0.00686329424883614,0.53428497755473,0.999957787024215
"Rasa3",118.779014589534,0.000172311792840921,0.00686544912953168,0.199408271765017,0.999957787024215
"Cdc16",85.911736613341,2.17988897245331e-05,0.00686571265914878,0.855924363905075,0.999957787024215
"Upf3a",126.896829097677,-5.72099861021989e-06,0.00686536748976085,0.967024318469463,0.999957787024215
"Champ1",60.193831966827,-4.14705271169773e-05,0.00686603917264023,0.677342219624986,0.999957787024215
"Coprs",18.3136165296696,-2.84494625439073e-05,0.00686652662418991,0.617284156256873,0.999957787024215
"Erich1",89.7331853016176,7.23298905915588e-05,0.00686566363787576,0.55595677932748,0.999957787024215
"Arhgef10",27.2171838824295,1.17435057466345e-05,0.00686642883584665,0.862297900911908,0.999957787024215
"Kbtbd11",34.5654871845098,1.03742765092997e-05,0.00686632178837733,0.893928198463203,0.999957787024215
"Mcph1",193.023574708048,1.82019419776231e-05,0.00686453939138746,0.917003258296145,0.999957787024215
"Agpat5",261.124785651171,0.000105018427960518,0.00686399631183706,0.589843186420481,0.999957787024215
"2610005L07Rik",46.6869529367105,-7.1699731314632e-05,0.00686617937463033,0.423025641682275,0.999957787024215
"6820431F20Rik",359.762327332233,-9.5053417080778e-05,0.00686299903705859,0.675669082670455,0.999957787024215
"Alg11",20.5280641981419,1.1708681725347e-05,0.00686650217839964,0.844789397447433,0.999957787024215
"Ckap2",96.8352667422748,2.55920234638476e-05,0.00686577898399398,0.825696500492013,0.999957787024215
"Vps36",305.154586993494,-0.000120416507782017,0.00686343430254715,0.573050959039973,0.999957787024215
"Mrps31",112.857123355139,2.16331037144254e-05,0.00686544529754261,0.872194583508669,0.999957787024215
"Smim19",67.5911593520216,-2.67270270242415e-05,0.00686593022662046,0.802582677883655,0.999957787024215
"Slc20a2",42.4091537538767,-3.43485885727909e-05,0.0068662268965295,0.688808080454999,0.999957787024215
"Vdac3",352.92081415754,-9.83265389187751e-05,0.00686304125155033,0.663394417181353,0.999957787024215
"Polb",84.23892632203,-5.5682576037376e-05,0.00686572982193817,0.640055897216049,0.999957787024215
"Ikbkb",93.1057072909833,-5.3712842247558e-05,0.00686562721599531,0.667033250165637,0.999957787024215
"Kat6a",190.274436711601,-0.000136721057957518,0.00686456331992769,0.431284741822132,0.999957787024215
"Gpat4",97.262375302146,-2.59343422920661e-05,0.00686557925217659,0.838764016044807,0.999957787024215
"Gins4",86.5203381424659,-0.000113686901572598,0.00686570405403769,0.345654150196636,0.999957787024215
"Golga7",218.457154455877,3.10531126147045e-05,0.00686427004560197,0.866651943561306,0.999957787024215
"Adam9",26.151788046443,1.10011517707907e-05,0.00686644352311963,0.868013919010185,0.999957787024215
"Tm2d2",57.0093226699172,-1.76257415366327e-05,0.00686605039448357,0.858538906325242,0.999957787024215
"Plekha2",119.613321109172,-3.28127730645552e-05,0.00686532480814686,0.815322431470896,0.999957787024215
"5830408C22Rik",14.7995543754743,-1.22851331981921e-05,0.00686656930183413,0.811564165567217,0.999957787024215
"Tacc1",180.358023338921,6.07996196730839e-05,0.00686466630231902,0.719997783299469,0.999957787024215
"Nsd3",417.728384984603,-1.61951254291722e-05,0.00686250107378273,0.946585409547553,0.999957787024215
"Plpp5",35.7882196070506,6.0640477182462e-05,0.006866310530597,0.441526138065101,0.999957787024215
"Ddhd2",95.9275119195546,3.28388353022573e-05,0.00686558743651076,0.795989482107419,0.999957787024215
"Bag4",65.4606936427356,-3.54073534205974e-05,0.00686600682584418,0.72815926891598,0.999957787024215
"Lsm1",209.127969302946,7.18228034841747e-05,0.00686436508302618,0.692118901175809,0.999957787024215
"Ash2l",159.022879935262,-3.73471473549273e-05,0.00686492780070058,0.813938850173381,0.999957787024215
"Hgsnat",27.1125020199074,-6.90954315178914e-05,0.00686643640624468,0.301931715224409,0.999957787024215
"Fnta",92.0307086831683,-9.46036027653922e-05,0.00686575379836736,0.421477800300789,0.999957787024215
"Hook3",131.540383693513,-0.000111004804920071,0.00686519650170523,0.44898639550037,0.999957787024215
"Rnf170",34.0449545386434,5.06388237628407e-06,0.0068663360885287,0.947246256046882,0.999957787024215
"Thap1",39.0400765691462,2.7660285985404e-05,0.00686628082374389,0.73381246475382,0.999957787024215
"Erlin2",24.1888103605008,8.39281371057534e-07,0.00686646110157977,0.989594047036399,0.999957787024215
"Plpbp",61.2324061127731,-2.18594790080588e-05,0.00686599697564533,0.831172110964979,0.999957787024215
"Brf2",19.7466312282838,-4.47653431566633e-05,0.00686651271817853,0.444807327063142,0.999957787024215
"Rab11fip1",28.7836239298883,-3.67816378455335e-05,0.00686639485784293,0.604764614984615,0.999957787024215
"Eif4ebp1",163.897336827876,-2.99202492098022e-05,0.0068648815147721,0.852277166126258,0.999957787024215
"Mak16",383.080334682106,-9.94284199185943e-06,0.00686277664970119,0.966078531430754,0.999957787024215
"Wrn",105.516711834913,-2.10718433059003e-05,0.00686559321171643,0.867914518045144,0.999957787024215
"Ppp2cb",86.5616543559083,0.000116011468673605,0.00686570134377036,0.336498910565033,0.999957787024215
"Ubxn8",68.0255196090296,-7.71741100174864e-05,0.00686592751208461,0.471083682033065,0.999957787024215
"Gsr",170.903761012773,8.59109964276059e-05,0.00686476157299761,0.604164312330988,0.999957787024215
"Gtf2e2",150.500297075459,4.00817233123148e-05,0.00686508441536687,0.791706647739409,0.999957787024215
"Dctn6",154.981313746182,-1.05346642618551e-05,0.00686499327341853,0.946102639741981,0.999957787024215
"Leprotl1",376.292357971794,-8.06497164462832e-05,0.00686281795377605,0.728779190529816,0.999957787024215
"Saraf",105.120153733124,-8.11521191187552e-05,0.00686549091988043,0.53908292630677,0.999957787024215
"Gm29243",24.775933561665,2.44640764097984e-05,0.00686644378069802,0.711606117803836,0.999957787024215
"Dusp4",51.8442896781873,-2.33724204971821e-05,0.00686612246847429,0.803135044097772,0.999957787024215
"Tnks",140.106530581036,-2.52127445897268e-05,0.00686509293635096,0.867725922471384,0.999957787024215
"Ppp1r3b",60.5563284667862,4.32690991593282e-05,0.0068660163290176,0.669055497611047,0.999957787024215
"Eri1",428.688839699647,0.000136422456243361,0.00686242593957952,0.5758583678548,0.999957787024215
"Mfhas1",40.3938940338273,-4.58333816955293e-06,0.0068662505452904,0.956411564482078,0.999957787024215
"Prag1",64.073161057527,4.61091706464043e-05,0.00686597770982904,0.656928649635727,0.999957787024215
"Tusc3",116.844242382322,0.000103210447267239,0.00686546689120585,0.439004309380452,0.999957787024215
"Micu3",36.4032116115799,3.4244767856174e-05,0.00686630362389191,0.666224080244519,0.999957787024215
"Zdhhc2",86.7378739574825,2.64566058663116e-05,0.0068657343364987,0.823793286870221,0.999957787024215
"Cnot7",123.39893616575,4.40946396049702e-05,0.00686528905072955,0.756529303469739,0.999957787024215
"Vps37a",76.8544059303383,-5.08284734661832e-05,0.00686583761388512,0.651966520351532,0.999957787024215
"Pcm1",358.959974671241,0.000104264504321874,0.00686301049454486,0.645787313191284,0.999957787024215
"Asah1",30.4961311126462,4.3914529974102e-05,0.00686637436940134,0.547568419167004,0.999957787024215
"Frg1",263.200806947107,0.000268382359175525,0.0068638501847749,0.179386081637016,0.999957787024215
"Ufsp2",71.1864330841674,1.11870713516709e-05,0.00686588691718602,0.918736917436095,0.999957787024215
"Ankrd37",35.3730791510467,3.87969671065235e-05,0.00686631190561096,0.621912222615011,0.999957787024215
"Snx25",71.3229656555414,7.07237980634473e-05,0.00686587861855751,0.520899175685469,0.999957787024215
"Cfap97",51.5957410265945,-1.55484201940246e-05,0.00686611666989312,0.868869446212748,0.999957787024215
"Slc25a4",644.696286358689,6.34648679909222e-05,0.00686080497884625,0.824225554928621,0.999957787024215
"Acsl1",23.5600109763821,5.51264854353182e-05,0.00686646220041143,0.390770114566328,0.999957787024215
"Cenpu",27.5565719091356,-4.84832950728542e-05,0.00686641657757243,0.48187124708252,0.999957787024215
"Primpol",48.958166593119,-7.96538609209282e-05,0.00686618625200238,0.370596437619021,0.999957787024215
"Casp3",423.861335050905,8.16517025765863e-05,0.00686242703553841,0.7377144406058,0.999957787024215
"Irf2",250.196776130437,-7.00295799960738e-05,0.00686395794504464,0.721092029052192,0.999957787024215
"Trappc11",51.2364451483312,-3.02443356367154e-05,0.00686612060943832,0.747361101349824,0.999957787024215
"Rwdd4a",214.16151915011,-4.0584647217345e-05,0.00686440808185132,0.821366533022604,0.999957787024215
"Ing2",76.0491903403753,6.26127886011314e-05,0.00686582100489594,0.581852134568911,0.999957787024215
"Cdkn2aip",37.8151322362677,-3.05488290591476e-05,0.00686629600264846,0.702736796852518,0.999957787024215
"Dctd",56.7449523500273,1.91834532476682e-05,0.00686606922676062,0.844138974045321,0.999957787024215
"Aga",90.7563210712505,1.76348204956281e-06,0.0068656561977181,0.988583728523624,0.999957787024215
"Neil3",77.811198297398,2.77317887514404e-06,0.00686582520390444,0.980497865643206,0.999957787024215
"Spcs3",265.416613102387,0.000162355971966999,0.0068638221526238,0.41889006106322,0.999957787024215
"Cep44",43.6558800453062,5.2162882599198e-05,0.00686621051105486,0.549118650697529,0.999957787024215
"Fbxo8",38.8575589292839,4.53891740391254e-05,0.0068662824607248,0.576182527751006,0.999957787024215
"Sap30",120.348235675597,5.51606129987245e-05,0.0068653258468084,0.694480621258186,0.999957787024215
"Hmgb2",5325.13749420755,-4.0984032088978e-05,0.00685153035084841,0.928401789483164,0.999957787024215
"Galnt7",194.064836604051,5.27216427716094e-05,0.00686452511652983,0.763508273326497,0.999957787024215
"Hpf1",415.98100079878,0.00012195027505873,0.00686248632470559,0.614535726084832,0.999957787024215
"Clcn3",301.864565954242,2.31623773296765e-05,0.00686352464246484,0.912486511851012,0.999957787024215
"Nek1",67.799509119135,4.98211934060919e-05,0.00686592404508183,0.642425753483707,0.999957787024215
"Sh3rf1",45.5945018851126,-8.46296301860955e-06,0.00686619377954235,0.923714434116676,0.999957787024215
"Cbr4",21.4650062088698,7.9540397107248e-06,0.00686648890340359,0.896781218786469,0.999957787024215
"Palld",33.4101948642709,-1.03230541756151e-05,0.0068663366252872,0.892637871936762,0.999957787024215
"Msmo1",215.49904907864,0.000184666022683312,0.00686445608871587,0.299272848173688,0.999957787024215
"Klhl2",48.3632898124046,7.36636285852966e-05,0.00686616447293513,0.416325336956395,0.999957787024215
"Tmem192",65.5531640145727,2.74201470408823e-05,0.00686594479388015,0.795818140295374,0.999957787024215
"Tma16",146.038199489626,6.82596606191502e-05,0.00686508190104224,0.653128120776216,0.999957787024215
"Naf1",119.981219262559,-1.06517894939876e-05,0.00686532591028316,0.939538590582383,0.999957787024215
"Nat2",31.7563494783465,1.22923472366507e-05,0.00686635759967352,0.869083976906417,0.999957787024215
"Psd3",36.7487935094202,4.94534318088668e-05,0.00686629972857076,0.535077657317169,0.999957787024215
"Csgalnact1",47.7202070983582,3.35827582543781e-05,0.00686617248652288,0.709101751865802,0.999957787024215
"Ints10",57.8728633813487,3.5033729247794e-06,0.0068660366125108,0.972008836304367,0.999957787024215
"Atp6v1b2",89.1447571770357,3.31407185729832e-05,0.00686568114738823,0.785635717044931,0.999957787024215
"Zfp930",37.7245370994032,-4.79745383268155e-05,0.0068662921554964,0.550598786648711,0.999957787024215
"D130040H23Rik",14.7792631766235,-1.2440969046146e-05,0.00686657094560738,0.808419424376821,0.999957787024215
"Gm10033",36.5620039053247,-7.14955629443415e-06,0.00686630257356724,0.928326422198201,0.999957787024215
"Zfp868",28.4953881374764,6.62413982934843e-06,0.0068664225728816,0.922779936575632,0.999957787024215
"Zfp869",34.4767769779361,2.02587921080951e-05,0.00686633843955667,0.790673585352466,0.999957787024215
"Atp13a1",58.2152087535521,1.10713830317629e-05,0.0068660515591891,0.910785932124405,0.999957787024215
"Gmip",89.7290631037976,-8.20168756606708e-05,0.00686577665129463,0.480850143453847,0.999957787024215
"Ndufa13",529.663272786703,8.69614383077846e-05,0.00686161175550224,0.7434664882292,0.999957787024215
"Gatad2a",235.19425932862,-4.22748024131179e-05,0.00686418321127234,0.822201417552499,0.999957787024215
"Mau2",62.3374414002905,3.36679950299856e-06,0.00686599501311051,0.973838166461168,0.999957787024215
"Sugp1",49.2195438294992,1.96185560258453e-05,0.00686614670275823,0.83107063822254,0.999957787024215
"Nr2c2ap",68.7767901960563,-4.53546581527489e-06,0.00686590914940208,0.966579979296748,0.999957787024215
"Borcs8",124.606919169272,2.22806957655709e-05,0.0068652960997514,0.875215225209682,0.999957787024215
"Tmem161a",24.5978396871685,-5.13920641209711e-06,0.00686645447127225,0.937033579902216,0.999957787024215
"Armc6",20.6428507149059,-2.45535437820972e-05,0.0068664998966928,0.682720952854841,0.999957787024215
"Sugp2",31.1701117834368,-1.63188860676489e-05,0.00686638523243798,0.820673039203046,0.999957787024215
"Ddx49",105.0567745122,-7.68870189000719e-05,0.00686550145113725,0.558989356266484,0.999957787024215
"Cope",275.300283368499,0.000113875182707911,0.00686371316539708,0.577693881089022,0.999957787024215
"Upf1",105.756297251495,-8.76465791629248e-05,0.006865492830822,0.506784749105394,0.999957787024215
"Klhl26",25.0054599785742,4.91398502893113e-05,0.00686644229688753,0.458767774154979,0.999957787024215
"Rex1bd",291.839876722874,-9.99050424622059e-05,0.00686386812145639,0.616129270719049,0.999957787024215
"Uba52",445.239161538059,0.000149935455923686,0.00686227040076792,0.545751913439325,0.999957787024215
"Kxd1",89.8872969266442,-0.000102162224151595,0.00686568184803165,0.401634533925945,0.999957787024215
"Gm56874",16.0956988652991,2.9778100434265e-05,0.00686655397940177,0.578030692294134,0.999957787024215
"Fkbp8",220.636876756488,3.0932840028899e-05,0.00686424819494454,0.867736180918391,0.999957787024215
"Ell",65.5831405611214,-1.47114466747098e-05,0.00686596803442861,0.887991298138131,0.999957787024215
"Isyna1",144.680903074541,-8.7212346823779e-05,0.00686508983438216,0.564909776207213,0.999957787024215
"Ssbp4",169.353236088087,0.000110325229934004,0.0068648345266858,0.497635117487642,0.999957787024215
"Lsm4",575.650878903844,-9.79561140750393e-05,0.00686126643194842,0.721168973984711,0.999957787024215
"Jund",1011.63409855285,-0.00029775534160981,0.00685865500010998,0.37151511677092,0.999957787024215
"Mpv17l2",84.5180820754991,1.97192337355722e-05,0.00686572261358056,0.868922815397219,0.999957787024215
"Ifi30",81.1231260362797,-3.65936879496636e-05,0.00686576081491235,0.755019054371932,0.999957787024215
"Mast3",48.1836369149948,-3.60838438914101e-05,0.00686616099370148,0.691366980551976,0.999957787024215
"Il12rb1",156.53575959177,0.000159835145299167,0.0068649516991951,0.310658649886322,0.999957787024215
"Ccdc124",192.91278171619,-7.9395221299187e-05,0.00686453251114934,0.649936536986823,0.999957787024215
"Rpl18a",5212.20463498653,-0.000199327654169924,0.00685055184991492,0.671785573534756,0.999957787024215
"Map1s",42.6142095001277,1.039412160625e-05,0.00686622728558775,0.903508890859035,0.999957787024215
"Haus8",60.4076194019274,3.04231090859237e-05,0.00686600681758349,0.765210280374212,0.999957787024215
"Myo9b",138.132423459624,-8.28990007777633e-05,0.00686512524729743,0.580277858279041,0.999957787024215
"Use1",87.2563455874032,2.56270047304965e-05,0.0068656939945416,0.83243636151515,0.999957787024215
"Ocel1",97.7577278014451,-8.24980564710154e-05,0.00686557289820696,0.518583606146807,0.999957787024215
"Babam1",152.335380424401,1.28476044001926e-05,0.00686504106395145,0.933390496847628,0.999957787024215
"Ankle1",14.2865311815281,-2.55333838678907e-06,0.00686657823792734,0.959535113918901,0.999957787024215
"Abhd8",25.1666500189393,2.85432226982344e-05,0.00686644711325522,0.664567864017673,0.999957787024215
"Mrpl34",296.868492188991,-7.51816055897576e-05,0.00686353290133766,0.720954749646258,0.999957787024215
"Dda1",177.976543078828,9.71508159505331e-05,0.00686468827582604,0.564747581325911,0.999957787024215
"Gtpbp3",17.589576392478,-8.90859690094492e-06,0.00686654320154987,0.871087215211272,0.999957787024215
"Bst2",654.982436506923,-1.18331556907232e-05,0.00686121102864157,0.965782745923791,0.999957787024215
"Mvb12a",115.401298949192,6.77494707230391e-05,0.00686537167338154,0.623920528235878,0.999957787024215
"Pgls",356.238376279298,-2.40602702656416e-05,0.00686297623181275,0.915913213544528,0.999957787024215
"Colgalt1",96.483515313132,9.02792033293209e-05,0.00686559432129247,0.475932089721486,0.999957787024215
"Unc13a",27.107286202763,6.71008698141113e-06,0.0068664174419222,0.92236274546034,0.999957787024215
"Jak3",23.4167610601758,1.42906095457057e-05,0.00686646131730209,0.824194592142761,0.999957787024215
"Fcho1",71.237772172104,-9.98261408104184e-06,0.00686587871040521,0.927797001773753,0.999957787024215
"Zfp617",32.5765840274596,-3.06796722615724e-05,0.00686637009091877,0.676048457273446,0.999957787024215
"Zfp961",53.6715834330187,7.4973955637066e-05,0.00686609519144135,0.433526788928549,0.999957787024215
"Tpm4",381.045052230668,-1.46292592081127e-05,0.00686281680153585,0.949855140489945,0.999957787024215
"Rab8a",408.137381808083,1.51214418819851e-05,0.0068625701489575,0.949713798895914,0.999957787024215
"Hsh2d",15.1973608675058,-1.66277130114634e-05,0.00686656973357362,0.746662861851223,0.999957787024215
"Fam32a",114.5732756574,6.17295227243754e-05,0.00686540130368976,0.651579965899827,0.999957787024215
"Ap1m1",100.99557987294,7.54574364872264e-06,0.00686553706946223,0.953609372945663,0.999957787024215
"Hmgn2-ps",44.542006497105,1.80616352715577e-05,0.00686621743012185,0.834646206564641,0.999957787024215
"Klf2",68.4014437412632,-1.4680192052927e-05,0.00686600203203934,0.885774541943765,0.999957787024215
"Eps15l1",86.0518434030768,2.51193507515069e-05,0.00686574074746762,0.832047882107352,0.999957787024215
"1700030K09Rik",15.4722194101693,-5.80248982687248e-05,0.00686656928488206,0.260166522903792,0.999957787024215
"Cherp",82.0915461212441,-2.25503075049588e-05,0.00686575469864405,0.847978270961859,0.999957787024215
"Slc35e1",33.4483327881141,-4.40414538191207e-05,0.00686635161122628,0.557731854718849,0.999957787024215
"Med26",44.2895683218319,1.21056339254807e-06,0.0068662047791361,0.988964403804856,0.999957787024215
"Smim7",79.2047594360735,2.99817285417465e-05,0.00686578588689919,0.795706047801275,0.999957787024215
"Sin3b",468.228580346864,0.000111626534641187,0.00686219229803653,0.655650904782705,0.999957787024215
"F2rl3",21.2573192457372,5.1115162299272e-05,0.00686650208746541,0.392825520531486,0.999957787024215
"Large1",106.464560468218,-3.06675920680757e-06,0.00686568226067464,0.979910185107075,0.999957787024215
"Hmgxb4",133.894648092975,-0.00012386982614018,0.00686516749108591,0.402514859559033,0.999957787024215
"Mcm5",181.011039349511,-2.12068714163591e-05,0.00686465802828758,0.900693426948854,0.999957787024215
"Arhgap10",101.572293771913,-1.93839099714578e-05,0.00686554072138781,0.881028408024288,0.999957787024215
"Prmt9",33.8535553882089,3.95769561485019e-05,0.00686633165143027,0.606938298302893,0.999957787024215
"Tmem184c",50.0269031772059,-3.53494155370961e-05,0.00686613358763906,0.703681100148063,0.999957787024215
"Rbmxl1",183.422753966246,-3.5934410267189e-05,0.0068646316666409,0.833562884407844,0.999957787024215
"Slc10a7",157.928916698608,5.40171517993515e-05,0.00686490462818802,0.735161240181286,0.999957787024215
"Lsm6",611.665890616438,5.16564826968829e-05,0.00686105972620254,0.853408041306572,0.999957787024215
"Zfp827",52.1654475772979,-3.00806480113812e-05,0.00686612393950134,0.748050180652985,0.999957787024215
"Smad1",29.2667747444397,-1.8201531899632e-05,0.0068663903705423,0.799055999854379,0.999957787024215
"Otud4",208.288662877436,-7.8025348238826e-05,0.00686439683072939,0.664977034207759,0.999957787024215
"Abce1",547.949072373535,0.000255510770617482,0.00686145997181866,0.343261532266119,0.999957787024215
"Anapc10",92.2332373796915,-3.72756463901216e-06,0.00686564238475849,0.976020789157067,0.999957787024215
"Smarca5",930.89485669025,0.00026497862345,0.00685916216343518,0.411477379430039,0.999957787024215
"Usp38",90.4394107965412,-6.94494775708944e-05,0.00686566759942452,0.571102330023654,0.999957787024215
"Inpp4b",1322.42387931292,-0.000164442979404584,0.00685731945542022,0.647371862914134,0.999957787024215
"Zfp330",207.06829521205,0.000151493640024324,0.00686444218500861,0.395891460086592,0.999957787024215
"Scoc",50.1345529872842,-1.87022246710748e-05,0.00686613393028354,0.840472729231854,0.999957787024215
"Ndufb7",571.398471912483,-5.20102963796814e-05,0.00686127438732323,0.849596531210175,0.999957787024215
"Tecr",203.100027006544,-4.62761911263697e-06,0.00686443638056277,0.979336160634277,0.999957787024215
"Dnajb1",52.4423564232291,-2.20024595118362e-05,0.00686610209810389,0.817288585600852,0.999957787024215
"Gipc1",66.5485925879106,-3.37306590967389e-05,0.00686593409294157,0.751810136023269,0.999957787024215
"Pkn1",124.850031170237,8.90483914046248e-07,0.00686531131899008,0.994966128314793,0.999957787024215
"Ddx39a",559.053440088936,9.17585783217738e-05,0.00686136592076066,0.735831993588083,0.999957787024215
"Adgre5",39.3162040206673,-2.25287610284776e-05,0.00686629498750583,0.778608312551013,0.999957787024215
"Asf1b",147.601683208948,-6.86664573099577e-05,0.00686502483289475,0.656595388704452,0.999957787024215
"Prkaca",30.9397358195236,-4.77999253751849e-05,0.00686637305572662,0.513425149110904,0.999957787024215
"Samd1",38.9879812780624,-4.18765581787722e-05,0.00686626756056248,0.611528124993897,0.999957787024215
"Il27ra",90.0490348358486,-3.87814786401752e-06,0.0068656657954915,0.974787774104935,0.999957787024215
"Rfx1",18.8464648333749,-1.58154751899007e-05,0.00686652232917675,0.783086462503317,0.999957787024215
"Dcaf15",57.9559023943644,5.1055836809052e-05,0.00686606312640843,0.602393987253643,0.999957787024215
"Podnl1",58.1528326672619,3.70255224702546e-05,0.00686604666058101,0.708827790140806,0.999957787024215
"Cc2d1a",16.8271657679225,1.29644114314177e-05,0.00686655568873341,0.807868371398566,0.999957787024215
"D8Ertd738e",425.846612073757,-3.58023914563407e-05,0.00686247448850284,0.88262152532022,0.999957787024215
"Mri1",85.6001958540249,-3.03297806165402e-06,0.00686571033301586,0.979868325042386,0.999957787024215
"Ccdc130",16.9708817732203,3.29088761792917e-05,0.00686654394129515,0.548189119713638,0.999957787024215
"Cacna1a",51.672622183036,1.39659804099021e-06,0.00686614496991679,0.987900509853648,0.999957787024215
"Ier2",146.009851025326,4.1803131138449e-06,0.00686503025294936,0.978371989714301,0.999957787024215
"Nacc1",62.7402769664431,3.1271044826736e-05,0.00686598123904109,0.762724429437313,0.999957787024215
"Trmt1",88.864170907639,1.61249820952107e-05,0.00686567547094614,0.894992091061154,0.999957787024215
"Gadd45gip1",225.55589806291,0.000151700783991173,0.00686419612137651,0.41886091645737,0.999957787024215
"Rad23a",217.834747305335,-0.000101786155998873,0.0068642833966041,0.581041303986643,0.999957787024215
"Calr",1655.30572755262,0.000337410124549819,0.00685670994674462,0.362955882461448,0.999957787024215
"Farsa",180.409538567822,6.52015555969143e-05,0.00686467109232355,0.700345411140852,0.999957787024215
"Syce2",128.521336456511,1.22897649070281e-05,0.00686522061045251,0.932679241916227,0.999957787024215
"Gcdh",18.0545437513623,2.64768804125414e-05,0.0068665317256093,0.638238136145936,0.999957787024215
"Dnase2a",21.8631853908264,1.30405410472359e-05,0.00686648493937469,0.832758547993033,0.999957787024215
"Rnaseh2a",64.1704637885959,4.921529394315e-06,0.00686598603407632,0.961986315198557,0.999957787024215
"Prdx2",258.538285438149,-5.21471634220237e-05,0.00686393093392886,0.791341997651265,0.999957787024215
"Junb",260.665641204684,0.000181557518297968,0.00686417552666923,0.335222553403804,0.999957787024215
"Get3",97.366756393244,3.47972559835259e-05,0.00686557322262073,0.78537716099239,0.999957787024215
"Trir",485.401960547365,0.000136759588445141,0.00686201889060091,0.591774868795891,0.999957787024215
"Tnpo2",85.9642521730191,-7.27129366811923e-05,0.00686576467913981,0.534461596822567,0.999957787024215
"Dhps",111.603528824486,-3.64078886347766e-05,0.00686541578968541,0.788882994275108,0.999957787024215
"Wdr83",43.6154591993651,-2.91485086926489e-05,0.00686622405253015,0.734649888002062,0.999957787024215
"Wdr83os",118.669837839267,-3.88016208947119e-05,0.0068653358021463,0.781583426147517,0.999957787024215
"Man2b1",74.3610244145491,-5.08255042968582e-05,0.00686586944838995,0.646255991797149,0.999957787024215
"Vps35",251.588124507344,0.000118016007487382,0.00686397379667337,0.546287493472425,0.999957787024215
"Orc6",344.402230973293,-2.13017467959046e-05,0.00686310828020007,0.924196119629009,0.999957787024215
"4921524J17Rik",79.8022881735229,6.50919038901878e-05,0.00686580752358972,0.569741600450244,0.999957787024215
"Dnaja2",524.443823919678,0.000238505519125666,0.00686166928189544,0.3667250966991,0.999957787024215
"Neto2",36.5481040333095,-7.65873074142466e-05,0.00686630022125894,0.336494889349677,0.999957787024215
"Itfg1",115.000789211159,5.94554638127149e-05,0.00686539849905878,0.663935636419067,0.999957787024215
"Phkb",103.157756109364,-4.69343156452083e-05,0.00686554997784624,0.716032995677356,0.999957787024215
"Lonp2",133.178816170935,8.00812931871954e-06,0.0068652094264334,0.956261211689465,0.999957787024215
"Siah1a",27.28101471386,-2.12283606035541e-05,0.00686641433617219,0.758885058618736,0.999957787024215
"N4bp1",111.446773206855,-0.000144563087645637,0.00686542625397766,0.285818403446907,0.999957787024215
"Cnep1r1",81.5016660553787,6.85825184526118e-05,0.00686577131291941,0.556613689861797,0.999957787024215
"Heatr3",112.575278889563,4.88846754862845e-06,0.00686541046671508,0.971376944326875,0.999957787024215
"Tent4b",120.603533865366,-2.49996927283535e-05,0.00686532884405785,0.858565105087698,0.999957787024215
"Adcy7",108.685472344077,-7.48358644984335e-05,0.00686545622068712,0.57627986099555,0.999957787024215
"Brd7",222.833467783412,-8.74285994257271e-05,0.00686422422158116,0.639450021893126,0.999957787024215
"Snx20",38.1946618734658,1.1374204622523e-05,0.0068662895622466,0.887774361039478,0.999957787024215
"Cyld",217.474855979563,-5.81480162522909e-05,0.00686428769336475,0.752351454805689,0.999957787024215
"Chd9",127.564254030705,-8.61971976829068e-05,0.00686524220153072,0.550727037978827,0.999957787024215
"Rbl2",344.388086863029,-8.95059201773457e-06,0.00686313084586082,0.968010331424122,0.999957787024215
"Aktip",13.4089145677361,-2.20201708422323e-05,0.00686659440481272,0.646882548857016,0.999957787024215
"Fto",100.950201019948,5.38016917010203e-05,0.00686554700022328,0.677058298229739,0.999957787024215
"Amfr",111.612073770312,9.47089706248483e-05,0.00686542759557908,0.484172497947227,0.999957787024215
"Nudt21",561.31546695663,0.000238739719868359,0.00686147745624177,0.375082064185539,0.999957787024215
"Ogfod1",42.4998890171456,-2.92936013961712e-05,0.00686622402489896,0.733385804911659,0.999957787024215
"Mt2",187.937226133922,3.94285937829842e-05,0.00686459274642229,0.819263959887445,0.999957787024215
"Mt1",552.086914643665,0.000232972630227458,0.00686147806358694,0.386700125684967,0.999957787024215
"Nup93",138.643654271015,3.0795745406433e-05,0.00686512247901403,0.837376721721541,0.999957787024215
"Herpud1",97.7231875843642,0.00022726814309391,0.00686558510086566,0.0738546583079882,0.999957787024215
"Nlrc5",187.466008426037,-0.000113197976561839,0.00686459962866458,0.511159690398452,0.999957787024215
"Cpne2",21.4617696832329,9.29715014747662e-07,0.00686651893584291,0.987178185994216,0.999957787024215
"Psme3ip1",137.995832596903,5.87374217578802e-05,0.00686511672810398,0.695949458328139,0.999957787024215
"Rspry1",106.630873943921,-4.54927518311303e-05,0.00686547284451774,0.732431989654032,0.999957787024215
"Arl2bp",110.75722867786,4.31349235067524e-07,0.00686543787252005,0.997447834444404,0.999957787024215
"Ciapin1",190.904005815402,-2.40487668236335e-05,0.00686459032355329,0.889223526724465,0.999957787024215
"Coq9",48.5369608835856,6.96784416003355e-05,0.00686615133482698,0.446934732274395,0.999957787024215
"Polr2c",288.908618448179,0.000184713187082621,0.00686358300698929,0.376458717756842,0.999957787024215
"Ccdc102a",36.9549681768776,-5.58895620393601e-05,0.00686630784313757,0.479427284905951,0.999957787024215
"Adgrg5",35.006449906518,-5.87836197954713e-06,0.00686632078293,0.939844253753471,0.999957787024215
"Katnb1",20.3722758112038,-2.34112799589761e-05,0.00686649996845458,0.696691496447937,0.999957787024215
"Usb1",38.7608059358452,-5.13613924012916e-06,0.00686626942221081,0.950236095187608,0.999957787024215
"Cfap20",106.621748084481,-6.13555884335019e-05,0.00686548848643505,0.642700222357553,0.999957787024215
"Csnk2a2",241.971274724987,5.8344796262516e-05,0.00686403503511938,0.762955384124031,0.999957787024215
"Gins3",49.7285635819832,-4.88521938599101e-05,0.00686613582381789,0.59848448253989,0.999957787024215
"Setd6",43.0425870794756,3.5512598567217e-05,0.00686622083405727,0.680543208655126,0.999957787024215
"Cnot1",317.560988993165,-3.10184795675196e-05,0.00686333728857719,0.886209426910753,0.999957787024215
"Got2",351.982982133839,0.000110906351346065,0.00686309307781386,0.621048824025178,0.999957787024215
"Cklf",122.092920547254,7.0350973421574e-05,0.00686530554242176,0.618873813127301,0.999957787024215
"Cmtm4",13.535203209895,-9.17044848288569e-08,0.00686658886114713,0.998502286772014,0.999957787024215
"Dync1li2",62.4607378103709,-1.98669871178743e-05,0.00686602074783441,0.843949266072072,0.999957787024215
"Nae1",139.387544653919,-3.83718591715371e-05,0.0068651316852113,0.797592283410375,0.999957787024215
"Pdp2",25.9085476491108,-8.60306253546065e-06,0.00686643523636752,0.897910219075726,0.999957787024215
"Rrad",20.1816901932134,-2.81476017782567e-05,0.0068665083866481,0.633830349916847,0.999957787024215
"Ciao2b",263.33901506878,-2.20206493215382e-05,0.00686383063640994,0.912571035073231,0.999957787024215
"Cbfb",212.302094488927,-1.98856927981769e-05,0.00686444409311779,0.911230393662021,0.999957787024215
"Phaf1",21.0795513339277,2.50913609618416e-05,0.00686649421266034,0.679415531802755,0.999957787024215
"Tradd",56.2513815759153,3.960074047463e-05,0.00686609339821927,0.679525168671623,0.999957787024215
"Fbxl8",14.756061414823,-1.79054811958821e-05,0.00686657113471321,0.726986285454838,0.999957787024215
"E2f4",209.73569900828,0.000174077468951844,0.00686435760538341,0.337936327719522,0.999957787024215
"Tmem208",209.575696097024,4.12125774001853e-05,0.00686437431621853,0.81991367599838,0.999957787024215
"Atp6v0d1",50.2089897804865,8.41526162757502e-05,0.0068661365894627,0.364067824745946,0.999957787024215
"Ctcf",407.551656022762,9.19535745690549e-05,0.00686258186687698,0.700947245986247,0.999957787024215
"Acd",60.5813479130244,3.26410541825369e-06,0.00686600362875943,0.97449242433137,0.999957787024215
"Pard6a",14.5944519572948,-1.58987907259485e-05,0.00686657336679066,0.755168783012111,0.999957787024215
"Enkd1",20.8379992626163,-7.85734374966224e-06,0.00686649532313143,0.896818945033001,0.999957787024215
"Gfod2",14.088331999773,4.62800981730968e-05,0.006866582405321,0.352270928989242,0.999957787024215
"Ranbp10",56.8380853599165,4.59429934770258e-05,0.00686605158666276,0.641951315587353,0.999957787024215
"Cenpt",21.8728240112864,-3.96231355146263e-05,0.00686648250883424,0.522935597375242,0.999957787024215
"Thap11",34.5138688058145,-2.18977745226341e-05,0.00686636564849037,0.766789002221253,0.999957787024215
"Nutf2",24.7292147880548,-1.62059313344677e-05,0.0068664576001896,0.802287075089141,0.999957787024215
"Edc4",38.951402321823,2.38929205300415e-05,0.00686627912710363,0.769349099013198,0.999957787024215
"Pskh1",21.9916032568345,2.13584188075078e-05,0.00686648395211702,0.729911698990126,0.999957787024215
"Psmb10",477.964783396921,0.000221841450200416,0.00686231891702607,0.368797211089101,0.999957787024215
"Dus2",38.4504047269697,-1.94896786977887e-05,0.00686627905140037,0.810974690228952,0.999957787024215
"Ddx28",29.4084764610297,9.67614131927522e-06,0.00686640385990361,0.89035745491694,0.999957787024215
"Nfatc3",258.948361878142,-8.57423718466594e-05,0.0068638699252481,0.666899949986821,0.999957787024215
"Slc7a6",67.8263775364134,4.71166362248391e-05,0.00686592167862875,0.661033557845482,0.999957787024215
"Slc7a6os",71.4410354251804,5.07966585424875e-05,0.0068658998053535,0.640710280036732,0.999957787024215
"Prmt7",88.3458043516131,-0.000121579953799283,0.00686570736308025,0.31244457050787,0.999957787024215
"Tango6",37.8698947587932,2.57619000931059e-06,0.00686629041278343,0.974478562697287,0.999957787024215
"Chtf8",22.3645663882828,2.34441218902231e-05,0.0068664777410115,0.707806262730814,0.999957787024215
"Utp4",175.588015745308,0.000109930422294205,0.00686474821340661,0.508508126236729,0.999957787024215
"Sntb2",63.7265330084124,-9.80784926719019e-07,0.00686596914833255,0.992502744724181,0.999957787024215
"Vps4a",63.1675364760158,2.8284256053706e-05,0.0068659821331167,0.784679844810072,0.999957787024215
"Cog8",37.306428695843,-1.5342515795007e-05,0.00686632646546233,0.842854345177724,0.999957787024215
"Nip7",314.070841787277,4.67632754278993e-05,0.00686338210314316,0.8280808437238,0.999957787024215
"Terf2",87.9919451792866,-6.90924083410581e-05,0.00686576371289316,0.555195327348613,0.999957787024215
"Cyb5b",490.29364154679,0.000273753263055265,0.00686192225508656,0.287918557281022,0.999957787024215
"Nfat5",143.268722770969,0.000123981913044346,0.00686506793390882,0.416260015012586,0.999957787024215
"Nob1",213.742665422009,3.9680507081666e-05,0.00686432320596219,0.828296730882672,0.999957787024215
"Wwp2",95.2835544119316,-3.73997708805431e-05,0.00686563741944798,0.76347919902927,0.999957787024215
"Psmd7",493.459123475726,0.000144210874240935,0.00686185077413886,0.578388945158998,0.999957787024215
"Dhx38",86.4430725660616,-8.65383226726527e-05,0.00686572955429792,0.467439043296295,0.999957787024215
"Dhodh",48.8216798422422,-2.03285329587361e-06,0.00686616829603599,0.982046922782498,0.999957787024215
"Pkd1l3",31.3013827171692,-2.46114717610591e-05,0.00686636448130475,0.739253271950395,0.999957787024215
"Ist1",76.1859670946887,-1.43823072404936e-05,0.00686583037447922,0.898840159424171,0.999957787024215
"Atxn1l",24.9235137887611,-9.17399843355613e-06,0.00686644595145375,0.889362239032021,0.999957787024215
"Ap1g1",195.824874140438,-0.000137140409792378,0.00686456311238368,0.429894761910002,0.999957787024215
"Phlpp2",28.5977763652226,1.35576392138e-05,0.0068664064860013,0.846285008899881,0.999957787024215
"Vac14",56.7577340969577,1.42134599359585e-05,0.00686605744817204,0.885148559865511,0.999957787024215
"Sf3b3",255.269987982467,-0.000138802019113609,0.00686395618175125,0.479337442856065,0.999957787024215
"Cog4",78.8749631919704,-6.83314797885972e-05,0.0068658604275482,0.539240216216862,0.999957787024215
"Ddx19a",90.3464421975787,-6.89637331623567e-06,0.00686568351716881,0.954816155351565,0.999957787024215
"Ddx19b",34.8823722126465,5.24455563156145e-05,0.00686632118721256,0.500567481467429,0.999957787024215
"Aars",90.6619765924196,-1.65760993140954e-05,0.00686566614757868,0.892528940309919,0.999957787024215
"Pdpr",27.6870400784114,3.80478306212069e-06,0.00686640686823838,0.95658955700859,0.999957787024215
"Glg1",205.866448418508,6.50701010142813e-05,0.00686448115466168,0.713055006796209,0.999957787024215
"Rfwd3",129.235142470424,3.99769110473884e-05,0.0068652417024166,0.7820248315898,0.999957787024215
"Mlkl",119.427461925088,0.000165981872559755,0.00686535271384488,0.232827103227489,0.999957787024215
"Wdr59",29.0425566371007,-1.41535613665769e-05,0.00686639163177826,0.84281842472855,0.999957787024215
"Znrf1",131.252893336261,-4.07786227070975e-07,0.00686521649364755,0.997766556040842,0.999957787024215
"Zfp1",37.548306674532,-2.87595295192589e-05,0.00686629201812792,0.720528758525711,0.999957787024215
"Cfdp1",358.406280242456,-2.71683700693057e-05,0.00686298070738619,0.905043536787137,0.999957787024215
"Gabarapl2",335.008028821872,0.00012140703158669,0.00686321819603073,0.581889160643073,0.999957787024215
"Adat1",22.2353097432581,2.22681434759766e-05,0.00686647660738305,0.722366792310797,0.999957787024215
"Kars",148.248023984606,1.05811318329473e-05,0.00686504503402122,0.945057435893437,0.999957787024215
"Terf2ip",36.9260027844029,-5.66276189446297e-05,0.00686629621269421,0.479209202677302,0.999957787024215
"Wwox",199.827969551526,-2.58186270362713e-05,0.00686475552337558,0.876375807406472,0.999957787024215
"Maf",29.9789176235957,2.49539177157425e-05,0.00686646374715372,0.696912261862224,0.999957787024215
"Cdyl2",53.4855858807018,-5.75796636103241e-06,0.0068661469165881,0.950067546087217,0.999957787024215
"Cmc2",113.310867824078,-6.52842230285228e-06,0.00686539678541831,0.961972723323948,0.999957787024215
"Cenpn",37.4044039262109,6.84965306512023e-05,0.00686630701862028,0.386507948905763,0.999957787024215
"Atmin",34.3750883648523,-6.10687825703941e-05,0.00686634491443153,0.420061032774262,0.999957787024215
"Gcsh",159.145362812898,-1.79831292016402e-05,0.00686490846257743,0.910243943750139,0.999957787024215
"Gan",40.3524728571093,1.32488644985485e-05,0.0068662602849039,0.873259831373003,0.999957787024215
"Cmip",336.064797932285,-0.000106213176645289,0.00686317776377655,0.631940978287021,0.999957787024215
"Gm56878",110.851781490999,-3.55674578734486e-06,0.0068654201184151,0.979097687688979,0.999957787024215
"Plcg2",56.6839493397486,1.3439557694984e-05,0.00686605568367535,0.891496928566352,0.999957787024215
"Mphosph6",157.855898746605,2.80130508855803e-06,0.00686491485744584,0.985965230526331,0.999957787024215
"Hsbp1",171.088758975125,-1.49862294863301e-05,0.0068647675228443,0.927836212387602,0.999957787024215
"Mlycd",19.1917100005407,-2.03739018287281e-05,0.00686651617966418,0.726191812209025,0.999957787024215
"Mbtps1",49.5911913248519,3.57601205395811e-05,0.00686614027546841,0.698877222284857,0.999957787024215
"Hsdl1",15.5778441635523,-4.85894230614732e-05,0.00686656256110659,0.353966862608755,0.999957787024215
"Cotl1",404.322223028035,-1.90564946307857e-06,0.00686280299661843,0.993475140472971,0.999957787024215
"Usp10",178.529786637919,-7.96668358880607e-06,0.00686472785722617,0.961975652816248,0.999957787024215
"Zdhhc7",31.2653525365098,1.49742629103568e-05,0.00686637349428501,0.837696135228378,0.999957787024215
"Gse1",63.1282803717784,-6.98251753380951e-05,0.0068659780026752,0.501117083006062,0.999957787024215
"Gins2",108.291264410239,3.44690283483891e-05,0.00686544738762891,0.797543499496115,0.999957787024215
"Emc8",206.139924245152,0.000122249381590884,0.0068645004387914,0.487774956795752,0.999957787024215
"Cox4i1",1961.83491845379,0.000143801076253815,0.00685543684243661,0.714835550157735,0.999957787024215
"Irf8",532.302773509397,7.93899951729604e-05,0.00686196020646812,0.757015852144674,0.999957787024215
"Mthfsd",21.3692419267894,1.81900705029585e-05,0.00686648924863393,0.766571105376522,0.999957787024215
"Fbxo31",26.6887583820397,3.17781605226388e-05,0.00686642310464869,0.641658530905825,0.999957787024215
"Map1lc3b",229.950205188612,-8.36530900611647e-05,0.00686417837898841,0.656863368470247,0.999957787024215
"Klhdc4",92.8658785428928,-1.3927761968675e-05,0.0068657413877451,0.906364689535172,0.999957787024215
"Gm42047",149.892437551067,-0.000318661159176143,0.0068652832887329,0.0253367404766857,0.999957787024215
"Slc7a5",231.551441505073,-9.01344549972519e-05,0.00686430840811804,0.623304288034588,0.999957787024215
"Banp",35.4469573074222,4.76637316345991e-06,0.00686631303302454,0.951629587385801,0.999957787024215
"Zfpm1",38.6540056174614,-7.02621634256496e-05,0.00686627493304568,0.390572753098447,0.999957787024215
"Zc3h18",236.56507391598,-0.000157099911543817,0.00686411876260724,0.409460381472311,0.999957787024215
"Cyba",1103.5273077352,0.00049628449941446,0.00685835460503159,0.143547893953171,0.999957787024215
"Mvd",51.3494392272302,4.90126085229023e-06,0.00686613779262557,0.957800292711594,0.999957787024215
"Rnf166",69.4395013602822,-3.30610909582191e-05,0.00686592881711703,0.757326240446522,0.999957787024215
"Ctu2",68.8331583028044,-3.79333734525873e-05,0.0068659060725442,0.726493445775643,0.999957787024215
"Piezo1",58.6776741433526,-8.141744012517e-06,0.00686603388313423,0.935129495636049,0.999957787024215
"Cdt1",90.4855135487182,-7.68423342642876e-05,0.00686565317304367,0.533522080699433,0.999957787024215
"Aprt",811.906930515912,7.66326162011649e-05,0.00685990301370435,0.802598793337078,0.999957787024215
"Galns",30.8347630468242,-3.63379083055129e-06,0.00686636754100328,0.960654081510385,0.999957787024215
"Trappc2l",145.634793777847,0.000171373450597634,0.00686508455402023,0.258808492967102,0.999957787024215
"Ankrd11",774.093451985472,-0.000122448775000905,0.00686024882533057,0.681891557201111,0.999957787024215
"2810013P06Rik",14.0072713162146,-1.90296937350553e-05,0.00686658172614067,0.702636917691086,0.999957787024215
"Spg7",72.0271806276643,-1.61437413407115e-05,0.00686588383131069,0.883155257944633,0.999957787024215
"Rpl13",13625.4596348156,-0.000113253956267522,0.00684779286440251,0.82380396772844,0.999957787024215
"Chmp1a",15.7128285353102,3.08283530961617e-07,0.00686655834675768,0.995356301948234,0.999957787024215
"Cdk10",18.3119282036489,-2.11248203750281e-05,0.00686652559807487,0.711200000399076,0.999957787024215
"Zfp276",12.4234505775454,-9.99913580671671e-06,0.00686660081629809,0.832031071407065,0.999957787024215
"Fanca",32.8060637171308,-1.64757935063602e-05,0.00686634725667068,0.827313200399908,0.999957787024215
"Tcf25",345.607292756496,2.75654902828969e-05,0.00686307412481125,0.902457627836268,0.999957787024215
"Afg3l1",122.380664948692,-2.44495286957355e-05,0.0068653265278476,0.861756332657433,0.999957787024215
"Ccsap",24.7083533329586,1.21967517606746e-05,0.00686644715701008,0.852993601189536,0.999957787024215
"Nup133",94.1099960048468,2.20170857845385e-06,0.00686561135359693,0.986027243304752,0.999957787024215
"Taf5l",66.8575955295115,4.58442755283871e-05,0.00686594685668673,0.664885995084441,0.999957787024215
"Urb2",74.1226730202431,4.15603092236913e-05,0.00686585714813868,0.709338076325453,0.999957787024215
"Galnt2",64.5735318076501,-2.83705079727299e-05,0.00686599486601324,0.782301366769134,0.999957787024215
"Cog2",54.3548659935947,-3.97980865677183e-05,0.00686610926198203,0.674355173694605,0.999957787024215
"Ttc13",79.39756762177,-4.79511531608873e-05,0.00686579025779557,0.678132333812904,0.999957787024215
"Arv1",29.350652536472,2.18496749052472e-05,0.00686641936721587,0.750306505405896,0.999957787024215
"2810004N23Rik",238.7589189015,-0.000107424915495527,0.00686406633443784,0.576487376831758,0.999957787024215
"Gnpat",56.6886990678015,-3.39919616877463e-05,0.00686608279287967,0.72496951134601,0.999957787024215
"Exoc8",22.9845299717076,8.1204923694908e-06,0.00686646869579055,0.898298884447427,0.999957787024215
"Sprtn",27.8030488321046,-1.84376080644815e-05,0.00686641954969228,0.788229278835702,0.999957787024215
"Egln1",222.964598756668,6.08805055440418e-05,0.00686423993414974,0.743494788116538,0.999957787024215
"Tsnax",42.8784397489226,3.61564365864892e-05,0.00686623008218442,0.672434173344196,0.999957787024215
"Ntpcr",50.2919830283145,5.08034286636307e-05,0.00686614739736274,0.580442151435254,0.999957787024215
"Coa6",86.0139963341015,-0.000114884831701272,0.00686573017361813,0.334562995308301,0.999957787024215
"Tarbp1",24.1722792162944,-3.97121609281095e-05,0.00686645522647348,0.541069706458532,0.999957787024215
"Irf2bp2",110.286942296728,-1.8504068377252e-05,0.0068654610617092,0.889897998513947,0.999957787024215
"Tomm20",1524.7409051305,0.000480330263937603,0.00685657510650144,0.198258168129077,0.999957787024215
"Rbm34",160.040138156439,-0.000120483608013568,0.006864878384933,0.453720116539688,0.999957787024215
"Itgb1",373.112170547219,-8.71278423259914e-05,0.00686287663442758,0.705864438726811,0.999957787024215
"2610044O15Rik8",19.3155182649003,2.94068528389948e-05,0.00686651688950302,0.61272505072611,0.999957787024215
"Gm32856",35.7909442784083,-7.93751277556291e-06,0.00686631560062337,0.919305588832165,0.999957787024215
"Alkbh8",92.5625889600591,4.67998370643747e-05,0.00686564284625407,0.705833157413392,0.999957787024215
"Cwf19l2",113.528856101032,-7.64384277907054e-05,0.00686539510154366,0.576913181916322,0.999957787024215
"Aasdhppt",144.764372217398,-3.76880822893846e-05,0.00686504306476684,0.806207436751065,0.999957787024215
"Msantd4",36.3221975999499,-6.85171772227691e-05,0.00686631063065211,0.384474204740344,0.999957787024215
"Casp1",64.096818195741,7.2215387122383e-05,0.00686597037949711,0.488681555282859,0.999957787024215
"Casp4",25.452265251838,-3.00010630900848e-05,0.00686644040222118,0.651995292385661,0.999957787024215
"Dync2h1",63.3838724415094,1.06141632410609e-05,0.00686598485086807,0.918191865561647,0.999957787024215
"Dcun1d5",532.046953282405,0.000149156853803322,0.00686158553938029,0.575541507030529,0.999957787024215
"Tmem123",155.321913352449,2.65992008394693e-05,0.00686496683529646,0.865459291731875,0.999957787024215
"Birc2",52.8677300404608,2.99898157199892e-05,0.00686613702984294,0.746260848861188,0.999957787024215
"Birc3",99.6636591913327,-2.7760371787062e-05,0.00686555415350716,0.829355113131128,0.999957787024215
"Ccdc82",80.6513838373377,-6.548849696727e-05,0.00686594035368073,0.537668605554757,0.999957787024215
"Maml2",170.131261915423,-0.000133807905602199,0.00686483775042754,0.410359417678144,0.999957787024215
"Mtmr2",80.9899439636337,-1.01559893847682e-05,0.00686577485399511,0.930503468823056,0.999957787024215
"Cep57",178.018882806575,-0.000137960232761396,0.00686468873169613,0.413489867680335,0.999957787024215
"Fam76b",138.972472405819,-6.88024237256582e-05,0.00686511145061691,0.647651457366989,0.999957787024215
"Sesn3",122.860127571791,-3.93249269413611e-05,0.00686528155806835,0.7826981912587,0.999957787024215
"Endod1",43.08669606156,8.57849940429716e-05,0.0068662361522899,0.313010205798395,0.999957787024215
"Cwc15",474.610847959994,0.000168345599625257,0.00686208957158988,0.5059950318762,0.999957787024215
"Fut4",19.5118889942303,2.54009728727746e-06,0.00686651841125302,0.965016552038567,0.999957787024215
"Ankrd49",84.5656620155321,-9.62456507737193e-05,0.00686573136703547,0.418588092608218,0.999957787024215
"Mre11a",124.701447642579,-0.000129974394645168,0.00686528652008707,0.361188537812777,0.999957787024215
"Panx1",48.3000184692321,5.40198759078976e-05,0.0068661687652986,0.549699050975549,0.999957787024215
"Med17",84.1177484231209,-7.52751172860218e-06,0.00686573955453472,0.949355874552973,0.999957787024215
"4931406C07Rik",20.9474308531912,2.30043921326343e-05,0.00686650518606278,0.698847344321415,0.999957787024215
"Taf1d",547.153528448806,0.000130151228501539,0.00686158207380047,0.625265094359346,0.999957787024215
"Cep295",147.919905298536,-0.000114373022050144,0.00686504882056445,0.455829177578457,0.999957787024215
"Smco4",103.015764444647,-2.17267148155882e-05,0.00686550587323582,0.868618370508573,0.999957787024215
"Slc36a4",17.6357006253204,-3.79140380962013e-05,0.00686653589675523,0.496870256759891,0.999957787024215
"Chordc1",266.558813098334,8.20221675199683e-05,0.00686381834097221,0.683190633213863,0.999957787024215
"Zfp317",17.2274634057408,-8.22272565849937e-06,0.00686653875099584,0.882115503341953,0.999957787024215
"Zfp560",64.192546518571,7.05212150849737e-05,0.00686596620942444,0.500062425155582,0.999957787024215
"Zfp26",61.7558133070293,-5.66946952215651e-05,0.00686599302401479,0.581270223597036,0.999957787024215
"Zfp426",39.902011585736,7.7504795556152e-06,0.00686625826591854,0.925799858216279,0.999957787024215
"Zfp266",80.5800077053555,5.97559400440909e-05,0.00686577215608518,0.608345509491122,0.999957787024215
"Fbxl12",25.0591043207054,-6.00355150152915e-05,0.00686644299540072,0.36486243390452,0.999957787024215
"Ubl5",787.267816780511,4.90370879717739e-05,0.00685987743395451,0.873142257103894,0.999957787024215
"Pin1",321.248093726258,0.00020294442217931,0.00686330192983346,0.351602765893415,0.999957787024215
"Shfl",33.8283392823911,-1.06509497780895e-05,0.00686633016618361,0.890074024939298,0.999957787024215
"Ppan",155.747914665842,1.33454981205156e-05,0.00686494295775383,0.932700550890621,0.999957787024215
"Eif3g",377.182523768996,-0.000101542010487875,0.00686280743868993,0.662839945374991,0.999957787024215
"Dnmt1",427.567019113118,-1.51265711740552e-05,0.00686238337474874,0.950778091251407,0.999957787024215
"Mrpl4",161.845420137746,-1.65450534779806e-05,0.00686488731404752,0.917859865112752,0.999957787024215
"Icam1",70.7074150141854,-3.35721468369977e-05,0.00686588537368144,0.759676974504336,0.999957787024215
"Fdx2",201.235244449386,-0.000183022765221403,0.00686445244606445,0.303974908317456,0.999957787024215
"Raver1",99.7269558363872,6.51574042211112e-05,0.00686554613800947,0.614115965186324,0.999957787024215
"Tyk2",32.022139601486,-6.09101944319569e-05,0.00686635959889049,0.412935896275057,0.999957787024215
"Cdc37",697.608718876317,-0.00013707969579434,0.00686053243318648,0.638953785683204,0.999957787024215
"Pde4a",20.2383736052802,1.9881196748082e-05,0.00686650582112423,0.737801946949198,0.999957787024215
"Keap1",84.7514619462191,-2.50448928492145e-05,0.00686572392323193,0.833879611002037,0.999957787024215
"Atg4d",34.407673796186,1.30709590577752e-05,0.00686633324945215,0.864836184278031,0.999957787024215
"Kri1",110.353403493609,2.88627431914836e-05,0.00686552666566143,0.824638718652029,0.999957787024215
"Cdkn2d",137.560295923463,0.000223417646467483,0.00686514352959628,0.133952599180904,0.999957787024215
"Slc44a2",126.368716154058,1.68722191779578e-05,0.00686531324964324,0.904785006445579,0.999957787024215
"Ilf3",213.518809181298,-1.52444403242525e-05,0.00686441613472765,0.932296486254005,0.999957787024215
"Qtrt1",59.5555915838783,7.48711476955634e-05,0.00686602208967086,0.457782193649255,0.999957787024215
"Dnm2",227.13237180816,-6.35718824740269e-05,0.00686422506446658,0.733334575556123,0.999957787024215
"Tmed1",19.7804855684751,1.10197834488526e-05,0.00686650736722122,0.852354272339779,0.999957787024215
"AB124611",32.0500794166112,3.73479207615913e-06,0.00686636436684511,0.959722682632407,0.999957787024215
"Carm1",65.5759463592102,1.40933771233505e-05,0.00686594557133093,0.894144394339521,0.999957787024215
"Yipf2",13.9172814327958,-3.40112197936774e-06,0.00686658107477289,0.945698885793196,0.999957787024215
"Smarca4",233.760929490616,3.93098211891304e-05,0.00686449198970842,0.823772090370993,0.999957787024215
"Ldlr",145.240070113204,7.06907049172482e-05,0.00686504786267424,0.644951306246949,0.999957787024215
"Spc24",246.810028361679,2.41361049148277e-05,0.006864064681036,0.900167422461535,0.999957787024215
"Prkcsh",133.279655181705,2.05839115666711e-05,0.00686518393002891,0.888792447130401,0.999957787024215
"Ecsit",49.3344238007392,5.19679224943812e-06,0.00686615704273191,0.95455377208661,0.999957787024215
"Elof1",154.36345796125,6.54782887576635e-05,0.00686493735027913,0.679096110185631,0.999957787024215
"Acp5",14.3325152879662,-1.13091935052747e-05,0.00686657650167562,0.82301190848093,0.999957787024215
"Pigyl",59.6246382324532,-3.79873009363814e-05,0.00686602620147002,0.705599006733262,0.999957787024215
"Zfp809",76.2774127959171,-2.10142288714539e-05,0.0068659134506443,0.845692365120849,0.999957787024215
"Zfp810",19.1460626247772,6.60495868407165e-06,0.00686651567478589,0.909703215568269,0.999957787024215
"Anln",109.35722965104,0.000177045957733045,0.00686545103876249,0.187017280919382,0.999957787024215
"Rp9",422.196634276361,-0.000137326620664142,0.00686242392436922,0.573420058244811,0.999957787024215
"Bbs9",45.4116942418137,1.10587811270768e-05,0.00686619207471423,0.900571217131464,0.999957787024215
"Dpy19l1",146.037977583474,-4.23889568016522e-05,0.00686509276542501,0.779481915412033,0.999957787024215
"Herpud2",50.3848367474451,3.48358303144832e-05,0.0068661427866463,0.705727498997161,0.999957787024215
"Septin7",954.944769695237,0.000273855358300927,0.00685921767555643,0.394259587444704,0.999957787024215
"Acad8",21.0389689362263,2.62683140192789e-05,0.00686649388781923,0.665462329858211,0.999957787024215
"Thyn1",307.661657298443,-9.74807315038049e-05,0.00686344704823307,0.647601564861306,0.999957787024215
"Vps26b",59.1957837960262,-5.94030292448731e-05,0.00686603032292236,0.553578492618609,0.999957787024215
"Ncapd3",191.604818888911,-0.000125970054825591,0.00686465366351717,0.459017360847416,0.999957787024215
"Snx19",41.7426932476844,-4.10980658592915e-06,0.00686623883099059,0.961350240708384,0.999957787024215
"Zbtb44",40.1769742402439,-7.69141096326806e-05,0.00686627894608756,0.345295601440339,0.999957787024215
"St14",16.044789851894,-1.57936618478158e-05,0.00686655391462254,0.768005787891434,0.999957787024215
"Aplp2",67.7569230900942,-2.26400864833882e-05,0.00686592774437121,0.832527070544575,0.999957787024215
"Prdm10",58.1563134311476,-4.06079461673845e-05,0.00686604862825542,0.681713411659455,0.999957787024215
"Nfrkb",64.5337630530117,3.50586435351108e-05,0.00686597773767477,0.735576657548494,0.999957787024215
"Fli1",687.270419652371,-7.26127873025759e-05,0.0068609420473684,0.79710341709237,0.999957787024215
"Ets1",377.864338892343,-7.5247661655216e-05,0.00686295100017662,0.742069558067602,0.999957787024215
"St3gal4",120.122526753249,-3.0906797303149e-05,0.00686532625867395,0.825785974579202,0.999957787024215
"4930581F22Rik",21.3828625080459,5.01153392910624e-05,0.00686649746141235,0.406283449751234,0.999957787024215
"Dcps",268.04597333599,0.000113581913694212,0.00686380204400628,0.573035055929873,0.999957787024215
"Tirap",42.0328499296375,-2.92809025806059e-05,0.00686623232469584,0.731500015972528,0.999957787024215
"Srpr",198.536224404941,6.49154447467469e-05,0.00686462879570135,0.704426564543835,0.999957787024215
"Foxred1",26.5279876482186,-2.61820280275678e-05,0.00686644476349916,0.691903977524514,0.999957787024215
"Fam118b",58.0672664938994,-5.18520982472315e-05,0.00686604325167944,0.601859655902939,0.999957787024215
"Rpusd4",39.1747708821579,1.29685775967547e-05,0.00686626537838624,0.875290583037271,0.999957787024215
"Cdon",21.3821063602083,1.06582866135512e-05,0.00686648596515298,0.862723114133044,0.999957787024215
"Pus3",45.0736325085716,-2.97877694395254e-05,0.00686619600464653,0.735588743917362,0.999957787024215
"Hyls1",24.6077001584711,1.57018826575432e-05,0.0068664452582684,0.812007010394299,0.999957787024215
"Chek1",73.1825555790822,-3.04858250372942e-05,0.00686589894204243,0.779511623121082,0.999957787024215
"Stt3a",272.492294908095,0.000105688967998327,0.00686389133970123,0.59437533533889,0.999957787024215
"Ei24",99.2891264349122,2.37063837130178e-05,0.00686556268291828,0.853459124168914,0.999957787024215
"Ccdc15",24.2148759580131,2.30639238179241e-06,0.00686645396642886,0.971741345962019,0.999957787024215
"Msantd2",59.8397977262054,6.01336346682465e-06,0.00686604595093664,0.951662347302074,0.999957787024215
"Nrgn",27.7295434209637,7.60377589921837e-05,0.00686641241741386,0.272890523285247,0.999957787024215
"Tbrg1",349.521036582386,-7.45862434950705e-06,0.00686303822174664,0.973673505445919,0.999957787024215
"Vwa5a",34.4104909046598,7.42578405374911e-06,0.00686632859104723,0.923373905908071,0.999957787024215
"Gramd1b",368.785781232328,-6.34919347933329e-06,0.00686288496669935,0.978034929266256,0.999957787024215
"Hspa8",2822.78421550514,-8.48965083102677e-06,0.00685341196480237,0.98414323007204,0.999957787024215
"Ubash3b",73.4107878405612,-2.72580402559227e-05,0.00686587562660757,0.80490531392902,0.999957787024215
"Sorl1",57.1081590667078,-0.000107920983992432,0.00686605555788634,0.273389218964549,0.999957787024215
"Sc5d",145.144807990085,0.000151593449441723,0.00686508346078022,0.318011442928284,0.999957787024215
"Tbcel",46.4840974813785,5.38829976862051e-05,0.00686618912941698,0.543722159764421,0.999957787024215
"Arhgef12",38.2420657831534,-2.15560196215457e-05,0.00686629032573749,0.788958036547137,0.999957787024215
"Gm30373",18.0806667887907,4.95386039210407e-06,0.0068665303886838,0.930103403907116,0.999957787024215
"Gm39323",68.4854219898519,-2.3305061852305e-05,0.0068659139104204,0.829072006998162,0.999957787024215
"Thy1",751.744932030805,2.13261280194393e-05,0.0068601558205174,0.943490282654443,0.999957787024215
"Rnf26",23.9398782509955,-4.24269303073588e-05,0.00686648358567951,0.493123398424201,0.999957787024215
"Cbl",235.804712743261,6.34969909051609e-05,0.00686409949633196,0.739753209656973,0.999957787024215
"Hinfp",23.7698163953764,-8.40104438112659e-06,0.00686645824450821,0.896616375945856,0.999957787024215
"Dpagt1",42.4911573836057,9.24232796520701e-07,0.00686622988696512,0.991378305106743,0.999957787024215
"H2ax",302.254444705169,6.04520256032729e-05,0.0068636037285606,0.771508779085521,0.999957787024215
"Hmbs",94.4722024460599,2.22156974181969e-05,0.00686560641668057,0.860031703589049,0.999957787024215
"Vps11",21.2491470451457,-2.7383299782756e-05,0.00686648831108192,0.655501284834321,0.999957787024215
"Hyou1",177.949204751241,2.92854750757804e-05,0.00686470618211508,0.861609396788815,0.999957787024215
"Slc37a4",20.1132030328965,2.99148754171957e-05,0.00686650339643847,0.616121364364458,0.999957787024215
"Trappc4",355.61527943065,8.35857037197243e-05,0.00686301274167376,0.712444093578349,0.999957787024215
"Rps25",4048.57211676227,2.37944628441888e-05,0.00685184107390656,0.957966338078904,0.999957787024215
"Ccdc84",28.6857879191841,3.46932260851744e-07,0.00686640018079731,0.996076455179526,0.999957787024215
"Bcl9l",17.7715237760949,1.65805195153433e-06,0.00686653364513239,0.976413178118846,0.999957787024215
"Ddx6",442.309787037351,1.218267588349e-05,0.00686254881967091,0.959579656817406,0.999957787024215
"Arcn1",325.798716533813,1.00417857846189e-05,0.00686324690990944,0.963526484746367,0.999957787024215
"Ift46",39.1718603192081,5.65025931744082e-06,0.00686626448638893,0.945533634967739,0.999957787024215
"Kmt2a",305.449384674317,-9.01950915351979e-06,0.00686348478096128,0.966071576073998,0.999957787024215
"Atp5l",1580.54584945405,0.000151106602361982,0.00685687937779467,0.681154520688488,0.999957787024215
"Ube4a",125.058997754905,-9.12254814318266e-05,0.00686527795258231,0.522802712923151,0.999957787024215
"Cd3g",1257.71780897171,0.000401116369687359,0.00685813901876791,0.243052702786435,0.999957787024215
"Cd3d",885.799274410099,0.000154132479881575,0.00685931840572385,0.629305575540926,0.999957787024215
"Cd3e",855.034741540981,4.20247226387592e-05,0.00685973040773349,0.892294604263362,0.999957787024215
"Jaml",111.776899975674,-0.000245272804200091,0.00686543602109285,0.0691326780918131,0.999957787024215
"Il10ra",26.1023805607256,2.66543034659777e-05,0.0068664315824361,0.692614589160304,0.999957787024215
"Cep164",35.6118140585748,2.88298818654027e-05,0.00686631030885158,0.71451074958025,0.999957787024215
"Rnf214",43.1906333956632,-2.18644758833336e-05,0.00686621811984349,0.800378334455808,0.999957787024215
"Pcsk7",50.772316623773,-2.24110010410474e-05,0.00686612524813646,0.810673092641818,0.999957787024215
"Sidt2",78.3663628566493,1.05935611722164e-05,0.00686581941314509,0.925830419777088,0.999957787024215
"Pafah1b2",151.249120329462,-7.33240985108783e-05,0.00686498212335904,0.639032505572384,0.999957787024215
"Sik3",251.728694416386,-0.000152212571515467,0.00686400126906613,0.434207068633721,0.999957787024215
"Zpr1",103.464584061928,-5.11595125201386e-05,0.00686550156799109,0.697400714766171,0.999957787024215
"Bud13",49.8394966449365,-1.15336247862927e-05,0.00686614440913837,0.900379660301752,0.999957787024215
"Rexo2",622.953423390356,3.28070580618544e-05,0.0068611876217409,0.905525486149774,0.999957787024215
"Rbm7",112.916577148442,4.82754713664378e-05,0.00686539631395133,0.724460922653353,0.999957787024215
"Gm5617",19.2637130325626,2.10773731192686e-05,0.00686651335952516,0.718673245517097,0.999957787024215
"Usp28",28.6252043260685,1.55931310855925e-05,0.00686639515413627,0.82625891057695,0.999957787024215
"Zw10",57.4523786565241,-3.45651631352487e-05,0.00686605514099029,0.725814354422236,0.999957787024215
"Rpl10-ps3",48.4770409458819,1.16259070898332e-05,0.00686616625355369,0.897774742189874,0.999957787024215
"Pts",53.9922187098626,-2.15145266608462e-05,0.00686608904150529,0.822982410148464,0.999957787024215
"Sdhd",302.264386956219,0.000191810328349957,0.00686350271802474,0.364377557690213,0.999957787024215
"Timm8b",247.551914206503,1.46785027129748e-05,0.00686401246167852,0.939764428537188,0.999957787024215
"Nkapd1",85.3810632986727,9.46849712846523e-05,0.00686572318128089,0.428000075301462,0.999957787024215
"Dlat",135.83479585561,6.96961884790324e-05,0.00686514613296546,0.639855189333635,0.999957787024215
"Cfap68",17.7341886720178,2.65089411964542e-05,0.00686653325065461,0.636716352523649,0.999957787024215
"Alg9",33.2365597523404,-1.46188784688376e-05,0.00686634043722797,0.847747760442247,0.999957787024215
"Ppp2r1b",50.1302801163103,2.96746325269783e-05,0.00686613726178461,0.748792211630071,0.999957787024215
"Sik2",84.9730487260574,-4.68783085927217e-05,0.00686582165369613,0.68001828016087,0.999957787024215
"Fdx1",147.335182813777,0.00014835788323486,0.00686503154575361,0.33580653459278,0.999957787024215
"Rdx",371.906591970701,0.000169291264766316,0.0068628514497193,0.464799901090198,0.999957787024215
"Ddx10",356.854492338323,-3.2022024094225e-05,0.00686304992050935,0.8871534003737,0.999957787024215
"Poglut3",15.3879572534836,5.04067139684443e-06,0.00686656204105462,0.923493325938376,0.999957787024215
"Atm",155.228626644311,-0.000109373643816854,0.00686494097244089,0.489114858736144,0.999957787024215
"Npat",125.403356453766,-2.78207252107819e-05,0.0068653112396851,0.843746141928271,0.999957787024215
"Acat1",273.110665378147,-0.000146581010283368,0.00686373728802894,0.471827111119411,0.999957787024215
"Cul5",179.791145682038,5.24560356403084e-05,0.00686497233770404,0.737895244898674,0.999957787024215
"Slc35f2",35.2978969779943,-8.29083808406406e-05,0.00686631873535766,0.288276777970895,0.999957787024215
"Idh3a",228.490206286147,9.2098672723158e-05,0.00686419249808233,0.623823067322439,0.999957787024215
"Acsbg1",14.1162367623885,-1.47505243300753e-05,0.00686657965643409,0.768575301924007,0.999957787024215
"Skic8",232.915725877791,5.49865213160684e-05,0.00686415051779989,0.771471015164358,0.999957787024215
"Ireb2",111.537403451539,4.28379061749336e-05,0.00686542325766558,0.752057519798174,0.999957787024215
"Psma4",987.105821926944,7.45381632525501e-05,0.00685879159164896,0.821504141055953,0.999957787024215
"Ube2q2",99.7129839905616,-3.99440039725147e-05,0.00686556037548205,0.755859693801311,0.999957787024215
"Fbxo22",59.6733460481986,-3.2929850730014e-05,0.00686603904042246,0.741120428886363,0.999957787024215
"Etfa",354.706649869663,0.000105531623635558,0.00686301497569292,0.641583622254607,0.999957787024215
"Scaper",108.532382585802,4.05415041203339e-05,0.00686548952787111,0.759093850248344,0.999957787024215
"Rcn2",81.0595959762734,2.74635639672369e-05,0.00686578196199597,0.812899117902889,0.999957787024215
"Pstpip1",168.092293712583,2.01348334063764e-05,0.00686482215257467,0.901804406127614,0.999957787024215
"Tspan3",55.3812276314961,-2.67552935947112e-05,0.00686607244307102,0.783439028399788,0.999957787024215
"Peak1",206.493186786681,1.53015542909875e-05,0.00686441959743301,0.931993413219478,0.999957787024215
"Hmg20a",56.1802280355879,-4.30314188302801e-05,0.00686606666080688,0.6597959130293,0.999957787024215
"Imp3",317.926783279894,0.000106453800545489,0.00686333725670243,0.623343582039977,0.999957787024215
"Snupn",27.5307389304534,3.34113500221673e-05,0.00686641375258388,0.629310577670807,0.999957787024215
"Ptpn9",145.63923987531,-6.23255808291615e-05,0.00686506927041479,0.68267277666536,0.999957787024215
"Sin3a",102.233201674976,-4.21470443538479e-05,0.00686562207623069,0.736249864442163,0.999957787024215
"Man2c1",19.3235511905185,-6.32345048302659e-05,0.00686651653174588,0.276736412534626,0.999957787024215
"Commd4",114.21896212602,7.32821888096315e-05,0.00686538716073627,0.593813791120166,0.999957787024215
"1700017B05Rik",77.5932421584777,-3.70213244677309e-05,0.00686582336865146,0.74441455572632,0.999957787024215
"Ppcdc",56.7852905094798,0.00010567239104468,0.00686605393854622,0.284059603729576,0.999957787024215
"Cox5a",2081.84368176864,0.00037706075365875,0.0068550416394239,0.346288109702718,0.999957787024215
"Scamp2",100.279805280197,1.99022408847799e-05,0.00686554026257937,0.877894444487638,0.999957787024215
"Csk",244.231384247808,8.68433255632504e-05,0.00686402243596258,0.654234343204115,0.999957787024215
"Edc3",41.0508200314041,-5.56269982715771e-05,0.00686624302450243,0.51018750522101,0.999957787024215
"Clk3",67.3422020512533,-2.32090483914213e-05,0.00686594428308983,0.826685392836354,0.999957787024215
"Arid3b",34.6118439808729,9.99055747649161e-06,0.0068663266000178,0.897270658759103,0.999957787024215
"Ubl7",41.5762415696776,-4.77398506765881e-05,0.00686623718174953,0.574100528311158,0.999957787024215
"Sema7a",36.8437189571745,-9.01031240494394e-06,0.00686631447049556,0.908559396301574,0.999957787024215
"Pml",71.6473716997077,-9.40516347934614e-05,0.00686587590988039,0.393990836996227,0.999957787024215
"Stoml1",13.535203209895,-9.17044848288569e-08,0.00686658886114713,0.998502286772014,0.999957787024215
"Nptn",379.989744922785,0.000228581705790412,0.00686281521976558,0.325884524844592,0.999957787024215
"Adpgk",37.5570490760595,-4.14335186688501e-05,0.00686628787606732,0.607841741020486,0.999957787024215
"Arih1",373.976249321553,-5.01020701942271e-05,0.00686289876733036,0.827702230636129,0.999957787024215
"Parp6",18.029280973616,1.41778130653648e-05,0.0068665301531011,0.801883701369751,0.999957787024215
"Pkm",1190.67231526577,0.000444757546741561,0.00685782572629218,0.203521055983486,0.999957787024215
"Senp8",13.6181030585565,-4.99620809376939e-06,0.00686658429563225,0.919589732927798,0.999957787024215
"Myo9a",69.9646318777593,-3.48697734231623e-06,0.00686594516324804,0.973743238014595,0.999957787024215
"Tle3",65.8632490113888,7.62895043242742e-05,0.00686596708731906,0.465417237538838,0.999957787024215
"Rplp1",15853.2767018985,-4.95272631418659e-05,0.00684828624007204,0.921414407028381,0.999957787024215
"Kif23",149.74474397745,7.77302455705935e-05,0.00686502840978837,0.614383988160522,0.999957787024215
"Glce",16.71646526849,9.52185001939515e-06,0.00686654661381784,0.861226705258032,0.999957787024215
"Anp32a",765.714525306309,-0.000129145017447342,0.00685999805909342,0.671398671226858,0.999957787024215
"Fem1b",44.0102617845899,3.94776065856607e-05,0.00686624282532199,0.640306683711616,0.999957787024215
"Cln6",15.7596981480028,-9.19841370566929e-06,0.00686655737462754,0.862459604808309,0.999957787024215
"Pias1",120.097496594332,3.65155616363321e-05,0.00686532297827394,0.795051142473246,0.999957787024215
"Map2k5",118.112668797245,4.42702523105761e-05,0.00686533613855564,0.751722126505191,0.999957787024215
"2300009A05Rik",63.6688600335562,6.6056422109555e-05,0.00686597528193091,0.525217939315408,0.999957787024215
"Aagab",51.3894163714859,-3.25926678093159e-05,0.00686612028446631,0.728558036776312,0.999957787024215
"Smad3",54.0120438196218,1.2508518469535e-06,0.00686608926969189,0.989620839597397,0.999957787024215
"Zwilch",113.447074377455,2.32670630363284e-06,0.00686539137168984,0.98646950444196,0.999957787024215
"Rpl4",4118.30356297009,5.64480848043144e-05,0.00685193649844264,0.900179559780247,0.999957787024215
"Snapc5",110.233309629325,-3.50049892326148e-05,0.00686544483401678,0.794660203784647,0.999957787024215
"Map2k1",102.950768760894,-7.24885842399886e-05,0.00686550902236545,0.58055416933219,0.999957787024215
"Tipin",558.893559143228,0.000310093233736125,0.00686147429544565,0.249423212723458,0.999957787024215
"Dis3l",17.1793715561191,-1.48318262901282e-05,0.00686654139211453,0.78787778963482,0.999957787024215
"Rab11a",220.324486394859,-3.43518967654944e-05,0.00686434437726841,0.850421437664566,0.999957787024215
"Dennd4a",362.033125448004,-4.97072857329686e-06,0.00686294539079516,0.982667534158734,0.999957787024215
"Ints14",68.9393066405045,-2.28705417953842e-05,0.00686593710057229,0.829907035905238,0.999957787024215
"Hacd3",122.6680861913,-1.35604936480722e-05,0.00686529653750886,0.923845736442703,0.999957787024215
"Dpp8",179.282394286397,-1.52349141006445e-05,0.00686468470303442,0.928113693252005,0.999957787024215
"Clpx",117.008632933764,5.02405342842427e-05,0.00686535775365543,0.717512735946161,0.999957787024215
"Pdcd7",58.7712480510704,1.28649491612643e-05,0.00686602690559966,0.898149301750265,0.999957787024215
"Mtfmt",53.4409749055849,1.77512790959022e-05,0.00686609874539284,0.852504595765439,0.999957787024215
"Spg21",107.994692061618,-2.52311050745687e-05,0.00686546771066543,0.849901925173645,0.999957787024215
"Plekho2",38.2183404923453,1.30050290388827e-05,0.00686627862874326,0.873257356719032,0.999957787024215
"Pif1",19.4497932160584,4.34424677964193e-05,0.00686652384350262,0.448095392093581,0.999957787024215
"Zfp609",77.4173019029716,0.00014783327632554,0.00686584493319881,0.187827368400461,0.999957787024215
"Trip4",67.5638249009611,4.06005879771161e-05,0.00686594741816877,0.701154623273002,0.999957787024215
"Pclaf",1616.88570058698,0.000454362472939547,0.00685619691845746,0.232055419632891,0.999957787024215
"Csnk1g1",287.308937112177,-1.01281264200799e-05,0.00686362298928955,0.961076493988433,0.999957787024215
"Ppib",1257.62869612766,0.00015454792453382,0.00685754963179303,0.663409369056894,0.999957787024215
"Snx1",127.144840759037,-7.73339483248014e-06,0.00686525041224903,0.957192614909249,0.999957787024215
"Ciao2a",455.536124601208,0.000157231453764825,0.00686219084434021,0.529998331174481,0.999957787024215
"Dapk2",75.6138520293776,-3.72875671942535e-05,0.00686582646768698,0.742231012165936,0.999957787024215
"Herc1",246.521803226636,-7.44339234902529e-07,0.00686399140658026,0.996954210767529,0.999957787024215
"Usp3",284.357274295733,-0.000130873001585761,0.00686364104085774,0.527102693106104,0.999957787024215
"Car12",69.4088826389871,5.22751115587047e-05,0.00686590637110835,0.629715854513869,0.999957787024215
"Rab8b",301.263262628253,-3.18541567425143e-05,0.00686360482619038,0.878359741750986,0.999957787024215
"Rps27l",2648.79613172051,0.000410689794773684,0.0068538970634036,0.327420475253215,0.999957787024215
"Lactb",85.953402028308,-7.52342952162478e-05,0.00686572037399476,0.529384154059604,0.999957787024215
"Tpm1",102.44084202149,1.0535957467474e-05,0.0068655269032859,0.935526583874614,0.999957787024215
"Vps13c",111.356481700581,1.94112518749574e-05,0.00686541213707429,0.886632371808083,0.999957787024215
"Rora",47.997965435984,-3.56894663994383e-06,0.00686616884899432,0.968471843984243,0.999957787024215
"Ice2",46.6710631158194,2.62402794497633e-05,0.00686617274254489,0.770622948148959,0.999957787024215
"Anxa2",453.076936931816,-5.81570839904003e-05,0.00686225481427494,0.815040322473979,0.999957787024215
"Bnip2",244.857071902678,0.000156782847549062,0.00686418779589322,0.404207554376488,0.999957787024215
"Gtf2a2",190.820220571105,7.44110296015486e-05,0.00686455439132218,0.66904475280908,0.999957787024215
"Myo1e",89.176934700006,-0.000175738734689491,0.00686574262504504,0.137523013168558,0.999957787024215
"Ccnb2",245.363927323494,-5.49199798444119e-05,0.00686405589612276,0.775652552449956,0.999957787024215
"Rnf111",128.248059213548,-0.00011984557343076,0.0068652362301481,0.407689077044506,0.999957787024215
"Sltm",462.793601961075,-0.000138450385407999,0.00686210875243277,0.583621095886378,0.999957787024215
"Mindy2",88.3756758795766,3.63082552545399e-05,0.00686570591550169,0.763072713659208,0.999957787024215
"Adam10",218.900268733831,-0.000165356035939337,0.00686430830607269,0.367555617708782,0.999957787024215
"Aqp9",58.9269897107705,3.60011420580038e-05,0.00686602538482161,0.720475616926804,0.999957787024215
"Polr2m",184.982186776055,2.0263318697755e-05,0.00686470327991722,0.90405916224262,0.999957787024215
"Tcf12",430.951814705733,-0.000190923847301712,0.00686237877986204,0.436139247226835,0.999957787024215
"Zfp280d",190.188683739906,-0.000164579604836708,0.00686457097602126,0.34261723859985,0.999957787024215
"Mns1",28.3551421833864,-4.65012168707038e-05,0.00686640120230189,0.509225811615482,0.999957787024215
"Tex9",181.156920316671,-0.000188159832830556,0.00686491469328229,0.237402939494507,0.999957787024215
"Rfx7",449.663001508625,-0.000183183596129117,0.00686231318690443,0.458305528986461,0.999957787024215
"Nedd4",391.521973745917,0.000128054217802759,0.00686273604165677,0.585792777469722,0.999957787024215
"Ccpg1",21.1388192909477,2.99800695316356e-05,0.00686649038373998,0.623925034932377,0.999957787024215
"Pigb",30.1315735967413,-3.66369258636592e-05,0.00686638454732619,0.611138961188389,0.999957787024215
"Pigbos1",71.3084030348551,-6.51016851850157e-05,0.00686587804445835,0.554697104768739,0.999957787024215
"Rab27a",95.2025619915862,-3.94674247656425e-05,0.00686566363887091,0.747971416637789,0.999957787024215
"Rsl24d1",295.57703828444,0.000183968450059109,0.00686355178648664,0.38071149426775,0.999957787024215
"Atosa",31.5168691909683,4.9060831405305e-06,0.00686636827572872,0.946846326172619,0.999957787024215
"Arpp19",633.785471803502,9.18464068491569e-06,0.0068610237753081,0.97387395446564,0.999957787024215
"Myo5a",215.184025381775,-0.000229621147882343,0.00686432393395135,0.209386038925342,0.999957787024215
"Mapk6",174.971590365685,3.51153880024053e-05,0.0068647936660311,0.830844188842765,0.999957787024215
"Leo1",97.7973205810476,-1.86682718564975e-05,0.00686556605606276,0.884191906095131,0.999957787024215
"Tmod3",298.481858327008,-7.4864834230278e-05,0.00686352703929484,0.722322787136883,0.999957787024215
"Lysmd2",21.1181086749339,1.09454977426112e-05,0.00686648990221288,0.858059393184703,0.999957787024215
"Lrrc1",21.8744189381406,-1.58145914761594e-05,0.00686648129085637,0.799171502612267,0.999957787024215
"Gclc",78.7730518766127,-2.35615985770645e-05,0.00686579136561836,0.838322387993479,0.999957787024215
"Elovl5",98.4327322914132,9.79173957796908e-05,0.00686556102418252,0.445827191834414,0.999957787024215
"Fbxo9",56.8781909005389,4.86101494326928e-05,0.00686606141563082,0.620317440118539,0.999957787024215
"Cgas",73.7115610863451,-5.63474193947912e-05,0.00686597458318788,0.588023476782676,0.999957787024215
"Mto1",39.8842582046005,-4.65540681603117e-05,0.00686626164657853,0.574605227152301,0.999957787024215
"Eef1a1",12365.7098797633,0.000254961075043694,0.00684809446162714,0.613380807097987,0.999957787024215
"Slc17a5",16.278029651519,1.13844600239444e-05,0.00686655302222629,0.831967386510421,0.999957787024215
"Cox7a2",1013.61079565738,0.000288816854920241,0.00685883511971949,0.380717255815205,0.999957787024215
"Tmem30a",401.09172044532,0.00027725869930383,0.00686262336522387,0.244526879818654,0.999957787024215
"Senp6",399.581811759232,-8.19854355750219e-05,0.00686263986462243,0.730239642304042,0.999957787024215
"Myo6",39.5507019611625,-5.44994910550409e-05,0.00686626480246512,0.509795896058776,0.999957787024215
"Irak1bp1",34.631855888965,-2.95092224879514e-05,0.00686632310681195,0.704067631339237,0.999957787024215
"Phip",259.308248586575,3.67341688995695e-06,0.00686391972490204,0.985159945841655,0.999957787024215
"Hmgn3",26.2987873599251,8.72872679461779e-05,0.00686645959494403,0.176038164422897,0.999957787024215
"Lca5",14.1169821422386,6.25995401128576e-06,0.00686658380586659,0.899485140894781,0.999957787024215
"Ttk",92.1465881890636,-9.28215575330348e-08,0.006865645476015,0.999401969023565,0.999957787024215
"Bckdhb",65.4556296267239,-9.45134695912441e-05,0.00686595683847237,0.368887434163668,0.999957787024215
"Tent5a",31.1243601852099,-3.4735888559527e-05,0.00686640683113335,0.619239027631078,0.999957787024215
"Ibtk",117.630145623546,-7.7388213393323e-05,0.00686534730351708,0.578746318118038,0.999957787024215
"Ube2cbp",19.6250806394496,2.06685204054372e-06,0.00686651065372027,0.971972610387576,0.999957787024215
"Dop1a",90.2223654104479,-7.13954055838482e-05,0.00686565707849464,0.562235931453995,0.999957787024215
"Pgm3",36.9751193046334,9.03723849730955e-06,0.00686630358157634,0.909376614089615,0.999957787024215
"Cyb5r4",90.0359943720843,7.41804353897765e-05,0.00686566058550479,0.546450909790142,0.999957787024215
"Cep162",60.220689726737,4.76745599989174e-05,0.00686600981493307,0.639124188614005,0.999957787024215
"Snx14",38.9062102671636,8.03248413874771e-06,0.00686627251695848,0.922002185756759,0.999957787024215
"Syncrip",1026.65165158248,-5.75810205791659e-05,0.00685864969211927,0.862841024493563,0.999957787024215
"Snhg5",159.619967774883,-9.53300875295876e-06,0.00686491451609658,0.952269289132041,0.999957787024215
"Mthfsl",18.5858905273799,-1.84140507203619e-05,0.00686653066714561,0.744241980002598,0.999957787024215
"Bcl2a1b",23.6392441142562,8.00521029461177e-06,0.00686646007239871,0.901166448945576,0.999957787024215
"Tmed3",70.5758638276442,8.96596225790963e-06,0.00686590750661988,0.934052858787628,0.999957787024215
"Morf4l1",971.240230447477,2.72335983250659e-05,0.0068589043833767,0.933837281574564,0.999957787024215
"Tbc1d2b",118.117776681329,-4.89351910132871e-05,0.00686536689427945,0.723686280955099,0.999957787024215
"Plscr1",174.594145918336,-1.81526604171622e-05,0.00686492080888732,0.909099794061723,0.999957787024215
"Plod2",102.682508917324,-6.26519779524153e-05,0.00686553405887595,0.629499719116733,0.999957787024215
"Dipk2a",128.116066333056,0.000145167975354989,0.00686523791943165,0.31563651361473,0.999957787024215
"Slc9a9",307.62772307562,-3.96299044501253e-05,0.00686347203676701,0.852027676296118,0.999957787024215
"U2surp",563.568406828449,0.000105372899853888,0.00686141176420236,0.697211065901852,0.999957787024215
"Atr",128.608052892992,6.77584193844474e-05,0.0068652443881859,0.638803576178181,0.999957787024215
"Xrn1",282.211359497456,-0.000182075182740933,0.00686376664829564,0.36913209016172,0.999957787024215
"Tfdp2",41.0163020911104,1.12987277777389e-05,0.00686624570393612,0.893317768322282,0.999957787024215
"Atp1b3",448.986112172001,4.60911777564206e-05,0.00686231543817919,0.851933022857168,0.999957787024215
"Rnf7",347.077527789975,0.000120467614700712,0.00686306871775577,0.592502877394169,0.999957787024215
"Rasa2",368.021612260367,0.000228705968652973,0.00686293597327714,0.318115504279411,0.999957787024215
"Zbtb38",102.181138743165,5.09099564325647e-06,0.00686555879614271,0.968410364521015,0.999957787024215
"Slc25a36",69.2252478360903,-7.38099344414412e-05,0.00686590840271335,0.495524460050954,0.999957787024215
"Nmnat3",31.9512654072267,-5.35776731170661e-05,0.0068663598006408,0.471305477074208,0.999957787024215
"Copb2",340.038832461703,4.15346078004682e-05,0.00686333949495204,0.847993213954393,0.999957787024215
"Mrps22",133.048487166013,1.74478889141291e-05,0.00686517435231032,0.905932358633941,0.999957787024215
"Faim",115.225416819105,-0.000100666253381971,0.00686541925451722,0.458510094114022,0.999957787024215
"Cep70",44.3929919881743,8.40125579961369e-05,0.00686622515453911,0.328113225124815,0.999957787024215
"Armc8",92.6048703964592,2.93846334648576e-06,0.00686564560879877,0.981068710698799,0.999957787024215
"Dbr1",64.594962612251,2.41196224651191e-05,0.00686596553987935,0.817658111520558,0.999957787024215
"Nck1",128.660791265563,-3.08936847970536e-05,0.00686525521600554,0.829945271990964,0.999957787024215
"Stag1",521.979710104722,-0.000160710030396966,0.00686181841329907,0.53704005864306,0.999957787024215
"Pccb",28.1154750976753,2.89943796740896e-06,0.00686640622318942,0.966942121306123,0.999957787024215
"Msl2",94.3346442420268,-1.43842525573429e-05,0.00686560818767148,0.909031392411349,0.999957787024215
"Ppp2r3a",36.5221309282229,1.70606310990136e-05,0.00686630885700056,0.828889968510294,0.999957787024215
"Cep63",38.8368025480824,-5.85322789710441e-05,0.00686628089580519,0.471736885595247,0.999957787024215
"Anapc13",88.9424036594266,2.2519782873863e-05,0.00686574190750351,0.849123932175731,0.999957787024215
"Ryk",70.9632620348433,-6.6295041027517e-05,0.00686591583023318,0.538663564657709,0.999957787024215
"Srprb",73.0616676836096,1.09238916128735e-05,0.00686600706403692,0.914589912852318,0.999957787024215
"Topbp1",365.747783568525,2.07466889011824e-05,0.00686294087890171,0.927794044315912,0.999957787024215
"Cdv3",699.859409871349,0.000188076094983688,0.0068604156986327,0.523625777777188,0.999957787024215
"5830418P13Rik",42.0816404871809,3.96176490320834e-05,0.00686623225504882,0.642481202976599,0.999957787024215
"Uba5",92.855843003295,-3.56948197612264e-05,0.00686564835884065,0.772885204153535,0.999957787024215
"Dnajc13",169.35665559084,-1.53486439326786e-05,0.00686482316703102,0.925047183208573,0.999957787024215
"Acpp",148.31724284231,-0.00026712758899164,0.00686505338329658,0.081152013175303,0.999957787024215
"Mrpl3",203.427586038427,9.01604737044539e-06,0.00686449912728771,0.959199889182849,0.999957787024215
"Nudt16",26.1744662239265,1.79346806003431e-05,0.00686643445938437,0.789352165292201,0.999957787024215
"Atp2c1",72.2871137209632,-4.58102463268416e-05,0.00686587168916571,0.6787276266993,0.999957787024215
"Pik3r4",20.3955709721708,-5.03550987277086e-05,0.00686650367075829,0.398464210763015,0.999957787024215
"Wdr82",124.649993619501,-0.000118046400212319,0.00686526601972298,0.410161597706478,0.999957787024215
"Ppm1m",26.3969960052448,2.12275070629415e-05,0.00686642813258269,0.754130745534044,0.999957787024215
"Twf2",110.684096863385,-2.93547392580549e-05,0.00686542018082121,0.828799350903368,0.999957787024215
"Alas1",70.2676170891904,2.42950916515541e-05,0.00686589011023496,0.824334480289903,0.999957787024215
"Poc1a",35.3900296571065,4.73238292407704e-05,0.00686632162913654,0.543108294348169,0.999957787024215
"Dusp7",26.8612753688855,-4.34656493190352e-05,0.00686642174049946,0.525254876673193,0.999957787024215
"Rpl29",540.694011772577,5.93088982542419e-05,0.00686152637691304,0.824799352060119,0.999957787024215
"Abhd14a",53.5740742917424,-1.9184783679164e-05,0.00686609085237591,0.841672691130406,0.999957787024215
"Parp3",20.0957756697576,2.98854445810826e-05,0.00686650421596782,0.61591016407504,0.999957787024215
"Rrp9",184.524764717723,-9.57089270232959e-05,0.00686462220254749,0.576543284249629,0.999957787024215
"Tex264",44.4159970903952,-3.40397846326767e-06,0.00686620003008052,0.969107001761102,0.999957787024215
"Rad54l2",160.307952429533,-6.11944808024042e-05,0.0068649024776745,0.701725195092909,0.999957787024215
"Dcaf1",159.063147934386,-0.000240173347557846,0.00686492687189655,0.130254308478822,0.999957787024215
"Manf",1425.39051162048,0.00109718063445144,0.00685694346671801,0.0027612963826306,0.999957787024215
"Rbm15b",67.475476616325,4.22867958666333e-05,0.0068659211161352,0.69401914739313,0.999957787024215
"Mapkapk3",66.1557217155241,-4.90834539767516e-06,0.00686594575245,0.963033645520265,0.999957787024215
"Cish",335.785515568946,-7.76422266364968e-05,0.00686329823898625,0.721708222696135,0.999957787024215
"Hemk1",102.938961302047,6.31996420191976e-05,0.006865624318469,0.613161925045388,0.999957787024215
"Tmem115",32.1044225219736,1.45300633482389e-05,0.00686635386762588,0.846226497030535,0.999957787024215
"Cyb561d2",69.6512627213276,5.31391439076675e-05,0.00686594505548291,0.615982397856375,0.999957787024215
"Nprl2",17.6538733683095,-1.49996120973705e-05,0.00686653366430588,0.78909895026123,0.999957787024215
"Rassf1",134.830775664518,3.54752380187672e-05,0.00686515279453041,0.811374753898614,0.999957787024215
"Tusc2",45.4433016744671,-1.07692305976612e-05,0.00686618770806555,0.903528108630321,0.999957787024215
"Ifrd2",177.966869350549,-2.25250699991416e-05,0.00686468977355957,0.89375664845075,0.999957787024215
"Gnai2",973.082418939954,-0.000245354347396686,0.00685896519772553,0.452753699243942,0.999957787024215
"Rbm5",225.842746190106,3.63487907578543e-05,0.00686420813297883,0.846055552438859,0.999957787024215
"Rbm6",275.600773446999,-7.95872614972225e-05,0.00686376786324207,0.694577993984124,0.999957787024215
"Traip",36.0763620002961,3.83293875574617e-05,0.00686631072868484,0.626567322589415,0.999957787024215
"Uba7",17.7425476156327,-1.23473368478135e-05,0.00686653208732145,0.826315166187125,0.999957787024215
"Ip6k1",55.5516728897181,-7.0083464836519e-05,0.0068660831538189,0.468100374235708,0.999957787024215
"Gmppb",49.2203826638253,5.47320668207727e-05,0.00686616143702642,0.546912218065775,0.999957787024215
"Rnf123",32.5011109442299,-1.91731979923213e-05,0.00686636185764123,0.7960627878768,0.999957787024215
"Apeh",31.6917732117564,-2.01339133087462e-05,0.00686636005526301,0.786554220896275,0.999957787024215
"Bsn",17.5291329257668,-1.93693676337297e-05,0.00686653604693367,0.728429423209698,0.999957787024215
"Dag1",35.8285227139935,1.77098083098211e-05,0.00686630724574985,0.822794565102622,0.999957787024215
"Rhoa",669.864126255285,2.04086348643342e-05,0.00686072599438329,0.943431128160516,0.999957787024215
"Gpx1",537.581610526274,-5.56037475063634e-05,0.00686167553440871,0.833229409658521,0.999957787024215
"Usp4",96.0672100048053,-1.88321303281845e-05,0.00686558998608044,0.882005938448262,0.999957787024215
"Ccdc71",40.8671736090885,-1.91927191490599e-05,0.00686624553913813,0.819827703561068,0.999957787024215
"Usp19",77.240290990431,-2.08621208898155e-05,0.00686582015619329,0.854483881654652,0.999957787024215
"Qars",83.3335334526082,0.00013066426281514,0.00686574605279605,0.268710762749599,0.999957787024215
"Qrich1",159.378601650473,7.65940899833139e-05,0.00686490901642908,0.631073045795671,0.999957787024215
"Impdh2",582.646674960801,0.000153919144573081,0.00686123854206094,0.575902347742219,0.999957787024215
"Ndufaf3",68.6992453842028,3.25542521577278e-05,0.00686591370609193,0.7630045326234,0.999957787024215
"Dalrd3",27.7985433976101,4.40679885244774e-06,0.0068664102482307,0.949489222601154,0.999957787024215
"Wdr6",24.9420592216752,1.73472527806082e-05,0.00686644470695249,0.792911063909516,0.999957787024215
"Arih2",94.9758419704729,-5.271470637997e-05,0.00686561188355365,0.674918388894517,0.999957787024215
"Slc25a20",19.3901525138039,-1.89272212466953e-05,0.00686651406392792,0.745981710972291,0.999957787024215
"Prkar2a",165.663187526031,-0.000112029354546114,0.0068649804380218,0.473800234625333,0.999957787024215
"Ip6k2",44.1419521354853,4.38889189973893e-05,0.00686621218090191,0.613685179051053,0.999957787024215
"Uqcrc1",238.138048386464,-2.96601758745136e-05,0.00686407091310308,0.877341694615879,0.999957787024215
"Shisa5",940.729683355004,-1.74871075339488e-05,0.00685909675145812,0.956959159160543,0.999957787024215
"Atrip",48.3348264129624,-3.7461158493442e-06,0.00686615537371481,0.967276523463751,0.999957787024215
"Tma7",1280.13483655,0.000228661072271834,0.00685786329242173,0.512385892382787,0.999957787024215
"Ccdc51",23.9451865605656,-6.61783768317974e-06,0.00686646605344089,0.917411437484154,0.999957787024215
"Nme6",42.2747280189456,5.13992465405399e-05,0.00686622844853985,0.548414340056482,0.999957787024215
"Cdc25a",179.654067028322,2.95173228184378e-05,0.00686468560575725,0.861209982471606,0.999957787024215
"Map4",170.091348251113,-4.91627439182398e-05,0.0068647766918878,0.765860415899909,0.999957787024215
"Dhx30",105.845659438753,-4.42006124232942e-05,0.0068654753400651,0.739509415504545,0.999957787024215
"Smarcc1",468.149020311237,-0.000101130271090061,0.00686241214500185,0.678829788212901,0.999957787024215
"Elp6",29.3242609762725,2.73996345195103e-05,0.00686638794298741,0.702482338183943,0.999957787024215
"Scap",65.9163707865628,-5.61117633005858e-05,0.0068659528962322,0.594610676834948,0.999957787024215
"Ptpn23",22.060499066327,-3.82703341613214e-05,0.00686648609701764,0.534595994292067,0.999957787024215
"Klhl18",42.4346491504531,5.59007716069815e-05,0.00686622599395037,0.514915026463188,0.999957787024215
"Setd2",188.635734915286,-4.70660221886407e-05,0.00686460606047997,0.784398777033411,0.999957787024215
"Nbeal2",40.0438067014925,4.37918823797672e-06,0.0068662748401992,0.957327904526979,0.999957787024215
"Ccdc12",296.113563956302,0.000161017527683487,0.006863539758102,0.443797384202411,0.999957787024215
"Lrrfip2",78.7190464086656,-0.000143561123115119,0.00686579653678618,0.212566677409497,0.999957787024215
"Mlh1",36.6694211518824,-1.60276544509221e-05,0.00686629971415374,0.840679019605068,0.999957787024215
"Epm2aip1",37.7661908949514,1.43710147378088e-05,0.0068662848786478,0.859173153042213,0.999957787024215
"Pdcd6ip",501.252967285127,-4.84885265089881e-05,0.00686198625235814,0.849712664349955,0.999957787024215
"Clasp2",152.632054081009,-0.000109425288966043,0.00686496187613919,0.486399785932727,0.999957787024215
"Ubp1",99.0445811141625,-1.33532331298543e-05,0.00686555471833197,0.917409503591558,0.999957787024215
"Crtap",35.4769230859834,-5.57930599118993e-05,0.00686632223375108,0.47310120836484,0.999957787024215
"Glb1",55.6650504265296,-5.45667472928776e-06,0.00686607520939905,0.955209885076384,0.999957787024215
"Cnot10",97.1515813482375,-6.02426638551959e-05,0.00686564190360823,0.627197415089383,0.999957787024215
"Dync1li1",131.090911188807,-4.95663008477355e-06,0.00686520267149655,0.972978152379635,0.999957787024215
"Cmtm6",47.6477954171607,-8.54374692930538e-06,0.0068661626707189,0.925005079653946,0.999957787024215
"Cmtm7",728.805198295613,0.000323410701469459,0.0068604408760769,0.271827872375417,0.999957787024215
"Gpd1l",27.9481738726644,-4.28146468320394e-05,0.00686641287001672,0.536728823636576,0.999957787024215
"Rps27rt",51.33009097455,-1.6386166933615e-05,0.00686611642568129,0.861899172023007,0.999957787024215
"Stt3b",246.761118141037,-5.90526491824764e-06,0.00686403262842205,0.975658181788868,0.999957787024215
"Tgfbr2",218.432275932165,-0.000167192204188392,0.00686428195923608,0.364819138024989,0.999957787024215
"Azi2",190.12137208928,-0.000107027283965034,0.00686458455880137,0.535873209839778,0.999957787024215
"Cmc1",183.489681362838,9.77234021046919e-05,0.00686468740468911,0.56253768389438,0.999957787024215
"Eomes",469.576448666286,-0.000111287257975365,0.00686225823137347,0.654292589335505,0.999957787024215
"Golga4",174.838481007662,-0.000176799643769652,0.00686473046325714,0.289741783113533,0.999957787024215
"Oxsr1",108.698626836242,-2.74245242446158e-05,0.00686544908607711,0.838171925725818,0.999957787024215
"Myd88",45.3391317215338,2.42449499984654e-05,0.00686619440291196,0.783719770325872,0.999957787024215
"Exog",23.6674748948682,1.87961467697153e-06,0.00686645937639767,0.9767643182161,0.999957787024215
"Wdr48",69.0897506480029,-0.00011278456067442,0.00686591694942638,0.295246645700274,0.999957787024215
"Csrnp1",34.5352887871185,-1.57968070114203e-05,0.00686632231283735,0.839018416428295,0.999957787024215
"Slc25a38",28.5405694241483,7.22118316300821e-06,0.00686641980648609,0.916183677939732,0.999957787024215
"Rpsa",9695.50137674658,-4.89222204848387e-05,0.00684850264062826,0.92191728331234,0.999957787024215
"Eif1b",234.525844611565,-6.73059310233664e-05,0.00686436602446147,0.710524992358375,0.999957787024215
"Rpl14",6630.21407908683,-0.000239402891682468,0.0068501174839245,0.61549852083712,0.999957787024215
"Ctnnb1",107.770090441057,-9.95361223203938e-05,0.00686548641651759,0.452044953978809,0.999957787024215
"Trak1",51.7034950038268,2.12915544980393e-06,0.00686615304716408,0.981433156424289,0.999957787024215
"Ss18l2",92.4373142205215,6.4698836940447e-05,0.00686564605186859,0.601274594570496,0.999957787024215
"Nktr",440.062473795355,3.47650494626025e-05,0.00686259071381373,0.884435247035803,0.999957787024215
"Higd1a",699.211936492021,6.40969976581399e-05,0.00686045349280514,0.827427889408871,0.999957787024215
"1700048O20Rik",15.1036683693586,7.34735197263396e-06,0.00686656685727892,0.887323361210716,0.999957787024215
"Snrk",21.0303198785558,-3.32158337609579e-05,0.00686651453934162,0.569330054507909,0.999957787024215
"Ano10",34.6911705179135,-6.42776563886215e-05,0.00686632648841155,0.406218554512329,0.999957787024215
"Abhd5",33.2700414026066,3.02231938891037e-05,0.0068663409344032,0.691248268066061,0.999957787024215
"Tcaim",17.9713753246201,-5.0679613049354e-05,0.00686653264734806,0.367192224643844,0.999957787024215
"Zfp445",102.245388991758,-1.4032624062625e-05,0.00686554418066711,0.913598040333162,0.999957787024215
"1110059G10Rik",78.0229713884812,2.37182776796737e-05,0.00686580107910541,0.836454202078217,0.999957787024215
"Kif15",411.669498059528,2.32155249125394e-05,0.00686252716377993,0.923256955986081,0.999957787024215
"Tmem42",31.3189501514031,-9.67963396441198e-05,0.00686636849785821,0.188270363845753,0.999957787024215
"Zdhhc3",233.504874080341,4.04008804331292e-05,0.00686412291446668,0.831881594674204,0.999957787024215
"Exosc7",286.320462213099,8.87997520057372e-05,0.00686362674625346,0.668548628674963,0.999957787024215
"Tmem158",31.0258255218936,5.3297333319152e-07,0.0068663685058959,0.994219725993522,0.999957787024215
"Lars2",338.358522606703,-0.000219319523712861,0.00686341649693819,0.3059719061139,0.999957787024215
"Limd1",126.984478619082,-0.000105288242854349,0.00686535506676097,0.448772502944272,0.999957787024215
"Sacm1l",114.22419942383,-1.31201036104689e-05,0.00686541031312706,0.92328535650842,0.999957787024215
"Lztfl1",25.9474309528041,-2.00935123437565e-05,0.00686644168946005,0.762147885485775,0.999957787024215
"Fyco1",50.8324700870475,-1.82324946136519e-05,0.0068661225484377,0.845799130445114,0.999957787024215
"Cxcr6",145.143855072048,-5.63697399732982e-05,0.00686508779066943,0.710049739651849,0.999957787024215
"Ccr2",152.435928635613,0.000229480363466872,0.00686507165674192,0.131986249744686,0.999957787024215
"Ccr5",304.280181658766,-0.000152901677189286,0.00686345234589205,0.473038698073375,0.999957787024215
"2010315B03Rik",20.4886573101316,1.89023294269664e-05,0.00686649800420191,0.753864444094596,0.999957787024215
"Ppp2r3d",34.8353634355998,2.41529909703899e-06,0.00686634659619021,0.974508313388267,0.999957787024215
"Mthfd1l",313.651424805011,0.000136006081452333,0.00686352273664483,0.518834428521105,0.999957787024215
"Zbtb2",23.7826341568669,2.78515401397375e-05,0.0068664574998377,0.667015980936134,0.999957787024215
"Rmnd1",33.1552548305331,1.16663529212003e-05,0.00686635120633726,0.876656880392521,0.999957787024215
"Armt1",33.0908294583349,-1.50890087059816e-05,0.00686637596826312,0.835955119648309,0.999957787024215
"Syne1",34.9632470046128,4.24826923506094e-05,0.00686631725463047,0.586976297770608,0.999957787024215
"Fbxo5",213.790269701874,8.00778234360548e-05,0.00686431350092829,0.662239108176439,0.999957787024215
"Mtrf1l",39.0421842570204,-1.45027976049455e-05,0.00686626656415897,0.860515302446379,0.999957787024215
"Ipcef1",39.1093343005763,-2.5533975383177e-05,0.00686629551670618,0.749866703814282,0.999957787024215
"Ulbp1",225.00140223705,0.000183042394053713,0.0068642349766283,0.325668023269176,0.999957787024215
"Lrp11",11.0480729498464,-3.82265061839706e-06,0.00686661726468012,0.9318259200548,0.999957787024215
"Pcmt1",241.615216279102,-6.58271435362882e-05,0.00686403641834549,0.733580239244398,0.999957787024215
"Nup43",101.459546735119,-8.82589532115592e-08,0.00686563107208387,0.999434994148101,0.999957787024215
"Lats1",74.7854308563975,-2.36932243270924e-05,0.00686585471421157,0.831939797443701,0.999957787024215
"Katna1",95.7402202671171,6.03692368748418e-06,0.00686559112133713,0.962032246849928,0.999957787024215
"Ginm1",69.5966043659561,5.59603211089785e-06,0.00686594520641033,0.957873034039902,0.999957787024215
"Ppil4",184.01204235051,-2.2360998911368e-05,0.00686463068378936,0.895988366649503,0.999957787024215
"Tab2",288.426468760526,-0.000123604762913753,0.00686360618618947,0.552506451001858,0.999957787024215
"Ust",63.2704841367104,-7.27481505305516e-05,0.0068659733661771,0.48465603166941,0.999957787024215
"Stxbp5",97.4958943925297,3.71996560479108e-05,0.00686557427745848,0.770861326938241,0.999957787024215
"Shprh",101.824904322243,1.32664475923244e-05,0.00686569132967493,0.912891396926246,0.999957787024215
"Fbxo30",27.0640725328704,3.75947134334306e-05,0.00686642276951849,0.582119607015585,0.999957787024215
"Utrn",193.984263600869,6.50242897252104e-05,0.00686468875743646,0.699913068629747,0.999957787024215
"Stx11",22.8431542731141,3.18927655601993e-05,0.00686647018161765,0.614794192264352,0.999957787024215
"Sf3b5",609.061957626817,0.000208746155587148,0.00686101216679819,0.457128552040808,0.999957787024215
"Ltv1",117.224912421392,-2.24764939533901e-05,0.00686542400807688,0.868306863659987,0.999957787024215
"Phactr2",20.7513967992263,1.66568562653865e-05,0.00686650561933701,0.779198990836119,0.999957787024215
"Fuca2",46.7103765493537,-2.9854407491516e-06,0.0068661893228227,0.973157959032531,0.999957787024215
"Pex3",61.397926464028,-0.000116539768720573,0.00686600047401729,0.25460583783355,0.999957787024215
"Adat2",35.9735076834584,6.17030845451402e-05,0.0068663117003055,0.432969980801031,0.999957787024215
"Aig1",27.0671339349026,3.15945214351766e-08,0.0068664252790255,0.999629637777767,0.999957787024215
"Hivep2",78.063891423598,-9.99412832436544e-05,0.00686580921610438,0.382370195486694,0.999957787024215
"Vta1",139.990915997934,-5.21490388572589e-06,0.00686513744307764,0.97214649574028,0.999957787024215
"Cited2",142.44383279971,6.0635661199113e-05,0.00686507837137501,0.690036001264651,0.999957787024215
"Heca",55.9481745136415,-3.92108566898926e-05,0.00686608695215998,0.683942872486001,0.999957787024215
"Abracl",637.817804283715,0.000340060700632522,0.0068610253169024,0.225233475143379,0.999957787024215
"Reps1",127.289685657407,0.000101424166669999,0.00686529170280589,0.475360967935349,0.999957787024215
"Ccdc28a",25.1469290210245,-6.00977575728306e-05,0.00686644773761643,0.36077916764741,0.999957787024215
"Arfgef3",29.2305684228158,-4.36987454634586e-06,0.00686640151525915,0.950520329621128,0.999957787024215
"Ifngr1",330.668622392673,6.86394352586854e-05,0.00686373459998131,0.736286530728336,0.999957787024215
"Pex7",54.6004466976312,1.86682256620184e-05,0.00686608703948073,0.846311520604413,0.999957787024215
"Map3k5",97.7665159681603,-6.73642876293878e-06,0.00686558313951589,0.95778018608092,0.999957787024215
"Bclaf1",844.746082089726,-7.4764218623924e-05,0.00685957335935668,0.811689257505461,0.999957787024215
"Mtfr2",39.5463824182602,4.20538634073021e-05,0.00686627364433753,0.607807159642437,0.999957787024215
"Ahi1",59.8583907930982,-7.45450579587301e-05,0.00686601475195127,0.461952594474726,0.999957787024215
"Myb",59.2609294121211,7.33962651694404e-05,0.00686603530982932,0.462668128288724,0.999957787024215
"Hbs1l",153.976801423304,0.000164937944128874,0.00686496069402808,0.294263541108484,0.999957787024215
"Sgk1",32.2079754914235,7.02032993755294e-06,0.00686637225793404,0.923613625286917,0.999957787024215
"H60b",20.0208728427734,4.91447672390835e-06,0.00686651539974278,0.932786980287339,0.999957787024215
"Tbpl1",90.9628325800015,5.41387151666546e-06,0.00686566088956327,0.964887792117406,0.999957787024215
"Rps12",10065.3242453668,8.0697966580993e-05,0.00684838900631545,0.871946670746858,0.999957787024215
"Stx7",74.5972673248592,0.000133893586428082,0.00686584964480151,0.231728184920546,0.999957787024215
"Med23",41.5283356669575,7.19936896103009e-05,0.00686624704207283,0.392209186298683,0.999957787024215
"Epb41l2",81.4788117369308,3.30874740568765e-05,0.00686577690835705,0.776085285756265,0.999957787024215
"Samd3",26.495764194132,-5.30220010065681e-05,0.00686644199253434,0.424273679649127,0.999957787024215
"L3mbtl3",71.664379700993,-5.64369691544589e-05,0.00686589835140941,0.604394497252714,0.999957787024215
"Arhgap18",139.417649762763,0.000107378687310117,0.00686510976589794,0.475901007477255,0.999957787024215
"Themis",613.763221797112,0.000262129986263713,0.00686106936749396,0.348032031329011,0.999957787024215
"Echdc1",40.926032916933,-1.54490099362212e-05,0.00686624777460942,0.854220410497493,0.999957787024215
"Rnf146",50.9829141498555,-5.44150061444824e-05,0.00686612157219464,0.561922424284566,0.999957787024215
"Cenpw",270.705107766555,5.8312439507757e-05,0.00686375503000559,0.774054700507594,0.999957787024215
"Trmt11",76.1542662628689,2.59010026250198e-05,0.00686586725146782,0.815290220526076,0.999957787024215
"Hint3",81.9439192222196,4.93274623153135e-05,0.00686575866774516,0.674370637976369,0.999957787024215
"Ncoa7",85.0838534479535,-3.32087590036349e-06,0.00686572840217914,0.977766252299345,0.999957787024215
"Hddc2",135.059826131089,-6.3633585928599e-05,0.00686514596963399,0.669249113230933,0.999957787024215
"Zup1",90.9970343082358,-1.29806429728681e-05,0.00686566909085049,0.915628331601831,0.999957787024215
"Rwdd1",796.276184364984,-3.7677991187029e-05,0.00686016676678556,0.900256241838257,0.999957787024215
"Calhm6",69.759751365732,0.000112178036797933,0.00686593860453936,0.291590777892153,0.999957787024215
"Dse",26.5700258084201,-7.44101892648665e-05,0.00686642825762977,0.272171034682293,0.999957787024215
"Tspyl1",43.8913316999594,2.53287562509381e-05,0.00686621083599374,0.771065216651754,0.999957787024215
"Nt5dc1",102.51997104752,3.41345732229278e-05,0.00686553772706579,0.792369278188843,0.999957787024215
"Tspyl4",14.2168792241981,1.98305828583493e-05,0.00686657891580427,0.693007874126658,0.999957787024215
"Hdac2",200.62888977249,-4.07343249140877e-05,0.00686449914443758,0.817213667354737,0.999957787024215
"Tube1",33.9140095675981,1.34535648591891e-05,0.00686633419179177,0.860768214323879,0.999957787024215
"Fyn",370.645046210542,-0.000121097935844888,0.00686304904932319,0.591552067784088,0.999957787024215
"Traf3ip2",48.9332298886788,1.08136473197936e-05,0.0068661465627047,0.906406564774615,0.999957787024215
"E130307A14Rik",28.5780086953794,-2.86334191675106e-05,0.0068664008537409,0.684573411227741,0.999957787024215
"Rev3l",217.764883303099,-4.7885005052785e-05,0.00686429049696307,0.794867456870406,0.999957787024215
"Slc16a10",54.0397968364141,0.000122954236776107,0.00686610298697469,0.196380325952239,0.999957787024215
"Rpf2",271.216034781427,-0.0001528402918326,0.0068637581222401,0.451553522691134,0.999957787024215
"Gtf3c6",156.370241850118,-0.000220500347228851,0.00686496113907261,0.160825664305017,0.999957787024215
"Amd1",147.123607233705,3.36332471641362e-05,0.00686504493433985,0.82661371666859,0.999957787024215
"Cdk19",63.4862139420176,1.986478049312e-06,0.00686597611062391,0.984748753553133,0.999957787024215
"Cdc40",222.477709257519,-2.69215394178826e-05,0.00686422899408836,0.885193207654139,0.999957787024215
"Fig4",37.3377091484495,4.54556799598187e-07,0.00686629646079532,0.995467001316714,0.999957787024215
"Zbtb24",24.8751319357028,-3.16115437693248e-05,0.00686646099003559,0.623322130970702,0.999957787024215
"Mical1",28.1793993835817,-1.05289322433433e-05,0.00686640617789318,0.880379541534314,0.999957787024215
"Cd164",202.068180918108,-7.09459106100286e-05,0.00686449340558035,0.687651288280885,0.999957787024215
"Cep57l1",67.4052192949302,-7.5762477345364e-05,0.00686592848117717,0.478979617874204,0.999957787024215
"Sesn1",81.3747720491552,-9.07889134599659e-05,0.00686576248892156,0.438464229471823,0.999957787024215
"Gm40630",44.8705911063379,-2.91104824679062e-05,0.00686619749253367,0.741055119303269,0.999957787024215
"Foxo3",47.7642702599454,-5.09567417342968e-05,0.00686617847230724,0.569384539177611,0.999957787024215
"Afg1l",44.6062100184605,-3.62666269787665e-06,0.00686619724846024,0.967168126892658,0.999957787024215
"Snx3",300.335834662835,-1.14353706998339e-05,0.0068634818537627,0.957010925677716,0.999957787024215
"Ostm1",60.9731571935014,-1.00195224932163e-05,0.00686604795813034,0.919434358860592,0.999957787024215
"Sec63",286.720185884074,0.000101814387054448,0.00686361274246486,0.624276402003069,0.999957787024215
"Pdss2",151.429472786224,-8.63033427066136e-05,0.00686498871579908,0.580192209123419,0.999957787024215
"Bend3",19.0817656489457,1.17198778701352e-05,0.00686651847327729,0.839611627451106,0.999957787024215
"Mtres1",36.0962804539122,-2.24242727921676e-05,0.00686630549366122,0.777157074553937,0.999957787024215
"Qrsl1",51.4456229264737,2.13428977482237e-05,0.0068661200256257,0.820259032533694,0.999957787024215
"Rtn4ip1",19.0080742909031,-1.89480708340156e-05,0.00686651931003633,0.743081192994588,0.999957787024215
"Crybg1",114.918972379763,-2.78624852064277e-05,0.00686539835401023,0.838665026844105,0.999957787024215
"Atg5",136.122099469839,6.53388735068287e-05,0.00686521529107614,0.653909001773806,0.999957787024215
"Prdm1",30.8666712509017,2.01704672590929e-05,0.00686640934715202,0.772135472316193,0.999957787024215
"Prep",105.203214337424,5.71404315431521e-05,0.00686553048813677,0.660405380268311,0.999957787024215
"Hace1",37.8196377260718,2.91850665382627e-06,0.00686628977048165,0.971108374767876,0.999957787024215
"Ascc3",313.892686651648,-4.38158100637715e-05,0.0068634106054466,0.838089316603431,0.999957787024215
"Lilrb4b",95.7333259298892,0.000151799783097079,0.00686565118829085,0.219107066774608,0.999957787024215
"Lilrb4a",76.4544907883824,4.42392500676341e-05,0.00686589660141691,0.684958668549223,0.999957787024215
"Gopc",59.1144429702779,2.9535246615427e-05,0.00686608079701069,0.760176283487801,0.999957787024215
"Nus1",247.851088925455,7.25219785795888e-05,0.00686407264200806,0.70580418336016,0.999957787024215
"Cep85l",20.0829112363387,3.50557116786066e-05,0.00686650508968222,0.55556618869214,0.999957787024215
"Mcm9",45.3856753162298,-3.30345856154923e-05,0.00686619519718785,0.708223522525043,0.999957787024215
"Asf1a",141.918483179938,5.17066416452909e-05,0.00686512511583842,0.730172548363236,0.999957787024215
"Man1a",176.507401830602,-8.14877766033944e-05,0.00686471235670351,0.627111420296101,0.999957787024215
"Tbc1d32",13.9474798301871,2.3654863397729e-05,0.00686658136088469,0.635448045630976,0.999957787024215
"Hsf2",26.823929496821,-3.47832004978469e-05,0.00686642048263001,0.611850441632082,0.999957787024215
"Serinc1",135.778728409667,1.33450141576338e-05,0.00686518860264593,0.927658779201333,0.999957787024215
"Gcc2",138.638812050536,-1.58404734034617e-05,0.00686511784999509,0.916037499823713,0.999957787024215
"Lims1",275.50347264003,-0.000175838380644512,0.00686374291405445,0.387628941765275,0.999957787024215
"Ranbp2",429.79925235607,2.83398914429541e-05,0.00686243686166492,0.907364610369002,0.999957787024215
"Ccdc138",19.5367790820515,6.44315785815781e-06,0.00686651250910205,0.912462966003242,0.999957787024215
"Septin10",19.4153218923837,1.96801860438902e-05,0.00686651636302383,0.735063497809444,0.999957787024215
"P4ha1",197.607979085862,3.75596641517628e-05,0.00686448450734645,0.831770255213093,0.999957787024215
"Mcu",92.1546309759286,4.67498025000387e-05,0.00686566881119177,0.702831033588961,0.999957787024215
"Micu1",61.9176553833876,2.08283914684083e-05,0.00686599017360919,0.839724337715556,0.999957787024215
"Dnajb12",52.6498099161004,4.05212918426626e-05,0.00686610094169169,0.670751902993209,0.999957787024215
"Ddit4",124.427603113155,3.37412572204962e-05,0.0068652658282037,0.813900171292146,0.999957787024215
"Anapc16",201.641164961281,0.000154809010536241,0.00686456161016508,0.373054052892613,0.999957787024215
"Ascc1",53.5260758412871,-5.58530248708203e-05,0.00686609258288354,0.560365330299352,0.999957787024215
"Psap",122.234482933561,-0.000106722094023839,0.00686529580931224,0.451979845665078,0.999957787024215
"Vsir",56.3363424405226,3.77205985826746e-05,0.00686609018793329,0.694646290090958,0.999957787024215
"Gm56993",11.0824508190452,4.32448569116772e-06,0.00686661696066346,0.922982580913886,0.999957787024215
"Slc29a3",13.7494674467649,7.47599856033957e-06,0.00686658327466912,0.880271294353918,0.999957787024215
"Sgpl1",34.1185067323318,-2.13387772556089e-05,0.0068663485407071,0.777195981736003,0.999957787024215
"Prf1",343.441411478494,2.34949032029054e-06,0.00686619598403464,0.978750512579403,0.999957787024215
"Eif4ebp2",224.246434614684,-5.88339708690391e-05,0.00686420978251157,0.753249464149999,0.999957787024215
"Lrrc20",27.2507695892306,-6.00756969804871e-05,0.00686642385030592,0.378449288097398,0.999957787024215
"Ppa1",599.709907166212,4.5941117452869e-05,0.00686147901132269,0.864451047300998,0.999957787024215
"Sar1a",199.998657123896,9.31257585029538e-06,0.00686448104447533,0.95802627560914,0.999957787024215
"Tysnd1",31.5010834819216,3.45153403694166e-05,0.00686637046887487,0.638119150310397,0.999957787024215
"Hk1",100.516002314701,1.2087009974094e-05,0.00686554100495456,0.925636491162943,0.999957787024215
"Supv3l1",57.0925125220153,-2.14855245089671e-05,0.00686606616127264,0.826097104447692,0.999957787024215
"Vps26a",59.9153174813636,-3.76593568672482e-05,0.00686606050508103,0.701312860446021,0.999957787024215
"Srgn",849.532453614102,0.000262685802486575,0.00686063469878747,0.364666406627604,0.999957787024215
"Kifbp",26.947784433109,-3.35434473574012e-05,0.00686642751827027,0.620983564518046,0.999957787024215
"Ddx21",739.192560355621,-6.15809059090956e-05,0.00686045619970833,0.834066615055502,0.999957787024215
"Ddx50",207.4110140703,-4.84539282581641e-05,0.0068643926227908,0.788170049553069,0.999957787024215
"Ccar1",447.522619951165,0.000138195390848841,0.00686222644661564,0.579487408063075,0.999957787024215
"Slc25a16",51.0246721125576,9.33642430045932e-07,0.00686612631498431,0.992030590907061,0.999957787024215
"Dna2",56.5473233138986,-6.98195296931329e-05,0.00686606307653358,0.47621986960247,0.999957787024215
"Rufy2",47.8310584368732,-1.82555397076551e-05,0.00686616923445235,0.839729062990184,0.999957787024215
"Hnrnph3",136.807338823897,-8.81535481797821e-05,0.00686513111486337,0.555804105523813,0.999957787024215
"Herc4",127.212083239709,4.66651270928288e-06,0.00686534530453275,0.973310954847933,0.999957787024215
"Sirt1",55.3596674684782,-5.21833842613477e-05,0.00686607192220487,0.592065854334367,0.999957787024215
"Reep3",88.7225051502995,-9.23850896541657e-06,0.00686570500764192,0.938886436964174,0.999957787024215
"Jmjd1c",220.084747390647,1.06666014872955e-05,0.00686430882369272,0.95364445009531,0.999957787024215
"Nrbf2",83.2222168764329,1.73851756259914e-05,0.00686576053380316,0.882169388440284,0.999957787024215
"Ado",41.2136517811709,3.32301472093925e-06,0.00686626005269522,0.968092667053956,0.999957787024215
"Arid5b",166.463748025706,-4.36567308747915e-05,0.00686499828850116,0.779058389653783,0.999957787024215
"Cdk1",366.881307723295,0.000298015922927811,0.00686297054502556,0.191282278071485,0.999957787024215
"Ccdc6",68.697858736347,-5.5835354563286e-05,0.00686599386463941,0.586808077187351,0.999957787024215
"Tfam",149.085430835312,-2.15466038450529e-05,0.00686500759689813,0.889585298390895,0.999957787024215
"Ube2d1",94.9409298595886,1.41383869748126e-05,0.00686560508743012,0.910698979588036,0.999957787024215
"Cisd1",489.681608480001,-1.70935434810617e-05,0.00686196339091509,0.946868539655828,0.999957787024215
"Ipmk",28.4446766903917,-7.54845528294395e-05,0.00686641175123978,0.276851344260647,0.999957787024215
"Zwint",225.716633578292,-4.70260141640241e-05,0.00686420020631127,0.801971350372539,0.999957787024215
"Bcr",62.1584728428364,6.84475875213252e-05,0.00686609599358684,0.474345269238455,0.999957787024215
"Specc1l",72.3224345363325,-6.11046299306668e-05,0.00686588958612464,0.576763453385589,0.999957787024215
"Adora2a",25.2603999570025,-2.63572389169135e-05,0.0068664447609706,0.689950068254475,0.999957787024215
"Snrpd3",1087.400651774,0.000287446035526797,0.00685848200297721,0.393290180795882,0.999957787024215
"Cabin1",131.719046917514,-1.60947594758152e-06,0.00686521511872873,0.991188987141922,0.999957787024215
"Ddt",168.632106458536,9.39001504739099e-05,0.00686478573569656,0.568622842436471,0.999957787024215
"Gstt2",58.1288747576237,-8.29400591796658e-07,0.0068660646534692,0.993240207159819,0.999957787024215
"Mif",2297.12647232074,0.000683354348636044,0.00685438933302704,0.0966204863485054,0.999957787024215
"Smarcb1",213.241331096481,-1.08831614143995e-05,0.00686432468557462,0.952551113833094,0.999957787024215
"Chchd10",280.672289119496,3.88914074750185e-05,0.00686370174969082,0.849471638797948,0.999957787024215
"Zfp280b",47.1330372252655,4.86664398514724e-05,0.00686617473797151,0.588054367113109,0.999957787024215
"Prmt2",16.4053546390149,-3.07372896785177e-05,0.00686655006256972,0.569445683778684,0.999957787024215
"Pcnt",143.118989886933,-0.000113673216163662,0.00686506830505426,0.456020182568129,0.999957787024215
"Mcm3ap",67.7382627773482,-6.80077794509219e-06,0.00686591848543682,0.94963031014382,0.999957787024215
"Lss",42.7570292864929,6.37303566656545e-05,0.00686622241530005,0.459330235684937,0.999957787024215
"Slc19a1",64.7683543926734,-1.44658207146558e-05,0.00686595386798553,0.890811952794601,0.999957787024215
"Pofut2",34.0450479378098,-2.30435836502814e-05,0.00686633142071884,0.764591864132083,0.999957787024215
"Fam207a",92.9489760131842,-1.18695243105181e-05,0.00686562689399784,0.924268959862408,0.999957787024215
"Itgb2",157.405799507788,9.28350429657234e-05,0.00686490544788539,0.560915060922977,0.999957787024215
"Pttg1ip",40.8405485233182,2.80640302849863e-05,0.00686624515887013,0.739192317385199,0.999957787024215
"Sumo3",119.213582052871,6.30931807128289e-05,0.00686532813501866,0.65298071082878,0.999957787024215
"Ube2g2",43.4224183948385,-3.84130107737046e-05,0.0068662312191378,0.6529427025212,0.999957787024215
"Pfkl",97.5699944550574,0.000119524395573937,0.00686557584956653,0.349059348035532,0.999957787024215
"Gatd3a",49.6879811842818,-4.79112729311553e-05,0.00686613774018164,0.60499563743691,0.999957787024215
"Pwp2",37.7046185904776,-4.01936870615769e-05,0.00686628639469063,0.619170279735712,0.999957787024215
"Trappc10",86.4776830540905,-3.25201873932671e-06,0.0068657328336436,0.978180379354968,0.999957787024215
"Agpat3",234.061167587974,0.00019334231919526,0.00686421310034051,0.301264935547934,0.999957787024215
"Rrp1",366.369403339936,9.62254165898223e-05,0.00686291205401272,0.675410214605885,0.999957787024215
"Cstb",357.967807648874,-1.01111739696638e-05,0.00686326657984058,0.963171668557823,0.999957787024215
"Pdxk",48.7582217007368,4.89560569784921e-05,0.00686616185533389,0.589880675062883,0.999957787024215
"Ilvbl",21.7285844769811,-1.24194183373987e-05,0.00686648274827839,0.84123143930075,0.999957787024215
"Gm47015",45.8319095371264,0.00016066708607632,0.00686620476767745,0.0664002865772896,0.999957787024215
"Plpp2",13.9690866651334,4.86428068171095e-06,0.00686657996989778,0.922635550048125,0.999957787024215
"Tpgs1",50.3277591094783,-5.0051037864455e-05,0.00686614216672626,0.587643928654498,0.999957787024215
"Cdc34",487.53341587475,8.16641492621778e-05,0.00686212490583356,0.746046300888579,0.999957787024215
"Bsg",821.264451828222,0.000433190144069972,0.00685987079623751,0.15859224940291,0.999957787024215
"Rnf126",183.945512038985,5.31371845243402e-05,0.00686464677747718,0.755163681680399,0.999957787024215
"Ptbp1",373.55432611667,4.30963815924252e-05,0.00686299869242428,0.849558897586523,0.999957787024215
"Med16",19.1725943113811,-9.68231253602851e-06,0.00686651594745193,0.867884996525843,0.999957787024215
"R3hdm4",49.0480523646934,-2.29194844679801e-05,0.00686616112101953,0.800893600465734,0.999957787024215
"Arid3a",51.0801332876952,3.36176845015289e-05,0.00686612059645055,0.720309233870427,0.999957787024215
"Wdr18",186.462163469169,4.10239297550152e-07,0.00686460074579875,0.998099632793782,0.999957787024215
"Tmem259",50.8213406515778,-5.90650161814059e-05,0.00686612327853234,0.528439209554077,0.999957787024215
"Cnn2",216.695706727924,-0.000214801225792864,0.00686430775793809,0.24185263184655,0.999957787024215
"Abca7",22.7848185495867,3.01240243087948e-05,0.00686647492119828,0.63177429811188,0.999957787024215
"Arhgap45",185.719091180737,-0.000139165772385418,0.00686461991353456,0.417039072929154,0.999957787024215
"Polr2e",247.583532296525,-8.08341246533877e-05,0.00686405960380322,0.674668693328568,0.999957787024215
"Gpx4",460.299198799772,6.98025808141413e-05,0.00686227829236706,0.778323921590828,0.999957787024215
"Sbno2",38.7168468307929,-4.52143881901182e-05,0.00686630315995813,0.569208034012755,0.999957787024215
"Stk11",106.337459255665,-9.31068304035515e-06,0.00686547000997917,0.944276463261046,0.999957787024215
"Atp5d",1042.55958268923,0.000162678279320574,0.00685857791446725,0.62700914810699,0.999957787024215
"Midn",85.2835648700743,-2.91748102475925e-05,0.00686571936081212,0.807402585454197,0.999957787024215
"Cirbp",65.0287419003355,4.06497309253257e-05,0.00686598105058951,0.694759785090581,0.999957787024215
"Fam174c",50.4274801610923,3.46420288515156e-05,0.0068661289676306,0.71035172958939,0.999957787024215
"Pwwp3a",49.3162977296786,-5.51441092020653e-05,0.00686615189047917,0.54706253091883,0.999957787024215
"Ndufs7",351.416961279227,-3.82752090058979e-05,0.0068630428758904,0.865436493851697,0.999957787024215
"Dazap1",239.865502388634,-6.90673846804787e-05,0.00686414207082277,0.715677526622234,0.999957787024215
"Rps15",5525.90995106516,-0.000195914836616885,0.00685030122672521,0.679400859935882,0.999957787024215
"2310011J03Rik",93.7184767278064,5.24683288690889e-06,0.00686561599044276,0.966642685947875,0.999957787024215
"Pcsk4",24.1270404897065,-1.31157319875519e-05,0.00686645383943023,0.840381173943237,0.999957787024215
"Mbd3",128.032038608682,3.05169747831888e-05,0.00686526048541949,0.831697900223645,0.999957787024215
"Uqcr11",801.768297800331,-9.64664106853157e-05,0.00685979273378076,0.754894341619342,0.999957787024215
"Tcf3",124.830170156537,3.51673384020997e-05,0.00686543206911611,0.794698415988018,0.999957787024215
"Rexo1",89.1762604425351,2.32869618137313e-05,0.00686566581232849,0.849486741541128,0.999957787024215
"Abhd17a",155.347793113678,1.04574772203808e-05,0.00686492379162709,0.947515339536482,0.999957787024215
"Csnk1g2",158.622945236741,-5.0007078843537e-05,0.00686493324770154,0.752310423911743,0.999957787024215
"Mknk2",91.6580357210851,3.78454072170086e-05,0.00686563664757684,0.760825943669967,0.999957787024215
"Mob3a",142.45252938074,-8.25629458153523e-05,0.00686506779890994,0.58828107555306,0.999957787024215
"Izumo4",18.2912176429447,8.97724816779894e-06,0.00686653809270898,0.871575546116561,0.999957787024215
"Ap3d1",97.9622348274256,3.43475789545967e-05,0.00686562951333681,0.783015006406818,0.999957787024215
"Dot1l",135.263669556967,0.000154425487177884,0.00686517272954244,0.295858148785811,0.999957787024215
"Plekhj1",265.174460284349,-0.000100407119951126,0.00686392669412679,0.610728073949532,0.999957787024215
"Sf3a2",94.9165633560844,1.89482189914432e-05,0.00686568061059607,0.876452883524748,0.999957787024215
"Oaz1",2387.1054841052,0.000136349642052764,0.00685434754019645,0.74067797351548,0.999957787024215
"Lsm7",871.720176092208,9.07403963244731e-05,0.00685942436994506,0.774713339835596,0.999957787024215
"Timm13",695.725573791228,0.000297805364696519,0.00686054685800265,0.30752315263473,0.999957787024215
"Lmnb2",21.0924157673466,1.72646312511308e-05,0.00686648965220077,0.777968099844336,0.999957787024215
"Gadd45b",28.0854518791981,8.74194634561299e-05,0.00686643541261698,0.192206161588208,0.999957787024215
"Sgta",63.3810445097386,-4.54749972458101e-05,0.00686597164171932,0.662571332580207,0.999957787024215
"Thop1",33.7819465267776,9.3611115352116e-07,0.0068663497448394,0.990081018206879,0.999957787024215
"Map2k2",261.263347896579,3.55453676904364e-05,0.00686385063862238,0.858850090263027,0.999957787024215
"Zbtb7a",136.814231402953,3.65524684602283e-05,0.00686516145176963,0.805246277178456,0.999957787024215
"Pias4",39.9455979455537,-1.78717255696409e-05,0.00686626001603794,0.829672276668019,0.999957787024215
"Eef2",1869.9162393842,-0.000280751615067416,0.00685543471433952,0.475680812917044,0.999957787024215
"Dapk3",39.2278450233532,-5.45558245443582e-06,0.00686626468183449,0.947397174791718,0.999957787024215
"Mrpl54",301.508066831766,8.23587125716766e-05,0.00686350229986835,0.696948732388631,0.999957787024215
"Apba3",13.4693580344473,-9.49388006349722e-06,0.00686658610514441,0.847109050049175,0.999957787024215
"Pip5k1c",34.9642366227118,-2.60519136563077e-05,0.00686631901394229,0.73854286330604,0.999957787024215
"Cactin",43.047756169382,-5.06572524823617e-05,0.0068662186396286,0.557795613919666,0.999957787024215
"Hmg20b",87.5158845101115,3.94813122944549e-06,0.006865686221274,0.974090766244651,0.999957787024215
"Fzr1",68.2765488596596,8.22457958145531e-05,0.00686599639746945,0.422638535035021,0.999957787024215
"Dohh",148.078908785755,-4.13671695004482e-06,0.0068650313254746,0.9785908697768,0.999957787024215
"Nfic",39.5909943554274,-6.47789289558929e-05,0.0068662674280401,0.432127574995883,0.999957787024215
"Ncln",41.3611278964226,3.31526454795533e-05,0.00686626743837104,0.687656692060601,0.999957787024215
"S1pr4",43.4082635718965,3.5927421276304e-06,0.00686622308430025,0.966706063263863,0.999957787024215
"Gna15",42.8578693146228,4.66503727022872e-05,0.0068662457666807,0.579758297811947,0.999957787024215
"Gna11",33.356841432317,-3.33785201129674e-05,0.00686634125134438,0.66081332376669,0.999957787024215
"Tle5",378.320911458981,7.21149420023693e-05,0.0068627873438471,0.757427454554992,0.999957787024215
"Sirt6",17.2345534404981,-2.31959823674504e-05,0.00686654193586632,0.673520407625433,0.999957787024215
"Zfp873",15.4862126813509,-1.63577381790731e-05,0.00686656120282758,0.755803041315611,0.999957787024215
"Zfp938",25.1137734440644,-4.12952883421488e-06,0.00686645810382935,0.94908516992716,0.999957787024215
"Uqcc6",119.699353371626,3.28115245686669e-05,0.00686531827839662,0.81573949964428,0.999957787024215
"Tdg",139.063357601429,7.5481611184134e-06,0.00686511116976084,0.960014662256868,0.999957787024215
"Hcfc2",54.2269240779249,7.33629171683546e-05,0.0068661036609547,0.440558924129144,0.999957787024215
"Nfyb",155.97937370233,-5.66465247097502e-08,0.00686494745600935,0.999713646157144,0.999957787024215
"Txnrd1",498.463224337644,-0.00020331409417994,0.00686187511082786,0.432191003291354,0.999957787024215
"Chst11",55.0301972976812,-5.00700568272837e-05,0.00686608046935262,0.604909015349899,0.999957787024215
"Nopchap1",91.6550532396343,4.89506553935783e-05,0.00686566338316109,0.690280331409424,0.999957787024215
"Washc4",111.527112905704,9.48328657201383e-05,0.00686543063932258,0.483101987672697,0.999957787024215
"Appl2",17.6144198083707,3.47413765077754e-05,0.00686653477542166,0.534576854498542,0.999957787024215
"1500009L16Rik",85.0019208852942,0.000133305318643003,0.00686572234954792,0.264649979988631,0.999957787024215
"Polr3b",75.8834228363957,2.05919323628855e-05,0.00686584020275402,0.854813021868313,0.999957787024215
"Ric8b",57.6661768043025,5.70997569226709e-06,0.00686608974067825,0.952630435980557,0.999957787024215
"Tmem263",50.7030840836059,2.05868078189804e-05,0.00686612769575441,0.825495730426844,0.999957787024215
"Mterf2",17.6903230214415,1.10719747825649e-05,0.00686653760312992,0.842136566774193,0.999957787024215
"Cry1",36.9474120530288,-3.06714653128564e-05,0.00686631075132805,0.697008408172043,0.999957787024215
"Pwp1",92.5219131078817,2.04853520075166e-05,0.00686564371089346,0.868719029679812,0.999957787024215
"Prdm4",21.627045796239,-6.37665481017055e-06,0.00686648709003888,0.917439945133798,0.999957787024215
"Rtcb",182.839741177555,9.66723609293376e-05,0.00686464403585263,0.570741921246384,0.999957787024215
"Fbxo7",36.81604772013,8.48618754024464e-06,0.0068662939778951,0.915753900634866,0.999957787024215
"1810014B01Rik",26.5603045567812,2.64912271068816e-05,0.00686642440424096,0.697497980386659,0.999957787024215
"Hsp90b1",3943.47205115868,0.000773227841197217,0.00685173934434785,0.0878301525027743,0.999957787024215
"Nt5dc3",37.8126985857064,3.11456020082318e-05,0.00686633375507138,0.684857519222935,0.999957787024215
"Parpbp",70.3861637712179,5.31499421334535e-05,0.00686590245800313,0.624785488652928,0.999957787024215
"Nup37",164.69702533783,0.000142367860158434,0.00686484127562209,0.380633554248124,0.999957787024215
"Washc3",104.136155421989,8.0414437029972e-05,0.00686551748495533,0.53850702372804,0.999957787024215
"Gnptab",166.447971215855,0.000209460756479334,0.00686485396610973,0.195603612546384,0.999957787024215
"Chpt1",33.1688754117896,4.06806834268804e-05,0.00686634717811331,0.590173789888001,0.999957787024215
"Arl1",150.580193979365,4.13670133405378e-05,0.00686500010205109,0.790263230300694,0.999957787024215
"Utp20",253.006620453344,-0.000143986411001688,0.00686402210111813,0.457752246799394,0.999957787024215
"Gas2l3",44.1437338606724,5.07438370880978e-06,0.00686620798317646,0.953632762632247,0.999957787024215
"Scyl2",58.9817521779865,1.1002797126786e-05,0.00686602343254555,0.913032169220659,0.999957787024215
"Actr6",58.954370999688,7.27815750107732e-05,0.00686605511841385,0.460252351201176,0.999957787024215
"Uhrf1bp1l",132.73752646888,5.1146186029061e-05,0.0068651898170936,0.727765211397258,0.999957787024215
"Apaf1",110.516351085258,-1.74714716508924e-05,0.00686551774816023,0.893679709708385,0.999957787024215
"Ikbip",29.4751244562435,1.23498254945743e-05,0.00686639125496795,0.862705050479319,0.999957787024215
"Slc25a3",1098.99027575924,0.000289723599526154,0.00685823657939909,0.39644156688628,0.999957787024215
"Tmpo",636.822073948578,8.99788255339889e-05,0.00686085191030914,0.751887400525318,0.999957787024215
"Nedd1",78.4307999588852,-9.33762763857736e-06,0.00686579437636599,0.935451504256576,0.999957787024215
"Cdk17",142.474963430594,9.63668705418353e-05,0.0068650653014543,0.527798527889002,0.999957787024215
"Elk3",57.6072240972916,2.29292336582169e-05,0.00686604907607264,0.816809924900283,0.999957787024215
"Lta4h",98.574854221288,-8.57628944887666e-05,0.00686556040683694,0.504399721531337,0.999957787024215
"Snrpf",1415.24221292314,0.00026841745223592,0.00685692223026007,0.464497649752606,0.999957787024215
"Metap2",674.16855758128,-2.92002500609951e-05,0.00686057863431406,0.920097348656696,0.999957787024215
"Vezt",58.4761665174597,4.9432001187678e-05,0.00686607064942946,0.612066906197215,0.999957787024215
"Fgd6",17.9526323806952,1.6150157512824e-05,0.00686653662065009,0.771911831862963,0.999957787024215
"Nr2c1",28.0376509950633,3.91557156299618e-06,0.00686640685347363,0.955327751067024,0.999957787024215
"Ndufa12",565.90772784255,-1.77445537828861e-05,0.00686147993469727,0.947423919023152,0.999957787024215
"Cep83os",18.5858330321544,-3.22096021084828e-05,0.00686654575258596,0.555079986692366,0.999957787024215
"Cep83",263.406651775352,2.93700849151006e-05,0.006863894646107,0.882292043997481,0.999957787024215
"Cradd",67.8206858242403,4.51914328362528e-05,0.00686592239237059,0.673938790368268,0.999957787024215
"Socs2",216.675708668224,0.000175087333944168,0.0068643332355477,0.337574952002738,0.999957787024215
"Mrpl42",453.253600345695,5.21335489674111e-05,0.00686219415153018,0.834990600475034,0.999957787024215
"Ube2n",474.504875763259,0.00017235171098956,0.00686211951090824,0.49454252953154,0.999957787024215
"Nudt4",185.122711965594,7.14910874399216e-05,0.00686461186047714,0.677313563730195,0.999957787024215
"Eea1",205.197891733242,-0.000117334339836899,0.0068646210862991,0.493695898766661,0.999957787024215
"Btg1",139.879437814688,-8.35126516011169e-05,0.00686516188125411,0.573157927925859,0.999957787024215
"Atp2b1",361.127188365031,1.35694623228229e-05,0.00686296009150903,0.952617463199329,0.999957787024215
"Poc1b",54.6573635799593,-4.00620395324056e-05,0.00686608538754628,0.677816108010125,0.999957787024215
"Dusp6",80.8693723355301,5.85094346743714e-05,0.00686578789183224,0.613011545100144,0.999957787024215
"Cep290",46.3097528935389,-3.12663023842652e-05,0.00686618285470282,0.72602286721425,0.999957787024215
"4930430F08Rik",26.2146759317029,2.60005076272006e-07,0.00686643030813636,0.996929164871728,0.999957787024215
"Tmtc2",121.096793100066,-6.30456413137535e-05,0.00686539303394151,0.64565807934038,0.999957787024215
"Mettl25",53.1064757159764,3.43533195108024e-05,0.00686609662689869,0.719417103973563,0.999957787024215
"Ccdc59",251.879446948361,6.06549941607105e-05,0.00686393908180741,0.757948396944468,0.999957787024215
"Ppp1r12a",436.130148466681,-2.81363669640797e-05,0.00686240010467804,0.908412869505732,0.999957787024215
"E2f7",49.3820495059599,-1.98516804788394e-05,0.00686614163431169,0.829782046608101,0.999957787024215
"Zdhhc17",40.6321161250259,-6.10506777932021e-06,0.00686625581692886,0.941661534616677,0.999957787024215
"Osbpl8",238.568938702884,5.35274246552282e-05,0.00686413518140877,0.778006075619262,0.999957787024215
"Nap1l1",2293.08151788065,-2.26444306332201e-05,0.0068543546526455,0.956154764344418,0.999957787024215
"Krr1",162.143304356555,-2.40390780280308e-05,0.00686486988304999,0.881434356919923,0.999957787024215
"Glipr1",362.384677552655,0.000240044782799163,0.00686297220525733,0.2924222040438,0.999957787024215
"Atxn7l3b",182.891464574835,-6.95564295266302e-05,0.00686465164937885,0.68278521591794,0.999957787024215
"Tbc1d15",125.964321564992,-9.33782641610366e-05,0.00686526154613796,0.515350699314628,0.999957787024215
"Rab21",194.814196903595,-2.72346613200371e-05,0.00686453175350286,0.876303974690147,0.999957787024215
"Tmem19",39.846818988679,4.7381182960663e-05,0.00686625691127869,0.56964515308535,0.999957787024215
"Thap2",56.3923270340486,-7.29340570718604e-05,0.00686607808889429,0.451878078678605,0.999957787024215
"Zfc3h1",171.31566494314,0.000101160905731119,0.00686477186465932,0.540524439612522,0.999957787024215
"Cnot2",188.961097588087,-1.54926333974149e-06,0.00686462489505416,0.992782989433676,0.999957787024215
"5330438D12Rik",15.8839725014539,1.60030959141174e-05,0.00686655605766796,0.763839904089929,0.999957787024215
"Rab3ip",37.2345181009373,6.93829162212599e-06,0.00686630356814492,0.930363769428055,0.999957787024215
"Cct2",1446.94789270412,-0.000116920090552409,0.00685687289891063,0.750617952873253,0.999957787024215
"Frs2",56.8941274486681,-4.04640612177868e-05,0.00686605304668918,0.681847787427334,0.999957787024215
"Yeats4",211.09063168357,1.02675750953431e-05,0.00686434695688645,0.955026578393857,0.999957787024215
"Cpsf6",248.231130361622,0.000106574347497234,0.00686400069839539,0.584046479016498,0.999957787024215
"Mdm2",176.705346006121,-5.99341371344979e-05,0.00686480223644122,0.714816194652624,0.999957787024215
"Nup107",158.066578107745,0.000151698451644272,0.00686490233309854,0.342424690757753,0.999957787024215
"Rap1b",519.671558429303,3.8901562635975e-05,0.00686171421816731,0.882440932217351,0.999957787024215
"Dyrk2",35.6939110321607,-1.86939141170706e-05,0.00686631071522738,0.812422300613576,0.999957787024215
"Cand1",126.76167951887,8.41571362571344e-05,0.00686524457313022,0.55989060678173,0.999957787024215
"Helb",74.1832098861207,1.92383801886434e-05,0.00686584644021992,0.863803994446638,0.999957787024215
"Tmbim4",172.733975987922,9.84746549970852e-05,0.006864748610359,0.553635293302145,0.999957787024215
"Llph",660.023848409633,-0.000316720404589954,0.00686067309987426,0.27289865368538,0.999957787024215
"Lemd3",44.3894761164693,-1.32819027076458e-05,0.00686621602141211,0.878156165793901,0.999957787024215
"Gns",27.0832349492679,4.72264430953377e-05,0.00686642476741,0.488111394273984,0.999957787024215
"Rassf3",22.627341836628,7.33120314625252e-06,0.00686647007709717,0.907922194096077,0.999957787024215
"Tbk1",102.58250777883,4.2340287933273e-05,0.0068655183811431,0.745962230157181,0.999957787024215
"Xpot",150.357556320295,7.35354740311465e-05,0.00686510412621548,0.625983462104635,0.999957787024215
"Rxylt1",107.9047021782,-1.33790244783918e-05,0.00686545709089459,0.92039246286273,0.999957787024215
"Ppm1h",332.61208526967,-3.45537276455498e-05,0.00686319785012377,0.87582249011773,0.999957787024215
"Mon2",86.1362446688071,-3.44241457795443e-05,0.00686574081695107,0.771323953844165,0.999957787024215
"Usp15",368.302806558742,3.32893234454171e-06,0.00686293782702593,0.988403287313352,0.999957787024215
"Atp23",44.6115649999591,-1.72589298356749e-05,0.00686620484068655,0.84366642683529,0.999957787024215
"Ctdsp2",29.7266770699525,-1.8277055945696e-05,0.00686638541826356,0.799540280383239,0.999957787024215
"Tsfm",158.016113758075,0.00015884453164202,0.00686490438061952,0.31990396036286,0.999957787024215
"Mettl1",146.233940680988,-8.14106865240911e-05,0.00686507703904353,0.592488126554505,0.999957787024215
"Cdk4",615.296263091872,-0.000131363980298261,0.00686097576675079,0.640881830205538,0.999957787024215
"Tspan31",161.092403043971,0.000206405722727906,0.00686487225024565,0.200035178844954,0.999957787024215
"Agap2",56.6458473198464,-1.1773844269998e-05,0.00686606378572523,0.90432947868673,0.999957787024215
"Os9",178.526958816767,4.23632508134112e-05,0.00686467910796744,0.802177057388347,0.999957787024215
"B4galnt1",113.372802050489,4.44020209874867e-05,0.00686542544207289,0.743115803323805,0.999957787024215
"Dtx3",26.6904466527509,-2.36592916244551e-05,0.00686643225790591,0.725401654954742,0.999957787024215
"Pip4k2c",40.8492801568581,1.81354474612433e-07,0.00686625102790404,0.998273612807093,0.999957787024215
"Dctn2",93.9918328360414,5.0713206817517e-05,0.0068656195913735,0.685594635372531,0.999957787024215
"Mbd6",18.408448633567,8.31350965426641e-06,0.00686652694124301,0.883825446474023,0.999957787024215
"Ddit3",22.8322224039648,-4.7921170218431e-05,0.00686648550371709,0.437291436764605,0.999957787024215
"Mars1",78.4315453387354,9.17445565405308e-06,0.00686579471753819,0.936565919346442,0.999957787024215
"Arhgap9",158.187781197917,8.23989508467045e-05,0.00686491594965619,0.604751580588744,0.999957787024215
"R3hdm2",122.297858443888,-0.000107549943595389,0.00686529394226968,0.448767734911638,0.999957787024215
"Shmt2",225.235135130511,-6.35489881392072e-05,0.00686420411977387,0.734477958086335,0.999957787024215
"Stat6",72.3370331162693,6.3041566058517e-05,0.00686587491541957,0.567976606239441,0.999957787024215
"Nab2",26.906818577495,-4.25042079982963e-05,0.00686643619604268,0.525547748435054,0.999957787024215
"Nemp1",41.8348375462153,-4.36846648391634e-05,0.00686623231635562,0.608707977194502,0.999957787024215
"Prim1",209.296457546448,-0.000127590189078306,0.00686440738986283,0.477872703583539,0.999957787024215
"Naca",3320.46243591544,0.000327826228016255,0.00685259449543514,0.456208730680896,0.999957787024215
"Ptges3",1377.96606335875,0.000118939417391288,0.00685706690591246,0.744030279029581,0.999957787024215
"Atp5b",1314.13790966861,-7.37915662433214e-05,0.00685734497026201,0.837153151984994,0.999957787024215
"Baz2a",114.474902490535,-4.68974963095482e-05,0.00686537824928533,0.733705216080575,0.999957787024215
"Rbms2",37.535163005664,-1.13678198861402e-05,0.00686632439376392,0.883496385480278,0.999957787024215
"Spryd4",19.4991646872158,-4.94899272403802e-07,0.0068665209816808,0.993145747967833,0.999957787024215
"Timeless",69.4249952727711,-5.59168473155398e-05,0.0068659146571326,0.60430005983381,0.999957787024215
"Stat2",81.3613481274783,-3.61079133596179e-05,0.00686576347315368,0.757857672327215,0.999957787024215
"Cnpy2",228.462080358192,-0.000198087829408103,0.00686443669719293,0.267520860106184,0.999957787024215
"Cs",269.412304024831,6.09908557926613e-05,0.00686380954921534,0.761876747089258,0.999957787024215
"Coq10a",21.439790103052,-4.18725220826167e-05,0.00686648886181577,0.494683221164879,0.999957787024215
"Ankrd52",77.0425579530769,5.44784103634479e-05,0.00686587532398768,0.621601412063037,0.999957787024215
"Nabp2",116.60733576129,-5.84631427794256e-05,0.00686536153546439,0.673343349547575,0.999957787024215
"Rnf41",33.3119394364037,1.01285146686867e-05,0.00686633796896131,0.894483687003803,0.999957787024215
"Smarcc2",141.169177461143,-5.42932973788584e-05,0.00686513872459083,0.716109675098003,0.999957787024215
"Myl6",2379.24115631197,-3.67283668917636e-05,0.00685421139272629,0.92934690470876,0.999957787024215
"Esyt1",200.056947026927,-0.000125632005962646,0.00686446574251224,0.479163028663462,0.999957787024215
"Gm29585",15.3195742050112,3.95361993526311e-07,0.00686656307862413,0.993974477013502,0.999957787024215
"Zc3h10",24.9317793332095,-2.01704359874345e-05,0.00686644568582965,0.759810875852974,0.999957787024215
"Rpl41",9136.67332776191,5.57692080633861e-05,0.00684864365366729,0.910689908170741,0.999957787024215
"Pa2g4",1577.09530672948,-3.56996709609734e-05,0.0068563350052007,0.924699364655127,0.999957787024215
"Rps26",9864.710736653,-0.000113829031878908,0.00684864641974417,0.818899067543082,0.999957787024215
"Ikzf4",56.5360430946559,-3.65600727721777e-06,0.00686605366191763,0.970440982124105,0.999957787024215
"Rab5b",29.5468374295193,-1.075370779604e-05,0.00686638477326504,0.881328848402055,0.999957787024215
"Cdk2",63.9035088131338,-5.34027795470299e-06,0.00686596409197661,0.959324619146054,0.999957787024215
"Dgka",78.7400149453915,1.91486940444419e-05,0.00686582325887015,0.866099332678239,0.999957787024215
"Pym1",130.818766660133,4.93543107311198e-05,0.00686521311995976,0.735047258519948,0.999957787024215
"Dnajc14",42.1671823207117,-2.95741085758756e-05,0.006866238237196,0.727453739092137,0.999957787024215
"Sarnp",567.570562838036,0.000109571127303001,0.00686138421374541,0.686540468827766,0.999957787024215
"Ormdl2",180.851164038501,0.000107404517896914,0.00686465965858332,0.527233885612688,0.999957787024215
"Tespa1",151.509651784745,5.67449309459324e-05,0.00686496701300812,0.717751116381101,0.999957787024215
"Sfi1",82.3985347741373,7.26680558093694e-05,0.00686587845682551,0.509544133419082,0.999957787024215
"Drg1",203.305337703721,-7.91439106904686e-05,0.00686442158298996,0.658797369345106,0.999957787024215
"Eif4enif1",153.71548258889,-2.05384614272887e-05,0.00686494948099937,0.896410843076832,0.999957787024215
"Patz1",45.6416867478143,1.59809235953793e-05,0.00686619182095343,0.856752991870972,0.999957787024215
"Gm11944",15.6490443758082,-3.63316358137278e-06,0.00686655848881237,0.945296966412184,0.999957787024215
"Limk2",80.824843880973,-7.38396309231689e-05,0.00686576493177381,0.528095885327001,0.999957787024215
"Rnf185",17.745364779416,2.74893491180622e-05,0.00686653273480024,0.624691228701582,0.999957787024215
"Tug1",63.8327854026474,-0.000104558308990643,0.0068659786414088,0.313559659811558,0.999957787024215
"Morc2a",75.1006634624545,-4.64218422325736e-05,0.0068658696914447,0.675025950288085,0.999957787024215
"Pes1",161.053040820154,-0.000160913565812776,0.00686488626479204,0.315986976738115,0.999957787024215
"Sf3a1",193.858594635431,4.23711381695661e-05,0.00686451828087971,0.809214473374152,0.999957787024215
"Tbc1d10a",34.0306245367872,-4.60309088607132e-05,0.00686632998765876,0.550380305131787,0.999957787024215
"Osm",96.9195522214324,0.000140417228727396,0.00686560842328507,0.264632397346777,0.999957787024215
"Lif",78.331508185681,6.31045783285414e-05,0.00686580245392878,0.582579310025579,0.999957787024215
"Mtmr3",99.6318084271712,-5.26611499804309e-05,0.00686555762814968,0.68221338490291,0.999957787024215
"Ascc2",79.8446522964114,2.50746201594684e-05,0.00686580081752423,0.827268395276209,0.999957787024215
"Uqcr10",808.398976797815,8.02073490714545e-05,0.00685978818291682,0.795257977573941,0.999957787024215
"Zmat5",91.4111753402035,-1.58771878791009e-05,0.00686563968013391,0.898247996004245,0.999957787024215
"Nf2",78.6076715411431,-4.93486619627247e-05,0.00686584807694065,0.659649187284682,0.999957787024215
"Nipsnap1",59.7334528395447,1.92625051910065e-05,0.00686601399865198,0.849314476264398,0.999957787024215
"Thoc5",70.1305717014869,-2.39603241398716e-05,0.0068658904015504,0.826687859463745,0.999957787024215
"Nefh",156.314244619813,6.31986310000323e-05,0.00686493618232082,0.689770726029509,0.999957787024215
"Ap1b1",53.5645038238764,-2.77152672617939e-05,0.00686609365240973,0.772445208169778,0.999957787024215
"Ewsr1",458.80612296438,4.4904844197438e-05,0.00686217231129811,0.857941170810472,0.999957787024215
"Rhbdd3",17.9224339833038,-1.04592511025492e-05,0.00686653744776266,0.850818010177378,0.999957787024215
"Kremen1",13.7411551750785,5.52939707074631e-06,0.00686658276628199,0.911419726110814,0.999957787024215
"Znrf3",198.781931663538,-1.04397557124565e-05,0.00686447862110625,0.952976331083621,0.999957787024215
"Xbp1",491.867832259323,-9.46890450046652e-05,0.00686198818826191,0.711305117907373,0.999957787024215
"Ccdc117",28.4823845397033,-3.76628987890688e-05,0.00686640569543475,0.590614987029877,0.999957787024215
"Mrps24",486.459148002271,-6.47703168529872e-05,0.00686196245952366,0.800666516759814,0.999957787024215
"Urgcp",34.2815709903098,2.02358447771255e-05,0.00686632841662155,0.793276617555007,0.999957787024215
"Ube2d-ps",47.7489506952998,1.1283492989533e-05,0.00686616169380167,0.901144885657661,0.999957787024215
"Dbnl",225.451098516699,4.99205491248975e-06,0.00686430442658818,0.978315087797353,0.999957787024215
"Polm",18.344617746827,-7.85791728343912e-06,0.00686652685136256,0.890171232004515,0.999957787024215
"Pold2",109.650960440736,-3.06632491203202e-06,0.0068654299067813,0.98191325599137,0.999957787024215
"Ykt6",72.8765772288318,2.06670408807228e-05,0.00686587986243944,0.851090805437466,0.999957787024215
"Nudcd3",199.072311047765,-0.000142238243977146,0.0068645078569486,0.418728626491753,0.999957787024215
"Ddx56",83.2309485099729,-7.04996109414913e-06,0.00686579096749604,0.951328091725358,0.999957787024215
"Tmed4",42.4732998906257,1.38635542115264e-05,0.00686622397130333,0.871938257739017,0.999957787024215
"Ogdh",184.739889269584,-6.74680928084654e-05,0.00686465347281724,0.691686810201007,0.999957787024215
"Zmiz2",63.0953933175894,1.24989657534986e-05,0.00686597459637829,0.904355397566524,0.999957787024215
"Ppia",13005.1853292664,0.000149515248221517,0.00684789722341259,0.768184597173626,0.999957787024215
"H2az2",193.507658662833,-8.53945572571612e-05,0.00686457218735894,0.622336151667543,0.999957787024215
"Purb",333.508329947555,-3.86958818574991e-05,0.00686329492153231,0.859171390704831,0.999957787024215
"Myo1g",210.023350917292,-1.9791969606452e-05,0.00686438277225318,0.912787172858727,0.999957787024215
"Snhg15",137.848729060957,-6.24669149103332e-05,0.00686530511321272,0.658753773656199,0.999957787024215
"Ccm2",67.5932885758708,-2.85407487526588e-05,0.00686593110180053,0.789382852772346,0.999957787024215
"Tbrg4",80.9031798931738,3.9246545878628e-05,0.00686580779322512,0.731764642549736,0.999957787024215
"Hus1",49.6932535346014,-1.16320488930236e-05,0.00686613974454989,0.899908817137132,0.999957787024215
"Ikzf1",632.351693369926,-9.24364296925941e-05,0.00686106063684664,0.740897338113725,0.999957787024215
"Fignl1",91.0697836821581,-3.23650308845551e-05,0.00686565445234564,0.793013971813934,0.999957787024215
"Sec61g",1606.99760751755,0.000469317768596375,0.00685623268338857,0.216271509505241,0.999957787024215
"Eldr",20.3395395960972,4.71448174699497e-06,0.00686650691657485,0.936592239710347,0.999957787024215
"Plek",20.4492037501928,6.91049649702117e-05,0.00686650627510692,0.244164835420856,0.999957787024215
"Ppp3r1",99.1759921189898,-9.13397512180379e-05,0.00686560962488298,0.467836788404585,0.999957787024215
"Dnaaf10",74.3870901226805,5.80351497283419e-05,0.00686586389043845,0.601355334834774,0.999957787024215
"Pno1",360.351257449847,-0.000134821245371799,0.00686294672420447,0.555630870466302,0.999957787024215
"C1d",274.527323315348,0.000106860225046842,0.0068637212739888,0.600866937627379,0.999957787024215
"Etaa1",56.6199792886545,-6.22951173765407e-05,0.00686607908070965,0.520213182252995,0.999957787024215
"Spred2",117.154385670485,-1.93409496684732e-05,0.0068654227997148,0.886594867032383,0.999957787024215
"Actr2",720.349551316107,6.88340487424278e-05,0.00686032426775848,0.816726792797575,0.999957787024215
"Rab1a",206.258050492656,0.000169876475164239,0.00686439452538544,0.345997960474704,0.999957787024215
"Cep68",49.5527273830121,1.8971427240824e-05,0.00686614470369631,0.836823712641183,0.999957787024215
"Sertad2",61.1340213264889,3.94155355096541e-05,0.00686601102502991,0.698015770730515,0.999957787024215
"Aftph",149.921125186094,-3.25951103700122e-05,0.00686508022745483,0.830157847036472,0.999957787024215
"Lgalsl",33.2066873729457,1.10495603887271e-05,0.00686633897474611,0.884816952632868,0.999957787024215
"Peli1",209.583217113054,-0.00015154738300672,0.006864402738659,0.399697774622586,0.999957787024215
"Vps54",147.247413545639,-0.000192526356594672,0.00686510717298397,0.201523171175529,0.999957787024215
"Ugp2",108.864239679923,-3.10610163626092e-05,0.00686549563305176,0.813803487567056,0.999957787024215
"Mdh1",411.378832382462,0.000133213363691947,0.00686250873633967,0.581245037832326,0.999957787024215
"Wdpcp",26.4041434799181,-1.66093072065728e-05,0.0068664247850721,0.807353098863709,0.999957787024215
"Ehbp1",27.8262973211431,1.30394526061124e-07,0.0068664049554363,0.998515522175515,0.999957787024215
"B3gnt2",147.389501468689,-9.69187625101268e-05,0.00686503602417601,0.528967546683334,0.999957787024215
"Commd1",242.4458913617,-3.29963757822492e-05,0.00686403462255452,0.864573297369826,0.999957787024215
"Cct4",669.812679234288,8.47610769474766e-06,0.00686068376124932,0.976571128155133,0.999957787024215
"Xpo1",424.323345971033,-5.84038068609371e-05,0.00686240995767093,0.811055680550384,0.999957787024215
"Usp34",526.778610597424,0.000156064127205147,0.00686163126419892,0.556238900313645,0.999957787024215
"Ahsa2",83.9270479252986,3.27071963107389e-05,0.00686575951986206,0.780468330389203,0.999957787024215
"Sanbr",99.5697583588776,1.48063878781336e-05,0.00686563548793146,0.905252559030816,0.999957787024215
"Pex13",39.6814961484349,4.68654412516597e-05,0.00686626014678948,0.572623104091148,0.999957787024215
"Pus10",89.5403634334578,-8.77723880159128e-05,0.00686567568489045,0.472432622522185,0.999957787024215
"Rel",74.4940878414561,-8.05121301771676e-05,0.00686587407554693,0.46603916263997,0.999957787024215
"Papolg",55.3566635616714,2.48412701958512e-05,0.00686607552831777,0.79814332550992,0.999957787024215
"Fancl",85.0939932653242,0.00010171622930902,0.00686573463177639,0.391884322161346,0.999957787024215
"Vrk2",144.490840023508,-5.36951021608734e-05,0.0068650440843804,0.726624596218932,0.999957787024215
"Pnpt1",116.878852759732,9.23597184898492e-05,0.00686535371987649,0.506603692491771,0.999957787024215
"Ppp4r3b",417.709398598551,-8.81403271926516e-05,0.00686245660623836,0.716806010631657,0.999957787024215
"Cfap36",109.850076415348,2.5356712057777e-05,0.00686543701161243,0.850898848901141,0.999957787024215
"Ccdc88a",63.092156736643,-4.59966036359263e-05,0.00686598298231076,0.65663166758626,0.999957787024215
"Prorsd1",49.716874713565,1.39715877521569e-05,0.00686614784131919,0.879135591296704,0.999957787024215
"Mtif2",114.450048417274,-5.02744210601951e-06,0.00686538925120251,0.970791608583799,0.999957787024215
"Rps27a",8386.96201181161,6.45563663238186e-05,0.00684890691394553,0.895941959460303,0.999957787024215
"Rtn4",152.317695306479,4.86886111244195e-06,0.00686496195394598,0.975292552909746,0.999957787024215
"Sptbn1",314.989403793377,7.15676111862651e-05,0.00686336387321034,0.740296400741084,0.999957787024215
"Acyp2",14.915935874402,3.01479466468343e-05,0.00686656941629193,0.558391400186025,0.999957787024215
"Psme4",208.986999449671,-9.21433430998387e-06,0.00686450024302054,0.958293131934174,0.999957787024215
"Asb3",59.3200114775489,5.6291130728133e-06,0.00686605093816899,0.954589608881431,0.999957787024215
"Erlec1",92.4595380389512,2.85738464359578e-05,0.00686565908419892,0.816423580970199,0.999957787024215
"Chac2",25.6457147055402,-2.08439872604564e-05,0.0068664636006224,0.744982328165461,0.999957787024215
"Stc2",50.7018151747483,4.66170675260779e-05,0.00686613625799908,0.615201474179639,0.999957787024215
"Bod1",38.5187303355262,1.59318676723629e-05,0.00686628621887368,0.843848077320825,0.999957787024215
"Cpeb4",35.3504009182536,-1.33817164191082e-05,0.00686631350799412,0.864698758934265,0.999957787024215
"Snrnp25",113.884101014474,9.64682684366127e-05,0.00686539043703707,0.482122155035224,0.999957787024215
"Nprl3",45.3027395636272,3.05458216987302e-05,0.00686620478376856,0.727083132861645,0.999957787024215
"Mpg",52.4171403727208,-2.35999305615642e-05,0.00686611718853018,0.802056051685658,0.999957787024215
"Stk10",109.897168785624,-4.73285124900051e-05,0.00686542759702296,0.726629868321319,0.999957787024215
"Fbxw11",92.6605183699297,-2.29852917512793e-05,0.00686563542263709,0.853406492932035,0.999957787024215
"Npm1",10644.9067685509,4.65232361071508e-05,0.00684823961976933,0.926258951753407,0.999957787024215
"Lcp2",334.725030216651,-2.37192132124327e-06,0.00686317348354939,0.991470424514419,0.999957787024215
"Dock2",1064.59795871538,-2.5193305244819e-05,0.00685849915940599,0.940296484783424,0.999957787024215
"Gm53681",18.3333482402624,2.02899145268237e-05,0.00686652973317353,0.719778897378313,0.999957787024215
"Spdl1",109.593577414006,1.64536451710112e-05,0.00686545085487774,0.90241277322078,0.999957787024215
"Pank3",79.6817271474781,-1.5555571102784e-05,0.00686579039078553,0.892895468101876,0.999957787024215
"Rars",300.275519537181,-2.78602116221249e-05,0.00686360239572238,0.89355453407826,0.999957787024215
"Mat2b",134.472387679915,-0.000116421572672448,0.00686519398280206,0.42753696218226,0.999957787024215
"Hmmr",347.132592156593,0.000145671553928589,0.00686373291196081,0.474899992898376,0.999957787024215
"Nudcd2",459.680033252847,7.56433857428865e-05,0.0068621407390099,0.763801243014244,0.999957787024215
"Ccng1",735.342406856872,0.000301593269638356,0.00686092661155314,0.286228905747498,0.999957787024215
"Pttg1",333.835693558457,5.11698763747912e-05,0.00686344720190657,0.810372041458347,0.999957787024215
"Slu7",117.447825550004,-9.23295378204349e-05,0.00686535180163312,0.507031471293079,0.999957787024215
"Pwwp2a",88.714354485683,-5.3034546739932e-05,0.00686567629200252,0.664088561256904,0.999957787024215
"Ttc1",114.664276694893,1.65948550242378e-05,0.00686543739393601,0.902077837753723,0.999957787024215
"Ublcp1",47.9632830847637,-2.07352075607373e-05,0.00686619562700713,0.814212987141521,0.999957787024215
"Rnf145",77.1753663184381,3.70626984382813e-05,0.00686584611723725,0.741096654414175,0.999957787024215
"Clint1",338.262189854874,-9.30333477174779e-05,0.00686337107492079,0.666225011547728,0.999957787024215
"Lsm11",52.994320416094,-1.44127681987379e-05,0.00686610081256953,0.879824069432828,0.999957787024215
"Thg1l",81.0224836297797,-1.80454844238568e-05,0.00686578869858356,0.875988028003235,0.999957787024215
"Gm12166",34.7834073641797,4.91228975276595e-05,0.00686631953289151,0.528862651625224,0.999957787024215
"Adam19",99.5520778582933,-0.000107488080325794,0.00686556039622438,0.402767119274484,0.999957787024215
"Cyfip2",378.050612080131,7.33568718522766e-05,0.00686283978890582,0.751797614260727,0.999957787024215
"Itk",756.580284703948,0.000222799962454248,0.00686013010665958,0.459841034327426,0.999957787024215
"Garin3",36.8360021883061,-9.38260620739194e-06,0.00686629363549989,0.906927157668457,0.999957787024215
"Med7",53.4394724711564,9.37428549914385e-05,0.00686610007481466,0.325691091657199,0.999957787024215
"Havcr2",66.1294907450348,-1.61883484089213e-05,0.00686598324691288,0.875646093691525,0.999957787024215
"Rack1",5693.56785928432,-4.19161066173082e-05,0.00685021930503654,0.92971467876831,0.999957787024215
"Trim41",32.2068574216483,-2.58683703394718e-05,0.0068663514043974,0.730670032888219,0.999957787024215
"Irgm1",145.216660813217,-0.00011790589666024,0.00686534609082473,0.397805783091584,0.999957787024215
"Gm12185",32.9838674775717,-8.1962316003607e-05,0.00686640724195002,0.240705834930611,0.999957787024215
"Psme2b",22.248127449439,7.90427118393241e-06,0.00686648565678758,0.898023009624584,0.999957787024215
"Or2v1",19.1229075349051,-4.27118552562005e-05,0.00686652073277876,0.458677652995773,0.999957787024215
"Tgtp1",33.8197934851338,1.8283226339061e-05,0.00686637269635848,0.802702996546799,0.999957787024215
"9930111J21Rik2",59.1667968675765,-8.73346324871242e-05,0.00686602380242795,0.385882721575807,0.999957787024215
"Tgtp2",45.8423877880342,-8.28403072808333e-05,0.00686620777447432,0.342591344687242,0.999957787024215
"Ifi47",251.676973822962,0.000104330020908178,0.00686422755977689,0.575889962513241,0.999957787024215
"Zfp62",97.4584200687889,-4.30256258465381e-05,0.0068655825912353,0.735328595921283,0.999957787024215
"Mgat1",83.9272095323685,2.76228424522183e-06,0.0068657433071658,0.981370718552797,0.999957787024215
"Cnot6",190.176424670552,-2.22641743175082e-05,0.00686458132244387,0.89760723113976,0.999957787024215
"Mapk9",78.6138976056208,-2.22438750766602e-05,0.00686580964034783,0.845811019227448,0.999957787024215
"Rnf130",115.495560741535,8.25619699584206e-05,0.00686546584723507,0.536045788310011,0.999957787024215
"Tbc1d9b",65.0140508832825,-0.000126678363403223,0.0068660185089119,0.210112894318266,0.999957787024215
"Mrnip",22.6070973097057,-3.14657735202042e-05,0.00686647362809983,0.617458557973111,0.999957787024215
"Sqstm1",181.804146709203,-3.2263591634258e-05,0.00686467128893696,0.848959801507364,0.999957787024215
"Maml1",26.1356762640902,-5.56191066642047e-05,0.0068664297935446,0.410697708424696,0.999957787024215
"Canx",1293.12706973058,-2.09440633074367e-05,0.00685740745865508,0.953325944647083,0.999957787024215
"Hnrnph1",464.858453355572,0.000180421951069351,0.00686211704396777,0.474672107772755,0.999957787024215
"Rufy1",25.8720979959788,-3.57491107274932e-05,0.00686643044142733,0.596609082554198,0.999957787024215
"Clk4",97.6254779069822,-9.22271034553739e-05,0.00686557189975151,0.470690774244924,0.999957787024215
"Phykpl",62.5227294766983,3.77001112101897e-06,0.00686598104167712,0.970969131441971,0.999957787024215
"Hnrnpab",2350.64853108325,0.000285092101248581,0.00685425238198994,0.490592318875736,0.999957787024215
"Nhp2",638.539492189911,-0.000109843767572123,0.00686083957720483,0.699831145757104,0.999957787024215
"Rmnd5b",42.6826392205286,-2.76671846438289e-05,0.00686622198378648,0.748130439902113,0.999957787024215
"0610009B22Rik",47.5504254955481,1.01989138504405e-05,0.00686616156652,0.910614367277836,0.999957787024215
"Sec24a",164.020623487328,-9.51967347555396e-05,0.00686502396417903,0.537729839952212,0.999957787024215
"Sar1b",220.046111129059,6.57090712171974e-05,0.00686440704212659,0.714750331940216,0.999957787024215
"Jade2",22.3191058108522,-1.16051851045764e-05,0.00686648410839559,0.851157443347512,0.999957787024215
"Cdkn2aipnl",135.70033501286,-1.61888822263596e-05,0.00686515206730847,0.913295262036523,0.999957787024215
"Ube2b",390.565626949334,1.95735356587099e-05,0.00686283907001557,0.932753202205312,0.999957787024215
"Cdkl3",34.1507301864184,2.21123178016726e-05,0.0068663562600415,0.767226739668372,0.999957787024215
"Ppp2ca",340.769890881079,0.000167183137027335,0.00686314399730108,0.452992317704539,0.999957787024215
"Skp1",496.170909085654,0.000180049994037265,0.00686210402982497,0.476199404011261,0.999957787024215
"Tcf7",45.8851391900518,4.65835607996717e-06,0.00686624285305461,0.956027472250421,0.999957787024215
"Vdac1",475.18243419708,-4.36701503493025e-05,0.00686199934723558,0.864310529569311,0.999957787024215
"9530068E07Rik",86.5706876676131,-1.75240385592084e-05,0.00686570636674989,0.884297258385538,0.999957787024215
"Hspa4",979.659779028261,-9.30420930181431e-05,0.00685884117224914,0.777563547169235,0.999957787024215
"Zcchc10",113.611791908944,-8.41737400313335e-05,0.0068653891928681,0.539853505697062,0.999957787024215
"Aff4",156.140085978875,0.000100213502813873,0.00686495717148027,0.524372164036313,0.999957787024215
"Uqcrq",1133.86729062247,-0.000362796739035786,0.00685816956883798,0.29017573658365,0.999957787024215
"Kif3a",20.5077729992911,1.05871033475879e-05,0.00686650396440578,0.859015138902221,0.999957787024215
"Rad50",285.159241906569,4.82907721631414e-05,0.00686377725798189,0.811399877014331,0.999957787024215
"Irf1",268.940593057182,2.81153427441562e-05,0.00686393444584231,0.886502247882127,0.999957787024215
"Gm12216",25.9106193777346,-4.16456796031452e-05,0.00686643540820108,0.534438099001146,0.999957787024215
"Slc22a5",12.5718229117296,-1.43234212810211e-05,0.00686660172669604,0.760609618815047,0.999957787024215
"Csf2",33.4030571955349,7.6565971188344e-05,0.00686640321952799,0.275787513998681,0.999957787024215
"Fnip1",108.774365638386,-0.000117028110928539,0.0068654887227903,0.376175882384053,0.999957787024215
"Rapgef6",591.185853296187,1.05292594663071e-05,0.00686134661490141,0.969173377251249,0.999957787024215
"Cdc42se2",149.132021157246,-6.53687958369983e-05,0.00686499457551888,0.674754969420373,0.999957787024215
"Hint1",1797.91289690261,1.18646563425811e-05,0.00685568235866836,0.975687042113517,0.999957787024215
"Tnip1",52.524044802949,-1.81105294483044e-05,0.00686612766932312,0.846209226105313,0.999957787024215
"Anxa6",258.709289333198,2.47175627493124e-05,0.00686390117911446,0.900720368448524,0.999957787024215
"Ccdc69",32.0237345283402,-3.68625763244369e-05,0.00686635535428475,0.622077330048828,0.999957787024215
"Gm2a",50.2629960998648,2.30070331149783e-05,0.00686612840731034,0.80526383794186,0.999957787024215
"Atox1",373.665551217779,3.06859465032464e-05,0.00686292287385617,0.893623449942271,0.999957787024215
"G3bp1",750.05345071407,1.84256000724258e-06,0.0068601258003364,0.995124585316208,0.999957787024215
"Fam114a2",92.7901730067614,5.85746775005054e-05,0.00686563746780997,0.637428914324689,0.999957787024215
"Mfap3",54.6411117818211,1.33434184565643e-05,0.00686608914785715,0.889641803911423,0.999957787024215
"Sap30l",57.8501851485556,-4.71610642679848e-05,0.00686604026638024,0.635823431689015,0.999957787024215
"Larp1",530.578195436783,-1.61553473674633e-05,0.00686159156349146,0.951614359427659,0.999957787024215
"Cnot8",98.3584823518534,-1.18727345661252e-05,0.00686558142567428,0.925715848760164,0.999957787024215
"Gemin5",144.387193654892,-1.20627664100666e-05,0.00686505928688264,0.937118147963917,0.999957787024215
"Mrpl22",230.380901649309,3.87872365109733e-05,0.0068641481183461,0.837736951130375,0.999957787024215
"Igtp",353.87095551888,0.000113783947024109,0.0068632617029436,0.60358902301902,0.999957787024215
"Irgm2",72.8671468873702,-1.18612505956549e-05,0.00686586018298835,0.91513837619784,0.999957787024215
"Zfp692",22.8349354005942,-2.29370814033635e-06,0.0068664706763336,0.971104151561139,0.999957787024215
"Zfp672",53.1097589688512,5.12328568888095e-05,0.00686609530325107,0.59249884549038,0.999957787024215
"Sh3bp5l",18.4503359546861,1.26171287386824e-05,0.0068665336163614,0.822001342690366,0.999957787024215
"Rnf187",226.369067657909,1.95955639693607e-05,0.0068643518256628,0.914202598287325,0.999957787024215
"Trim11",56.2699736254483,-2.28717008674656e-05,0.00686608173358429,0.813010990913709,0.999957787024215
"Guk1",166.025265626187,-9.42741799435147e-05,0.00686484911884386,0.560737198737678,0.999957787024215
"Mrpl55",111.111635663716,8.25846541732434e-06,0.00686541320921568,0.951615082921027,0.999957787024215
"2310033P09Rik",100.050594168607,8.14035212650115e-05,0.00686554089163312,0.529630089586642,0.999957787024215
"Arf1",696.440155425909,7.07983996120828e-05,0.00686043244275421,0.810024775965361,0.999957787024215
"Snap47",39.2683807491262,3.53686375865832e-05,0.00686627333777603,0.666113968254893,0.999957787024215
"Zkscan17",26.2085288431162,-1.06976438514541e-05,0.00686642941102026,0.874347399424747,0.999957787024215
"Mprip",107.48927160814,-0.00013887281930353,0.00686547481138869,0.29626849475845,0.999957787024215
"Flcn",20.0734701268896,-1.52206105727959e-05,0.00686650487745893,0.798090044786557,0.999957787024215
"Cops3",210.962167145633,3.61422775684757e-05,0.006864347107292,0.842637200852859,0.999957787024215
"Nt5m",29.799518880991,4.84162568183287e-06,0.00686639404008136,0.945744417525721,0.999957787024215
"Med9",67.6139416966591,-4.18552108451236e-05,0.00686594083686705,0.693555665801718,0.999957787024215
"Rai1",99.5285707077305,-8.313659961464e-06,0.00686554993589358,0.948624553753553,0.999957787024215
"Srebf1",59.0232200819425,6.98921002205533e-06,0.00686602207489503,0.944741340478291,0.999957787024215
"Tom1l2",33.3953521013947,-6.60809684636131e-06,0.00686634689283125,0.930308556571204,0.999957787024215
"Atpaf2",52.423810990315,-5.3508045884145e-05,0.0068661113459024,0.571511037652038,0.999957787024215
"Gid4",74.7489130506715,2.18046246954602e-06,0.00686583575203048,0.984578542947257,0.999957787024215
"Drg2",64.0183420571358,-2.92728208341087e-05,0.00686596265409466,0.780005199281993,0.999957787024215
"Alkbh5",177.241897145793,0.000126610601437,0.00686474318884321,0.446934214763139,0.999957787024215
"Flii",128.220237082111,-0.000109130471244351,0.00686526505221309,0.44656327967108,0.999957787024215
"Top3a",37.5171761542672,4.575312113838e-05,0.00686631563460885,0.559233227426518,0.999957787024215
"Smcr8",22.3198511907024,2.14022565909056e-06,0.00686647500286213,0.972835028629908,0.999957787024215
"Shmt1",123.388481208989,1.59995230107925e-05,0.00686539658482918,0.906987899828332,0.999957787024215
"Dhrs7b",81.5454140222664,1.95798439643776e-06,0.00686579310146826,0.986459743629421,0.999957787024215
"Tmem11",119.886003756058,-2.20356250104609e-05,0.00686532051028909,0.875545513798694,0.999957787024215
"Map2k3",126.725800121984,2.66464718621227e-05,0.00686525112194546,0.853233438024784,0.999957787024215
"Tnfrsf13b",63.0146693647055,-2.99043312555002e-05,0.00686597954954053,0.773041581765833,0.999957787024215
"Usp22",30.6035483038944,-2.12833209399235e-05,0.00686637248854059,0.771226494049101,0.999957787024215
"Aldh3a2",20.1757649554694,1.8170647892638e-05,0.00686650256614516,0.761095534519189,0.999957787024215
"Mapk7",16.1094595176505,-1.50035118166387e-05,0.00686655420350757,0.779154864910189,0.999957787024215
"Grap",76.8552447646644,-7.81829039403005e-06,0.00686581166211879,0.945448423996558,0.999957787024215
"Prpsap2",52.0445032039596,-2.2917661822425e-05,0.00686610974225443,0.808743007768301,0.999957787024215
"Ulk2",57.5289805775165,4.34488933657892e-06,0.00686606420683108,0.964610728457045,0.999957787024215
"Akap10",135.840431034608,-3.24348731073316e-05,0.00686514105936589,0.827889686992249,0.999957787024215
"Specc1",43.745263713229,7.72778679775849e-05,0.00686621557286382,0.372597745659711,0.999957787024215
"Zswim7",34.2960770778209,5.18656231735694e-05,0.00686632652189187,0.502724175601935,0.999957787024215
"Ttc19",53.3384466067438,8.90647987187157e-05,0.00686610865307775,0.347275855882384,0.999957787024215
"Ncor1",758.838005295711,2.74555042201338e-05,0.00686007583826083,0.927722656675817,0.999957787024215
"Pigl",33.4404399889002,2.50971397434867e-05,0.00686634127793545,0.741449244529841,0.999957787024215
"Cenpv",134.057644364287,0.000102752090058641,0.0068652438765191,0.476676226398815,0.999957787024215
"Ubb",2399.01334246315,0.000286054056160122,0.00685473519388434,0.480575325927047,0.999957787024215
"Trpv2",145.658577360003,-5.90658619909135e-05,0.00686503599644178,0.701209790710493,0.999957787024215
"2410006H16Rik",490.852519183884,-0.000278166184064566,0.00686188913259201,0.281855549730607,0.999957787024215
"Mmgt2",60.285546135517,-5.75794147524054e-05,0.00686602154695683,0.568127739166256,0.999957787024215
"Zfp287",21.868691266717,-7.994052945516e-06,0.00686649891405142,0.894326102455597,0.999957787024215
"Trim16",38.3707522272421,6.61635070942303e-05,0.00686630248149192,0.405217515082115,0.999957787024215
"Tvp23b",64.2530834397581,0.000101611160649882,0.00686598245395117,0.326216015454672,0.999957787024215
"Cox10",112.723325150441,-0.000101231828876369,0.00686540774740215,0.45790769934463,0.999957787024215
"2810001G20Rik",17.3492932853337,-1.22305909139437e-05,0.00686653714218064,0.826044510073949,0.999957787024215
"Elac2",44.9402071044175,-4.71972758555667e-05,0.00686620549087028,0.589469321968102,0.999957787024215
"Map2k4",178.671930159078,-8.97954681592953e-05,0.00686471892792723,0.5918321735356,0.999957787024215
"Zkscan6",21.0883763666341,-3.67514387038562e-05,0.00686649141451857,0.547057504626004,0.999957787024215
"Adprm",40.7395226589056,1.95208573425607e-05,0.00686625512389427,0.815111123905167,0.999957787024215
"Sco1",48.5813967904074,4.52910581080939e-05,0.00686615956382486,0.618689110311174,0.999957787024215
"Stx8",176.683227372205,-6.1332734018406e-05,0.00686470095283178,0.715388650447641,0.999957787024215
"Pik3r5",91.3533631456836,-6.50539042814512e-05,0.00686567355392197,0.594707688584954,0.999957787024215
"Ndel1",91.62938552331,2.60792766503591e-05,0.00686565105244573,0.832798513733514,0.999957787024215
"Rpl26",2804.32186589382,0.000167270190933927,0.00685347565039215,0.694671726336317,0.999957787024215
"Rangrf",55.5567836882774,4.97366762692114e-05,0.00686607096385366,0.609794439273821,0.999957787024215
"Pfas",74.2984625472858,1.44240976538837e-05,0.00686584517065347,0.897737762748962,0.999957787024215
"Ctc1",40.7779866007453,3.92354951737321e-05,0.00686624678916441,0.641083246334414,0.999957787024215
"Aurkb",114.865027432136,0.000184612271728424,0.00686543566308723,0.171358137947845,0.999957787024215
"Borcs6",20.4165608789432,1.23279575795083e-05,0.00686649805811754,0.837951529799972,0.999957787024215
"Tmem107",46.6798521892753,-2.60648699311097e-05,0.00686617347240665,0.771976569620111,0.999957787024215
"Vamp2",29.3484056289341,-4.57275448366209e-05,0.00686639034615602,0.522477890233909,0.999957787024215
"Cntrob",20.9925654126252,1.34322357645586e-05,0.00686649133026019,0.825829043423033,0.999957787024215
"Trappc1",98.4395897626498,5.35719413065755e-05,0.00686558925771514,0.672951901570294,0.999957787024215
"Chd3",120.744504736,4.59124269897637e-05,0.00686531250407124,0.744861984298502,0.999957787024215
"Naa38",189.613309816861,-8.70441880965126e-06,0.00686456337841899,0.960038614744971,0.999957787024215
"Kdm6b",68.0731920414883,-9.13701050214558e-05,0.00686593232808374,0.392129781601423,0.999957787024215
"Wrap53",21.4666945348905,-2.4439858418273e-06,0.00686649003320207,0.968138302365571,0.999957787024215
"Trp53",717.041014707852,8.86835764161043e-05,0.00686030659225852,0.765565669177448,0.999957787024215
"Fxr2",57.7079599029581,-2.74397962269533e-05,0.00686604773242077,0.781811764300382,0.999957787024215
"Mpdu1",117.830917786145,4.42330496078524e-05,0.00686535025312363,0.750728998496034,0.999957787024215
"Eif4a1",2773.98644950793,0.00049498370597254,0.00685339750137132,0.246796796109388,0.999957787024215
"Senp3",103.96676793446,1.26617704871475e-05,0.00686554407818663,0.922013563805284,0.999957787024215
"Polr2a",262.585709729739,-9.28392795123835e-05,0.0068639368653507,0.637274317968386,0.999957787024215
"Tmem256",427.379513196962,2.90541695738492e-05,0.00686237091686457,0.905751904456799,0.999957787024215
"Acap1",124.958483800081,1.67234118277684e-05,0.00686528395958508,0.906555406167156,0.999957787024215
"Neurl4",22.4334621977752,-3.5834454306549e-05,0.00686647767189499,0.566766425870939,0.999957787024215
"Gps2",104.17753077821,-7.65297734988073e-05,0.00686552493704182,0.55712444707929,0.999957787024215
"Eif5a",3431.81535156983,0.000453995664421607,0.00685234104191872,0.306397766163707,0.999957787024215
"Elp5",126.453572851512,2.58221471688925e-05,0.00686524871420493,0.857836457436656,0.999957787024215
"Ctdnep1",136.751819357413,7.63748843972173e-05,0.00686513028390996,0.609880126146892,0.999957787024215
"Gabarap",332.819216399833,-6.74289880124159e-05,0.00686345434479897,0.75160088917965,0.999957787024215
"Phf23",83.5144560549973,-2.52837556720138e-05,0.00686574428702876,0.830676232223092,0.999957787024215
"Dvl2",18.636799540785,2.21914488717579e-05,0.00686653684460186,0.690257173219909,0.999957787024215
"Acadvl",51.9591696494273,-3.32726486904277e-05,0.0068661096160401,0.725303601108029,0.999957787024215
"Dlg4",34.1742005262996,9.46076297324342e-05,0.00686633966620498,0.214469162104396,0.999957787024215
"0610010K14Rik",137.150325408797,-4.85779751844438e-05,0.00686513060590025,0.745505587313505,0.999957787024215
"Rnasek",171.579734491605,4.47956818673941e-05,0.00686477327333553,0.786307771498647,0.999957787024215
"Pelp1",78.6980341697965,-2.38862292478797e-06,0.00686579110750065,0.983499041201826,0.999957787024215
"Arrb2",180.225659471367,-2.65919565268317e-05,0.00686466887547513,0.875341935552657,0.999957787024215
"Med11",88.9348125383777,-1.73948535921962e-05,0.00686568515425436,0.886272247440811,0.999957787024215
"Psmb6",555.13524804723,-3.66331190950105e-05,0.00686166320350199,0.889801304806434,0.999957787024215
"Mink1",48.8006432635413,-1.77350074110828e-05,0.00686614846156337,0.846862541088071,0.999957787024215
"Slc25a11",125.335475564255,4.98862485858775e-05,0.00686525591910749,0.728675292270924,0.999957787024215
"Rnf167",40.1106307270517,-7.72561842833232e-05,0.0068662565968562,0.354037556598605,0.999957787024215
"Pfn1",8477.39612946267,-6.86634745189945e-06,0.00684892948727089,0.98889399223834,0.999957787024215
"Eno3",91.3033027725418,3.27767995163111e-05,0.00686564400368859,0.791399448812373,0.999957787024215
"Spag7",177.445777327043,0.000116739195928584,0.00686471598657289,0.486073560247334,0.999957787024215
"Kif1c",27.3001304030195,-2.90406356323094e-05,0.00686642497270656,0.669768662478558,0.999957787024215
"Rabep1",259.097536180661,6.88105205255621e-05,0.0068638766911447,0.729480362822226,0.999957787024215
"Nup88",191.388575471152,2.82751883132273e-05,0.00686461943603687,0.86904377930265,0.999957787024215
"Rpain",36.9374474698817,2.28909551866491e-05,0.00686629675112872,0.774730371373378,0.999957787024215
"C1qbp",1041.89573900363,-0.000111690672689842,0.00685916690461999,0.729124044973083,0.999957787024215
"Dhx33",38.4122200758886,5.13005730503567e-07,0.00686628219735918,0.994960630649114,0.999957787024215
"Derl2",113.191284852023,6.94069870604521e-05,0.00686539245473588,0.612793622977221,0.999957787024215
"Mis12",63.700524850816,-2.76689545310236e-05,0.00686597413088535,0.790298940464738,0.999957787024215
"Pimreg",63.8280825124515,5.85803013120338e-05,0.00686602507409552,0.560485997417978,0.999957787024215
"Txndc17",397.994550888575,-9.31756773481388e-05,0.00686262264034768,0.6957566857763,0.999957787024215
"Med31",50.8907124114085,9.37479840746353e-06,0.00686614055192296,0.919205325043995,0.999957787024215
"Xaf1",84.9802106240061,-2.64159230583213e-05,0.00686643544110972,0.693524293241655,0.999957787024215
"Mybbp1a",856.367518495126,-0.000118091927614733,0.00685953868302737,0.707351366901865,0.999957787024215
"Ube2g1",173.227045675743,4.14771842552628e-05,0.00686482897022063,0.799023340811866,0.999957787024215
"Ankfy1",103.613374851225,3.05740299512266e-05,0.00686556609022298,0.811451261478694,0.999957787024215
"Zzef1",133.836917678203,-3.57611330496154e-05,0.00686517807918082,0.808402926668237,0.999957787024215
"Atp2a3",63.5516289323148,-2.95953687556587e-05,0.00686600711449998,0.771374494863114,0.999957787024215
"Ncbp3",132.581215459675,-6.01772935386839e-05,0.00686518304517239,0.682769378316718,0.999957787024215
"Haspin",52.249175492298,7.34096557939985e-07,0.00686611883996432,0.993770313230078,0.999957787024215
"Emc6",330.987929341334,0.000144674973326299,0.00686320356485937,0.512591370199612,0.999957787024215
"Cluh",91.438007853541,4.03853299278792e-05,0.00686565952492812,0.742779440235831,0.999957787024215
"Pafah1b1",658.924316388403,1.86124996340958e-05,0.0068606814155442,0.948591181206402,0.999957787024215
"Mettl16",227.940953392796,-9.90296696794552e-05,0.00686422556779886,0.595577864256522,0.999957787024215
"Mnt",26.4517225132103,-1.1968642335599e-06,0.00686642647014636,0.985945828720036,0.999957787024215
"Sgsm2",19.3801412034188,2.19955364969897e-05,0.00686651263784858,0.70737643131588,0.999957787024215
"Tsr1",190.762383074703,-3.50459960488208e-05,0.00686456791909035,0.839961134367198,0.999957787024215
"Srr",27.5793902130236,-6.24163541328169e-05,0.00686642515513943,0.359226503233132,0.999957787024215
"Smg6",280.345636963913,-8.29558804776702e-05,0.00686371279325532,0.685064743484324,0.999957787024215
"Hic1",20.3987140986412,-1.13348694086303e-05,0.0068665134263775,0.846371816000222,0.999957787024215
"Rpa1",225.986881557257,2.08345292606246e-05,0.00686428026089489,0.910118256043385,0.999957787024215
"Smyd4",29.7797871703983,-3.76921399386122e-05,0.00686638751997789,0.599471431095252,0.999957787024215
"Prpf8",260.129031004528,6.42645544930248e-05,0.00686390361671634,0.745570025470785,0.999957787024215
"Slc43a2",17.9335633634641,-1.85278774019221e-05,0.00686653296798744,0.741477359158022,0.999957787024215
"Pitpna",358.158358324974,-9.18922185828275e-06,0.00686297905226829,0.967822217945405,0.999957787024215
"Inpp5k",22.2229580708592,-3.52823764437648e-05,0.00686647798145305,0.572548835526365,0.999957787024215
"Crk",81.3688215648386,-7.47239909304421e-05,0.00686578476111098,0.518985419687953,0.999957787024215
"Ywhae",938.905510882172,-2.47796616423458e-05,0.00685911419243399,0.938970752838808,0.999957787024215
"Vps53",75.3614246774015,8.6287839768438e-06,0.00686585687136259,0.938322973598123,0.999957787024215
"Glod4",101.309694409222,-2.74647075853938e-05,0.00686552651949493,0.833014158139451,0.999957787024215
"Tlcd3a",21.3394628912516,-4.13993753703284e-05,0.00686649711977143,0.492978179045931,0.999957787024215
"Mrm3",29.8768778012523,-0.000103631435480923,0.00686638880239501,0.148076177254765,0.999957787024215
"Nxn",100.978685900056,0.000111986092948933,0.00686556145757271,0.383160926319806,0.999957787024215
"Timm22",103.191890702365,-2.9867400703111e-05,0.00686550379271633,0.820265174262388,0.999957787024215
"Abr",116.637637363786,1.61264892090936e-05,0.00686541853491453,0.905494759197223,0.999957787024215
"Gosr1",74.9660051640028,1.63029475383961e-05,0.00686583521227961,0.885122550708482,0.999957787024215
"Blmh",197.06269636796,-8.08392489849703e-05,0.00686456265399515,0.641747210409228,0.999957787024215
"Nsrp1",155.127392611519,4.71175739579146e-05,0.00686503845179594,0.759383605205218,0.999957787024215
"Ssh2",205.618915538328,-7.87954633966782e-05,0.00686439676408791,0.661879264163195,0.999957787024215
"Git1",32.2039468586984,-3.43311143293206e-05,0.00686635348946711,0.646943985478224,0.999957787024215
"Trp53i13",17.8229095912695,-1.36030235188096e-05,0.00686653413011186,0.808142333212066,0.999957787024215
"Taok1",161.325711792311,-4.89292999698983e-05,0.00686489157938674,0.760109417509687,0.999957787024215
"Nufip2",281.921073567705,-3.64705990488324e-05,0.00686365908508864,0.859702623800502,0.999957787024215
"Myo18a",27.0734678218222,-5.47246737905098e-05,0.00686641781757187,0.426462867998243,0.999957787024215
"Phf12",125.454907697227,2.70260949431507e-05,0.0068652541649572,0.851018551168393,0.999957787024215
"Dhrs13",29.2041194227004,2.44849848104857e-05,0.00686639221615773,0.731371203324181,0.999957787024215
"Flot2",23.3782971183361,-7.90020026234874e-06,0.0068664709061543,0.900671266605263,0.999957787024215
"Eral1",38.3000648313157,6.63649666052205e-06,0.00686630150936957,0.933534023500667,0.999957787024215
"Fam222b",71.8962357119285,3.70589505921076e-05,0.00686587091054196,0.737679673946722,0.999957787024215
"Traf4",52.1776493173551,-5.02215947675112e-05,0.00686610857609435,0.596147185897665,0.999957787024215
"Rpl23a",6905.53619172254,-7.68745764839862e-06,0.00685008909814775,0.987143629047173,0.999957787024215
"Supt6",226.620068747491,-6.37149483284033e-05,0.00686420632101237,0.733700696567907,0.999957787024215
"Sdf2",108.033051891614,5.35295454983693e-05,0.00686545257499595,0.689769058803199,0.999957787024215
"Bltp2",262.829726738215,-2.69817566056965e-05,0.00686384255778054,0.892764821170127,0.999957787024215
"Spag5",69.5213181916783,6.37501415429236e-05,0.00686592640536794,0.551871114773387,0.999957787024215
"Pigs",45.9541596853135,-4.50011976536068e-06,0.00686619048330143,0.959508261367849,0.999957787024215
"Unc119",97.4997371336625,3.32375617690985e-06,0.00686556950629796,0.979280685671593,0.999957787024215
"Tmem199",80.0492778575119,2.72175636163984e-05,0.00686577458962265,0.815224771070888,0.999957787024215
"Poldip2",77.3361837794972,0.000110874895590898,0.00686582110327867,0.329461585157485,0.999957787024215
"Tnfaip1",26.9453400145603,-8.66811238855721e-06,0.0068664181139904,0.89971674281046,0.999957787024215
"Ift20",138.423117242429,-5.70049231994007e-06,0.00686522803037362,0.968669365345135,0.999957787024215
"Tmem97",267.753185215918,2.77284197188274e-05,0.00686394385254238,0.887868631147782,0.999957787024215
"Nlk",116.483549088215,-9.53031117049276e-06,0.00686546465010091,0.94308185050784,0.999957787024215
"Ccnq",57.3633676785263,-5.99044686761861e-05,0.0068660564048579,0.542965142080561,0.999957787024215
"Lyrm9",84.8258169596736,-5.93463342924135e-05,0.00686573103742819,0.618003291052902,0.999957787024215
"Lgals9",50.4650020081927,-0.000100484434524013,0.0068661410607246,0.276736121423045,0.999957787024215
"Ksr1",57.8253992278883,-4.62436135634173e-05,0.00686607751564145,0.633514416592938,0.999957787024215
"Wsb1",96.3230813099855,4.15525567630175e-05,0.0068655984455047,0.742392506849643,0.999957787024215
"Nf1",81.3728143489322,7.6551438272018e-05,0.00686579685713679,0.506175226098641,0.999957787024215
"Evi2b",167.426615452232,-6.63838702340227e-05,0.00686480731654611,0.685299571717752,0.999957787024215
"Evi2a",70.431566853423,6.70811575157608e-05,0.00686593524913616,0.529099176511425,0.999957787024215
"Utp6",119.391733311974,3.57010234125734e-06,0.0068653675423617,0.979418060140097,0.999957787024215
"Suz12",534.763641135346,0.000138252491803554,0.00686160551193132,0.603078911531873,0.999957787024215
"Crlf3",230.474196155649,-6.79554867283619e-05,0.00686418964690291,0.717596525793886,0.999957787024215
"Atad5",234.057000531707,-0.000144912723604025,0.00686417030679045,0.442264320499939,0.999957787024215
"Tefm",38.7012479200791,-6.72316053080757e-05,0.0068662758363942,0.410901333035993,0.999957787024215
"Rnf135",20.47466403895,-2.11696320938483e-05,0.00686650086572287,0.72403508287615,0.999957787024215
"Rhot1",79.4137260760513,-1.9097251722433e-05,0.00686578226540248,0.869250803375263,0.999957787024215
"5730455P16Rik",52.1336902123028,-7.80975273704049e-05,0.00686612382913294,0.404348606716013,0.999957787024215
"Zfp207",453.061067518922,-1.59906905765104e-05,0.00686220421616427,0.948999744114862,0.999957787024215
"Psmd11",439.816186363957,-2.59539478077595e-05,0.00686227407760967,0.916677723345063,0.999957787024215
"Zfp830",84.2099861761278,-2.32922310410601e-05,0.00686575119685888,0.843308932810964,0.999957787024215
"Lig3",67.1064350912815,-8.61437297027099e-05,0.0068659384960899,0.418041158308017,0.999957787024215
"Rad51d",34.0885409537706,3.63580861290598e-05,0.00686634920193238,0.629427743915361,0.999957787024215
"Nle1",66.950531879821,-2.06629312713506e-05,0.00686592904037341,0.846845696464658,0.999957787024215
"Slfn9",72.9115360669541,-4.29506328705073e-05,0.00686586267023684,0.699204658040113,0.999957787024215
"Slfn8",57.1400242541448,-0.000109186001465836,0.00686607829375967,0.260004069922823,0.999957787024215
"Slfn10-ps",39.408010681783,4.01797199356209e-05,0.00686626601218349,0.626574829072351,0.999957787024215
"Slfn2",194.309583942531,-0.000189418253149785,0.00686461250803396,0.270147773675503,0.999957787024215
"Gm20234",24.6118329030406,-1.34255526204759e-05,0.00686645934441903,0.835208819542265,0.999957787024215
"Slfn1",53.1342197782626,-0.000127509652206246,0.00686611368967288,0.17675989023627,0.999957787024215
"Slfn3",43.0966041668414,-9.47785413036248e-06,0.00686621830147684,0.912704859917812,0.999957787024215
"AI662270",505.54867555508,0.00032883119895622,0.00686176743063188,0.208896175468712,0.999957787024215
"ENSMUSG00000121399",97.7355721909188,-4.72064993102359e-05,0.0068655734012545,0.711785479150982,0.999957787024215
"Ap2b1",153.499007403733,-0.000106931575556055,0.00686495156011008,0.497616117562755,0.999957787024215
"Taf15",346.272097074702,-8.47026275317482e-05,0.00686308549971326,0.706045224851865,0.999957787024215
"Ccl5",108.751894806176,5.90324585822144e-05,0.0068663745203792,0.418742722471293,0.999957787024215
"Ccl4",225.314669373716,-3.45314089712035e-05,0.00686671650261173,0.170212465684545,0.999957787024215
"Heatr6",91.8745118129832,-4.78176791579035e-06,0.00686565808996934,0.969024455373963,0.999957787024215
"Ddx52",139.209368148244,-2.01621954256082e-05,0.00686510271349864,0.893737263586453,0.999957787024215
"Synrg",90.3085592799719,-3.10169736189724e-05,0.00686569549434154,0.797751961143564,0.999957787024215
"Tada2a",81.0953604933279,0.000128636174641846,0.00686578196974695,0.267593240388407,0.999957787024215
"Acaca",231.132866105681,7.45214061391974e-05,0.00686431016580548,0.684568193170033,0.999957787024215
"Aatf",234.939251142289,2.17196373707194e-05,0.00686412533237549,0.909095534313494,0.999957787024215
"Mrm1",12.0288806111507,1.11297063097011e-05,0.00686660660577545,0.810006576967644,0.999957787024215
"Dhrs11",49.3249359640521,-5.49045227379982e-05,0.0068661422345909,0.551931265910708,0.999957787024215
"Ggnbp2",357.64226026777,1.27591997949884e-05,0.0068630974933184,0.954618271212744,0.999957787024215
"Gm57352",19.4183725264284,-4.01025308330448e-05,0.00686651763688851,0.489347674299275,0.999957787024215
"Myo19",25.2404922160643,2.33915860429763e-06,0.00686644090463679,0.971927499982089,0.999957787024215
"Znhit3",179.751017588081,4.08690694058253e-05,0.00686466994895288,0.809427148245832,0.999957787024215
"Usp32",64.8905677301787,7.12648810658404e-06,0.00686595473546712,0.946052469184339,0.999957787024215
"Appbp2",150.07915946321,7.10161382298053e-05,0.00686505101931163,0.643124368935399,0.999957787024215
"Ppm1d",60.3009124827101,-6.39669383130887e-05,0.00686600879686732,0.529513050166222,0.999957787024215
"Bcas3",67.3553925026688,1.64388091616976e-05,0.00686594098028511,0.877000949480049,0.999957787024215
"Brip1",135.373577783383,-2.10421751698407e-05,0.00686521648872708,0.885151595186951,0.999957787024215
"Brip1os",112.770940087674,-0.000136203212338151,0.00686550472958117,0.299971122133183,0.999957787024215
"Ints2",63.8529832576412,-1.97310963458178e-05,0.00686597424355593,0.849586267214275,0.999957787024215
"Med13",181.652490215403,7.25156980587105e-05,0.00686466126907728,0.669360860865464,0.999957787024215
"Rnft1",43.1544630332898,-1.06677416581712e-05,0.00686625912119964,0.897916751242886,0.999957787024215
"Rps6kb1",250.67405829573,0.00013153740800835,0.0068639533920188,0.502848989043527,0.999957787024215
"Vmp1",262.09763310148,-3.41197450987114e-05,0.00686384427697611,0.864601516478225,0.999957787024215
"Ptrh2",104.692392230519,-6.74747757615618e-06,0.0068654961502191,0.959187170652272,0.999957787024215
"Cltc",440.854312024951,-0.000129228331732877,0.00686228515850383,0.60197787382097,0.999957787024215
"Dhx40",65.0408610092138,7.61828226069424e-05,0.00686596193239823,0.467479903963522,0.999957787024215
"Smg8",34.3231430614197,6.65234335427258e-06,0.00686634366813105,0.930112878095382,0.999957787024215
"Prr11",68.4806265519208,-1.43402973459783e-05,0.00686598858896701,0.889368450512272,0.999957787024215
"Ska2",115.719335202498,3.69577586128207e-06,0.00686540219482828,0.97842427213026,0.999957787024215
"Trim37",145.994076084266,5.56015194289904e-05,0.00686507393913941,0.71494996684386,0.999957787024215
"Tex14",26.34848473846,-1.59049408368843e-05,0.00686645101422407,0.807906445068254,0.999957787024215
"Mtmr4",18.6114325958848,3.40467247528193e-05,0.00686652335005771,0.552570922645611,0.999957787024215
"Supt4a",418.628167125478,0.000129089852869452,0.00686256078024659,0.590723064786701,0.999957787024215
"Mir142hg",833.478753335232,-4.38082048015452e-05,0.00685964689229085,0.888407986050872,0.999957787024215
"Dynll2",238.792757966984,0.000143526872233783,0.00686413634484567,0.449592220268015,0.999957787024215
"Gm11508",39.5033556020099,6.16150499423413e-05,0.00686630328326905,0.43786976184045,0.999957787024215
"Srsf1",417.304781362521,-3.8796900960736e-05,0.00686246296007493,0.873053072735289,0.999957787024215
"Vezf1",114.08178828664,-6.65143845503929e-05,0.00686540300893774,0.626346339396266,0.999957787024215
"Cuedc1",27.3216438387994,-1.13122760511146e-05,0.00686642641711703,0.867780297068597,0.999957787024215
"Mrps23",169.697979096292,4.43271032666973e-05,0.00686477221101077,0.788544742966367,0.999957787024215
"Msi2",263.710461287214,3.95596152871333e-05,0.00686384297593653,0.843309260526629,0.999957787024215
"Akap1",33.6162976685369,-4.90013218196847e-05,0.00686635107997918,0.514523033294765,0.999957787024215
"Scpep1",43.8387235925461,-2.76507577751475e-05,0.00686622582392787,0.747406953699578,0.999957787024215
"Coil",69.3001973903125,-3.80383453657777e-05,0.00686590236643351,0.726334442155215,0.999957787024215
"Trim25",95.2171857074764,1.69986160580653e-06,0.00686563609250717,0.989094153108249,0.999957787024215
"Dgke",27.5978530147587,4.55745840111361e-06,0.00686642223767216,0.946854360992227,0.999957787024215
"Smim36",97.7984387061323,5.93376504630491e-05,0.00686556584747392,0.643410400496241,0.999957787024215
"Mmd",110.898174246613,-7.72383703997872e-06,0.00686542856523057,0.954484595152775,0.999957787024215
"Stxbp4",20.7812117387051,1.08092457021528e-05,0.00686649474762858,0.858559197881508,0.999957787024215
"Cox11",50.7801987656183,-3.73883684016795e-06,0.0068661218025991,0.968206358229004,0.999957787024215
"Utp18",268.91145726906,-1.96113260533094e-05,0.00686380476241014,0.922444489140954,0.999957787024215
"Mbtd1",134.485204479356,-1.32703843527157e-05,0.00686516702763962,0.928548644209222,0.999957787024215
"Nme2",2829.59569301883,0.000340623504890068,0.00685327671215061,0.427525916363908,0.999957787024215
"Nme1",2090.115504779,-2.82442605416133e-06,0.0068548316462932,0.994420683468469,0.999957787024215
"Spag9",291.111642911838,0.000137867660749275,0.00686368226582997,0.502427939188329,0.999957787024215
"Tob1",26.0287826018495,-3.94293025286332e-05,0.0068664345267467,0.556940149505536,0.999957787024215
"Luc7l3",615.412656210218,-0.000225254965514697,0.00686102749557633,0.42170922016919,0.999957787024215
"Ankrd40",79.2820357251558,-2.77577544190942e-05,0.00686580369039778,0.808844415243861,0.999957787024215
"Acsf2",16.1007745560391,-2.75938313098989e-05,0.00686655392115413,0.606281312953258,0.999957787024215
"Lrrc59",223.070326715155,0.000131136062426371,0.00686422631780359,0.482083635085926,0.999957787024215
"Eme1",42.2395473299807,4.84579115476508e-05,0.00686623052435582,0.570784081903286,0.999957787024215
"Mrpl27",153.29815557974,7.73639213268558e-05,0.00686496664923691,0.622182615373308,0.999957787024215
"Ppp1r9b",29.9480780135081,-5.90583686783706e-05,0.00686638122244417,0.414480521035586,0.999957787024215
"Kat7",115.761802475181,-2.58022860181323e-05,0.00686538852113908,0.850977562374304,0.999957787024215
"Fam117a",30.786194395433,4.84054689664461e-05,0.00686636955931125,0.509996378134658,0.999957787024215
"Slc35b1",183.419250870264,0.000223508485937657,0.00686464068310318,0.190268208823414,0.999957787024215
"Spop",212.76922708622,5.53332835252787e-05,0.00686433157350935,0.761919237116121,0.999957787024215
"Phb",132.608098410848,4.37222543072813e-06,0.00686519215859239,0.976242961394878,0.999957787024215
"Zfp652",178.20858297362,-7.93339738416888e-05,0.00686468632107044,0.638366382760606,0.999957787024215
"Abi3",49.1979836664813,-7.94188942272456e-06,0.00686614958499668,0.931020159585683,0.999957787024215
"Gngt2",71.9836517077626,-1.89499791630801e-05,0.00686587718571951,0.863539893458506,0.999957787024215
"Snf8",247.343472002274,-0.000101262025378965,0.00686398048710374,0.604247094320252,0.999957787024215
"Ube2z",77.0201842023055,1.7564528102106e-05,0.00686580767905285,0.878083379606742,0.999957787024215
"Atp5g1",887.542458605499,5.04976401675677e-06,0.00685931608083451,0.987384263850161,0.999957787024215
"Skap1",1243.91997507403,-0.000286782289302118,0.00685758813319283,0.418357967583494,0.999957787024215
"Snx11",15.2471050838977,-1.61088462770376e-05,0.00686656438579548,0.75753974349469,0.999957787024215
"Cbx1",406.694087055074,-0.000124901863069946,0.00686262576172886,0.59999624557705,0.999957787024215
"Nfe2l1",92.7035919134179,-4.02028347166456e-05,0.00686563828380766,0.746246489892033,0.999957787024215
"Cdk5rap3",45.4961890173294,3.25687137790326e-05,0.00686618922577321,0.713589543234049,0.999957787024215
"D030028A08Rik",32.0281932909063,-1.63103183607398e-05,0.00686635762826099,0.826879940355465,0.999957787024215
"Pnpo",31.4489522315873,-2.39299912987052e-05,0.00686636192768405,0.747003127019821,0.999957787024215
"Sp2",43.3394718189389,-4.81132446602527e-05,0.00686621523238989,0.578929392813535,0.999957787024215
"Scrn2",14.6765022589523,-2.29657883743791e-05,0.00686657141854816,0.654052281983994,0.999957787024215
"Mrpl10",112.558841144523,-6.11984571066706e-05,0.00686540580070672,0.653846959964261,0.999957787024215
"Osbpl7",15.7377186231314,-6.11812809627834e-07,0.00686655738011024,0.990806091229789,0.999957787024215
"Tbx21",57.0238861973442,-1.84710798358587e-05,0.0068660514019403,0.851727445115038,0.999957787024215
"Kpnb1",449.26221437695,-2.65221093385233e-05,0.00686227705594387,0.914832461012744,0.999957787024215
"Npepps",199.114965340019,-3.1232966087748e-05,0.00686450837897816,0.859052093278811,0.999957787024215
"Mrpl45",163.402766685037,8.15295621372614e-06,0.00686486124780988,0.959747586801383,0.999957787024215
"Socs7",29.5297827563055,5.27559344018529e-07,0.00686640304079141,0.99401005549484,0.999957787024215
"Epop",52.111151254483,2.93941470064751e-05,0.006866108708789,0.756405167790785,0.999957787024215
"Gm11613",15.4248262684692,-5.83058066439459e-07,0.00686656179307957,0.991142467635762,0.999957787024215
"Mllt6",70.218396401806,-2.57208726269601e-05,0.00686589452417375,0.813745601282463,0.999957787024215
"Cisd3",52.2639715832457,3.06990956684301e-05,0.00686613503079119,0.74087216933457,0.999957787024215
"Pcgf2",20.9793749612097,-3.07120813795585e-05,0.00686649616772192,0.611672620241208,0.999957787024215
"Psmb3",1262.9644664441,0.000376043175826875,0.00685750798107912,0.290708079953817,0.999957787024215
"Pip4k2b",71.2875163884959,-7.71244258294786e-07,0.00686588786649299,0.994384950418683,0.999957787024215
"Cwc25",82.5174792267338,-2.64132592095582e-05,0.00686575480514448,0.822329995301721,0.999957787024215
"Rpl23",11147.0963538068,-0.000101333895927497,0.00684848640459478,0.839182274426975,0.999957787024215
"Lasp1",146.31082178212,-0.000115295173364347,0.00686506633896918,0.44988054306788,0.999957787024215
"Plxdc1",13.8712039271913,3.76171771756416e-05,0.0068665851263392,0.446151179617343,0.999957787024215
"Rpl19",8101.42351235999,0.000245752770284894,0.00684923401369497,0.615328461246963,0.999957787024215
"Fbxl20",52.0942941475895,-6.34774535957268e-06,0.006866127179813,0.945820705424008,0.999957787024215
"Med1",143.751222456268,-7.48060944956496e-05,0.00686506673641447,0.623909708580187,0.999957787024215
"Cdk12",296.067694619077,3.22465046763337e-05,0.00686353052772995,0.878283993364455,0.999957787024215
"Stard3",27.3890839411013,1.73335190746852e-05,0.0068664121744431,0.802699556436946,0.999957787024215
"Mien1",164.056409540358,2.89422390879507e-05,0.00686505387760691,0.850102730848984,0.999957787024215
"Ikzf3",246.365609956429,1.3349638517009e-05,0.0068640204503006,0.945129081303234,0.999957787024215
"Ormdl3",26.7634393581814,-4.75935365025004e-06,0.00686642839265222,0.943996021439627,0.999957787024215
"Psmd3",204.800961052146,-9.35084868107405e-05,0.00686443417840283,0.600885449801799,0.999957787024215
"Med24",41.7141257363977,-6.3579711128614e-06,0.00686624741137594,0.939745961260301,0.999957787024215
"Msl1",85.2333905791508,2.75063923597681e-05,0.00686572243016222,0.817955008871736,0.999957787024215
"Casc3",81.8979107206403,-0.000146096259901182,0.00686577298194462,0.210071200551831,0.999957787024215
"Wipf2",43.992730254297,3.9275815649391e-05,0.00686621484948459,0.650651020701939,0.999957787024215
"Cdc6",138.447236703828,-6.30545988200944e-05,0.00686516258312565,0.670484956240457,0.999957787024215
"Rara",100.924182094364,1.14293884069611e-05,0.00686555049331913,0.929397736073254,0.999957787024215
"Top2a",1795.46529660231,0.000630191410080049,0.00685731919501145,0.0796152556223982,0.999957787024215
"Smarce1",301.180399811512,-3.11222384115221e-06,0.00686350594538923,0.988251787450332,0.999957787024215
"Eif1",3369.44104785842,-0.000340953554440399,0.0068526513847261,0.43745779390077,0.999957787024215
"Nt5c3b",127.407756278477,-9.28382790979566e-05,0.00686523766209894,0.521077714434608,0.999957787024215
"Klhl11",20.1145653409206,-3.03280422640108e-05,0.00686650323222854,0.611370267418368,0.999957787024215
"Acly",145.882433545404,-5.17802333801947e-05,0.00686505225427522,0.735397289734839,0.999957787024215
"Cnp",105.401681986641,-1.86943129595707e-05,0.00686551660797564,0.886338865296099,0.999957787024215
"Dnajc7",428.565594634143,4.53762203813383e-05,0.00686239325441865,0.852928068860043,0.999957787024215
"Nkiras2",19.0835473741328,-2.53108226409681e-05,0.00686651562919338,0.663875461439013,0.999957787024215
"Dhx58",19.6686095593514,3.46468434049665e-06,0.00686651063909824,0.953036259715825,0.999957787024215
"Kat2a",49.8382385040663,3.2013338716168e-05,0.00686614698389919,0.727699960641851,0.999957787024215
"Rab5c",170.491251718341,-6.16068086502366e-05,0.00686479207524021,0.707939953554452,0.999957787024215
"Stat5b",89.2148284962193,-2.37535531697718e-05,0.00686567232691976,0.846056113132697,0.999957787024215
"Stat5a",44.6489575992617,-1.7052764403501e-05,0.00686621059777425,0.844717153474288,0.999957787024215
"Stat3",189.159155736696,8.95424096265787e-05,0.00686457743327855,0.605096595941573,0.999957787024215
"Atp6v0a1",21.9634658753889,-4.17474651866617e-06,0.00686648264965047,0.94632331856097,0.999957787024215
"Coasy",36.1116827603558,-3.06349906555152e-05,0.00686630278540915,0.699854756167513,0.999957787024215
"Mlx",150.862095829547,-8.46385447106673e-06,0.0068650089839974,0.956492340553253,0.999957787024215
"Psmc3ip",86.4239102049736,-4.32924607679035e-05,0.00686572517177456,0.716789082243618,0.999957787024215
"Retreg3",43.5562272015956,-4.8016093258271e-05,0.00686621413077407,0.580076925767878,0.999957787024215
"Tubg1",74.4280811695575,5.80946097410957e-05,0.00686583883653485,0.605959388100306,0.999957787024215
"Ezh1",48.3374002452376,-1.10397434712769e-05,0.00686615200983142,0.904035928572577,0.999957787024215
"Coa3",270.65458597697,8.78373049473385e-05,0.00686376582942524,0.664865599912059,0.999957787024215
"Becn1",155.886624150353,6.61087989962192e-06,0.00686503954727647,0.965711075416472,0.999957787024215
"Psme3",222.399174827567,6.85596999832079e-05,0.00686422956416499,0.713059890761256,0.999957787024215
"Aarsd1",262.883421518182,-0.000114635208110603,0.00686385627038611,0.565907020507363,0.999957787024215
"Rundc1",19.0574350493825,-3.88706408067102e-05,0.00686651941715904,0.501229088696249,0.999957787024215
"Rpl27",6429.94812815782,0.000446886664953139,0.00684980888083498,0.3528899657682,0.999957787024215
"Ifi35",132.876601530617,-6.67980043864713e-06,0.00686524711387673,0.963060379091048,0.999957787024215
"Brca1",115.868789647207,3.5463785615142e-05,0.00686538585101711,0.796431545790129,0.999957787024215
"Nbr1",32.8225481340992,9.49627650726417e-06,0.00686634547061362,0.900154130633052,0.999957787024215
"Rdm1",39.9934571210358,-0.000148747149331513,0.00686627144437862,0.0701140110044679,0.999957787024215
"Dhx8",112.645536100339,1.59531283885896e-05,0.00686542189242828,0.9063896143797,0.999957787024215
"Dusp3",23.3633249417335,-2.25881567831892e-06,0.00686647573115888,0.97129410447275,0.999957787024215
"Tmem101",22.2970688460649,1.61803746060655e-05,0.0068664745376126,0.796996828571669,0.999957787024215
"Lsm12",521.799766573682,6.01872513253201e-05,0.00686167323457663,0.819749581406319,0.999957787024215
"G6pc3",26.8620674759736,-1.67902997374319e-05,0.00686641980265586,0.806687270503449,0.999957787024215
"Hrob",23.0358583469662,1.95905103725127e-05,0.00686647107177738,0.756869896601487,0.999957787024215
"Tmub2",19.1796951141258,-1.86716023055453e-06,0.00686653022585107,0.973635517495612,0.999957787024215
"Atxn7l3",79.1629879568366,-8.88081677299549e-05,0.00686591334591946,0.41083680734334,0.999957787024215
"Ubtf",374.349041891425,-0.000261193986612831,0.00686285995431874,0.258893569741843,0.999957787024215
"Slc25a39",205.743060533362,-2.20415366676742e-05,0.00686439625245876,0.902646563859654,0.999957787024215
"Grn",12.0342823198873,5.90903966114507e-06,0.00686660537803503,0.898825987193993,0.999957787024215
"Gpatch8",207.560712808567,-4.25535992021364e-05,0.00686449379916387,0.809424484100961,0.999957787024215
"Ccdc43",90.7194987835029,1.6730570049269e-05,0.00686564927725766,0.892353117086736,0.999957787024215
"Eftud2",183.289027790668,-7.24931229308187e-05,0.00686462837899948,0.671862737444573,0.999957787024215
"Kif18b",36.2724533835579,-7.20101164347977e-05,0.00686632418899684,0.353387224045807,0.999957787024215
"Dcakd",38.0861265571329,-7.84265077974705e-06,0.00686628541102879,0.922821230847968,0.999957787024215
"Nmt1",150.924797767906,-0.000136821172875687,0.00686498241636921,0.381403781305137,0.999957787024215
"Hexim1",35.4466420021036,-7.92196184737379e-05,0.00686631830426442,0.310501284568199,0.999957787024215
"Fmnl1",152.640122225066,6.97508329913218e-05,0.00686504179217204,0.649930589172141,0.999957787024215
"Map3k14",38.3102979925434,3.27156050087274e-05,0.00686627587671853,0.689038286673191,0.999957787024215
"Arhgap27",21.9903703072274,4.55661595591471e-05,0.0068664828770299,0.462262250968395,0.999957787024215
"Arhgap27os3",50.2008642518235,-3.28664356866152e-05,0.00686614281315262,0.721645211846443,0.999957787024215
"Plekhm1",15.1650547822402,-7.84261114693329e-06,0.00686656756264727,0.879568683302663,0.999957787024215
"Gosr2",70.9977576430403,6.06603223260537e-05,0.00686587974966301,0.581656801742818,0.999957787024215
"Nsf",139.970603318417,3.89278213772307e-06,0.00686509740873341,0.979457521973779,0.999957787024215
"Arf2",19.267473087207,-2.13938582325835e-05,0.0068665188176424,0.71159800948481,0.999957787024215
"Kansl1",428.302133114655,-0.000144618671920508,0.00686255906280293,0.546935400071357,0.999957787024215
"Cdc27",193.142038758897,9.10769955677898e-05,0.00686456028526333,0.600349996267652,0.999957787024215
"Itgb3",62.7606830451257,-6.57789174684606e-07,0.00686603070393145,0.994764625206205,0.999957787024215
"Mettl2",59.1782163617924,1.16430683363915e-05,0.00686602649186006,0.907803161179608,0.999957787024215
"1700052K11Rik",13.9828006455564,4.50796008827998e-08,0.00686658473252327,0.999272353173728,0.999957787024215
"Tlk2",189.327285879477,-1.08541796952164e-05,0.00686457055570384,0.950099455643693,0.999957787024215
"Tanc2",49.2319313505295,-3.23423078421801e-05,0.00686621825943239,0.708345476421333,0.999957787024215
"Dcaf7",65.0418505720033,-4.34042647009679e-05,0.00686595837951422,0.679571117622683,0.999957787024215
"Taco1",308.08247897518,0.000116627986707106,0.00686384975947489,0.559612501544324,0.999957787024215
"Map3k3",66.1299139281049,5.18436103447477e-05,0.00686595007403739,0.623544693236569,0.999957787024215
"Limd2",262.607821582813,0.00010072938760576,0.0068638947839855,0.611578024437337,0.999957787024215
"Strada",44.3898847656449,-1.7469740966919e-05,0.00686620155541344,0.842239617223631,0.999957787024215
"Ccdc47",238.960107511477,-0.000227051655852744,0.00686407163714175,0.237345876077467,0.999957787024215
"Ddx42",310.165249532744,5.1681929234977e-06,0.00686351032434601,0.980478918652762,0.999957787024215
"Ftsj3",311.469542790069,-0.000143841264345463,0.00686338375104122,0.50404040742921,0.999957787024215
"Psmc5",295.738587387577,8.37952460130759e-06,0.00686357426734099,0.968039144307212,0.999957787024215
"Smarcd2",81.861589574494,-3.28167744320629e-05,0.00686575239807655,0.780509231901588,0.999957787024215
"Icam2",19.0155370155854,-1.63735309808765e-05,0.00686652151690089,0.776002138839257,0.999957787024215
"Ern1",60.5510094445381,4.92287516160535e-05,0.00686600891073664,0.628442527800509,0.999957787024215
"Gm36220",29.104164900825,4.17726689559898e-05,0.00686640499503454,0.55113438774478,0.999957787024215
"Tex2",250.061184802371,0.00018165569584791,0.00686398573436636,0.352024648947196,0.999957787024215
"Pecam1",39.0487614754482,-1.74112285762163e-05,0.00686627673284299,0.831207844606093,0.999957787024215
"Milr1",50.2401670279893,2.9318849507443e-05,0.00686613568559367,0.752006255765288,0.999957787024215
"Ddx5",1617.29503748408,0.000212952966565614,0.00685707299432382,0.558684534851746,0.999957787024215
"Cep95",50.1167529342203,-2.96099017471588e-05,0.00686613508394573,0.749742426756569,0.999957787024215
"Smurf2",84.4047610718629,5.68662221477179e-05,0.0068657373048691,0.631725475338651,0.999957787024215
"Kpna2",93.7605139812672,9.6946082117152e-05,0.00686561885495078,0.439128317379915,0.999957787024215
"Bptf",390.419373015702,-3.60448142110359e-05,0.00686274126757981,0.87801147905026,0.999957787024215
"Nol11",315.641530531806,-3.42038739171824e-05,0.00686349179754499,0.871717415687541,0.999957787024215
"Pitpnc1",536.088395526528,-0.000129747533114224,0.00686153388367955,0.627929923416157,0.999957787024215
"Gm11714",13.2244760383325,-1.37047254634404e-05,0.00686659190464358,0.777167738199154,0.999957787024215
"Psmd12",550.62426466288,-0.000207007423595003,0.00686147690207677,0.441858705935608,0.999957787024215
"Helz",178.658101354133,-3.33878231842228e-06,0.00686470574530784,0.984145119296635,0.999957787024215
"Prkca",336.753227361289,-3.0348208650781e-05,0.0068634091728701,0.887474340247786,0.999957787024215
"Gna13",202.12227989584,0.000105540350888759,0.00686443609566431,0.554733388671488,0.999957787024215
"Amz2",24.680262678751,2.0517556700348e-07,0.00686644485438888,0.997521905896801,0.999957787024215
"Slc16a6",194.860678330418,-5.7621296252144e-05,0.0068647085029398,0.731453806701532,0.999957787024215
"Prkar1a",542.657975144782,-0.000133087619117654,0.00686149312253055,0.620461797888225,0.999957787024215
"Slc39a11",50.6266330016959,-6.6992548439376e-05,0.0068661438739146,0.467349571285271,0.999957787024215
"Cog1",25.0440747594963,1.19820121086144e-05,0.00686644463868648,0.856119843686008,0.999957787024215
"Fam104a",180.473814062988,7.44310005856129e-05,0.00686465689345801,0.66149590409849,0.999957787024215
"D11Wsu47e",15.7008028809079,-5.83736832163253e-06,0.00686656095913391,0.911684356084169,0.999957787024215
"Rpl38",4134.65687641343,-0.000472694395351514,0.00685230198487803,0.287553096850741,0.999957787024215
"Rab37",41.1174106420114,2.2785534496713e-05,0.00686624086631777,0.787783094686362,0.999957787024215
"Nherf1",186.900448357676,0.000142991778032806,0.00686461633805383,0.404739534566585,0.999957787024215
"Nat9",17.2750424390331,7.84376588475315e-06,0.00686654038457616,0.887101610321067,0.999957787024215
"Fdxr",23.6857410370237,-1.05903051291976e-05,0.00686645717289119,0.870116816070892,0.999957787024215
"Mrpl58",159.796467684575,-7.95651637213905e-05,0.00686488810186773,0.619854977830064,0.999957787024215
"Atp5h",1161.80009850812,7.93030432930674e-05,0.0068579522385533,0.819375631606371,0.999957787024215
"Kctd2",17.9513167445996,3.54449536954512e-05,0.0068665319766855,0.528853776960659,0.999957787024215
"Armc7",106.040912098308,-9.2176253995039e-05,0.00686547475619371,0.488154537657074,0.999957787024215
"Nt5c",285.589566528771,-8.93842736509377e-06,0.00686367596128763,0.965352611667906,0.999957787024215
"Jpt1",538.610872180376,8.6351051325446e-05,0.00686201282857514,0.735071901267516,0.999957787024215
"Sumo2",1493.82790005568,0.000501466496816792,0.00685686366553075,0.173038230547409,0.999957787024215
"Nup85",119.463518259061,3.67698183402846e-05,0.00686535836927814,0.791133058024847,0.999957787024215
"Gga3",28.059304501938,-5.65036298341589e-05,0.0068664058018722,0.419568273793769,0.999957787024215
"Mrps7",182.179557914488,-9.34254009768435e-05,0.00686480740210075,0.56845369878645,0.999957787024215
"Mif4gd",89.0627428346287,3.06316241519029e-05,0.00686567190946972,0.802336850114888,0.999957787024215
"Slc25a19",28.0985138236279,-1.43975495403711e-05,0.00686641955328734,0.833859928872179,0.999957787024215
"Grb2",304.881448229382,0.000108022397105019,0.00686351639556112,0.608719050995772,0.999957787024215
"Tmem94",27.6779249869589,7.46800709436078e-06,0.00686640814434937,0.914761657177112,0.999957787024215
"Tsen54",26.7683641545294,-5.01173819989828e-05,0.00686645758887426,0.438741698319113,0.999957787024215
"Recql5",27.1321296186558,4.96647185996224e-05,0.00686643018134302,0.462325572048459,0.999957787024215
"Sap30bp",77.6848736959887,-1.19677942880703e-05,0.00686580248598638,0.916980899471068,0.999957787024215
"Galk1",195.255325109199,4.64152471549084e-05,0.00686454412444376,0.790224983069199,0.999957787024215
"H3f3b",3208.05544573528,-0.000247501538450692,0.00685456094816815,0.544543223103932,0.999957787024215
"Unk",34.2046897785587,-5.83773656964179e-05,0.00686632815106625,0.449788744476172,0.999957787024215
"Unc13d",67.4138684079102,4.05962990110524e-05,0.00686601099567173,0.689439514342893,0.999957787024215
"Wbp2",32.8317566247181,-2.15619991416746e-05,0.00686634770238083,0.775149075078964,0.999957787024215
"Trim65",14.1659702107929,-2.66311038004905e-05,0.00686657891750291,0.596001019833922,0.999957787024215
"Mrpl38",102.16660051762,6.36756453257264e-05,0.0068655482728576,0.621890081752509,0.999957787024215
"Acox1",18.4254925387933,-2.00431390892477e-05,0.00686652437098926,0.72605260945002,0.999957787024215
"Ten1",91.1734758712717,6.66284883191476e-05,0.00686565546839159,0.588895817632571,0.999957787024215
"Srp68",128.124415470734,1.97009947483821e-05,0.00686522515707534,0.89212493401684,0.999957787024215
"Exoc7",39.1312779215067,7.55310365672243e-06,0.00686626562246188,0.927152586944676,0.999957787024215
"Rnf157",150.240620061066,2.14218668027601e-05,0.00686513643263659,0.885986019599588,0.999957787024215
"Ubald2",360.42858173309,0.000364012870467835,0.00686303572780269,0.107382667313634,0.999957787024215
"Prpsap1",119.780472346532,-0.000109486808069201,0.00686531923533697,0.436666036148301,0.999957787024215
"Ube2o",54.5784564047723,1.10106666677749e-05,0.00686607812180846,0.909575767379882,0.999957787024215
"Rhbdf2",20.7111403642119,9.40215857562882e-06,0.00686649951877881,0.87571049462449,0.999957787024215
"Snhg16",49.5399562934501,-6.26510934023887e-05,0.00686615229676724,0.49374109012912,0.999957787024215
"Jmjd6",117.322062389278,0.000138736527801981,0.00686540613905585,0.309295212689755,0.999957787024215
"Mettl23",40.5298105837682,7.27561444118668e-07,0.00686625016225095,0.993079977940789,0.999957787024215
"Srsf2",1352.26825594474,4.79845235934609e-05,0.00685750010859691,0.892797571563972,0.999957787024215
"Mfsd11",30.8425517895031,4.98016034231863e-05,0.00686637233955146,0.496342681858254,0.999957787024215
"Snhg20",82.0293461759184,2.79270591992812e-05,0.0068657531718554,0.812481070811453,0.999957787024215
"Sec14l1",17.6737452053067,1.67861473855766e-05,0.00686654264677922,0.760070514278431,0.999957787024215
"Septin9",454.96762767764,1.69638774555838e-05,0.00686244451307757,0.94442042470382,0.999957787024215
"Tnrc6c",151.070994206312,-9.69211858540723e-05,0.00686498821348717,0.534557427047588,0.999957787024215
"Tmc6",33.228294207892,-6.04885307836314e-06,0.00686633941692839,0.936758129648052,0.999957787024215
"Tmc8",36.2301827151453,-1.11786574697849e-05,0.00686630641452455,0.887686170605219,0.999957787024215
"Syngr2",171.690735651843,-3.24547917709428e-05,0.0068648580387261,0.840901852420657,0.999957787024215
"Tk1",225.521438413963,2.03632850010086e-05,0.00686421247653449,0.913312667016236,0.999957787024215
"Afmid",34.8386934157126,1.58290093012945e-05,0.00686637308696464,0.828659896444683,0.999957787024215
"Birc5",726.173262807043,0.00023974754135711,0.00686024974682892,0.422215121563414,0.999957787024215
"Socs3",14.3806071375879,-6.54660870323598e-06,0.00686657594627677,0.897131445238205,0.999957787024215
"Pgs1",47.5816135110384,-3.25759202878667e-05,0.00686616573224849,0.718977780735256,0.999957787024215
"Cyth1",72.7868316389714,-1.20388136721649e-06,0.00686586826201537,0.991331792283233,0.999957787024215
"Usp36",95.9428315395098,2.04916459190464e-05,0.00686558781180636,0.871812266754124,0.999957787024215
"Lgals3bp",95.995045421023,3.48434169954524e-05,0.00686559328483092,0.783310204589401,0.999957787024215
"Cant1",22.1398714791743,8.41827239916496e-05,0.00686648660123432,0.171542559911345,0.999957787024215
"Cbx4",74.2594283492006,3.0140407853769e-05,0.00686584233368544,0.788592431637814,0.999957787024215
"Eif4a3",292.029681223002,6.36849088658232e-05,0.00686356647090015,0.761016740341071,0.999957787024215
"Rnf213",177.110381586645,-3.51299594470264e-05,0.00686630103223341,0.659037846696147,0.999957787024215
"Rptor",117.881418095065,3.68184543603561e-05,0.00686535105999508,0.791392543506279,0.999957787024215
"Chmp6",46.1221245657363,-1.84970240765672e-05,0.0068661989506965,0.833475767794627,0.999957787024215
"Baiap2",31.2553986107312,-1.65171929152793e-05,0.00686636235787363,0.82370422088337,0.999957787024215
"Ndufaf8",154.342851457081,-1.46538148269186e-05,0.00686494068973263,0.926166775140294,0.999957787024215
"Slc38a10",95.1184282312672,4.04425012766531e-05,0.00686561764372647,0.747016659748723,0.999957787024215
"Actg1",9922.38394832543,0.000789900550279855,0.00684854331651346,0.113109118057527,0.999957787024215
"Nploc4",92.4768252756857,5.1251723512535e-05,0.00686564611670899,0.678896824922492,0.999957787024215
"Oxld1",19.6876318493445,2.74124409702383e-05,0.00686650889828476,0.642383542806271,0.999957787024215
"Ccdc137",41.3927927136824,-5.45717018666387e-05,0.00686626887725459,0.507493143517579,0.999957787024215
"Arl16",28.7582103130596,1.41434041591315e-05,0.00686639771317619,0.84164382342598,0.999957787024215
"Hgs",29.3102677050909,-1.19478115589444e-05,0.00686639021804519,0.867315406347035,0.999957787024215
"Mrpl12",500.630333289397,7.61319074264537e-05,0.00686180601653277,0.77023986237221,0.999957787024215
"Slc25a10",14.3669398844029,-2.76063613158553e-07,0.00686657981426693,0.995604309381216,0.999957787024215
"Mcrip1",91.4177058867028,2.37553991707449e-05,0.00686563955462405,0.848278573610278,0.999957787024215
"P4hb",419.83224904121,0.000264989940206362,0.0068624534570455,0.275653300764757,0.999957787024215
"Arhgdia",433.53143967745,-8.76670254416876e-06,0.00686235930291718,0.971539048618047,0.999957787024215
"Alyref",1102.57419400685,0.000347187785469714,0.00685842498266455,0.304153302884961,0.999957787024215
"Anapc11",254.027609450297,-3.73660314820127e-05,0.00686395955243798,0.848885485299757,0.999957787024215
"Pcyt2",78.665157883595,9.3971103250549e-05,0.00686579634416478,0.414575546574334,0.999957787024215
"Sirt7",96.0297815015618,3.87305399579339e-05,0.00686559914077129,0.759257761583005,0.999957787024215
"Mafg",78.8451016358726,2.71121247536629e-05,0.00686580005620151,0.813553788114033,0.999957787024215
"Aspscr1",35.7342141391035,-6.35355993469242e-05,0.00686630940503645,0.420611720702359,0.999957787024215
"Cenpx",221.291462447361,-5.42891523099143e-05,0.00686424305596293,0.770300913181237,0.999957787024215
"Dcxr",23.8037749027217,3.68311327197241e-05,0.00686647436712761,0.558300005266087,0.999957787024215
"Hmga1b",20.0607458198752,-3.11361794534534e-05,0.00686651961465091,0.589920772799548,0.999957787024215
"Rfng",15.9465344240267,5.13523034403405e-06,0.00686655499680026,0.923391691456588,0.999957787024215
"Gps1",84.2906167298453,4.83817694676823e-05,0.00686572635889129,0.685014860208626,0.999957787024215
"Dus1l",88.6144827056056,5.99842083974243e-06,0.0068656813909252,0.960732885325629,0.999957787024215
"Fasn",195.962213297485,-6.19955357968383e-05,0.00686449952320988,0.724990061521192,0.999957787024215
"Slc16a3",60.3731842034317,0.000135082488134794,0.0068660578543302,0.169695068586606,0.999957787024215
"Csnk1d",91.4512916488135,1.54517070917779e-06,0.00686564024223995,0.990068253623533,0.999957787024215
"Ogfod3",17.3948939891686,-1.67312482861223e-07,0.00686654333061186,0.99756754474408,0.999957787024215
"Cybc1",32.3211204647143,3.81106387896462e-05,0.00686634967065483,0.612801431694616,0.999957787024215
"Narf",29.0437788740298,1.96066718770519e-06,0.00686639482685142,0.977990963960557,0.999957787024215
"Foxk2",115.638843813135,-6.21800798081141e-06,0.00686537584104251,0.964053801531288,0.999957787024215
"Wdr45b",80.9328304770355,1.43828621553968e-05,0.00686577966702761,0.901465507315765,0.999957787024215
"Tbcd",78.8138201659063,3.30272691184413e-05,0.00686581700544715,0.771922482777347,0.999957787024215
"B3gntl1",21.123557055599,-3.64355406479686e-05,0.00686649767446916,0.545837646055601,0.999957787024215
"Metrnl",129.268262088134,-2.22645684727417e-05,0.00686532746461236,0.873961605800335,0.999957787024215
"Rab10os",56.8758039219061,4.6412662203387e-05,0.00686605974757605,0.636610024762889,0.999957787024215
"Rab10",454.562708874064,0.000218084225042996,0.00686256502926189,0.363351074623314,0.999957787024215
"1110002L01Rik",34.480992408994,-1.17884509337821e-05,0.00686632259678178,0.879462946856763,0.999957787024215
"Asxl2",198.103388969768,-8.36460654065374e-05,0.00686448159134647,0.636365085062863,0.999957787024215
"Dtnb",76.0419250713944,-8.10781316349082e-05,0.00686582697126803,0.474390531910742,0.999957787024215
"Dnmt3a",107.143326881621,-2.56607918333438e-05,0.00686548433858954,0.84640020216008,0.999957787024215
"Dnajc27",20.0183349697486,2.08731508961986e-06,0.00686650611115375,0.97194681790631,0.999957787024215
"Adcy3",30.8423299386605,-1.91031306764865e-05,0.00686638716592328,0.790211104026491,0.999957787024215
"Cenpo",29.5899110283171,3.10465166232356e-05,0.0068664000203259,0.659966658572821,0.999957787024215
"Ptrhd1",68.3756070519834,2.0734046234384e-05,0.00686592630883034,0.846573106751007,0.999957787024215
"Ncoa1",80.2916434612674,1.59720491537027e-05,0.00686578506128748,0.890344000604755,0.999957787024215
"Itsn2",261.091128656063,-0.000174450934448585,0.00686388304946014,0.380109894815058,0.999957787024215
"Sf3b6",862.239366583511,0.000128171156573964,0.00685954711276966,0.683497641065739,0.999957787024215
"Wdcp",38.511687028007,3.46385103933501e-05,0.00686627383816211,0.672443881577317,0.999957787024215
"Ubxn2a",155.715619348564,4.7525105615964e-05,0.00686494872333338,0.763257032286087,0.999957787024215
"Atad2b",186.557286483244,-8.27271908764984e-05,0.0068646019957491,0.630918315975853,0.999957787024215
"Ldah",97.942724912366,-6.7426594436525e-06,0.006865569030077,0.957991337368697,0.999957787024215
"Rhob",59.071845266509,5.61278476319443e-05,0.00686604217325567,0.572531371276471,0.999957787024215
"Gm56555",13.0583036510843,-2.07628875530384e-05,0.0068665919620916,0.668039783365233,0.999957787024215
"Pum2",340.505915417283,-9.54573144955e-05,0.00686313486863082,0.668694096331679,0.999957787024215
"Laptm4a",138.814973360763,9.39513112864568e-05,0.00686512134054399,0.531342731589866,0.999957787024215
"Ttc32",79.4485126497351,3.82267463633097e-05,0.00686578389645117,0.741571755013822,0.999957787024215
"Rdh14",24.4995375320633,8.41443242091108e-06,0.00686644707070472,0.898291824692448,0.999957787024215
"Gen1",64.5340315757828,5.69132562774081e-05,0.00686596907655079,0.585587657949235,0.999957787024215
"Smc6",446.969501652727,-9.93349443742413e-05,0.00686250049275307,0.681148178792358,0.999957787024215
"Cyria",40.893658623764,6.71065938701173e-06,0.00686624733383897,0.936415232080967,0.999957787024215
"Mycn",78.5745266215515,-8.59754968142666e-05,0.00686586891448091,0.43765879252623,0.999957787024215
"Ddx1",274.377470878832,2.46044066510541e-06,0.00686372556373933,0.990382498959019,0.999957787024215
"Nbas",91.0883398830597,1.53171656279451e-05,0.00686567006835614,0.900470063986718,0.999957787024215
"Lpin1",35.2563249621938,-1.242048927611e-05,0.00686631350412279,0.874334275932214,0.999957787024215
"E2f6",40.0565776804354,-2.77752665729445e-05,0.00686626589850355,0.736641545239692,0.999957787024215
"Rock2",312.072098677539,4.69375340862674e-05,0.00686340569994652,0.826855193748468,0.999957787024215
"Pqlc3",36.0473857845244,-2.21362055490825e-05,0.00686630640365713,0.779731923093588,0.999957787024215
"Pdia6",1146.81928150448,0.00066980474554102,0.00685820796409968,0.0503258762012591,0.999957787024215
"Nol10",176.915383192514,0.000114030685414873,0.00686478785155257,0.488518764023395,0.999957787024215
"Odc1",757.061690575669,-0.000190684217123641,0.0068603927046818,0.518638779059549,0.999957787024215
"Hpcal1",64.2121282968221,4.43935523400856e-05,0.00686596251950096,0.67189109885424,0.999957787024215
"ENSMUSG00000121307",21.9025455515987,-6.52667845563942e-06,0.00686649263988266,0.914644204424375,0.999957787024215
"Itgb1bp1",113.027464390898,-5.44058813463957e-05,0.00686539527419062,0.691281988949436,0.999957787024215
"Cpsf3",124.736234160953,-0.000127285133052144,0.00686526575421203,0.374546576834169,0.999957787024215
"Iah1",33.6116306269724,-1.23140484837538e-06,0.0068663347862474,0.987182396677261,0.999957787024215
"Adam17",116.720713298102,1.21159601512909e-06,0.00686536681400294,0.993016183459522,0.999957787024215
"Ywhaq",307.299790447071,5.01676787865866e-05,0.00686345260821741,0.813868489719147,0.999957787024215
"ENSMUSG00000121487",23.3097739434592,8.54856158695048e-06,0.00686646769256071,0.89315026163379,0.999957787024215
"Taf1b",66.8907978337095,-7.17197732108066e-06,0.00686593206299612,0.94645340703242,0.999957787024215
"Rrm2",570.228577274725,0.000133400156965992,0.00686187908726876,0.606158892358215,0.999957787024215
"Kidins220",167.254957818328,0.000101172523473071,0.00686480567337977,0.537003114162193,0.999957787024215
"Id2",2480.89993807353,0.000377972705416059,0.0068541395750145,0.362884349040015,0.999957787024215
"Gm36496",27.9299077858185,1.53819559005744e-05,0.00686641327571152,0.824256963883516,0.999957787024215
"Rps7",6318.03645920074,0.000295421405635766,0.00685024793875541,0.533817592153479,0.999957787024215
"Rnaseh1",67.2237838209021,2.9955497125683e-05,0.0068659701932105,0.773972866300272,0.999957787024215
"Adi1",20.3490273774748,1.39989612410852e-05,0.00686650317258692,0.814586919084821,0.999957787024215
"Trappc12",28.5275190991373,-5.24961067301606e-05,0.00686640066297568,0.456525291055384,0.999957787024215
"Eipr1",73.7084647424222,-2.59182823909943e-05,0.00686585235371987,0.81666027857952,0.999957787024215
"Tmem18",27.1744470143063,-3.96372541192511e-06,0.00686641447859353,0.954287070607993,0.999957787024215
"Acp1",193.229666744326,-4.00051495205908e-05,0.0068645370179858,0.818935441987201,0.999957787024215
"Dld",138.755913738051,6.90543484312158e-05,0.00686517530706534,0.639905706797678,0.999957787024215
"Cbll1",110.79880074897,-1.50909517066216e-05,0.00686542080811576,0.911462928863649,0.999957787024215
"Bcap29",441.818137097471,3.16414108426845e-06,0.00686235136704389,0.989735004554188,0.999957787024215
"Dus4l",49.6033103231111,-4.46018219984772e-05,0.00686615386699105,0.625665405686122,0.999957787024215
"Cog5",238.284729535462,-0.000179309528260236,0.00686415470652667,0.343173635017799,0.999957787024215
"Prkar2b",21.1778067617949,3.95685460589396e-06,0.00686649133783313,0.948313962483214,0.999957787024215
"Pik3cg",95.08231627086,-3.88461811672574e-05,0.0068656138883593,0.757065584271897,0.999957787024215
"Ccdc71l",50.6808144999884,-2.9315317211019e-05,0.00686612397214019,0.754244992171608,0.999957787024215
"Nampt",162.154096043991,1.44074024224549e-05,0.00686513756834947,0.923148737721804,0.999957787024215
"Sypl",74.7415535864024,0.000121488049188266,0.00686585417543133,0.276676388739711,0.999957787024215
"Atxn7l1",87.4339957602144,-6.86941949462802e-05,0.00686571293972631,0.567162205402999,0.999957787024215
"Polr1f",244.779771163145,-1.65871105298599e-05,0.00686402024470493,0.931853912562176,0.999957787024215
"Snx13",54.2358065505473,-7.29235842062901e-06,0.00686609897951249,0.939106982559387,0.999957787024215
"Tspan13",115.816672875457,-7.18212511098944e-06,0.00686537235367483,0.958536977811443,0.999957787024215
"Bzw2",553.594323970272,0.000143075156415305,0.00686165129708681,0.588840806913229,0.999957787024215
"Ankmy2",27.7766105446672,-3.00865315117993e-05,0.00686640738026961,0.666651449191425,0.999957787024215
"Arl4a",98.452987475704,4.42510621424908e-05,0.00686558420376298,0.727906530285366,0.999957787024215
"Ifrd1",339.660373481539,0.000316037413271157,0.006863163469287,0.1549026839327,0.999957787024215
"Zfp277",103.410287683804,-4.70573259791976e-05,0.00686550257549601,0.7204957356455,0.999957787024215
"Immp2l",283.230570116015,1.54206882894074e-05,0.00686373491608771,0.939685969689478,0.999957787024215
"Dnajb9",21.2949803125013,2.29655977778159e-05,0.00686650392120823,0.700030442895178,0.999957787024215
"Pnpla8",45.8530044071744,-3.93185113070024e-05,0.00686622254482349,0.64798175495378,0.999957787024215
"G2e3",94.8243616176375,8.38104856322746e-05,0.00686563042118504,0.501427631512811,0.999957787024215
"Scfd1",206.054927310675,4.57650934832892e-05,0.00686440064387376,0.799335148286583,0.999957787024215
"Strn3",307.876582359884,8.75465784282273e-05,0.00686351899876195,0.678114791371914,0.999957787024215
"Ap4s1",80.2693631649719,2.83895083051457e-06,0.00686577405244169,0.980558491505135,0.999957787024215
"Hectd1",475.581396140829,0.000104985562614799,0.00686204310458985,0.679807801546003,0.999957787024215
"Heatr5a",65.3654996722102,-8.65340262585022e-06,0.00686595198212797,0.934628428598677,0.999957787024215
"Dtd2",74.2621170059982,-7.69217894912452e-05,0.00686584658927912,0.492770893651473,0.999957787024215
"Nubpl",44.7458039918668,1.02871078990867e-05,0.00686619937469019,0.906882160909992,0.999957787024215
"Arhgap5",57.9875097717083,-2.06879752247362e-05,0.00686610182196659,0.828063544336818,0.999957787024215
"Egln3",76.4423045442699,8.30681643368263e-05,0.0068658238257884,0.464361846156219,0.999957787024215
"Sptssa",152.701254483142,-5.44346064604665e-05,0.0068649555284725,0.729608505945017,0.999957787024215
"Eapp",163.26530188017,-5.4271479762567e-05,0.00686486175160482,0.736864457881139,0.999957787024215
"Snx6",273.098033618868,-2.42265840010967e-05,0.00686374405680623,0.905234139172304,0.999957787024215
"Cfl2",43.9403663851326,-9.76861073047497e-05,0.00686624019884198,0.24877259489959,0.999957787024215
"Baz1a",472.762817325217,6.76093592693831e-05,0.00686207289781562,0.789753006041026,0.999957787024215
"2700097O09Rik",50.0441330293339,6.14736394648101e-05,0.0068661348872307,0.507885208559375,0.999957787024215
"Ppp2r3c",46.7986314348234,3.37559564451772e-05,0.00686617330812378,0.707476045803692,0.999957787024215
"Prorp",54.926866179074,2.51833248003163e-05,0.00686607684013579,0.795233979261937,0.999957787024215
"Psma6",599.511371364402,0.00015179460493861,0.00686122924219362,0.581499220781788,0.999957787024215
"Nfkbia",175.788284731587,0.00013023346747284,0.00686492629362976,0.412018933448952,0.999957787024215
"Ralgapa1",203.019602918343,8.59822743401516e-05,0.00686445514624237,0.628952774513474,0.999957787024215
"Brms1l",48.4181456234775,-3.96283359928866e-05,0.00686616888533404,0.660744935383807,0.999957787024215
"Mbip",69.2475066517203,-4.56136584662139e-05,0.00686590630186608,0.673994556795655,0.999957787024215
"Prps1l3",41.1161523905223,-4.43583857606156e-05,0.0068662764224342,0.587216980743655,0.999957787024215
"Mipol1",75.3801676213265,-5.71552042680852e-05,0.00686583964150482,0.61164309346367,0.999957787024215
"Sec23a",25.9742060262257,5.83927767523196e-05,0.00686643496882448,0.384035599490419,0.999957787024215
"Gemin2",85.6770985464414,6.35769987160064e-05,0.0068657417523473,0.59124879071819,0.999957787024215
"Trappc6b",233.53873913321,5.4176865955673e-05,0.00686414399351481,0.775017427278023,0.999957787024215
"Pnn",759.366662397571,9.14927729785363e-05,0.0068600695651445,0.76254353546321,0.999957787024215
"Mia2",509.022277989608,8.21751665974632e-05,0.0068618568969643,0.751340532176554,0.999957787024215
"Fbxo33",67.8367507687361,-1.59720333571195e-06,0.0068659567004534,0.987885668538177,0.999957787024215
"Klhl28",33.9792028176716,2.34950723206387e-05,0.00686636585813229,0.750261155547987,0.999957787024215
"Togaram1",79.3888359882301,-1.89923783531884e-05,0.00686578384636804,0.869858406869691,0.999957787024215
"Prpf39",102.483553643041,5.41727798049844e-06,0.00686552248498056,0.966882173137952,0.999957787024215
"Fkbp3",873.455999861289,7.78793878313243e-05,0.00685940676057545,0.806181348565617,0.999957787024215
"Fancm",77.6026258280108,3.52416196994619e-05,0.00686582836762482,0.75567171205848,0.999957787024215
"Mis18bp1",171.941693946022,6.51041994464333e-05,0.00686494747768393,0.679988756717339,0.999957787024215
"Rps29",4335.92374724667,-0.000868884748562171,0.00685152303503127,0.0568399391772866,0.999957787024215
"Lrr1",71.3708715582615,-4.37995390953811e-05,0.00686587737839095,0.691153642637663,0.999957787024215
"Rpl36al",1818.70342712804,0.000221112661006803,0.00685567767095214,0.570138332772398,0.999957787024215
"Mgat2",259.967586864667,2.32111407432345e-05,0.00686388060686512,0.907074054027381,0.999957787024215
"Dnaaf2",68.9574793834935,-4.38577173978076e-06,0.00686592192107453,0.967438068881777,0.999957787024215
"Pole2",77.7567725055471,-2.13631401602638e-05,0.00686590676749021,0.843768707185579,0.999957787024215
"Klhdc2",107.778822129907,-7.69106152757116e-05,0.00686545835261725,0.56543415273606,0.999957787024215
"Nemf",279.865581752473,0.000122963915667066,0.00686376215253443,0.544464817901697,0.999957787024215
"Arf6",413.404227932737,-1.78697883911462e-05,0.00686260620769792,0.940333533264249,0.999957787024215
"Gm56517",50.5961903660557,-1.35332729791475e-05,0.00686612671877917,0.884846460587943,0.999957787024215
"5830428M24Rik",18.9181778066507,-3.55500936486372e-05,0.00686652470285813,0.534009606948627,0.999957787024215
"Vcpkmt",98.7381159902769,-0.000134379351101866,0.00686560793586843,0.285828577204341,0.999957787024215
"Sos2",112.231918652688,3.14172495015517e-05,0.00686542012971878,0.816980155551896,0.999957787024215
"L2hgdh",48.6982083638667,2.16732100613055e-05,0.00686614973932335,0.813235961115179,0.999957787024215
"Dmac2l",22.1491733689597,1.48729560740509e-05,0.00686648768840877,0.808750751206129,0.999957787024215
"Sav1",41.8684691288232,7.32223068200061e-05,0.00686624273308671,0.386157569331555,0.999957787024215
"Nin",158.182992651447,-2.47641752678117e-05,0.00686491964107655,0.876262439831644,0.999957787024215
"Tmx1",189.918376562853,7.38156793803619e-05,0.00686456819095745,0.670567361658068,0.999957787024215
"Frmd6",24.1941186700709,3.03493093434857e-05,0.00686646596673575,0.634449116554668,0.999957787024215
"Actr10",202.945574829626,4.66883053266461e-05,0.00686445639630813,0.792975313083624,0.999957787024215
"Psma3",1061.97853162256,0.000206185614781336,0.00685840798392729,0.542109680474733,0.999957787024215
"3110056K07Rik",27.8831315722923,-5.34993940807071e-06,0.0068664186777436,0.937953374918802,0.999957787024215
"Arid4a",200.999734503386,3.01166169847532e-05,0.00686444959557046,0.865760696869853,0.999957787024215
"Timm9",239.83091343658,-0.000121357260363795,0.00686405904806175,0.528622700511301,0.999957787024215
"2700049A03Rik",49.9688000171991,-3.03824899255955e-06,0.0068661324536827,0.973944262388666,0.999957787024215
"Daam1",23.2399360945369,-3.765114513646e-05,0.00686647066556406,0.552113189204701,0.999957787024215
"Jkamp",55.5651426318922,1.16261216349962e-05,0.00686606547974203,0.905410022694189,0.999957787024215
"Pcnx4",36.6356952633673,2.28178391603463e-05,0.00686630148760123,0.774311583414472,0.999957787024215
"Dhrs7",50.7954609456575,1.01565716251416e-05,0.00686612852635572,0.913324019132949,0.999957787024215
"Ppm1a",93.5742586741667,2.26562552286285e-05,0.00686566552257209,0.853535621744615,0.999957787024215
"Mnat1",130.035189987841,-2.60342660064897e-06,0.00686522662348214,0.985694874260537,0.999957787024215
"Trmt5",28.2858736839689,4.23730463516803e-06,0.00686640771314052,0.951603041421451,0.999957787024215
"Slc38a6",28.8842304324474,5.65658794993288e-06,0.00686639486327116,0.936559019168037,0.999957787024215
"Prkch",325.844725831514,-1.50778131342853e-05,0.0068632831656154,0.944975039589032,0.999957787024215
"Gm15283",18.0913193671814,5.50754136327301e-05,0.00686653695978507,0.322527705371073,0.999957787024215
"Hif1a",869.224455968954,0.000347745544441701,0.00685984703274329,0.258560340198952,0.999957787024215
"Snapc1",98.3144766301821,4.32381455099011e-05,0.00686561610418228,0.730363084984311,0.999957787024215
"Ppp2r5e",146.331102268293,-8.17155237217376e-05,0.00686505113181265,0.5939235174429,0.999957787024215
"Wdr89",159.837049230846,9.13022519438559e-05,0.00686489057395196,0.568944118845662,0.999957787024215
"Sgpp1",91.2387265059517,1.30789477020939e-06,0.00686564613419737,0.991571165805033,0.999957787024215
"Mthfd1",163.226511068903,5.45686756780032e-05,0.00686488060961679,0.734206179728575,0.999957787024215
"Zbtb25",47.9879756062645,1.00031559032948e-05,0.00686615822393939,0.912564782593021,0.999957787024215
"Zbtb1",104.308392156026,4.81815970474382e-05,0.00686550239123455,0.714127903626758,0.999957787024215
"Plekhg3",22.8847263442241,1.73775878527099e-05,0.00686648986068837,0.776470790751502,0.999957787024215
"Churc1",129.544217275217,5.28260338696923e-05,0.00686530672415719,0.708641759171609,0.999957787024215
"Fntb",42.1064946157517,4.36170052984478e-05,0.00686623135589887,0.60958661411907,0.999957787024215
"Max",173.07237530327,-2.093448547899e-05,0.0068647516314207,0.899720319132653,0.999957787024215
"Fut8",340.938077557035,0.000164550099222359,0.00686312062672976,0.46158081610592,0.999957787024215
"Gphn",447.516959193738,-7.05329274726934e-05,0.00686274021140523,0.763938652773446,0.999957787024215
"Pals1",69.316867698873,5.44517796930592e-05,0.0068659135459071,0.614037523265869,0.999957787024215
"Atp6v1d",165.471250478623,3.91500537911655e-05,0.00686484107393664,0.809492214517726,0.999957787024215
"Eif2s1",726.068061613737,0.000105662544546552,0.00686074303329748,0.712953146630905,0.999957787024215
"Tmem229b",48.5081355068963,-5.07461840366777e-05,0.00686615596029762,0.578212277418862,0.999957787024215
"Pigh",16.3493232629413,2.38160651638043e-05,0.00686655371826661,0.656599497492153,0.999957787024215
"Vti1b",180.989920139632,1.11858062574689e-05,0.00686475053655246,0.946331413913988,0.999957787024215
"Rdh11",58.1674069073669,1.04697832061328e-05,0.00686604598008921,0.915942821701211,0.999957787024215
"Zfyve26",39.2779152024322,-1.87047321037866e-06,0.00686626657325512,0.981918959247366,0.999957787024215
"Rad51b",332.783215719279,-7.55483601405674e-05,0.00686336622632577,0.726324826091828,0.999957787024215
"Zfp36l1",85.9849870182456,6.91695082753163e-06,0.00686577049036475,0.95273987635437,0.999957787024215
"Dcaf5",98.6546782446419,9.29640503508415e-06,0.00686561196866807,0.941036992611934,0.999957787024215
"Erh",683.591446935411,0.000151060750199182,0.00686106506747579,0.588792361942524,0.999957787024215
"Slc39a9",43.3727316183625,-6.51992057677403e-05,0.00686622940941164,0.446088819174291,0.999957787024215
"Susd6",73.5390557742276,-8.88390132584385e-05,0.00686585269438396,0.42671482174117,0.999957787024215
"Srsf5",664.340219187198,0.000102089123943514,0.00686066540954276,0.723948905149958,0.999957787024215
"Cox16",402.399616601629,-0.000106410319337972,0.00686276939469625,0.64931044313922,0.999957787024215
"Synj2bp",181.659279534046,9.10896086027511e-05,0.00686465792306182,0.59197522160811,0.999957787024215
"Med6",87.0562722433448,5.79551766674385e-05,0.00686572999537475,0.626437821631469,0.999957787024215
"Pcnx",36.4351917341583,2.37935769822336e-05,0.00686629863724875,0.765640764442343,0.999957787024215
"Sipa1l1",375.147134512475,-6.3507588088181e-05,0.00686286661754279,0.783511664892146,0.999957787024215
"Dcaf4",37.1265530408498,-4.2330844938026e-05,0.00686629692185779,0.596572353423156,0.999957787024215
"Zfyve1",16.4844477057941,-2.57611865639668e-06,0.00686654842617266,0.962118796572917,0.999957787024215
"Rbm25",921.144989931677,7.17497284846899e-05,0.00685913769776053,0.824289802627948,0.999957787024215
"Psen1",95.3862443731522,-8.47329345773698e-05,0.00686565204420955,0.492570808930013,0.999957787024215
"Numb",79.8163748438709,7.12796178209093e-05,0.00686580323334619,0.534550198216298,0.999957787024215
"Riox1",49.7271545467212,-2.20080327296306e-06,0.00686614695777483,0.980903585313661,0.999957787024215
"Mideas",78.310285715388,-1.99964495819644e-05,0.00686581233149098,0.861028361923387,0.999957787024215
"Ptgr2",67.9403612887209,7.0014336927246e-05,0.00686592264377023,0.514429511214506,0.999957787024215
"Zfp410",44.7046620505979,2.58098242640772e-06,0.00686621955203661,0.976156556567212,0.999957787024215
"Coq6",23.7491525066007,-1.37229091078858e-05,0.00686646080620876,0.831211952287912,0.999957787024215
"Entpd5",38.3062585918309,-2.08488766074504e-05,0.00686627493575222,0.798903289586352,0.999957787024215
"Rnf113a2",34.2418380843029,-2.58557262343261e-05,0.00686634423290183,0.733024295899114,0.999957787024215
"Lin52",55.9488732215632,1.6311094207727e-05,0.00686608180352676,0.866031766627125,0.999957787024215
"Abcd4",14.6777244958814,-7.53799603173344e-06,0.00686657178786632,0.882947404134656,0.999957787024215
"Npc2",285.745737300952,3.22311700383117e-05,0.00686365976183817,0.87585678802206,0.999957787024215
"Isca2",89.5077089980989,6.91824889200106e-05,0.00686567164807199,0.571871912931317,0.999957787024215
"Arel1",44.5761157329136,-9.52159905076761e-05,0.0068662037283698,0.27708783884654,0.999957787024215
"Fcf1",220.042584655295,0.000104263711101769,0.00686425305218431,0.574203046502127,0.999957787024215
"Ylpm1",162.277543403772,5.1681936029169e-05,0.006864877019171,0.748007414900964,0.999957787024215
"Dlst",168.402579986317,2.37652353632486e-05,0.00686479917620767,0.884888776669993,0.999957787024215
"Eif2b2",61.2397862062764,2.66065283879187e-05,0.00686601375343752,0.793023073904413,0.999957787024215
"Mlh3",35.006937476275,-4.76036546622757e-05,0.00686632175692191,0.540667563539407,0.999957787024215
"Acyp1",38.6708161077359,5.85874738002783e-05,0.0068662846770636,0.469570754184817,0.999957787024215
"Nek9",66.0078729103474,-4.36192669220876e-05,0.00686594948507649,0.679739397158961,0.999957787024215
"Tmed10",479.538518158157,0.000206430208466261,0.00686197700343205,0.420291160320063,0.999957787024215
"Batf",90.455035009137,3.88673289187471e-05,0.006865656266593,0.752477527197274,0.999957787024215
"Erg28",310.092780688178,0.000204175429082539,0.00686357221631344,0.32907634904307,0.999957787024215
"Ttll5",61.7843233230904,-8.206324190861e-05,0.00686603746996271,0.410843100515187,0.999957787024215
"Gpatch2l",41.383548263813,-1.29412703294676e-06,0.00686627689092878,0.987357559966438,0.999957787024215
"Irf2bpl",64.9635962842407,-7.68107154673659e-05,0.00686597432091737,0.460328544932211,0.999957787024215
"Cipc",42.9336790732176,1.01148549801061e-05,0.0068662211350883,0.906621488576053,0.999957787024215
"Gstz1",28.3152225343562,2.32286749688481e-05,0.00686639925938908,0.742285662954912,0.999957787024215
"Tmed8",24.8185410160617,2.89856706926406e-05,0.00686644854563313,0.658967288617436,0.999957787024215
"Vipas39",47.1870543126313,8.38255948641122e-06,0.00686619454573067,0.924386240827996,0.999957787024215
"Ahsa1",188.784157687306,-5.56044562220094e-05,0.00686457337446786,0.748358575770434,0.999957787024215
"Sptlc2",154.816629370087,-4.47931544774223e-05,0.0068649597639823,0.775828641495309,0.999957787024215
"Alkbh1",199.656928624557,-0.000121331376500211,0.00686448370647318,0.492643003870909,0.999957787024215
"Slirp",270.998268410625,1.30324525015816e-05,0.0068637542839256,0.948849585778695,0.999957787024215
"Snw1",337.532226514658,-7.59453392269873e-05,0.00686324300039002,0.729604875215187,0.999957787024215
"Adck1",34.3035972424192,2.32722970368434e-05,0.00686632590343088,0.763786206364542,0.999957787024215
"Cep128",130.376721716981,-6.03962958672852e-05,0.00686520024815392,0.680027965882185,0.999957787024215
"Gtf2a1",81.3241531498057,-2.78125299957209e-05,0.00686577465028458,0.811255344027211,0.999957787024215
"Ston2",23.9057437133048,2.38982792292758e-05,0.00686647803350617,0.702267870232492,0.999957787024215
"Sel1l",93.9819149248228,5.61921034913505e-05,0.00686561569700132,0.654285625829794,0.999957787024215
"Gpr65",110.303018064521,-2.41464825373753e-06,0.00686544882323289,0.985654603328197,0.999957787024215
"Spata7",138.754031500998,6.97871645116461e-05,0.00686532732245265,0.619056288340643,0.999957787024215
"Zc3h14",153.207301670732,8.29499971937628e-05,0.00686500534014702,0.593258548398204,0.999957787024215
"Eml5",40.7719902959315,-7.92177724899995e-05,0.00686625541852573,0.342511936810465,0.999957787024215
"Foxn3",246.661184193086,8.43833648324683e-05,0.00686411854546995,0.657742881621255,0.999957787024215
"Efcab11",59.0230800108476,7.8495009588532e-05,0.00686602614073105,0.435050033004233,0.999957787024215
"Tdp1",56.194314705936,-3.66760154783799e-05,0.00686606629817884,0.707598044362968,0.999957787024215
"Psmc1",309.458204731734,-0.00017777117574922,0.00686344107815007,0.40493618938649,0.999957787024215
"Calm1",3248.90907800754,0.000101386368286812,0.00685263314738581,0.817508484146774,0.999957787024215
"Ttc7b",96.4113010876359,-8.9614872714008e-05,0.00686559359649426,0.479320717596788,0.999957787024215
"Rps6ka5",63.8875936903606,5.33351903150934e-06,0.00686598672205919,0.958788607800251,0.999957787024215
"Dglucy",74.7437196209333,-6.76598827707606e-05,0.00686585680292206,0.544042772620216,0.999957787024215
"Gpr68",40.0235514065827,-5.25214749914464e-05,0.00686625882674644,0.527743472611138,0.999957787024215
"Ccdc88c",162.98088448906,-0.000186520858178059,0.00686487059649075,0.24707135684118,0.999957787024215
"Ppp4r3a",258.716863116496,-0.000111693221709686,0.00686391820697492,0.571796880872207,0.999957787024215
"Trip11",246.752398237535,-1.7988522528691e-05,0.00686411510232447,0.924805391471436,0.999957787024215
"Atxn3",45.0420718031562,1.96307549295713e-06,0.006866196083569,0.982243170243918,0.999957787024215
"Ndufb1",539.359009170322,1.89416692086591e-05,0.00686152274979269,0.943654623631641,0.999957787024215
"Cpsf2",254.534610130807,-9.70872490177774e-05,0.0068639194729321,0.623017074979757,0.999957787024215
"Rin3",114.975201322157,-0.000116982491680039,0.00686537656924181,0.396386173818565,0.999957787024215
"Golga5",81.5801645260807,-3.37217916616903e-05,0.00686575765606447,0.774044944732324,0.999957787024215
"Itpk1",54.0977607767572,-1.51630312922156e-05,0.00686608711384716,0.874896497925249,0.999957787024215
"Tmem251",82.7220581712152,7.27794632736416e-05,0.00686574352381351,0.538361095530688,0.999957787024215
"Gon7",51.0260344205817,-5.7751357830496e-05,0.00686612351830539,0.537574134564593,0.999957787024215
"Ubr7",121.058956002957,2.63369721837107e-05,0.00686530475641668,0.85230611107157,0.999957787024215
"Btbd7",166.621420270265,-8.08980290600665e-06,0.00686487778026399,0.959884610529005,0.999957787024215
"Asb2",310.019143717972,0.000169713004286177,0.00686392753141581,0.38950150805728,0.999957787024215
"Ddx24",457.69274103817,-0.00034021666243566,0.00686228204074377,0.169870990617953,0.999957787024215
"Ifi27",368.524275111955,4.50028117532215e-05,0.00686351447709187,0.831171738353067,0.999957787024215
"Serpina3f",16.1063621563678,3.56791656513342e-05,0.00686656169139948,0.497034007832116,0.999957787024215
"Serpina3g",329.484222491851,0.000108267909394,0.00686588534968754,0.323883142649816,0.999957787024215
"Dicer1",106.735742494157,-0.000123277363363212,0.00686555174789039,0.338990253473246,0.999957787024215
"Syne3",50.9985957470577,-2.14163126330679e-05,0.00686612078500558,0.819546594316234,0.999957787024215
"Glrx5",395.678273684493,2.43299246560511e-05,0.00686264469520578,0.918451519718349,0.999957787024215
"Atg2b",48.0684777083057,-9.737459026657e-06,0.00686616594279975,0.914331672973838,0.999957787024215
"Gskip",37.8458435052981,3.64601284318033e-05,0.00686630909225547,0.644081624217857,0.999957787024215
"Papola",421.154539696681,-7.49677271473832e-05,0.0068624378931795,0.758193893026809,0.999957787024215
"Vrk1",263.499391521391,-4.84868185547158e-05,0.00686388797566027,0.807111118329655,0.999957787024215
"Bcl11b",130.981540748746,-4.77743332090567e-05,0.00686536606056046,0.730059198824529,0.999957787024215
"Setd3",125.983959931728,3.42109372678314e-05,0.00686525352999931,0.812113505950376,0.999957787024215
"Ccnk",131.427808180346,5.37670290461989e-05,0.00686522073244688,0.711691409539339,0.999957787024215
"Ccdc85c",15.0341098111949,-2.78883625263889e-06,0.00686657087467601,0.956662392430854,0.999957787024215
"Evl",294.496427681155,-0.000111118882351058,0.0068635435235758,0.596952469781227,0.999957787024215
"Yy1",318.58344064408,-4.70015184021363e-05,0.00686331717708659,0.828826989731325,0.999957787024215
"Wars1",121.970215818775,-5.33840328629414e-06,0.00686530055911436,0.969940312375406,0.999957787024215
"Ppp2r5c",313.437724618428,-9.50049229223773e-05,0.00686336098073935,0.660065738375154,0.999957787024215
"Dync1h1",162.969578171813,2.83818981642896e-05,0.00686491102272037,0.858691179537165,0.999957787024215
"Hsp90aa1",4200.98316882298,0.000352486701421939,0.00685164531857353,0.437908703742618,0.999957787024215
"Wdr20",55.1398615070863,6.62486901507655e-05,0.00686608197571634,0.493168320667549,0.999957787024215
"Cinp",177.14083526682,8.20799585856687e-05,0.00686474227834799,0.622058988185995,0.999957787024215
"Tecpr2",35.5960857341345,-1.56693245004535e-05,0.0068663130284699,0.841935174697272,0.999957787024215
"Rcor1",199.915944128877,2.93467011099428e-06,0.00686454951297694,0.986564383817739,0.999957787024215
"Traf3",143.128244198049,-8.62361137485555e-06,0.00686506554586132,0.954940565639383,0.999957787024215
"Eif5",734.870558216653,0.000266414752862788,0.00686023618833582,0.372966061220254,0.999957787024215
"Mark3",154.941042887892,2.74509369160492e-05,0.00686494227838322,0.862123568580369,0.999957787024215
"Ckb",35.8770231574812,-3.42374937189776e-06,0.00686636034615579,0.963259392121189,0.999957787024215
"Trmt61a",25.5430005704164,2.71791159462372e-05,0.00686644258093094,0.681836012597007,0.999957787024215
"Bag5",73.5907209354703,-8.86411439849434e-06,0.00686585322801134,0.936771091971759,0.999957787024215
"Coa8",115.711127042656,-5.67127623453325e-05,0.00686539236560668,0.679229479202219,0.999957787024215
"Klc1",68.937327348997,5.61539039103327e-05,0.00686590938373703,0.603890720969193,0.999957787024215
"Ppp1r13b",45.3853844060524,9.34881771094315e-05,0.0068662177501961,0.279785208970585,0.999957787024215
"Atp5mpl",694.431173170223,5.20097272848391e-05,0.00686052267047736,0.85882751091487,0.999957787024215
"Siva1",384.369963048707,-4.65637427832647e-05,0.00686274988135419,0.842657091145582,0.999957787024215
"Akt1",133.019687035896,-6.65460098677555e-05,0.00686517898118154,0.651730491711975,0.999957787024215
"Cdca4",112.568504049505,-3.9043413686542e-06,0.00686544274891952,0.976859761951573,0.999957787024215
"Gpr132",88.3806259224971,1.74901055962981e-05,0.00686570796196814,0.884433076742236,0.999957787024215
"Nudt14",42.1734228637744,-4.18077641367419e-06,0.00686626921101697,0.959492370341563,0.999957787024215
"Brf1",49.1689033941747,4.9021045265989e-05,0.00686614580693699,0.594269729348674,0.999957787024215
"Pacs2",25.4962710288187,-3.55417683986348e-05,0.00686643756365365,0.594763737177414,0.999957787024215
"Mta1",157.37692756979,0.000117115995014493,0.00686504657736792,0.445393041891467,0.999957787024215
"Crip1",339.717889161791,-0.000423102346341794,0.00686322872172316,0.0546330737406459,0.999957787024215
"Ighm",137.912134656433,2.12415210876679e-05,0.00686515040931109,0.88645398749403,0.999957787024215
"Zfp386",35.6726876551269,2.49171836346948e-05,0.00686631060485878,0.751803332748287,0.999957787024215
"Dync2i1",32.4790380201921,2.36728637485976e-05,0.00686636798822815,0.747780161900036,0.999957787024215
"Esyt2",204.649351174966,-7.03199942683565e-05,0.00686447703888348,0.691316339506946,0.999957787024215
"Ncapg2",188.806251185269,1.10679602460926e-05,0.00686458478497306,0.948952359175507,0.999957787024215
"Rapgef5",21.8896344462514,3.91562227896285e-05,0.00686648281714354,0.527617819477578,0.999957787024215
"Cdca7l",83.8753935320433,-2.92812964606439e-05,0.00686574507601171,0.804336329458634,0.999957787024215
"Sp4",161.191878756341,-7.16180789963018e-05,0.00686504414086337,0.640981700601836,0.999957787024215
"Gm56549",33.5817689602557,-8.02238863618518e-06,0.00686633625315101,0.916501449353067,0.999957787024215
"Gdi2",438.118029812289,9.04659543021357e-05,0.00686229641510893,0.714682514108778,0.999957787024215
"Tasor2",202.799724927831,9.40936661449369e-05,0.00686450836942374,0.592659387050711,0.999957787024215
"Asb13",36.5305365990757,-5.04727768046262e-06,0.00686629824758995,0.94960335775277,0.999957787024215
"Net1",82.6624175242702,5.53389289364039e-05,0.00686574240868041,0.640076715209772,0.999957787024215
"Akr1c13",102.897382969668,-0.000136216394737027,0.0068657118767386,0.256737975015878,0.999957787024215
"Akr1e1",34.4262299417781,1.33438669098037e-05,0.00686632398191577,0.863492454199749,0.999957787024215
"Klf6",244.395517099776,6.89022358333505e-05,0.00686402565073834,0.722165428440059,0.999957787024215
"Pitrm1",128.357608487811,-1.58559235442061e-05,0.00686526288951376,0.91200390829973,0.999957787024215
"Pfkp",391.356196325382,-7.92436836849882e-05,0.00686268955360889,0.737399223572642,0.999957787024215
"Wdr37",67.0598340566696,-6.20987441700435e-06,0.00686593447442304,0.953560463628046,0.999957787024215
"Idi1",590.50120573435,0.000134917460065553,0.00686204171561707,0.595891777870952,0.999957787024215
"Gtpbp4",498.730160802226,5.13843582220154e-05,0.00686182522708914,0.843431780487225,0.999957787024215
"Larp4b",337.894614860318,-0.000218672322659819,0.00686321568616687,0.321484365864878,0.999957787024215
"Dip2c",84.0050336349805,-3.0102901159008e-06,0.00686573923465293,0.979738883303908,0.999957787024215
"Zmynd11",223.881364337759,-7.51450886223215e-05,0.00686421511442072,0.687735850889422,0.999957787024215
"Mtr",55.5763761238969,-6.57601066250307e-05,0.006866081427613,0.496535647060523,0.999957787024215
"Heatr1",173.98135230761,-4.71381332248298e-05,0.00686479553008068,0.774194079349662,0.999957787024215
"Lgals8",54.1869011131719,-3.23692343300459e-05,0.00686608627980372,0.736952584241126,0.999957787024215
"Ero1b",27.5337428372601,-4.58278648615765e-05,0.00686642828908991,0.498839419805802,0.999957787024215
"Lyst",169.847526995477,9.18809033888344e-05,0.00686479658124273,0.575918037103705,0.999957787024215
"B3galnt2",106.16875970807,-5.03723361603437e-05,0.00686549503729774,0.702563912049395,0.999957787024215
"Tbce",90.7362381513981,-6.92845522914962e-05,0.00686566314103358,0.572796812274982,0.999957787024215
"Ggps1",139.481397907705,6.96245296920723e-05,0.00686510108513345,0.644766887277919,0.999957787024215
"Arid4b",263.605152690581,-5.30187261504879e-05,0.00686384306993441,0.791074197895589,0.999957787024215
"Mrpl32",293.001767908135,2.34904026517613e-05,0.00686354856393968,0.910924343545564,0.999957787024215
"Psma2",1636.86153029008,0.00049354899737305,0.00685624897596484,0.193139272715572,0.999957787024215
"AW209491",25.046705976378,-7.59419198247766e-05,0.00686644496913706,0.25023665463184,0.999957787024215
"Mplkip",119.279219856061,2.20287382757045e-05,0.0068653311178336,0.875127997679729,0.999957787024215
"Cdk13",249.435759100509,-2.88597178222462e-05,0.00686397684243646,0.882642738687816,0.999957787024215
"Rala",231.24754952796,9.73773362711423e-05,0.00686414604363339,0.607301171825171,0.999957787024215
"Yae1d1",64.1668077904865,-6.58853877071516e-05,0.0068659666872409,0.528532124229542,0.999957787024215
"Vps41",91.1382699910438,9.27341057197605e-05,0.00686568259184253,0.446318468102645,0.999957787024215
"Trgc1",283.313021434574,0.000340565340128753,0.00686381601134802,0.090291384006225,0.999957787024215
"Trgc2",578.349295952142,0.000445594147271702,0.00686131698458606,0.102890899922312,0.999957787024215
"Trgv2",547.347659525865,-6.88460143356595e-05,0.00686183206863653,0.791158749671747,0.999957787024215
"Trgv1",133.632004917522,8.43327911718867e-05,0.0068651924391152,0.565666108585808,0.999957787024215
"Trgc4",468.131834089118,0.000343531523357159,0.00686235675796445,0.162210352000329,0.999957787024215
"Stard3nl",93.5360058151821,4.4601999816662e-05,0.00686561775676499,0.722012835861674,0.999957787024215
"Gpr141",80.5870976848032,-7.69094589330484e-06,0.00686580973409952,0.946389824605389,0.999957787024215
"Elmo1",906.67200222144,9.37660221031728e-05,0.00685926890597203,0.769764482922184,0.999957787024215
"Gm47664",22.732174482923,-1.60173745627867e-05,0.00686647506571584,0.798817337904619,0.999957787024215
"Trim27",178.142587069709,5.70537491108724e-05,0.00686478863702857,0.728865156316275,0.999957787024215
"Zkscan3",69.4715632072989,4.62162867571118e-05,0.00686590920357618,0.669413158411879,0.999957787024215
"Zscan26",37.9704545341143,3.23665660154911e-05,0.00686628904163614,0.688158948265007,0.999957787024215
"H2bc13",18.8837532655235,-1.73433289110743e-08,0.00686651851509644,0.999761011905538,0.999957787024215
"H2ac13",32.4845798000236,-5.95944841896382e-05,0.00686635416670249,0.426200996132272,0.999957787024215
"H2bc14",57.3888737877807,-1.21770782672251e-06,0.00686604537612795,0.990209786078596,0.999957787024215
"H2ac15",38.6149355154352,1.1045922836084e-05,0.00686628663957865,0.891325897873721,0.999957787024215
"H1f5",1392.89102727034,0.000583263185024464,0.00685700766303616,0.110407766650363,0.999957787024215
"H3c11",57.8728274220982,1.32670049044105e-05,0.00686604717812686,0.893516190575817,0.999957787024215
"H2ac22",23.5194392913586,2.31496010162232e-05,0.00686646951122686,0.715212909979036,0.999957787024215
"H2ac24",278.291818144686,0.000213031301428142,0.00686379958598256,0.290688861729618,0.999957787024215
"H2ac11",18.5452614024404,-2.71161488383016e-05,0.00686652285566502,0.636550603043705,0.999957787024215
"H2bc11",47.5747560398018,6.82496098790622e-06,0.00686618245085527,0.939049192674619,0.999957787024215
"Zfp322a",78.5415004030083,-5.52676090053322e-05,0.00686579228817063,0.632055053611668,0.999957787024215
"Abt1",87.8742841141327,4.22238077967639e-06,0.00686568576111141,0.972297645788521,0.999957787024215
"H4c8",28.3529410963458,2.46097623981288e-05,0.00686640364226615,0.725964497143743,0.999957787024215
"H2ac10",36.2767254031006,5.75716725331697e-05,0.00686631272522631,0.463893685270281,0.999957787024215
"H3c7",41.9657465580102,-4.12837312782683e-05,0.00686623901780888,0.626351519066788,0.999957787024215
"H1f3",286.878025646949,0.000162233239297052,0.00686392737784149,0.410750468047537,0.999957787024215
"H3c6",114.966701400706,0.000111526431524034,0.0068653892384634,0.416644323844146,0.999957787024215
"H2ac8",345.994263969568,0.000292163371511873,0.00686340460927407,0.173416163580487,0.999957787024215
"H2bc8",14.3391392336319,-1.63976871333538e-06,0.00686657504587336,0.974228644861371,0.999957787024215
"H4c4",420.113581458253,-0.000234153283624088,0.00686317818298226,0.29095064518452,0.999957787024215
"H2bc6",77.9632588783447,8.05118802278693e-05,0.00686589399360167,0.460974315220505,0.999957787024215
"H1f4",1548.80775857588,-0.000245258140726903,0.0068572418056921,0.496862590634888,0.999957787024215
"H2bc4",24.0555600799513,1.93609700199925e-05,0.00686647954498677,0.75617270413779,0.999957787024215
"H4c3",41.574843302403,2.58351062107662e-05,0.0068662594788501,0.755944245204961,0.999957787024215
"H1f2",296.391189058985,2.25077151382723e-05,0.00686355277168523,0.914580482122212,0.999957787024215
"H3c3",471.812390408227,0.000286774257916681,0.00686241945639593,0.239941020729872,0.999957787024215
"H2bc3",21.6971171707322,-1.32824089196566e-05,0.00686648898784969,0.828468346693011,0.999957787024215
"H2ac4",31.7330543173795,3.63379254514484e-05,0.00686635922685815,0.625394632286845,0.999957787024215
"H3c2",11.8183764842347,1.10509585531356e-05,0.0068666073462042,0.810884760033159,0.999957787024215
"H3c1",18.060328862702,-8.47794976745339e-06,0.00686653298655017,0.88000728355361,0.999957787024215
"H1f1",248.739534258602,0.000136397703737895,0.00686407837332566,0.47724230110779,0.999957787024215
"Cmah",14.4750557835728,6.93409195901044e-06,0.00686657708465114,0.890748271029374,0.999957787024215
"Ripor2",129.906249499566,-0.00010562927662545,0.00686525109862423,0.463356828981357,0.999957787024215
"Gmnn",366.7254375013,0.00011746005815709,0.00686292136105349,0.608821034781865,0.999957787024215
"BC005537",263.315859182786,0.000145077696284498,0.00686383257573357,0.46930862818495,0.999957787024215
"Acot13",45.3634057879218,-3.58723494618105e-05,0.00686619478459257,0.684563389873478,0.999957787024215
"Tdp2",73.9027170158905,-2.51454817170821e-05,0.00686585448265107,0.821828998644695,0.999957787024215
"Mrs2",59.1988335233302,6.85001059817879e-06,0.00686603117578302,0.945504914961958,0.999957787024215
"Cdkal1",184.465667266969,6.07196789110111e-05,0.00686466384563264,0.72050719193598,0.999957787024215
"E2f3",208.782001088027,-0.000115592589855357,0.00686442673014329,0.518509369825535,0.999957787024215
"Mboat1",45.69495845533,-4.98384937258631e-05,0.00686620357286757,0.569475473678247,0.999957787024215
"Uqcrfs1",417.817839830215,0.000223931984448931,0.00686261325701238,0.347847522638225,0.999957787024215
"Dusp22",33.7955096128086,-6.20302299092053e-06,0.00686634624422674,0.934621567561683,0.999957787024215
"Irf4",42.4348817692832,0.000139010054067352,0.00686623469180009,0.102542916209609,0.999957787024215
"Exoc2",141.706648938341,4.70472742942044e-05,0.006865083082047,0.756661699023819,0.999957787024215
"Gmds",385.615426305381,-6.54378714468605e-05,0.00686310005699023,0.770312351421764,0.999957787024215
"Wrnip1",58.9746513752417,8.84906920067923e-06,0.00686605275676345,0.928579688242533,0.999957787024215
"Serpinb6b",273.207497707659,0.000600906517223415,0.00686379917279153,0.00288039383231704,0.999957787024215
"Serpinb9",379.734374814516,0.000303755621144191,0.00686283425752222,0.190640257977019,0.999957787024215
"Gm6093",26.7700166319186,4.80998237741886e-05,0.00686646586512556,0.451187133973059,0.999957787024215
"Serpinb6a",147.206145105119,-1.25214326855833e-05,0.00686502793840305,0.935323160448929,0.999957787024215
"Nqo2",21.3217095654256,-4.37437279311798e-05,0.00686648911883432,0.475393668585348,0.999957787024215
"Ripk1",123.381391118922,-2.32478479600881e-05,0.00686531042210246,0.86921176687931,0.999957787024215
"Bphl",17.3281633074663,2.83293467729821e-06,0.00686654390328028,0.958778093298252,0.999957787024215
"Tubb2a",13.4518839993799,3.2530880206805e-05,0.00686658791005382,0.50665016318911,0.999957787024215
"Psmg4",253.936837265728,4.39362520388051e-05,0.00686391662148935,0.824041649886862,0.999957787024215
"Prpf4b",347.342966648545,-4.50300774995373e-06,0.0068630847864881,0.984003865918751,0.999957787024215
"Eci2",73.756463137568,-4.12144841997516e-05,0.00686585885584852,0.711388057791013,0.999957787024215
"Cdyl",89.7253138171407,-3.24150269546135e-05,0.00686568310468903,0.790033222417876,0.999957787024215
"Rpp40",48.2043475310086,-1.70959793394503e-05,0.00686615504952076,0.851526718691395,0.999957787024215
"Lyrm4",19.1503354957511,-5.0026615391601e-05,0.0068665232517717,0.382942960607335,0.999957787024215
"Fars2",115.496152478446,2.93274228961327e-05,0.00686537000304367,0.832017540822784,0.999957787024215
"Rreb1",65.9783372616272,2.04077624229418e-06,0.00686596427582972,0.984448442803177,0.999957787024215
"Ssr1",301.461102802547,0.000138744009268361,0.00686355231559525,0.508514941610163,0.999957787024215
"Riok1",192.896877306095,-9.89368449449629e-05,0.00686459446328648,0.566256467562128,0.999957787024215
"Snrnp48",167.85113952246,-2.37345714776638e-05,0.00686481065552237,0.8847013224907,0.999957787024215
"Txndc5",96.3317555589189,9.27755334158755e-05,0.00686559618450551,0.463462959369613,0.999957787024215
"Eef1e1",379.008650968642,0.000204078915944212,0.00686280328526155,0.381136650304719,0.999957787024215
"Slc35b3",49.8879719524708,1.85042665357621e-05,0.00686613454363482,0.842062932637999,0.999957787024215
"Gcnt2",103.110292066523,1.63069678101335e-05,0.00686563753845908,0.895608146930612,0.999957787024215
"Pak1ip1",408.121058091443,7.33934011712174e-05,0.0068626440207425,0.757453392919883,0.999957787024215
"Tmem14c",484.863021632939,0.000167611560026165,0.00686194704365043,0.514187870508671,0.999957787024215
"Smim13",47.0117667786211,-5.28044127706549e-05,0.00686617864429347,0.555408467619019,0.999957787024215
"Nedd9",307.300962246164,5.94442423370631e-05,0.00686343021220864,0.780984954107331,0.999957787024215
"Tmem170b",25.8330745658811,5.39500649604683e-07,0.00686643440205501,0.993588581158514,0.999957787024215
"Hivep1",48.9658367453685,1.71982397475046e-05,0.00686616100929818,0.849920047463399,0.999957787024215
"Tbc1d7",25.6162617433085,3.13206736301823e-05,0.00686644930372091,0.63302825069933,0.999957787024215
"Gfod1",59.7366067340026,7.23321454866615e-05,0.00686601925522733,0.474018651469701,0.999957787024215
"Nol7",852.015894452918,4.86529655332892e-05,0.00685954371855553,0.87704036535147,0.999957787024215
"Ranbp9",125.445860703059,-7.76028104698642e-05,0.00686526706294012,0.588078098968136,0.999957787024215
"Mcur1",63.338214242449,-3.83174820614306e-05,0.00686601468568755,0.705346714759502,0.999957787024215
"Jarid2",1179.96373953245,0.000439859594177912,0.00685792479913723,0.206019579051584,0.999957787024215
"Dtnbp1",91.9743728250731,-8.41616299380414e-05,0.00686564494270978,0.496864817934717,0.999957787024215
"Atxn1",529.600639520513,-0.000231721789158375,0.00686176089632982,0.376193423562762,0.999957787024215
"Fam8a1",23.0262771664222,4.23927076704918e-05,0.0068664712727272,0.502747148124764,0.999957787024215
"Nup153",265.860182756755,-1.74745114570322e-05,0.00686384383201932,0.930412875614285,0.999957787024215
"Dek",824.437852865455,-0.000115850881725827,0.00685967058006202,0.710122679069119,0.999957787024215
"6720427I07Rik",38.9934862472122,7.63934102415891e-05,0.0068662829536384,0.346565965029734,0.999957787024215
"Phf2",46.4730147178372,-3.49796358430523e-05,0.00686618322517162,0.694937201830661,0.999957787024215
"Fam120a",320.342340637761,6.12497204203138e-05,0.00686330542001381,0.778504187567299,0.999957787024215
"Ninj1",17.371272810205,-2.02264730071257e-05,0.00686653782852632,0.715847859281334,0.999957787024215
"Card19",50.9982123444547,7.87665508221217e-07,0.00686612273120855,0.993295440298356,0.999957787024215
"Susd3",128.711004374903,8.63735831484948e-05,0.00686529377887694,0.542993351664914,0.999957787024215
"Fgd3",34.5668495478434,-9.4687642220646e-07,0.00686634814200524,0.989986368400899,0.999957787024215
"Bicd2",44.4089537275664,-3.38747722523014e-05,0.00686620665647689,0.69824172659651,0.999957787024215
"Ippk",35.362752535343,-1.26742396278523e-05,0.00686632086950148,0.870734085632223,0.999957787024215
"Cenpp",183.02854586648,-7.35118259406944e-05,0.00686475810404493,0.657609446224449,0.999957787024215
"Nol8",209.268459439975,8.25212635559213e-07,0.00686437370517958,0.996363377137233,0.999957787024215
"Iars",222.839611106092,-0.000116410006480182,0.00686423403795557,0.531992601029012,0.999957787024215
"Fbxw17",21.1975744316382,4.65178302065253e-05,0.00686649252318279,0.445009905377202,0.999957787024215
"Spin1",37.9418870228276,2.22012904604696e-05,0.00686628374036944,0.784257730544846,0.999957787024215
"Cks2",616.554550270845,0.0004749870550517,0.00686099722255901,0.0910697515278554,0.999957787024215
"Secisbp2",112.277520263264,-6.93358977660919e-05,0.0068654358531044,0.607413384457427,0.999957787024215
"Sema4d",467.827931610405,0.000197933266458217,0.00686208691693425,0.434356966420767,0.999957787024215
"Gadd45g",371.653346247704,0.000160124699214904,0.00686294892931141,0.483830874175895,0.999957787024215
"Auh",233.944029885899,7.74098121199355e-05,0.0068641204996527,0.684324566850916,0.999957787024215
"Nfil3",223.812722572452,-1.17858432410055e-05,0.00686422907996213,0.949597334367504,0.999957787024215
"Sptlc1",97.4656385552224,3.4847158367839e-05,0.00686557638991234,0.78479736815563,0.999957787024215
"Sfxn1",522.97378041249,7.61806861855488e-05,0.00686166130407431,0.773284819388225,0.999957787024215
"Hrh2",31.184441785293,5.07745252832322e-05,0.00686639867347931,0.472638964287908,0.999957787024215
"Thoc3",177.257112432666,-1.93841041107438e-05,0.0068648742212452,0.904160581416255,0.999957787024215
"Simc1",58.0140522816092,3.98729297948358e-05,0.0068660408436939,0.688769202648094,0.999957787024215
"4833439L19Rik",61.1017871597243,3.40504048231287e-05,0.00686600130513731,0.739103353735055,0.999957787024215
"Nop16",301.133472703593,-2.02307486070175e-05,0.00686347277076623,0.924129249000558,0.999957787024215
"Higd2a",145.242773359206,7.78902575640296e-05,0.0068650477714681,0.611661696911351,0.999957787024215
"Cltb",82.9704676584538,6.84650121168775e-06,0.0068657404669904,0.953911751221675,0.999957787024215
"Faf2",135.209804160115,-3.00346829939054e-05,0.00686516745253236,0.839152045538897,0.999957787024215
"Rnf44",51.8709614911956,-5.74430730518498e-05,0.00686611077485249,0.543736173067159,0.999957787024215
"Uimc1",126.824195565636,-0.000113020427953839,0.00686526039180149,0.431243544180803,0.999957787024215
"Zfp346",44.8456076746598,5.63825611267174e-05,0.0068662079893447,0.518233872865259,0.999957787024215
"Nsd1",375.372807364954,-7.30779406617215e-05,0.00686281164105514,0.753563057832181,0.999957787024215
"Rab24",83.9329625609837,0.000109688630054746,0.00686577872991637,0.345287276425026,0.999957787024215
"Prelid1",1054.68584673853,0.000211220517087372,0.0068589023462012,0.519709090025261,0.999957787024215
"Mxd3",32.0417564875563,9.35285557943034e-05,0.00686635943171238,0.208780998917631,0.999957787024215
"Lman2",528.414650935939,0.000417927930810931,0.00686187836171254,0.106292179583262,0.999957787024215
"Rgs14",26.8702863484936,1.86441651981105e-05,0.00686642051008961,0.785621366692059,0.999957787024215
"Grk6",130.582092713241,1.60010281359417e-05,0.00686521012434753,0.912716969106955,0.999957787024215
"Prr7",21.0037415200234,1.44690515824855e-05,0.00686649080484296,0.812803734690901,0.999957787024215
"Pdlim7",13.7341585394877,-1.50797448730576e-05,0.00686658295447996,0.761467935188174,0.999957787024215
"Ddx41",129.494448829612,-2.76597940073869e-06,0.00686522367953828,0.984816328921559,0.999957787024215
"Fam193b",47.0104045259066,5.74136788003005e-05,0.00686618410313694,0.519468776740363,0.999957787024215
"Tmed9",679.487063048385,0.000118250067870165,0.00686055966042477,0.685035070456631,0.999957787024215
"B4galt7",34.2297657579721,1.08261264137504e-05,0.00686633558658673,0.887575874849375,0.999957787024215
"Caml",37.4363839934798,3.1085990572853e-06,0.00686628679582023,0.96932373548107,0.999957787024215
"Ddx46",579.607422060444,-8.02977715723158e-05,0.00686133357620853,0.768482963418629,0.999957787024215
"B230219D22Rik",120.185554875532,3.55603083486935e-05,0.00686534001532686,0.799131549425287,0.999957787024215
"Txndc15",46.9499502358984,-1.8280020617179e-05,0.00686619051241704,0.836602084326432,0.999957787024215
"Pcbd2",144.724198413562,-7.28529994739348e-05,0.00686506682373966,0.632986498347701,0.999957787024215
"Macroh2a1",1197.59814265917,-3.87159696538999e-05,0.00685936899269845,0.903166930026422,0.999957787024215
"Smad5",20.0870907081462,1.49822123166688e-05,0.0068665033536332,0.801758489310821,0.999957787024215
"Hnrnpa0",524.821161340707,0.000142195662925842,0.00686236885348632,0.56236987883227,0.999957787024215
"Idnk",142.465160343898,8.52443951397339e-06,0.00686506699676526,0.95543918853692,0.999957787024215
"Ubqln1",136.625717513587,2.441090150508e-06,0.00686516604081959,0.986843552377463,0.999957787024215
"Gkap1",55.1831578081579,-1.97670699299311e-05,0.00686607070740937,0.83929149651151,0.999957787024215
"2210016F16Rik",87.816051595709,6.74840150471924e-05,0.00686569438423521,0.577354500012681,0.999957787024215
"Hnrnpk",1227.93737538623,0.000388124683617453,0.00685766929192936,0.271283030632945,0.999957787024215
"Rmi1",48.7429702886851,5.47043249477055e-05,0.00686616934835523,0.544456185968617,0.999957787024215
"Agtpbp1",79.3620141875705,-0.000107961923169244,0.00686581810400882,0.343094002711043,0.999957787024215
"Naa35",118.565947232402,8.46833739110796e-05,0.00686533877704186,0.544690942055382,0.999957787024215
"Golm1",49.9455875427206,2.83502585753432e-05,0.00686613596499732,0.759891100426491,0.999957787024215
"Isca1",26.9282853413464,4.00204536006881e-06,0.00686642123660653,0.953391654242997,0.999957787024215
"Tut7",191.873541110975,-0.000147447708422716,0.00686455906995761,0.396481559158969,0.999957787024215
"Dapk1",20.3478051405456,-2.11070083970923e-06,0.00686649973109112,0.971978757492361,0.999957787024215
"4930486L24Rik",37.7310102059865,1.39817474763065e-05,0.00686628297670069,0.863218703771858,0.999957787024215
"Ctla2b",148.165332470252,7.64551899331462e-06,0.00686522467778442,0.958033624782985,0.999957787024215
"Ctla2a",973.783731199016,8.93865544716978e-05,0.00685912257949678,0.782290481276549,0.999957787024215
"Zfp808",27.0033497754006,-5.9707724910317e-06,0.00686642309236303,0.930322967570721,0.999957787024215
"Zfp935",25.3152198641344,-7.93250299987541e-05,0.00686644627939588,0.228790737578834,0.999957787024215
"Zfp934",45.2041366370979,2.05484592653726e-05,0.0068661982526138,0.815436053552747,0.999957787024215
"Platr25",44.3517935137302,-2.65810412741505e-05,0.00686620119953616,0.76209031727395,0.999957787024215
"Aopep",240.401969824457,0.000121104310024295,0.00686412996322725,0.523994099370268,0.999957787024215
"Ptch1",46.543272039232,8.96341315256694e-05,0.00686618656529906,0.313543407386162,0.999957787024215
"Ercc6l2",89.0047544991444,-3.55450853544513e-05,0.00686567662449677,0.770969695453752,0.999957787024215
"Slc35d2",24.7190059113494,6.3406663899153e-05,0.00686647044428405,0.316848492829422,0.999957787024215
"Zfp367",71.273744968157,1.97774032784299e-05,0.00686587980685581,0.857435012216842,0.999957787024215
"Habp4",20.5089951809108,-2.63961942618045e-05,0.00686650424042838,0.657689261880672,0.999957787024215
"Cdc14b",34.6918799938226,1.60423831138487e-05,0.00686632726694524,0.835636910388041,0.999957787024215
"Prxl2c",20.1787689175856,-7.5062185488927e-06,0.0068665039263539,0.899788638201138,0.999957787024215
"Mfsd14b",57.3259391199733,-5.2893042080324e-05,0.00686604967064708,0.592932288588824,0.999957787024215
"Zfp369",27.2577662248214,-4.06321660041795e-05,0.00686642352933106,0.551564306916228,0.999957787024215
"Uqcrb",652.184742326312,0.000202272528974302,0.00686079327687089,0.479431079945843,0.999957787024215
"Mterf3",66.2991117028253,-4.07980308203424e-05,0.00686594137616603,0.700824376041095,0.999957787024215
"Ptdss1",55.4093541896446,-7.19354986327657e-05,0.00686611572292778,0.445308769584954,0.999957787024215
"Zfp458",24.684778881233,-2.71190317915797e-06,0.00686644676408646,0.967156233973193,0.999957787024215
"Zfp595",17.6807885128259,-6.84136180259266e-06,0.0068665328634641,0.903068533448694,0.999957787024215
"Zfp953",14.047423584075,-3.21808742296419e-06,0.00686658018860635,0.948741733655101,0.999957787024215
"Zfp429",16.4230612929124,1.23263620182271e-05,0.00686654968325808,0.819703779504029,0.999957787024215
"Zfp58",15.7787204379959,1.64969903311671e-05,0.00686655819160261,0.755552508840518,0.999957787024215
"Zfp87",17.4147190989278,2.54065224860392e-05,0.00686653889617406,0.646716960080804,0.999957787024215
"Zfp748",23.9356053247121,-2.87059295452978e-05,0.00686645910766577,0.656595687487543,0.999957787024215
"Zfp729b",37.3443798213533,2.49464673922747e-05,0.00686629152919598,0.756440164771917,0.999957787024215
"Zfp729a",38.4762377609615,-4.36079544284462e-05,0.0068662802438425,0.592097761942102,0.999957787024215
"Zfp738",24.1291122736397,6.27920459799715e-06,0.00686645532603568,0.922999006951234,0.999957787024215
"Zfp65",28.2420079780831,-6.71362672431824e-05,0.00686641147992332,0.333653069771417,0.999957787024215
"Mtrr",27.3164746935834,1.56276315628226e-05,0.00686642080387343,0.81957597056235,0.999957787024215
"Fastkd3",30.7477303982837,-2.16813929399814e-05,0.00686638234896304,0.764158681237619,0.999957787024215
"Tent4a",27.5241617120256,3.3926831247673e-05,0.00686641672017175,0.622548127143311,0.999957787024215
"Nsun2",332.80601169107,6.2606967230692e-05,0.0068632596985155,0.775168022962379,0.999957787024215
"Med10",155.552067465519,-7.88517050586105e-06,0.00686492527696034,0.960397096727223,0.999957787024215
"Ice1",82.3739384003502,6.19934085448629e-05,0.00686576373885181,0.596541724568232,0.999957787024215
"Ndufs6",469.50564612414,0.000127858826612866,0.00686203659230946,0.615456296794448,0.999957787024215
"Mrpl36",265.657516903612,0.000140018609967689,0.00686384327287522,0.484147068850835,0.999957787024215
"Clptm1l",213.504463904735,0.000144237821295508,0.00686434784031725,0.428135790380062,0.999957787024215
"Trip13",106.741692127042,3.26434629151788e-05,0.00686550963725161,0.803438239500368,0.999957787024215
"Brd9",78.2924856070146,-8.27236819067005e-05,0.00686579946261038,0.471908034360785,0.999957787024215
"Cep72",13.1539745339983,3.4500522331994e-06,0.00686659003968171,0.943509152420499,0.999957787024215
"Exoc3",214.477766731457,2.12180234301575e-05,0.00686435351849017,0.907097297040833,0.999957787024215
"Ahrr",60.2371390358861,-0.000102541341044332,0.00686601694981934,0.310868284700699,0.999957787024215
"Pdcd6",317.163397405205,0.000103614150528522,0.00686337422024576,0.630791144327539,0.999957787024215
"Sdha",159.465297513029,3.30575345055496e-05,0.00686493319409657,0.83474268406217,0.999957787024215
"Ccdc127",121.795777887079,-2.79702069744466e-06,0.00686529922788903,0.984254885091683,0.999957787024215
"E430024I08Rik",14.8360507005347,-2.74816618033223e-05,0.00686657000314742,0.593143430068715,0.999957787024215
"Zfp825",20.5976227563055,2.12009414190025e-05,0.00686649825142926,0.724957402893634,0.999957787024215
"Gm47469",13.9226831415324,-8.06495171393014e-06,0.00686658061002696,0.871858723797109,0.999957787024215
"Gm56577",107.986727233285,-4.40598566761163e-05,0.00686547063900619,0.740764604975379,0.999957787024215
"Erap1",224.699547732173,2.35677447914386e-05,0.00686423403728239,0.899314396616563,0.999957787024215
"Cast",192.456742761044,4.12613289275678e-05,0.00686455109046144,0.812771766415524,0.999957787024215
"Ell2",55.0362043704825,9.08356309915566e-05,0.00686608399150346,0.346704685989921,0.999957787024215
"Glrx",179.13708632403,0.000211304081368056,0.00686467456139463,0.211934454186394,0.999957787024215
"Rfesd",19.6188761109469,1.08920273581097e-05,0.00686650858677741,0.853700751059353,0.999957787024215
"Skic3",191.673864851983,9.20687724529324e-05,0.00686462457564895,0.590922776165678,0.999957787024215
"Slf1",156.202343419427,8.35178913090623e-05,0.00686493979276068,0.597481534289712,0.999957787024215
"2210408I21Rik",25.4190162204019,8.22284335726731e-06,0.00686644492455714,0.900929976857599,0.999957787024215
"Fam172a",346.151943846401,9.53648982366406e-08,0.00686317586122945,0.999656941916501,0.999957787024215
"Lysmd3",41.5997693494747,1.0045889275993e-05,0.00686623600418208,0.905961412831451,0.999957787024215
"Polr3g",94.0744066113969,-5.51879692011137e-05,0.00686562525608923,0.65873691780354,0.999957787024215
"Mblac2",24.932292149539,-3.22987256694958e-05,0.00686644750810263,0.623444608825769,0.999957787024215
"Cetn3",258.587470221593,4.45898503562692e-05,0.00686387502728439,0.822735519061984,0.999957787024215
"Tmem161b",66.9465140150835,-2.47805823053791e-05,0.00686598411110245,0.810575311052951,0.999957787024215
"Ccnh",182.899102533741,7.59908053690326e-05,0.00686463731038837,0.656347301183175,0.999957787024215
"Rasa1",192.862546219443,-4.25340694274973e-05,0.00686453639212392,0.80773348807874,0.999957787024215
"Cox7c",2054.59488877768,0.000360330678037869,0.00685494943717843,0.369974360966044,0.999957787024215
"Xrcc4",102.166797011271,-7.15758064860797e-06,0.00686559707302735,0.954876450073054,0.999957787024215
"Tmem167",639.367165484057,0.000316737793219487,0.00686081157866132,0.267375089079971,0.999957787024215
"Rps23",7993.09982172043,-1.65987133386899e-05,0.00684948534894654,0.972731059783825,0.999957787024215
"Atg10",30.0988480943127,-4.74938181099525e-05,0.006866387055556,0.508408789099732,0.999957787024215
"Ssbp2",87.2021785676957,7.43570814631436e-07,0.00686570479097315,0.995076928425389,0.999957787024215
"Zcchc9",99.6928688773658,-6.2685102786751e-05,0.00686555690220858,0.626091805569409,0.999957787024215
"Rasgrf2",14.284749456341,3.2887888560945e-05,0.00686657991336195,0.511503385462144,0.999957787024215
"Msh3",75.7353306997108,-6.66062101295262e-05,0.00686583667847627,0.554695378468496,0.999957787024215
"Dhfr",137.801766104408,1.52966742523588e-05,0.00686521446677256,0.916428277582079,0.999957787024215
"Zfyve16",29.3411755230819,4.15685657832972e-05,0.00686639740553672,0.557234057737624,0.999957787024215
"Tent2",170.222328219359,-5.32672557004931e-06,0.00686492026505569,0.973277175248619,0.999957787024215
"Homer1",23.8302598620876,-6.50661358071531e-07,0.0068664640431919,0.99189295662324,0.999957787024215
"Jmy",28.0827855544972,-9.42014537340968e-06,0.00686640398766577,0.893221697027278,0.999957787024215
"Arsb",216.315822226179,-0.000165022882048335,0.00686449729167949,0.349287684255089,0.999957787024215
"Ap3b1",227.261301528447,8.42859408030739e-06,0.00686418642006623,0.964242329746037,0.999957787024215
"Tbca",497.081129209344,0.000196064365698147,0.00686195985407327,0.44481843520515,0.999957787024215
"Wdr41",16.7836260800333,-1.33968653982255e-06,0.00686654404215253,0.980493351391378,0.999957787024215
"Zbed3",44.849181837712,-5.2782010295219e-05,0.00686621159385289,0.543992246105942,0.999957787024215
"Aggf1",235.472855483213,-3.13083030607753e-05,0.00686411906590011,0.869422735699961,0.999957787024215
"F2r",143.601007191074,-4.73296725090616e-05,0.00686510215798317,0.75389181667602,0.999957787024215
"Iqgap2",336.222812597526,-0.000157925495938023,0.00686315070239285,0.477990857867829,0.999957787024215
"F2rl2",26.9936177557742,7.10132023618779e-05,0.00686642008679386,0.30049348961739,0.999957787024215
"Poc5",49.8797171207003,-4.24636624166173e-06,0.00686614544827814,0.963208800948278,0.999957787024215
"Polk",158.129254910149,0.000102032190265443,0.0068649321272775,0.519752131929991,0.999957787024215
"Cert1",214.447610278037,-3.98842226717221e-05,0.00686452867161762,0.819804783752917,0.999957787024215
"Hmgcr",366.563031319345,0.000219646567214045,0.00686312907178112,0.325162598154484,0.999957787024215
"Nsa2",1017.98442812632,0.000108214939133131,0.00685876036981513,0.74373948725729,0.999957787024215
"Gfm2",54.6406456374201,-1.08663250314868e-05,0.00686607619906254,0.910880691629418,0.999957787024215
"Hexb",74.9355274758529,-4.73063476994064e-05,0.00686584535825307,0.673356671608979,0.999957787024215
"Rps18-ps6",1140.62762966662,0.00011572732608405,0.00685882351001647,0.725601241073567,0.999957787024215
"Utp15",117.529352322654,-5.824372929734e-05,0.00686534700694557,0.676077091078657,0.999957787024215
"Ankra2",49.7691460349942,-2.40507744751401e-06,0.00686615044749654,0.979072115541267,0.999957787024215
"Btf3",2614.52155404733,0.000589088113352512,0.00685383799715562,0.161055762042523,0.999957787024215
"Fcho2",137.756072963457,-3.83106014309176e-05,0.00686512553683022,0.7982798232554,0.999957787024215
"Tnpo1",254.023004926629,0.000111377220772615,0.0068639445796227,0.571096900290866,0.999957787024215
"Ptcd2",72.93754427986,3.63723359649837e-05,0.00686585654710688,0.744343201523979,0.999957787024215
"Mrps27",84.0599829558389,-2.83529385000012e-05,0.00686576699516119,0.808385281719906,0.999957787024215
"Mccc2",20.8777321686232,3.91863291488727e-05,0.00686649700489267,0.516473455760498,0.999957787024215
"Bdp1",367.752111419425,-7.40638526029554e-05,0.00686288146801239,0.74819103335073,0.999957787024215
"Serf1",24.4083721389533,1.82189391697173e-05,0.00686644786868128,0.781699151562576,0.999957787024215
"Smn1",208.910935480962,-0.000133032908727774,0.00686437016762345,0.462808813422094,0.999957787024215
"Gtf2h2",90.1521899241104,-5.80624910273018e-06,0.00686565550202337,0.962436438002271,0.999957787024215
"Rad17",104.644160254493,6.87453639871308e-06,0.00686549431049954,0.958449457400952,0.999957787024215
"Ak6",177.479850658911,6.65733658068045e-05,0.00686476994415048,0.687262621143875,0.999957787024215
"Ccdc125",29.9628166645399,4.36500494238456e-06,0.00686639906980031,0.950741654802913,0.999957787024215
"Cdk7",135.649974830344,-3.24774146217932e-05,0.00686520626186877,0.824154619370936,0.999957787024215
"Mrps36",247.53548637802,0.000130535606635629,0.00686398408636999,0.50377003050238,0.999957787024215
"Cenph",135.388445848141,5.71351791260579e-05,0.0068652049128423,0.695989911224522,0.999957787024215
"Ccnb1",191.311846226462,-9.66472237033253e-06,0.00686494057324579,0.951266502767775,0.999957787024215
"Slc30a5",102.670332534458,9.18898126981944e-05,0.00686553382786877,0.479255162069865,0.999957787024215
"Pik3r1",260.133163804407,8.42442220297465e-05,0.00686392823065097,0.669227135369303,0.999957787024215
"Srek1",278.525022836491,8.44387222001044e-05,0.00686377972729104,0.676377227191722,0.999957787024215
"Erbin",247.934045086053,-5.38431700598588e-05,0.00686418243114983,0.774752793649962,0.999957787024215
"Nln",125.582988666632,-0.000114572834704938,0.00686540431556585,0.401435704995807,0.999957787024215
"Trappc13",94.1440586240365,-2.1096399735076e-05,0.00686561741992624,0.866385270778804,0.999957787024215
"Shld3",21.2983210052922,1.08052959820147e-05,0.00686649314165657,0.859027746823329,0.999957787024215
"Trim23",42.950582907349,5.67346637357816e-05,0.00686622146969915,0.510441700707539,0.999957787024215
"Ppwd1",73.4323372355916,-1.55916890937706e-05,0.00686588294400405,0.887180189806454,0.999957787024215
"Cenpk",77.8008717923134,4.9839172520136e-05,0.00686581115303432,0.662791290330714,0.999957787024215
"Adamts6",55.7850771555794,9.31346529643007e-05,0.00686606640257057,0.340815472577277,0.999957787024215
"Cwc27",198.246556254795,-3.07808739048969e-06,0.00686448287269493,0.986115153283238,0.999957787024215
"Srek1ip1",79.6998317378732,6.68998916348841e-05,0.00686580501387135,0.559587007600725,0.999957787024215
"Ipo11",138.916150064258,4.73361165371852e-05,0.00686511834232391,0.752691100265827,0.999957787024215
"Dimt1",136.002610748382,-6.68526613561173e-05,0.00686516476224,0.651687900807375,0.999957787024215
"Kif2a",252.671994819794,9.37689685171461e-05,0.00686395836304647,0.632611108571658,0.999957787024215
"Zswim6",263.532192012566,-0.000268170722787907,0.00686419074402558,0.153417706686702,0.999957787024215
"Ndufaf2",113.541512310762,4.54253544163056e-05,0.00686539033467279,0.7406680004541,0.999957787024215
"Smim15",165.372238902918,2.3147753870967e-05,0.00686482716534723,0.887057675678702,0.999957787024215
"Ercc8",49.1628496494449,-4.81814986363518e-05,0.00686615561115617,0.597675447098106,0.999957787024215
"Depdc1b",24.4277671188715,5.51664017551883e-05,0.00686645109076686,0.399008198785048,0.999957787024215
"Pde4d",67.5713917374879,-2.21432378681773e-05,0.00686594167569549,0.834785604215493,0.999957787024215
"Plk2",25.8798974513357,-2.2940888717111e-05,0.00686643529447442,0.732231155522125,0.999957787024215
"Gpbp1",321.633466821452,7.78029308119736e-05,0.00686329198932079,0.721396630018073,0.999957787024215
"Mier3",39.8511025723309,-3.82073897744128e-05,0.00686626031857024,0.645487028545577,0.999957787024215
"Map3k1",80.8640172987219,2.12736167419986e-05,0.00686576848831646,0.85550816331253,0.999957787024215
"Il6st",15.5392868225461,-3.52682130399366e-05,0.00686656181056257,0.501876323154622,0.999957787024215
"Il31ra",43.3325219105861,-5.79838049471913e-05,0.00686622609475173,0.499337236506324,0.999957787024215
"Slc38a9",68.8466854848945,2.18146912268565e-05,0.00686590713508201,0.840476546499323,0.999957787024215
"Mtrex",172.748922973262,0.00013421810536019,0.00686479654159434,0.413876215884282,0.999957787024215
"Dhx29",120.175332316363,-0.000121036613475844,0.00686532729790292,0.388522461828587,0.999957787024215
"Gzma",4788.07008101183,-0.000152285660730352,0.00685391428268358,0.7163213924681,0.999957787024215
"Snx18",44.957530355712,2.32780211342819e-05,0.00686619738419652,0.79160873990391,0.999957787024215
"Arl15",297.690491319793,0.000240828961445639,0.00686357060313014,0.249776484160108,0.999957787024215
"Ndufs4",389.3793216819,3.64303405061716e-05,0.00686269246182176,0.877451514325053,0.999957787024215
"Mocs2",91.5805842530886,-2.29930036121658e-06,0.0068656471332678,0.985175917710494,0.999957787024215
"Pelo",60.3003889537027,-1.63967012398512e-05,0.00686601315887353,0.871592431297875,0.999957787024215
"Parp8",72.1287875163099,-2.62583609657407e-05,0.00686587591682577,0.811893578212741,0.999957787024215
"Emb",575.148412780928,8.0733874624486e-05,0.00686125845403078,0.768806842072693,0.999957787024215
"Mrps30",97.1718044498038,5.55085204773416e-05,0.00686559173603503,0.661515951423058,0.999957787024215
"Paip1",98.4097279853141,-5.47995032543921e-05,0.0068655932027403,0.665378319166588,0.999957787024215
"4833420G17Rik",61.828887736898,4.66102615628387e-05,0.00686599546319047,0.649722189972723,0.999957787024215
"Hmgcs1",429.944402753821,0.000109164226538614,0.0068626223842927,0.646848945444392,0.999957787024215
"Zfp131",136.011201348777,4.15378999287771e-05,0.00686518077853143,0.778021962326398,0.999957787024215
"Ube2e1",187.45265557143,9.5130170829022e-05,0.00686460093978322,0.580722515181002,0.999957787024215
"Nkiras1",23.8270700083792,-4.74759664427035e-05,0.00686646164074496,0.460253649125602,0.999957787024215
"Rpl15",6635.97867591138,0.000131543027307061,0.00684973684933072,0.784946079391663,0.999957787024215
"Top2b",428.384798586314,4.30851428497529e-05,0.00686249331234742,0.858667171396035,0.999957787024215
"Ngly1",125.594885128546,6.75880857259925e-05,0.0068652908959279,0.634410535732012,0.999957787024215
"Slc4a7",169.107860776898,0.000158227948119264,0.0068649284158525,0.318638164194562,0.999957787024215
"Psmd6",352.044791674481,0.000104870637338365,0.00686301017596735,0.643884318994286,0.999957787024215
"Atxn7",51.1834176790644,-5.44119885880085e-05,0.00686613054118502,0.559183144941835,0.999957787024215
"Thoc7",366.728850057282,5.87770201237237e-05,0.00686288097540327,0.798916583797252,0.999957787024215
"3830406C13Rik",112.606466960363,1.4302193473069e-05,0.00686548913214598,0.913860617769354,0.999957787024215
"Fhit",37.0498110487625,-5.52404637890951e-06,0.00686630301328169,0.944565465818726,0.999957787024215
"Pdhb",150.866497096888,-1.49776185279353e-05,0.00686499752096968,0.92333944104186,0.999957787024215
"Pxk",67.7115335244239,5.22639463136227e-05,0.00686594107035371,0.622652588052364,0.999957787024215
"Rpp14",89.6501560392296,5.95511941119236e-05,0.0068656750005835,0.626012020588419,0.999957787024215
"Rtraf",596.217929832021,0.000106499161408242,0.00686113515742066,0.701364138233113,0.999957787024215
"Gng2",230.49518622835,0.000120868740583605,0.00686420317394304,0.518937584757756,0.999957787024215
"Saysd1",31.2483553032119,4.54403895881646e-06,0.00686636883035271,0.95072900979429,0.999957787024215
"Kcnk5",88.1793517668655,-3.82064604596156e-05,0.00686568114385634,0.753858545630095,0.999957787024215
"Nudt13",24.9957395783664,-5.27737696974727e-05,0.00686645591698965,0.416139802915502,0.999957787024215
"Ecd",118.489066020651,9.03890411438912e-06,0.00686534795536688,0.948282298306004,0.999957787024215
"Fam149b",40.5125807869497,-4.80668933539938e-05,0.00686626119436625,0.562413559036053,0.999957787024215
"Gm30054",23.1917868049992,-1.66890500072829e-05,0.00686646504058371,0.794049673216466,0.999957787024215
"Dnajc9",464.386644928136,6.20611949250242e-05,0.00686217817693755,0.804489874648447,0.999957787024215
"Mrps16",634.636952798396,0.000230762210989646,0.00686084260475721,0.417839459804577,0.999957787024215
"Anxa7",147.041847952844,1.5326386564327e-05,0.00686507771097895,0.919722498365604,0.999957787024215
"Mss51",17.5291796530048,-1.11802563883803e-05,0.00686654259970834,0.838838660577694,0.999957787024215
"Ppp3cb",242.371895576946,-1.05853333422274e-05,0.0068642090701868,0.954902919020841,0.999957787024215
"2810402E24Rik",26.1453966642979,3.22941189182081e-05,0.00686643510575608,0.630145510967725,0.999957787024215
"Sec24c",79.2918036487232,-0.000166454255235052,0.00686578968822509,0.149803594347087,0.999957787024215
"Fut11",17.4234507324678,6.08653453789277e-07,0.00686653871913679,0.9912428925082,0.999957787024215
"Chchd1",584.880481484013,0.000100713445065852,0.00686118823325614,0.715585150658158,0.999957787024215
"Zswim8",32.9882436642683,1.60713468397508e-05,0.00686634876146319,0.831186505354046,0.999957787024215
"Camk2g",131.820901810315,-4.22922701309518e-05,0.00686518381647369,0.77388792383827,0.999957787024215
"Ap3m1",93.243938901056,-3.88664299438254e-05,0.00686563162392318,0.755105986819112,0.999957787024215
"Adk",240.058435370718,-7.25184532739976e-06,0.00686406786604648,0.969915356643642,0.999957787024215
"Kat6b",34.804454710868,8.50387132418706e-05,0.00686633088219416,0.269416521614351,0.999957787024215
"Samd8",23.9977478854314,-7.06803974491271e-06,0.00686645572250471,0.913305904256801,0.999957787024215
"Vdac2",885.232917396074,0.000269386329989305,0.00685941486378936,0.395794865785701,0.999957787024215
"Comtd1",71.2758527113407,3.38559291580348e-05,0.00686587575821637,0.758984569155177,0.999957787024215
"Lrmda",95.5867002683824,1.97562254066389e-05,0.00686561508165597,0.874927431901269,0.999957787024215
"Polr3a",57.4494213663363,-5.85868789637479e-05,0.00686605237284593,0.553004226498124,0.999957787024215
"Rps24",11418.450403041,6.43663653160106e-05,0.00684827715093801,0.898007654260613,0.999957787024215
"Zmiz1",235.996169444231,0.00011297115278716,0.00686423755311585,0.543899547680635,0.999957787024215
"Ppif",94.8592989750942,3.66283827221973e-05,0.00686562275976022,0.769668737730282,0.999957787024215
"Zcchc24",18.7751605092746,9.0356338227505e-06,0.00686651989099041,0.875645983509596,0.999957787024215
"Anxa11",65.006995901035,6.54395365872663e-06,0.00686595090382971,0.950573213140501,0.999957787024215
"Tmem254",56.1853495468251,4.49092334409542e-05,0.00686606506288622,0.646321809718209,0.999957787024215
"Slmap",169.398345345639,3.14220967582822e-05,0.0068647831912777,0.848803446699733,0.999957787024215
"Dennd6a",57.6475164915565,9.71917193386993e-06,0.00686606099483671,0.921121376851883,0.999957787024215
"Arf4",302.952825969923,0.000175695020373982,0.00686350058977786,0.406212874315599,0.999957787024215
"Pde12",71.6107820307903,2.17312420595941e-06,0.00686588412681574,0.984213151792014,0.999957787024215
"Appl1",219.866630662016,-2.77527005909785e-06,0.00686425660373755,0.988058998291881,0.999957787024215
"Arhgef3",102.255321326252,-6.42193907363245e-05,0.00686555987471473,0.617232269721265,0.999957787024215
"Tasor",73.7675925177282,-5.15586810260387e-05,0.00686590386319115,0.634911951766775,0.999957787024215
"Ccdc66",67.2398497827576,-3.69422109917636e-05,0.00686592514345244,0.730463165856706,0.999957787024215
"Selenok",505.716500309098,0.000332612492595549,0.00686178991861424,0.202691069599527,0.999957787024215
"Actr8",38.5893252390268,-3.6719449129364e-05,0.00686627260006541,0.654420433696249,0.999957787024215
"Dcp1a",56.2064444721827,-8.84426169816854e-05,0.00686607912978032,0.361270491963912,0.999957787024215
"Tkt",561.547504761393,0.000102916242705492,0.00686156850210173,0.699721206788706,0.999957787024215
"Sfmbt1",67.0810214744528,-4.51464871201317e-05,0.00686594288769291,0.670435542285527,0.999957787024215
"Stimate",43.7566266189601,1.89421473382852e-05,0.00686620925380189,0.827974595831325,0.999957787024215
"Nek4",27.0276696069763,2.5914113407894e-05,0.00686642026962318,0.705482748078116,0.999957787024215
"Spcs1",574.728266950282,-1.56325787333365e-05,0.00686125258512823,0.954636924876683,0.999957787024215
"Glt8d1",19.3072059932139,2.6687347310664e-05,0.00686651450853851,0.647550996290393,0.999957787024215
"Gnl3",497.887537117015,0.000140873330147674,0.00686197484229481,0.582419371181672,0.999957787024215
"Pbrm1",564.889824864008,0.000157057749237068,0.00686149076679398,0.559049209217681,0.999957787024215
"Uqcc5",107.324263221783,0.000120471960965916,0.00686546523163694,0.366671591931238,0.999957787024215
"Nt5dc2",22.2461131607313,1.31330275058222e-05,0.00686647817800569,0.833573660816425,0.999957787024215
"Nisch",84.2716051525301,-8.71007061391454e-06,0.00686572428251809,0.941844613830539,0.999957787024215
"Phf7",30.1186624913939,1.08467316670236e-05,0.00686637885569745,0.881229255217275,0.999957787024215
"Bap1",30.3354178740506,1.3655496181875e-05,0.00686638493217532,0.849616409751143,0.999957787024215
"Capn7",58.6696626983999,5.96827310551253e-05,0.00686604891026937,0.546579280974243,0.999957787024215
"Sh3bp5",43.2187960789908,7.15567695889088e-05,0.00686623322913867,0.401323325322719,0.999957787024215
"Mettl6",78.8195488546898,1.094023847959e-05,0.00686583413140044,0.922808009502581,0.999957787024215
"Eaf1",77.8495796080588,6.0420643800781e-05,0.00686580935458094,0.597398430316604,0.999957787024215
"Ankrd28",113.53035768403,3.01030200134168e-05,0.00686540605295297,0.825406416135073,0.999957787024215
"Dph3",225.279280071846,-1.55543257625551e-05,0.00686423380774379,0.933452164350257,0.999957787024215
"Oxnad1",21.676313155552,2.32483918268963e-06,0.00686648429869492,0.970004466973508,0.999957787024215
"Ncoa4",45.8705144014923,-7.18554330419909e-05,0.00686623321093305,0.399369064987493,0.999957787024215
"Timm23",697.084090656745,0.000304274314190515,0.00686045971429603,0.30049015296582,0.999957787024215
"Parg",141.665844745106,4.80105889232994e-05,0.00686516849244192,0.745508462084226,0.999957787024215
"Ercc6",42.3272893438114,4.01220442750684e-05,0.00686623325600223,0.637935667150178,0.999957787024215
"Mapk8",21.2089013781188,-5.27347904313815e-06,0.00686649333793343,0.930898582262303,0.999957787024215
"Shld2",37.4347423946971,1.99686671499823e-05,0.00686629029604382,0.80417638181981,0.999957787024215
"Glud1",398.623743647163,5.09519136534381e-05,0.00686276916846077,0.827643167067821,0.999957787024215
"Wapl",503.769247922502,9.02819730504295e-05,0.00686179048669302,0.729489980209165,0.999957787024215
"Ccser2",57.9833312619511,-7.5162302833706e-05,0.00686605224240186,0.446632498955305,0.999957787024215
"Ghitm",452.577799927422,-0.000190096449197633,0.00686222649151989,0.44591117229757,0.999957787024215
"Tspan14",43.8736249907523,-6.82461771279966e-05,0.00686621922967182,0.429494906451788,0.999957787024215
"Prxl2a",48.7410492885247,-7.71420060301245e-05,0.00686616234372951,0.395501242482437,0.999957787024215
"Txndc16",23.4987646345953,-3.09477703642604e-06,0.00686646947721556,0.961099103904038,0.999957787024215
"Ero1a",252.049678292886,0.000217502897135025,0.00686403640444654,0.260749599029227,0.999957787024215
"Psmc6",452.552259866652,5.61510774400261e-05,0.00686217528779423,0.822837630250842,0.999957787024215
"Styx",39.4751714933263,2.91844392646938e-05,0.00686626286190126,0.724619635835285,0.999957787024215
"Gnpnat1",123.61634352909,8.74567479749026e-05,0.00686530517190816,0.536362896313288,0.999957787024215
"Ddhd1",76.8458718631188,-5.25674151575034e-05,0.0068658392868059,0.640582256394354,0.999957787024215
"Cdkn3",59.1878442695744,-4.41743482463987e-06,0.00686604890535073,0.964407638848664,0.999957787024215
"Cnih1",146.218888732373,0.000118184848482878,0.00686502674399308,0.443870630336575,0.999957787024215
"Gmfb",206.941344672651,-9.09101939670736e-05,0.00686447049857195,0.608229889028302,0.999957787024215
"Cgrrf1",45.0425846194857,-8.32817907401113e-06,0.00686619610162728,0.924772558483793,0.999957787024215
"Gch1",18.6591517555814,2.43546480835635e-05,0.00686652461694571,0.67012815560727,0.999957787024215
"Wdhd1",102.253969730906,-5.11968795322623e-05,0.0068655734558862,0.688641819520318,0.999957787024215
"Socs4",84.100844644299,6.13137976869771e-06,0.00686574154401814,0.958699414238582,0.999957787024215
"Mapk1ip1l",195.342968940597,4.7923842913376e-05,0.00686457652882224,0.782017258993022,0.999957787024215
"Lgals3",1349.0950945554,0.000295841303788259,0.00685721602799859,0.413094113632864,0.999957787024215
"Dlgap5",183.318013812377,7.57461055590654e-05,0.00686463233647501,0.65775751146296,0.999957787024215
"Fbxo34",49.7371191851778,7.92309738130999e-07,0.00686613820092088,0.993172906626701,0.999957787024215
"Atg14",17.2672429836762,-5.96354432830124e-06,0.00686653805575935,0.914487902376214,0.999957787024215
"Ktn1",279.793249843288,-0.000103237707373442,0.00686368976599799,0.615087631811529,0.999957787024215
"Tmem260",44.3193005748222,-1.64833809204263e-05,0.00686623286666877,0.846754786045878,0.999957787024215
"Exoc5",175.700006523645,-2.42161252194353e-05,0.00686472614025231,0.884826206176308,0.999957787024215
"Ap5m1",45.4665141489456,-3.76939194969549e-05,0.00686619080594995,0.67055573841572,0.999957787024215
"Naa30",31.3842717978433,-3.79481945147772e-05,0.00686637728840919,0.601904788825136,0.999957787024215
"Ttc5",77.2903864160825,7.32795425490383e-06,0.00686580447507499,0.94905667209605,0.999957787024215
"Ccnb1ip1",76.5178360294659,-4.09770774371971e-05,0.00686594928169023,0.698190503875881,0.999957787024215
"Parp2",141.106245707811,0.000105433660896836,0.00686508018354455,0.487795216011941,0.999957787024215
"Tep1",60.5055021951791,4.97437254051939e-05,0.00686604883198805,0.615339752158469,0.999957787024215
"Gm26782",16.2130232550879,-7.08938153599942e-06,0.00686655130740037,0.895307026482212,0.999957787024215
"Osgep",85.6118020912642,-1.57742467225699e-05,0.00686571028550449,0.895588017964987,0.999957787024215
"Apex1",276.857884756098,-4.86485135454941e-05,0.00686373742379731,0.811259071400749,0.999957787024215
"Pip4p1",36.1912993561425,-4.74459121139612e-05,0.00686630996700394,0.547317308666767,0.999957787024215
"Pnp",134.60530026774,-9.35738170774565e-05,0.00686516458749947,0.527506436787788,0.999957787024215
"Mettl17",36.8915674752881,-3.99224051936516e-05,0.00686629336654413,0.618959983302303,0.999957787024215
"Hnrnpc",1050.00750293108,0.000255745215860876,0.00685853158420786,0.446181169998639,0.999957787024215
"Rpgrip1",31.248308575974,-5.62902445420675e-06,0.00686636378294792,0.93937172876176,0.999957787024215
"Supt16",838.808664908803,5.18144618393888e-05,0.00685984140039654,0.866368401504264,0.999957787024215
"Chd8",177.820300222217,-7.04307533920185e-05,0.00686468735688056,0.676426541040084,0.999957787024215
"Rab2b",24.7955260525941,-3.91535052659655e-05,0.00686644482149852,0.553412962036707,0.999957787024215
"Tox4",158.556668858783,-5.64606636508356e-05,0.00686506130117582,0.711769668799641,0.999957787024215
"Mettl3",24.5377221831444,-1.35682009937444e-05,0.00686644633685723,0.836893507987718,0.999957787024215
"Trav14d-3-dv8",15.729453078683,3.35879947727386e-06,0.00686656375110714,0.94875847814799,0.999957787024215
"Trdc",1180.16368935067,0.000219134537090066,0.00685937756584485,0.490816598661893,0.999957787024215
"Trdv5",21.3434088927976,3.7223861795036e-05,0.00686649644948972,0.538121492089609,0.999957787024215
"Trac",244.280709953778,-5.30896313756372e-05,0.0068640246610793,0.784148646439654,0.999957787024215
"Dad1",554.510257729276,0.000462634359296683,0.00686146176650625,0.0861083671117054,0.999957787024215
"Oxa1l",105.871771818813,1.26361379587211e-05,0.00686549989405544,0.923539814641585,0.999957787024215
"Mrpl52",542.500152996206,0.000139521935060656,0.00686162374905884,0.599109849577649,0.999957787024215
"Lrp10",103.920364410859,-1.47214121730927e-07,0.00686553150537619,0.999096476766161,0.999957787024215
"Prmt5",228.543046957081,0.000165865891890987,0.00686418913489832,0.37740698850418,0.999957787024215
"Haus4",81.4105114302563,8.86765018619632e-05,0.00686576032963104,0.449681161313895,0.999957787024215
"Psmb5",695.353156465574,8.05194992507781e-05,0.00686051884104889,0.783099164885683,0.999957787024215
"Acin1",609.343998391791,-0.000291441861339391,0.00686107712862635,0.296458132888824,0.999957787024215
"1700123O20Rik",116.792602301723,-7.78529074112845e-05,0.00686541645998568,0.56684055925218,0.999957787024215
"Pabpn1",461.540943485131,-0.000104640319524996,0.00686209746101568,0.679054524111158,0.999957787024215
"Ngdn",178.01979276328,0.000102186939492973,0.00686469512920211,0.544079897852906,0.999957787024215
"Zfhx2",14.115340543456,2.151599711103e-05,0.00686657893789162,0.668393040218809,0.999957787024215
"Ap1g2",39.3435278143593,-2.4305767523788e-05,0.00686627185533482,0.767172442369375,0.999957787024215
"Dhrs4",42.9714802663862,-3.77282654306702e-05,0.00686622006364948,0.662039437955082,0.999957787024215
"Pck2",33.2013790633755,-1.55295089491538e-05,0.00686633813623553,0.838823163525204,0.999957787024215
"Dcaf11",27.2917714594047,1.23202160364241e-05,0.00686643191649976,0.85494468135483,0.999957787024215
"Psme1",1053.0373405886,-0.00019145669128547,0.00685875513921765,0.563141885252646,0.999957787024215
"Psme2",876.029290890777,0.000224332969691113,0.00685947223137522,0.477761085958847,0.999957787024215
"Rnf31",21.4521310074634,2.62769015350695e-06,0.00686649036702853,0.965723834150936,0.999957787024215
"Irf9",71.2381915339575,-4.23219159661672e-05,0.00686589806451783,0.697682482565919,0.999957787024215
"Ipo4",46.0203415914358,7.7207123981133e-06,0.00686620869284775,0.929459106860438,0.999957787024215
"Tm9sf1",65.2509349509792,3.74115642060624e-05,0.00686597187006146,0.719562845602582,0.999957787024215
"Mdp1",105.25247092875,4.7336157487642e-05,0.00686548132644842,0.721150973784938,0.999957787024215
"Nedd8",734.825103107992,9.22904854068469e-06,0.00686019635264026,0.975453127998808,0.999957787024215
"Gmpr2",37.1083228579448,-4.22146765486454e-05,0.00686629274904013,0.599211494222226,0.999957787024215
"Tinf2",32.2962303768931,3.82686779513364e-05,0.00686635025268461,0.611077705427468,0.999957787024215
"Rabggta",16.3566925884572,5.53044784866269e-05,0.00686655358106079,0.30201628868774,0.999957787024215
"Dhrs1",28.1031234805859,1.00764855885204e-06,0.00686640524882358,0.988524096943631,0.999957787024215
"Nop9",109.704790729769,1.29106249478168e-05,0.00686543079106704,0.923930385286274,0.999957787024215
"Ltb4r1",60.3295976776855,2.26566728884711e-05,0.00686608475881949,0.814331579812289,0.999957787024215
"Ripk3",42.9663579037177,5.7951339383719e-05,0.00686621903343923,0.502375760080058,0.999957787024215
"Khnyn",21.7388643654468,2.76070529890737e-05,0.00686648293205331,0.656006708069526,0.999957787024215
"Sdr39u1",62.1488701263174,3.81427217524875e-05,0.00686598604224902,0.71184145457862,0.999957787024215
"Gzme",404.488524361122,0.000101304351868843,0.00686646378345442,0.113809499340004,0.999957787024215
"Gzmd",616.47960867579,2.61504753972468e-05,0.00686652778553866,0.645188661333414,0.999957787024215
"Gzmc",1266.50395994285,-2.4650221246313e-05,0.00686596042453093,0.814303531422938,0.999957787024215
"Gzmb",23148.9684234301,0.00106643712051967,0.00684698582791466,0.0400073028008732,0.999957787024215
"Cenpj",67.8189974429101,1.46924079100922e-06,0.00686592783306436,0.989050457817912,0.999957787024215
"Parp4",103.79898985237,-3.8280757350096e-05,0.00686549886280912,0.771329115130659,0.999957787024215
"Mphosph8",165.720523825522,-0.000134280688757645,0.00686494189559409,0.395629076775682,0.999957787024215
"Pspc1",210.655780146207,0.000100818296612625,0.00686442905076412,0.573160883199333,0.999957787024215
"Zmym5",66.2596581428865,7.86961342974119e-06,0.00686594024889221,0.940962778296566,0.999957787024215
"Zmym2",89.2648052761319,3.13643863534065e-06,0.00686569579162574,0.979324025197968,0.999957787024215
"Cryl1",20.6926883304643,-4.71216328471502e-05,0.00686650178947233,0.431109960482386,0.999957787024215
"Eef1akmt1",132.530087454593,1.2733228186492e-05,0.00686523682570822,0.929887678759968,0.999957787024215
"Xpo4",189.432128331709,4.32025974195897e-05,0.00686465876009309,0.799297172774386,0.999957787024215
"Sap18",303.035612862853,7.43506932816806e-05,0.00686352535728262,0.724220289582878,0.999957787024215
"Ska3",31.1505192371982,-5.02608399199784e-06,0.00686636581055056,0.945717305121659,0.999957787024215
"Mrpl57",367.542775910738,4.39131642834488e-05,0.00686287627258802,0.849142994246371,0.999957787024215
"Zdhhc20",169.063462698118,1.83908659933461e-05,0.00686480128113424,0.910748251620497,0.999957787024215
"Micu2",160.556443751829,6.09761161419129e-05,0.00686487549925042,0.704769373460437,0.999957787024215
"Rcbtb1",64.0969690348235,1.84882366497594e-05,0.00686596447790108,0.859814392610484,0.999957787024215
"Phf11b",20.2317856188649,8.82873175012556e-06,0.00686651087457765,0.880650118179968,0.999957787024215
"Phf11c",25.2579554831442,-5.1189944018275e-05,0.00686645510195089,0.430879632287529,0.999957787024215
"Setdb2",74.7906709580642,1.15930187263258e-06,0.00686585479648597,0.991714874621208,0.999957787024215
"Cab39l",102.045236616499,-4.41786652349717e-05,0.0068655354536566,0.733572955838326,0.999957787024215
"Cdadc1",45.6040723529787,-9.27290708157478e-07,0.00686618871449751,0.99166574461506,0.999957787024215
"Gm49336",121.682456938752,9.51398853586277e-05,0.00686532820165289,0.49776056911619,0.999957787024215
"Mtmr6",53.510673590153,3.91756309663768e-06,0.00686611549855122,0.966849916834548,0.999957787024215
"Spata13",77.5283183932255,-8.6263396153851e-05,0.00686585875992591,0.438714043453374,0.999957787024215
"Mipep",40.1514565115708,2.40349356453748e-05,0.0068662651586087,0.771204601419387,0.999957787024215
"Sacs",126.474445019286,-3.41750563080807e-05,0.00686528629093493,0.810276215866481,0.999957787024215
"Ebpl",121.885512764261,4.91592934622655e-05,0.00686535800131991,0.723316349239896,0.999957787024215
"Kpna3",223.193633727295,-1.81123797803343e-05,0.00686424146060559,0.922422772120543,0.999957787024215
"Spryd7",77.0001003757124,7.35242720582895e-05,0.00686582315956961,0.517380207673737,0.999957787024215
"Trim13",28.8642651962837,3.70766778006859e-06,0.00686640236411462,0.957961507361637,0.999957787024215
"Dleu2",156.949702946798,7.4000437552166e-05,0.00686503813649532,0.630516586741128,0.999957787024215
"Rnaseh2b",145.199233671316,6.48582011912638e-05,0.006865035001981,0.673613908648338,0.999957787024215
"Ints6",156.617671580504,-7.16664026429265e-05,0.0068649586565935,0.648779686989699,0.999957787024215
"Ctsb",102.491936871178,6.00155282579474e-05,0.00686562782670103,0.630633708644009,0.999957787024215
"Fdft1",105.300713672763,4.60695513973294e-05,0.006865579692091,0.717712286282174,0.999957787024215
"Mtmr9",41.6779194700833,5.9849253360814e-05,0.00686623964192538,0.480040838420875,0.999957787024215
"Pinx1",134.541375981834,-7.90375947257261e-05,0.00686515511757394,0.594660799264164,0.999957787024215
"Msra",65.8714220634115,-2.30838726949994e-05,0.00686594947289317,0.8270650135483,0.999957787024215
"Kif13b",53.5760526211997,-2.07264898946171e-05,0.0068660941468048,0.828724470418215,0.999957787024215
"Hmbox1",66.6877457187978,2.88955462841462e-05,0.00686593088928176,0.78685400227375,0.999957787024215
"Ints9",74.0890765454545,9.27435211946824e-05,0.00686585405846647,0.406323323165851,0.999957787024215
"Extl3",32.2350415303318,1.20663080335457e-05,0.00686637897609507,0.867970805796567,0.999957787024215
"Zfp395",17.1312689938193,2.03470019696265e-05,0.00686654364879631,0.710625527457601,0.999957787024215
"Elp3",47.0109172869265,-5.9493403349785e-06,0.00686616795484952,0.947507158637546,0.999957787024215
"Pbk",89.1185766443819,2.63440065150843e-05,0.00686570203564689,0.827179720872029,0.999957787024215
"Esco2",101.608965275887,6.65780613027134e-05,0.00686555458840394,0.605157304679217,0.999957787024215
"Ccdc25",145.231923159185,2.8220093998109e-05,0.00686506285362825,0.853419266499578,0.999957787024215
"Ptk2b",212.01148344792,-1.88287895845695e-05,0.00686436890498074,0.917255315907551,0.999957787024215
"Trim35",86.8522411677025,7.47392071205814e-05,0.0068656945594256,0.537093663485697,0.999957787024215
"Dpysl2",97.7055849870016,7.47785001359948e-05,0.00686556737486177,0.559372748074321,0.999957787024215
"Bnip3l",140.772248621854,0.000147812120496622,0.00686509021941731,0.329258246115734,0.999957787024215
"Ppp2r2a",316.440156321873,6.85465420601521e-05,0.00686336208547298,0.750951022728886,0.999957787024215
"Cdca2",119.923011990707,8.00639160778567e-05,0.00686531797811759,0.569656997178957,0.999957787024215
"Kctd9",35.9040065099012,-2.32495323081901e-05,0.00686631226181291,0.767506623352673,0.999957787024215
"Dock5",58.7637385991501,1.77774863552034e-06,0.00686603262127682,0.985832895039293,0.999957787024215
"Slc25a37",38.9584456293423,-4.81300443116232e-07,0.00686626843721503,0.995338344452601,0.999957787024215
"R3hcc1",48.5919783017284,-7.28745004525457e-05,0.00686616370712383,0.421632955380199,0.999957787024215
"Chmp7",19.1829316397627,8.62158009100851e-07,0.00686651417470306,0.988224245281018,0.999957787024215
"Tnfrsf10b",21.1844307074607,1.76480421883726e-05,0.00686649802668771,0.769709832480983,0.999957787024215
"Rhobtb2",16.8096916775457,1.43462177569934e-06,0.00686654714434757,0.978961587635568,0.999957787024215
"Bin3",75.1453787153445,3.32480332303701e-05,0.00686584154539557,0.767490695888963,0.999957787024215
"Ccar2",44.8777852529396,-0.000106977022194391,0.00686620556754134,0.221273190232369,0.999957787024215
"Pdlim2",59.2711634800895,-3.64307656312141e-05,0.00686602965564971,0.716495536734995,0.999957787024215
"Ppp3cc",439.524501890383,-5.66103647855681e-05,0.00686245759803871,0.815761524123677,0.999957787024215
"Slc39a14",69.0647097764088,-4.80522142314461e-06,0.00686590620992846,0.964654281252527,0.999957787024215
"Polr3d",117.233793931964,-2.85533634764352e-05,0.00686535404325982,0.837303713931986,0.999957787024215
"Reep4",106.641469193015,0.000117057540603186,0.00686550568040943,0.372856739371787,0.999957787024215
"Nudt18",17.6019747368053,6.49537154558134e-06,0.00686654350099317,0.905751122958916,0.999957787024215
"Fhip2b",16.3945512215417,-2.07381735561464e-05,0.00686654944736433,0.701529889456293,0.999957787024215
"Xpo7",257.067014225263,3.61254922963114e-05,0.00686389715460271,0.855425676934414,0.999957787024215
"Dok2",502.339120353746,-0.0001117394936594,0.00686185341961674,0.666670750736051,0.999957787024215
"Fndc3a",526.766823491263,0.000155549335538291,0.00686167994330404,0.555664888749,0.999957787024215
"Cysltr2",37.5029493575147,5.67490115598692e-05,0.00686630869380472,0.472281524761005,0.999957787024215
"Rcbtb2",93.2930086940486,2.35952550044016e-06,0.00686570921843126,0.984346056722713,0.999957787024215
"Rb1",124.521689726584,-5.25646177321137e-05,0.00686528658907543,0.711912894675743,0.999957787024215
"Lpar6",35.4320677619985,-4.37582060817577e-05,0.00686631932868167,0.574906643109182,0.999957787024215
"Itm2b",853.254123543119,-8.83751206643485e-07,0.0068594899870379,0.997765879070433,0.999957787024215
"Med4",115.288594929039,8.08734582789901e-05,0.00686538882412057,0.555915154838785,0.999957787024215
"Sucla2",118.89533471671,7.86760946390529e-05,0.00686533619277723,0.573942102645946,0.999957787024215
"Esd",375.205433314702,2.41586043004668e-06,0.00686283666189739,0.991692919635061,0.999957787024215
"Lrch1",111.854253371856,-8.71747622836842e-05,0.00686543412162535,0.518582643224588,0.999957787024215
"Lcp1",2285.98979474763,0.000140508702722822,0.00685444098450002,0.732098256881571,0.999957787024215
"Zc3h13",318.759685602846,-1.27535452476361e-05,0.00686333327901666,0.953108621123868,0.999957787024215
"Cog3",58.2555469130046,9.27818650278219e-05,0.00686603608106139,0.352919934004191,0.999957787024215
"Slc25a30",31.271976426866,-1.97639520555515e-05,0.00686636288479497,0.78966089868538,0.999957787024215
"Tpt1",11603.4771113328,-8.98168365990057e-06,0.00684851139450994,0.985639106074124,0.999957787024215
"Gtf2f2",266.258143632538,-0.000205402215337649,0.00686410890712748,0.28172629827639,0.999957787024215
"Gpalpp1",93.9947900709197,1.7165800451919e-05,0.00686561256459786,0.891335491260408,0.999957787024215
"Nufip1",194.714299876945,8.12052514718588e-06,0.00686451443780602,0.963124616994891,0.999957787024215
"Tsc22d1",28.3899502377357,-6.38131700733651e-06,0.00686641927419828,0.925959368258985,0.999957787024215
"Serp2",34.1255033126131,-5.4279278482553e-05,0.00686633267965933,0.479937747844026,0.999957787024215
"Dnajc15",455.269278631476,0.000189901142042537,0.00686221124898882,0.447139690630155,0.999957787024215
"Epsti1",294.285263664734,9.09052009179222e-06,0.00686370953996825,0.964570550321401,0.999957787024215
"Tnfsf11",30.760175469849,2.81391814446738e-06,0.0068663689230221,0.969473142408322,0.999957787024215
"Akap11",105.773397689897,-9.59151552147217e-06,0.00686548318395343,0.942304462761051,0.999957787024215
"Dgkh",21.4118386131986,-2.27909042456136e-06,0.00686650754045845,0.969284971059281,0.999957787024215
"Vwa8",102.514835002388,-0.000118301852300264,0.00686553411364396,0.362313752653204,0.999957787024215
"Naa16",135.342949366769,7.30838599040469e-05,0.00686514633199623,0.623656754479217,0.999957787024215
"Wbp4",151.524924732771,8.33172774592572e-05,0.0068649802678323,0.594240794002658,0.999957787024215
"Elf1",446.74696121404,-3.11048943111957e-05,0.00686236734291392,0.899174720055331,0.999957787024215
"Sugt1",305.860220862125,-0.000110530070106383,0.00686343501534686,0.604912201686462,0.999957787024215
"Diaph3",283.921967326647,-0.000101260761997662,0.00686365511363339,0.623821657357106,0.999957787024215
"Tdrd3",74.8404619016941,1.87051516932056e-05,0.00686583835428281,0.868118682003353,0.999957787024215
"Mzt1",68.7094425308705,1.3829399743334e-05,0.00686593569127812,0.896734534117093,0.999957787024215
"Bora",106.147583058274,7.73811572120029e-06,0.00686548024232479,0.953492324962525,0.999957787024215
"Dis3",183.792118594811,-7.42445273817729e-05,0.00686467030558247,0.661278760454002,0.999957787024215
"Pibf1",113.559799933583,1.79359604164218e-05,0.0068653928786864,0.895931513595265,0.999957787024215
"Klf12",61.0987472383576,6.85454476655023e-05,0.00686601560089501,0.498524350723747,0.999957787024215
"Commd6",88.2146150870093,-8.26643675931537e-05,0.00686569643985725,0.494440546522758,0.999957787024215
"Uchl3",383.072875778641,6.7104178735194e-05,0.00686277948370107,0.774022829085036,0.999957787024215
"Kctd12",22.047681360146,-2.00033767343765e-05,0.00686648137751122,0.74756124419067,0.999957787024215
"Cln5",29.5613542297084,-1.71349185055685e-05,0.00686638578108659,0.811735466815481,0.999957787024215
"Fbxl3",59.1069801349766,-8.18555532537005e-05,0.00686604989293409,0.407984565185698,0.999957787024215
"Mycbp2",675.306287600574,0.000164162680401692,0.00686060409088205,0.572001102318144,0.999957787024215
"Slain1",35.6300334734922,9.84302956522717e-06,0.00686631425082463,0.900175325418321,0.999957787024215
"Obi1",80.9023984987637,-3.67309576597985e-05,0.00686584295407793,0.743758123761121,0.999957787024215
"D130009I18Rik",56.5389069303678,-6.6977107642476e-06,0.00686606405605229,0.945477408519164,0.999957787024215
"Rbm26",348.898928334477,6.05744129186223e-05,0.00686309814093271,0.787009221377293,0.999957787024215
"Ndfip2",150.251200610337,-5.55932134128394e-06,0.00686499346010928,0.971540318374797,0.999957787024215
"Gm10076",1607.36757240388,0.000171924672907703,0.00685719071716933,0.63477861424045,0.999957787024215
"Spry2",49.7441051080906,5.65129274544757e-05,0.00686613579553709,0.542429665084659,0.999957787024215
"Tpm3-rs7",531.308884876832,7.76659759151371e-05,0.0068617584357559,0.766826149806629,0.999957787024215
"Mir17hg",28.8614480325004,-3.35669643419223e-05,0.00686640363306386,0.632605124080668,0.999957787024215
"Tgds",65.7594993823593,8.67752838683538e-06,0.00686594375155993,0.934776005227502,0.999957787024215
"Gpr180",26.6680944379544,-2.82936801343265e-05,0.00686642334654592,0.67850819888657,0.999957787024215
"Abcc4",64.3041324689486,2.36633568704233e-05,0.00686596265971957,0.821365321757883,0.999957787024215
"Dnajc3",376.380833746056,6.37018786884887e-05,0.0068630063744819,0.778971986991714,0.999957787024215
"Mbnl2",150.202352612878,-4.65461252491888e-05,0.00686498356273803,0.765798994882492,0.999957787024215
"Rap2a",47.0021855980771,-3.02392765740922e-05,0.00686617719743672,0.735913901234332,0.999957787024215
"Ipo5",277.426995803984,-5.51602070235138e-05,0.00686370842308475,0.787561083457784,0.999957787024215
"Farp1",23.04835009046,6.24405523729323e-06,0.00686646752393554,0.921867535994076,0.999957787024215
"Stk24",230.195552422387,6.59439904151644e-05,0.00686416654421607,0.726786322443351,0.999957787024215
"Dock9",68.2326004119758,-2.51748748780483e-05,0.00686592109245393,0.814825002829596,0.999957787024215
"Ubac2",206.064953044335,-1.89965376394895e-05,0.00686444547116811,0.915159141288554,0.999957787024215
"Gpr18",36.7500516502903,6.21811873076558e-06,0.00686633733433772,0.93515126640817,0.999957787024215
"Gpr183",54.6333229838327,-8.12271539785956e-05,0.00686607944794899,0.401659810050121,0.999957787024215
"Tm9sf2",196.536238539659,9.53254885504432e-06,0.00686454607424418,0.956411210843268,0.999957787024215
"Pcca",101.816487828093,-5.09185935912769e-05,0.00686553145377089,0.695304139920087,0.999957787024215
"Ggact",26.3365525385337,7.97203642675796e-06,0.0068664234923689,0.907006922418746,0.999957787024215
"Fbxo4",43.3376900937518,-1.320945983575e-05,0.00686622116534548,0.878245930783491,0.999957787024215
"Rimoc1",26.627465313015,-3.38705513276668e-05,0.00686643715011551,0.612427992398041,0.999957787024215
"Oxct1",344.10219154325,0.000206076623176518,0.00686309011335508,0.358506278793769,0.999957787024215
"Card6",37.8459835210835,-8.3325439135067e-05,0.00686628514270256,0.303464021573587,0.999957787024215
"Rpl37",5591.85017058836,-0.000449561880370926,0.00685048988991459,0.340186839565523,0.999957787024215
"Prkaa1",43.3253384766624,-1.29516575510145e-05,0.00686621850186364,0.880894466576081,0.999957787024215
"Ttc33",43.1500042707238,-2.95598714010843e-05,0.0068662302761231,0.729543375399308,0.999957787024215
"Ptger4",80.3872675616339,-5.29707499351956e-05,0.00686589617055727,0.627208692349794,0.999957787024215
"Fyb",311.750396730806,4.54131676499264e-05,0.00686337528821164,0.833135527478984,0.999957787024215
"Rictor",140.516280040982,-3.51380692635811e-05,0.00686509914922261,0.816115369297729,0.999957787024215
"Wdr70",123.121085391008,3.82739599945828e-05,0.0068653188830923,0.785714718968763,0.999957787024215
"Nup155",130.621521081917,-8.35410955540105e-06,0.00686520282973196,0.95446997807306,0.999957787024215
"Cplane1",49.7762000551915,-5.58174583872559e-05,0.00686613979628199,0.546126007536538,0.999957787024215
"Nipbl",464.025316406054,-4.6891675267666e-05,0.00686225540047533,0.850384832163125,0.999957787024215
"Nadk2",33.3538841974387,2.28869162624832e-06,0.00686634784492322,0.975807826891379,0.999957787024215
"Skp2",40.4289705556382,7.69379026998158e-06,0.00686630246713146,0.922895837134544,0.999957787024215
"Lmbrd2",51.4406046203401,-6.9363423740395e-06,0.00686614271969446,0.940069984232515,0.999957787024215
"Il7r",115.478717947298,-2.12976598727511e-06,0.0068665269753609,0.970137114780493,0.999957787024215
"Spef2",20.2397359133043,-4.12819266353502e-05,0.00686650356838709,0.488881300566918,0.999957787024215
"Dnajc21",325.489526683261,-9.16776967511691e-05,0.00686346675044581,0.666346881139421,0.999957787024215
"Brix1",401.209816257653,8.47549324124985e-05,0.00686266980024338,0.72052763288096,0.999957787024215
"Rad1",50.964160437943,1.71568280085739e-06,0.00686613204660915,0.985289432520586,0.999957787024215
"Rai14",44.4454958731242,8.72176329565495e-05,0.00686621617256868,0.314005405670038,0.999957787024215
"Tars",318.402481971822,-2.88999279621047e-06,0.00686334792731005,0.989345710033013,0.999957787024215
"Sub1",2182.82444002389,0.00058711010917358,0.00685464187954707,0.149249010766244,0.999957787024215
"Zfr",399.063958954602,4.54680956945116e-05,0.00686282352836676,0.844902773893982,0.999957787024215
"Mtmr12",59.0087607216694,-1.05950776320675e-05,0.00686602554880899,0.916123083048212,0.999957787024215
"Golph3",101.114172264846,6.88608941290237e-05,0.00686555418885374,0.592900985652318,0.999957787024215
"6030458C11Rik",78.5596265293784,5.28326789128534e-05,0.00686581841158188,0.642628627601483,0.999957787024215
"Drosha",61.3045599285679,-9.18578348427586e-05,0.00686600901689837,0.366510522735368,0.999957787024215
"Basp1",40.4028223269469,5.17704804952987e-05,0.00686626075087669,0.53287911720722,0.999957787024215
"Myo10",174.358023187076,0.000101612143065656,0.00686486032537213,0.529433615290863,0.999957787024215
"Retreg1",63.854940106433,-6.14069104876987e-06,0.00686598936078792,0.952477813856223,0.999957787024215
"Zfp622",97.2526432825196,4.87906573503323e-05,0.0068655740210112,0.702493241996464,0.999957787024215
"Ank",23.8377225867699,3.36381454746354e-06,0.00686646999790905,0.957682826863675,0.999957787024215
"Otulin",287.311831327751,0.000158839238288422,0.00686365911875641,0.441412793154693,0.999957787024215
"Otulinl",96.3419168016457,0.000122613059668994,0.00686560304541922,0.331146136382634,0.999957787024215
"Trio",83.6587315485531,-5.59863721158568e-05,0.006865754783689,0.634105412425038,0.999957787024215
"Dap",215.527666861834,5.49630417960888e-05,0.00686438471002938,0.760918353956544,0.999957787024215
"Marchf6",96.0371508270777,6.36827957818521e-05,0.00686559425683121,0.6150790839905,0.999957787024215
"Cct5",844.985486481617,0.00018269302215973,0.00685954569222752,0.561196966825933,0.999957787024215
"Atpsckmt",45.8758227663719,2.76300753953891e-06,0.00686618650226273,0.975218030154075,0.999957787024215
"Gm56714",191.224848575122,3.45907142688614e-05,0.00686459962252141,0.840875305185349,0.999957787024215
"Mtdh",802.27584286032,8.86827868224344e-05,0.00686011070621828,0.768937614690143,0.999957787024215
"Rpl30",4976.67625349539,-7.64977356757233e-05,0.00685070838379585,0.870209225128939,0.999957787024215
"Rida",27.1955770474832,3.19411244746109e-05,0.0068664198945803,0.641521559725152,0.999957787024215
"Pop1",94.028691138349,7.78046758379088e-05,0.00686561261826588,0.53576797931627,0.999957787024215
"Stk3",62.5215646796851,-3.23714889083476e-05,0.00686598722079367,0.753724567568276,0.999957787024215
"Vps13b",246.35786332365,9.91370624678027e-05,0.00686401660894208,0.609526599891353,0.999957787024215
"Cox6c",1393.26667535161,7.14003313229235e-05,0.00685723271712726,0.843275779773814,0.999957787024215
"Polr2k",474.783461149863,0.000182646303098098,0.00686201761325704,0.473928422710567,0.999957787024215
"Rnf19a",53.8844862132958,-3.87255861907717e-05,0.00686609226923139,0.68647642815053,0.999957787024215
"Ankrd46",15.5628146023433,2.31651834265534e-05,0.0068665630845795,0.658132705428523,0.999957787024215
"Pabpc1",2533.64153377558,-0.000242444957103565,0.0068547767601016,0.54925722205818,0.999957787024215
"Gm56743",27.0721521857266,-3.74894479460984e-05,0.00686641714616592,0.586257644459371,0.999957787024215
"Ywhaz",1289.52815447891,-9.0701683803181e-05,0.00685751409843429,0.798778124715371,0.999957787024215
"Zfp706",515.207274345633,0.000205565037972428,0.00686169012356716,0.435652843103035,0.999957787024215
"Ncald",16.369137604713,2.98822878593568e-05,0.00686656106804733,0.570076720380294,0.999957787024215
"Rrm2b",56.3423960746333,3.27073896341631e-05,0.0068660673917419,0.737806235634124,0.999957787024215
"Ubr5",271.450388088798,7.21088437947641e-05,0.00686381204351181,0.72004004754742,0.999957787024215
"Azin1",224.395992319806,7.31190878870561e-05,0.00686421938824779,0.695485890201051,0.999957787024215
"Atp6v1c1",113.178803821207,4.77195328350688e-05,0.00686540126601293,0.727031786811366,0.999957787024215
"Slc25a32",88.378772278809,5.22728820346495e-05,0.0068656908529655,0.666515677412339,0.999957787024215
"Dcaf13",195.343880655474,1.47098833571399e-05,0.00686450582785712,0.933383546164606,0.999957787024215
"Rims2",29.2740039435511,2.56593494660302e-05,0.00686640868866951,0.712841475565025,0.999957787024215
"Lrp12",42.2756242378781,1.55165096876167e-05,0.00686622869698153,0.856200399363616,0.999957787024215
"Oxr1",105.740650706803,-4.48102378643577e-07,0.00686548178142171,0.997303672606005,0.999957787024215
"Eif3e",755.218400908692,-7.42952144791116e-05,0.00686007871656303,0.8060559307836,0.999957787024215
"Emc2",177.705420250977,-5.79567472177667e-05,0.00686469091259703,0.731054780384802,0.999957787024215
"Nudcd1",150.104609094599,8.45379825093703e-05,0.00686499006418605,0.587821280275702,0.999957787024215
"Eny2",491.161492105805,0.000229177955552957,0.00686192238835569,0.373642275798106,0.999957787024215
"Ebag9",53.560743769232,1.23775141024434e-05,0.00686610180162401,0.896614526789449,0.999957787024215
"Trps1",156.491416973495,2.26603600917207e-05,0.0068650471404053,0.88259751550913,0.999957787024215
"Eif3h",1018.07551687297,0.000120659613585598,0.00685879955991274,0.714818409578393,0.999957787024215
"Utp23",124.750750054401,-1.06593669878916e-05,0.00686527746151273,0.940488315087445,0.999957787024215
"Rad21",357.69955879453,0.000208950271741952,0.00686301936184008,0.356429182409419,0.999957787024215
"Med30",315.585977909928,0.000221902734099085,0.00686334300733415,0.305555699570298,0.999957787024215
"Ext1",44.4996423189069,1.42729576860851e-05,0.00686620011132496,0.870990560420253,0.999957787024215
"Tnfrsf11b",78.215800203412,0.000115355442033525,0.00686584062195159,0.305227886625841,0.999957787024215
"Ccn3",63.2538014126094,0.000229087799002605,0.00686600389844985,0.0248007675375934,0.999957787024215
"Taf2",84.4762055223676,2.48529804528004e-05,0.00686573628045128,0.834159412129135,0.999957787024215
"Dscc1",43.5854826528164,1.37200411597727e-06,0.0068662155208726,0.987370668005483,0.999957787024215
"Mrpl13",251.024519169421,-2.93766218183737e-05,0.00686399483890452,0.880172025386511,0.999957787024215
"Mtbp",95.9925397966512,3.88625181411788e-05,0.00686561908096974,0.756433146420407,0.999957787024215
"Zhx2",33.5681483789991,-3.89854429337924e-05,0.0068663356447083,0.610665696055388,0.999957787024215
"Derl1",165.643512569852,0.000124582318468554,0.00686484976343631,0.441951683134669,0.999957787024215
"Tbc1d31",51.7976527396343,0.000126717142122128,0.00686614982337817,0.167155304195471,0.999957787024215
"9130401M01Rik",71.8377705193652,-2.60801075072041e-05,0.00686589310955459,0.81134371407476,0.999957787024215
"Zhx1",92.6905883156449,-7.65367577776692e-05,0.00686568194340479,0.529768239400233,0.999957787024215
"Atad2",374.765657721803,-0.000113461888692599,0.00686283191926112,0.625061877276735,0.999957787024215
"Wdyhv1",32.8393127485669,-5.89010943463244e-05,0.00686634786753946,0.435121590021389,0.999957787024215
"Fam91a1",62.9425369742667,-2.73013717937875e-05,0.00686599037372272,0.790906374387228,0.999957787024215
"Tmem65",22.9454957736223,2.03181422714185e-05,0.00686647450258519,0.746696512423063,0.999957787024215
"Rnf139",42.6692045308642,8.98945807874081e-06,0.00686623852197576,0.915610445027884,0.999957787024215
"Tatdn1",63.1948457358133,-1.93576054764797e-05,0.00686599190648434,0.850738908962705,0.999957787024215
"Ndufb9",497.746411291369,-2.54545126985391e-05,0.00686181765720566,0.92211923502512,0.999957787024215
"Mtss1",32.8731778014361,-4.02089817166764e-05,0.00686634908043038,0.593644680769789,0.999957787024215
"Sqle",141.317910810524,4.23370857566181e-05,0.00686509428701483,0.779647032099808,0.999957787024215
"Washc5",55.5490883447649,-2.72993484793806e-05,0.00686607970816938,0.778007797192982,0.999957787024215
"Nsmce2",247.007223336131,-5.12364824480487e-05,0.00686400057837852,0.792395267104201,0.999957787024215
"Gm2682",181.479711081296,-0.00030744615247143,0.00686479052056547,0.0616492929341401,0.999957787024215
"Gm41331",21.7004938227735,-4.02633594172195e-05,0.00686650494534663,0.498524161904459,0.999957787024215
"Myc",332.549499942331,8.82538215052233e-05,0.00686364350327668,0.669635173216121,0.999957787024215
"Pvt1",657.632288378066,-0.000114504518147255,0.00686134882961289,0.674232364676561,0.999957787024215
"Cyrib",725.290783693561,0.00018392323853101,0.00686034690167204,0.535034713081743,0.999957787024215
"Asap1",62.4850109147086,4.33342900750075e-06,0.00686598265180002,0.966598521721253,0.999957787024215
"Efr3a",210.03067351557,-2.70823712241053e-06,0.00686435252345722,0.988118005333685,0.999957787024215
"Tmem71",24.0935013995243,-2.47276678926325e-05,0.00686646382584914,0.699488259018218,0.999957787024215
"Phf20l1",321.897547137906,3.54711782136518e-05,0.00686328634261303,0.870957386011566,0.999957787024215
"Sla",46.0252674051436,-7.29133687212352e-05,0.0068661964491486,0.408273751723477,0.999957787024215
"Ndrg1",21.9415797496839,-2.59073724569305e-05,0.00686647970984392,0.677686192169229,0.999957787024215
"Gm20732",22.6211947480413,-4.99679891063282e-06,0.00686648142676618,0.935914251723925,0.999957787024215
"Trappc9",74.0595057889151,-3.39542961332109e-05,0.00686587465346844,0.75845176025661,0.999957787024215
"Chrac1",143.813541102642,-8.04309208793985e-05,0.00686512429343648,0.591710164233611,0.999957787024215
"Ago2",293.929068328618,-0.000186003367664171,0.00686358513708729,0.372974354797534,0.999957787024215
"Ptp4a3",215.644316003776,-0.000136666267585692,0.00686465431114004,0.421707365554015,0.999957787024215
"Them6",54.3948207504443,6.01554538623385e-05,0.00686608546953246,0.532724514535315,0.999957787024215
"Ly6e",1454.24336762336,0.000120726667196448,0.00685715500245418,0.739181033179684,0.999957787024215
"Ly6a",1327.53832623151,4.68611314360686e-05,0.00686575191781549,0.690766461234651,0.999957787024215
"Ly6c1",126.368114389972,-0.000183835092461567,0.00686542138642899,0.175471892809149,0.999957787024215
"Ly6c2",237.894075904579,-3.01293289451217e-05,0.00686620762699049,0.729996702459023,0.999957787024215
"Top1mt",25.941656609452,2.26851340674013e-05,0.00686643986539167,0.733305781105395,0.999957787024215
"Zc3h3",17.2795479288371,4.18537269941752e-05,0.00686654028273945,0.448821284878589,0.999957787024215
"Gsdmd",25.7158902471873,-3.78688949627106e-05,0.00686643397561021,0.572976424085279,0.999957787024215
"Eef1d",943.718879007774,0.00011510462709298,0.00685902398163305,0.723658080797268,0.999957787024215
"Pycrl",83.1110045780306,-6.20862085122247e-06,0.00686576884812971,0.957609744591881,0.999957787024215
"Gfus",52.8028745384216,2.0039008778602e-06,0.00686610296490478,0.983201385634285,0.999957787024215
"Puf60",190.554001169555,-1.46887436391715e-05,0.00686455089330688,0.932806922290103,0.999957787024215
"Plec",104.920789809665,-2.91600575971457e-05,0.00686549616267246,0.824972357681176,0.999957787024215
"Parp10",22.6883088323466,-2.87787903406975e-05,0.00686647141052591,0.649064024967327,0.999957787024215
"Grina",37.6427553205169,-1.98779397627431e-05,0.00686629726337323,0.803624131563092,0.999957787024215
"Exosc4",129.880731660274,-8.39442395659454e-05,0.00686524766045075,0.560485149393884,0.999957787024215
"Gpaa1",54.0845128854258,-3.52236557986498e-05,0.00686610012381624,0.711896884600317,0.999957787024215
"Cyc1",455.808835270198,-8.68277600036742e-05,0.00686227354610703,0.726354308581152,0.999957787024215
"Sharpin",46.8678065350745,1.50094115605626e-05,0.00686619280009345,0.865260975445688,0.999957787024215
"Maf1",62.9762306694383,-2.73792995665845e-05,0.00686598323761748,0.79126295510289,0.999957787024215
"Hgh1",22.8112208777737,5.80628954045872e-05,0.00686647908574135,0.352134766067699,0.999957787024215
"Mroh1",17.3886535014155,1.86150630133332e-05,0.00686654760472302,0.731942557003062,0.999957787024215
"Bop1",99.1231155994245,-6.14996977060905e-05,0.00686557965552172,0.62938385096102,0.999957787024215
"Hsf1",56.2238610673341,-0.00011130868085602,0.00686606435500155,0.255636851905549,0.999957787024215
"Fbxl6",63.7453226795754,-5.7671956597656e-05,0.00686596659517329,0.581189433429331,0.999957787024215
"Slc52a2",16.3198702454001,1.94124530779542e-05,0.0068665540807422,0.716815300743646,0.999957787024215
"Adck5",23.0964419400818,1.201642069772e-05,0.00686646639564693,0.850567740096942,0.999957787024215
"Cpsf1",51.4319663859667,-5.33369740655059e-06,0.00686611952036086,0.954737115868288,0.999957787024215
"Vps28",194.386123861579,1.54970911528032e-05,0.00686453045861941,0.929442731830491,0.999957787024215
"Tonsl",21.9224173885959,2.1957506820181e-05,0.00686648052785049,0.724263450533593,0.999957787024215
"Tmem276-zftraf1",26.8388657141731,-2.28717396713021e-05,0.00686641891753581,0.739207182067281,0.999957787024215
"Lrrc14",22.989175587916,9.91698146514817e-06,0.00686648837099118,0.871631410555718,0.999957787024215
"Arhgap39",23.3202873021862,-4.87569398133894e-05,0.00686647246354001,0.439899189192443,0.999957787024215
"Zfp251",36.1692156641172,-2.52551676468332e-05,0.00686630927502685,0.748906230438676,0.999957787024215
"Zfp7",16.2950735567453,-1.31190066691523e-05,0.00686655205453574,0.807273837344934,0.999957787024215
"Commd5",79.9660987180917,-9.70779455539814e-06,0.00686577361116254,0.933604807963845,0.999957787024215
"Rpl8",5951.32187278284,0.000180389588476142,0.00685004078796658,0.705747501845223,0.999957787024215
"1110038F14Rik",93.6753204425202,-3.51774811082239e-05,0.00686563106051051,0.77776043391039,0.999957787024215
"Myh9",654.952698830313,-0.00023406838225088,0.00686121953789717,0.395766877980376,0.999957787024215
"Txn2",277.752254364939,5.22838826061822e-05,0.00686368718934999,0.799074732724658,0.999957787024215
"Eif3d",376.022794166856,-0.000151424900948219,0.00686280893309069,0.51549671398088,0.999957787024215
"Ift27",80.8495364577833,2.15636936874871e-05,0.00686576380101828,0.853900065191323,0.999957787024215
"Ncf4",156.922473459013,-7.29643549266928e-05,0.00686493010813295,0.64545648820537,0.999957787024215
"Mpst",18.5804888186433,-1.3963956527968e-05,0.00686652861028965,0.805442645281312,0.999957787024215
"Kctd17",24.5903302352482,-8.95231334318794e-06,0.00686644906767528,0.891487340368694,0.999957787024215
"Il2rb",1085.80926882935,0.000130759375727224,0.00685902436226678,0.687925703622324,0.999957787024215
"C1qtnf6",22.7447129536548,-2.29748314384841e-05,0.00686647565015985,0.714394044600483,0.999957787024215
"Rac2",921.368340887873,0.000180892752766481,0.0068591396712275,0.575582845238447,0.999957787024215
"Gm36738",11.7691091249218,-6.20087608280042e-07,0.00686660839748642,0.989250955975204,0.999957787024215
"Cyth4",68.7857184338664,1.85599944323914e-06,0.00686593168814551,0.986136356993307,0.999957787024215
"Mfng",82.2817697619874,-5.66712700925723e-05,0.00686575393520896,0.630106919021466,0.999957787024215
"Gga1",34.6173390887759,-2.32431595416714e-05,0.00686632199620162,0.765090384934729,0.999957787024215
"Sh3bp1",151.295781663156,-1.07609816062652e-05,0.00686498440429547,0.945083732852387,0.999957787024215
"Pdxp",26.399207860273,-3.51283880932015e-05,0.00686642375049869,0.606599097203061,0.999957787024215
"Lgals1",3994.35280495846,0.000795224401396737,0.00685268347016482,0.0698150015197018,0.999957787024215
"Nol12",155.588925767827,1.93786209766052e-05,0.00686492173670079,0.902965819063384,0.999957787024215
"Triobp",36.8425901194118,-5.04378613052765e-05,0.00686631448100462,0.520258708731531,0.999957787024215
"H1f0",184.701225782014,5.95446861642007e-06,0.00686602307966896,0.952880036891675,0.999957787024215
"Gcat",67.7571809554969,8.40169128750585e-05,0.00686591931785489,0.434919637754201,0.999957787024215
"Ankrd54",45.0772885066811,4.8692763012163e-05,0.00686619605201213,0.580915721136314,0.999957787024215
"Eif3l",314.419439377271,-1.03605773005616e-05,0.00686346580803676,0.961142742786163,0.999957787024215
"Micall1",15.5275871861404,1.20999012959569e-05,0.00686656016027028,0.818516843059304,0.999957787024215
"Polr2f",354.816885186744,1.80714581799851e-05,0.00686299564556327,0.936629945028469,0.999957787024215
"Pick1",23.9803672495305,1.00934414766835e-06,0.00686645798177545,0.98754988090891,0.999957787024215
"Tmem184b",38.4626171797049,-7.46453606780624e-05,0.00686627983753809,0.359268160789476,0.999957787024215
"Csnk1e",24.7908697237076,-1.22819974198674e-05,0.00686645228901449,0.85077360439202,0.999957787024215
"Ddx17",309.40260263407,1.76486701477144e-05,0.00686349998457645,0.933514258274518,0.999957787024215
"Cby1",43.5625251292647,-8.78398246746786e-05,0.0068662180697897,0.309724568365822,0.999957787024215
"Tomm22",378.763189817085,4.11155659504657e-05,0.00686278017680517,0.860344715743839,0.999957787024215
"Josd1",68.2122625411966,2.14439200888622e-05,0.00686592211614524,0.841779519600366,0.999957787024215
"Gtpbp1",61.92197492629,-6.79508621556049e-05,0.00686599748800501,0.507358746684066,0.999957787024215
"Sun2",34.3056115864364,6.71201839280447e-05,0.00686632869434026,0.384575058037821,0.999957787024215
"Dnal4",12.9873360576586,1.9168143592992e-05,0.00686659402208936,0.690399975851688,0.999957787024215
"Cbx6",31.5329701500241,4.07583247239171e-06,0.00686636378818052,0.95608020519488,0.999957787024215
"Apobec3",70.0093938025777,2.74926802937686e-05,0.00686590277833175,0.800243910056217,0.999957787024215
"Rpl3",4274.00788183399,2.289374338137e-05,0.00685140807618021,0.960126803778514,0.999957787024215
"Tab1",17.3049615456658,-4.01312876039261e-06,0.00686654166262868,0.941927396126418,0.999957787024215
"Mief1",42.3863821219172,-5.43615650883636e-05,0.00686623337095454,0.52368850043727,0.999957787024215
"Atf4",374.902178729068,0.000116192723841255,0.00686283366234352,0.616679568292396,0.999957787024215
"Rps19bp1",165.130489265287,3.52608055482781e-05,0.00686484884737814,0.827762707022382,0.999957787024215
"Grap2",401.588530465291,-5.61831714619648e-05,0.00686268839228151,0.812120823984445,0.999957787024215
"Tnrc6b",235.086505296079,-0.000101468210670722,0.00686410649665993,0.595056834949376,0.999957787024215
"Adsl",138.931096994288,2.74880480985249e-05,0.00686511494912605,0.854966057289811,0.999957787024215
"Sgsm3",15.108220531091,-2.75723556160661e-06,0.00686656881536281,0.957380948093578,0.999957787024215
"Mrtfa",98.5145499742406,1.21558126555893e-05,0.00686555863378566,0.924670791001976,0.999957787024215
"Slc25a17",105.855484006115,2.78548644690824e-05,0.00686548302969107,0.833535715032225,0.999957787024215
"St13",461.717552695267,-2.75164597035263e-05,0.00686214969742732,0.912873442464498,0.999957787024215
"Xpnpep3",49.5485838151456,-1.98570599572383e-05,0.00686615898202429,0.827346094200532,0.999957787024215
"Rbx1",1268.26685693782,0.000170432114062862,0.00685765972152171,0.629220055910331,0.999957787024215
"Ep300",196.39984609469,-5.86858199802693e-05,0.00686449261179083,0.739504580235827,0.999957787024215
"L3mbtl2",66.8391793997048,-7.5472128707833e-05,0.00686593115141462,0.479962620280406,0.999957787024215
"Rangap1",313.911294307745,-1.51497903502668e-05,0.00686337003661231,0.94401145477295,0.999957787024215
"Zc3h7b",51.5894898261634,3.25022008260122e-05,0.00686613175282795,0.726930477935276,0.999957787024215
"Tob2",95.5602988469362,-0.00011831276410722,0.00686561199069837,0.346519952467812,0.999957787024215
"Phf5a",447.73800327517,0.00013692595843941,0.00686242215616525,0.574616944133164,0.999957787024215
"Aco2",384.320963416044,0.000159943621794652,0.00686275812566216,0.494909063400587,0.999957787024215
"Polr3h",87.8233391967866,1.68605435670819e-05,0.00686569710711013,0.889130430008229,0.999957787024215
"Pmm1",40.359552123879,-1.48864728821369e-05,0.00686625278010643,0.858791577003895,0.999957787024215
"Xrcc6",68.6474508645432,-6.22423465207802e-06,0.00686590885254951,0.95415592995914,0.999957787024215
"Desi1",140.323461031988,-2.78280954259184e-05,0.00686520553191321,0.849034730502066,0.999957787024215
"Snu13",1273.50032294144,0.000131631288394163,0.00685746795878119,0.712090182033269,0.999957787024215
"Ccdc134",29.7892857197633,-1.60005148662883e-05,0.00686638386875139,0.824425471468169,0.999957787024215
"Srebf2",201.082645064726,-4.08103830473468e-06,0.00686445086073306,0.981719445164931,0.999957787024215
"Cenpm",84.8223253724909,-4.15806881165737e-05,0.00686576365704589,0.722548113069783,0.999957787024215
"Naga",15.0837498604329,1.88526551726914e-05,0.00686656676725223,0.716242337187921,0.999957787024215
"Smdt1",507.996538832285,0.000142248795374322,0.00686201048378124,0.577324189373948,0.999957787024215
"Ndufa6",444.243443923335,0.000125625217572125,0.00686226388764806,0.612984216954464,0.999957787024215
"Gm56730",21.164558925773,3.16487354575356e-05,0.00686650547807139,0.594341387661455,0.999957787024215
"Tcf20",237.384770457501,-0.000158204070702396,0.00686410406136641,0.407476065094837,0.999957787024215
"Gm20324",19.2889290830709,2.2799029042082e-05,0.00686652890515614,0.687386397370659,0.999957787024215
"Serhl",41.2217305272864,6.42441290952928e-05,0.00686624312336084,0.446876386628622,0.999957787024215
"Rrp7a",87.2641450427601,3.69527513177951e-05,0.00686570187576212,0.759441231378451,0.999957787024215
"Poldip3",81.7797251091192,-1.16760265172728e-05,0.00686580468764771,0.918905126364802,0.999957787024215
"Cyb5r3",48.8267088610537,-1.54768797648764e-05,0.00686615511301008,0.8654400484778,0.999957787024215
"Arfgap3",43.8286763229106,1.15137561761013e-05,0.00686622047343711,0.893843431902573,0.999957787024215
"Pacsin2",116.388996219767,-6.36812017583767e-05,0.00686535858806827,0.646443768774232,0.999957787024215
"Mcat",21.0692140055461,1.08848796075622e-05,0.00686649025606437,0.858746526431682,0.999957787024215
"Tspo",327.169592437615,2.31900519957611e-05,0.00686325538832131,0.915795599732361,0.999957787024215
"Ttll12",36.6317493171307,-1.00273146777655e-05,0.00686630951877173,0.898845792488964,0.999957787024215
"Samm50",178.330541360199,5.17678495611044e-05,0.00686468023440374,0.759428888741708,0.999957787024215
"Parvg",103.130027432404,-6.97394236690129e-06,0.00686553079492993,0.95723042396214,0.999957787024215
"Prr5",51.6939390698553,3.22244840611118e-05,0.00686613057517025,0.729414030310159,0.999957787024215
"Nup50",207.374352427572,1.09182558826909e-05,0.00686442276009845,0.951413015804425,0.999957787024215
"Atxn10",270.040787141581,5.28825995997886e-06,0.00686377327871331,0.979166696052244,0.999957787024215
"Cdpf1",33.4852485303376,-3.72547394312826e-05,0.00686633747595844,0.625855824218884,0.999957787024215
"Gtse1",71.3726173795077,-2.17123912841542e-05,0.00686592050208114,0.839976753456375,0.999957787024215
"Trmu",25.0205469796992,-4.67975349542997e-05,0.0068664433840057,0.479714047926184,0.999957787024215
"Celsr1",23.7284311779089,-2.79979132829166e-06,0.0068664593121023,0.965398777873748,0.999957787024215
"Gramd4",50.6920947745406,-4.47724689266338e-05,0.00686614913829812,0.625682367297779,0.999957787024215
"Cerk",18.8784449559534,-2.8941819095129e-05,0.00686652015329875,0.616002651372339,0.999957787024215
"2810001A02Rik",52.079207091155,3.53850505521523e-05,0.00686610915923539,0.708733752062679,0.999957787024215
"Tbc1d22a",52.7514994359249,-1.79947750324443e-05,0.00686610228545133,0.850109737859398,0.999957787024215
"Brd1",173.704726518344,1.36029813421495e-05,0.00686473583898218,0.934993871448367,0.999957787024215
"Zbed4",58.794879942712,7.34535231159727e-06,0.00686603510393098,0.941413855852699,0.999957787024215
"Alg12",20.1459859752411,1.1542539576537e-05,0.00686650281127846,0.846780450165527,0.999957787024215
"Creld2",269.712610385402,0.00026397852779779,0.00686382339514623,0.18864747009741,0.999957787024215
"Pim3",167.733064007504,-2.14415736901867e-05,0.00686610219765325,0.821853867808964,0.999957787024215
"Trabd",133.308807483131,5.71766170859978e-05,0.00686517407728931,0.69859978812435,0.999957787024215
"Selenoo",23.9600293234418,-8.21392414019377e-06,0.00686645435650705,0.899542574948301,0.999957787024215
"Tubgcp6",19.0217882713261,-1.89418806354628e-05,0.00686651632576285,0.744667964608261,0.999957787024215
"Ppp6r2",30.4924751145368,-4.08954114145741e-05,0.00686638731565186,0.568924237760839,0.999957787024215
"Sbf1",40.8581159022425,-9.44895976660058e-05,0.00686628406434294,0.243779956350473,0.999957787024215
"Lmf2",38.8852311283787,-2.95920271620078e-05,0.00686628670192662,0.714330150373543,0.999957787024215
"Ncaph2",168.510556776442,9.09208322831468e-06,0.00686481161213743,0.955689235912688,0.999957787024215
"Sco2",65.9002581527788,5.82040495062996e-05,0.00686594636690864,0.582457673327758,0.999957787024215
"Chkb",19.8522093097384,5.04526582250354e-06,0.00686650976125114,0.931774174225036,0.999957787024215
"Alg10b",44.2598360135321,-4.70180465869062e-05,0.00686620353360745,0.591533872057042,0.999957787024215
"Gxylt1",50.2406545977463,-1.15963400363015e-05,0.00686613437570573,0.900639417678564,0.999957787024215
"Yaf2",103.382998942622,5.88467184648989e-05,0.006865531510782,0.650792860576468,0.999957787024215
"Zcrb1",333.483500269435,0.000183843132128958,0.00686325858466996,0.401702637364943,0.999957787024215
"Pphln1",145.26875627023,7.91190241850653e-05,0.0068650396203798,0.606908232149041,0.999957787024215
"Prickle1",44.645792085385,0.000103167879270375,0.00686621277078334,0.23511083904104,0.999957787024215
"Pus7l",53.3590996722226,1.92441616624086e-05,0.00686618411837706,0.829052724122547,0.999957787024215
"Irak4",46.8631259216658,-6.55940483467222e-05,0.0068661839645883,0.461817285194387,0.999957787024215
"Twf1",88.2894352828147,-1.23879985521918e-05,0.00686569658222724,0.918439210820824,0.999957787024215
"Ano6",70.4555470951578,-9.39793034958751e-05,0.00686589697959422,0.388661970238954,0.999957787024215
"2610037D02Rik",28.548276442389,-2.49061278347588e-05,0.00686641435347194,0.718748596710961,0.999957787024215
"Arid2",108.154193775963,-4.09495385112369e-05,0.00686545269448949,0.760081617618947,0.999957787024215
"Scaf11",590.485232950422,7.26929136901678e-06,0.00686124322113187,0.978914709985111,0.999957787024215
"Slc38a1",427.507854361202,2.7075988183203e-05,0.00686241857517047,0.911664031370741,0.999957787024215
"Slc38a2",204.006884648281,8.90826648380311e-05,0.00686441648418979,0.619551289347159,0.999957787024215
"Pced1b",86.8957924750105,-7.24182824797387e-05,0.00686574678876329,0.539729285812923,0.999957787024215
"Rpap3",67.5738935959527,-6.1756695951582e-05,0.00686593382439112,0.562638113254876,0.999957787024215
"Slc48a1",45.0569972525209,1.03809677969113e-06,0.00686620105993444,0.990567923958857,0.999957787024215
"Hdac7",148.78798768026,0.000112416731923218,0.00686523162294877,0.438058792580369,0.999957787024215
"Tmem106c",32.1263553749165,4.82740958610296e-05,0.00686636359884525,0.51431697851797,0.999957787024215
"Senp1",162.979836579613,6.78197253812141e-05,0.00686484886395944,0.675600639100793,0.999957787024215
"Asb8",51.2832213618574,-8.66205497708801e-06,0.00686611954189004,0.926555293732241,0.999957787024215
"Kansl2",68.2940335520955,-2.3767341526047e-05,0.00686592591451381,0.824510403685536,0.999957787024215
"Ccnt1",137.26291089383,3.15273740717455e-05,0.0068651240986411,0.833488095024086,0.999957787024215
"Ddx23",154.962557285722,-2.35961331297062e-05,0.00686502800305512,0.878456979996137,0.999957787024215
"Fkbp11",55.1330399951001,9.4856556632951e-05,0.0068661015785919,0.319426722260565,0.999957787024215
"Arf3",75.2494912283618,1.89278735583287e-05,0.00686583160521633,0.867042840521881,0.999957787024215
"Prkag1",80.7144227276086,1.10731187162644e-05,0.0068657656192821,0.924596204158543,0.999957787024215
"Kmt2d",83.9557915222401,1.7699302128732e-05,0.00686572679706119,0.882010431442738,0.999957787024215
"Rhebl1",21.8719277923538,-3.00605960801755e-06,0.00686647996269043,0.961519644396003,0.999957787024215
"Lmbr1l",28.7769065850561,-1.35678152286888e-05,0.00686639548197356,0.848465022208725,0.999957787024215
"Tuba1b",1215.11763380698,0.000253971343027641,0.00685774360632955,0.469794079804839,0.999957787024215
"Tuba1a",193.901704304098,0.000148722123776151,0.00686462511152337,0.385201992275537,0.999957787024215
"Tuba1c",272.105350401432,0.000156145526088907,0.00686401894126491,0.420937610252807,0.999957787024215
"Troap",32.04382821618,5.99180632581557e-05,0.00686635478804958,0.423340756564962,0.999957787024215
"Spats2",36.117421199767,-1.69401758354939e-05,0.0068663062849603,0.830551711558298,0.999957787024215
"Mcrs1",63.2787030092304,-3.84146590203442e-05,0.00686597171972338,0.712399886331468,0.999957787024215
"Fmnl3",63.1343447738767,-7.10909529821793e-05,0.00686603041013183,0.478319318538252,0.999957787024215
"Tmbim6",704.477746437266,0.000182574275694615,0.00686051023132651,0.532784126149888,0.999957787024215
"Bcdin3d",25.3614725486531,-8.68669699860191e-06,0.00686644276764274,0.895723948684181,0.999957787024215
"Racgap1",149.159624407625,0.000117636792292203,0.00686508778903122,0.437820638103581,0.999957787024215
"Smarcd1",90.4219727760339,1.73423064439641e-05,0.00686566795063585,0.887501626593159,0.999957787024215
"Cox14",237.63316137855,4.13509680905737e-06,0.00686408387986626,0.982791450382516,0.999957787024215
"Cers5",148.710210028338,-0.000105951949386986,0.00686501302277829,0.494148127611173,0.999957787024215
"Larp4",453.383991757894,4.20837237881518e-05,0.00686220432915144,0.866317838084699,0.999957787024215
"Dip2b",145.74735571917,-0.000118730905191057,0.00686503944421503,0.44009149793274,0.999957787024215
"Atf1",141.686694414855,3.6827214050427e-06,0.00686513653320779,0.980333585325029,0.999957787024215
"Slc11a2",28.6139814914323,1.572515990211e-06,0.00686640157337903,0.982183171819697,0.999957787024215
"Letmd1",25.4444657964811,-4.3224471859505e-05,0.00686643625638026,0.518516333255771,0.999957787024215
"Tfcp2",22.0298813070821,-3.11849014742256e-05,0.00686648133671956,0.615855764175915,0.999957787024215
"Dazap2",201.370310656201,3.12248444066933e-05,0.00686446297095475,0.860470913791379,0.999957787024215
"Bin2",174.251045415655,-6.60336065721616e-05,0.00686474523613796,0.691472370257914,0.999957787024215
"Galnt6",82.557420411739,-5.48326745043616e-05,0.00686576831734406,0.638848831155789,0.999957787024215
"I730030J21Rik",14.2993596556966,-4.06026452889169e-06,0.00686657623682997,0.936041048035433,0.999957787024215
"Tamalin",26.2395193475956,4.36708069465715e-05,0.00686642720899555,0.519935170343619,0.999957787024215
"Atg101",51.1788081327255,3.14978677071995e-05,0.00686612332820486,0.73673198682611,0.999957787024215
"Eif4b",415.2606244579,-5.03258919045678e-06,0.00686256746852934,0.983259652195254,0.999957787024215
"Spryd3",27.3427270894287,-3.78324503513079e-05,0.00686641900023948,0.581821342184409,0.999957787024215
"Zfp740",33.4852018584091,4.82433678763037e-06,0.00686633623391471,0.949729817424127,0.999957787024215
"Itgb7",79.5602845470144,0.000113831227933877,0.00686578481500116,0.325875894393613,0.999957787024215
"Mfsd5",39.9869149551178,-1.17793111234488e-05,0.00686630051958517,0.882445903429437,0.999957787024215
"Espl1",62.7193795520964,7.36066166891606e-05,0.00686598259976276,0.476928373145048,0.999957787024215
"Pfdn5",620.069670604688,-6.52901717874723e-05,0.00686148465973349,0.808207632463207,0.999957787024215
"Myg1",86.1445355151376,4.81004232119973e-05,0.00686571023073884,0.689031348733036,0.999957787024215
"Aaas",116.397018432707,-0.0001164698407983,0.00686535634604411,0.401869905177384,0.999957787024215
"Sp1",102.595196978025,-0.000120327376109931,0.00686554639505235,0.351736379564405,0.999957787024215
"Prr13",292.412447385837,0.000102591969850422,0.00686355018737907,0.62504273712944,0.999957787024215
"Pcbp2",836.517766545587,0.000219626376171522,0.00685973741731279,0.478960256041219,0.999957787024215
"Tarbp2",69.3225603730965,-1.62338661485832e-05,0.00686592028118562,0.880012277598277,0.999957787024215
"Atf7",145.533474995522,-5.07545773779606e-05,0.00686505227966008,0.740445805588108,0.999957787024215
"Atp5g2",1612.39985193766,-1.53115976398653e-05,0.00685622358601217,0.967834937787241,0.999957787024215
"Smug1",22.9086734305653,-1.54447755642236e-05,0.00686648432666134,0.802725593598248,0.999957787024215
"Cbx5",448.065552445807,3.82013500825533e-05,0.00686232419231431,0.876936505009316,0.999957787024215
"Hnrnpa1",1437.19461512075,-0.000189606758654552,0.00685727591884347,0.598745993335633,0.999957787024215
"Copz1",106.000702445841,-3.24116429520181e-05,0.00686548950645343,0.806323564374885,0.999957787024215
"Nckap1l",107.033196693744,-2.29558171456943e-06,0.00686548484756347,0.986171107643748,0.999957787024215
"Zfp263",28.7259042277941,2.52741862914809e-05,0.00686639945730296,0.720431609420808,0.999957787024215
"Zfp597",17.800557376473,-1.35353509610238e-05,0.00686653347768402,0.809345000150934,0.999957787024215
"Naa60",39.8552353722098,-1.3269955866108e-05,0.00686626111193399,0.872956069697759,0.999957787024215
"Cluap1",76.4994297055964,-4.64859081694717e-05,0.00686582344615419,0.682263918378626,0.999957787024215
"Nlrc3",87.7337220032929,3.77212537714506e-05,0.00686568405144558,0.756568231076815,0.999957787024215
"Slx4",32.6323819332718,2.54985607676118e-05,0.00686636597527401,0.729727605523619,0.999957787024215
"Trap1",150.686529004778,-9.97531755292895e-05,0.00686497798293963,0.523878811743307,0.999957787024215
"Crebbp",270.151606286752,9.49979256672057e-06,0.00686376134804882,0.962658974890309,0.999957787024215
"Tfap4",39.6968517276406,2.91370088788562e-05,0.0068662581390473,0.726286770075172,0.999957787024215
"Pam16",230.430423108117,0.000103792483166291,0.00686415164484828,0.583435364464715,0.999957787024215
"Coro7",68.951460746583,7.62920454751414e-05,0.00686590599748207,0.481757540199979,0.999957787024215
"Dnaja3",65.9883270913468,-2.71729038132441e-05,0.00686594064964585,0.798118630991874,0.999957787024215
"Nmral1",46.3413603261922,-5.22311429228527e-05,0.00686617841980723,0.559784721994777,0.999957787024215
"Hmox2",145.090455023475,3.06735651510562e-06,0.00686504170561701,0.984076601631908,0.999957787024215
"Cdip1",30.402951375519,8.87704085889689e-06,0.00686637409413614,0.903273102512759,0.999957787024215
"Ubald1",22.535803753593,4.6727697757486e-06,0.00686647616071126,0.940614264717265,0.999957787024215
"Nudt16l1",63.6577772700149,-1.55713417543307e-05,0.00686596780821493,0.881508061753833,0.999957787024215
"Anks3",23.3665974266208,-7.04022176855972e-06,0.00686647257877309,0.911182605888656,0.999957787024215
"Glyr1",202.369965539204,6.14846920141115e-05,0.00686468578557458,0.715711762187167,0.999957787024215
"Ubn1",168.618507302635,1.45814861471517e-06,0.00686478990037214,0.992929274800639,0.999957787024215
"Nagpa",34.9956105297943,4.28246869472662e-06,0.00686631774215142,0.956306093402757,0.999957787024215
"Alg1",36.0893305455594,-3.15807115295405e-05,0.00686630924526026,0.688981075194316,0.999957787024215
"Eef2kmt",43.2548836442567,-3.99793580446821e-05,0.00686622242178983,0.642512571154703,0.999957787024215
"Mettl22",45.3768969554519,-1.94837444751296e-05,0.00686620273916144,0.824151025129523,0.999957787024215
"Tmem186",17.7491715612984,-2.65669682220772e-06,0.00686653218135713,0.962335536567677,0.999957787024215
"Pmm2",95.775773646007,1.47961122834277e-05,0.00686559817751554,0.906839518018877,0.999957787024215
"Carhsp1",69.5084537029499,1.89696200560169e-05,0.00686590234196082,0.861437639885329,0.999957787024215
"Usp7",260.841708180679,5.25912755086728e-05,0.00686386504430509,0.791954364172374,0.999957787024215
"Hapstr1",63.9435676818277,3.66277186420413e-05,0.00686596995349688,0.725516803509989,0.999957787024215
"Nubp1",279.271882073693,-0.000139871602520888,0.0068639215650212,0.478654667112004,0.999957787024215
"Dexi",35.7224678307693,2.34144292159514e-05,0.00686630844102038,0.766863511905806,0.999957787024215
"Clec16a",87.6330328695549,4.88311249336292e-05,0.00686570191429346,0.68573190192092,0.999957787024215
"Socs1",766.473035583887,-0.000193344371579392,0.00686034637615774,0.514344437199139,0.999957787024215
"Tnp2",70.2418774543651,1.85858818629708e-05,0.00686590836040991,0.863740476960967,0.999957787024215
"Rmi2",134.757084306475,6.63272257619051e-06,0.00686515350613888,0.964402044325406,0.999957787024215
"Litaf",92.3832153534079,-2.4596338837351e-05,0.00686564746429088,0.842427953513509,0.999957787024215
"Txndc11",99.6672217349662,2.3247289093636e-05,0.00686556662803416,0.856031638611158,0.999957787024215
"Zc3h7a",196.999736674818,5.41046886782195e-05,0.00686463323042095,0.751619252888984,0.999957787024215
"Rsl1d1",989.547300990012,2.77261676009015e-05,0.00685877830789605,0.933174549846152,0.999957787024215
"2610020C07Rik",21.3349107295191,-3.28166146510137e-05,0.00686648978271531,0.59189438302671,0.999957787024215
"Gspt1",689.012511849016,-8.54428950140594e-05,0.00686048637959952,0.770775898671651,0.999957787024215
"Cpped1",43.7157289712496,-7.89319133101522e-06,0.00686622698313867,0.926670369009163,0.999957787024215
"Ercc4",37.4854295019501,-4.76117691607623e-05,0.00686629535915792,0.552260351538596,0.999957787024215
"Mrtfb",35.7097435237549,3.97311485973841e-06,0.00686634540267447,0.95813882914179,0.999957787024215
"Parn",71.0804823680972,2.4134505460826e-06,0.00686597004241722,0.981542226767919,0.999957787024215
"Bfar",72.1221636259537,1.52760099974816e-05,0.0068659165489693,0.887290662508598,0.999957787024215
"Rrn3",75.5594837327522,-2.07519596500896e-05,0.00686583009460997,0.85448329237394,0.999957787024215
"Ntan1",163.938840801701,5.97381246750281e-05,0.00686483677375041,0.713283894793424,0.999957787024215
"Pdxdc1",84.7151379409066,-7.09767392276528e-05,0.00686574582356846,0.548019481847452,0.999957787024215
"Marf1",79.6646734916241,-3.29331709696641e-05,0.0068658910990769,0.763363820595838,0.999957787024215
"Nde1",70.7967412975018,6.93879595396173e-05,0.006865882535966,0.527887376099757,0.999957787024215
"Cep20",79.5380471014309,-3.64929385074038e-05,0.00686578213055417,0.753117010518206,0.999957787024215
"Abcc1",93.6403830850635,5.05747251444114e-06,0.00686563285709414,0.967607009010374,0.999957787024215
"Ube2v2",256.950575341728,6.88353322087821e-05,0.00686389024158641,0.728774857483323,0.999957787024215
"Mcm4",383.562458957258,0.000124725567101862,0.00686276274305993,0.594349487017118,0.999957787024215
"Prkdc",138.733550755267,4.82651880983706e-05,0.00686513252855459,0.746944123412816,0.999957787024215
"Mzt2",60.5564111532747,4.47745777651806e-05,0.00686601018642231,0.659568985211359,0.999957787024215
"Spidr",114.876084672557,-2.96825045007096e-06,0.00686550595616861,0.981970014590909,0.999957787024215
"Yars2",73.2721359618942,0.000118383499761698,0.00686585900354648,0.287852467687919,0.999957787024215
"Dnm1l",181.562523626131,-0.000151935986593035,0.00686474864191721,0.360771126848215,0.999957787024215
"Top3b",69.8241640728267,-0.000125628796120201,0.00686590008831282,0.248322858926789,0.999957787024215
"Ppm1f",19.3329922999676,-1.09326717641343e-05,0.00686651421967483,0.851524994322359,0.999957787024215
"Mapk1",315.390223091412,0.000188180693950489,0.00686343798157543,0.378212231640264,0.999957787024215
"Ppil2",88.3098091681538,-5.07907596744932e-06,0.00686568452920922,0.966699023743998,0.999957787024215
"2610318N02Rik",51.192381986744,5.21611853423584e-05,0.00686611854365775,0.579128912091331,0.999957787024215
"Sdf2l1",690.68247330931,0.000659297862115957,0.00686051092708174,0.0242841244913539,0.999957787024215
"Ydjc",79.0536633372724,-3.09388287229692e-05,0.00686578808959733,0.789103496979489,0.999957787024215
"Ube2l3",905.852761963074,1.71008013999024e-05,0.00685923110156775,0.957536712645917,0.999957787024215
"Pi4ka",110.239979284869,1.34588047478359e-05,0.0068654790750622,0.919239132594963,0.999957787024215
"Snap29",57.4797598901321,-4.77286033385362e-05,0.00686605433580046,0.628400052577166,0.999957787024215
"Crkl",88.1153233691147,4.05755451970059e-05,0.00686568831542532,0.738298378919148,0.999957787024215
"Lztr1",36.3453886490724,-2.5668906322622e-05,0.00686629955614203,0.74753271244662,0.999957787024215
"Thap7",72.0662148810591,1.22757810077899e-05,0.00686588552633695,0.910930417317809,0.999957787024215
"Smpd4",49.8767958450725,1.84098252438355e-05,0.00686613853341607,0.842363683549712,0.999957787024215
"Med15",98.5461788322499,-7.54754378915146e-05,0.0068655666298715,0.555840630879949,0.999957787024215
"Dgcr2",70.5525121335019,-6.57268600880443e-05,0.00686589256553408,0.547597723801143,0.999957787024215
"Ess2",22.7608246806981,-1.38114427189888e-06,0.00686647396783279,0.982499196323993,0.999957787024215
"Slc25a1",39.5189904166647,3.04444850786995e-05,0.00686627239506897,0.710595087857879,0.999957787024215
"Dgcr6",37.516932822759,-1.74345896117178e-05,0.00686631587995404,0.823853376458737,0.999957787024215
"Zdhhc8",51.4667062324125,5.20847394445983e-05,0.00686612671748455,0.577259782302752,0.999957787024215
"Ranbp1",2246.67887077865,-6.12766368757786e-05,0.00685499624253957,0.87858669552214,0.999957787024215
"Trmt2a",56.1610081792744,-2.2143873153365e-05,0.00686607973069153,0.819117537742498,0.999957787024215
"Dgcr8",72.5207262105133,-1.2176684415612e-05,0.00686586727586418,0.912547617554191,0.999957787024215
"Tango2",34.618235363018,-6.22597875066709e-06,0.00686634592245499,0.934405441434419,0.999957787024215
"Comt",143.75344788314,9.42348356243971e-06,0.00686507993475484,0.950556566180943,0.999957787024215
"Txnrd2",34.1073306249336,-1.96679109637637e-05,0.00686635766435843,0.791981377351952,0.999957787024215
"Gnb1l",34.7116943909038,6.86559135499461e-05,0.00686633256280999,0.371652597064337,0.999957787024215
"Cdc45",103.359994747142,1.45009089227446e-05,0.00686550595264569,0.912088669414729,0.999957787024215
"Ufd1",102.926251362998,-6.30935605688455e-05,0.00686551877147564,0.629210722682643,0.999957787024215
"2510002D24Rik",67.0384500346161,-6.66473388300082e-06,0.00686593528339975,0.950138827828118,0.999957787024215
"Mrpl40",206.691492939447,7.67278997455993e-05,0.00686457659759742,0.657765689604046,0.999957787024215
"Hira",142.725257737504,-3.92423138012743e-05,0.00686519621750924,0.788986361121594,0.999957787024215
"Klhl6",101.832007873535,6.54408192686721e-05,0.00686552740705721,0.615282309465258,0.999957787024215
"Yeats2",74.5889559599135,3.92131036377168e-06,0.00686584209690102,0.972174817695795,0.999957787024215
"Parl",153.241203589592,-3.4838900884667e-05,0.0068649976582863,0.822880752711504,0.999957787024215
"Abcc5",26.0224846741803,1.17576834918082e-06,0.00686643025470394,0.986115166222716,0.999957787024215
"Eif2b5",145.313798337238,-2.82068372315243e-05,0.00686503867529734,0.854506190489871,0.999957787024215
"Dvl3",20.8940306939994,-9.25680710860391e-06,0.00686650272600249,0.876870027204441,0.999957787024215
"Ap2m1",230.0361325431,0.000243954447418681,0.00686421985274094,0.19153331259641,0.999957787024215
"Abcf3",38.2045331127559,4.18999487135095e-05,0.00686628263350326,0.605789876160035,0.999957787024215
"Alg3",38.6638661440735,-1.69227867209412e-06,0.00686627348221323,0.98352615307788,0.999957787024215
"Eef1akmt4",52.1374036503282,-3.00743630610979e-05,0.00686610809519679,0.751065577216126,0.999957787024215
"Psmd2",349.670781992582,-4.4306731519202e-05,0.00686308743655386,0.843557114339373,0.999957787024215
"Eif4g1",800.173648342306,-0.000140021452924081,0.00685980487912126,0.650157778677525,0.999957787024215
"Polr2h",210.391926297935,7.14038110843893e-05,0.0068643472741488,0.694896805490236,0.999957787024215
"Vps8",50.4900528516526,5.07856632696362e-05,0.00686617100534391,0.573122251588071,0.999957787024215
"2510009E07Rik",17.0396841835463,9.95108775093441e-06,0.00686654736450322,0.854789025124537,0.999957787024215
"1300002E11Rik",46.1257805085362,4.45447415260998e-06,0.00686618264667919,0.960190038955881,0.999957787024215
"Tmem41a",35.9544853934652,3.56318501763442e-05,0.00686630579438581,0.65280281159526,0.999957787024215
"Senp2",210.330059206758,-5.99273787442708e-06,0.00686438169642848,0.973551162890891,0.999957787024215
"Tra2b",499.15167810648,4.68769916663697e-06,0.00686181713788313,0.985636168035543,0.999957787024215
"Tbccd1",26.3391370834869,-3.72652780623055e-05,0.00686642554903566,0.5838889804961,0.999957787024215
"Dnajb11",397.784706900727,0.000376997711328558,0.00686263439109655,0.113081739066951,0.999957787024215
"Eif4a2",312.863067914185,-0.000153814520378188,0.00686337321357202,0.475621851472635,0.999957787024215
"Rfc4",205.918698314582,0.000127666815132081,0.0068644594822025,0.472674848711707,0.999957787024215
"Rtp4",52.4372698538826,-1.77044241844198e-05,0.00686658594281798,0.71930433725471,0.999957787024215
"Lppos",22.9837738238699,-2.90256256544569e-05,0.00686646729510139,0.648564309596333,0.999957787024215
"Lpp",357.217871319442,-0.000251811113607142,0.00686316287483121,0.257104388830254,0.999957787024215
"Il1rap",20.0528062381138,-2.3410505271869e-05,0.00686650397190594,0.69448065976381,0.999957787024215
"Ccdc50",252.951684759639,4.12843646540052e-05,0.00686393653811284,0.833930420630552,0.999957787024215
"Opa1",158.313356653569,2.61727744057867e-05,0.00686490429641125,0.869821367003499,0.999957787024215
"Atp13a3",287.780132377345,0.000199736661930519,0.00686367089582932,0.33211743403481,0.999957787024215
"Lsg1",163.218990848995,2.87782535358377e-05,0.00686484253117159,0.859288388765061,0.999957787024215
"Xxylt1",23.1731012456807,-3.20248006254654e-05,0.00686647521019756,0.610243638292975,0.999957787024215
"Acap2",101.42820507669,-4.18326240057674e-05,0.00686553026036322,0.747739153290642,0.999957787024215
"Ppp1r2",190.980966058353,0.000112160757197819,0.00686466475239706,0.508591743165965,0.999957787024215
"Bdh1",56.4778115382824,-1.63651521576659e-05,0.00686612386759314,0.861281703019072,0.999957787024215
"Dlg1",187.376832185682,-3.01588016664444e-05,0.00686463634345819,0.859858860472313,0.999957787024215
"Ncbp2as2",144.279439677659,-1.80420653300694e-05,0.00686504504196187,0.90645745990629,0.999957787024215
"Ncbp2",241.376947515975,-3.16962080940005e-05,0.0068640463027543,0.869584290181303,0.999957787024215
"Senp5",135.394486021026,1.27340306239324e-05,0.00686516942112268,0.931377918343576,0.999957787024215
"Pak2",673.57718859752,0.00014973608955973,0.00686096715440556,0.595203859882471,0.999957787024215
"Pigx",173.963358454133,1.48257400190657e-05,0.0068647394877956,0.929101644023897,0.999957787024215
"Cep19",39.2332000601613,3.09115059210961e-05,0.0068662780755084,0.704724710507224,0.999957787024215
"Nrros",165.787356971516,0.000178463366874559,0.0068648753006581,0.267487069889771,0.999957787024215
"Fbxo45",37.7954930181007,1.48362298849707e-05,0.0068663213935461,0.848841162521467,0.999957787024215
"Wdr53",30.932925075525,6.01768891582964e-06,0.00686636853328643,0.934806025500211,0.999957787024215
"Rnf168",85.38044722193,-1.34692341915662e-05,0.00686572002259844,0.910362254749001,0.999957787024215
"Ubxn7",71.2055594860049,-2.28184447973742e-05,0.00686589902704346,0.834014825259288,0.999957787024215
"Pcyt1a",21.4545288093933,6.95168704690027e-05,0.00686649251284863,0.253723341607007,0.999957787024215
"Tfrc",952.083069673833,4.91882520153968e-05,0.00685898164859389,0.880224818716965,0.999957787024215
"Tnk2",27.2710500754034,-2.16239076411678e-05,0.0068664150110428,0.754305109485461,0.999957787024215
"Rubcn",15.50969373391,3.09087179384362e-05,0.00686656354374064,0.554462052606883,0.999957787024215
"Fyttd1",141.726707518362,-3.11889853623578e-05,0.00686508637698849,0.837086407902497,0.999957787024215
"Lrch3",139.152648776926,-5.77362164080356e-05,0.00686511451707878,0.701070934399306,0.999957787024215
"Rpl35a",4027.26582664317,0.000144007539554795,0.00685161177446239,0.751567458511291,0.999957787024215
"Lmln",15.1758581997134,-1.64500986981733e-05,0.00686657024739424,0.748954325575541,0.999957787024215
"Osbpl11",38.2212977272236,-2.14825730296461e-05,0.00686627647171434,0.792608742552234,0.999957787024215
"Snx4",156.889586404824,4.89730560947071e-06,0.00686492830715879,0.975377009101293,0.999957787024215
"Zfp148",273.559179496047,-0.000168259903783229,0.00686386472950385,0.398742947972379,0.999957787024215
"Heg1",38.8884568860281,-4.1258017432255e-05,0.00686628869513799,0.609053969910394,0.999957787024215
"Umps",124.182312412556,-2.25686771581593e-05,0.00686527322929096,0.874581300129573,0.999957787024215
"Ccdc14",24.927227171477,-4.14958710905914e-06,0.00686645054235974,0.949460821325805,0.999957787024215
"Hacd2",114.117910959725,-1.75572190273387e-05,0.00686540492138709,0.897668804976367,0.999957787024215
"Sec22a",61.0753488169774,-2.88632207208573e-05,0.00686599791963998,0.77818839728946,0.999957787024215
"Pdia5",34.2782877374349,2.47647492839508e-06,0.00686632895751494,0.974399621738384,0.999957787024215
"Parp14",142.371421007894,-8.32121314644461e-05,0.00686520450111187,0.569355624621322,0.999957787024215
"Dtx3l",111.272789744831,-7.5649706272798e-06,0.00686541602916826,0.955627457901271,0.999957787024215
"Parp9",148.593573633793,1.95180331831288e-05,0.00686500426889029,0.900017287589204,0.999957787024215
"Kpna1",138.775682259326,-6.6876735147843e-05,0.0068651300733104,0.655047897829044,0.999957787024215
"Fam162a",444.781950949748,0.000373215633691718,0.00686224770601732,0.133607338042881,0.999957787024215
"Ccdc58",317.388127532752,0.0002955255729276,0.0068633233827802,0.173628338610385,0.999957787024215
"Iqcb1",27.7860983260447,-2.42380754690097e-05,0.00686641050993678,0.727423857226692,0.999957787024215
"Golgb1",175.593335563678,-0.000120047744290452,0.00686472564210538,0.472755146152581,0.999957787024215
"Hcls1",352.774567447227,2.2969743842988e-06,0.006863269111442,0.991627791405406,0.999957787024215
"Polq",87.3943554019428,3.89474913150457e-05,0.00686571991788775,0.744784929716507,0.999957787024215
"Gtf2e1",55.2910401817568,2.48403298895851e-05,0.00686610951402687,0.793083503388046,0.999957787024215
"Rabl3",27.6336399192195,-2.89489854740004e-05,0.00686640903518221,0.677826742760372,0.999957787024215
"Ndufb4",40.6164238151456,-7.58081156951924e-08,0.00686624754988649,0.999280791119378,0.999957787024215
"Lrrc58",168.342764215767,-3.75272831843701e-05,0.00686482100749753,0.81817572199969,0.999957787024215
"Gsk3b",282.950112298294,7.50618904016522e-05,0.00686365018045468,0.716408353230734,0.999957787024215
"Cox17",757.022864740217,0.000123141463485316,0.00686006751829031,0.684304864386925,0.999957787024215
"Adprh",82.7565761668184,5.45148473331263e-05,0.00686574649226268,0.644402152220357,0.999957787024215
"Cd80",40.7445876369676,-9.90706092232573e-06,0.00686626089803513,0.904993314555928,0.999957787024215
"Timmdc1",72.755270933556,3.0653235190234e-05,0.00686587331412352,0.781466303728172,0.999957787024215
"Poglut1",21.8802400640402,-1.01790070302828e-06,0.00686648238857743,0.986909172191204,0.999957787024215
"Tmem39a",91.0879555184064,0.000112510186163543,0.00686565774733744,0.360962491614402,0.999957787024215
"Lsamp",147.847960613171,-0.000294913739168303,0.0068650244583527,0.0562137258888621,0.999957787024215
"Zbtb20",119.502703240919,-8.36881669372118e-05,0.0068653460608681,0.548404776284621,0.999957787024215
"Qtrt2",43.1265339308426,-0.00011500497923356,0.00686625247914245,0.169425168468682,0.999957787024215
"Ccdc191",28.6952757005617,1.18016782412492e-05,0.00686639525820274,0.868035790804606,0.999957787024215
"Atp6v1a",162.815399245624,6.53057369939102e-05,0.00686485554571839,0.686458010935352,0.999957787024215
"Naa50",389.462509665207,0.00018530565803007,0.0068629164670903,0.419759940565721,0.999957787024215
"Usf3",68.1237750922063,-4.29011565774394e-05,0.0068659258379001,0.688975086408639,0.999957787024215
"Sidt1",41.826431930672,3.64222360898115e-05,0.00686624533477944,0.665632531309917,0.999957787024215
"Spice1",30.2216559725858,4.06088383984252e-05,0.00686640000306638,0.564985060215748,0.999957787024215
"Gtpbp8",23.0770002882351,1.04456500032163e-05,0.00686647181038415,0.868719913745263,0.999957787024215
"Atg3",195.730381737,8.73995565748546e-05,0.00686455030477412,0.61594233269357,0.999957787024215
"Abhd10",46.2604855895354,1.10646053345486e-05,0.00686620182615825,0.899662706813753,0.999957787024215
"Plcxd2",55.0459722940499,-4.64056795012905e-05,0.00686607477657845,0.633003414189386,0.999957787024215
"Cd96",226.295347398006,1.06657849801465e-05,0.00686421361104125,0.954520164038233,0.999957787024215
"Ahcyl",29.5923447341879,3.93816990820029e-05,0.00686638372900061,0.585100307078994,0.999957787024215
"Trat1",77.3559523560811,1.40058658130857e-05,0.00686584421857082,0.900738507577291,0.999957787024215
"Dzip3",95.2303976948669,7.80483654415465e-05,0.00686561349709721,0.534335102254257,0.999957787024215
"Cip2a",126.717290394596,0.000161018959349352,0.00686528337525816,0.258477857432772,0.999957787024215
"Ift57",54.8606483137012,1.43115940544844e-05,0.00686608173557266,0.882332170662119,0.999957787024215
"Gm15518",33.1054746548907,2.72711983410911e-06,0.00686636616078727,0.970517510509874,0.999957787024215
"Cd47",1320.7893961117,0.00037736086779133,0.00685729951979652,0.294376783794821,0.999957787024215
"Bbx",239.013703478817,4.8765775209878e-05,0.00686408743819012,0.79907856565828,0.999957787024215
"Dubr",41.5396878047011,-2.08260157163758e-06,0.00686624715325196,0.980251499153919,0.999957787024215
"Cblb",355.013076860634,-0.000218566082353807,0.00686304192460916,0.33327125254253,0.999957787024215
"Alcam",116.431556095495,0.000102971577887087,0.00686537738370399,0.455222453630803,0.999957787024215
"Nfkbiz",40.6023838720356,4.51186414234685e-06,0.00686626037982812,0.95667308109346,0.999957787024215
"Nxpe3",50.26502115656,3.16223258442694e-05,0.00686612912769975,0.734569429223739,0.999957787024215
"Cep97",37.5748384164454,4.3627885880005e-06,0.0068662844922646,0.957061118069406,0.999957787024215
"Rpl24",5286.1310642475,-1.95464162752159e-05,0.0068505910575551,0.9668186347226,0.999957787024215
"Zbtb11",132.576139768935,-7.66933823072857e-06,0.00686517964523006,0.958505207424443,0.999957787024215
"Pcnp",332.228975263461,-0.00013142043328682,0.00686342035423415,0.539360437810127,0.999957787024215
"Trmt10c",101.564913733719,-1.03818794807345e-05,0.00686552388929847,0.936544571748628,0.999957787024215
"Senp7",101.262545505771,-5.7701607818699e-05,0.00686552982413175,0.657368687625489,0.999957787024215
"Tfg",143.801979779159,0.000190193388008451,0.00686507171951511,0.211863490127431,0.999957787024215
"Tomm70a",537.65501695886,7.48196974644469e-05,0.0068615655220483,0.779232154613751,0.999957787024215
"Nit2",56.2846305520418,-4.99731773547211e-05,0.00686605624460878,0.611856961859973,0.999957787024215
"Tbc1d23",58.8215517004108,-8.51366065242711e-05,0.00686603217357619,0.395262149869046,0.999957787024215
"Cmss1",714.924695884362,-0.000172393700056719,0.00686048762689819,0.556585633322175,0.999957787024215
"Filip1l",148.245838227581,-9.68673616900302e-05,0.00686501389782057,0.531801748166935,0.999957787024215
"St3gal6",71.0618686719701,-7.12556209757781e-05,0.00686588250595857,0.516846785331398,0.999957787024215
"Cpox",105.049662034727,1.94494047487545e-05,0.00686559642252469,0.877835123589104,0.999957787024215
"Cldnd1",274.962825705415,-4.60016519015271e-06,0.00686598239286463,0.964549748367475,0.999957787024215
"Riox2",101.832614033721,-2.06774644328338e-05,0.00686553977881745,0.873202607800841,0.999957787024215
"Crybg3",44.9587058654032,2.35400349812159e-05,0.00686620034185538,0.788777966459193,0.999957787024215
"Arl6",21.3028732223342,5.77758515508052e-05,0.00686649132864188,0.343887461454203,0.999957787024215
"Nsun3",33.2082822997999,3.48568303206457e-05,0.00686634061713946,0.647038745178008,0.999957787024215
"Arl13b",35.4908336706765,-1.43703880649329e-05,0.006866313854797,0.854754188338209,0.999957787024215
"Pros1",34.3558792765263,-2.30195098794735e-05,0.00686632755593263,0.765846500140385,0.999957787024215
"4930453N24Rik",172.842838173683,-8.59803091279383e-06,0.00686474638980063,0.958776992826311,0.999957787024215
"Zfp654",133.508052760851,1.60494227305391e-06,0.00686517837967044,0.991316215723828,0.999957787024215
"Cggbp1",287.876991130182,-0.000164386123126585,0.00686394739116318,0.402905300303655,0.999957787024215
"Chmp2b",71.7186293518795,-7.1853726704786e-05,0.00686588115883015,0.51365628225018,0.999957787024215
"Gbe1",60.4176307123125,-7.21270912546472e-06,0.00686600887395662,0.943477799635649,0.999957787024215
"Hspa13",54.7768522461071,4.9677075193048e-05,0.00686607622455969,0.608857888174808,0.999957787024215
"Samsn1",161.518648429684,-3.82383636531898e-05,0.00686499111536085,0.80627895750068,0.999957787024215
"Nrip1",118.746916617338,-5.99266974303261e-06,0.00686538516868424,0.965238678028218,0.999957787024215
"Usp25",324.319239743703,-4.12487839497319e-05,0.00686395823692269,0.833440796916627,0.999957787024215
"Btg3",137.957461147489,0.000134142313064349,0.00686512733097683,0.370590591298678,0.999957787024215
"D16Ertd472e",280.243340487781,0.00025486270895467,0.00686367526632222,0.215565238932291,0.999957787024215
"Mir155hg",45.1504777610722,5.64347782256839e-05,0.00686620994693916,0.517106223640341,0.999957787024215
"Mrpl39",92.6683430718591,1.57977164576525e-05,0.00686562513692406,0.899400118881801,0.999957787024215
"Atp5j",881.205252837181,0.000126456507286872,0.00685942566092151,0.689962018075968,0.999957787024215
"Gabpa",92.530842307742,-4.40593715634783e-05,0.00686563445239073,0.723315330083627,0.999957787024215
"N6amt1",66.7659999512509,1.29203811656797e-05,0.00686594083651437,0.903187817770471,0.999957787024215
"Ltn1",170.779368013583,6.62036115535809e-05,0.00686477629111099,0.688438266152265,0.999957787024215
"Rwdd2b",17.1445636123888,3.54869576610828e-05,0.00686655819267836,0.503048240949877,0.999957787024215
"Usp16",206.749535910991,8.61599203378558e-06,0.00686442095017634,0.961664098428852,0.999957787024215
"Cct8",1049.75649238559,0.000314808217462135,0.00685913403183728,0.330082994955309,0.999957787024215
"Bach1",28.1934393266918,-1.4548458905733e-05,0.00686640269673855,0.836064002164628,0.999957787024215
"Tiam1",28.3700774386883,1.5651709792448e-05,0.00686647967981737,0.801751183494964,0.999957787024215
"Sod1",310.925553431476,-4.71024118400653e-05,0.00686339195073549,0.826605318802351,0.999957787024215
"Scaf4",161.634191149595,9.09046602742462e-06,0.00686493191636994,0.954267169900014,0.999957787024215
"Mis18a",88.3977264162082,0.000139934272465858,0.00686569936052262,0.24677630994183,0.999957787024215
"Urb1",41.4725844330738,-2.30906994112615e-05,0.00686623815365515,0.785553175807566,0.999957787024215
"Cfap298",188.784110960068,-6.5075392545726e-05,0.00686459382420467,0.706017127118638,0.999957787024215
"Synj1",62.1248763127383,5.57609815062933e-05,0.00686601127793914,0.583009080687329,0.999957787024215
"Paxbp1",92.940860456387,0.000124397732773927,0.00686571311655857,0.3000415541588,0.999957787024215
"Ifnar2",176.282011979479,-3.18315364053337e-05,0.00686472392334811,0.84907118814664,0.999957787024215
"Il10rb",121.385459132938,-4.68974766730987e-05,0.00686535086473161,0.736202174541646,0.999957787024215
"Gm49625",12.8942030477693,-6.7332143666032e-06,0.00686659697359828,0.887746522074619,0.999957787024215
"Ifnar1",101.378356748453,1.56665904077002e-05,0.00686553218863348,0.904052388444765,0.999957787024215
"Ifngr2",24.4660451691191,-2.81932027842882e-06,0.00686644987275882,0.965686960272131,0.999957787024215
"Gart",256.063575113713,4.19739940078494e-05,0.00686397827768483,0.82995769631881,0.999957787024215
"Son",665.260226983932,-8.59225563138246e-05,0.0068606695847152,0.766193131810768,0.999957787024215
"Donson",56.8085856151373,2.98815136306524e-05,0.00686607421084257,0.758578811471408,0.999957787024215
"Cryzl1",62.9202100060427,-5.55702389175551e-06,0.00686598314198642,0.957161837660539,0.999957787024215
"Atp5o",797.8174183338,9.59887525301418e-05,0.00685992787080899,0.753752846605695,0.999957787024215
"Mrps6",125.613291286487,-6.34754473820503e-05,0.0068652566574945,0.658858303533871,0.999957787024215
"Smim11",146.181927169652,-2.16099968056384e-05,0.00686502393422875,0.888747195965411,0.999957787024215
"Runx1",81.359975902898,-0.000168548787527094,0.00686578828607882,0.145033877610858,0.999957787024215
"Setd4",28.2983187002247,-2.44426594728096e-05,0.00686640050029868,0.728887660775892,0.999957787024215
"Cbr1",25.4611010525318,-6.8694942032181e-05,0.00686644288535669,0.299894188050439,0.999957787024215
"Dop1b",18.9790981304409,-3.02533412703842e-05,0.00686652005870281,0.600175344938296,0.999957787024215
"Morc3",120.561335060145,-2.31306847275775e-05,0.00686533232454379,0.868881903365509,0.999957787024215
"Chaf1b",46.0369661348086,2.09090858838312e-05,0.0068661870297968,0.814061854393933,0.999957787024215
"Hlcs",41.9669112997138,-6.27780074210988e-05,0.0068662815174652,0.439903824858317,0.999957787024215
"Pigp",60.138686097008,1.34650127219917e-05,0.00686601483380749,0.894284729344785,0.999957787024215
"Ttc3",124.902405752079,0.000104526485962967,0.00686534399173464,0.45383107772368,0.999957787024215
"Vps26c",31.7038348254092,-2.66213188601593e-05,0.0068663619158695,0.71969292090871,0.999957787024215
"Dyrk1a",154.462444179764,-5.66487900839035e-05,0.00686504479921524,0.71218155256264,0.999957787024215
"Psmg1",163.403909149953,0.000242028930108229,0.00686485731774834,0.134466341923829,0.999957787024215
"Brwd1",81.8876659399939,-8.69363096959825e-06,0.00686577062391631,0.940616849049047,0.999957787024215
"Hmgn1",386.117290811974,-0.000193113563197601,0.00686282967068148,0.405681398175647,0.999957787024215
"Igsf5",14.1862147377152,1.37368405979809e-05,0.00686657807028728,0.784977312063122,0.999957787024215
"Mx1",51.5844607520423,-3.57078115779478e-06,0.00686612277037008,0.969611796135843,0.999957787024215
"Prdm15",18.1295614581785,7.87382085642773e-06,0.00686653339879831,0.888400262395289,0.999957787024215
"B230307C23Rik",122.571891834689,5.8865077094571e-05,0.00686528504910645,0.679360361680561,0.999957787024215
"A630089N07Rik",146.848397481782,3.52458334622693e-05,0.00686503450041242,0.818981215484031,0.999957787024215
"Scaf8",179.643425162609,-4.68686143746879e-05,0.00686467936955388,0.781632616256706,0.999957787024215
"Gm49797",56.7593183111339,6.98761611479276e-05,0.00686605298422964,0.479015472204702,0.999957787024215
"Tfb1m",31.1157687333839,2.4471772176283e-05,0.00686640001671154,0.728751361804175,0.999957787024215
"Arid1b",146.977665801535,-6.18399556568594e-05,0.00686505090843466,0.686614950013236,0.999957787024215
"Tmem242",76.0677464859674,5.76680229749341e-05,0.00686582532106371,0.611202317755524,0.999957787024215
"Zdhhc14",50.4954905196397,2.93513262054865e-05,0.0068661402315728,0.750865788339601,0.999957787024215
"Snx9",138.625864930629,-1.05116030043607e-05,0.00686512235526545,0.944149098353178,0.999957787024215
"Gtf2h5",443.112037372995,-8.293554746389e-06,0.00686232143916599,0.973189309492379,0.999957787024215
"Tulp4",124.859704787897,2.6046809336201e-05,0.00686526826261397,0.855688876747399,0.999957787024215
"Tmem181a",31.5483724564677,-4.27715526323819e-06,0.00686635989718746,0.954136053775084,0.999957787024215
"ENSMUSG00000121395",40.4453625354904,-1.40239264854087e-05,0.00686625031039553,0.867212894677087,0.999957787024215
"Dynlt1f",58.6170546462961,5.39781808990432e-05,0.00686603869078231,0.588226815456861,0.999957787024215
"Sytl3",178.130255915926,7.09143999620189e-05,0.00686470825807019,0.672776264264323,0.999957787024215
"Ezr",504.412753708999,8.55417959325325e-05,0.00686184595884348,0.7417870740807,0.999957787024215
"Rnaset2a",34.2215468854522,-2.21229729252788e-05,0.00686633884710433,0.771815986469214,0.999957787024215
"Cep43",95.3564645414927,8.49875845391582e-05,0.00686569773269255,0.482123134960143,0.999957787024215
"Mpc1",296.889422787056,0.00017534003187223,0.00686369151998241,0.392968600486507,0.999957787024215
"Sft2d1",32.765760610188,2.56457442400477e-05,0.00686634410063845,0.735150949782867,0.999957787024215
"Qki",175.107552680814,0.000113786872859972,0.00686472983542775,0.49570802916333,0.999957787024215
"Agpat4",33.2634282249284,4.06277868567808e-05,0.00686634988948512,0.589440269038314,0.999957787024215
"Map3k4",62.9957297612009,-5.47672618141791e-05,0.00686597971284306,0.597337679428642,0.999957787024215
"Igf2r",79.0245685863807,1.62683471891065e-05,0.00686581287311764,0.886711152755906,0.999957787024215
"Airn",203.970342447414,-7.46443405384812e-05,0.00686442122832315,0.677089642662468,0.999957787024215
"Mrpl18",664.339775274434,0.000308122659044351,0.00686063850071365,0.287492872660418,0.999957787024215
"Tcp1",949.363900425733,8.67224662767654e-05,0.00685902298613481,0.789951372338396,0.999957787024215
"Acat2",64.1867974217914,0.000138856300718021,0.00686597919001228,0.180626342911104,0.999957787024215
"Wtap",150.6104964886,6.97875898811664e-06,0.00686500544767409,0.964156714405363,0.999957787024215
"Sod2",277.556302201341,0.000247180835671543,0.00686371934317697,0.226380018838815,0.999957787024215
"Afdn",38.2501337612814,3.34882399707953e-06,0.00686630509008129,0.966300826083089,0.999957787024215
"1600012H06Rik",22.4910418287746,-2.12260504736595e-05,0.00686647586558988,0.735188235682767,0.999957787024215
"Phf10",148.770756810772,6.456295315869e-05,0.00686500447853691,0.67768598815769,0.999957787024215
"Fam120b",61.020492950595,2.62251213591981e-05,0.00686600070837392,0.797639806696901,0.999957787024215
"Psmb1",1140.74894618695,0.000176074843041141,0.00685804241376109,0.610329853870178,0.999957787024215
"Tbp",49.9649465080787,1.26011281935001e-05,0.0068661587463557,0.889938811382505,0.999957787024215
"Pdcd2",101.517868997421,-4.58749307849396e-05,0.00686557632765062,0.719235952075087,0.999957787024215
"Chd1",255.547780521171,9.1185471814213e-05,0.00686391267481451,0.644693723519875,0.999957787024215
"BC002059",45.7859262821196,-1.37092679452188e-05,0.00686619274370967,0.87684079429431,0.999957787024215
"Gm51425",41.8877248890777,-2.51177546802715e-06,0.00686623744446811,0.976403969035503,0.999957787024215
"Gm5165",37.5780856547603,-2.66580387691602e-05,0.00686630604073018,0.736370726636553,0.999957787024215
"Gm6712",34.8448978889058,-3.15098465307665e-05,0.0068663226882005,0.68518796962838,0.999957787024215
"Riok2",136.121399744558,1.74019315312103e-05,0.00686519126044507,0.905678215963535,0.999957787024215
"Lnpep",372.699710949811,1.82836477313814e-05,0.00686285132173833,0.937077271258878,0.999957787024215
"Ppp2r1a",146.811611208594,9.56992555068048e-05,0.0068650364787399,0.534111038546025,0.999957787024215
"Zfp160",45.5100537815253,-7.73985520847281e-05,0.00686620171304278,0.377824713088714,0.999957787024215
"Zfp51",17.5104366537703,7.84371151599458e-06,0.0068665357807095,0.888246030926893,0.999957787024215
"Gm56906",108.799129226957,7.40427775258023e-05,0.00686544452381836,0.582012712514669,0.999957787024215
"Zfp53",59.8568884139792,5.56252863991143e-05,0.00686602199207918,0.581219350873146,0.999957787024215
"Zfp52",30.4261064100815,1.40065537960364e-06,0.00686637924525476,0.984599003308721,0.999957787024215
"Zfp983",73.5963445503591,9.9414564922804e-05,0.00686585458467532,0.373268181543521,0.999957787024215
"Gm10509",25.9883393685022,2.30911994794103e-05,0.00686644314381299,0.727385779461953,0.999957787024215
"Zfp760",16.1848966416298,-9.95992981933505e-06,0.00686656145508,0.849717435161541,0.999957787024215
"Zfp942",38.1661625700826,-4.05713343290026e-06,0.00686628054533435,0.960230422353052,0.999957787024215
"Zfp994",19.0379933975358,-3.26209974993278e-05,0.0068665190453907,0.572759428289113,0.999957787024215
"Gm7072",39.1087855803058,2.63719548012813e-05,0.00686626844620354,0.748866306562873,0.999957787024215
"Zfp944",25.324137444576,1.69725735520859e-05,0.00686643850813895,0.799190888516174,0.999957787024215
"Thoc6",77.7476691441324,-7.33008793783862e-05,0.00686582241150484,0.518820070777586,0.999957787024215
"Hcfc1r1",57.8380086550709,2.2230995126119e-06,0.00686605085042578,0.98205904860604,0.999957787024215
"Pkmyt1",26.9955035928057,-3.43667291617645e-05,0.00686641696356037,0.617920190546123,0.999957787024215
"Flywch1",34.3276484959143,-1.8146326044347e-05,0.00686632805259372,0.814286315869863,0.999957787024215
"Srrm2",1313.01102534261,-5.89092422941044e-05,0.00685749555978787,0.868623744728861,0.999957787024215
"Elob",1276.43041021316,-0.00019398761898089,0.00685790847547964,0.577392560366263,0.999957787024215
"Kctd5",46.6040064161205,-2.69776004593941e-05,0.00686617807855971,0.763325045833969,0.999957787024215
"Pdpk1",157.446485962025,-2.68526636664255e-05,0.00686495018030262,0.864808638053446,0.999957787024215
"Amdhd2",15.8114566531025,-1.0661359275484e-05,0.00686655978685382,0.839926503868707,0.999957787024215
"Atp6v0c",282.112837665171,0.000222181138581214,0.00686366037391617,0.281474948703267,0.999957787024215
"Ccnf",79.9772748254899,-8.94007409460603e-06,0.00686577392487623,0.938835116634705,0.999957787024215
"D330041H03Rik",16.3983113314956,-9.62319738775308e-06,0.00686655906036429,0.855588071797825,0.999957787024215
"Rnps1",318.116892892236,-4.11658083618147e-05,0.00686331790509098,0.849793392127145,0.999957787024215
"Eci1",104.312339064313,3.99423888240133e-06,0.00686549685892925,0.975826817009982,0.999957787024215
"E4f1",19.5753831502957,5.26785132278706e-06,0.00686650933260358,0.928832168221781,0.999957787024215
"Pgp",130.58071963723,5.92664270165304e-05,0.00686526637080741,0.679203610679666,0.999957787024215
"Traf7",61.1195871574788,-3.83247135291214e-06,0.00686600722238798,0.969981729440617,0.999957787024215
"Zfp598",40.026053320357,-4.94444677714396e-05,0.00686625916081787,0.55207255463286,0.999957787024215
"Gfer",90.6341652842801,5.34084993008856e-05,0.00686571645251646,0.655850762601311,0.999957787024215
"Tbl3",59.7385285855942,1.13741342622418e-05,0.00686603443486782,0.909435884923461,0.999957787024215
"Rps2",4846.66526439505,0.000113667435924868,0.00685101778351689,0.806344859130586,0.999957787024215
"Ndufb10",388.950865181971,5.20498104577584e-05,0.00686270801953712,0.825298242323062,0.999957787024215
"Msrb1",72.7242229891606,-2.18318241311224e-07,0.00686586009570023,0.998435156595578,0.999957787024215
"Hagh",44.4595834502129,-3.02509713434721e-05,0.00686620252449979,0.730138177894019,0.999957787024215
"Nubp2",96.160053011258,-1.37639945637861e-06,0.00686558556109372,0.991360840481297,0.999957787024215
"Spsb3",17.5949314292861,2.97382494359478e-05,0.00686653497869157,0.594839409253307,0.999957787024215
"Mapk8ip3",63.0171965250523,-6.91164505910429e-07,0.00686599244031722,0.994637336231739,0.999957787024215
"Mrps34",244.059401502648,8.08029837644041e-05,0.00686401454764471,0.677309726706544,0.999957787024215
"Jpt2",75.0315602807044,-3.16963308547492e-05,0.00686584171544946,0.778030749325016,0.999957787024215
"Cramp1",49.7686798905932,-3.09531802739344e-05,0.00686613776019873,0.738256657286619,0.999957787024215
"Ift140",16.0149174724992,9.80663984460494e-06,0.00686655372954968,0.854734212298393,0.999957787024215
"Telo2",31.5061591726616,-1.98612339329223e-05,0.00686636840719478,0.787210571355742,0.999957787024215
"Clcn7",13.2820556693318,-1.42902023623172e-06,0.00686659072244257,0.976538701505028,0.999957787024215
"Uqcc4",155.645190614162,-0.000126102645257076,0.00686492290584678,0.427431529309252,0.999957787024215
"Unkl",51.6213764942659,2.0365132887253e-06,0.00686611276531969,0.982799848255899,0.999957787024215
"Gnptg",39.5658600293573,2.58986275271894e-05,0.00686627001483922,0.75284608064789,0.999957787024215
"Tsr3",69.5081529315258,-1.35571253568525e-06,0.0068658991440554,0.990065675830294,0.999957787024215
"Ube2i",867.662501356949,4.9837032915336e-06,0.00685941252346116,0.987468097652916,0.999957787024215
"Lmf1",17.3965463559388,5.50960784240384e-06,0.00686654640787242,0.919468375436684,0.999957787024215
"Chtf18",20.3814268619068,-3.02861243590784e-05,0.00686650202496986,0.612688356458906,0.999957787024215
"Ciao3",23.8833807305209,-5.00322089478168e-06,0.00686645520658112,0.938623259838498,0.999957787024215
"Haghl",15.2827051900256,6.18821046009435e-06,0.00686656434041316,0.905609274586746,0.999957787024215
"Antkmt",111.195059041385,-3.78431353077261e-05,0.00686542404764006,0.780111582781819,0.999957787024215
"Metrn",144.021858565793,-5.91506509483501e-05,0.0068650481266337,0.699796893757155,0.999957787024215
"Stub1",157.160441506026,-7.95179219931445e-05,0.00686491353869235,0.617668582059284,0.999957787024215
"Rhot2",24.6184101767778,3.80015257575833e-05,0.00686644668858692,0.563998018892318,0.999957787024215
"Wdr90",11.1479233045679,1.18161363423881e-06,0.00686661573335808,0.979013760461366,0.999957787024215
"Mcrip2",33.4636884226292,-9.301627977111e-06,0.00686633523794334,0.903362218986199,0.999957787024215
"Mettl26",104.638841232244,1.72505970953439e-05,0.00686548791349452,0.896244203392988,0.999957787024215
"Rab40c",39.3716544278174,-1.79812039208014e-05,0.00686626178759456,0.828347024483212,0.999957787024215
"Pigq",39.6027757715808,3.13423903849782e-05,0.00686626059363937,0.705813086793484,0.999957787024215
"Capn15",52.4490378088108,-3.39949066501399e-05,0.00686611340597203,0.718807410979286,0.999957787024215
"Rab11fip3",16.7617399543284,-2.66500682788171e-05,0.00686654778546029,0.623706609308266,0.999957787024215
"Nme4",21.6240311214448,5.16625360381499e-05,0.00686648510493346,0.402694404873342,0.999957787024215
"Mrpl28",182.175517717654,6.13189812359032e-05,0.0068647315809071,0.713407820989055,0.999957787024215
"Axin1",77.2248672033219,2.50806692195894e-06,0.00686581174562013,0.982487119532734,0.999957787024215
"Arhgdig",27.7231062736309,5.69902194705098e-06,0.00686640763337118,0.934947425545462,0.999957787024215
"Luc7l",286.233928753734,-0.000111268695621105,0.00686360934275811,0.5926552613342,0.999957787024215
"Ergic1",144.750332218978,-8.38979869651887e-05,0.00686504079137962,0.585235364087336,0.999957787024215
"Atp6v0e",613.151712775282,0.000170658169220818,0.00686101551135294,0.543131048019223,0.999957787024215
"Crebrf",33.598870305398,-5.55937749252243e-05,0.00686634119828332,0.464911133461116,0.999957787024215
"Bnip1",52.811523485473,-2.83113575803351e-05,0.00686610372093119,0.765973971350964,0.999957787024215
"Kifc5b",31.3913151606721,-1.00380947995907e-05,0.00686636314414906,0.892195563641451,0.999957787024215
"Cuta",357.954585114734,9.52532659229113e-05,0.00686308893256653,0.67130940746075,0.999957787024215
"Zbtb9",15.9805396033005,2.95109860315551e-06,0.00686655499588725,0.955929637009786,0.999957787024215
"Bak1",123.711979414804,4.42954308948191e-05,0.00686531592957834,0.753269018163098,0.999957787024215
"Uqcc2",300.907799795805,-5.61254588211819e-05,0.00686347677676121,0.791499314170748,0.999957787024215
"Lemd2",17.3571394679285,1.2693707103509e-05,0.00686653959681387,0.818596226657387,0.999957787024215
"Hmga1",33.3013335852509,-1.96836803938704e-05,0.00686636461784042,0.790050373092316,0.999957787024215
"Smim29",114.026642361512,-6.87992832468063e-05,0.00686538411226344,0.616977092337238,0.999957787024215
"Nudt3",112.403751520816,1.22460990479007e-05,0.00686542140075942,0.92808705022093,0.999957787024215
"Rps10",8553.16866339223,0.000254839648192924,0.00684902152106707,0.604491835502717,0.999957787024215
"Ilrun",122.960885024051,3.6321082893191e-05,0.00686548277463037,0.784068751783582,0.999957787024215
"Snrpc",418.920746745314,0.000101742123769527,0.00686245113714044,0.67562392710223,0.999957787024215
"Taf11",126.390300546289,8.63300562460127e-05,0.00686527055276526,0.546350226822398,0.999957787024215
"Anks1",34.7537324404863,-7.63832275590915e-05,0.00686633856040339,0.316857890553931,0.999957787024215
"Def6",155.633802572477,8.42308218258973e-06,0.00686501676492138,0.95660550043026,0.999957787024215
"Ppard",45.3755813746658,5.33686815916233e-05,0.00686619345795213,0.546056281441864,0.999957787024215
"Fance",27.2697452072953,1.19329170958065e-05,0.00686641772442598,0.862348229954827,0.999957787024215
"Rpl10a",4589.57796229075,0.000230813053125116,0.00685114888169027,0.617171553403017,0.999957787024215
"Fkbp5",284.705263967369,0.000158530851164366,0.00686391377107118,0.422621476716541,0.999957787024215
"Srpk1",295.77695793025,5.05710456243438e-05,0.00686354683241593,0.809726334363161,0.999957787024215
"Mapk14",93.427144425543,-7.14084789437596e-05,0.00686566357324103,0.561011946615746,0.999957787024215
"Brpf3",18.1166395848437,3.54578901682105e-05,0.0068665286956498,0.53160752990055,0.999957787024215
"Kctd20",33.7910508502425,-2.57395915695794e-05,0.00686633231841729,0.737745628241242,0.999957787024215
"Stk38",117.834817911884,-6.20727822168829e-05,0.00686533921788418,0.656991030063087,0.999957787024215
"Srsf3",1616.01286077946,0.000207702562943393,0.00685648110958629,0.579731484668412,0.999957787024215
"Trp53cor1",39.8491242428736,-3.93009837794414e-05,0.00686626766429147,0.633571600708897,0.999957787024215
"Cdkn1a",1036.38999558642,-3.08317026146688e-06,0.00685854587989546,0.99266602320099,0.999957787024215
"Ppil1",218.795449825309,0.000103854041574568,0.00686443334801281,0.561306696322826,0.999957787024215
"BC004004",637.319905918936,0.000129310158465957,0.00686082854002526,0.650222221609732,0.999957787024215
"Mtch1",174.888181411292,3.63320510486917e-05,0.00686475656628672,0.826674515188028,0.999957787024215
"Pim1",599.665947596895,0.000437858020244041,0.00686112960133142,0.115059750341864,0.999957787024215
"Tbc1d22b",57.0982869759865,4.02011606635618e-05,0.00686604845156026,0.684766449209254,0.999957787024215
"Rnf8",83.2375832236261,1.61221138538445e-05,0.00686574080750065,0.891727521092968,0.999957787024215
"Cmtr1",94.370162568407,-0.000121592610662005,0.00686562615212013,0.330323021377162,0.999957787024215
"Ccdc167",48.5095796499776,8.22031920753602e-05,0.00686615231878949,0.369204339552463,0.999957787024215
"Zfand3",166.419741341984,9.15371180903573e-05,0.00686485859534484,0.571217094185672,0.999957787024215
"Btbd9",115.783166033928,-3.07990070571279e-05,0.00686537639635196,0.823324618410619,0.999957787024215
"Glo1",212.589936166058,-1.09944982171802e-06,0.00686433115658472,0.995197398166879,0.999957787024215
"1700097N02Rik",37.0377746816822,1.60949469290161e-05,0.00686629348940773,0.841069522894934,0.999957787024215
"Dnah8",131.323105854518,-5.28740291478953e-05,0.00686541882592195,0.697054048851437,0.999957787024215
"Ubash3a",59.9208593165046,-5.47709621248477e-05,0.00686601769275571,0.588119202277326,0.999957787024215
"Slc37a1",23.1378738847873,1.23848109160633e-05,0.00686646571857861,0.846216401071476,0.999957787024215
"Wdr4",66.8743494313012,5.57232688254987e-06,0.00686594995365264,0.957929133495315,0.999957787024215
"Ndufv3",371.887316653881,0.000105152942290098,0.00686295035152207,0.645607453675563,0.999957787024215
"Pknox1",70.7535851228347,0.000128476341186822,0.00686592071569323,0.232098944021083,0.999957787024215
"U2af1",750.637071781302,0.000157877986395796,0.00686014489592316,0.600054408297511,0.999957787024215
"Rrp1b",312.909599944772,-1.65266383006193e-05,0.00686337352941058,0.938901259998352,0.999957787024215
"Brd4",338.485545119912,1.80263416386106e-05,0.00686342963498062,0.932812784537068,0.999957787024215
"Akap8",180.126693660849,3.61712274830893e-05,0.0068647889528555,0.82604301899404,0.999957787024215
"Akap8l",68.1871291218673,-2.65742148691136e-05,0.00686591752564691,0.805138641987784,0.999957787024215
"Wiz",40.5335240217936,5.13162300577006e-05,0.00686626478232487,0.53483495766611,0.999957787024215
"Rasal3",102.416149555299,1.97017904021754e-05,0.00686557402350549,0.877424154082523,0.999957787024215
"Pglyrp2",79.2756229176547,5.93268574436214e-05,0.00686578597633135,0.6084113049059,0.999957787024215
"Zfp871",91.1980506537743,-1.99429185640737e-05,0.0068656628061664,0.87107005754078,0.999957787024215
"Zfp472",35.1642740628293,-2.02122976793479e-06,0.0068663185670287,0.979350287292516,0.999957787024215
"Zfp952",17.6519057515302,-5.26595974055892e-05,0.00686654154652982,0.339252696195258,0.999957787024215
"Zfp955a",15.3179792781569,-2.37699056455545e-05,0.00686656424330955,0.648844773707891,0.999957787024215
"Zfp955b",36.0100506804473,4.60444411818858e-06,0.00686630497581937,0.95368357988203,0.999957787024215
"Zfp81",27.3281743299892,-3.02585509344138e-05,0.00686642516290458,0.656698515314299,0.999957787024215
"Zfp101",26.9042914724578,-3.65939468437846e-05,0.00686642638447224,0.590222514512067,0.999957787024215
"Adamts10",44.4268005078684,-1.24842019468727e-05,0.00686620132849443,0.886920858484126,0.999957787024215
"Myo1f",172.187683022687,-9.38482931628449e-05,0.00686498891550281,0.547512224936059,0.999957787024215
"Zfp414",44.296368297843,-6.83201537312619e-05,0.00686620420393187,0.435271883167294,0.999957787024215
"Hnrnpm",736.046221286517,-3.25285741560747e-05,0.00686022919005928,0.913422725116103,0.999957787024215
"Marchf2",58.9693538336591,-4.01856059302625e-06,0.00686602359391727,0.968178477910118,0.999957787024215
"Rab11b",140.317024050584,5.10016683515685e-05,0.00686511720535214,0.734326921904789,0.999957787024215
"Rps28",4092.71177978156,-0.000365198755012386,0.00685231539714145,0.411058691113782,0.999957787024215
"Ndufa7",465.665652002949,6.03816747321895e-05,0.00686207224885607,0.811794955853104,0.999957787024215
"Cd320",54.0139180372347,6.52129673827669e-05,0.0068660855632862,0.498819070228893,0.999957787024215
"Kifc1",52.9514794914359,7.94247547737954e-05,0.00686610855898699,0.401976638692639,0.999957787024215
"Daxx",72.4992020620555,7.46261997746356e-06,0.00686586222326014,0.946487063035058,0.999957787024215
"Tapbp",217.840240599756,0.000100712532295239,0.00686430888240615,0.583095224277581,0.999957787024215
"Pfdn6",258.03073592675,-9.54739727413748e-06,0.00686390669968691,0.961530604954295,0.999957787024215
"Wdr46",102.923516034272,8.26132293004427e-05,0.0068655101061618,0.528676810493549,0.999957787024215
"Rps18",4249.68472010207,0.00010617057297554,0.00685197069895801,0.813281314977885,0.999957787024215
"Vps52",26.3261792509016,2.79484824476069e-06,0.00686642669327539,0.967178180304491,0.999957787024215
"H2-K2",22.1400115502692,9.45465504499521e-06,0.00686647645995028,0.880122390780827,0.999957787024215
"H2-K1",1687.1342121466,0.000164456934352884,0.00685686928190417,0.654901825681671,0.999957787024215
"Ring1",25.2251258688711,3.98310224702059e-06,0.00686644333457874,0.952035862421033,0.999957787024215
"Hsd17b8",55.042212184096,-5.70838428835255e-05,0.0068660994240538,0.549712072923111,0.999957787024215
"Slc39a7",147.672904846559,-9.89839582794258e-05,0.0068650455169209,0.519074894300683,0.999957787024215
"Rxrb",30.2234376977729,1.41667886641909e-05,0.00686639257999509,0.842474689139006,0.999957787024215
"Brd2",298.441064901761,-6.55663973694323e-05,0.00686357884215788,0.753719610019362,0.999957787024215
"H2-DMa",48.0546128888003,4.61556819427528e-05,0.00686616046207774,0.611741891364016,0.999957787024215
"Psmb9",769.701116900974,0.000121890605379207,0.00686107015285083,0.662551746486447,0.999957787024215
"Tap1",169.028339449069,-2.75676102056998e-06,0.00686478567079428,0.986646904036079,0.999957787024215
"Psmb8",1529.25877576998,-0.000158282765596974,0.00685708375681994,0.663630806012579,0.999957787024215
"Tap2",261.959134699824,2.80011963087599e-05,0.00686424108281759,0.880339459101539,0.999957787024215
"H2-Ab1",27.9695939645874,5.11326851892509e-05,0.00686641020200587,0.462345740124461,0.999957787024215
"Gpsm3",144.226075477718,-5.29720342776622e-05,0.00686504902949976,0.729787638865353,0.999957787024215
"Pbx2",23.3744902811442,-2.65735027729142e-05,0.0068664759225242,0.671941726336374,0.999957787024215
"Rnf5",56.733252658312,1.6796377808043e-05,0.00686605372704692,0.864816391257839,0.999957787024215
"Agpat1",49.8893809324233,-7.98134595429797e-05,0.00686613816739628,0.388727599764971,0.999957787024215
"Ppt2",21.2328952470075,2.86601556242265e-05,0.00686649112829818,0.638818500552112,0.999957787024215
"Atf6b",80.9489207787228,9.13956725269856e-05,0.00686577925245116,0.431525093619714,0.999957787024215
"Stk19",39.6500755141144,6.1320524558878e-06,0.0068662581653606,0.941268186242859,0.999957787024215
"Dxo",14.2790684568458,-3.06516111377326e-06,0.00686657610089449,0.951711626251377,0.999957787024215
"Skic2",52.9733655065218,-8.14552706111999e-06,0.00686617117055319,0.927980484788704,0.999957787024215
"Nelfe",104.245318323865,-5.6038444537254e-05,0.00686549413585366,0.671081345842996,0.999957787024215
"Ehmt2",66.0575955907643,-7.23710210717214e-05,0.00686595383494243,0.492228869307447,0.999957787024215
"Neu1",50.8464166309911,1.58869090399117e-05,0.00686613596548529,0.864015058655567,0.999957787024215
"1110038B12Rik",459.825800302224,-0.00011436158495247,0.00686219972214731,0.647511065032468,0.999957787024215
"Lsm2",418.482605859737,7.56615009901838e-05,0.00686246233799179,0.755357607366225,0.999957787024215
"D17H6S56E-5",300.377464173861,-4.40733381380673e-05,0.00686357165187373,0.833155933425906,0.999957787024215
"Vars",248.263473368189,2.41679540141572e-05,0.00686397113994416,0.901715181119915,0.999957787024215
"Msh5",22.7927580760385,-2.4790823534603e-05,0.00686646904453927,0.696225303989458,0.999957787024215
"Clic1",1398.80329098774,0.000447662865527028,0.00685696966300897,0.221382374088031,0.999957787024215
"Abhd16a",49.0389013139904,-2.13260643751599e-05,0.00686615471759634,0.815436036020207,0.999957787024215
"Csnk2b",563.742608109021,0.00027799260859738,0.00686133371014429,0.308159019228323,0.999957787024215
"Gpank1",35.6926421233031,7.69832968518275e-06,0.00686630716389676,0.922455065465089,0.999957787024215
"Bag6",53.8916687404788,4.8238159084232e-05,0.00686608985432001,0.615745485656961,0.999957787024215
"Prrc2a",221.324022687431,4.1622957744456e-05,0.00686429838499617,0.820924503723041,0.999957787024215
"Lst1",18.8676415384802,-1.91719703491758e-05,0.0068665182385065,0.740703969708635,0.999957787024215
"Ltb",633.200778552461,0.000365193134518997,0.00686125641700183,0.183732529048807,0.999957787024215
"Tnf",127.774259875186,-7.23104240527964e-06,0.00686526287865514,0.959805130049259,0.999957787024215
"Lta",694.51528715408,0.000100376966978107,0.00686517580225502,0.496414733193315,0.999957787024215
"Nfkbil1",60.1910041456752,9.87205421099477e-06,0.0068660102777275,0.922622605349812,0.999957787024215
"Ddx39b",587.011821986875,0.000130526759245517,0.00686116447249938,0.637480683105472,0.999957787024215
"H2-D1",2286.53469305416,-1.75186417086494e-05,0.00686427745522732,0.924418803731055,0.999957787024215
"H2-Q4",89.7360705073759,-5.50731230696812e-05,0.00686571809726719,0.645587667831937,0.999957787024215
"H2-Q5",17.0787183816315,-1.36832654281484e-05,0.00686654167868213,0.803831102807652,0.999957787024215
"H2-Q6",85.11658966306,-3.09225699254962e-05,0.00686571550189747,0.79647962977082,0.999957787024215
"H2-Q7",241.237165671566,-1.04380826782806e-05,0.00686438017686111,0.953963532757942,0.999957787024215
"H2-Q10",24.6296903960205,-3.18445526956676e-05,0.00686645537618154,0.623972638636834,0.999957787024215
"Tcf19",55.8958709435594,-2.4222862609523e-05,0.00686608111892405,0.802274579370678,0.999957787024215
"Cchcr1",20.4252565532326,-1.43802198690573e-05,0.00686650531383403,0.808857879286033,0.999957787024215
"Gtf2h4",62.580029816939,-2.35649145087968e-05,0.0068659870778547,0.819365560092395,0.999957787024215
"Ier3",93.4793224031153,-4.18906391261611e-06,0.0068656177109191,0.973344765219999,0.999957787024215
"Flot1",41.2758410138187,-1.22817812368541e-05,0.00686626433429345,0.881968072237778,0.999957787024215
"Tubb5",2110.79292454591,0.000450675469466055,0.00685563297038691,0.248057859391046,0.999957787024215
"Mdc1",49.0974238911602,-3.48683944297142e-05,0.0068661429908427,0.705419014791367,0.999957787024215
"Nrm",44.728738605975,5.77827150797662e-05,0.0068662058291611,0.508722070640727,0.999957787024215
"Ppp1r18",243.338573606571,4.83918839236451e-06,0.00686403517771902,0.980042280495035,0.999957787024215
"Dhx16",69.7489702803556,-7.99657314459728e-05,0.00686590829320349,0.460306143898231,0.999957787024215
"2310061I04Rik",44.7565966413525,-1.4012645645398e-05,0.00686620601859355,0.872658845619779,0.999957787024215
"Mrps18b",211.099865365452,-3.9967872897827e-05,0.00686434957968075,0.826146247735674,0.999957787024215
"Ppp1r10",197.166424682253,0.000152389255996112,0.00686448543148284,0.388651754720385,0.999957787024215
"Abcf1",429.683833009855,-5.77644015268554e-05,0.00686243399627856,0.812577918931363,0.999957787024215
"Prr3",32.1391730810974,3.05025735880608e-05,0.00686635371766377,0.683972241239843,0.999957787024215
"Gnl1",53.0796072433884,-1.59897160899126e-05,0.00686610262702398,0.866610799262406,0.999957787024215
"A930015D03Rik",54.3862758599277,-2.41345908546859e-05,0.00686608085409715,0.803017737067763,0.999957787024215
"H2-T23",138.180736253348,9.30595359865067e-05,0.00686521996521488,0.522487012778583,0.999957787024215
"H2-T22",82.7093337535817,-3.90943776595474e-05,0.00686578456939728,0.735835398188171,0.999957787024215
"H2-T10",18.6020381583641,-5.08016198715413e-05,0.00686653726432289,0.36117616446684,0.999957787024215
"Rpp21",167.848612417422,-8.42297752573361e-06,0.00686479808592215,0.959088510310401,0.999957787024215
"Trim39",20.2956272182829,-1.94406132994692e-05,0.00686650182756443,0.74530861823205,0.999957787024215
"Trim26",71.2208108980566,-3.15643720604903e-05,0.00686588519834819,0.773666956404011,0.999957787024215
"Ppp1r11",239.636965589823,-0.000148562075510941,0.00686412821204653,0.43455990092933,0.999957787024215
"Polr1h",262.582729145405,0.000142407753670643,0.00686389524577347,0.472757663365353,0.999957787024215
"Gabbr1",22.1723284035222,1.35616583458631e-05,0.00686647705324248,0.828558536701536,0.999957787024215
"H2-M3",65.6756565875272,3.50603320846245e-05,0.00686598168062358,0.734922949274693,0.999957787024215
"Cenpq",120.265414747517,1.63566414152123e-05,0.00686532171876029,0.907411798492271,0.999957787024215
"Mmut",50.3554878417483,-3.69121583680176e-05,0.00686613100089573,0.691841562369152,0.999957787024215
"Cd2ap",162.211174644008,3.86990212844291e-05,0.00686485325899616,0.811057197738865,0.999957787024215
"Enpp4",37.0141535027186,-8.56240517501738e-06,0.00686629112510984,0.915256609352576,0.999957787024215
"Runx2",154.62457812835,-0.000164243417239582,0.00686494089000488,0.298939831197121,0.999957787024215
"Supt3",98.77086308399,-4.48735283504311e-05,0.00686559111148461,0.723455975043607,0.999957787024215
"Cdc5l",294.124640225327,2.04194531460738e-05,0.00686360203854312,0.921880198251416,0.999957787024215
"B230354K17Rik",30.9616219452286,-2.27900126414944e-05,0.00686636665588032,0.757280339908853,0.999957787024215
"Slc35b2",76.6562320504652,8.06576863118802e-05,0.00686581479428233,0.479529368029508,0.999957787024215
"Hsp90ab1",7907.9828614393,1.93667136980722e-05,0.00684907607612084,0.968553639625099,0.999957787024215
"Slc29a1",108.522955954938,-3.29449212750843e-06,0.00686544660047943,0.980444893248318,0.999957787024215
"Mrpl14",160.917116472011,7.81254508142529e-05,0.0068648655790744,0.628256822721065,0.999957787024215
"Vegfa",22.4105864539713,1.05241186877708e-05,0.00686647699271408,0.866559792757201,0.999957787024215
"Mrps18a",163.96357999513,6.80771473540132e-05,0.00686486804870482,0.672891987354671,0.999957787024215
"Mad2l1bp",51.1453264824592,-9.67563673062459e-06,0.00686612875422135,0.917398468192587,0.999957787024215
"Gtpbp2",41.8204599656899,7.58430683591602e-05,0.00686623855552139,0.371300378046898,0.999957787024215
"Polh",57.117402665146,3.50879600859087e-05,0.00686605346327006,0.722153747507559,0.999957787024215
"Xpo5",108.83742870256,-4.5505170577368e-05,0.00686545573202287,0.734052088261575,0.999957787024215
"Polr1c",129.340406208611,-6.22035868425066e-05,0.00686522863911132,0.668158467296348,0.999957787024215
"Yipf3",55.6007427380201,3.29101986141535e-05,0.00686606619724693,0.736458630193414,0.999957787024215
"Tjap1",27.7897075969162,4.67434366142837e-05,0.0068664083944992,0.502741820188966,0.999957787024215
"Zfp318",19.8711848724936,2.16357358963276e-05,0.00686650678363973,0.715116257595935,0.999957787024215
"Dnph1",66.8519397212792,-1.4584219526429e-05,0.00686593078674837,0.891451734294501,0.999957787024215
"Srf",28.0959400466622,4.51918702927453e-05,0.00686641094629511,0.515509851022602,0.999957787024215
"Mrpl2",172.998011390619,-0.000203883709199413,0.0068647542332309,0.219421643501203,0.999957787024215
"Rrp36",87.4846030954547,7.50340272169614e-05,0.00686568708186267,0.536910443301356,0.999957787024215
"Klhdc3",35.9023074712025,1.82061674131659e-05,0.00686630724880851,0.81791330646889,0.999957787024215
"Mea1",76.5934014945023,-3.42359534946869e-05,0.00686581844446844,0.763644914369676,0.999957787024215
"Ppp2r5d",37.795353798437,-8.44747517111311e-05,0.00686631518467531,0.28118042819323,0.999957787024215
"Pex6",18.2795646784674,1.63618672639155e-05,0.00686652604003201,0.774085886292862,0.999957787024215
"Cnpy3",44.3144116824151,-1.29607142680608e-05,0.00686620869501655,0.881863483691641,0.999957787024215
"2310039H08Rik",72.5842095985912,-3.12857921885448e-05,0.00686586125568125,0.778531139259459,0.999957787024215
"Rpl7l1",323.126416898406,5.05383846581082e-05,0.00686328007991979,0.817131598842055,0.999957787024215
"Bicral",46.5528998917045,2.22017327714566e-05,0.00686617647752156,0.804543213671556,0.999957787024215
"Tbcc",36.3403129583324,3.09072781918494e-05,0.00686629972278893,0.698271666209342,0.999957787024215
"Ubr2",208.436407515458,-3.82153802134778e-05,0.00686438734992412,0.832358620619849,0.999957787024215
"Trerf1",195.394424860791,0.000213468900092663,0.00686479418393535,0.194020990304562,0.999957787024215
"Mrps10",260.58394117722,-4.8885263720194e-05,0.00686387781149221,0.805893301065734,0.999957787024215
"Taf8",17.9567184533361,3.09187162131749e-05,0.00686653244542166,0.58238990867887,0.999957787024215
"Ccnd3",282.263681422649,-5.45645215868019e-05,0.00686364626333472,0.791856999461829,0.999957787024215
"Bysl",82.8059008554283,-5.40099978475163e-05,0.00686578594909323,0.640914893989577,0.999957787024215
"Med20",37.9249365167678,1.61362471861451e-05,0.0068662805342765,0.842793769739199,0.999957787024215
"Usp49",20.2313302424514,-1.60931259235213e-05,0.00686650713040573,0.78587257743685,0.999957787024215
"Tomm6",574.153229702602,8.68882039819739e-05,0.00686127254648409,0.751435145227849,0.999957787024215
"Foxp4",19.9114305395204,4.16326053212169e-06,0.00686650568661798,0.944126895281426,0.999957787024215
"Treml2",160.954856459356,1.31453886903147e-05,0.0068648678060042,0.935031390682012,0.999957787024215
"Nfya",58.3945823048937,3.24395252426582e-05,0.00686606396659397,0.740490645752708,0.999957787024215
"Oard1",58.7661363457704,1.52815580312752e-05,0.00686604298809874,0.877820570080339,0.999957787024215
"Rftn1",94.2384390621178,-3.89172933265879e-06,0.00686564354953012,0.97495205114956,0.999957787024215
"Plcl2",188.003527537214,-0.000111486687387342,0.00686458920487583,0.518572229276637,0.999957787024215
"Tbc1d5",176.328038991939,-0.000128815537241503,0.00686472801889944,0.440770341207756,0.999957787024215
"Satb1",786.323656058488,0.000422689883170189,0.00686019296182612,0.158867099875668,0.999957787024215
"Gm19585",291.788034956403,0.000268750946753091,0.00686360631615342,0.196507734263421,0.999957787024215
"Rab5a",114.553762087053,7.82111497217951e-05,0.00686538649220186,0.56932202026526,0.999957787024215
"Kat2b",116.046184813782,1.00895592625569e-06,0.00686536964437955,0.994178305533707,0.999957787024215
"Sgo1",120.256905871561,-2.19626298225557e-05,0.00686532951622364,0.87556866285599,0.999957787024215
"Pot1b",26.0174664233563,3.93264560300408e-05,0.00686645530004207,0.544958183451438,0.999957787024215
"Zfp959",15.3373742580751,1.16432364304744e-05,0.00686656298203434,0.824043256428986,0.999957787024215
"Yju2",27.0697184798558,-4.46955193075318e-05,0.00686642336584953,0.512594168608942,0.999957787024215
"Mpnd",37.8753791540182,-1.60463329335594e-05,0.0068663114687036,0.838460080614605,0.999957787024215
"Sh3gl1",74.4983033278236,-4.95217754312123e-05,0.00686583870905125,0.660156507045451,0.999957787024215
"Chaf1a",107.477721959386,2.53934679205477e-05,0.0068654603457862,0.849370023675956,0.999957787024215
"Ubxn6",52.8296495565336,3.34325650086604e-05,0.00686609951385937,0.726061452356269,0.999957787024215
"Hdgfl2",83.959049583852,6.29153055811739e-05,0.00686576822075846,0.590258511367822,0.999957787024215
"Mydgf",326.096568559279,5.48289624495892e-05,0.00686324437964903,0.802902312428145,0.999957787024215
"Dpp9",48.6826093978434,-5.52694999751482e-05,0.00686615945856704,0.54364491595053,0.999957787024215
"Fem1a",39.125084105682,-1.6245557959311e-05,0.00686626635115301,0.84399064506845,0.999957787024215
"Ticam1",12.5394126593101,1.42327599425259e-05,0.00686659807929425,0.764651260372356,0.999957787024215
"Plin3",18.8237184479879,-6.59141716766706e-06,0.00686652784956523,0.907591359365502,0.999957787024215
"Uhrf1",235.738007086894,-9.66541243796834e-05,0.00686442450394302,0.589468211607324,0.999957787024215
"Ptprs",36.4858214014953,-2.38169297424452e-05,0.00686630006445003,0.765066587883297,0.999957787024215
"Safb2",191.762213932741,-0.00011917213849495,0.00686459199635887,0.489884487752306,0.999957787024215
"Safb",188.54435149255,-1.71070085970343e-05,0.00686466722638156,0.919644497151957,0.999957787024215
"Micos13",344.766907300865,0.000172345382562509,0.00686325104170042,0.43228085311422,0.999957787024215
"Rpl36",4595.99782909323,-0.000560720499005177,0.00685111072855968,0.225183953430529,0.999957787024215
"Lonp1",113.66289752662,-1.21650063391296e-05,0.00686540758933355,0.928925820482133,0.999957787024215
"Ranbp3",79.6226712353636,-5.07217250530576e-05,0.00686577800671199,0.662652755556822,0.999957787024215
"Ndufa11",396.120283464516,-6.90160268487083e-05,0.0068626559348635,0.771183066643383,0.999957787024215
"Dus3l",27.0352364988126,1.03410727420574e-05,0.00686642201006015,0.879819308306167,0.999957787024215
"Mllt1",20.6033971549671,2.49921406444086e-05,0.00686649734160693,0.678840072287564,0.999957787024215
"Clpp",148.855438329311,-2.41985110247735e-05,0.00686500958120133,0.876029956973224,0.999957787024215
"Alkbh7",36.9917905199346,-2.21313835243601e-05,0.00686630050709391,0.781151832411259,0.999957787024215
"Gtf2f1",217.855189398577,-0.00010067200322947,0.00686439124946789,0.576785108794842,0.999957787024215
"Khsrp",198.737880176679,-3.11766861143306e-05,0.0068645523625436,0.857926299921994,0.999957787024215
"Dennd1c",53.268178572671,1.36527233808518e-06,0.00686609173905893,0.988650654834309,0.999957787024215
"Gm11110",19.9317217383711,1.75624406114905e-06,0.00686650630865923,0.976385851036091,0.999957787024215
"Gpr108",33.9169201305479,2.29863138509192e-05,0.00686633077888931,0.765329117043827,0.999957787024215
"Trip10",22.9236096479174,2.96724661435331e-07,0.00686646890544982,0.996272381600104,0.999957787024215
"Vav1",90.4024376697113,1.73657274404036e-06,0.00686565681214748,0.988754798695198,0.999957787024215
"Fbxl17",188.386698528008,-0.000164265942975287,0.00686473718611374,0.324493696679765,0.999957787024215
"Pja2",60.107322957913,5.47731911356424e-06,0.00686603725819564,0.956230972359746,0.999957787024215
"Man2a1",134.725196621013,4.44300041139315e-05,0.00686529035652877,0.754631616537068,0.999957787024215
"Tmem232",80.2129950582238,3.94157333871463e-05,0.00686577063723558,0.735551194976138,0.999957787024215
"Vapa",350.107040807034,0.000103050057959726,0.00686302948037472,0.648806473387425,0.999957787024215
"Ppp4r1",49.1463185605481,-3.42213623665073e-05,0.00686614294262113,0.71064755297434,0.999957787024215
"Ralbp1",300.018415337704,-2.24525110431127e-05,0.00686348488678191,0.915671826225704,0.999957787024215
"Twsg1",21.9987400188297,2.02270516907678e-05,0.00686649263808812,0.739759526951251,0.999957787024215
"Ankrd12",185.726855638894,-0.000197155650072811,0.00686465427456728,0.246427470750466,0.999957787024215
"Ndufv2",320.766366536173,0.00025055978823201,0.00686329327618703,0.250721323196262,0.999957787024215
"Washc1",32.2002802032205,-2.82525847370604e-05,0.00686635824193229,0.704594380916468,0.999957787024215
"Ddx11",44.7573527891901,1.83347589634854e-05,0.00686619943894707,0.834844987064787,0.999957787024215
"Rab12",58.7700257588318,-5.43346413584988e-05,0.00686606378830229,0.579113940285314,0.999957787024215
"Zbtb14",16.1391918259503,3.53021592286752e-05,0.0068665545915807,0.508981826876877,0.999957787024215
"Tgif1",34.3539467122568,6.29616022686141e-05,0.00686633626617652,0.410601987305753,0.999957787024215
"Gm26510",46.0287472622886,-1.24594353141538e-05,0.00686618935392731,0.888320459734671,0.999957787024215
"Myl12b",569.538256300516,0.000360375305162318,0.00686146873885256,0.180958912438716,0.999957787024215
"Myl12a",982.558716556352,0.000208599166009365,0.00685996252847482,0.494328536732745,0.999957787024215
"Lpin2",101.790411462593,-7.39318851764381e-05,0.00686553237566784,0.569424703185164,0.999957787024215
"Emilin2",280.734146810068,0.000204118202548597,0.00686371185259033,0.318397517681648,0.999957787024215
"Smchd1",638.625756275074,0.00017582464830456,0.0068608208311322,0.537784178823242,0.999957787024215
"Ndc80",124.418021987921,0.000100896705159286,0.00686531071989012,0.474791880924913,0.999957787024215
"Trmt61b",45.1395244112574,-1.21575827918526e-05,0.00686619147898748,0.890807748182816,0.999957787024215
"Wdr43",536.502657423049,-0.000174260172574827,0.00686154409907077,0.514694736506258,0.999957787024215
"Ypel5",22.289652793311,-2.43623580413234e-05,0.00686647634164072,0.697623072954971,0.999957787024215
"Lbh",61.5858700971492,-3.56042651987944e-05,0.00686600358838307,0.72726783571397,0.999957787024215
"Lclat1",34.8062938759711,2.80748954715459e-05,0.00686635249720258,0.708334212897662,0.999957787024215
"Ehd3",33.4172848990282,-2.14435456206266e-05,0.00686633553450137,0.77947593900669,0.999957787024215
"Xdh",128.645398709747,2.13152213007307e-07,0.00686528552184549,0.998805613613436,0.999957787024215
"Memo1",206.17517212466,0.000156979805547881,0.00686441201099107,0.382081827780129,0.999957787024215
"Dpy30",491.630509467461,0.000189156139173162,0.00686187006117972,0.465160371219617,0.999957787024215
"Spast",118.932529694383,6.56909873936964e-05,0.00686534715812798,0.637446735239295,0.999957787024215
"Slc30a6",37.3121096400287,-2.11461166812517e-05,0.00686629013361098,0.792920021399227,0.999957787024215
"Yipf4",115.683071440958,4.69314935731921e-05,0.00686536321127513,0.734900253655142,0.999957787024215
"Birc6",628.676368239505,-3.62340221336179e-05,0.00686094226287279,0.897915573155029,0.999957787024215
"Ttc27",67.5928691587078,-5.0478512299816e-05,0.0068659295214717,0.636941848720566,0.999957787024215
"Fam98a",133.434536581723,7.28703357029766e-05,0.00686520456615924,0.618276535435765,0.999957787024215
"Crim1",117.647117610271,-8.32301197395215e-05,0.00686536314987535,0.548173983770506,0.999957787024215
"Fez2",29.9682758685019,2.66701796578544e-05,0.00686639869502057,0.705985127282904,0.999957787024215
"Strn",62.6681552886822,2.99158629351672e-06,0.00686599690374576,0.976724232515196,0.999957787024215
"Heatr5b",51.4431424933649,-5.33493829350853e-06,0.00686612248432456,0.954622049005641,0.999957787024215
"Gpatch11",119.371048959893,-1.36046376524518e-05,0.00686538349299047,0.921235719142685,0.999957787024215
"Eif2ak2",158.007941391555,-4.46816452072854e-05,0.00686521649285428,0.759061902400829,0.999957787024215
"Cebpzos",85.3067091366494,-5.49601613865938e-05,0.00686575433444599,0.640408112538278,0.999957787024215
"Cebpz",278.109791701543,-0.000241199907777587,0.00686371575417193,0.238091564849122,0.999957787024215
"Ndufaf7",56.0183636271329,8.01295366817348e-05,0.00686606116524274,0.414226661900867,0.999957787024215
"Prkd3",78.4525468649265,-9.83018056064828e-05,0.00686579653029793,0.393354370366176,0.999957787024215
"Cdc42ep3",40.1162758226059,2.0589068232007e-05,0.00686626932059282,0.802466485869453,0.999957787024215
"Atl2",45.9156023443073,5.82216011732456e-06,0.00686618621978146,0.947821520218133,0.999957787024215
"Hnrnpll",67.1986611695602,6.71104147792445e-06,0.00686592858573002,0.949994504160051,0.999957787024215
"Srsf7",1100.31655409384,0.000298011766687761,0.00685855762254626,0.373948790617618,0.999957787024215
"Gemin6",112.281118766148,-2.76427796870246e-05,0.00686540190086183,0.839714370100079,0.999957787024215
"Dhx57",44.5311096251559,1.34801770375765e-05,0.00686620546933796,0.877518642177433,0.999957787024215
"Sos1",96.5565078526339,-4.46452813240917e-05,0.00686563615095128,0.719587872619075,0.999957787024215
"Thumpd2",24.8059567801422,-5.54656336516435e-05,0.00686645452174038,0.39383909644639,0.999957787024215
"Eml4",410.671703766985,-0.000116809780097205,0.00686254976561637,0.626971334077591,0.999957787024215
"Cox7a2l",425.37737975272,-0.000157364412323626,0.00686240007890335,0.519957233058405,0.999957787024215
"Mta3",276.758930565,-0.000129752352283006,0.00686370506527513,0.526379220051198,0.999957787024215
"Gm46597",32.4267452180974,5.10840117178427e-05,0.00686635643290987,0.493989953806227,0.999957787024215
"Haao",27.1193011444873,4.49672514619232e-05,0.00686641900830623,0.512728478151405,0.999957787024215
"Zfp36l2",251.144542021944,-8.3415978043425e-05,0.00686413708175601,0.660303380347833,0.999957787024215
"Thada",170.877706127938,5.15420800492907e-05,0.00686476969725374,0.755300151398766,0.999957787024215
"Lrpprc",193.657807994247,-8.14935045115246e-05,0.00686454133837094,0.640665302919522,0.999957787024215
"Ppm1b",97.0274578891783,-7.8089811847865e-05,0.00686558444540401,0.539200568015177,0.999957787024215
"Prepl",17.004467535331,1.14382732487459e-05,0.00686654463244805,0.834416706728869,0.999957787024215
"Camkmt",41.5146800331912,-7.18592359903519e-05,0.00686627914488473,0.377825307354701,0.999957787024215
"Srbd1",140.56202001979,0.000142031285832994,0.00686512763654029,0.343071845884899,0.999957787024215
"Prkce",65.5159796942686,-5.32779286953086e-05,0.00686594642396767,0.614764912501367,0.999957787024215
"Rhoq",199.11748851322,-0.000242022894816863,0.00686461134224222,0.158957805170823,0.999957787024215
"Pigf",122.197578014635,-4.65928119051416e-05,0.00686531707973799,0.740821178734539,0.999957787024215
"Cript",208.821550110177,0.000177328436093468,0.00686437933314814,0.32679888677169,0.999957787024215
"Socs5",26.2353865477167,2.08510231386381e-05,0.00686642596015824,0.759110845853829,0.999957787024215
"Mcfd2",29.6723806918281,-1.40451303240064e-05,0.00686638659986249,0.845040780262889,0.999957787024215
"Ttc7",115.656819896544,-7.43808429835867e-05,0.00686536355730635,0.591454207306449,0.999957787024215
"Calm2",998.68962177134,0.000237883265560077,0.00685901151578819,0.465307798965667,0.999957787024215
"Msh2",82.8008358773663,-4.26850824496258e-05,0.00686579972745634,0.710453456931315,0.999957787024215
"Msh6",71.6602927216113,6.05264572453061e-05,0.00686588631513645,0.581081810066143,0.999957787024215
"Fbxo11",154.037909341549,-0.00010542476573372,0.00686499718054417,0.498236690873911,0.999957787024215
"Foxn2",133.827207083932,-2.87688530921562e-05,0.00686516979073172,0.845732600150184,0.999957787024215
"Ppp1r21",36.8959795106162,-2.69211799160215e-05,0.00686634056393939,0.723627608538554,0.999957787024215
"Mettl4",38.4355152368556,-2.11742253766181e-05,0.00686627559875305,0.795698216201892,0.999957787024215
"2700099C18Rik",49.7234519319928,1.4212177973005e-05,0.00686614000436903,0.877840495383688,0.999957787024215
"Gm1976",41.2470506896392,-9.97215033327214e-06,0.00686625560838016,0.904869744822825,0.999957787024215
"Crem",110.338794311613,4.40597658246176e-05,0.00686543380178991,0.744254387818906,0.999957787024215
"Cul2",171.750060252657,0.000170093976643743,0.00686475984111419,0.304904956556974,0.999957787024215
"Map3k8",83.4319298583111,-9.36621691302207e-05,0.00686576817373824,0.422790201922121,0.999957787024215
"Mtpap",88.2862094698557,-5.24410729161232e-05,0.00686568987654757,0.665650721632368,0.999957787024215
"Svil",137.95506419699,-0.000101255635229276,0.00686517165135258,0.493217476843582,0.999957787024215
"Zfp438",19.5000034662324,-1.92029308302611e-05,0.00686651037011873,0.74423786842954,0.999957787024215
"Zeb1",223.853549153093,-0.000142651097658726,0.00686425161357356,0.442178274098509,0.999957787024215
"Arhgap12",73.6097431701539,-3.81039180616784e-05,0.00686586129885632,0.731951085641726,0.999957787024215
"Kif5b",649.087690062467,0.000261464994205646,0.00686076438847394,0.361780874714388,0.999957787024215
"Epc1",124.656581716535,-2.38962093802467e-06,0.00686538293111613,0.986146218879885,0.999957787024215
"Rab18",106.284012369235,-5.19471070369158e-05,0.00686548182125286,0.695232776480381,0.999957787024215
"Mpp7",39.691973492602,-6.59510943844757e-05,0.00686628621443335,0.414853112000317,0.999957787024215
"Wac",330.69715190999,0.000150262032529809,0.00686322046491715,0.495419966953117,0.999957787024215
"Ccny",214.762611393243,-2.17260087674977e-05,0.00686432405442949,0.905456678379611,0.999957787024215
"Thoc1",188.545652484132,-0.000183315338254222,0.00686459416894965,0.287929486355743,0.999957787024215
"Usp14",418.962257499982,-1.45840024068071e-05,0.00686245278766394,0.952161901655761,0.999957787024215
"Rock1",720.159140711102,1.6478130749083e-05,0.00686035614235594,0.955646408848149,0.999957787024215
"Esco1",161.952904630157,2.93484163675763e-05,0.00686488677529488,0.854868185698133,0.999957787024215
"Snrpd1",1212.3647697074,-4.67674792260384e-05,0.006857747940217,0.894087180483039,0.999957787024215
"Mib1",87.7392278238739,-2.97124054626236e-05,0.00686568816790372,0.806734095104776,0.999957787024215
"Rbbp8",181.865242156598,1.63246831972363e-05,0.00686465264957392,0.92357200050804,0.999957787024215
"Cables1",20.4804384376116,-1.64625838029147e-05,0.00686649751116441,0.784988575809413,0.999957787024215
"Tmem241",39.9837251567189,-1.70982749232398e-05,0.00686625481921397,0.837762520154046,0.999957787024215
"Riok3",214.440463820724,-7.18818606453923e-06,0.00686432036509026,0.968677908542275,0.999957787024215
"Rmc1",39.3484059387789,-3.31450728087434e-05,0.00686627961647468,0.68402295619726,0.999957787024215
"Ttc39c",13.9201919957456,4.38998015752798e-06,0.00686658038885539,0.930078763236752,0.999957787024215
"Osbpl1a",19.4617254159848,3.41948523586389e-05,0.00686651302420845,0.559199963243162,0.999957787024215
"Impact",78.3559904757579,-0.000117920009212841,0.0068657987484964,0.305329698520336,0.999957787024215
"Ss18",98.1339022672673,-4.40807333796952e-05,0.00686558867971382,0.728416837572105,0.999957787024215
"Taf4b",42.6145354628147,5.21590098093815e-06,0.00686623266144534,0.951245793543519,0.999957787024215
"Trappc8",157.114302849908,-9.46695873577651e-06,0.00686493877968162,0.952285939209881,0.999957787024215
"Rnf125",73.8128673141856,1.53180517677167e-05,0.00686586723957277,0.890117161360481,0.999957787024215
"Rnf138",151.03568415893,-6.56627958194006e-05,0.00686498084599136,0.674564101522325,0.999957787024215
"Mapre2",43.7459632725819,-4.16347381375801e-05,0.00686621717361311,0.630460923467867,0.999957787024215
"Zfp397",67.9054247826954,-6.68799146623734e-05,0.00686592254574287,0.533460132149574,0.999957787024215
"Zfp35",19.4853465949484,6.30754230529061e-05,0.00686651416072171,0.280250938810783,0.999957787024215
"Zfp24",63.7877900628772,2.01282750590781e-05,0.00686597100921481,0.846905437188869,0.999957787024215
"Ino80c",52.4233341885455,-3.21519229624149e-06,0.00686611882822796,0.972720538451382,0.999957787024215
"Galnt1",311.297372339835,1.61655173016398e-05,0.00686339391409272,0.940053799630205,0.999957787024215
"2700062C07Rik",59.6743249536196,-5.83760075270518e-05,0.00686601948933145,0.56332721203806,0.999957787024215
"Rprd1a",56.4221060695864,-1.5760060030456e-05,0.00686605560443713,0.872917126829061,0.999957787024215
"Slc39a6",255.468059702921,6.31883149249569e-05,0.00686402920775134,0.7442036327863,0.999957787024215
"Elp2",89.5934259552344,5.277635697767e-05,0.00686566562006513,0.667155812282176,0.999957787024215
"Tpgs2",42.840721186933,3.83678381294335e-05,0.00686624187812374,0.650029390816252,0.999957787024215
"AW554918",93.9940447463791,5.05758791326449e-05,0.00686570106523055,0.675256470423985,0.999957787024215
"Pik3c3",42.2393254238286,-6.52722108379139e-05,0.00686623260206845,0.444213029279055,0.999957787024215
"Slc25a46",63.4388315129955,1.8315361970445e-05,0.00686598228493815,0.859552877521358,0.999957787024215
"Sap130",88.1390127559817,6.71584672481661e-05,0.00686573806389293,0.571218497693147,0.999957787024215
"Ammecr1l",38.7247756998762,-9.82816140732051e-06,0.00686627153569587,0.904736109513699,0.999957787024215
"Polr2d",196.447657802122,7.89697059878537e-05,0.00686450929485906,0.653367905265242,0.999957787024215
"Wdr33",266.682782803835,-4.53892288989123e-05,0.00686379742161153,0.821945466407339,0.999957787024215
"Sft2d3",21.7965014363621,1.6815793442087e-05,0.00686648930915123,0.783727225976259,0.999957787024215
"Iws1",238.695807296606,3.11667703904785e-05,0.00686410939677348,0.870242510125557,0.999957787024215
"Map3k2",94.4776255801524,-4.8574464070034e-05,0.00686561634142531,0.698595299979756,0.999957787024215
"Ercc3",39.5784092127671,-1.53865231455973e-05,0.00686626065167306,0.852974346081864,0.999957787024215
"Bin1",77.0452358418871,-6.88996628766922e-05,0.00686582259772481,0.544191029511148,0.999957787024215
"Gypc",33.2800993849202,-5.37877373671293e-05,0.00686635774670606,0.470697476858739,0.999957787024215
"Wdr36",211.10199368256,7.26960775556347e-05,0.00686435134138148,0.689411994362046,0.999957787024215
"Camk4",512.057837749317,0.000152815524865444,0.00686171807545183,0.561162424800917,0.999957787024215
"Stard4",146.32674682145,6.54812041767429e-05,0.00686505788252065,0.668591770032154,0.999957787024215
"Epb41l4aos",104.353118917716,-0.000143907222118192,0.00686552005713688,0.270525753150295,0.999957787024215
"Apc",189.422931515819,-1.76065631778189e-05,0.00686457836752848,0.918998546344512,0.999957787024215
"Srp19",687.738093830251,0.000141660104462564,0.00686090490662658,0.617087851008009,0.999957787024215
"Reep5",862.894633589245,-5.78030119243192e-05,0.00685944319203788,0.855145587631235,0.999957787024215
"Fam13b",109.035477045233,-3.94517479067205e-05,0.00686546718228868,0.767349329411408,0.999957787024215
"Brd8",179.96092711892,-7.68325391681702e-05,0.00686467366568843,0.649983207945005,0.999957787024215
"Kif20a",113.806987239202,-7.63360204315166e-06,0.00686545700691419,0.954529212600811,0.999957787024215
"Cdc23",54.845328693746,2.30093078053427e-05,0.0068660763422395,0.812633257098748,0.999957787024215
"Cdc25c",36.69754782065,3.70250975314502e-05,0.00686631012934298,0.638572436362147,0.999957787024215
"Kdm3b",97.0838979697369,-7.71381016492241e-05,0.0068655797216646,0.544961546693405,0.999957787024215
"Etf1",617.167276791487,0.000124331576486404,0.00686098427258601,0.658620427490532,0.999957787024215
"Hspa9",752.111811442994,-3.86119556150863e-05,0.00686011919074076,0.898160922393748,0.999957787024215
"Ctnna1",143.510892566576,-0.000143375449361126,0.00686507889940502,0.345608779392861,0.999957787024215
"Sil1",87.5171175150281,3.73571715771982e-05,0.0068657376370614,0.752824152502038,0.999957787024215
"Snhg4",188.869502065136,1.65649888591047e-05,0.00686461535014136,0.923124327285846,0.999957787024215
"Matr3",537.90716034743,7.60031768342344e-05,0.00686154891167635,0.776179918693751,0.999957787024215
"Paip2",203.573909142013,-8.97487017458945e-06,0.00686459285458131,0.958519638017051,0.999957787024215
"Spata24",59.1877401024205,1.35211026402867e-05,0.0068660209262603,0.893414604932728,0.999957787024215
"Dnajc18",33.5788583973059,-1.69525469577064e-05,0.00686633697912703,0.824519835483992,0.999957787024215
"Sting1",118.454060455291,6.17419003223094e-05,0.00686534121585307,0.658478841986573,0.999957787024215
"Ube2d2a",371.159049300284,0.000162283822500264,0.00686289937068846,0.480788078073399,0.999957787024215
"Pura",160.384998958951,-2.28096925423783e-05,0.00686492523844919,0.885786371685954,0.999957787024215
"Pfdn1",372.840276771248,-1.59041981084556e-05,0.00686290488915015,0.944874609477001,0.999957787024215
"Hbegf",83.4775861332711,9.55020137358463e-05,0.00686577257163487,0.41270169400612,0.999957787024215
"Gm56496",16.524553301726,5.23212602300146e-05,0.00686655126808661,0.331504116162466,0.999957787024215
"Ankhd1",269.482536895775,-6.22685246580275e-05,0.00686379226806295,0.757728741240007,0.999957787024215
"Sra1",210.111931765449,1.15405647056743e-05,0.00686437604162873,0.949151404805484,0.999957787024215
"Slc35a4",49.6875150951903,-2.57131218320994e-05,0.00686613670181487,0.78150540098399,0.999957787024215
"Tmco6",15.9341828069374,-3.98296956789579e-06,0.00686656441077401,0.939152396606553,0.999957787024215
"Ndufa2",626.757915771947,9.74191601184669e-05,0.00686089830423741,0.731115093225448,0.999957787024215
"Ik",366.882820704473,8.02867305028183e-05,0.00686288692652791,0.727657788670069,0.999957787024215
"Wdr55",55.7975796117512,4.182404376833e-05,0.00686606642083892,0.668818397161737,0.999957787024215
"Hars",280.359920459769,0.000136010704388138,0.0068637621904267,0.502612029909288,0.999957787024215
"Hars2",28.7279185165018,1.6502468796529e-05,0.00686640261160692,0.814444790673372,0.999957787024215
"Zmat2",394.19318426872,7.91564159428865e-05,0.00686265852895057,0.738633320284571,0.999957787024215
"Taf7",58.3511827434089,-5.81335866896297e-06,0.00686606512237628,0.952631253586887,0.999957787024215
"Diaph1",504.473505966575,9.04257869667658e-05,0.00686199449475634,0.723583491729727,0.999957787024215
"Hdac3",77.0781005639794,4.61024854167147e-05,0.00686580796887991,0.687171968373579,0.999957787024215
"Dele1",26.7220181261538,-4.09335193352451e-05,0.00686642235210674,0.549309327658904,0.999957787024215
"Rnf14",64.3415249576322,-7.97954241281283e-05,0.00686601442751758,0.431119672118152,0.999957787024215
"Gnpda1",55.4518575875064,4.83140085938613e-05,0.00686607149145208,0.619924391326951,0.999957787024215
"Ndfip1",424.894929653825,0.000166960756943196,0.00686249900439,0.489874038597753,0.999957787024215
"Arhgap26",212.603671516527,-0.000114798343493101,0.00686439307568582,0.524357559045483,0.999957787024215
"Nr3c1",178.152691668642,-9.80343251173929e-05,0.00686468703049527,0.561330492680781,0.999957787024215
"Yipf5",104.613148324657,2.31418661984191e-05,0.00686548823081589,0.861107466522901,0.999957787024215
"Prelid2",686.84490177598,0.000458653916015525,0.00686058363921417,0.114970014687622,0.999957787024215
"Lars",447.169607300748,-9.29117280018112e-05,0.00686238797806278,0.704420125894514,0.999957787024215
"Rbm27",245.401423017281,-8.50138683113049e-05,0.00686400916376917,0.661824642724643,0.999957787024215
"Tcerg1",479.491509159873,-7.70543684748268e-06,0.00686208684555221,0.975721582489726,0.999957787024215
"Eif3j2",107.135599400075,4.42433059661806e-06,0.00686545871580472,0.973619019964062,0.999957787024215
"Dcp2",176.050911209641,2.10115207400463e-05,0.00686473633966172,0.899731464052878,0.999957787024215
"Ythdc2",64.0588777275993,-4.48714477484512e-05,0.0068659873028802,0.663635125137029,0.999957787024215
"Pggt1b",93.4430343017437,-0.000118954858815638,0.00686563248073936,0.339573988303198,0.999957787024215
"Fem1c",60.9551713041547,-2.05691691780254e-05,0.00686601105397984,0.839538696450152,0.999957787024215
"Tmed7",153.009220172666,0.000192759830125757,0.00686497098721355,0.218980719829449,0.999957787024215
"Eif1a",497.982133908845,0.00010662558450471,0.00686199480335935,0.676643448041414,0.999957787024215
"Atg12",43.0407595337912,-7.11060299039866e-05,0.00686621909710985,0.410472065871776,0.999957787024215
"Ap3s1",142.92537791942,3.8991357600259e-05,0.0068650997728599,0.796334628427239,0.999957787024215
"Commd10",96.1039856206244,3.50801406651036e-06,0.00686559350762143,0.977909191718411,0.999957787024215
"Hspe1-rs1",89.0967947411404,3.48856979990725e-05,0.00686570707877317,0.771971552777001,0.999957787024215
"Eno1b",39.6578749694713,1.9572757422206e-05,0.00686626068415643,0.813623622653596,0.999957787024215
"Dtwd2",16.0969677741567,3.0885188173525e-06,0.00686655304191859,0.95409490670689,0.999957787024215
"Dmxl1",125.409503597662,3.98920237496988e-05,0.00686527403151168,0.780187988548653,0.999957787024215
"Tnfaip8",320.566354972821,-5.45123430484245e-05,0.00686354337554395,0.795322623707425,0.999957787024215
"Hsd17b4",41.4457626877238,-6.29025125147546e-05,0.0068662380561515,0.458606349342436,0.999957787024215
"Srfbp1",101.335444701416,-0.00010937274272109,0.00686555688799649,0.39525788838882,0.999957787024215
"Snx2",159.636405519923,5.34543718944252e-05,0.00686490434049243,0.737837942177719,0.999957787024215
"Ppic",59.0567017322087,5.16176873244231e-05,0.00686602432510344,0.608181298548975,0.999957787024215
"Cep120",59.383655565956,8.47236589463398e-05,0.00686607888042607,0.381901240305242,0.999957787024215
"Csnk1g3",183.614804190624,8.12034133497398e-05,0.00686473077645272,0.626762286445653,0.999957787024215
"Zfp608",130.261970308036,0.000141935359741424,0.00686520383882786,0.331876329463829,0.999957787024215
"Gramd3",159.213864396491,-0.000106516547999878,0.00686490028326855,0.505249125576318,0.999957787024215
"Aldh7a1",16.4599770351359,1.79271584087421e-05,0.006866551293451,0.739322919364005,0.999957787024215
"Phax",151.377065159607,3.20690851462332e-05,0.00686496681176565,0.838143230476733,0.999957787024215
"Lmnb1",459.930202873988,-7.72425848154257e-05,0.0068621600266387,0.758472836786274,0.999957787024215
"Prrc1",72.3642284582851,-1.98043013365524e-05,0.00686589523907163,0.855993069238277,0.999957787024215
"Slc12a2",21.1127069661973,1.52396971730311e-05,0.00686649028198721,0.803218433898545,0.999957787024215
"Isoc1",102.625280550894,6.11499894448521e-06,0.0068655183866354,0.962681229267388,0.999957787024215
"Gm4951",182.844418710559,-7.31155412691785e-05,0.00686615801273845,0.422295716903996,0.999957787024215
"Iigp1",441.770653294992,-0.000379450872943513,0.00686319094812159,0.0864577800155449,0.999957787024215
"Smim3",43.553875220163,1.42793232787821e-05,0.00686623652553663,0.866583211249238,0.999957787024215
"Dctn4",109.572867760043,-7.89196015370647e-05,0.00686546474242089,0.554351427186539,0.999957787024215
"Rbm22",162.142523017455,-3.45247907244867e-05,0.00686485874599946,0.83087220404209,0.999957787024215
"Ndst1",28.1204574445584,3.80615193136101e-05,0.00686641772041851,0.580241411576608,0.999957787024215
"Rps14",9589.02978931232,0.000296637746273819,0.00684852217697139,0.55207784624002,0.999957787024215
"Tcof1",501.538424455625,-0.000197590847518995,0.00686202019602043,0.438395448171353,0.999957787024215
"Hmgxb3",63.3420210796408,-1.31593421279636e-05,0.00686597131067688,0.899536333344467,0.999957787024215
"Ppargc1b",26.8632429856648,-1.17636983970388e-05,0.00686641901720334,0.864028641318533,0.999957787024215
"Csnk1a1",920.930395855594,-3.69999225521978e-05,0.00685917803621647,0.908603484610028,0.999957787024215
"Pcyox1l",23.1831018433877,-3.15283637594673e-05,0.00686646463709964,0.622123532404353,0.999957787024215
"Grpel2",40.1100712941032,2.52940261848252e-05,0.00686626894798946,0.758687067206017,0.999957787024215
"Fbxo38",64.7390162549641,-6.86387285450111e-05,0.0068659611894993,0.512898482849593,0.999957787024215
"Napg",78.3689007296741,1.29848971435986e-05,0.0068658013020425,0.910009445967923,0.999957787024215
"Txnl1",686.782588363355,0.000247122378051225,0.00686059685632352,0.395221809942412,0.999957787024215
"Wdr7",58.6918864062106,-8.50502996912952e-05,0.00686603571953451,0.394591824817941,0.999957787024215
"Fech",18.3002285672432,2.92332154280098e-05,0.00686653093264004,0.604304513017867,0.999957787024215
"Nars",439.637903738702,-0.000234249382524602,0.00686243429145635,0.336280485524616,0.999957787024215
"Nedd4l",41.4806524665113,6.65206660686738e-05,0.00686625354659989,0.426260894225674,0.999957787024215
"Malt1",175.549260727363,5.01365621924659e-05,0.00686482121741119,0.758726964198055,0.999957787024215
"Sec11c",780.546693568878,0.000157057433407567,0.00686042292327791,0.594113395766778,0.999957787024215
"Lman1",358.57029736316,0.000153703309230075,0.00686296577542748,0.500588706617484,0.999957787024215
"Pmaip1",23.4991480925079,2.56195976288527e-05,0.0068664668174417,0.687719639258498,0.999957787024215
"Chmp1b",42.5251625075699,-5.76386663511785e-05,0.00686623622815246,0.497807891274002,0.999957787024215
"Mppe1",33.9974222325891,1.64582545579496e-06,0.00686633364738907,0.982892047836349,0.999957787024215
"Impa2",146.121146065526,7.82859826696744e-05,0.00686503396719009,0.611283550225656,0.999957787024215
"Tubb6",101.272312633217,3.8773169535775e-05,0.00686553936819411,0.764782065217473,0.999957787024215
"Afg3l2",123.427772255117,0.00012326422893622,0.00686528600079744,0.386594422003864,0.999957787024215
"Spire1",37.0597182473031,2.10043129557303e-05,0.00686630632061948,0.79074450933909,0.999957787024215
"Cep76",34.1755735470016,6.5867653938986e-06,0.0068663342225166,0.931565129637161,0.999957787024215
"Psmg2",201.060738475715,-4.40702052892957e-05,0.00686457629255563,0.799164753298262,0.999957787024215
"Ptpn2",314.450849188295,-3.68369310283399e-05,0.00686335318628487,0.864742242716821,0.999957787024215
"Seh1l",141.63971003295,0.000167861244471303,0.00686508155477502,0.269123745662575,0.999957787024215
"Cep192",175.743094601028,1.94099194760119e-05,0.00686471192357998,0.907888933748074,0.999957787024215
"Fam210a",60.7057730502484,-7.84904937405392e-05,0.00686600774511158,0.440725737063094,0.999957787024215
"Rnmt",156.712191238249,3.86275245059199e-05,0.0068649177384155,0.80819757939276,0.999957787024215
"Tcf4",44.1755271296085,-2.45766370429252e-06,0.00686622534184378,0.977173535578736,0.999957787024215
"Rab27b",33.8871411503196,1.71405128573371e-05,0.00686632990697024,0.824037677464443,0.999957787024215
"4930503L19Rik",36.9088080400941,2.24835477227175e-05,0.00686629455250514,0.779141086374404,0.999957787024215
"Poli",41.8007389677752,-1.0449398377076e-05,0.0068662369886235,0.902111756603049,0.999957787024215
"Mbd2",330.694931155765,6.42878227172909e-07,0.00686327635027605,0.997654314486863,0.999957787024215
"Mex3c",39.8406718447828,-2.21278459447595e-05,0.00686626606322239,0.788722927070092,0.999957787024215
"Smad4",92.7893916676608,5.30674024239383e-05,0.00686570766106297,0.659245736935463,0.999957787024215
"Elac1",12.4437417763961,-9.64468348365587e-06,0.00686659916158693,0.838712142574336,0.999957787024215
"Me2",279.32198843326,3.6851162952824e-05,0.00686367411955883,0.857913534017398,0.999957787024215
"Ska1",80.421018752031,1.46325764239023e-05,0.00686577013440784,0.900243525141094,0.999957787024215
"Cxxc1",39.526929998426,2.69460245642792e-05,0.00686626106450781,0.745417246718989,0.999957787024215
"Mbd1",62.480143502967,-1.16385277056433e-05,0.00686601096984477,0.908791002088354,0.999957787024215
"Acaa2",66.7828579648851,-8.07973987439742e-05,0.006865931489222,0.44943527944094,0.999957787024215
"Rpl17",8290.86789135673,-0.000108284582956031,0.00684934383980076,0.82423749657196,0.999957787024215
"BC031181",159.245456443818,-2.03409910747993e-05,0.00686489208172507,0.898978062780326,0.999957787024215
"Dym",71.4079731920772,3.00858142686067e-05,0.00686588298260484,0.784264995835762,0.999957787024215
"Smad7",40.8845542449894,-2.94349735261268e-05,0.00686625309505125,0.72491718335455,0.999957787024215
"Ctif",12.9724465675444,1.72701736377897e-05,0.0068665928489275,0.720619511417326,0.999957787024215
"Smad2",121.472594931273,-4.15273274152855e-06,0.0068652994819847,0.976623049117126,0.999957787024215
"Ier3ip1",292.619959114746,-6.92510523691355e-05,0.00686356124102764,0.741053388681327,0.999957787024215
"Hdhd2",98.2433123218673,-5.25968029312202e-05,0.00686556102637321,0.682156681307982,0.999957787024215
"Pias2",66.0225648341411,-6.11783109096872e-06,0.00686596540578147,0.95337020694837,0.999957787024215
"8030462N17Rik",71.0242174111432,5.69202572486535e-05,0.00686588948452949,0.603154890083206,0.999957787024215
"Haus1",96.483934619676,7.24430413096017e-06,0.00686562084221232,0.953858133768847,0.999957787024215
"Atp5a1",954.298069717864,-1.0245118360867e-05,0.00685902707873951,0.974889250218146,0.999957787024215
"Epg5",26.6449968433079,-4.07802453645617e-05,0.00686643529436304,0.543035132542313,0.999957787024215
"Slc14a1",14.3719221759765,-1.98604005559781e-05,0.0068665752596429,0.695431743565587,0.999957787024215
"Setbp1",225.742097854195,7.10477738221373e-05,0.00686433644214491,0.696986649040468,0.999957787024215
"Pard6g",17.4366052246328,5.02289265902504e-05,0.00686653911786342,0.364635619242484,0.999957787024215
"Adnp2",26.4313379151931,3.09448007408283e-05,0.00686642869740639,0.647703226444809,0.999957787024215
"Rbfa",64.3322698503943,4.61451125744613e-05,0.00686596059395036,0.660127736155239,0.999957787024215
"Naa12",384.065708076987,0.000104298706207354,0.00686280274475738,0.654465723438152,0.999957787024215
"Txnl4a",286.627430181448,-2.47579599732193e-05,0.00686362976290977,0.904937958722439,0.999957787024215
"Slc66a2",16.5404324099392,-1.46936741293289e-05,0.00686654990210156,0.785745435341038,0.999957787024215
"Ctdp1",49.7607403088319,-2.73407925962619e-05,0.00686615344726535,0.764986114858601,0.999957787024215
"Nfatc1",108.379623352244,-4.66916583322084e-05,0.0068654493115274,0.728031030744754,0.999957787024215
"Atp9b",127.393655129544,-9.11698068082368e-05,0.00686529316877428,0.520913916591447,0.999957787024215
"Mbp",68.9789353793574,3.18718963707096e-05,0.00686590660037026,0.768765646737707,0.999957787024215
"Zfp236",53.4750159887996,-3.99217356209775e-05,0.00686609915667673,0.675755122240466,0.999957787024215
"Tshz1",72.6098557789405,-4.63057139009645e-05,0.00686588048007696,0.673930280177946,0.999957787024215
"Zadh2",36.103277089503,-2.96360533291579e-06,0.00686630639561023,0.97013274162528,0.999957787024215
"Zfp407",218.497607495161,6.1720427039498e-05,0.00686427851812705,0.738147565765017,0.999957787024215
"Cndp2",217.437592738677,-9.43975913240868e-05,0.00686429737775454,0.607774408620618,0.999957787024215
"Cyb5a",432.737727064313,-2.60307941028439e-05,0.0068623295307565,0.915913649098219,0.999957787024215
"Timm21",94.4146587743111,3.76432522552369e-06,0.0068656048357071,0.976180001980395,0.999957787024215
"Socs6",38.544434011101,2.4252731769512e-05,0.00686627776653373,0.766295192628052,0.999957787024215
"Rttn",84.4240636146648,4.98226310666477e-05,0.00686576215248877,0.670754294023488,0.999957787024215
"Cd226",151.121380486831,-0.000220483892639927,0.00686504848007227,0.150589855211746,0.999957787024215
"Tmx3",163.544862461599,-7.0885374219645e-05,0.00686484673840083,0.662004270442693,0.999957787024215
"Ighmbp2",28.2043361433314,-5.54784954914632e-05,0.00686640303633926,0.429835389187898,0.999957787024215
"Mrpl21",370.287022100302,-1.58245584644499e-05,0.0068628547559082,0.945502124075725,0.999957787024215
"Cpt1a",42.6446413677804,-7.05227062446844e-05,0.00686622838873633,0.410293387805504,0.999957787024215
"Ppp6r3",142.919894430936,-8.424872357477e-05,0.00686507277289295,0.58013099591979,0.999957787024215
"Lrp5",15.3249759137477,-3.89715687270208e-06,0.00686656306875984,0.940661006102779,0.999957787024215
"Kmt5b",92.2109533727985,-5.46970171135173e-06,0.0068656709418749,0.964363166044068,0.999957787024215
"Chka",35.6896381611868,2.8618159178563e-05,0.00686631353634974,0.7155440033108,0.999957787024215
"Tcirg1",35.902400870369,-1.41835555693656e-05,0.00686630932422541,0.857332374118756,0.999957787024215
"Ndufs8",242.130709193479,-2.19224007498991e-05,0.00686403102713553,0.909839870224905,0.999957787024215
"Unc93b1",57.5288764656721,6.2877120605905e-05,0.00686605879960434,0.522427593678667,0.999957787024215
"Nudt8",40.7732018201827,-3.25869914827627e-05,0.00686625922712761,0.695100987888035,0.999957787024215
"Ndufv1",159.581296516095,-2.47883577829937e-05,0.00686487952379841,0.877457556257367,0.999957787024215
"Gstp1",39.6852921623298,7.75298414134159e-06,0.006866267190868,0.925112500855077,0.999957787024215
"Gstp3",29.1467839746404,-0.000130018927640954,0.00686640560846274,0.0633318677985081,0.999957787024215
"Cdk2ap2",230.55228900227,0.000138872789268047,0.00686415758906737,0.462612648598646,0.999957787024215
"Pitpnm1",34.5651144945847,2.15508683944758e-06,0.00686632608746665,0.977794341188629,0.999957787024215
"Aip",123.049712859004,7.36102412870244e-05,0.00686529131373441,0.604478045813434,0.999957787024215
"Tmem134",170.73584365571,-0.000102375805292454,0.00686482612353469,0.530016387415417,0.999957787024215
"Coro1b",16.4848203957191,7.57959025893498e-06,0.00686654882678606,0.888760501375736,0.999957787024215
"Ptprcap",995.042227390919,9.89003917470115e-05,0.00685875228965292,0.76523241891698,0.999957787024215
"Rps6kb2",25.0378235037557,1.06085481640876e-05,0.00686644094135723,0.87319072557113,0.999957787024215
"Tbc1d10c",202.394554800291,-1.35331732642937e-05,0.00686453874145678,0.938250876763307,0.999957787024215
"Ppp1ca",982.406879916277,0.000237529082367802,0.00685938949600973,0.45479213634284,0.999957787024215
"Rad9a",28.6451695622322,1.47878850526487e-05,0.00686641707865324,0.83002639750183,0.999957787024215
"Pold4",70.9527738673793,-3.34411983113934e-05,0.00686588168973554,0.761071322861223,0.999957787024215
"Grk2",225.090720472601,-8.50284264369655e-05,0.00686424305959072,0.647451459115379,0.999957787024215
"Kdm2a",201.820456566947,-9.19166011353428e-05,0.00686444566286889,0.606208104095425,0.999957787024215
"Pcx",33.885872241462,4.29168804560684e-05,0.00686633436235602,0.575734685905631,0.999957787024215
"Rce1",72.3135412957227,-8.9876499035954e-07,0.0068658637534967,0.993544883692572,0.999957787024215
"Rbm4b",24.9442603640254,-3.24635303945198e-06,0.00686644612803761,0.960727819094594,0.999957787024215
"Rbm4",65.4338359934447,-1.60586304730426e-05,0.00686594805515653,0.879307067576789,0.999957787024215
"Rbm14",53.7559282761928,1.79661815067689e-05,0.00686609011011444,0.851689722691245,0.999957787024215
"Ccs",59.5100267839843,2.98940225358712e-06,0.00686606313127656,0.975665728834948,0.999957787024215
"Zdhhc24",26.0585615820778,-3.1186700693207e-05,0.00686642913624232,0.644920471303933,0.999957787024215
"Dpp3",45.6733982923122,-7.39375011308249e-05,0.00686618729438182,0.405491488765833,0.999957787024215
"Mrpl11",232.025876182029,-5.85935636908184e-05,0.00686413115349977,0.757804824682438,0.999957787024215
"Brms1",66.7065811551485,5.68645115255007e-05,0.0068659757932945,0.584314368204209,0.999957787024215
"Yif1a",102.378932931032,-0.000100215450278708,0.00686555152776043,0.437029479963292,0.999957787024215
"Rab1b",107.202770924296,-3.9044592752136e-05,0.00686545905372442,0.770380811893006,0.999957787024215
"Pacs1",68.2332066274718,-6.363152931813e-05,0.00686591971174044,0.554192226038804,0.999957787024215
"Sf3b2",730.485834770478,8.81369898003565e-06,0.00686022319499147,0.976509590699748,0.999957787024215
"Banf1",722.029215897791,0.000182295720534721,0.00686027411281344,0.540935316566707,0.999957787024215
"Eif1ad",248.742596346137,-0.000203014020966209,0.00686397097829444,0.299575623335409,0.999957787024215
"Sart1",148.660465867256,-6.23605188594265e-05,0.00686499802666529,0.68863316531034,0.999957787024215
"Drap1",358.343452600968,7.5010389824472e-05,0.00686309510785797,0.738039417914719,0.999957787024215
"AI837181",34.2977761165195,7.61083983630234e-06,0.00686632593031363,0.921709204915424,0.999957787024215
"Fosl1",26.4546797480886,-3.65566580151385e-05,0.00686643020427846,0.588475756137623,0.999957787024215
"Ccdc85b",77.2315378209161,-2.7549719003672e-05,0.00686581803265939,0.808842743716314,0.999957787024215
"Fibp",45.5427793392634,-1.73538840257216e-05,0.00686618904141685,0.844968989902602,0.999957787024215
"Ctsw",324.921289522211,5.78400377740046e-05,0.00686335694530109,0.788999372281555,0.999957787024215
"Mus81",18.2174328857356,1.18514329759544e-05,0.00686653309491845,0.832825889375234,0.999957787024215
"Cfl1",3080.66980100353,0.000399662070906178,0.00685285147749611,0.359307128890229,0.999957787024215
"Rnaseh2c",215.85152514778,-0.000106256589575985,0.00686432149448985,0.561526145543982,0.999957787024215
"Kat5",28.6840061386875,-1.15116534933306e-05,0.00686641661751056,0.867372357689728,0.999957787024215
"Rela",44.6140561457459,-3.04728709804908e-05,0.00686621003284151,0.726470772128647,0.999957787024215
"Sipa1",111.332663862037,-8.8621479959351e-05,0.0068654203104359,0.513845460075753,0.999957787024215
"Pcnx3",29.0458398899755,2.60360074331411e-06,0.00686638964620303,0.970980212365736,0.999957787024215
"Ehbp1l1",52.4741604601527,-9.07421223156323e-06,0.00686610831839337,0.923731676870901,0.999957787024215
"Fam89b",44.7831283279564,-2.46578460494987e-05,0.00686622575311775,0.773973197052609,0.999957787024215
"Znrd2",228.796371379421,-5.87441960305926e-05,0.00686426299692021,0.751093173156783,0.999957787024215
"Scyl1",39.4665799308813,-1.48294575056609e-05,0.00686626865351294,0.857108919817877,0.999957787024215
"Malat1",5365.33030610346,4.67933445412105e-06,0.00685347950756774,0.99123756402741,0.999957787024215
"Neat1",26.4679635986705,-1.90558186900863e-05,0.00686642346197454,0.780081064842788,0.999957787024215
"Frmd8",62.0263308261249,1.58832687081589e-05,0.00686599001104364,0.877442454550502,0.999957787024215
"Dpf2",60.5910682579226,3.56800775154903e-05,0.00686604275728539,0.71968159226483,0.999957787024215
"Pola2",101.880867435104,-0.000105971247641191,0.00686552431654498,0.416342878090518,0.999957787024215
"Capn1",48.4171102401907,-6.42386463394058e-05,0.00686616653351312,0.477679147225853,0.999957787024215
"Syvn1",32.2933665411813,4.00705444566198e-05,0.00686635356659988,0.592904381795477,0.999957787024215
"Mrpl49",117.241851252724,9.02982747729357e-05,0.00686535655721497,0.515713880211834,0.999957787024215
"Fau",8057.66358947169,1.21827629913078e-05,0.00684909088596042,0.980207123680546,0.999957787024215
"Znhit2",33.1031236355083,5.2609028187863e-06,0.0068663391978317,0.944996456113546,0.999957787024215
"Vps51",24.0122539729425,1.76592603418205e-05,0.00686645756636688,0.784985657481699,0.999957787024215
"Zfpl1",31.857049380072,2.30827816333931e-05,0.00686636560361146,0.754577458247889,0.999957787024215
"Cdca5",26.6630654191429,-1.25344174795223e-05,0.00686643302297768,0.852206872468319,0.999957787024215
"Sac3d1",60.8019460368139,-3.82012217669783e-05,0.00686601112804935,0.706862918341534,0.999957787024215
"Snx15",49.4232732269766,0.000113968910849959,0.0068661440476121,0.216229841534493,0.999957787024215
"Arl2",58.6228650042082,5.48125966944544e-05,0.00686602983775707,0.584758972312781,0.999957787024215
"Atg2a",18.7258464780333,3.66715672901099e-05,0.00686652669337816,0.519435772669166,0.999957787024215
"Ehd1",90.4890761476612,2.89800613105143e-05,0.00686565074120784,0.814547930704782,0.999957787024215
"Men1",28.7968718212198,-1.56129555224109e-05,0.00686640243370891,0.824321272234484,0.999957787024215
"Map4k2",70.2221565670694,3.41663199409834e-05,0.00686593026111463,0.749271420282521,0.999957787024215
"Sf1",293.964448591638,8.73446846266859e-05,0.00686360397806805,0.674772922189279,0.999957787024215
"Rasgrp2",96.3297305575332,0.000134001415636258,0.00686558672412478,0.291573182511626,0.999957787024215
"Ccdc88b",63.5803832419343,-8.39030171259734e-05,0.00686597858355454,0.418707348161137,0.999957787024215
"Prdx5",396.952262563792,8.81830050363864e-05,0.00686263145525694,0.711013818182852,0.999957787024215
"Trmt112",555.144015916568,0.000131569685265429,0.00686139087257737,0.627764688576002,0.999957787024215
"Esrra",33.9182357666435,7.04277916134335e-06,0.0068663302511315,0.927175873512147,0.999957787024215
"Gpr137",12.6131974165191,1.30978442308393e-05,0.00686659778035284,0.783119332429694,0.999957787024215
"Bad",53.1514243838181,-4.8891290056783e-05,0.00686609538006551,0.609500945501858,0.999957787024215
"Plcb3",13.778070917302,7.7879402979852e-06,0.00686658506283947,0.87469464003277,0.999957787024215
"Ppp1r14b",1453.28419121913,-1.60953359506094e-05,0.00685682758160316,0.965181386972345,0.999957787024215
"Fkbp2",284.030820696846,4.97613051084627e-05,0.00686384632678016,0.803532179826599,0.999957787024215
"Vegfb",87.2821786213949,-6.65477497837518e-07,0.00686569005194722,0.995624332026288,0.999957787024215
"Dnajc4",18.5911880689625,-1.49737201440849e-06,0.00686652951692082,0.978887750906777,0.999957787024215
"Fermt3",459.626659191658,-7.71454786506772e-05,0.00686212064330556,0.759759238228054,0.999957787024215
"Stip1",421.189432224016,7.51841869018382e-05,0.00686277064418666,0.747958233878246,0.999957787024215
"Otub1",153.429614329165,-4.402561750937e-05,0.00686522651558947,0.761742468778284,0.999957787024215
"Cox8a",2153.05578191557,0.000366123778633058,0.00685588319948014,0.34258979763132,0.999957787024215
"Naa40",101.974885951247,-8.27583532062169e-05,0.00686552572580102,0.525360268713145,0.999957787024215
"Mark2",198.382333695691,-3.01924300930435e-06,0.00686459115618535,0.986045435322961,0.999957787024215
"Rtn3",476.555046576832,0.000114506693630413,0.00686199127763533,0.654363807388932,0.999957787024215
"Atl3",111.153497793572,4.68781948044117e-05,0.00686547703188983,0.724180444717454,0.999957787024215
"Plaat3",180.231899107689,0.000126401397329851,0.00686468231513723,0.454401979003947,0.999957787024215
"Slc3a2",245.526908784364,-0.000110909209135544,0.00686410846192063,0.561110964127921,0.999957787024215
"Snhg1",360.317960839742,4.03380241749116e-05,0.00686295811887482,0.859828161038569,0.999957787024215
"Wdr74",185.568553663453,-0.000116031546932349,0.00686468759259075,0.491707618081345,0.999957787024215
"Stx5a",39.1685770663332,-1.08229970588515e-05,0.00686626683309535,0.895641827262725,0.999957787024215
"Nxf1",98.6823280010209,5.54724323326888e-06,0.00686556223454537,0.965531826010619,0.999957787024215
"Tmem223",108.490779338709,4.24494431671252e-05,0.00686555969240114,0.741150071342623,0.999957787024215
"Tmem179b",137.272351947969,2.77387087220386e-05,0.00686513030531946,0.852979850419077,0.999957787024215
"Polr2g",211.416761161576,1.28993805462626e-05,0.00686433856319767,0.94361383607794,0.999957787024215
"Ttc9c",66.9201934113348,2.45098196611246e-05,0.00686592857681476,0.818838310627621,0.999957787024215
"Hnrnpul2",286.930107089641,-9.8319371515353e-05,0.00686367012479791,0.633114237482751,0.999957787024215
"Bscl2",67.1949477868443,5.23382079653386e-06,0.00686592838917933,0.960996189202593,0.999957787024215
"Ubxn1",433.383542358539,-0.000163274656772201,0.00686267416724986,0.490473569661428,0.999957787024215
"Uqcc3",129.381967511733,-9.74041291730931e-05,0.00686523705820689,0.500877092175998,0.999957787024215
"1810009A15Rik",304.695021343346,-0.00015132696865791,0.00686345625665698,0.477348778509958,0.999957787024215
"Ints5",33.771505031242,-1.39798426989677e-06,0.00686634335841725,0.985300713633995,0.999957787024215
"Ganab",134.069389710571,0.000112862533729374,0.00686516126767919,0.446498221698638,0.999957787024215
"B3gat3",93.2162569513335,3.0107593169837e-06,0.00686562240940823,0.980801247152234,0.999957787024215
"Rom1",21.246038971185,6.72737290236327e-05,0.00686650012997769,0.262530159749756,0.999957787024215
"Eml3",79.0780513767516,-6.21502157718378e-06,0.00686578549998216,0.957206525465723,0.999957787024215
"Mta2",189.764474068256,1.21436730354313e-07,0.00686458289717721,0.999439769528778,0.999957787024215
"Tut1",35.7891158259832,2.32437622501132e-05,0.00686630931127942,0.768298461075544,0.999957787024215
"Eef1g",2565.91506132227,-0.00025025324264999,0.00685386619325618,0.551150036371232,0.999957787024215
"Ahnak",263.174705196091,-0.000256421183118201,0.00686416170311131,0.174660048572724,0.999957787024215
"Asrgl1",109.267251276421,-6.85622525010298e-05,0.00686545356909424,0.609028285865058,0.999957787024215
"Incenp",285.067331078299,-2.53932876386648e-06,0.00686374039422453,0.990049857133794,0.999957787024215
"Fth1",3037.65942848404,-0.000661390845353572,0.00685520950560825,0.0961295878125195,0.999957787024215
"Fads2",55.7147838749341,-1.9549215029568e-05,0.00686606438176205,0.841750832846644,0.999957787024215
"Fads1",39.3048663061992,2.99075466917649e-06,0.00686626600674183,0.971110024006289,0.999957787024215
"Fen1",168.418552493697,-6.38122097377003e-05,0.00686479110425907,0.698060782869538,0.999957787024215
"Tmem258",634.347400463148,0.000370117694830343,0.00686099800376769,0.18790751435152,0.999957787024215
"Sdhaf2",114.409698583093,2.86846598326467e-05,0.00686537764854656,0.83519977665724,0.999957787024215
"Cpsf7",94.7490393734902,4.37409540178454e-05,0.00686566889590953,0.721120415228531,0.999957787024215
"Tmem216",32.7740261546364,1.74124789715938e-05,0.0068663478371308,0.817538368296082,0.999957787024215
"Tmem138",45.2639603717784,5.37121523113761e-06,0.00686627820551191,0.947492755691562,0.999957787024215
"Cyb561a3",25.5136049927912,9.28637358240847e-07,0.00686644100224422,0.988851692296407,0.999957787024215
"Tkfc",11.963035435703,2.02515021104375e-06,0.00686660559142176,0.965219537940006,0.999957787024215
"Ddb1",208.051583991966,-0.000125708591159813,0.00686450484850493,0.47511500177469,0.999957787024215
"Tmem109",84.9041422038869,4.31530228032238e-05,0.00686577403158623,0.711077691505051,0.999957787024215
"Prpf19",171.611026563631,-0.000100639545950704,0.0068648143937711,0.53824384342446,0.999957787024215
"Ccdc86",122.958963968582,-0.000122508367549462,0.00686530721617985,0.386081059804491,0.999957787024215
"AW112010",1019.03966002634,7.16454381337068e-05,0.00685867654411255,0.829524501206742,0.999957787024215
"Ms4a4b",910.201199820643,-0.00035798145065843,0.00685919469440782,0.266167078594944,0.999957787024215
"BE692007",37.8781854945046,-4.82989688489856e-06,0.00686631859047131,0.950680428431182,0.999957787024215
"Gm8369",29.1166566996283,6.79094952991217e-05,0.00686639909575784,0.336492322097819,0.999957787024215
"Ms4a6b",452.840643151354,-2.67550267813151e-05,0.00686232998686335,0.913578809686234,0.999957787024215
"Mrpl16",131.303523114217,5.96394624061262e-05,0.0068652124682107,0.68264391180995,0.999957787024215
"Patl1",80.2450900606341,-1.80177546518133e-05,0.0068658040242739,0.87519959452123,0.999957787024215
"Osbp",78.135765097203,-1.82930663551032e-05,0.00686581064859658,0.872872505834577,0.999957787024215
"Fam111a",215.083621312437,0.000181362552822908,0.00686443301628822,0.310406696992212,0.999957787024215
"Zfp91",360.29294419736,0.000157119576091238,0.00686318604511507,0.478081572918067,0.999957787024215
"Lpxn",169.2604074496,2.42436339912399e-05,0.00686484835590685,0.8811017007031,0.999957787024215
"Tle4",158.255301978972,-0.000227592154090937,0.00686492841110167,0.151447037271153,0.999957787024215
"Psat1",214.058457516324,-1.61682350813582e-05,0.00686434538049515,0.929259337986905,0.999957787024215
"Cep78",36.7829279918013,-3.43584589302429e-05,0.00686632087050211,0.659116745223621,0.999957787024215
"Gnaq",183.210187861334,2.67498577020521e-05,0.00686467896349496,0.874307406605965,0.999957787024215
"Vps13a",307.313594967494,-0.000127590000007127,0.0068634455057567,0.549744507545466,0.999957787024215
"Gcnt1",36.7052431088529,7.18120873886303e-05,0.00686631026769606,0.36222249273834,0.999957787024215
"Rfk",72.7381344805944,-9.42658099990625e-05,0.00686587769376895,0.392438344678585,0.999957787024215
"Ostf1",564.285887881086,5.47278219968694e-05,0.00686137736340469,0.84035726489046,0.999957787024215
"Nmrk1",22.9481270458135,-9.88029314795908e-06,0.00686646701146415,0.876770086332763,0.999957787024215
"Carnmt1",212.960418809088,-6.71478634517292e-05,0.0068643756060282,0.710621735764359,0.999957787024215
"D030056L22Rik",67.4829393410073,4.26857000509171e-05,0.00686592331666175,0.690897151499831,0.999957787024215
"Anxa1",33.5652378160493,-4.79465520377909e-05,0.0068663388623747,0.529662302607337,0.999957787024215
"Zfand5",347.790110660218,0.000246768093344985,0.00686307694942937,0.272396103756442,0.999957787024215
"1110059E24Rik",82.8501859784772,2.83574291813055e-05,0.00686574164784426,0.810702750684828,0.999957787024215
"Abhd17b",121.935676397816,7.49350025336002e-05,0.00686530751793346,0.595959541735925,0.999957787024215
"Cemip2",53.289935339959,6.12210674754044e-05,0.0068661049599591,0.519419817825061,0.999957787024215
"Trpm3",13.6988844513564,1.52801857031103e-05,0.00686658332679427,0.7581526036329,0.999957787024215
"Klf9",27.1574965082465,-5.06098350933633e-06,0.00686642238054658,0.940980452185815,0.999957787024215
"Smc5",264.635330971612,6.92523766496026e-05,0.00686383602958682,0.72963296884238,0.999957787024215
"Ptar1",41.2728369963929,-4.41829699614943e-05,0.00686625294788152,0.597408660185719,0.999957787024215
"Tjp2",24.4826336979319,-3.98858491130292e-05,0.0068664503152615,0.542508098541178,0.999957787024215
"Fxn",97.2419333195224,7.49799230805609e-05,0.0068655931104077,0.554019187835496,0.999957787024215
"Pip5k1b",20.5569469594376,5.57930949093319e-05,0.00686650121179724,0.351779335478146,0.999957787024215
"Fam122a",52.0399510422271,-1.35814282047661e-05,0.00686610789145462,0.886101235548228,0.999957787024215
"Gm10053",37.9295461184162,-1.67580586988544e-05,0.00686628437232208,0.836175347687371,0.999957787024215
"Cbwd1",81.8073497295448,7.30712426054305e-05,0.00686576402496914,0.5325839219599,0.999957787024215
"Dock8",405.115033759216,-0.000215334507776365,0.00686257853409635,0.368662156791565,0.999957787024215
"Smarca2",82.9238422287006,-0.000118148033920225,0.00686574232724493,0.318151737424849,0.999957787024215
"Pum3",354.420078859561,-0.000189971511125757,0.00686309528925248,0.39696620739267,0.999957787024215
"Rfx3",63.11351938865,7.36715774279799e-05,0.00686597470970802,0.478754542834725,0.999957787024215
"Cdc37l1",103.78546176354,2.86065883286854e-05,0.00686551467207482,0.826993712845752,0.999957787024215
"Ak3",102.340152887752,1.82736158851492e-05,0.0068655167397481,0.888874068915561,0.999957787024215
"Rcl1",101.259728341988,-9.52255754158516e-05,0.00686553081716476,0.463992518291045,0.999957787024215
"Jak2",100.045399776818,7.58191814831952e-05,0.00686556875542988,0.553690086343076,0.999957787024215
"Insl6",34.8214985607848,4.57523693340184e-06,0.00686634654910786,0.95173576060122,0.999957787024215
"Plgrkt",125.899221824704,-3.19498151316149e-05,0.0068652485407185,0.824606557984441,0.999957787024215
"Cd274",72.6902392352428,-7.10101470377912e-05,0.00686588456336194,0.517802404300957,0.999957787024215
"Pdcd1lg2",77.9428275530895,9.99169077001626e-05,0.00686586021385401,0.369370580845337,0.999957787024215
"Ric1",50.3517744590324,-3.97794253373095e-05,0.00686612926541132,0.669699843052593,0.999957787024215
"Ermp1",48.8262894992002,1.95604778708777e-05,0.006866151168854,0.830958633729034,0.999957787024215
"9930021J03Rik",85.0522926872285,-2.5228211003463e-05,0.00686571936388643,0.833042066440619,0.999957787024215
"Ranbp6",14.6089687574839,-1.85180622987077e-05,0.00686657676853276,0.713982826082539,0.999957787024215
"Uhrf2",136.284314125503,4.14457427572927e-05,0.00686516457056497,0.779597876200011,0.999957787024215
"Cstf2t",33.3323240344209,-2.21463067354704e-05,0.00686633709954553,0.772038402562093,0.999957787024215
"Rpl9-ps6",49.4210729360576,-5.31280006682308e-05,0.00686614126362239,0.565175681715504,0.999957787024215
"Minpp1",70.8645189819096,-6.58779002986546e-05,0.00686588985846206,0.547300258353975,0.999957787024215
"Atad1",144.800123051989,-0.000165124750214655,0.00686507603724422,0.277793641567994,0.999957787024215
"Pten",284.453352921082,7.76736751092077e-06,0.00686364531327485,0.970037732297708,0.999957787024215
"Rnls",27.1393130525795,-2.06664741292761e-06,0.00686643431744247,0.975446765033198,0.999957787024215
"Stambpl1",69.0322420840733,4.43692137512152e-05,0.00686591815769046,0.680297948125349,0.999957787024215
"Fas",31.4073909284649,1.26557055616623e-05,0.00686636661735213,0.863740213747987,0.999957787024215
"Lipa",45.5531166676451,-2.85184453491644e-06,0.00686619571067221,0.974214730583247,0.999957787024215
"Ifit2",30.1795720471966,3.41082238708499e-07,0.00686638205819779,0.996235556720502,0.999957787024215
"Pank1",18.9222639346012,2.91287616079172e-05,0.0068665215240341,0.612719347018821,0.999957787024215
"Kif20b",309.814593127452,0.000131945554145605,0.00686367130320594,0.521699549301062,0.999957787024215
"Rpp30",118.174847261906,9.70012553240476e-06,0.00686534548415166,0.944553203679492,0.999957787024215
"Pcgf5",134.539349963088,-2.06454758005888e-05,0.0068652707344274,0.885286712646771,0.999957787024215
"Hectd2",30.4186329174117,-1.16619664663904e-05,0.00686640532309734,0.867776946491189,0.999957787024215
"Tnks2",318.706130838665,-2.577365043622e-05,0.00686335614720663,0.905090163916297,0.999957787024215
"Btaf1",168.12554268871,-6.92116890034804e-05,0.00686479549953481,0.673583814977419,0.999957787024215
"Marchf5",151.825672787292,8.5130351092689e-05,0.00686498921031399,0.585297964270164,0.999957787024215
"Ide",249.231869113321,-9.8934675746944e-05,0.00686403765477555,0.608882561430897,0.999957787024215
"Kif11",306.350414243384,0.000133386155169591,0.00686345407000407,0.531234099285578,0.999957787024215
"Exoc6",64.8516484119255,-1.67349922875742e-05,0.0068659741268578,0.872221582821857,0.999957787024215
"Cep55",165.441507457646,2.39805356875487e-05,0.00686483339872522,0.88283577598349,0.999957787024215
"Fra10ac1",87.9304770972762,-8.23850869892165e-05,0.00686570264602889,0.494641885759301,0.999957787024215
"Slc35g1",30.3813912125011,-1.61389367155214e-05,0.0068663833415654,0.823052671166153,0.999957787024215
"Noc3l",110.458795738781,6.86659824017162e-05,0.00686542462848387,0.612388084847893,0.999957787024215
"Hells",494.384046723513,2.99411934547791e-05,0.00686185326021368,0.908118328106762,0.999957787024215
"Pdlim1",64.1486594426387,0.000126419877120822,0.00686596775166323,0.226232835096839,0.999957787024215
"Aldh18a1",70.3944292603568,-5.59406671982707e-06,0.00686590111747578,0.958978193747968,0.999957787024215
"Entpd1",167.191671941261,3.68128566540024e-05,0.00686483690566339,0.820856345264076,0.999957787024215
"Zfp518a",42.1630028489043,-9.19045502391864e-06,0.00686624271647946,0.913385006405375,0.999957787024215
"Tm9sf3",445.684437122587,-0.000163538342840086,0.00686225074563411,0.510850554396553,0.999957787024215
"Pik3ap1",59.7613576574697,7.76738741016696e-06,0.00686605762365121,0.937075059408373,0.999957787024215
"Lcor",221.83479795648,-1.22326615900459e-05,0.00686425474037745,0.947422883114806,0.999957787024215
"Arhgap19",66.5758804223521,-1.64361472840038e-05,0.00686593696792727,0.877317412754245,0.999957787024215
"Rrp12",50.7450287893314,-3.97836753665315e-05,0.00686612465881814,0.670790739895445,0.999957787024215
"Pgam1",1260.95706856851,0.00046438146745849,0.00685773254912363,0.186553289146839,0.999957787024215
"Exosc1",195.023047757,8.28992467468507e-05,0.00686463716179003,0.627394690667104,0.999957787024215
"Zdhhc16",37.762943601327,-7.44321821907447e-06,0.00686628417964156,0.926834693486376,0.999957787024215
"Mms19",76.7839978804801,-9.36096466727392e-06,0.00686581158899208,0.934709101984571,0.999957787024215
"Ubtd1",40.1645185113101,-1.97490336845492e-05,0.00686631516044752,0.801089054271205,0.999957787024215
"Pi4k2a",45.359935736714,1.37608171952742e-05,0.00686618804099449,0.876884144772302,0.999957787024215
"Avpi1",43.0675812791412,-3.18035116764274e-05,0.00686621982645632,0.712591629088719,0.999957787024215
"Zfyve27",17.1760308633282,-3.76020586610547e-06,0.00686654515029643,0.945147650793259,0.999957787024215
"R3hcc1l",47.4775009980211,-1.57614042916452e-05,0.00686617208169335,0.861056359866406,0.999957787024215
"Hps1",23.8924958219734,-5.28579749966382e-06,0.00686645829048365,0.934837333719228,0.999957787024215
"Got1",113.7644829346,-6.18935444869677e-07,0.00686538950411007,0.996402991622229,0.999957787024215
"Slc25a28",54.9162028880052,1.5525120439618e-05,0.0068660759447595,0.872971102173742,0.999957787024215
"Entpd7",27.500063675983,7.63423266068907e-06,0.0068664262822972,0.910563581004378,0.999957787024215
"Cox15",18.4151192511612,-2.47769504970716e-05,0.00686652555397957,0.664133232261063,0.999957787024215
"Cutc",15.7170547343556,-1.28493463451242e-05,0.00686656603859814,0.804691401698263,0.999957787024215
"Erlin1",30.5720809976455,-1.94810838423337e-05,0.00686637241628156,0.790143471859796,0.999957787024215
"Chuk",107.097389502421,-2.62809418600594e-06,0.0068654640705633,0.984295340218736,0.999957787024215
"Cwf19l1",44.2340964340163,1.60996885588994e-07,0.00686620743149715,0.99852879231412,0.999957787024215
"Bloc1s2",257.723406091773,0.000153611283496506,0.00686392262223789,0.436447604816434,0.999957787024215
"Scd2",591.885284013858,0.000541538822958149,0.00686166853523337,0.0404322904459836,0.999957787024215
"Scd1",40.2008065573722,2.99872331942125e-05,0.00686625820704426,0.718616394310541,0.999957787024215
"Ndufb8",602.540469692256,0.000105072100771551,0.00686123602517142,0.702631148043557,0.999957787024215
"Hif1an",31.3627691300509,-3.92003924363424e-05,0.00686636264017684,0.596861075015537,0.999957787024215
"Slf2",117.790345990502,-8.98494937476666e-05,0.0068654102831947,0.509606174153935,0.999957787024215
"Mrpl43",207.290617565801,5.76231429063999e-05,0.00686438022754973,0.749952973600414,0.999957787024215
"Twnk",21.5753339630678,-4.9170543010958e-05,0.00686648780718805,0.423502649079361,0.999957787024215
"Btrc",30.1340180705996,-8.8353037144259e-06,0.00686637801889434,0.903238206683842,0.999957787024215
"Dpcd",175.163320206764,-4.17644176338798e-05,0.00686474507914305,0.801820517371163,0.999957787024215
"Fbxw4",56.6766626454117,-6.42286809514091e-05,0.00686605234109429,0.515446755082536,0.999957787024215
"Npm3",748.192502989224,-4.38180125206872e-05,0.00686010691936015,0.884625998646448,0.999957787024215
"Oga",188.208232074206,-9.05628786181061e-05,0.00686459871546613,0.5992066904592,0.999957787024215
"Armh3",45.0420610351687,-1.17516368423537e-05,0.00686622163030265,0.89154854269906,0.999957787024215
"Ldb1",136.738234680097,-4.5009923951028e-06,0.00686518094729615,0.97563025789655,0.999957787024215
"Pprc1",86.3611264315581,-9.19465843451967e-05,0.0068657053560853,0.445354886612515,0.999957787024215
"Nolc1",1065.56097470687,-9.17635508038028e-05,0.00685839323503373,0.786331464918395,0.999957787024215
"Gbf1",184.741784967863,-1.74918670291411e-05,0.00686466750402261,0.917837641851286,0.999957787024215
"Nfkb2",35.975719483177,-4.60642111270553e-05,0.00686631254837514,0.557920763908287,0.999957787024215
"Fbxl15",14.4212362625274,-3.82268109274801e-06,0.00686658074338534,0.93903632438189,0.999957787024215
"Cuedc2",134.508116293029,3.78388497478467e-05,0.00686518857874084,0.796847521092999,0.999957787024215
"Mfsd13a",19.7921852048808,-3.84083103659993e-05,0.00686650807606258,0.515958245328904,0.999957787024215
"Actr1a",80.5276438915006,-2.34363883741521e-05,0.00686577616837713,0.840396212497738,0.999957787024215
"Sufu",42.1488120114023,-9.55666396137505e-06,0.00686623438366657,0.910658006637545,0.999957787024215
"Trim8",49.8320339202541,-1.25742420090018e-05,0.00686613916677292,0.891899224703624,0.999957787024215
"Arl3",53.2114843926167,-5.88324323188711e-05,0.00686611185181989,0.533696882434172,0.999957787024215
"Wbp1l",44.9665053207601,3.30622600841959e-05,0.00686620937195789,0.704447934022905,0.999957787024215
"Borcs7",45.511218633848,1.51771879871687e-05,0.00686619090573737,0.863993111749434,0.999957787024215
"Nt5c2",45.3346729589677,5.00553362589519e-06,0.00686619042068681,0.9549676347005,0.999957787024215
"Pcgf6",68.4651307356917,-7.77698109429318e-05,0.00686594509736937,0.462920020911768,0.999957787024215
"Taf5",48.6757520372258,8.66189341803808e-05,0.00686615255965664,0.343950820075613,0.999957787024215
"Atp5md",789.135426279063,-4.97644948253977e-05,0.00686012767227704,0.868899320747338,0.999957787024215
"Pdcd11",190.957986943517,-5.95884631718066e-05,0.0068645568059658,0.731976694943867,0.999957787024215
"Calhm2",17.859825333493,-8.25537000900703e-06,0.00686653076072753,0.883692782162038,0.999957787024215
"Stn1",38.8751263635177,-2.27430394522006e-05,0.00686628295557025,0.779304237168405,0.999957787024215
"Slk",266.584211219218,5.7577957820299e-05,0.00686380829973102,0.774877601119561,0.999957787024215
"Sfr1",427.311198301083,-2.33565337996835e-05,0.00686237408940128,0.924144496555526,0.999957787024215
"Gsto1",78.6682192303177,-2.0512391198771e-06,0.00686579210498303,0.985822196349362,0.999957787024215
"Xpnpep1",67.8340270594287,-1.50500429634646e-05,0.00686591677523414,0.888932250631488,0.999957787024215
"Add3",102.878812400801,-0.00014769375926372,0.00686551788313783,0.258536295411697,0.999957787024215
"Mxi1",69.7232200434713,4.48964244253935e-05,0.00686592621967825,0.675247746918949,0.999957787024215
"Smndc1",295.566058670693,0.000122267877026086,0.00686356833139253,0.559155850696055,0.999957787024215
"Dusp5",229.219553936787,0.00031114918710933,0.00686417085377793,0.098945021610199,0.999957787024215
"Smc3",506.475525161178,-1.79524289435924e-05,0.0068618636345992,0.944772221502606,0.999957787024215
"Pdcd4",167.905913553785,-0.00024982033547779,0.00686482058956951,0.125958903796415,0.999957787024215
"Bbip1",106.70181920525,0.000110423620881544,0.00686547080701383,0.40698353890584,0.999957787024215
"Shoc2",131.183904979033,-8.88014141746382e-05,0.00686521499786912,0.542342467927608,0.999957787024215
"Gpam",19.399966313178,4.06623500001172e-05,0.00686651620857033,0.484574763814043,0.999957787024215
"Acsl5",236.470496022198,-2.60373954809952e-05,0.00686416102876051,0.890388431999847,0.999957787024215
"Zdhhc6",75.0625148259334,2.63221996214808e-05,0.00686583466828567,0.815604541954612,0.999957787024215
"Vti1a",308.096389338635,-1.94155629381407e-05,0.00686341487745717,0.927807642558888,0.999957787024215
"Casp7",35.7306399760513,4.65300381747781e-05,0.00686631080349275,0.554711881699446,0.999957787024215
"Dclre1a",23.8965818946143,3.88261857886825e-06,0.0068664593808168,0.95202511471987,0.999957787024215
"Nhlrc2",113.295103595697,1.65132637366822e-05,0.00686545306782064,0.90197869419693,0.999957787024215
"Ccdc186",57.1336077913558,2.22684293536695e-05,0.00686605897015276,0.820773979191976,0.999957787024215
"Ablim1",472.010212286342,-0.000311867886569918,0.00686209207840995,0.217787209569922,0.999957787024215
"Fhip2a",41.7610527336968,-9.25994148748246e-05,0.00686628575411291,0.252501066752541,0.999957787024215
"Trub1",49.5784669625279,-3.08725340372241e-05,0.00686614164631748,0.738128144105762,0.999957787024215
"Atrnl1",43.5420004601527,2.12960854142725e-05,0.00686622802218951,0.803705741529225,0.999957787024215
"Pdzd8",142.775582978129,-4.46047132104133e-05,0.00686507356995322,0.769558679032535,0.999957787024215
"Rab11fip2",39.7851532297292,-3.07317137233191e-05,0.0068662754935039,0.707105187634503,0.999957787024215
"Fam204a",158.797475605554,-1.9566546236609e-06,0.00686490180506339,0.990231156579182,0.999957787024215
"Cacul1",65.5723011290883,-4.77001381117668e-05,0.00686594995395559,0.651578159771433,0.999957787024215
"Eif3a",1633.29561993071,-0.000235522149507939,0.00685669621431326,0.525690348162241,0.999957787024215
"Dennd10",36.2368066608111,-2.48712296478219e-07,0.00686631342371956,0.997473360391388,0.999957787024215
"Prdx3",385.746622360987,0.000240684651434452,0.00686285121663184,0.298712862977707,0.999957787024215
"Grk5",36.9208336944965,3.01268018720294e-05,0.00686629638157862,0.706538209999312,0.999957787024215
"Zfp950",40.0639937331892,1.4503903260872e-05,0.00686625693355641,0.861825643920861,0.999957787024215
"Gm21060",16.310533303105,-4.73790419957076e-05,0.00686656333354191,0.365157250330966,0.999957787024215
"Clcn5",61.6300832463876,5.37641999925971e-06,0.00686599671453668,0.958187636179433,0.999957787024215
"2010204K13Rik",33.5958556306037,-6.36769037633791e-07,0.00686633447448892,0.993374121633447,0.999957787024215
"Prickle3",13.4502890725257,5.08984881484534e-06,0.00686658836286762,0.917141180003182,0.999957787024215
"Plp2",193.362439205747,2.04798866275367e-07,0.00686462743409576,0.999045395837959,0.999957787024215
"Gpkow",44.7038125589033,5.8333853691042e-05,0.00686620088639555,0.506567966309581,0.999957787024215
"Praf2",34.3388713305505,-6.04530720279542e-06,0.00686632490124096,0.937849543364684,0.999957787024215
"Tfe3",35.4689475449716,-3.54315205134607e-05,0.00686631276603457,0.652137465027556,0.999957787024215
"Gripap1",88.8927860529044,-8.42236016475375e-05,0.00686574660673082,0.475769370569946,0.999957787024215
"Otud5",156.915652057646,5.80804068692375e-05,0.00686490966518041,0.715703652683847,0.999957787024215
"Pim2",379.975156650194,-0.000105021358112077,0.00686293689990095,0.646600168560644,0.999957787024215
"Slc35a2",31.280148572148,1.82326318070541e-06,0.00686637782729321,0.979990010271673,0.999957787024215
"Pqbp1",181.624285532795,-6.24047015727598e-05,0.00686466675786395,0.712899382448364,0.999957787024215
"Timm17b",159.869484619219,-2.64991106397992e-06,0.00686492755274837,0.986677846294875,0.999957787024215
"Hdac6",17.5030673282544,-2.25923151314967e-05,0.00686653705460034,0.684820885274346,0.999957787024215
"Suv39h1",92.9629225571279,1.53599445332993e-05,0.00686562684708881,0.902100421358101,0.999957787024215
"Was",282.280720710537,4.35313443037867e-05,0.00686365157757777,0.83310747281194,0.999957787024215
"Rbm3",2619.848822917,0.000331301219957428,0.00685564111493591,0.395640187305306,0.999957787024215
"Ebp",169.301710035889,4.95496093320125e-05,0.00686481379755538,0.761905811854963,0.999957787024215
"Ftsj1",27.1765080302521,-1.38592104980285e-07,0.00686641545521271,0.998398520632908,0.999957787024215
"Dynlt3",64.5230997066335,-2.91923627692368e-05,0.00686596170952466,0.780720435038602,0.999957787024215
"Mid1ip1",80.6582512804401,0.000133846586404884,0.00686578392160136,0.248223091297267,0.999957787024215
"Bcor",106.724100297667,-0.000108169745455917,0.00686553353474444,0.404986692538224,0.999957787024215
"Atp6ap2",91.2262347624579,1.62808096962177e-05,0.00686564637456452,0.895365485581627,0.999957787024215
"1810030O07Rik",103.10369331212,-3.71631260201614e-05,0.00686552110090973,0.775900066493106,0.999957787024215
"Med14",136.764264373668,5.06233445636478e-05,0.00686513343638634,0.734963224646943,0.999957787024215
"Usp9x",244.943694774064,0.000100085093960513,0.00686404538125197,0.604211610544064,0.999957787024215
"Ddx3x",477.006366073168,8.592204748431e-05,0.00686251533341418,0.721815019977749,0.999957787024215
"Gpr34",28.826173944369,-3.50729359003428e-06,0.00686640062199958,0.960327171476759,0.999957787024215
"Fundc1",69.9987771834375,-2.1549235005924e-05,0.00686589520372815,0.843465340009193,0.999957787024215
"Kdm6a",120.209756006059,1.63968157178969e-05,0.00686533823628622,0.90665155834599,0.999957787024215
"Gm14636",74.418510646382,-1.0829695226991e-05,0.00686587543389231,0.921833333174184,0.999957787024215
"Slc9a7",22.2192554561308,-1.28997049550821e-05,0.00686649033934724,0.832930138218155,0.999957787024215
"Rp2",42.7483909968099,7.08363957462092e-06,0.00686622826382334,0.934094598947498,0.999957787024215
"Jade3",28.2613095588348,-6.48158919529742e-06,0.00686641535104315,0.925223989949699,0.999957787024215
"Ndufb11",685.865773559666,0.000195836918726777,0.00686065481459978,0.498451548435811,0.999957787024215
"Rbm10",171.890110398599,-2.34910935271888e-05,0.00686480066306389,0.886164754750067,0.999957787024215
"Uba1",287.440325729598,3.45462251532112e-05,0.00686372984583988,0.865508700775725,0.999957787024215
"Cdk16",27.8205229224815,-4.83524111493058e-06,0.00686640814563027,0.944750253353538,0.999957787024215
"Usp11",17.0571115466852,6.79689175012649e-06,0.00686654069259319,0.902020401936655,0.999957787024215
"Araf",128.533745513516,-8.15333744200407e-06,0.00686522774752061,0.955204379557025,0.999957787024215
"Uxt",87.9639937447427,2.38215045690645e-05,0.00686574889538389,0.839975540105327,0.999957787024215
"Zfp182",37.8444811419645,4.76570612457059e-05,0.0068662830278596,0.557038867643362,0.999957787024215
"Wdr44",117.784245684463,-3.57416761828116e-05,0.00686535929761828,0.796777902270706,0.999957787024215
"Dock11",256.848327129768,-4.47448873660494e-05,0.00686396715404655,0.819275152882796,0.999957787024215
"Pgrmc1",111.535331667605,2.17404345128337e-05,0.00686545273566998,0.871205200834327,0.999957787024215
"Slc25a5",2322.13335473396,5.86519430156538e-05,0.00685492709389413,0.884085703638848,0.999957787024215
"Ube2a",292.051358052349,0.000163122423152347,0.00686384238598533,0.415089398348976,0.999957787024215
"Steep1",72.9943425717587,4.42251056491345e-05,0.00686589745009417,0.68490790073481,0.999957787024215
"Nkrf",32.1462738285327,-1.9959992870439e-05,0.00686636080918018,0.788160259990224,0.999957787024215
"Septin6",252.339980570013,-6.85750521785414e-05,0.00686407882280489,0.720820311172429,0.999957787024215
"Rpl39",5573.49298247217,-0.000411871554166719,0.00685031168726438,0.384784550684649,0.999957787024215
"Upf3b",160.930396446067,-5.16112846743314e-05,0.00686488554812911,0.747788922451591,0.999957787024215
"Nkap",102.753885270544,7.79215521412958e-06,0.00686554794181471,0.951882697286617,0.999957787024215
"Ndufa1",450.231010973056,7.65694516647389e-05,0.00686222983305378,0.758735739592084,0.999957787024215
"Rnf113a1",17.8772526966319,-6.46252875837771e-06,0.00686653682054556,0.907616406409075,0.999957787024215
"Zbtb33",22.0944575736722,1.35578847444449e-06,0.00686647826263872,0.982691237661149,0.999957787024215
"Lamp2",128.00086125056,-1.32201917066026e-05,0.00686523182025967,0.927332346998842,0.999957787024215
"Cul4b",112.712754351798,-1.61983362746832e-05,0.00686540858797169,0.905423188076003,0.999957787024215
"Mcts1",285.217778000273,0.000117322214126844,0.00686361675467002,0.572235970269644,0.999957787024215
"C1galt1c1",38.942333902299,-1.82207686945661e-05,0.00686626744954255,0.825121233830428,0.999957787024215
"Gria3",21.420710373143,-3.76300947888775e-05,0.00686649356531499,0.535895961175493,0.999957787024215
"Thoc2",407.044263390475,0.000129919048766228,0.00686269234761447,0.582382703348371,0.999957787024215
"Xiap",176.301019790887,-2.49331376645493e-05,0.00686470615356967,0.882013750823845,0.999957787024215
"Stag2",287.991986257801,3.00707837280716e-05,0.006863800807843,0.881412798112694,0.999957787024215
"Sh2d1a",134.117004758423,0.000173144984239443,0.00686515951152828,0.243115076828989,0.999957787024215
"Ocrl",30.5313118016111,4.54067670049014e-05,0.00686637487596706,0.53377757480375,0.999957787024215
"Sash3",111.200449982135,-5.78305371606757e-05,0.00686541371119825,0.670846609766322,0.999957787024215
"Utp14a",253.267803834001,-3.74901493066024e-05,0.00686392439666706,0.849319217302616,0.999957787024215
"Bcorl1",22.8711524348961,-5.86387686977214e-05,0.00686647292075626,0.352560085033018,0.999957787024215
"Elf4",183.119804714066,-6.42899132146142e-05,0.0068646627881574,0.70489376696534,0.999957787024215
"Aifm1",131.153742651511,-1.85564582057568e-05,0.00686522146051238,0.898478153404865,0.999957787024215
"Zfp280c",129.967179684603,5.13479599980596e-05,0.00686526742565775,0.720026916663544,0.999957787024215
"Slc25a14",17.119300779333,-1.50148986072052e-05,0.00686654097258968,0.785521483458941,0.999957787024215
"Rbmx2",110.93664895644,2.59195274246958e-05,0.00686541952269816,0.848612206793566,0.999957787024215
"Enox2",115.655038171357,-3.85950315927649e-05,0.00686536620528288,0.780425669879895,0.999957787024215
"Firre",39.7761063461802,-2.60105275366206e-05,0.0068662759540726,0.750353917877975,0.999957787024215
"Stk26",218.969540037105,-9.28946184741709e-05,0.00686438541545481,0.607014130905958,0.999957787024215
"Rap2c",113.909991433072,7.41198110056111e-07,0.00686539517499041,0.995683537851592,0.999957787024215
"Mbnl3",129.334760206316,-3.17601516676662e-05,0.00686524899818179,0.825605049269015,0.999957787024215
"Phf6",219.986782817647,-0.000130484256846673,0.00686439200028464,0.469391855946386,0.999957787024215
"Hprt",562.635334702543,0.000290397477472261,0.00686146704801233,0.281096061546274,0.999957787024215
"Fam122b",18.2046151242452,-2.13153687181226e-05,0.00686652974653309,0.706250454285639,0.999957787024215
"Mospd1",21.279345442537,-7.33348631787233e-07,0.00686648713295682,0.990487639801945,0.999957787024215
"Ints6l",18.622666143199,9.66708170294693e-06,0.00686652476673932,0.865691098243008,0.999957787024215
"Mmgt1",32.7803240823055,-2.41707080285802e-05,0.00686634837596463,0.74861530384997,0.999957787024215
"Htatsf1",155.099010936515,6.1541878993358e-05,0.00686492712753075,0.698206382835862,0.999957787024215
"Arhgef6",297.309077548426,-1.97892205945263e-05,0.00686353035583696,0.925124758665257,0.999957787024215
"Rbmx",127.391607685442,2.09456288792429e-05,0.00686524122845189,0.884756109560447,0.999957787024215
"Fgf13",155.373160799391,-0.000260751712030489,0.00686494783392024,0.0984942310419201,0.999957787024215
"Atp11c",87.2755644816664,7.4476412742073e-05,0.00686571803505733,0.533998765951465,0.999957787024215
"Fmr1",173.733631611737,-0.000134324455710807,0.00686473801144258,0.420334652890735,0.999957787024215
"Eola1",23.8700394953325,5.74159144553874e-05,0.00686646632466852,0.368087284732305,0.999957787024215
"Mtmr1",100.005538419135,-5.22152370875196e-05,0.00686556050116259,0.684402989708214,0.999957787024215
"Hmgb3",167.40267896795,-0.000169754358443442,0.00686480464584123,0.300405831645381,0.999957787024215
"Vma21",289.893662965897,0.000111441995792778,0.0068635909174604,0.59315571470489,0.999957787024215
"Cetn2",150.912470545957,5.90739464630753e-05,0.00686497190672274,0.706310833472592,0.999957787024215
"Nsdhl",75.7895580185006,0.000113486318119744,0.00686583552033386,0.314465662579751,0.999957787024215
"Xlr4a",30.8213283571598,3.21644124196754e-05,0.00686638862166093,0.653573843732202,0.999957787024215
"Xlr4b",102.160675279875,0.00011465048943623,0.00686552670484558,0.378751240835889,0.999957787024215
"F8a",20.4492971493593,3.3945181037477e-05,0.00686650360358788,0.569269450923027,0.999957787024215
"Xlr4c",32.2743909231166,-2.55307834558136e-05,0.00686635161296054,0.733985893349168,0.999957787024215
"Zfp275",16.4376714922679,-2.41489970384859e-05,0.00686655135332056,0.653937725752732,0.999957787024215
"Haus7",35.6893121984997,3.19606792629057e-05,0.00686631592148361,0.683223282606865,0.999957787024215
"Bcap31",498.471937626232,0.00013648280853465,0.0068618270989635,0.599793529115511,0.999957787024215
"Idh3g",164.980848873676,-0.000101522508825439,0.00686484543434664,0.531398251756626,0.999957787024215
"Ssr4",969.950985051163,0.000171810412294429,0.00685897347589793,0.598852171945923,0.999957787024215
"Arhgap4",97.9676150554967,3.8197451381313e-05,0.00686557581487011,0.764746212064864,0.999957787024215
"Naa10",275.71460921939,0.000147147552680864,0.00686400412050538,0.44942092871206,0.999957787024215
"Hcfc1",222.381711394558,-2.9234043297696e-05,0.00686436276967146,0.872015715745473,0.999957787024215
"Irak1",95.2157309070266,-4.20567622649692e-05,0.00686559713335148,0.739520947898271,0.999957787024215
"Mecp2",103.272485296832,4.86204036208789e-05,0.00686550538366172,0.711312835569454,0.999957787024215
"Flna",163.202133686792,-5.42367855287211e-05,0.00686485295288529,0.737610165778272,0.999957787024215
"Emd",271.005845108398,8.63625388375443e-05,0.00686375574182681,0.670678014759409,0.999957787024215
"Rpl10",4581.00998824471,0.000269716374292954,0.00685152081699034,0.554414417565975,0.999957787024215
"Tafazzin",45.5094835805894,1.10078102502691e-05,0.00686618985545534,0.901218020288794,0.999957787024215
"Atp6ap1",79.2981259162241,-4.22368258142955e-05,0.0068658044282924,0.712688213657699,0.999957787024215
"Gdi1",46.1514266888856,-1.16898008997271e-05,0.00686618189644825,0.895849074712047,0.999957787024215
"Fam50a",114.405705854309,-5.94624675400354e-05,0.0068653924898189,0.664590835379573,0.999957787024215
"Lage3",201.168283101279,2.28996043518295e-05,0.00686456481041067,0.895095361403755,0.999957787024215
"Ubl4a",201.1820448263,-7.66938592203589e-06,0.00686451735886673,0.965149289865699,0.999957787024215
"Ikbkg",31.2496242120696,-2.17603381238089e-05,0.00686636390404925,0.768703685900858,0.999957787024215
"G6pdx",47.4579551790205,-7.57516942883258e-07,0.00686616812787113,0.993310473803702,0.999957787024215
"Gab3",68.0430754791542,7.03400289929412e-05,0.006865917145243,0.513848946814946,0.999957787024215
"Dkc1",586.452950991679,5.24597240387686e-05,0.00686119761161783,0.849347864709078,0.999957787024215
"Mpp1",45.4921963438549,-1.01431935163324e-05,0.0068661878037593,0.9091036125525,0.999957787024215
"Fundc2",250.005494719001,7.83951487462262e-05,0.00686397676532942,0.688425781565173,0.999957787024215
"Cmc4",26.6175114425459,-2.28545338672147e-05,0.00686642672846501,0.736495637117605,0.999957787024215
"Brcc3",180.39609311017,8.5844594413236e-05,0.00686468942506652,0.610798440687832,0.999957787024215
"Vbp1",175.321878012888,4.62815769316918e-05,0.00686482812736441,0.776378490323456,0.999957787024215
"4933407K13Rik",15.1654274721653,8.77196923582341e-07,0.00686656444017796,0.986585732930876,0.999957787024215
"Tbl1x",299.752833493562,-2.98353437965234e-05,0.00686348574886176,0.888088344393154,0.999957787024215
"Prkx",50.2894451552897,5.28822329029131e-05,0.00686613263197793,0.569644049784326,0.999957787024215
"Prrg1",64.2328028429664,-5.00157717943295e-05,0.0068660353250539,0.616721500589485,0.999957787024215
"Tab3",28.2123682175185,4.1307889225942e-05,0.00686640513223705,0.555497621475261,0.999957787024215
"Gk",42.4080707366112,6.15022418285277e-05,0.00686623075867253,0.471735627224456,0.999957787024215
"Tasl",28.7628666419461,-1.28010437180105e-05,0.00686639677633009,0.856683657197015,0.999957787024215
"Il1rapl1",87.2066840574997,3.34732715265572e-05,0.00686570921416513,0.780747171276294,0.999957787024215
"Pola1",402.177476318254,-7.01647272672102e-05,0.00686278615626049,0.763823730600215,0.999957787024215
"Pdk3",93.1954062089153,6.29270066464957e-06,0.00686562959162962,0.959759510297912,0.999957787024215
"Zfx",137.970254513838,-3.21576312277251e-05,0.00686512810636308,0.830004871259265,0.999957787024215
"Eif2s3x",314.288038974503,-5.78701413060097e-05,0.00686339496229572,0.787733721687572,0.999957787024215
"Klhl15",23.5194285233711,2.83730493506734e-06,0.0068664857786271,0.963299141231777,0.999957787024215
"Apoo",107.448677646329,7.56998969427518e-05,0.00686546631827971,0.570391372994433,0.999957787024215
"Gspt2",19.6611001074311,-1.26607359326752e-05,0.00686652115356531,0.825989754406613,0.999957787024215
"Amer1",17.836949589689,3.80529323668484e-05,0.00686653231358794,0.498667828079536,0.999957787024215
"Zc3h12b",15.93074871498,4.16673517380159e-05,0.00686655784074193,0.432066490840463,0.999957787024215
"Las1l",146.105335961338,-9.11780791053304e-05,0.00686503267407416,0.554039403666352,0.999957787024215
"Msn",931.5031329975,-1.23362306922992e-05,0.00685908175359327,0.969659125131031,0.999957787024215
"Yipf6",76.1275379719949,1.97075419738664e-05,0.00686581878139745,0.862553791617956,0.999957787024215
"Pja1",37.2556588467921,8.33933879639938e-06,0.00686629315312832,0.917278920969308,0.999957787024215
"Igbp1",183.70437561893,-2.24991482560076e-06,0.00686463178611942,0.98950234915847,0.999957787024215
"Pdzd11",110.958897059392,9.07888552123385e-05,0.00686542517533997,0.502830316839094,0.999957787024215
"Kif4",221.938340323871,0.00010746503730236,0.00686424721418353,0.562958818917088,0.999957787024215
"Snx12",93.6136547941894,-6.58402962545413e-06,0.00686562569465674,0.957970332539214,0.999957787024215
"Il2rg",352.552983305317,-1.50643048356248e-05,0.00686303145103698,0.946905752924775,0.999957787024215
"Med12",92.9757510866058,6.84939755885697e-05,0.00686564710821424,0.579932500596882,0.999957787024215
"Zmym3",18.654552866611,2.76651247200591e-05,0.0068665227054352,0.629846685642329,0.999957787024215
"Nono",464.794473387921,-4.11217421040496e-05,0.00686209097828014,0.870923940199894,0.999957787024215
"Taf1",254.379996402129,3.32748594882258e-05,0.00686395239508136,0.865432827742915,0.999957787024215
"Ogt",255.462963604185,0.000155741506498667,0.00686391674589907,0.430589278763857,0.999957787024215
"Cxcr3",32.695202517369,-0.000123945342856589,0.00686637663116893,0.0886820329106913,0.999957787024215
"Pin4",160.656832169452,8.07087067126684e-05,0.00686486730995371,0.616779562077815,0.999957787024215
"Ercc6l",41.8873521991527,-9.97535414562478e-06,0.00686623477587934,0.906726838936236,0.999957787024215
"Rps4x",7645.62076508665,-0.000204500113602846,0.006849465567655,0.67382381311237,0.999957787024215
"Hdac8",121.910227728478,-7.19049091271571e-07,0.00686529293023902,0.995960728222875,0.999957787024215
"Chic1",20.6486718408055,-8.50792498052023e-06,0.00686649530848222,0.888332541532416,0.999957787024215
"Jpx",21.7385383474502,-2.53906289881658e-05,0.00686648247256442,0.682293298698046,0.999957787024215
"Ftx",42.3680944990962,-2.51478829958075e-05,0.00686623052823047,0.768605132277763,0.999957787024215
"Slc16a2",30.005657699817,2.07375245064132e-07,0.00686640660598659,0.997633671439857,0.999957787024215
"Rlim",216.896463505198,6.00980659213426e-06,0.00686430394541542,0.973898087011824,0.999957787024215
"Abcb7",192.847610002091,-5.66738315223372e-05,0.00686453500387707,0.745825876379336,0.999957787024215
"Uprt",18.1096896211813,-2.75254438039751e-05,0.00686653301492824,0.624025243560014,0.999957787024215
"Zdhhc15",51.4240735314433,1.19960139563637e-05,0.00686611724879694,0.898598500155684,0.999957787024215
"5530601H04Rik",32.0008120572983,-4.36936223109355e-06,0.00686635823262768,0.953244834655138,0.999957787024215
"Pbdc1",291.065136072514,-2.260670980283e-05,0.00686357762503749,0.913873838889789,0.999957787024215
"Atrx",731.659407237034,-1.27487439439764e-05,0.00686039297343618,0.965578769796452,0.999957787024215
"Magt1",372.704778897658,0.000234369144359839,0.00686284098929923,0.312202751044543,0.999957787024215
"Cox7b",1238.72975385736,0.000160609049211164,0.0068576263875652,0.649707426525267,0.999957787024215
"Atp7a",23.5200455068546,-2.15234946016037e-05,0.00686647060732285,0.733953932424575,0.999957787024215
"Pgk1",1186.98759183146,0.000720899509229442,0.0068578640593452,0.0388750201756924,0.999957787024215
"Taf9b",15.0837498604329,1.88526551726914e-05,0.00686656676725223,0.716242337187921,0.999957787024215
"Cysltr1",50.6751218810745,0.000109380547950684,0.00686614610984837,0.234513482294733,0.999957787024215
"P2ry10",65.2431462636098,4.01919803884842e-05,0.00686595084035676,0.703426059272355,0.999957787024215
"Gpr174",46.7631821677779,-3.63919214238009e-05,0.00686618590598116,0.682580678286155,0.999957787024215
"Chmp1b2",48.0712948167795,-2.6040634997659e-05,0.00686616475201642,0.773804238351066,0.999957787024215
"Brwd3",66.8422398949963,6.4214675490911e-06,0.0068659395215292,0.951833208592478,0.999957787024215
"2810403D21Rik",44.2342823256085,7.0358828444877e-05,0.00686620687884886,0.420580673116682,0.999957787024215
"Hmgn5",165.731395506209,-0.000118528087935669,0.00686481604510773,0.46834340408464,0.999957787024215
"Sh3bgrl",139.655754114964,-4.3664372613696e-06,0.00686516907317346,0.97644673030157,0.999957787024215
"Apool",70.8453673888091,-2.46847043108814e-06,0.00686588941874645,0.982013696855332,0.999957787024215
"Chm",101.563841484441,0.000103037922716796,0.00686554240992084,0.425962867327575,0.999957787024215
"Diaph2",341.687343550672,0.00022236029440086,0.00686313135869676,0.319068686857309,0.999957787024215
"Cstf2",110.02850792726,-5.9615858949801e-05,0.00686543491554546,0.658786540423336,0.999957787024215
"Trmt2b",58.0362186048135,-2.88724304559859e-05,0.00686603735510143,0.77233106816706,0.999957787024215
"Cenpi",52.2625275507834,-8.73250482813344e-08,0.00686612414178707,0.999255865594519,0.999957787024215
"Timm8a1",348.346033236098,0.000117317609801108,0.00686316960787908,0.597169643418871,0.999957787024215
"Rpl36a",3168.1153722238,-6.26079449610081e-05,0.00685297326548611,0.885318496029909,0.999957787024215
"Hnrnph2",172.910755077755,-3.51389267354996e-05,0.00686478583416406,0.831062849899569,0.999957787024215
"Armcx3",18.5169372226619,1.15608024916596e-05,0.00686653131943267,0.837485526805588,0.999957787024215
"Gprasp1",57.8993016687861,1.62470377170663e-05,0.00686604871123269,0.869653233114537,0.999957787024215
"Bhlhb9",45.0396380972854,-1.86660157965095e-06,0.00686620925791501,0.982915961862929,0.999957787024215
"Tceal9",126.705323031541,-3.96344146922928e-05,0.00686528467824001,0.780806456938073,0.999957787024215
"Bex3",153.047313293371,-5.06891843209868e-06,0.00686506227098106,0.973530553456291,0.999957787024215
"Morf4l2",378.088190460407,3.83648976495598e-05,0.00686280867949809,0.869136886994782,0.999957787024215
"Tmsb15b2",12.6294025427289,-2.5633684899682e-06,0.00686660073244708,0.956649150586246,0.999957787024215
"Tmsb15b1",19.976157645193,-2.0097132857671e-05,0.00686650877954628,0.733579929053462,0.999957787024215
"Slc25a53",26.1253030317675,-6.83579643169731e-06,0.00686644639703238,0.917384752624097,0.999957787024215
"Zcchc18",26.3999532401231,-8.49869824917379e-06,0.00686643464847838,0.899231948442188,0.999957787024215
"Fam199x",21.0165699941918,1.57086993645351e-05,0.00686649520958375,0.795474908879842,0.999957787024215
"Tbc1d8b",25.8210956387168,3.63967862744884e-06,0.00686643981585518,0.956406235587517,0.999957787024215
"Rbm41",54.6963968159943,2.19279109828967e-05,0.00686610338501174,0.817722282730025,0.999957787024215
"Prps1",123.028360068244,9.38924441894593e-05,0.0068653044517502,0.506908547014283,0.999957787024215
"Psmd10",96.004601410304,3.35563664552029e-05,0.00686560774182498,0.789853094304097,0.999957787024215
"Atg4a",101.588136920875,-7.55099059647783e-05,0.00686554635251304,0.558972007426458,0.999957787024215
"Acsl4",222.203720946404,0.000208701532175659,0.00686433890991704,0.252452950933843,0.999957787024215
"Tmem164",120.561018848085,-1.77333822039406e-06,0.00686543667854385,0.989512690206451,0.999957787024215
"Ammecr1",82.0431282536258,-7.89339776265414e-05,0.00686575506436929,0.502135084378311,0.999957787024215
"Alg13",60.3188624681158,1.79650519627077e-05,0.00686602137183038,0.8586642848073,0.999957787024215
"Tmem29",55.8257169378873,1.40165223598344e-05,0.00686606458922047,0.886155285003378,0.999957787024215
"Apex2",57.3725285351665,2.40486156919875e-05,0.00686606162037322,0.806361675775643,0.999957787024215
"Gnl3l",99.2908828582174,-8.67509848586137e-05,0.0068655553002649,0.500409507517154,0.999957787024215
"Tsr2",56.6042967847115,3.92403060526128e-05,0.00686606216193667,0.689066249595549,0.999957787024215
"Fam120c",37.0033033580075,-1.32175828021619e-05,0.00686631112470527,0.866692424174288,0.999957787024215
"Phf8",55.4325200475042,-7.30031366533148e-06,0.00686607313338605,0.940191625193047,0.999957787024215
"Huwe1",590.150711318098,7.47664690561e-05,0.00686118982816216,0.786751027829535,0.999957787024215
"Hsd17b10",133.280179617453,-0.000142813615303912,0.00686517992582652,0.332572060752262,0.999957787024215
"Smc1a",652.904929529267,-0.000122693486059428,0.00686095392768028,0.663664257532261,0.999957787024215
"Kdm5c",117.052721397233,4.63965487212762e-05,0.00686536744722469,0.737427284305974,0.999957787024215
"Kantr",20.9516569969271,-3.80994492681868e-05,0.00686649472635619,0.529932933578334,0.999957787024215
"Tspyl2",17.004886952494,2.97145689035694e-05,0.00686654766654751,0.584469864531495,0.999957787024215
"Klf8",16.3967164046414,-3.47183553811823e-05,0.00686656798315241,0.501922276533969,0.999957787024215
"Ubqln2",46.5640292718648,6.25684711389983e-06,0.00686620351624616,0.94307306665605,0.999957787024215
"Nbdy",28.4943527541897,-1.24198920363508e-05,0.00686640062088066,0.860177835531273,0.999957787024215
"Sat1",68.4446886977585,-1.97194727874202e-05,0.00686596560304233,0.85048095562497,0.999957787024215
"Acot9",57.2350996895504,-4.56769679277818e-05,0.00686608506610355,0.635813849577519,0.999957787024215
"Prdx4",75.9289913468872,8.91412016281337e-05,0.00686582708585231,0.431549781066653,0.999957787024215
"Sms",368.918407472004,-3.69404965734888e-05,0.00686301530836194,0.870560341136824,0.999957787024215
"Mbtps2",75.3953247827805,0.000138129875160897,0.00686584912578279,0.217424142322312,0.999957787024215
"Rps6ka3",242.317391030442,0.000132762248825829,0.00686431756710089,0.468563491744683,0.999957787024215
"Eif1ax",630.682795814149,-8.18161547025542e-05,0.00686093278003562,0.772234115480301,0.999957787024215
"Bclaf3",78.4058631991356,3.30075773859093e-05,0.00686580556148338,0.773383631710612,0.999957787024215
"Sh3kbp1",299.236796365634,-0.000214347365481608,0.00686356797194126,0.305873685029824,0.999957787024215
"Pdha1",141.517181390126,6.10849236749823e-05,0.00686510254328128,0.685717456991542,0.999957787024215
"Phka2",21.8844769757637,-3.53008206206537e-05,0.00686649471748446,0.560593283652431,0.999957787024215
"Rbbp7",624.798636990135,7.80416030182814e-05,0.0068609121578086,0.782844559809929,0.999957787024215
"Txlng",98.1003165051567,-2.42688066178551e-05,0.00686559248587384,0.848149164327815,0.999957787024215
"Syap1",77.7225922579783,-1.04063681524067e-05,0.0068658073069253,0.927599039969245,0.999957787024215
"Ctps2",36.6403876068137,3.80202591793875e-05,0.00686632278364001,0.624694780123011,0.999957787024215
"Ap1s2",35.8542049089028,4.72294634937621e-05,0.00686630643530546,0.550696447525476,0.999957787024215
"Zrsr2",175.331656815062,3.37853257671276e-05,0.00686471151049989,0.840407181830367,0.999957787024215
"Siah1b",23.9504948148262,-2.75907563714345e-05,0.00686646481258217,0.666164189361751,0.999957787024215
"Piga",57.0483101960739,1.70336017241049e-06,0.00686605757592581,0.986187608199795,0.999957787024215
"Mospd2",41.2108453300655,-5.93822754296589e-05,0.00686625591729685,0.476534012808883,0.999957787024215
"Fancb",20.071211599933,8.24299733385358e-05,0.00686651027884113,0.161458380021603,0.999957787024215
"Ofd1",70.3446957566428,-5.08459417705146e-05,0.00686594922525198,0.630419712471004,0.999957787024215
"Trappc2",21.4045160149207,-1.15227591838195e-05,0.00686648781301778,0.851221292695618,0.999957787024215
"Rab9",55.9028316198997,-7.5885836166744e-06,0.00686607262021286,0.937857712788207,0.999957787024215
"Gm15232",32.8881714587042,-4.02534047103312e-05,0.00686635825171448,0.589077511121453,0.999957787024215
"Tmsb4x",30274.4528150946,0.000876093605412267,0.00684659624342998,0.0947482159012348,0.999957787024215
"Prps2",98.9557093558284,7.67319938105864e-05,0.00686555690532746,0.550895617796466,0.999957787024215
"Msl3",139.933444189376,-9.14390074514005e-05,0.00686510812027195,0.543995676723821,0.999957787024215
"Hccs",70.1988614061024,6.08405767940521e-05,0.00686591800718382,0.572090295338037,0.999957787024215
"Kdm5d",52.3221789104065,-1.62279378592894e-05,0.00686611026151227,0.863860731718895,0.999957787024215
"Eif2s3y",203.219665605033,0.000133169186350604,0.00686448001228847,0.451784601742339,0.999957787024215
"Uty",126.373615759143,-3.48290732243622e-06,0.00686528833773127,0.980467051052169,0.999957787024215
"Ddx3y",153.75201402177,0.000131515993556765,0.00686495127846535,0.404216421374122,0.999957787024215
"Gm47283",110.713001105346,-6.99354876195075e-07,0.00686543791649605,0.995862067359356,0.999957787024215
"mt-Nd1",5503.53065406104,0.000866640295849625,0.00685048582252829,0.065996625764638,0.999957787024215
"mt-Nd2",2589.13371925449,0.000546152722060766,0.00685406779929509,0.189846678594468,0.999957787024215
"mt-Co1",8029.02545439645,4.36128687742754e-05,0.00684969904962444,0.927990814909896,0.999957787024215
"mt-Co2",4932.76193717684,0.000258062900108047,0.00685074604166934,0.581054915650136,0.999957787024215
"mt-Atp8",322.840005792512,3.73728341511286e-05,0.00686333853971559,0.863084383089455,0.999957787024215
"mt-Atp6",5253.88726202733,0.000328135812344115,0.00685060951022187,0.484717781493876,0.999957787024215
"mt-Co3",4445.93145802888,0.000172238091587229,0.00685181372670174,0.703078837006267,0.999957787024215
"mt-Nd3",315.84228217579,-7.16951179372826e-07,0.00686367580824407,0.997220133783582,0.999957787024215
"mt-Nd4l",1106.67435985187,0.000163653034251763,0.00685838854726368,0.628875450122455,0.999957787024215
"mt-Nd4",2864.31954623361,0.000155195693083575,0.0068532394287274,0.718092452745431,0.999957787024215
"mt-Nd5",1663.53369491622,-0.000145400629903052,0.00685609932445171,0.703432734587274,0.999957787024215
"mt-Nd6",42.7240604525561,7.40997300526027e-06,0.00686622704426331,0.931144140837418,0.999957787024215
"mt-Cytb",3056.41594697528,0.000368950364573842,0.00685288599602731,0.396833118810889,0.999957787024215
"ENSMUSG00000095041",24.8016264139428,-3.46437509783213e-05,0.00686647671113744,0.580362293587964,0.999957787024215
