"","baseMean","avg_log2FC","lfcSE","p_val","p_val_adj"
"Cspp1",15.7252767870134,0.000279390847189433,0.0181989727981429,0.566003291407368,0.99995937203639
"Arfgef1",27.104938375266,-0.00033972850943208,0.0181979533997483,0.516333192856858,0.99995937203639
"Ncoa2",42.9962400823014,8.31739066371077e-05,0.0181990468623434,0.863562124023822,0.99995937203639
"Rpl7",43.2166048181251,-5.47039621015092e-06,0.0182005915351275,0.98965819815354,0.99995937203639
"Kcnq5",83.0295420870499,0.000338389158713331,0.0182007701573823,0.414024650637901,0.99995937203639
"Uggt1",16.9118996580975,0.000203920369331674,0.0181987592585687,0.680182688434314,0.99995937203639
"Tmem131",16.6201816104497,7.38338922149353e-05,0.018199133106474,0.8779444463295,0.99995937203639
"Eif5b",22.4449433515498,-2.15073646309411e-05,0.0181981920127475,0.966695615479353,0.99995937203639
"Rev1",14.5922432852796,3.57585501404761e-05,0.0181991911375672,0.940437496327448,0.99995937203639
"Aff3",20.1004356177267,-0.000664038809712486,0.018198805411949,0.17799887338592,0.99995937203639
"Map4k4",22.6097943959519,2.59907782703778e-05,0.0181982949168387,0.959472034936446,0.99995937203639
"Tpp2",31.2346677644523,8.52764522084054e-05,0.0181984592738673,0.866059605451343,0.99995937203639
"Stat4",41.809253149643,-6.97292456959981e-05,0.0181991538661791,0.884493660245284,0.99995937203639
"Stat1",60.3152572464601,-9.03254295758795e-05,0.0182010275751305,0.822573514281379,0.99995937203639
"Gls",28.2017896273409,-1.89427212666252e-05,0.0181979274342289,0.971182278264896,0.99995937203639
"Stk17b",25.2735088457728,-6.59815750079071e-05,0.0181980852038345,0.89880931083127,0.99995937203639
"Ankrd44",114.014404621079,-3.80283607789667e-05,0.0181998841776607,0.932873123477935,0.99995937203639
"Sf3b1",25.7262201055455,-0.000354904775194152,0.0181982670073268,0.488589193189848,0.99995937203639
"Clk1",18.0975737576357,0.000164703762850714,0.0181986331288773,0.741502274976001,0.99995937203639
"Casp8",15.0869384892472,-1.2578551795515e-05,0.0181992190948808,0.978984338779877,0.99995937203639
"Nop58",23.5507324990493,0.00019676757437643,0.0181982269183738,0.701788015895818,0.99995937203639
"Icos",21.9136060847545,4.96628986846168e-05,0.0181983477444621,0.922363346536705,0.99995937203639
"Rpl37a",65.1965871419426,0.000188412624660134,0.0182020246748127,0.595552460250677,0.99995937203639
"Arpc2",34.7076532020618,-0.000327968432615023,0.0181982733984159,0.521994105378149,0.99995937203639
"Usp37",12.9401888910962,-0.000254197624065864,0.0181996469942479,0.581298529739695,0.99995937203639
"Cul3",38.3626459978889,-8.87896658210482e-05,0.0181982748604832,0.862371064635657,0.99995937203639
"Dock10",171.483990634013,0.000145343320015424,0.0181970520880011,0.792996279697923,0.99995937203639
"Agfg1",20.3829347416882,-0.000247607608320526,0.018198572331428,0.621504386268941,0.99995937203639
"Trip12",25.1015508426519,-3.80851441282845e-05,0.0181979941992538,0.941842375040002,0.99995937203639
"Sp100",29.2852325855855,-0.000426567962772209,0.0181979348670576,0.415699819756559,0.99995937203639
"Cab39",28.8180466673328,0.000157212730845594,0.0181978271369293,0.765816317444226,0.99995937203639
"Psmd1",17.8128700303731,-2.78816449362805e-05,0.018198673090278,0.955338601269266,0.99995937203639
"Ncl",82.5756946247093,-1.73081609838151e-05,0.0182009332975543,0.966083161581879,0.99995937203639
"Ptma",152.118453424175,-0.000324151563957635,0.018199299936113,0.494441203512033,0.99995937203639
"Dis3l2",20.174820520856,1.04098547093325e-06,0.0181987646134933,0.998320348690014,0.99995937203639
"Gigyf2",15.058210085923,0.000214294979185438,0.0181993386189873,0.650463196706879,0.99995937203639
"Inpp5d",25.9911903262736,0.000353188256908844,0.0181980605894112,0.496777868003903,0.99995937203639
"Atg16l1",11.6001687249831,0.000135187334286256,0.0182001759678036,0.758431025124643,0.99995937203639
"Dgkd",41.8439222050036,4.63437744880077e-05,0.0181990293628543,0.923823270813404,0.99995937203639
"Lrrfip1",20.1999161959769,-0.000408025293215596,0.0181985316000464,0.41724964884767,0.99995937203639
"Relch",21.9768937311473,-0.000104231311597091,0.0181997194858225,0.819997309337711,0.99995937203639
"Bcl2",390.404334786962,0.000217681043763857,0.0181794601946538,0.822746976482925,0.99995937203639
"Clasp1",17.9023314759123,2.6192982512372e-05,0.0181987298936943,0.957865283771024,0.99995937203639
"Ptpn4",14.1183995392787,0.000437788443960067,0.0181993988657602,0.352240202695452,0.99995937203639
"Actr3",47.8752107973141,-0.000175295825411546,0.0181998463465591,0.698780995884921,0.99995937203639
"R3hdm1",35.0392723741454,-6.55166764047071e-05,0.0181983228627528,0.897875990328497,0.99995937203639
"Dars",14.5556938607855,7.64032987490407e-05,0.0181992074934898,0.872993199152969,0.99995937203639
"Srgap2",45.0841445763085,0.000271450247586157,0.0181993969675148,0.564133746105135,0.99995937203639
"Nucks1",26.3537325698161,-0.000386147865387047,0.0181984327583071,0.445872235956927,0.99995937203639
"Mdm4",30.2530122311135,9.03898283263149e-05,0.018197843906802,0.863879266007151,0.99995937203639
"Ptprc",211.569469979991,0.000187580732488323,0.0181943062814224,0.768586793431206,0.99995937203639
"Nek7",31.7030738774916,-0.000129946504951946,0.0181977829522185,0.806079013438012,0.99995937203639
"Dennd1b",35.29414042885,-8.66426190022519e-05,0.0181979566531119,0.86850685077442,0.99995937203639
"Aspm",14.9632646882553,-5.18445633267252e-06,0.0181991863434857,0.991359744444521,0.99995937203639
"Cdc73",18.4460345494809,-0.000394914163144089,0.0181986101597922,0.429759388493063,0.99995937203639
"Tpr",39.8847263331464,0.000153555837422678,0.0181985363239065,0.760068672097357,0.99995937203639
"1700025G04Rik",36.4229856376172,5.19352925853105e-05,0.0181980037911208,0.920702444396064,0.99995937203639
"Smg7",15.1844093458844,-3.30597872248032e-05,0.0181990975331547,0.945329290064204,0.99995937203639
"Dhx9",25.7031146118501,-9.06172195319097e-05,0.0181980014697347,0.86212713088305,0.99995937203639
"Xpr1",18.8110765501909,-8.75303955660089e-06,0.0181988482542774,0.985788919713311,0.99995937203639
"Acbd6",13.224846299192,-3.23204287637156e-05,0.0181997695974523,0.943503308922128,0.99995937203639
"Cep350",11.1964190156447,6.72580646507631e-05,0.0182000051813604,0.880285990210133,0.99995937203639
"Tor1aip2",18.2434612821421,0.000548744923594948,0.0181986751976168,0.270288625035531,0.99995937203639
"Cop1",16.041723334947,-0.000142095283009425,0.0181990113673201,0.769697161215653,0.99995937203639
"Rabgap1l",78.8706782512036,-0.000270830253660127,0.018200855646085,0.509410994765494,0.99995937203639
"Rc3h1",17.6334378936982,4.54210798870932e-05,0.0181994126415446,0.923024879283973,0.99995937203639
"Gas5",30.2308846541725,-2.02472877557704e-06,0.0181984118299779,0.99681548202126,0.99995937203639
"Suco",20.2977339402299,-0.000266768582735419,0.0181986420304735,0.59290956600855,0.99995937203639
"Prrc2c",65.3825623566038,-7.27341108408647e-05,0.0182009789171853,0.857475619250981,0.99995937203639
"Rcsd1",31.4745982342473,0.000528612896291769,0.0181981054831778,0.307639554736929,0.99995937203639
"Cd247",52.0884877589826,-0.000179192175690403,0.018200443132182,0.675727955718517,0.99995937203639
"Pou2f1",17.4075899527779,0.000128424079649195,0.0181986972590096,0.796086415649526,0.99995937203639
"Uck2",13.5082080481259,5.58320211179664e-05,0.0181995519693767,0.904359354504362,0.99995937203639
"Arhgap30",22.8291835812503,-0.000159108677483556,0.0181981944986876,0.757370422348105,0.99995937203639
"Sdccag8",12.141806152751,-5.70049749359936e-05,0.0181998597623817,0.899740939293948,0.99995937203639
"Akt3",21.3613679275648,8.93904893076392e-05,0.0181987166315723,0.857051513078208,0.99995937203639
"Hnrnpu",49.96873820095,1.80316427717539e-05,0.0182001398806896,0.967389833321571,0.99995937203639
"Smyd3",37.9858036903354,0.000327313208065313,0.0181982159525561,0.524471066397155,0.99995937203639
"Ahctf1",13.5587366809628,0.00014228512278685,0.0181997292955184,0.755885457075649,0.99995937203639
"H3f3a",16.1532197190936,-5.87702578620755e-05,0.0181991501945417,0.902576280889405,0.99995937203639
"Enah",49.7919889437552,-0.000267998093852011,0.01820032051515,0.536482132645069,0.99995937203639
"Eprs",15.099622038428,4.28814476067096e-06,0.0181991344830431,0.992882672328446,0.99995937203639
"Cenpf",28.4132253257291,-0.00056681330823333,0.0181985946357468,0.257622669946461,0.99995937203639
"Ppp2r5a",13.3713154204092,0.00022714057217535,0.0181996150309188,0.623111128335524,0.99995937203639
"Ints7",14.060360058742,-0.000438986454651856,0.0181996279255981,0.341683747289636,0.99995937203639
"Traf3ip3",16.0807422942229,0.000268097917197652,0.0181993459786462,0.570563060971158,0.99995937203639
"Fam107b",39.5394683485759,0.000155666468300168,0.0181984719749095,0.757955793738953,0.99995937203639
"Camk1d",106.297205983644,-0.000354029613957798,0.0182000838518679,0.424578996589092,0.99995937203639
"Celf2",73.996187869763,0.000195240712962528,0.01820095009983,0.630844765734623,0.99995937203639
"Taf3",16.9622495060272,-0.000138771661351457,0.0181987693373056,0.77891789538888,0.99995937203639
"Itih5",34.5102323489849,-0.000303736077309134,0.0181981028074189,0.557818954728832,0.99995937203639
"Prkcq",68.5322032948538,0.000106723580985185,0.0182009968182353,0.791751617806859,0.99995937203639
"Il2ra",140.75955984369,-0.000180957398875985,0.0181984996451327,0.719638742492888,0.99995937203639
"Mllt10",34.8470057595393,0.000159538316323721,0.018198007653474,0.759696062047498,0.99995937203639
"Dnajc1",44.7063167830632,0.000367925523319794,0.0181998145638242,0.417985754467048,0.99995937203639
"Pip4k2a",30.1706577442931,-1.89611171280271e-05,0.0181979866160794,0.971040886452616,0.99995937203639
"Apbb1ip",34.5991057060532,0.000131567390357834,0.0181983708846477,0.795941224117056,0.99995937203639
"Pdss1",13.8614754437943,1.5818520645087e-05,0.0181993711804106,0.973246736573991,0.99995937203639
"Abi1",21.7185425879381,0.000349148833967239,0.0181982805103214,0.495264344955265,0.99995937203639
"Ehmt1",18.5043842034876,-0.000156666938043431,0.0181987528114078,0.751591057030851,0.99995937203639
"Rpl7a",36.0961730693568,-5.2935190585551e-05,0.018199294871455,0.911193128227604,0.99995937203639
"Rapgef1",12.7456606718238,-7.35576790208859e-05,0.0181996641512839,0.873022682237733,0.99995937203639
"Set",42.8859432755766,-0.000413290632997941,0.0182002850443513,0.342108592642921,0.99995937203639
"Fnbp1",57.8719312630885,0.000161203202488505,0.0182008183583183,0.695702605581204,0.99995937203639
"Eeig1",28.1380421677792,3.01576644025771e-05,0.0181979770765659,0.953985178652896,0.99995937203639
"Rpl12",81.5033733359513,0.000219429321133591,0.0182017584058165,0.551365200890322,0.99995937203639
"Gapvd1",21.8022023389414,-1.19939376226218e-05,0.0181982494643591,0.981350040032078,0.99995937203639
"Hspa5",34.9035137946419,-0.000120534530619183,0.0181982727042572,0.813974678805464,0.99995937203639
"Cntrl",34.2421657547747,-0.000164996756019748,0.0181978581717019,0.754103080735651,0.99995937203639
"Rabgap1",13.6379937171238,2.43908935591995e-06,0.0181998209262675,0.995713608944215,0.99995937203639
"Strbp",14.3012393000829,0.000197843076422916,0.0181992504686279,0.677873101302952,0.99995937203639
"Dennd1a",47.0909967344171,0.000260236597148891,0.0181997157773807,0.570073851876347,0.99995937203639
"Rpl35",48.5884775917227,0.000235424597014315,0.0182013654484759,0.543239065761254,0.99995937203639
"Arhgap15",294.659211267731,-0.000195171145800601,0.0181884973587527,0.80379511312604,0.99995937203639
"Orc4",13.5005658118632,0.000336310734151743,0.0181994937056484,0.47137021605327,0.99995937203639
"Mbd5",41.8895419906627,0.000184595303403717,0.0181988669340696,0.706791204606465,0.99995937203639
"Rif1",27.3187413650815,-4.18068516628492e-05,0.0181981593233607,0.935457849075561,0.99995937203639
"Prpf40a",26.2194312604232,-0.000222473035742034,0.0181980000920128,0.669868638655522,0.99995937203639
"Pkp4",20.6723987536073,0.000443373255121694,0.018198777791918,0.369457134945327,0.99995937203639
"Marchf7",15.0925150797093,8.96708982834033e-05,0.0181990782449315,0.852666452750364,0.99995937203639
"Rbms1",44.587551829249,0.000320583919160962,0.0181993051654731,0.499023102678378,0.99995937203639
"Psmd14",18.8553145301146,-0.000257632692862627,0.0181987992284997,0.601431556314613,0.99995937203639
"Stk39",55.2902998768473,0.000154810449864726,0.0182008256700976,0.706982631524639,0.99995937203639
"Ssb",14.7679760873651,-0.000117967482709964,0.0181992941213692,0.80371598756286,0.99995937203639
"Ubr3",19.1758536194202,-0.000353295380543984,0.0181985264028128,0.482597759640367,0.99995937203639
"Tlk1",26.3363652775314,-0.000118085438211603,0.018198270415512,0.817715658997673,0.99995937203639
"Sp3",17.498535447407,2.65418373948954e-05,0.0181986704315291,0.957490926464594,0.99995937203639
"Ola1",18.661781401555,-0.000127186061660377,0.0181985666145636,0.7998825662094,0.99995937203639
"Wipf1",30.7865476094499,4.52072527222098e-05,0.0181978652621644,0.931575809704387,0.99995937203639
"Atf2",19.123927084067,0.000137478577673535,0.0181986440202916,0.782887948816169,0.99995937203639
"Hnrnpa3",42.0537908209892,-0.000427213948283215,0.0181993633680472,0.365385796608335,0.99995937203639
"Agps",21.891035868603,0.000200655451453767,0.0181982426800946,0.695872723418473,0.99995937203639
"Pde11a",30.6999756844545,0.000131475095055159,0.0181987862986328,0.790004371109344,0.99995937203639
"Itgav",35.740740897794,0.000450683794455921,0.0181981705690707,0.382311056770429,0.99995937203639
"Fnbp4",26.1270017167041,-5.04840728680275e-05,0.0181979992621653,0.922934458333222,0.99995937203639
"Celf1",36.5712953005613,-0.000197932035220252,0.0181983441977411,0.697779034742159,0.99995937203639
"Ckap5",42.8837592896403,0.000343278603730077,0.0181990031733021,0.479666205453599,0.99995937203639
"Ambra1",42.5748053382708,7.84194592721295e-05,0.0181997723375097,0.863447290403531,0.99995937203639
"Phf21a",17.4695819400089,-0.00017719183917324,0.0181988351820079,0.718682493733036,0.99995937203639
"Cd82",12.7068204974551,-9.43369540259171e-05,0.0181996593405429,0.837663360539289,0.99995937203639
"Hsd17b12",21.6455298855234,0.000708854443753353,0.0181986543223125,0.155062790718398,0.99995937203639
"Abtb2",27.5749716853339,0.000109159064887774,0.0181983099467784,0.83082265872483,0.99995937203639
"Caprin1",28.3407942200251,-0.000368554756587116,0.0181979592166112,0.481215709092055,0.99995937203639
"Cstf3",24.6826017301841,-0.000461981082609014,0.0181984063030741,0.362655273906251,0.99995937203639
"Elp4",16.1257406557645,0.000299510168961975,0.0181994422035185,0.523016747869614,0.99995937203639
"Rasgrp1",46.5246856533739,-0.000194134857678729,0.018199625667852,0.674182513900933,0.99995937203639
"Knl1",27.7621582367926,0.000135893656244917,0.0181979111734633,0.795724965787264,0.99995937203639
"Ino80",20.0817167420925,0.000277488874335563,0.0181993252684801,0.557805312697712,0.99995937203639
"Ubr1",19.2242239681227,1.01178364357582e-05,0.0181989355671163,0.983464392427554,0.99995937203639
"Pdia3",36.2080550913488,-0.000403523090772181,0.0181982601743475,0.4312494749279,0.99995937203639
"Serf2",32.512253304124,0.000246696510810662,0.0181984533805481,0.625741644861785,0.99995937203639
"B2m",57.8335099973044,-0.000213895892787791,0.0182011855984946,0.58873826796806,0.99995937203639
"Myef2",13.2631511960168,0.000161904906779848,0.0181995773975927,0.726950916543023,0.99995937203639
"Dut",15.2926198894436,1.8207906366369e-05,0.0181991767786744,0.969684955534416,0.99995937203639
"Trpm7",17.6803801174985,-0.000141498707324531,0.0181987422028214,0.775130641235137,0.99995937203639
"Nop56",14.7802461425439,-0.000214099254717471,0.018199252685082,0.653015805922795,0.99995937203639
"Tasp1",28.4442252688861,9.37826676623905e-05,0.0181983429224064,0.854033394490648,0.99995937203639
"Rrbp1",24.2422466721638,0.000104978004185611,0.0181984280689034,0.835874153127235,0.99995937203639
"Snx5",15.6314482636005,-0.000244827825177339,0.0181991302424765,0.610660678497368,0.99995937203639
"Ralgapa2",25.5060146144415,0.000174181853554312,0.0181984845700613,0.729996555900179,0.99995937203639
"Xrn2",31.4539708031772,-0.000257073374960122,0.0181978566598322,0.625559844550888,0.99995937203639
"Bcl2l1",23.2609583136602,0.000153040621698611,0.0181986392061653,0.759116028447018,0.99995937203639
"Tpx2",23.8559407966626,0.000495386800919358,0.0181981546309374,0.337428239885516,0.99995937203639
"Asxl1",25.4643947318209,0.000213566141293248,0.0181981243978684,0.679828672654968,0.99995937203639
"Eif2s2",17.7336593133788,0.000111518754933736,0.018198763489245,0.821590402523825,0.99995937203639
"Itch",20.8459430491726,-0.000350448720642952,0.0181984754182946,0.487720691818182,0.99995937203639
"Rbm39",76.8954677475888,-6.55740975207888e-05,0.0182010220569148,0.870762885680765,0.99995937203639
"Phf20",16.6425171175063,0.000236651379335915,0.0181988731905765,0.629467124820181,0.99995937203639
"Samhd1",20.3425071976976,-0.000594544184986653,0.0181991402589332,0.2159548894999,0.99995937203639
"Rbl1",14.152479428991,-0.00014234758832573,0.0181992938797697,0.764253115432168,0.99995937203639
"Top1",27.1520130648067,-9.07196546281268e-05,0.0181979246643892,0.862667870510363,0.99995937203639
"Chd6",14.5196797138353,-4.1387180165135e-05,0.0181992537428286,0.930739648093199,0.99995937203639
"Stk4",19.8042126118822,8.7356024495022e-05,0.0181983998700766,0.86339519764565,0.99995937203639
"Zmynd8",24.5542043586817,-0.000359259186926548,0.0181981827412105,0.485802911646372,0.99995937203639
"Ncoa3",30.6243901267261,-0.00031804967123886,0.0181979338356886,0.543979174951173,0.99995937203639
"Ptpn1",20.9245625644352,0.00026945583865807,0.0181984132487898,0.595270884445342,0.99995937203639
"Nfatc2",19.3363019489802,-3.17908196110301e-05,0.018198467072648,0.949835800647153,0.99995937203639
"Gnas",29.0282632481117,0.000277867965458071,0.0181978435645489,0.598188497845496,0.99995937203639
"Atp5e",16.4076279606294,-0.000129207156392835,0.0181988857565781,0.79203138446059,0.99995937203639
"Rps21",79.3328031044764,-1.00223276895147e-05,0.0182020680481231,0.977331990473574,0.99995937203639
"Dido1",13.7205365938723,-0.000124997997860139,0.0181994924578996,0.78895259584199,0.99995937203639
"Dnajc5",13.5666040212994,0.000349253861149467,0.018199630038057,0.449277931371028,0.99995937203639
"Pde7a",19.3024104491959,0.000217726174326125,0.0181984913136544,0.666019022664073,0.99995937203639
"Ect2",16.0185715220848,0.000189064674873843,0.0181989122672078,0.699051157910746,0.99995937203639
"Tnik",26.3159544226917,0.000796970228374569,0.0181981212632311,0.12362270191,0.99995937203639
"Phc3",38.3528811144603,-0.000184087449015768,0.0181982130393298,0.720424932550154,0.99995937203639
"Ttc14",29.9809254466457,-3.19406863188226e-05,0.0181978674862831,0.951618862438416,0.99995937203639
"Atp11b",40.4287299751642,5.48597167417177e-06,0.0181986910126801,0.991196465755286,0.99995937203639
"Bltp1",29.5834663902204,0.000172690772001495,0.0181978748889798,0.742760686029674,0.99995937203639
"Spata5",33.3665559891007,0.000204825572927203,0.0181980466248334,0.693777066814438,0.99995937203639
"Naa15",24.4245048362573,1.13229720490277e-05,0.0181983602197864,0.982257048981024,0.99995937203639
"Maml3",23.4259418238026,0.000491573346864843,0.0181983250392501,0.33548642830472,0.99995937203639
"Foxo1",19.5710230031482,0.000589919612497969,0.0181985883814346,0.238939474269327,0.99995937203639
"Mbnl1",292.065448783811,-0.000195771579801769,0.0181886281439993,0.802459460779576,0.99995937203639
"Dhx36",16.7866954888489,0.000405356823670187,0.0181988167914741,0.410547920133955,0.99995937203639
"Ccnl1",22.5186237972488,-0.000195709292329063,0.0181982692332006,0.702489373246524,0.99995937203639
"Rsrc1",40.9910970773567,0.000189984765078864,0.0181986209168926,0.70382773762975,0.99995937203639
"Smc4",54.1661847303507,-2.09597476581674e-05,0.0182005818553938,0.960429748364711,0.99995937203639
"Kpna4",36.3689567423174,0.000126245413516214,0.0181980154211193,0.808645558116646,0.99995937203639
"Fbxw7",21.533589784989,-0.000368069683913074,0.018198356683375,0.469838115186603,0.99995937203639
"Rps3a1",72.8616010161786,-3.99419307167388e-05,0.0182020757554462,0.909740542388893,0.99995937203639
"Lrba",27.0630470694047,-0.000558936054549141,0.0181981929484655,0.277854670059318,0.99995937203639
"Dclk2",11.706042199501,0.000103704106604872,0.0182000981080963,0.814821753355102,0.99995937203639
"Ash1l",38.1440635133752,9.74100029930509e-05,0.0181984766684808,0.847034987263174,0.99995937203639
"Ubap2l",21.4834746461541,-0.000250010466743797,0.0181984690364755,0.620719011618922,0.99995937203639
"Tpm3",24.1767145950631,0.000143297201850668,0.018198651131664,0.773829493104249,0.99995937203639
"Rps27",48.9386938558986,0.000159406237159544,0.0182016709300197,0.668814393229294,0.99995937203639
"Gatad2b",22.2862041751537,-0.000118194335731939,0.0181982020816912,0.818392440518422,0.99995937203639
"Gabpb2",20.1879175640387,7.46056471505483e-05,0.0181985600460812,0.881846603382262,0.99995937203639
"Man1a2",15.2161888807012,8.00996034031253e-05,0.0181990790886993,0.868231615277283,0.99995937203639
"Cd2",16.1377101424942,2.64136791216316e-05,0.0181991385411256,0.956166898655658,0.99995937203639
"Csde1",18.3202487835215,-4.31800867605368e-05,0.0181985576961821,0.931459721841687,0.99995937203639
"Trim33",19.640121949098,0.000251393315145295,0.018198447021557,0.619336659719935,0.99995937203639
"Ptpn22",16.3353756398326,0.00057013012093566,0.0181992804051359,0.230195006683698,0.99995937203639
"Rsbn1",15.4396242882048,0.000115565315432288,0.0181990024627611,0.811923223520095,0.99995937203639
"Capza1",28.9896018586501,0.000548324306567181,0.0181979797418737,0.294022548156692,0.99995937203639
"Rap1a",31.2680044465052,-1.20030152897961e-05,0.0181986788418027,0.980757018484946,0.99995937203639
"Cd53",27.8968527529683,-1.36836789964451e-05,0.018198309762772,0.97863407804242,0.99995937203639
"Prpf38b",22.8735540269143,-3.83347287376408e-05,0.0181983614799565,0.939976443934998,0.99995937203639
"Vav3",45.7688726463726,0.000227702418301094,0.0181997722231032,0.617507328276794,0.99995937203639
"Camk2d",24.4762525867034,-0.000684086524094769,0.0181982277897902,0.183088305330025,0.99995937203639
"Elovl6",31.9601090743197,-0.000274395395428302,0.0181988323300191,0.577042696936478,0.99995937203639
"Rpl34",66.9976522130938,0.000121683390687697,0.0182028289855805,0.69561772872808,0.99995937203639
"Lef1",71.8219859872621,0.000164836399148705,0.0182010451781166,0.681789768459037,0.99995937203639
"Tet2",19.0040744012065,2.8622443453964e-05,0.0181986790059039,0.954133389840812,0.99995937203639
"Cenpe",27.9217137189943,-4.78341341504618e-05,0.0181980769102662,0.926587848705918,0.99995937203639
"Ube2d3",28.7962464378202,-2.2362072761863e-05,0.0181978693224807,0.966113091890891,0.99995937203639
"Nfkb1",37.9076838156483,0.000249199838237546,0.018198195951557,0.628449231068377,0.99995937203639
"Ppp3ca",38.1858717859239,-5.19933659097643e-05,0.0181982084745821,0.919510392228973,0.99995937203639
"Rap1gds1",48.7142290097654,-4.47587956802432e-05,0.0182002059687959,0.918667958072009,0.99995937203639
"Pkn2",27.4600010706718,6.84479339469354e-05,0.0181982112753721,0.8941491409414,0.99995937203639
"Sh3glb1",18.3037441162093,4.74911676781597e-05,0.0181987019568554,0.923842309156114,0.99995937203639
"Fubp1",37.7876783798283,-1.55251982199379e-05,0.0181981712267525,0.975989858698552,0.99995937203639
"Zranb2",16.7770726761816,-2.32940103367237e-05,0.0181991138158798,0.961414563164522,0.99995937203639
"Srsf11",28.6018506842882,0.000333683139343045,0.0181979596201928,0.523654540240688,0.99995937203639
"Rps20",139.534027283602,2.92955168896507e-05,0.0182014218648335,0.93928317308222,0.99995937203639
"Tox",23.5793284366332,-0.000325588999805526,0.018198258884281,0.525433993381197,0.99995937203639
"Rab2a",24.9704135903044,0.000469042823917073,0.0181981000545282,0.365524265780317,0.99995937203639
"Chd7",46.7947370144267,0.000302999813591851,0.0181997393855706,0.507570582395558,0.99995937203639
"Pnisr",21.0404153442572,0.000110697948969313,0.0181983126801798,0.828442351513147,0.99995937203639
"Mms22l",18.6029719343795,-0.000447342239360532,0.0181990175355904,0.356457463995232,0.99995937203639
"Bach2",59.8829782059238,8.19511560968367e-05,0.0182010970268376,0.8375339022135,0.99995937203639
"Mdn1",14.220808388302,-4.3859299188413e-05,0.0181994169731906,0.92563740011941,0.99995937203639
"Rngtt",33.3143549172459,0.000461525111205877,0.0181978621696745,0.380812813477749,0.99995937203639
"Zfp292",35.9603142825822,-0.000363062825294405,0.0181981376799612,0.482542843643836,0.99995937203639
"Nfx1",20.7580023668692,-2.07532204614293e-06,0.0181983620672542,0.996747316854183,0.99995937203639
"Ubap2",23.4324101844455,-5.0648198682319e-05,0.0181982669952362,0.921270188063193,0.99995937203639
"Tln1",16.3274221529224,-1.994371471709e-07,0.0181989177712466,0.999674477443183,0.99995937203639
"Zcchc7",74.9810623071576,-5.42112110239356e-05,0.0182009210262643,0.894191288696338,0.99995937203639
"Anp32b",42.8514605740606,4.43210063921064e-06,0.018200123246606,0.991994895625832,0.99995937203639
"Rad23b",16.6028702423528,-7.37603651508125e-05,0.0181989539743025,0.879734091482859,0.99995937203639
"Ecpas",27.9553811918821,0.000447245377415467,0.0181979929218209,0.391636637250268,0.99995937203639
"Ptbp3",38.0318928941842,0.000113029996804379,0.018198341216244,0.824542874913409,0.99995937203639
"Rgs3",18.058912368174,0.000531940428703961,0.0181986821056831,0.28498828289251,0.99995937203639
"Zdhhc21",11.2002401337761,-8.20087377600295e-05,0.0182000560068282,0.853626239945775,0.99995937203639
"Psip1",18.1251852867052,0.000270398064005014,0.0181988215887895,0.582907734440696,0.99995937203639
"Rps6",53.5203332186556,-0.000195785378165137,0.0182014456273848,0.609664488874001,0.99995937203639
"Mllt3",84.2532907117234,-8.46613412580572e-05,0.0182007514771391,0.838385321234947,0.99995937203639
"Jak1",35.3744388748906,-0.000158693377342189,0.0181979556561369,0.76173071423954,0.99995937203639
"Mier1",31.1076789776646,0.000359891296491045,0.0181980321913755,0.489473380038714,0.99995937203639
"Usp24",17.4162176747325,0.00052031833811753,0.0181987964781844,0.291556150218685,0.99995937203639
"Tut4",25.1350858497994,0.000180430726575176,0.0181980721689623,0.728263168013135,0.99995937203639
"Nrd1",20.7386716721384,0.000169259705013987,0.0181983226046186,0.740215430061779,0.99995937203639
"Faf1",34.2160286697743,0.000113152545926918,0.0181983426891019,0.824337950287621,0.99995937203639
"Nasp",17.6273260256922,5.69860985231946e-05,0.0181991080782421,0.905830515506945,0.99995937203639
"Rps8",168.380888500833,0.00010938262565218,0.0181998790226705,0.808652539389973,0.99995937203639
"Ybx1",48.9398398753618,-4.76730626942817e-05,0.0182003564865454,0.912137236186749,0.99995937203639
"Hivep3",15.1564876433448,0.000431333451351045,0.0181991937069338,0.367330341362161,0.99995937203639
"Smap2",12.5706419321895,0.000357252788624346,0.0181999778792048,0.424876317780703,0.99995937203639
"Rlf",21.9869300378166,0.000324251865904778,0.0181983369090017,0.524892785669941,0.99995937203639
"Macf1",59.5364797393474,-9.04003878178724e-06,0.0182008713164637,0.982400663905213,0.99995937203639
"Thrap3",27.7805401599775,2.49036349337117e-05,0.0181979132060831,0.96215542604777,0.99995937203639
"Zmym4",19.0251605682679,6.81088544558513e-05,0.0181984853468155,0.892642881426518,0.99995937203639
"Sfpq",35.5367181411564,-2.6601086747869e-08,0.0181979834673681,0.99995937203639,0.99995937203639
"Lck",20.9088742029286,-2.58291828377045e-05,0.0181983399654588,0.959597292263905,0.99995937203639
"Khdrbs1",23.9778687303448,-0.000257507012399936,0.0181982800971603,0.614999414076561,0.99995937203639
"Ptp4a2",29.6191336495546,0.000235003510873864,0.018198198493772,0.648085850043358,0.99995937203639
"Pum1",33.9342079712954,0.000272941830798495,0.0181980382909343,0.600013910285303,0.99995937203639
"Laptm5",32.8948770189942,-0.00017571300537133,0.0181996005536372,0.704161651499368,0.99995937203639
"Srsf4",13.3650247674961,-0.000171682601385494,0.0181994961310921,0.713056610469755,0.99995937203639
"Epb41",17.3600661322668,0.000358266050090884,0.0181988331974729,0.466476213039399,0.99995937203639
"Eya3",13.0506438653632,-0.000114339337485287,0.0181996137782427,0.804629236299875,0.99995937203639
"Arid1a",21.2554481338802,0.000128670702487293,0.0181983158079538,0.801089251557831,0.99995937203639
"Cd52",26.3439687635649,0.000418112488859678,0.0181984814460434,0.40751287121527,0.99995937203639
"Rsrp1",20.7870872628304,-0.000661259229603869,0.018198806137414,0.179798159192729,0.99995937203639
"Runx3",31.9264468690475,0.000220199346875493,0.01820009466545,0.619083316652344,0.99995937203639
"Srrm1",32.1733679286019,-4.46236430701638e-05,0.0181981725290819,0.931057777489188,0.99995937203639
"Srsf10",22.6810159890675,5.85633091192987e-05,0.0181982561531338,0.909084316952845,0.99995937203639
"Rpl11",67.173883908723,5.50111891055421e-05,0.0182015858251971,0.883915666352017,0.99995937203639
"Hnrnpr",24.9100833598931,-0.000197514967872071,0.0181980480929563,0.704154153324273,0.99995937203639
"Cdc42",26.3156064578984,-0.000250332301836147,0.0181981923103614,0.626975260954645,0.99995937203639
"Eif4g3",38.9271339230381,-0.00012093935658597,0.0181987476158061,0.807028531398197,0.99995937203639
"Tardbp",23.919865963954,-0.000304926852358061,0.0181982680399659,0.551796005648673,0.99995937203639
"Pex14",14.3571194193079,-6.53909854177207e-05,0.0181993338071263,0.890072249249005,0.99995937203639
"Pik3cd",33.2101895187146,-0.000226425063034796,0.0181978282587226,0.667915017116773,0.99995937203639
"Eno1",24.1662291574233,0.000190862314388406,0.018198393074091,0.707112550865815,0.99995937203639
"Rere",19.5614465096477,0.000223276306523412,0.0181984137963135,0.659798979718617,0.99995937203639
"Rpl22",52.9320260675054,0.000178870012808604,0.0182016647181766,0.631499139496084,0.99995937203639
"Gnb1",28.84659628575,-0.00025920583702904,0.0181978556281873,0.622718942479078,0.99995937203639
"Ccnl2",18.8490238772014,-0.000584110630492614,0.0181987304419765,0.238705250152585,0.99995937203639
"Cdk6",148.619917018859,4.63728364429255e-05,0.0181979869313311,0.929251179233492,0.99995937203639
"Fam133b",19.5327277113444,-0.000168423294192449,0.0181986255170789,0.736021167474559,0.99995937203639
"Ankib1",32.353279418633,0.000323326960648395,0.0181978686790003,0.539060526035148,0.99995937203639
"Krit1",17.1897311357362,0.000178858133557564,0.0181987858453882,0.717151911733127,0.99995937203639
"Akap9",20.8905385989106,0.000122382622804503,0.0181983743979327,0.809857714482425,0.99995937203639
"Rsbn1l",19.5286718841182,0.000141908217882638,0.01819848620189,0.778545712424829,0.99995937203639
"Dnajc2",15.6184641459706,-0.000403577997692571,0.0181991144018448,0.401909441715775,0.99995937203639
"Kmt2c",24.1561173863788,2.92100359268265e-05,0.0181981301612998,0.954969151753382,0.99995937203639
"Rbm33",21.839604783387,7.23214828917872e-05,0.018198500413096,0.885924852285044,0.99995937203639
"Cenpa",13.0062271005324,-0.000259100124464906,0.0181996715748774,0.573223166054555,0.99995937203639
"Babam2",26.4169749742195,0.000377198122867447,0.018198105626315,0.466629403884958,0.99995937203639
"Prr14l",19.4647456396494,-0.000165025253586809,0.0181984446630741,0.74437899333148,0.99995937203639
"Depdc5",11.8617302444045,-0.000115465979932246,0.0181998477932587,0.798781437591798,0.99995937203639
"Nsd2",37.3508071573443,-0.000141070962320474,0.0181980760413676,0.785839869585045,0.99995937203639
"Fam193a",18.9437345657742,-2.79126800969917e-05,0.0181993994590734,0.952701774232169,0.99995937203639
"Htt",18.5939781147671,0.000349825162976502,0.0181989385535324,0.473522460695858,0.99995937203639
"Lcorl",25.8560531708876,0.000659359494555086,0.0181981079999016,0.203111584318407,0.99995937203639
"Dhx15",19.4571034033866,5.88889591108943e-05,0.0181984114200426,0.907588747333588,0.99995937203639
"Rbpj",44.3123576589553,-0.000173870715514987,0.018199603012911,0.707061088055316,0.99995937203639
"Arap2",19.6904717970277,-6.85223224524873e-05,0.0181984028833141,0.892621191886531,0.99995937203639
"Tbc1d1",56.0011543497136,-8.22915125168086e-05,0.0182009004251734,0.840353272232876,0.99995937203639
"Rfc1",19.4252668672048,-0.000631869541460293,0.0181990168958676,0.192762459057936,0.99995937203639
"Rpl9",46.2351537460171,9.1781184959937e-06,0.0182013680787404,0.981085808835472,0.99995937203639
"Ube2k",29.666376441804,0.000199543132043997,0.0181978615665591,0.704760908459269,0.99995937203639
"Pds5a",39.2766468069612,-0.000151748762135969,0.0181983560263319,0.765733310088094,0.99995937203639
"Rhoh",17.6939101948708,0.000415870141004305,0.0181993238579427,0.379786804952436,0.99995937203639
"Fryl",23.785856365021,0.000263458277042355,0.0181981102108483,0.611018905903439,0.99995937203639
"Scfd2",14.2682858896463,-0.000340953835581331,0.0181994511902405,0.466845675000813,0.99995937203639
"Fip1l1",19.7610915062133,6.77182615138415e-05,0.0181985887842651,0.892463069672619,0.99995937203639
"Ythdc1",19.7209556726826,-4.61401031607871e-05,0.0181985396186827,0.92686901938682,0.99995937203639
"Ankrd17",49.0106675146629,5.03996455464983e-05,0.0182000813638613,0.909516332687244,0.99995937203639
"Cnot6l",24.1611016979318,-0.000281899500931446,0.0181982289877728,0.583244259606404,0.99995937203639
"Hnrnpd",19.7638420692567,0.000216770543246822,0.0181985419201804,0.666261149295078,0.99995937203639
"Lrrc8c",73.716561092387,9.33072824950836e-05,0.0182009363542336,0.818630645767308,0.99995937203639
"Zfp644",21.9613550093395,0.000218470108103993,0.0181984382676099,0.666132768609753,0.99995937203639
"Rpl5",57.7340401012526,-6.77492074142379e-05,0.0182015273542186,0.858343116562817,0.99995937203639
"Ep400",21.2915840643724,5.69532515405402e-06,0.0181984258201423,0.991033627144148,0.99995937203639
"Sppl3",19.9462220168922,-6.55161391344731e-05,0.0181986155906241,0.895738378605092,0.99995937203639
"Rplp0",66.1293737631808,0.000164234381568143,0.0182018932208921,0.649718775142722,0.99995937203639
"Cit",18.8608911205766,-0.000154481955131933,0.0181985446460115,0.758526453130611,0.99995937203639
"Taok3",19.0577564088904,-0.00026561840723318,0.018198616891541,0.595179403036804,0.99995937203639
"Med13l",19.5312436622545,6.07962056826531e-06,0.0181988437279708,0.990132464532539,0.99995937203639
"Rpl6",75.709987240687,0.000146012191296845,0.0182019174509165,0.685381149115256,0.99995937203639
"Atp2a2",19.9960365872779,-0.000244752758085107,0.0181984092703878,0.629537783959393,0.99995937203639
"Sbno1",19.3818462702641,0.000461501160613109,0.0181985103088508,0.359604742884964,0.99995937203639
"Baz1b",26.9835553241488,-0.000286592887648083,0.0181979519300125,0.584072469489451,0.99995937203639
"Cux1",21.3723262268008,0.00084860616865781,0.0181988270456006,0.0846877715966402,0.99995937203639
"Card11",17.1453143709054,5.15944458757378e-05,0.0181987826069769,0.916791108816386,0.99995937203639
"Actb",266.298218270346,-0.000157415882254219,0.0182032014101744,0.585200353132561,0.99995937203639
"Cdk8",33.1454480456176,0.000647526724645623,0.0181979255818993,0.216926544321137,0.99995937203639
"Rpl21",36.3406579297761,-0.000147799469289946,0.0181994055978512,0.753345265431143,0.99995937203639
"Pan3",38.2683124193178,0.000187484152077892,0.0181985319704063,0.709334252882381,0.99995937203639
"Slc7a1",18.5512705031002,0.000408058599496619,0.0181989927172507,0.401160247210011,0.99995937203639
"Hmgb1",33.5215656085217,-0.00042487389008246,0.018198029531809,0.414616862704778,0.99995937203639
"N4bp2l2",20.3171216363259,0.000169597508933563,0.0181984363174029,0.737703761813243,0.99995937203639
"Pds5b",23.1213614420668,4.07923289734025e-05,0.0181981883200522,0.936896189300195,0.99995937203639
"Samd9l",12.018892733377,0.000282103991340758,0.0181999678334587,0.528983854688251,0.99995937203639
"Phf14",19.2110051413979,0.00013892327109457,0.0181990547266321,0.773960869597774,0.99995937203639
"Mdfic",22.5868772921845,2.15224466365542e-05,0.0181987277119952,0.965378779556639,0.99995937203639
"Tes",19.0742147570358,-0.000310908314212402,0.0181985810829943,0.53504008746396,0.99995937203639
"Capza2",13.4637912832951,-8.56618500464513e-05,0.0181995849873521,0.853332798192493,0.99995937203639
"Snd1",61.6978869713238,0.000221977366595154,0.018201004696359,0.582552913441652,0.99995937203639
"Tnpo3",15.721455668882,0.000402774831011522,0.0181990266530499,0.406057380145071,0.99995937203639
"Ahcyl2",25.106310050131,-0.000665454536932278,0.0181982662634268,0.19411950118264,0.99995937203639
"Nrf1",24.882661297929,0.000569467597418108,0.0181983148982045,0.264872375548327,0.99995937203639
"Mkln1",22.0800338165801,-3.59723416485071e-05,0.018198214298996,0.944240495838073,0.99995937203639
"Chchd3",43.9624419632286,-7.75862447953934e-05,0.0181991750404505,0.87137262755287,0.99995937203639
"Exoc4",167.640195849075,0.000235047245102357,0.0181969786245064,0.672622953840312,0.99995937203639
"Cnot4",31.8481450961924,0.000371245158242878,0.0181979030482348,0.479653082775376,0.99995937203639
"Zc3hav1",33.6997216262221,-0.000242910436218938,0.0181979040073105,0.643696172774332,0.99995937203639
"Ubn2",20.4474889020346,-6.0056336048793e-05,0.0181983210981995,0.906357774547037,0.99995937203639
"Luc7l2",63.3272019694696,9.20806962078415e-05,0.0182009798799649,0.820127000250116,0.99995937203639
"Ezh2",41.1795230336439,-0.000103429516630401,0.018198781020277,0.834123683772266,0.99995937203639
"Gimap8",16.7525682027924,-0.000433298754779053,0.0181993131596298,0.360556795096971,0.99995937203639
"Gimap4",31.8921181446355,-0.000336833966950134,0.0181982073189983,0.512729339582369,0.99995937203639
"Gimap3",41.8306559819347,-0.000444046259150786,0.018198886866906,0.364806976636099,0.99995937203639
"Tra2a",15.930498374041,0.000201328660612745,0.018199013431676,0.678229230645899,0.99995937203639
"Osbpl3",23.9698140772574,0.000943131731761832,0.0181984420989495,0.0624456210026173,0.99995937203639
"Hnrnpa2b1",76.9250039288751,0.00016063419993787,0.0182009303570969,0.693207809577278,0.99995937203639
"Cbx3",29.5472841405614,0.000283491993799103,0.0181978388553173,0.590916394210982,0.99995937203639
"Tax1bp1",13.6522076345614,-0.000198036682287755,0.0181994531264054,0.672519410476048,0.99995937203639
"Jazf1",18.347446818589,-7.56652450797866e-05,0.0181985737389577,0.880063495197822,0.99995937203639
"Znrf2",19.2600497251448,0.000455952963644799,0.0181989933231228,0.348175663686162,0.99995937203639
"Herc6",14.4434834141877,-0.000303312391433094,0.0181993012974637,0.522558427412328,0.99995937203639
"Herc3",12.3581346015359,7.68074338562381e-05,0.0181999256247834,0.864415457812965,0.99995937203639
"Gprin3",39.503596272387,-0.000137128168736277,0.0181988245689118,0.780589237090189,0.99995937203639
"Serbp1",52.5775868323006,-0.000243257168161208,0.018200544234272,0.56622131130004,0.99995937203639
"Il12rb2",24.8507386151736,-0.000361233748788711,0.0181980685306246,0.486792053700616,0.99995937203639
"Immt",13.9051318270072,-0.000109091959976775,0.0181993677500941,0.817144752881102,0.99995937203639
"Mat2a",22.0037911977657,-0.000235578807364453,0.0181983771604007,0.643186519064088,0.99995937203639
"Kcmf1",20.5139406054728,8.10286958408417e-05,0.0181984044564631,0.873162034359816,0.99995937203639
"Tmsb10",163.460233663042,0.000116383814382613,0.0181989589759294,0.811235759822961,0.99995937203639
"Hk2",13.8677197775407,0.000388166582351992,0.0182000329738794,0.383532025273619,0.99995937203639
"Tet3",17.7897182175108,0.000292894110006345,0.0181986639353684,0.556584220349835,0.99995937203639
"Zfp638",26.6961010338428,-0.000528183053879475,0.0181985409766736,0.293351540263848,0.99995937203639
"Exoc6b",21.6231933012895,-0.000535060667422861,0.0181985120278892,0.288112650726834,0.99995937203639
"Aak1",49.8947863320103,-3.42784975959033e-05,0.0182001980635569,0.93771365584991,0.99995937203639
"Cnbp",20.1286589658928,0.000188228234562563,0.0181986592840334,0.7056538042331,0.99995937203639
"Nr2c2",19.3301437618073,3.45169707124812e-05,0.0181984703473124,0.945527828175719,0.99995937203639
"Suclg2",13.5704251394308,0.000211331761349215,0.0181996556494056,0.64635615133461,0.99995937203639
"Foxp1",132.337705613271,0.000176680218897929,0.0181989576016556,0.716956969227863,0.99995937203639
"Itpr1",42.2867756128685,-0.00071017709935374,0.0181992281067608,0.136661906284377,0.99995937203639
"Setd5",46.7214486983331,7.54729738354581e-07,0.0181997335928462,0.998683750023108,0.99995937203639
"Rpl32",86.3170360007598,-5.52595518426724e-05,0.018201757921314,0.880755827764317,0.99995937203639
"Hnrnpf",31.1812269576233,-7.64798308260296e-05,0.0181979931924176,0.883533013561973,0.99995937203639
"Erc1",17.5710990188513,0.00013685185116945,0.0181987863020084,0.781629830818266,0.99995937203639
"Wnk1",90.4846419850396,-4.70952884770774e-05,0.0182007532908591,0.909650102713866,0.99995937203639
"Cd4",16.4378771271895,0.00014110020530339,0.0181988675549014,0.773692711807585,0.99995937203639
"Chd4",30.6811232659025,-0.000334400503173713,0.0181979044517454,0.524277075014339,0.99995937203639
"Ccnd2",19.6677227959692,-0.000327133671841322,0.0181985351902298,0.515338433455752,0.99995937203639
"Parp11",16.2142166156119,-0.000273213428565381,0.0181991355405755,0.56976577523919,0.99995937203639
"Etv6",40.2061215556644,0.000108674680680911,0.0181985120175941,0.829178918815401,0.99995937203639
"Lockd",21.4507830539373,0.000108822541239134,0.0181987218897901,0.826361108946394,0.99995937203639
"Atf7ip",23.1609156788867,0.000244650905006434,0.0181983677525565,0.630679936313492,0.99995937203639
"Arhgdib",24.9454297635589,-0.000249103111607173,0.0181990179298493,0.607595693055435,0.99995937203639
"Aebp2",21.5979758426265,8.56721284059591e-05,0.0181985278679138,0.864789480453575,0.99995937203639
"Etnk1",21.2986910230912,-9.30253805480863e-05,0.0181982715385442,0.855908496210199,0.99995937203639
"Kras",15.9921897928229,-0.000185581641415034,0.0181991152264726,0.699888614260336,0.99995937203639
"Itpr2",30.4666364360218,2.21033718213751e-05,0.018197848593635,0.966550296686319,0.99995937203639
"Rps9",58.2321632165688,-5.29245709014534e-05,0.0182014276009013,0.890473128105208,0.99995937203639
"Rpl28",71.0497575078759,0.000224513914994894,0.0182019079727459,0.533863002695198,0.99995937203639
"Rps5",49.7129856148565,6.98812186015624e-05,0.0182020101668167,0.844248230413331,0.99995937203639
"Sae1",20.7719815752119,0.000107079163492833,0.0181983653171055,0.833364712980881,0.99995937203639
"Slc1a5",13.1478800129055,0.000209318734548796,0.0181998430479764,0.644126264432175,0.99995937203639
"Prkd2",12.6242776207066,1.92838106041703e-05,0.0181996848442323,0.96652029190189,0.99995937203639
"Rps19",110.348042933401,0.00012979187123251,0.0182011101758622,0.745001139485812,0.99995937203639
"Arhgef1",26.1385683916301,0.000210319767966319,0.0181989249197959,0.666847718906158,0.99995937203639
"Tgfb1",14.2164056734598,0.000238868696804211,0.018199322785541,0.613958934530936,0.99995937203639
"Hnrnpul1",17.5935367692624,-0.000378610840344376,0.0181990805532795,0.432874844042059,0.99995937203639
"Rps16",92.9955456091052,2.60633334506814e-05,0.0182017108541359,0.94394608143012,0.99995937203639
"Rinl",16.7859814263978,0.000137287797919071,0.018199147857376,0.774960619324487,0.99995937203639
"Hnrnpl",14.4591717756943,6.24230833408336e-05,0.0181992526037675,0.895713349692631,0.99995937203639
"Fxyd5",23.6903186884443,-0.000296744316630268,0.0181982641983206,0.56262375983311,0.99995937203639
"Uri1",15.5500792624719,0.000252948301032212,0.0181990440915252,0.601327987701676,0.99995937203639
"Rps11",66.2231150628428,-0.000103110363123378,0.0182022096087366,0.76526896291378,0.99995937203639
"Rpl13a",72.440613367035,3.87842305001894e-06,0.0182020945553463,0.991192775087127,0.99995937203639
"Snrnp70",33.5353962543431,1.64219685480228e-05,0.0181982602746466,0.974447646490195,0.99995937203639
"Rpl18",48.7186293583785,-6.69173521380796e-05,0.018201026128439,0.868079935040825,0.99995937203639
"Ldha",29.2976155663172,-0.000340911934258603,0.0181994358215106,0.467466294082457,0.99995937203639
"Herc2",16.62696122174,0.000266648414265017,0.0181992574837693,0.575385726223592,0.99995937203639
"Atp10a",39.6456780285114,-0.00011533857580765,0.0181986329685371,0.817319051879375,0.99995937203639
"Ube3a",27.2885491998865,0.000247042300282069,0.0181981301788065,0.632953526560814,0.99995937203639
"Chsy1",18.4488153349101,0.000770958893375695,0.0181992956395549,0.104269038938013,0.99995937203639
"Mef2a",31.5853438417969,7.78273419982023e-05,0.0181979648106929,0.881717893489756,0.99995937203639
"Fam169b",34.8841000665984,-0.000288943429670564,0.0181978822447893,0.582728434929908,0.99995937203639
"Chd2",38.5828614241595,9.49555728913738e-05,0.0181988995682547,0.846192197635344,0.99995937203639
"Chaserr",34.4126332170456,0.000119529144220243,0.0181982108780897,0.816269002656516,0.99995937203639
"Slco3a1",29.1795485781731,0.000390059132467627,0.0181982236253208,0.447924535598237,0.99995937203639
"Akap13",72.2128519981161,-0.000135187671921528,0.0182009688230913,0.738817000167515,0.99995937203639
"AU020206",23.7512401205873,-0.000318084494128446,0.0181981762968314,0.537337050592513,0.99995937203639
"Prc1",24.6824703416212,0.000310901536671628,0.0181981229533251,0.548019992302644,0.99995937203639
"Iqgap1",22.853790297994,-0.000280781448533422,0.0181991931145952,0.557334953509893,0.99995937203639
"Rps17",35.5496072542237,7.00592180167207e-05,0.0181999958581895,0.875445047442293,0.99995937203639
"Zfand6",19.0998264996588,0.000502236005154184,0.0181988277104288,0.307518588115853,0.99995937203639
"Picalm",36.755936852863,-0.000220910459622661,0.0181980006626384,0.672039896495673,0.99995937203639
"Rsf1",22.125164643862,0.000306909881968807,0.0181984223589001,0.544885943775464,0.99995937203639
"Uvrag",22.518990972084,-0.000119183013459903,0.0181983232996722,0.815386672556448,0.99995937203639
"Rps3",53.1893151834702,-0.000310429392905113,0.0182014906352581,0.415613488398987,0.99995937203639
"Fam168a",14.2218034790147,-0.000107854073842362,0.0181993142847691,0.819954236057755,0.99995937203639
"Fchsd2",17.9499877621637,0.000230274636150118,0.0181986531241039,0.644180346785625,0.99995937203639
"Nup98",17.4741634397581,-2.66943317031367e-05,0.0181989593844845,0.956312653111644,0.99995937203639
"Stim1",16.1265569615701,-0.00017484785199751,0.0181989045608827,0.720850967231062,0.99995937203639
"ENSMUSG00000121501",13.4011606979882,-0.000258038341789627,0.0182001485759221,0.558203287488337,0.99995937203639
"Rpl27a",86.776055087404,2.97117796632646e-05,0.0182021328540454,0.932226069149072,0.99995937203639
"Ipo7",16.5900542274317,-0.00048166269890954,0.0181990144544402,0.320881898275848,0.99995937203639
"Eif4g2",27.9275250185512,-2.56847017487051e-05,0.0181990594463659,0.957638066799098,0.99995937203639
"Usp47",15.746137850001,-0.000117705664385017,0.018198970559959,0.808966817318101,0.99995937203639
"Far1",16.3894141401533,-0.00026580412426607,0.0181989367033598,0.586075888030784,0.99995937203639
"Rras2",16.2059927826383,0.000105646623827193,0.0181989347551857,0.828677903465949,0.99995937203639
"4933406I18Rik",27.541876204136,-0.000141960680831031,0.0181981166968163,0.783944187286772,0.99995937203639
"Pde3b",49.6498780424225,-0.000188864587436978,0.0182002115062613,0.66639740094672,0.99995937203639
"Rps13",62.8565651562744,3.89099786006596e-05,0.0182022740315659,0.909402457460539,0.99995937203639
"Rps15a",94.283053452716,-0.000153193725946379,0.0182020622652134,0.664326490206711,0.99995937203639
"Arl6ip1",33.4838423084077,-0.000658692986282127,0.018198103668805,0.203701155833657,0.99995937203639
"Smg1",32.1504229686779,-0.000540189707360098,0.018198433652713,0.286204804011438,0.99995937203639
"Prkcb",13.9196463128939,-0.000140536286407164,0.0181995109774342,0.763101648606739,0.99995937203639
"Rbbp6",22.0472591910506,-8.69008841703699e-05,0.0181982611439559,0.8653970866766,0.99995937203639
"Tnrc6a",20.4501931459112,0.000146011760196331,0.0181984762908276,0.772472589326397,0.99995937203639
"Il4ra",17.9842464367832,0.000145612391900924,0.0181986588908564,0.770150518156036,0.99995937203639
"Eif3c",19.0012946929546,0.000119363232382249,0.0181987782817521,0.809068589506696,0.99995937203639
"Coro1a",25.1331515925616,-0.000284830879754535,0.0181980744760346,0.583311084253249,0.99995937203639
"Srcap",15.5112390881032,0.00021475177398388,0.0181990126396514,0.658116681712297,0.99995937203639
"Fus",39.8911472974452,-0.000747681170015382,0.0181986754527018,0.133076935444877,0.99995937203639
"Mki67",72.2353004307255,-0.000119747044274867,0.0182009649066646,0.767833092364813,0.99995937203639
"Rplp2",106.409023758616,7.51542726276091e-05,0.0182012082150909,0.848941752180634,0.99995937203639
"Kcnq1ot1",45.8560326598389,8.43658643122666e-05,0.0181997889360298,0.852995153093359,0.99995937203639
"Arglu1",23.1523342760989,-8.29756524702995e-05,0.0181981697807077,0.872220354164598,0.99995937203639
"Tfdp1",13.2476879385841,0.000222563452493698,0.0181995701630562,0.631430187915882,0.99995937203639
"Mcph1",21.4412927070102,0.000210896454203894,0.0181983494695386,0.678941755965328,0.99995937203639
"6820431F20Rik",36.4357090142048,0.000224660913626015,0.0181984550385426,0.656886243147223,0.99995937203639
"Kat6a",17.9304319633589,2.20033793889614e-05,0.0181986271741138,0.964865579255527,0.99995937203639
"Nsd3",51.5350198019854,-7.82055041944179e-05,0.018200333514287,0.856674244880474,0.99995937203639
"Tnks",22.4793344919096,0.000207826310935246,0.0181984285649058,0.681689328390049,0.99995937203639
"Eri1",20.1457915490826,3.07137343395568e-06,0.0181984687378791,0.995149796106359,0.99995937203639
"Pcm1",26.1713721623681,7.2467114285964e-05,0.018197989871913,0.889627801863107,0.99995937203639
"Hmgb2",98.0965637642717,9.87386555772725e-06,0.0182007004680385,0.981123568386176,0.99995937203639
"Galnt7",21.6287139675638,0.000142076204242046,0.018198455564336,0.778760928680611,0.99995937203639
"Clcn3",29.5647560424297,-0.00041073406313139,0.0181997754794469,0.367556863544939,0.99995937203639
"Rpl18a",54.2167573161252,3.55479866013515e-05,0.0182020701591367,0.919699699212428,0.99995937203639
"Myo9b",14.0770435109613,-0.000119495161345606,0.0181993118769838,0.80094767006201,0.99995937203639
"Arhgap10",12.8787321814092,-0.000104459564962058,0.0181996015198991,0.821394763094069,0.99995937203639
"Slc10a7",21.9964958491189,0.000147658872678791,0.0181986951884707,0.766409751604324,0.99995937203639
"Otud4",13.0623323238313,-5.63476208215327e-05,0.0181995580260099,0.903431421578222,0.99995937203639
"Smarca5",17.2628763038913,9.37688473758464e-05,0.0181988451875117,0.848706000016196,0.99995937203639
"Inpp4b",638.647569590336,-0.00152609843304236,0.0181526488730602,0.269479790317498,0.99995937203639
"Pkn1",12.1636527014304,0.000291671683933968,0.0181998737642226,0.518644469873087,0.99995937203639
"Calr",28.8084690966549,-0.00106055582682247,0.0181982358181503,0.0389138085344158,0.99995937203639
"Dnaja2",18.1708513915311,0.000448550274050453,0.0181989678351399,0.356999170175934,0.99995937203639
"Phkb",15.6813952997266,-9.72274745196392e-06,0.0181991841678293,0.983799959168533,0.99995937203639
"Chd9",13.6893386557663,-0.000426233370274611,0.0181995608827967,0.358625515631132,0.99995937203639
"Rbl2",20.5660459257332,-3.24148227286494e-05,0.0181985683124877,0.94848049174138,0.99995937203639
"Fto",18.1539136900294,7.26272820844823e-05,0.0181988669036737,0.882342896784892,0.99995937203639
"Nlrc5",41.7518782991298,-0.000104889169603473,0.0181989682199714,0.829458348950086,0.99995937203639
"Cnot1",29.9389878216175,-0.000270157039099119,0.01819791834804,0.606619189589764,0.99995937203639
"Ctcf",19.3740252490942,0.00030134513714906,0.0181985189755699,0.549461714857439,0.99995937203639
"Nfatc3",20.7830421178024,0.000226622072984594,0.0181986574860098,0.649338773961643,0.99995937203639
"Cyb5b",16.0078222301417,0.000829467989017558,0.0181994052099472,0.0778250328165287,0.99995937203639
"Nfat5",19.1980673429348,5.15585796237462e-05,0.0181984805933524,0.918652670162923,0.99995937203639
"Sf3b3",16.859080275386,9.34238015728699e-05,0.0181988705496623,0.848971113238186,0.99995937203639
"Wwox",29.893444577511,0.000310577633304357,0.0181978056758382,0.556806355500034,0.99995937203639
"Cmip",20.3087944828204,-0.000156979990462156,0.0181991535717658,0.743632161606045,0.99995937203639
"Ankrd11",86.8436359664927,6.20580413952859e-05,0.0182006720906099,0.882131012426358,0.99995937203639
"Rpl13",126.842788778768,0.000212832010056709,0.0181999511154605,0.63532182260709,0.99995937203639
"Tcf25",14.6786072801595,-0.000190546941903594,0.0181992336483466,0.689516585535826,0.99995937203639
"Itgb1",13.950308973456,0.000303214844757479,0.0181993708571535,0.520339125231586,0.99995937203639
"Maml2",51.8851392373894,-0.000530502530947108,0.0182008896350496,0.194598633054161,0.99995937203639
"Taf1d",42.5450063798586,0.000307743327141621,0.0181991836247344,0.520439396667184,0.99995937203639
"Dnmt1",23.4413189346617,7.53901308857659e-05,0.0181984987752886,0.881133628247828,0.99995937203639
"Slc44a2",14.0310963778738,-5.68300094620519e-05,0.0181993147021036,0.904536938626302,0.99995937203639
"Dnm2",17.5888993453254,0.00010651924204583,0.0181986816232695,0.830475186043589,0.99995937203639
"Septin7",27.973134122012,-0.000522580464139199,0.018198095344728,0.31352453157927,0.99995937203639
"Ncapd3",18.0573916049382,7.30109649863688e-05,0.018198686609827,0.883291547266512,0.99995937203639
"Fli1",54.2733182270619,0.00014568949067536,0.0182006360966773,0.728751686878654,0.99995937203639
"Ets1",70.411926631497,-6.66008743919702e-05,0.0182010141512599,0.868872388353604,0.99995937203639
"Gramd1b",45.9873689843128,-6.10614587547502e-05,0.0181997318287443,0.89384014762033,0.99995937203639
"Hspa8",33.038605182189,-0.000373186882087661,0.0181988636033908,0.44708083679421,0.99995937203639
"Thy1",17.4155036122814,0.000192552119147741,0.018199253861006,0.685941485005194,0.99995937203639
"Cbl",22.1217000183675,-2.62763835505471e-05,0.018198681430312,0.957881745593275,0.99995937203639
"Rps25",39.0735543588595,-0.000162934143827697,0.0182004121786931,0.704549299459763,0.99995937203639
"Ddx6",19.5356463770966,-0.000302670943791867,0.0181987618317929,0.540571064882754,0.99995937203639
"Kmt2a",32.5836429999484,7.44025913931292e-05,0.0181981747290072,0.885287536630579,0.99995937203639
"Cd3e",19.8253450981105,4.16065548168964e-05,0.0181990603389143,0.931425664930119,0.99995937203639
"Sik3",32.6417675498812,-4.51936436112005e-05,0.0181978226152379,0.931786276441979,0.99995937203639
"Sik2",14.9759482374361,2.59348597607597e-05,0.0181992153062416,0.956698585593074,0.99995937203639
"Rdx",16.2232578315684,0.000254262169893784,0.0181988885611053,0.603771753319796,0.99995937203639
"Atm",14.4396622960564,-0.000167330669059194,0.0181992418209736,0.725540358875271,0.99995937203639
"Peak1",31.7972125743746,-0.000191239565944804,0.0181980614997936,0.712883746491863,0.99995937203639
"Nptn",35.256483735122,-0.000196080650745082,0.0181980536520113,0.70609768727303,0.99995937203639
"Arih1",47.4807102340478,3.56413548457769e-05,0.0182000196293226,0.936305085819774,0.99995937203639
"Pkm",34.3981080489606,-0.000185411052885022,0.0181981722951007,0.719251123226917,0.99995937203639
"Rplp1",176.949848414461,7.15560718077221e-06,0.0182001637279091,0.987027131868176,0.99995937203639
"Pias1",16.9367606241236,8.6207503550216e-05,0.0181989036200366,0.86016637103491,0.99995937203639
"Rpl4",62.4669919031959,-0.000164862778222359,0.0182015866965262,0.661663728350889,0.99995937203639
"Pclaf",15.5930215832337,-0.000115027531147471,0.018199271599469,0.808851736882252,0.99995937203639
"Csnk1g1",32.8458163384663,0.000484013701600474,0.0181978925127692,0.357083772664428,0.99995937203639
"Herc1",22.8577342768448,0.000455830635693677,0.0181982607438935,0.373941777679424,0.99995937203639
"Usp3",27.9137904544699,0.00028682102203257,0.0181979107202953,0.584797187123488,0.99995937203639
"Rnf111",20.1721828833654,-0.000223201993939183,0.018198414060304,0.659899143233245,0.99995937203639
"Sltm",28.7259272970838,-4.50151583036338e-05,0.0181979418155322,0.931522263974585,0.99995937203639
"Tcf12",52.228600698078,0.000141445333364645,0.0182004752089008,0.740463814010972,0.99995937203639
"Zfp280d",31.6589683633083,0.000264575423166881,0.0181980240434902,0.611578275741054,0.99995937203639
"Rfx7",42.0563928215113,-6.9721084395935e-05,0.018198933221028,0.886452869366888,0.99995937203639
"Myo5a",20.7137643869455,0.000239865403106429,0.018198424677093,0.636027659363686,0.99995937203639
"Elovl5",12.5300926046568,8.61383110921964e-05,0.0181997129124642,0.850921780083934,0.99995937203639
"Eef1a1",136.890498584547,-0.000121782608542341,0.0182011076402317,0.760305602689899,0.99995937203639
"Senp6",31.0013920091448,0.000245551925469547,0.018197788310599,0.642616351433415,0.99995937203639
"Phip",29.6853862808665,-7.1454350669649e-05,0.0181979320074723,0.891575250558113,0.99995937203639
"Syncrip",32.6827196892175,-0.000254196409044072,0.0181978838160249,0.628822535951888,0.99995937203639
"Slc9a9",52.2118881006503,0.000137971711425226,0.0182004471755351,0.747297173436295,0.99995937203639
"U2surp",19.6037502323336,-0.000618853917211325,0.0181985793603428,0.21698078642904,0.99995937203639
"Xrn1",19.929595566038,0.000279697757589433,0.0181984248450097,0.581046486510032,0.99995937203639
"Rasa2",25.2886156105686,0.000334036776654413,0.0181980692367698,0.520163672333173,0.99995937203639
"Stag1",65.2376645082274,0.000153290072685889,0.018201046389598,0.702941223499983,0.99995937203639
"Topbp1",22.6373132866878,0.00013364607538542,0.0181982200266578,0.794901694075575,0.99995937203639
"Dnajc13",13.3090983291043,8.23806153660755e-05,0.0181995814902578,0.858932011672106,0.99995937203639
"Dcaf1",13.076311532174,7.91864521410131e-05,0.0181995986394829,0.864152265462316,0.99995937203639
"Cish",21.6373976137061,-7.54350890801416e-05,0.0181982723988946,0.882928739136097,0.99995937203639
"Rbm5",17.5662828100072,0.000250444653570288,0.0181986740297006,0.614903573452517,0.99995937203639
"Rbm6",27.7721375420968,1.8246866645712e-05,0.0181978578027638,0.972367246333632,0.99995937203639
"Map4",25.4525274884457,-0.000123419900405429,0.0181981448862813,0.811237540861935,0.99995937203639
"Smarcc1",20.7613345266234,1.41890199670566e-05,0.0181985713764164,0.977430561791499,0.99995937203639
"Setd2",21.0145688925393,-0.000391482466860873,0.0181983553727002,0.442103910063517,0.99995937203639
"Clasp2",17.6049441994688,-0.000130310761439057,0.0181987627789902,0.792176824783667,0.99995937203639
"Stt3b",21.6902169964176,3.55102231057293e-05,0.018198217639815,0.944943050201183,0.99995937203639
"Tgfbr2",20.3317685879529,0.000389134160672531,0.0181988777669089,0.427411880557504,0.99995937203639
"Golga4",14.7890622544266,-6.92054913804424e-05,0.0181991473191333,0.885413995939451,0.99995937203639
"Rpsa",124.700804879856,-2.1889728802783e-05,0.0182004258032146,0.959316677738247,0.99995937203639
"Rpl14",55.6804512832301,-2.68560487848831e-06,0.01820221043063,0.993794531682449,0.99995937203639
"Nktr",30.8110414006408,-6.14621515745152e-05,0.0181980440181211,0.905966623443569,0.99995937203639
"Kif15",31.3276497596738,9.15080163767622e-05,0.0181978638705166,0.862033771707183,0.99995937203639
"Lars2",69.5896608438802,-7.71525950640651e-05,0.0182010226956927,0.848189100878126,0.99995937203639
"Mthfd1l",23.3703718780477,0.000168796586692978,0.0181982775711296,0.741681460907128,0.99995937203639
"Ulbp1",22.744584663722,-0.000336213639554143,0.0181982697805504,0.511691036910622,0.99995937203639
"Utrn",44.3808461931314,0.000396764151232621,0.0181993097593348,0.402602339533166,0.99995937203639
"Hivep2",19.5974606565979,0.000351544293831099,0.0181986592415677,0.480556348518182,0.99995937203639
"Map3k5",16.7407946749281,0.000389515726775227,0.0181990435796031,0.421076847337955,0.99995937203639
"Bclaf1",30.5457146872758,-0.00032463629735936,0.0181978769314316,0.537198033396197,0.99995937203639
"Rps12",140.628391826937,3.80582158923471e-05,0.0182008519840804,0.92616177864024,0.99995937203639
"Themis",177.145869817595,-0.000282484252539224,0.0181964915357111,0.621373085992426,0.99995937203639
"Zup1",19.9605684000701,9.00993616757165e-05,0.0181986507590568,0.856617905914957,0.99995937203639
"Fyn",66.7775149475732,7.77816517793457e-05,0.0182009953739823,0.847426723378455,0.99995937203639
"Rev3l",27.8518835366351,-0.000222916754579071,0.0181986239259171,0.655486758749323,0.99995937203639
"Sesn1",13.8420984298967,0.000231774994617199,0.0181995103718413,0.619142400029193,0.99995937203639
"Foxo3",13.4239560182136,-3.40178578652197e-05,0.0181998226638405,0.940264381786047,0.99995937203639
"Sec63",21.2733809260946,0.000462219369832434,0.0181984087421085,0.362325168462559,0.99995937203639
"Pdss2",18.3380027908288,-8.41323386213037e-05,0.018198826813748,0.864279982329068,0.99995937203639
"Ascc3",37.1881909386291,0.000198031347414151,0.018198120114104,0.702041434950318,0.99995937203639
"Man1a",47.2011500630577,-0.000161162308249592,0.018199794152621,0.723239054223614,0.99995937203639
"Gcc2",14.4538202893062,0.00040551054651628,0.0181992749776345,0.393638768131602,0.99995937203639
"Lims1",24.1308999277159,0.000549487669852009,0.0181982638948822,0.283706997010205,0.99995937203639
"Ranbp2",24.2427160903535,-0.000283125149745061,0.0181982894626492,0.58002690347306,0.99995937203639
"P4ha1",16.1625711085202,-3.38119221734578e-05,0.0181989447763934,0.94474252386573,0.99995937203639
"Ddx21",21.6858606007422,0.00025264538119258,0.0181984585799714,0.617303977344109,0.99995937203639
"Jmjd1c",32.4118067803695,-0.000122017343953423,0.018197875141393,0.816616911846448,0.99995937203639
"Arid5b",24.2930100140955,-8.67503544068989e-05,0.0181981245856042,0.866867115385344,0.99995937203639
"Pcnt",12.4041280537903,1.70056533189611e-05,0.0181997066752106,0.970417963445621,0.99995937203639
"Arhgap45",19.9344010926838,-0.000514111843156666,0.0181985571308352,0.305838144228106,0.99995937203639
"Rps15",70.8768400510107,3.14119049168766e-05,0.0182015779038259,0.933623312410562,0.99995937203639
"Oaz1",24.8585304911351,2.03065565886687e-05,0.0181994302400802,0.965493678563202,0.99995937203639
"Eef2",30.3567802324239,-0.000125597671470679,0.0181999450783353,0.779696427764324,0.99995937203639
"Washc4",13.7439135108085,-2.12517798131991e-05,0.0181994211497403,0.963915591187617,0.99995937203639
"Hsp90b1",51.2626324490684,-0.000159274515795734,0.0182003046142044,0.713764282332059,0.99995937203639
"Tmpo",31.4136465797185,-0.000176156606336846,0.0181979309237243,0.736852497197801,0.99995937203639
"Cdk17",32.0657389817535,-0.000174125875928432,0.0181979249006291,0.739875286406255,0.99995937203639
"Metap2",15.560828554415,-0.000400902625393466,0.0181990916954479,0.405871380769955,0.99995937203639
"Cep83",19.3317204492309,-0.00015109324978594,0.0181985026808575,0.764353295996137,0.99995937203639
"Cradd",28.9334859531529,-4.05756299168361e-05,0.0181979169436769,0.938362711953338,0.99995937203639
"Atp2b1",37.4404765329991,8.82754989521512e-06,0.0181986280582308,0.985899666890152,0.99995937203639
"Ppp1r12a",43.6106953307959,0.000121327573034961,0.0181992212678047,0.799394500821705,0.99995937203639
"Osbpl8",32.0585857038679,-0.000105819678167089,0.0181978226457662,0.841148270053675,0.99995937203639
"Nap1l1",26.8279695225998,-0.000654344812558335,0.0181986959477668,0.187990361996677,0.99995937203639
"Zfc3h1",18.273127774814,-0.000343965546292053,0.0181987169172048,0.48822691313036,0.99995937203639
"Cnot2",19.4327777149046,-3.34671898160698e-06,0.0181984445655681,0.994724055766593,0.99995937203639
"Ppm1h",40.440326872476,0.00056939716339451,0.0181990143108062,0.240617760946207,0.99995937203639
"Usp15",30.3161317747975,0.000111169360129279,0.0181979854243271,0.83146168087968,0.99995937203639
"Naca",25.6287201036999,-6.65581139470725e-05,0.0181988295444194,0.892413172109444,0.99995937203639
"Rpl41",105.643723783187,0.000131656288447526,0.0182015532936814,0.727850242986784,0.99995937203639
"Pa2g4",14.4335504280503,-8.96941547122425e-05,0.0181992970111817,0.850079503255992,0.99995937203639
"Rps26",81.7885457343719,0.000101646929271051,0.0182012124218721,0.796609309605248,0.99995937203639
"Tespa1",27.8912191611411,-0.000574137096594337,0.0181980461952116,0.269754909147821,0.99995937203639
"Mtmr3",22.9919322657058,-0.000365125234872674,0.0181982062041513,0.478001874464142,0.99995937203639
"Ewsr1",27.9756499759606,-0.000197381942133441,0.018197892730046,0.707240077819368,0.99995937203639
"Znrf3",43.7503289165351,0.000394486065204392,0.018199167365124,0.410646936863089,0.99995937203639
"Ogdh",14.0747527610867,-0.000183334500806324,0.0181993459785628,0.698100359562529,0.99995937203639
"Ppia",65.2849858132057,-0.00024299022585794,0.0182015277516607,0.522052857123359,0.99995937203639
"Ccm2",13.1804295343612,-0.00017255751407547,0.0181998119609654,0.70411858353412,0.99995937203639
"Ikzf1",106.51180247885,0.000178796593667436,0.0182000531704278,0.687587901704265,0.99995937203639
"Spred2",19.1723437519363,0.000498261752159519,0.0181988573471594,0.310284099092141,0.99995937203639
"Actr2",33.9082290538372,-0.000262926526585511,0.0181978605473758,0.617621869412625,0.99995937203639
"Aftph",17.0336392018517,-0.000444336818585546,0.0181990525107996,0.358396424028656,0.99995937203639
"Peli1",28.7120407270747,-0.000146151129034821,0.0181980181756974,0.77916292979919,0.99995937203639
"Vps54",23.9857823898482,-0.000102947821665558,0.0181981523252037,0.842016180723925,0.99995937203639
"Xpo1",32.757788432412,-0.000334033075621634,0.0181978622093113,0.525882441551871,0.99995937203639
"Usp34",53.2118026964546,-0.000133159803011426,0.0182004990996611,0.754598670145243,0.99995937203639
"Vrk2",16.0566976340024,-4.19365109518412e-05,0.0181989356684467,0.931541820205452,0.99995937203639
"Ppp4r3b",21.4225532140111,-0.000344725893048005,0.0181983947474773,0.497317245413306,0.99995937203639
"Rps27a",69.8261511009308,-8.42859097532816e-05,0.0182023488828437,0.803039228871853,0.99995937203639
"Psme4",23.6192498482882,-2.16915039319432e-05,0.0181984258667038,0.965859811021441,0.99995937203639
"Npm1",44.6466045333629,-0.000341062450413382,0.0181994745323193,0.465840727494098,0.99995937203639
"Lcp2",24.0554736147071,0.000139942330212007,0.0181985615084099,0.780381959246555,0.99995937203639
"Dock2",178.274889473864,0.000191675934601815,0.018196527887592,0.737013198514095,0.99995937203639
"Pwwp2a",12.1712949376932,1.59047972491737e-05,0.0181998731534993,0.971925367450926,0.99995937203639
"Clint1",27.2121075089457,-0.000236769982470412,0.0181980708544182,0.648474005854499,0.99995937203639
"Adam19",15.4729341912784,3.24912923899207e-05,0.0181990322104594,0.94653991405729,0.99995937203639
"Cyfip2",25.6667439722631,0.000239565447694076,0.0181980518203033,0.645031516805989,0.99995937203639
"Itk",119.059462736969,-1.08566157064721e-05,0.0181997845509828,0.980983485923844,0.99995937203639
"Rack1",45.71136296389,-7.45260318987532e-05,0.0182015121975047,0.84463946540824,0.99995937203639
"Canx",28.7128107137136,-0.00039571241599526,0.0181980929789555,0.445431759182809,0.99995937203639
"Hnrnpab",35.733696355023,1.26043063169023e-05,0.0181988198083818,0.979580972855114,0.99995937203639
"Sec24a",17.1382074121866,0.000141361835653805,0.0181987225765488,0.775659443044163,0.99995937203639
"Hspa4",19.1869604811775,-0.000156033270076822,0.0181984510863051,0.757752120605225,0.99995937203639
"Aff4",20.9655610229383,-6.50883726013941e-06,0.0181983846416742,0.989782668981991,0.99995937203639
"Rad50",15.6318617576025,-0.000103882802708939,0.0181990496018026,0.830022449850464,0.99995937203639
"Irf1",20.6815713581268,4.36245119578484e-05,0.0181988238442587,0.929391427978933,0.99995937203639
"Fnip1",29.657963141725,-0.000284987669185916,0.018197832605693,0.58911154900697,0.99995937203639
"Rapgef6",99.2794907441729,0.00012387349207944,0.0182004374939336,0.772577979123103,0.99995937203639
"G3bp1",20.2702720508592,9.8979410959067e-05,0.0181987869367576,0.841094296387761,0.99995937203639
"Larp1",32.187254498611,4.6272441221298e-05,0.0181977830485757,0.930341025956172,0.99995937203639
"Akap10",18.065033841201,-0.000176038497189914,0.0181986571046587,0.723951058907438,0.99995937203639
"Ncor1",52.6504317621522,8.33881785782763e-05,0.018200444930078,0.845633255295475,0.99995937203639
"Ubb",27.5378763010975,-0.00035139985073737,0.018198353405397,0.490287800624775,0.99995937203639
"Rpl26",29.8621711750298,0.000366655668108689,0.0181991222927679,0.446059279182724,0.99995937203639
"Chd3",21.3229597102082,-0.000550559716526084,0.0181988072702795,0.264030525493477,0.99995937203639
"Eif4a1",29.5869299385375,-0.000457758282421177,0.0181978972885038,0.383615764384532,0.99995937203639
"Eif5a",19.7232927417241,-7.13584022986077e-05,0.0181989699013573,0.883481129739976,0.99995937203639
"Pfn1",71.1881052513485,-0.000267292211709861,0.0182010356742256,0.506584180459559,0.99995937203639
"Rabep1",18.7832107718391,-0.000191662825980008,0.0181986219890084,0.701314788695436,0.99995937203639
"Ube2g1",17.5767510736886,-6.68337046936969e-05,0.0181994606509717,0.886495575209828,0.99995937203639
"Ankfy1",13.9173555630193,-0.000230313156147524,0.018199448893025,0.623135066362235,0.99995937203639
"Pafah1b1",31.8493642138018,-0.000230923471306693,0.0181978064308179,0.662174487455841,0.99995937203639
"Smg6",38.6726145801586,0.000327236117888139,0.0181983680162957,0.520177141833906,0.99995937203639
"Ywhae",24.3234475705836,-8.3507121728953e-05,0.0181981540319467,0.871545838518668,0.99995937203639
"Ssh2",35.2149190296574,-0.000393896559684177,0.0181979697667733,0.451265387744807,0.99995937203639
"Taok1",16.4464681349982,-0.000124993161454563,0.018198890783861,0.79859083312896,0.99995937203639
"Nufip2",27.7707955637681,-2.2908538126459e-05,0.0181979612272529,0.965074529744144,0.99995937203639
"Rpl23a",91.6383509963122,9.47750158166776e-05,0.0182023297512587,0.779781380366828,0.99995937203639
"Bltp2",12.6974227888616,-7.80857457432603e-05,0.0181996439661949,0.865509258436782,0.99995937203639
"Nlk",19.8635003552366,-0.000313870800054629,0.0181988797739482,0.522024470195788,0.99995937203639
"Suz12",29.6789566704529,-0.000279691031267103,0.0181982283083166,0.586215562056481,0.99995937203639
"Crlf3",17.1684661837676,-0.00025570467408874,0.018198751388317,0.605441579636814,0.99995937203639
"Zfp207",24.6226657837329,7.97719679354041e-05,0.018198457045495,0.874650997678199,0.99995937203639
"Taf15",23.0518586071361,-0.00032310474445065,0.0181981954470558,0.530395838385605,0.99995937203639
"Acaca",15.0853618018237,0.000152225848969505,0.0181998297744929,0.737212336345111,0.99995937203639
"Aatf",15.0691381627731,-1.88768747466282e-05,0.0181991615313837,0.968609581286445,0.99995937203639
"Ggnbp2",22.5749637296426,-0.000288081773926245,0.0181983162814542,0.572697194933242,0.99995937203639
"Brip1",16.0005924107036,-0.000221380910677421,0.0181989491059916,0.649861418553674,0.99995937203639
"Med13",22.6841995863003,0.000622614646428228,0.018198377520598,0.220817887223512,0.99995937203639
"Cltc",17.6143419080622,-0.000147639608622004,0.0181986707064217,0.766846629269446,0.99995937203639
"Mir142hg",78.9277172264448,0.00010095704147679,0.0182009885888653,0.802941771431747,0.99995937203639
"Msi2",34.0749680363102,0.000140955360851747,0.0181978625994576,0.788952878002865,0.99995937203639
"Utp18",11.5496400921463,3.18548597564037e-05,0.0181999895258909,0.943215516527581,0.99995937203639
"Mbtd1",20.6571132039044,-0.000345104767044271,0.0181985808258258,0.491108156682659,0.99995937203639
"Spag9",21.158926048789,0.000122071486576072,0.018198271890743,0.811657328814511,0.99995937203639
"Luc7l3",29.2668506624006,-0.000285241032029448,0.0181978906242275,0.587362106553302,0.99995937203639
"Skap1",166.131814918043,-0.000203397180767021,0.0181971592367594,0.711686388789253,0.99995937203639
"Kpnb1",17.325863381835,-0.000178398288292404,0.0181988710215287,0.71611717461954,0.99995937203639
"Npepps",19.7542655757562,-0.000145528336846806,0.0181984938112727,0.772929355494492,0.99995937203639
"Rpl23",105.805410440399,-3.93671017058807e-05,0.0182018442073692,0.913895557153805,0.99995937203639
"Rpl19",85.1685598589582,0.000125932809725958,0.0182014141417261,0.743572867090577,0.99995937203639
"Cdk12",23.9751644864682,-0.000380522567450255,0.0181985568221364,0.448512293310523,0.99995937203639
"Top2a",100.575448271863,1.57848615670797e-05,0.0182004833504143,0.970488743374936,0.99995937203639
"Eif1",24.2902303058437,-2.72233321886225e-06,0.0181984696408346,0.995700706023699,0.99995937203639
"Dnajc7",15.6021382635655,0.000127307376793121,0.0181991195265506,0.791380176750806,0.99995937203639
"Stat5b",16.1298428021575,-0.000123867938964325,0.018198988235127,0.798907352386458,0.99995937203639
"Rpl27",58.8435738253309,-0.000210267949608648,0.0182017644706873,0.567790455846734,0.99995937203639
"Gpatch8",28.6477871351775,-0.000131883478906389,0.0181982513065687,0.797120243010525,0.99995937203639
"Kansl1",54.4850146664925,-0.000102411981638497,0.0182006291531982,0.80754189527858,0.99995937203639
"Cdc27",14.0077194609377,-0.000166528125526433,0.0181994168482839,0.723055998817847,0.99995937203639
"Tlk2",15.6754622166277,0.000462984051721676,0.0181991547095492,0.334718561870976,0.99995937203639
"Taco1",56.1282087839812,0.000550215424943309,0.0182007762496433,0.183843549998078,0.99995937203639
"Ddx42",14.731426662871,-5.94370573723101e-05,0.0181991692610037,0.901328850526089,0.99995937203639
"Tex2",27.8843943078614,0.000215902730783409,0.0181981103866173,0.676812896168093,0.99995937203639
"Ddx5",51.1070003283526,-0.00028471577283413,0.0182003157667378,0.51156705706777,0.99995937203639
"Bptf",24.9690146106106,-0.000132665423595481,0.018198247753017,0.795992790883766,0.99995937203639
"Pitpnc1",59.7541145294925,0.000169105935361544,0.0182008925073176,0.679168362608523,0.99995937203639
"Prkca",80.8852115140756,0.000208816135197429,0.0182008192430819,0.612365696556319,0.99995937203639
"Rpl38",43.9074814703411,0.00015980843934663,0.0182000119508231,0.720291062538384,0.99995937203639
"Sumo2",18.2440988030407,-0.00022186356100915,0.0181989735563453,0.648536107348137,0.99995937203639
"H3f3b",33.1389322886305,0.000182359346123657,0.0181978998422455,0.728483329888708,0.99995937203639
"Srsf2",21.1110446584637,-0.000378738875132071,0.0181984339010114,0.454611762425654,0.99995937203639
"Septin9",16.2847145412554,0.000123978162809029,0.0181988679293115,0.80052926720792,0.99995937203639
"Tnrc6c",19.6454734354861,-3.71715803941746e-05,0.0181984895369285,0.941265648614114,0.99995937203639
"Cyth1",24.6979799182206,0.00025096666553397,0.0181980975239789,0.628323283928337,0.99995937203639
"Rnf213",15.3708818348919,-7.79000090960887e-05,0.0181991223746827,0.871387329281826,0.99995937203639
"Rptor",17.3328680971993,0.00036427923261985,0.0181989076190671,0.45650182449386,0.99995937203639
"Actg1",57.9555875706853,-0.000197425120311008,0.0182016700237882,0.596293093008132,0.99995937203639
"Rab10",22.3825022333483,0.000719958777262885,0.0181984125792974,0.155816955666557,0.99995937203639
"Asxl2",20.8743904242352,-0.000271775579923993,0.0181985845584425,0.587550807991415,0.99995937203639
"Dnmt3a",16.2959431865547,0.000124937398506759,0.0181995567468639,0.787940159647054,0.99995937203639
"Itsn2",30.0080878447447,0.00039659250058849,0.0181979209652793,0.44963999701619,0.99995937203639
"Atad2b",29.327491066282,-9.92546176342726e-05,0.0181978543249482,0.850578874757237,0.99995937203639
"Pum2",36.4745200433651,0.000455217985658442,0.0181981574958512,0.377966687326695,0.99995937203639
"Smc6",26.7061373405121,-0.000155424401000245,0.018197957865402,0.766461574668682,0.99995937203639
"Rock2",25.5265191847922,0.000299669378983269,0.018198183221156,0.560965148119483,0.99995937203639
"Kidins220",17.7857183144723,9.23870545332127e-06,0.0181986538285955,0.985215224261515,0.99995937203639
"Rps7",67.2709584453166,4.73829164000024e-05,0.0182022632992532,0.889971227136313,0.99995937203639
"Cog5",43.2018192391433,0.000377648761260408,0.0181990470969969,0.435240360326024,0.99995937203639
"Bzw2",13.3378267324286,-0.000150296236590391,0.0181995636329361,0.746111355077522,0.99995937203639
"Immp2l",46.6125704114895,-0.000107030734385364,0.0181996341584072,0.81657557442709,0.99995937203639
"Strn3",38.1304710200552,0.000306446577392129,0.018198572596038,0.541164144690872,0.99995937203639
"Hectd1",36.4149965137385,0.000107430572250579,0.018198051515021,0.836337309961088,0.99995937203639
"Baz1a",26.8081896968985,-5.93842350181409e-05,0.0181980009173145,0.909392266907087,0.99995937203639
"Ralgapa1",25.8399609204,-0.000218800258852342,0.0181980707797251,0.673549425504792,0.99995937203639
"Pnn",35.9774866931787,-0.000292589197813587,0.0181979701506935,0.575768532379409,0.99995937203639
"Mia2",19.9238865098356,-0.000196265277258588,0.0181984382598448,0.698305734023387,0.99995937203639
"Rps29",93.1664234521172,0.000110217540388715,0.0182020339997871,0.755853716747848,0.99995937203639
"Nemf",14.9673109104606,0.000301855552293144,0.018199142876463,0.529776922591282,0.99995937203639
"Psma3",13.4327721300962,6.59106833062699e-05,0.01819959105135,0.88683073201986,0.99995937203639
"Prkch",27.1376214396393,0.000719196828804051,0.0181980543358453,0.166596696001972,0.99995937203639
"Hif1a",52.0519846536552,-0.000148344605570655,0.0182003935601107,0.730393525855644,0.99995937203639
"Ppp2r5e",18.7036727074163,0.000208056452392606,0.0181988990731913,0.670829129511786,0.99995937203639
"Fut8",53.5659468427002,0.000247748521315471,0.0182010968159463,0.535341090625243,0.99995937203639
"Gphn",71.5482287998598,-7.15007249598533e-05,0.018201012191557,0.859352891255849,0.99995937203639
"Rad51b",51.4385375443009,-5.32122860762303e-05,0.0182008093829677,0.89736924654802,0.99995937203639
"Dcaf5",17.7186850143233,3.03079582435119e-05,0.0181986311960568,0.951604921095541,0.99995937203639
"Srsf5",16.9886312352891,0.000330612872790817,0.0181993387334624,0.484505044564285,0.99995937203639
"Cox16",24.868896511462,0.000261372598385805,0.0181981362787701,0.613217433851301,0.99995937203639
"Sipa1l1",30.6176407378215,0.000236726052764093,0.0181982019419529,0.645604381214141,0.99995937203639
"Rbm25",46.5395868542832,-4.43358870541518e-05,0.0182006249760449,0.916048428979224,0.99995937203639
"Tmed10",14.0694012746986,0.000145209760627213,0.0181993291112424,0.758992773132404,0.99995937203639
"Ttll5",12.3060756004424,0.000227807011846247,0.0181998057111212,0.616311399216898,0.99995937203639
"Alkbh1",21.701277539008,0.00018646297688877,0.0181983848945745,0.713719772118591,0.99995937203639
"Cep128",34.3665072990509,-5.24391761335512e-05,0.0181981773166768,0.918995056185686,0.99995937203639
"Foxn3",61.116291417755,4.71823163424999e-05,0.0182009504821966,0.907547259765876,0.99995937203639
"Calm1",25.5616868035509,-7.03289761943481e-05,0.0181984789009674,0.88921624396557,0.99995937203639
"Dglucy",15.4386291974921,0.000175726681317032,0.0181993327386491,0.710346963793729,0.99995937203639
"Ccdc88c",22.832066610034,0.000347954890140923,0.018198239010626,0.497973854068839,0.99995937203639
"Trip11",18.2997442131708,-0.000227234354222862,0.0181986187163226,0.649381213735471,0.99995937203639
"Btbd7",22.3379066836104,0.000269031371899817,0.0181982250839532,0.600649593217823,0.99995937203639
"Ddx24",16.1904832060389,0.00017736406261876,0.0181989419523533,0.716233720230833,0.99995937203639
"Ifi27l2a",28.9044473763586,0.000429352348531153,0.0181979442096715,0.412373690259852,0.99995937203639
"Papola",17.5087031426393,-0.000358287077926014,0.0181989076815242,0.463940084655027,0.99995937203639
"Bcl11b",55.0779874278819,-7.50605910128419e-05,0.018200725250999,0.856892290841748,0.99995937203639
"Setd3",12.6125891622385,-4.62181791445614e-05,0.0181997645915835,0.919315516194084,0.99995937203639
"Evl",21.4878677559754,1.44637825537757e-05,0.0181982676814412,0.977482165072649,0.99995937203639
"Ppp2r5c",21.665442176965,0.000407953933733085,0.0181987273819034,0.410672090655673,0.99995937203639
"Hsp90aa1",26.8486528778576,-0.000191004110612232,0.018198508377431,0.704608592173137,0.99995937203639
"Rcor1",16.8735484421059,-4.52185227350852e-05,0.0181993571980057,0.923713118269458,0.99995937203639
"Eif5",16.4089236197913,-3.7037665336975e-05,0.0181990287467108,0.939089421973915,0.99995937203639
"Esyt2",22.3352024397338,0.000104810921638757,0.0181982740025173,0.837865036769328,0.99995937203639
"Ncapg2",14.3970010035562,-5.97909808440967e-05,0.0181994187445589,0.898736916100062,0.99995937203639
"Gdi2",14.8932265757805,-0.000320364964457301,0.0181991929674071,0.503162373661203,0.99995937203639
"Tasor2",17.7535252856536,-0.000227236801839046,0.0181986902157462,0.647664029592823,0.99995937203639
"Pfkp",29.8009223954583,0.000477165826888366,0.018197968933987,0.361503018854294,0.99995937203639
"Larp4b",24.3935320022252,0.000150607398894801,0.0181980614519254,0.771969268559727,0.99995937203639
"Dip2c",21.2049195010434,7.56849147625792e-05,0.0181984418113115,0.881151679127811,0.99995937203639
"Lyst",53.8489314816324,1.47009630968743e-05,0.0182005626436042,0.972294176158128,0.99995937203639
"Arid4b",28.0962263262931,-0.000436150419720813,0.0181981839425931,0.397415385493096,0.99995937203639
"Cdk13",34.0674582657878,0.00049199632823726,0.0181980262985624,0.344928247537762,0.99995937203639
"Elmo1",134.962678006547,0.000151336697495137,0.0181988205109756,0.75859995312101,0.99995937203639
"H1f5",25.2343413239756,0.000172639938529108,0.018198600386686,0.730141903988951,0.99995937203639
"H1f4",33.0037951332445,0.000421820828971239,0.0181978292805513,0.424125692178367,0.99995937203639
"Cdkal1",37.938025620542,0.000369368949225579,0.0181982940780992,0.470212480609812,0.99995937203639
"E2f3",33.4385629186044,-0.000444884635234602,0.018198043461943,0.39254200850393,0.99995937203639
"Exoc2",21.4032225192803,-0.000165576243517406,0.0181983324417479,0.74550265473938,0.99995937203639
"Gmds",33.8861488732403,0.000507360127676072,0.0181980423194452,0.329554116340874,0.99995937203639
"Prpf4b",29.1368862084956,-0.00049246638597469,0.0181981267118136,0.341200731282499,0.99995937203639
"Cdyl",12.3807511368542,-9.56692432008666e-05,0.0181997626169295,0.833947658149637,0.99995937203639
"Fars2",22.7554104972176,2.18645759132186e-05,0.0181984733332126,0.965471510249653,0.99995937203639
"Nedd9",45.3863878890028,0.000407710642069194,0.0181995334243778,0.380992639015973,0.99995937203639
"Ranbp9",21.2785536275756,-0.000164752821394642,0.0181984628834021,0.744467317309511,0.99995937203639
"Jarid2",81.1616891070428,0.000498268328209019,0.0182009186132864,0.221655933866784,0.99995937203639
"Atxn1",65.5345058249285,0.000112511706997778,0.0182009951624974,0.780777921845875,0.99995937203639
"Nup153",19.9688385522104,-0.000219920181688886,0.0181984297085769,0.664243295270575,0.99995937203639
"Fam120a",24.1044148779221,-0.000309791033249288,0.0181983029691709,0.544494757408847,0.99995937203639
"Cenpp",32.1138283021943,0.000248848999844798,0.0181985174628021,0.62113714020125,0.99995937203639
"Sema4d",32.1225582675034,9.72086426528879e-05,0.0181977798793951,0.854323809583328,0.99995937203639
"Sfxn1",14.1625912000356,0.000118425834816328,0.0181994683386726,0.800199383529553,0.99995937203639
"Nsd1",32.989234328191,0.00046772137748942,0.0181979379704917,0.372066387900636,0.99995937203639
"Ddx46",23.0585520718529,-0.000514521892260578,0.0181982940506239,0.314457821150197,0.99995937203639
"Macroh2a1",34.529573725914,4.414238301868e-05,0.0181980420245471,0.93239786083928,0.99995937203639
"Hnrnpk",21.8727002645849,0.000353661320851005,0.0181984159164537,0.485583742308068,0.99995937203639
"Tut7",17.3446124798551,-0.00018310322334775,0.0181989040078369,0.708272766251061,0.99995937203639
"Erap1",14.9669070214796,-0.000571657469536714,0.018199389098552,0.224847989921375,0.99995937203639
"Fam172a",59.8253254404098,2.74450295614684e-05,0.018200910320763,0.946378449176319,0.99995937203639
"Rasa1",21.3884626421005,-0.000461625241917207,0.0181985615413696,0.357706021639802,0.99995937203639
"Xrcc4",15.2387590968526,-0.000107901719456716,0.0181992190422137,0.821225426579998,0.99995937203639
"Rps23",79.3939129265474,5.23354074129545e-05,0.0182022851703262,0.878145237898134,0.99995937203639
"Ap3b1",23.0100438428273,0.000257454461517139,0.0181983907555726,0.612330768584594,0.99995937203639
"Iqgap2",38.210534757001,0.000405085542092329,0.0181985390570945,0.420364429667718,0.99995937203639
"Cert1",19.580149288501,0.000137740257612979,0.018198704612991,0.781540992123907,0.99995937203639
"Hmgcr",12.3985514633283,-9.97408122888126e-05,0.0181997716588506,0.826855657565348,0.99995937203639
"Tnpo1",23.9430188539936,0.000520615870009241,0.0181983310191051,0.307515370866089,0.99995937203639
"Bdp1",26.9932642833896,0.00029296819722272,0.0181980147569936,0.574136928976922,0.99995937203639
"Srek1",21.2686206414382,9.57113202331661e-06,0.0181983023313283,0.985062287517125,0.99995937203639
"Erbin",18.704489013222,-0.000214837938004088,0.0181985223923555,0.669495294526261,0.99995937203639
"Adamts6",22.4334799971556,0.00025177681770879,0.0181982815121398,0.622856268279445,0.99995937203639
"Ipo11",13.6008626959189,0.000194234996511283,0.0181996007295408,0.67467521396203,0.99995937203639
"Kif2a",16.7569815998328,-9.56901874077407e-05,0.0181990687391773,0.843015989467669,0.99995937203639
"Zswim6",20.4506821042884,-9.07969095686528e-05,0.0181987919453585,0.854022801302295,0.99995937203639
"Gpbp1",23.557435568787,-0.000529345193881628,0.0181984444347905,0.295619619325852,0.99995937203639
"Map3k1",14.337788724577,0.000149673964604724,0.0181992784852587,0.752803509680103,0.99995937203639
"Arl15",32.1386138038452,0.000400371314170844,0.0181978600215822,0.447155091235855,0.99995937203639
"Ndufs4",17.6821355898292,6.41407203803605e-05,0.0181986331547162,0.897785204184449,0.99995937203639
"Rpl15",41.907068527667,5.80764164770372e-05,0.0182005892267508,0.89057443405901,0.99995937203639
"Top2b",16.2913616868054,-7.15010568790021e-05,0.0181991743315863,0.881389807658298,0.99995937203639
"Fhit",22.0127301703677,0.000755691928736284,0.0181987615305354,0.126550385363664,0.99995937203639
"Gng2",18.181825787548,0.000273638595314433,0.0181985777048795,0.585178661085834,0.99995937203639
"Ppp3cb",15.1828789776276,0.000163809483375333,0.0181990661336744,0.734650555776776,0.99995937203639
"Adk",25.4346808428048,-9.2506731172868e-05,0.0181980058324043,0.85924139547093,0.99995937203639
"Rps24",117.465317116884,-5.58757020842495e-05,0.0182011888481378,0.887640415339207,0.99995937203639
"Zmiz1",28.7110099993934,0.000399679312341824,0.0181979877968565,0.444102600715706,0.99995937203639
"Slmap",21.1246673741696,0.000208995007906839,0.018198263391385,0.683474174671767,0.99995937203639
"Arhgef3",55.5342494597226,3.72320980841466e-05,0.0182007269878352,0.928711836749997,0.99995937203639
"Gnl3",17.5706855248493,-1.31077153184492e-05,0.0181987246920852,0.978915339211611,0.99995937203639
"Pbrm1",34.584505073593,-9.1442128712621e-05,0.0181979266165075,0.861567507187777,0.99995937203639
"Glud1",13.6958544127534,0.000443268831021838,0.0181995307363574,0.340965285382378,0.99995937203639
"Wapl",33.3575514872901,0.000282404531143091,0.0181980414713654,0.587352787370601,0.99995937203639
"Ktn1",22.8374644155889,8.89275846115692e-05,0.0181984498278156,0.860475286029163,0.99995937203639
"Hnrnpc",23.8274460252558,-0.000661149897721876,0.0181982897443442,0.19629143365271,0.99995937203639
"Supt16",20.6587005735262,9.03717775018172e-05,0.0181985079766055,0.857650635545441,0.99995937203639
"Chd8",13.3424082321779,9.53052729961102e-06,0.0181996195426543,0.983542117746726,0.99995937203639
"Acin1",28.1556637093462,-0.000274976650684075,0.0181979847004373,0.598609302481667,0.99995937203639
"Gzmb",42.8529446231505,-1.94684358242845e-05,0.0181997804973156,0.965918217741979,0.99995937203639
"Pspc1",17.1483751074189,-0.00028370604439797,0.0181988353799953,0.564097806171922,0.99995937203639
"Xpo4",17.7967681748645,-0.000427842172308236,0.0181990237054278,0.377582131717025,0.99995937203639
"Dleu2",40.0857229130616,-0.00019838090289026,0.0181984747036214,0.694465293006377,0.99995937203639
"Ptk2b",26.7553143899993,0.000309610322935025,0.0181979303317394,0.554809589117131,0.99995937203639
"Ppp2r2a",20.0071434490352,-5.78513725850277e-05,0.0181983546226263,0.909570194606528,0.99995937203639
"Ppp3cc",46.6264569814986,-7.06015873781966e-05,0.0181998062398702,0.876582728873291,0.99995937203639
"Xpo7",25.7183894793547,7.19059970625901e-05,0.0181980818189922,0.88980412878077,0.99995937203639
"Fndc3a",59.5417331728192,0.000172335965590092,0.0182013286545135,0.657736680509991,0.99995937203639
"Lrch1",27.405386388223,-0.000482986543039109,0.0181984300243776,0.340435870141121,0.99995937203639
"Lcp1",49.7631858230875,-0.000256035175493129,0.0182009623662118,0.528025930259351,0.99995937203639
"Zc3h13",16.9777590826267,-0.000211266587767639,0.0181987818772726,0.668809179247528,0.99995937203639
"Tpt1",129.706518448343,2.26962526422288e-05,0.0182013634030231,0.953276618207396,0.99995937203639
"Epsti1",16.9678260964893,-4.03872759261116e-05,0.0181987591038376,0.934933209779071,0.99995937203639
"Vwa8",14.6054621120044,-0.000107787210867795,0.0181992120570034,0.821509620125118,0.99995937203639
"Naa16",15.6137804028668,0.000128241803255627,0.0181995586652609,0.782436466178542,0.99995937203639
"Elf1",27.2377858579548,0.000349233734130299,0.0181979100940225,0.505884785647153,0.99995937203639
"Diaph3",62.6351525188111,0.00016347224107903,0.0182009565467889,0.687217698310071,0.99995937203639
"Mycbp2",60.0764941605249,-1.09039423088333e-06,0.0182009458480274,0.997859686956943,0.99995937203639
"Rbm26",25.5598290878657,0.000254014809360673,0.0181982760211365,0.619902093660982,0.99995937203639
"Mbnl2",23.9950874601081,-0.000157831584488808,0.0181983579150419,0.756602624449215,0.99995937203639
"Stk24",20.8722784592677,3.96185814771924e-06,0.0181985517260255,0.993706313446163,0.99995937203639
"Ubac2",21.3237307740244,0.000173104016519169,0.0181984395819536,0.73242696341584,0.99995937203639
"Tm9sf2",13.7799276577586,0.00010179958346204,0.018199414586999,0.828525810410686,0.99995937203639
"Oxct1",18.273541268816,-0.000217076991431458,0.0181986173327381,0.664102034717328,0.99995937203639
"Rpl37",74.8070060696211,-7.39887208319532e-05,0.0182021568714288,0.831685017253737,0.99995937203639
"Fyb",48.1131606907045,-0.000164995015544299,0.0181999081847798,0.714186688634584,0.99995937203639
"Rictor",19.8981629188371,0.000293047493718133,0.018198665757403,0.556324898500299,0.99995937203639
"Wdr70",16.7211925569566,0.000241343755938696,0.0181988613467144,0.622999265857309,0.99995937203639
"Nipbl",43.1099905021769,-8.25975931884413e-05,0.0181992128422948,0.862736714552565,0.99995937203639
"Zfr",25.5801548733093,9.1765026597544e-05,0.0181980209099256,0.860218991451998,0.99995937203639
"Trio",16.6752917430358,0.000278615213366748,0.0181988762690118,0.569923871427909,0.99995937203639
"Gm56714",13.0156248091259,-0.000276538405720825,0.0181996138337256,0.549664415445823,0.99995937203639
"Mtdh",37.3894696239833,0.000375134509115674,0.018198144150946,0.467908410529549,0.99995937203639
"Rpl30",50.1513968106181,-0.00012966111344648,0.0182018208268671,0.7225955135907,0.99995937203639
"Vps13b",32.6237325143122,0.00010447569666823,0.0181978924182421,0.842430635656497,0.99995937203639
"Pabpc1",38.8842743054434,-0.000569600448422414,0.0181991860582356,0.234148350314579,0.99995937203639
"Ywhaz",29.2874015519181,-0.000134542313089686,0.0181984543295674,0.790228687701073,0.99995937203639
"Ubr5",19.3169808592703,-0.000438489867372146,0.0181986134804913,0.380518348470045,0.99995937203639
"Eif3h",18.2463432337485,-0.000194276039152664,0.0181986421444088,0.697019364972274,0.99995937203639
"Rad21",16.3289525211791,-0.00017412098792801,0.0181989276245677,0.721495501594597,0.99995937203639
"Atad2",23.2824009733585,-0.000312578639538396,0.0181984078151947,0.537900647108484,0.99995937203639
"Nsmce2",28.0254182271795,-0.000319794096194778,0.0181979251649779,0.542003994567618,0.99995937203639
"Gm2682",75.0748028597879,-0.000158289391873318,0.0182010235261093,0.694481194929573,0.99995937203639
"Pvt1",87.1287068685905,0.000109206248181575,0.0182006676328065,0.794251661250309,0.99995937203639
"Cyrib",64.4033591840883,-6.05681888046196e-05,0.0182010278982165,0.880474126837265,0.99995937203639
"Asap1",24.6250598541395,0.000605294230860524,0.018198328591935,0.235533491577241,0.99995937203639
"Phf20l1",36.3858642214332,-0.000209331474229224,0.0181979556326366,0.689185742409396,0.99995937203639
"Ago2",20.7517580331229,-0.000334822124739012,0.0181985981072009,0.503579534376404,0.99995937203639
"Ly6e",33.229612851779,-0.000389041734642453,0.0181981962385728,0.449961810890846,0.99995937203639
"Rpl8",57.9191610069106,-1.37148331734704e-05,0.0182014378121835,0.971497761342027,0.99995937203639
"Myh9",46.6042991821718,-0.000421502323138803,0.0181997175305398,0.357556985031825,0.99995937203639
"Il2rb",23.8784344712614,-0.000443805282566332,0.0181988083290756,0.367899482621999,0.99995937203639
"Ddx17",23.6074752432467,-0.000337085650714164,0.0181982451997658,0.511314446929314,0.99995937203639
"Rpl3",48.7528417138311,-4.94651389333374e-05,0.0182007306810664,0.905349217584874,0.99995937203639
"Grap2",95.8746726549256,0.000245358642018836,0.018200555834675,0.562413318929249,0.99995937203639
"Tnrc6b",35.9294643092695,0.000262539761739995,0.0181979753891803,0.615469442677761,0.99995937203639
"Mrtfa",20.7981090551915,0.000307664544907417,0.0181987798695927,0.533362697663463,0.99995937203639
"Srebf2",15.992180187802,0.000458765659172113,0.0181990258215259,0.344000754077891,0.99995937203639
"Tcf20",36.1659397585909,-6.40566069884635e-06,0.0181981553550808,0.990102949814096,0.99995937203639
"Atxn10",15.4745970252754,0.000203527305529566,0.0181994761894537,0.663385295354197,0.99995937203639
"Ano6",13.5524460280496,-0.000258377932435086,0.0181995290354332,0.578904541045725,0.99995937203639
"Arid2",18.2936323451647,-0.000180111179246158,0.0181985636518721,0.719662955216724,0.99995937203639
"Slc38a1",17.4520067176087,0.000254880077902119,0.0181987178792384,0.607496515501533,0.99995937203639
"Hdac7",15.8799697412042,0.000110433892000469,0.0181989321148029,0.821078674927172,0.99995937203639
"Larp4",14.36152213415,-0.000341500090585493,0.0181994720533354,0.465360530502734,0.99995937203639
"Dip2b",17.8078750366218,-0.000261727439441803,0.0181988878098871,0.593209067750859,0.99995937203639
"Galnt6",15.2202351029065,0.000368334238469226,0.0181991440199519,0.443201291295668,0.99995937203639
"Pcbp2",17.9008107126765,-0.000385845296767308,0.0181988990683661,0.430585100935458,0.99995937203639
"Atf7",16.2446541721,-0.000283995255812183,0.0181991342108428,0.554677659786897,0.99995937203639
"Cbx5",27.1520593839735,-8.40271475129589e-05,0.0181980274459045,0.871843645620875,0.99995937203639
"Hnrnpa1",24.515421185678,0.000207167242376743,0.018199161041419,0.665842928597839,0.99995937203639
"Nlrc3",13.6585446066413,0.000183944797074953,0.0181994411012751,0.694892344049121,0.99995937203639
"Crebbp",23.8672253661496,-0.000111153464689501,0.0181981382940506,0.82976993473147,0.99995937203639
"Clec16a",15.7080580572501,0.000106482501735576,0.0181989786806021,0.826771707799559,0.99995937203639
"Socs1",18.735686951328,3.52099401896827e-05,0.0181985041232049,0.944302107733787,0.99995937203639
"Zc3h7a",17.2184132198937,-2.20332389005591e-05,0.0181987333274195,0.964542939564214,0.99995937203639
"Gspt1",18.3684866664837,-3.90427787625933e-05,0.0181985526454553,0.938035504674451,0.99995937203639
"Dnm1l",12.9531730087261,-3.94008635884072e-05,0.0181999397940596,0.930109825512642,0.99995937203639
"Mapk1",24.0575759746537,0.000289443477761614,0.0181981647769585,0.57489193627637,0.99995937203639
"Ube2l3",12.695132038987,-0.000147492984514684,0.0181996697172792,0.74850284335677,0.99995937203639
"Ranbp1",17.1501305797496,-4.50432239501948e-05,0.0181991703986328,0.925135798933748,0.99995937203639
"Eif4g1",20.8827175777407,-4.22567884113652e-05,0.0181985840909158,0.932794085357387,0.99995937203639
"Senp2",14.0693549555318,0.000123518558015658,0.0181994547588733,0.792029810264381,0.99995937203639
"Tra2b",31.6585548693063,0.000216645796473857,0.0181985285450942,0.666742709543128,0.99995937203639
"Eif4a2",14.1951407214912,-0.000248712133458188,0.0181995211259005,0.593431606505718,0.99995937203639
"Lpp",68.1020159320658,0.000145111093755227,0.0182010053051041,0.719334810324373,0.99995937203639
"Opa1",15.5188813243659,-3.22951978026283e-05,0.0181989980757352,0.947001709621141,0.99995937203639
"Atp13a3",28.1577767514911,0.000441482941132631,0.0181981835185547,0.39168373356848,0.99995937203639
"Dlg1",28.379399685299,-0.000147149706720892,0.0181980023065977,0.777922970157661,0.99995937203639
"Pak2",29.6406226284197,-0.000154118352908982,0.0181983012932874,0.763064053157974,0.99995937203639
"Lrch3",21.351831261471,1.16179229243469e-05,0.0181989759702674,0.980954471967912,0.99995937203639
"Zfp148",33.0339214390851,-5.46999932825835e-05,0.0181979371061453,0.916864098174338,0.99995937203639
"Parp14",18.1839377525156,-6.81498236443579e-05,0.018198580644998,0.891845289838141,0.99995937203639
"Gsk3b",30.2799000927109,0.000412164181810909,0.0181985975218297,0.41031572694435,0.99995937203639
"Zbtb20",30.4816107350773,7.62851228071626e-05,0.018197789953723,0.885359177512084,0.99995937203639
"Cd47",60.4949639196365,9.85807920520014e-06,0.0182009405389358,0.980662938718167,0.99995937203639
"Bbx",31.6801104545575,-7.34450267994161e-05,0.0181978790618395,0.888959541637241,0.99995937203639
"Cblb",65.2131696398591,-5.76956394040674e-05,0.0182010694597503,0.885572636429442,0.99995937203639
"Rpl24",54.2591008662178,-1.66331879749009e-05,0.0182013234407609,0.965913797973193,0.99995937203639
"Tomm70a",14.6755002244792,0.00018214179920244,0.0181992879331664,0.701307845046855,0.99995937203639
"Cmss1",96.8223752848024,0.00039293181619539,0.0182005578012743,0.353486879641616,0.99995937203639
"Filip1l",16.6325841313689,0.000399048757360756,0.0181988482594205,0.416768880739315,0.99995937203639
"Zfp654",22.9764226891064,-0.000303246314981769,0.018198190864051,0.556091948346933,0.99995937203639
"Usp25",28.2917863504241,-0.000109716259742598,0.0181979494408773,0.834023641130728,0.99995937203639
"Son",34.0401836891677,-5.69477860256136e-05,0.0181979400355697,0.91344423686246,0.99995937203639
"Runx1",49.185140294555,-0.000227782963388542,0.018200072701953,0.607791681408125,0.99995937203639
"Dyrk1a",29.0676387000245,0.000152483962739819,0.018198138154901,0.768042275785581,0.99995937203639
"Scaf8",23.3510875024837,0.000361678808325501,0.0181981853020061,0.482793267635255,0.99995937203639
"Arid1b",34.3336465269479,-0.000307174239689262,0.0181978661361561,0.559589610335248,0.99995937203639
"Ezr",17.9021063718384,-0.000331024452564838,0.0181986704855747,0.50619116210529,0.99995937203639
"Qki",19.0538889715922,-0.000128167113605665,0.0181984699535655,0.799734688426711,0.99995937203639
"Airn",21.6173367597431,0.000632107513306228,0.0181993232761327,0.18190753702851,0.99995937203639
"Chd1",17.8959945038323,-0.000280921495724381,0.0181986592452431,0.572960614549121,0.99995937203639
"Lnpep",26.9012482336725,0.00061818929974757,0.0181984002651079,0.22337552520653,0.99995937203639
"Srrm2",62.9846440383375,-8.35489764014458e-05,0.0182009897905812,0.836368565455255,0.99995937203639
"Luc7l",15.3452141680812,-0.000261255777107037,0.0181991829976072,0.585368438228388,0.99995937203639
"Rps10",76.8562384919682,-7.79239565477044e-05,0.0182017704406835,0.832190331783341,0.99995937203639
"Rpl10a",55.984383461869,4.93549275608059e-05,0.0182017012438162,0.894212550551953,0.99995937203639
"Srpk1",14.3471864331705,0.000138051831207274,0.0181992475248747,0.771993363982141,0.99995937203639
"Srsf3",24.6729401672874,-2.94026254140178e-05,0.0181983137057779,0.954097512203783,0.99995937203639
"Pim1",25.3066399639393,-0.000466365150124228,0.0181983469700896,0.360121735680037,0.99995937203639
"Zfand3",32.8327762966486,0.000811690215581277,0.0181980362900502,0.118943393915958,0.99995937203639
"Btbd9",23.3784180032915,0.000656701550109195,0.0181982960906693,0.199120479949824,0.99995937203639
"Dnah8",19.7938661317429,0.000120891005971289,0.0181984229458041,0.811499846044581,0.99995937203639
"Brd4",28.2877971295839,0.000261890720694291,0.0181985120509941,0.603105461143172,0.99995937203639
"Hnrnpm",24.7701299956629,0.000200561168209428,0.0181980279318174,0.700197300807763,0.99995937203639
"Rps28",57.5702671808759,-1.67844827158106e-05,0.0182020021156633,0.962407238088224,0.99995937203639
"Rps18",41.2783067234013,9.83590261890542e-05,0.0182003198988297,0.820538076039401,0.99995937203639
"H2-K1",46.8460314434642,-0.00018286758740871,0.0181998202350903,0.687131584641075,0.99995937203639
"Tap2",16.7759451197285,-0.0003389902136571,0.0181990654888319,0.483062656357083,0.99995937203639
"D17H6S56E-5",20.1808569244868,7.13275248574483e-05,0.0181987347697481,0.885561108735728,0.99995937203639
"Ltb",15.395207523374,-1.96522367062963e-05,0.0181990115700923,0.967701032451883,0.99995937203639
"Ddx39b",17.9024639416526,0.000471886045583735,0.0181987416039507,0.340770609313281,0.99995937203639
"H2-D1",43.2419807744759,-0.00031567997629042,0.0181997460018432,0.4897209600543,0.99995937203639
"Ppp1r10",14.6818371965591,0.000591643745375718,0.0181993460246867,0.210656487073091,0.99995937203639
"Abcf1",12.5798608558758,-0.000128273706274549,0.0181997187129107,0.779464550191821,0.99995937203639
"Hsp90ab1",67.082835093562,-7.1976654356153e-05,0.0182012240045408,0.85499189008914,0.99995937203639
"Rftn1",13.612551154387,0.000262924522985983,0.0181995326960011,0.572124852479848,0.99995937203639
"Plcl2",45.9972988571894,-1.1447576317192e-05,0.018199605243092,0.980256285246013,0.99995937203639
"Tbc1d5",19.4498176597608,-0.000244001088773933,0.0181984585477444,0.629395828798759,0.99995937203639
"Satb1",157.273752422602,-0.000181458465653292,0.0181975447854299,0.735644149731072,0.99995937203639
"Rpl36",71.155471737674,0.000166958497859883,0.0182012803907451,0.669563150879944,0.99995937203639
"Vav1",12.161315632389,0.000183119959736914,0.0182000094169172,0.681653953374987,0.99995937203639
"Fbxl17",45.3878225056651,0.000464106910838863,0.0181994501583428,0.322001036770603,0.99995937203639
"Man2a1",15.3907478071668,-0.000357160224783285,0.0181997436986885,0.434590325083106,0.99995937203639
"Ankrd12",22.3683905592653,0.00028739178116199,0.0181985057328727,0.568467490553917,0.99995937203639
"Smchd1",63.4410354226577,0.000126455697077166,0.0182009708460798,0.755075451046063,0.99995937203639
"Wdr43",22.5120627982723,0.000254167133983798,0.0181985060069687,0.613988934943045,0.99995937203639
"Memo1",17.9730932558591,-0.00010831000554932,0.018198876856131,0.825185850711007,0.99995937203639
"Birc6",64.2870078408682,0.000126298554646731,0.0182009907605044,0.754846555076884,0.99995937203639
"Crim1",22.4083476078888,3.03294265804178e-05,0.018198213095388,0.952980191985611,0.99995937203639
"Srsf7",15.2131377492086,-0.000251549539992507,0.0181991261698165,0.60101505844833,0.99995937203639
"Eml4",30.2361499939871,-0.000392980474446684,0.0181978466489993,0.455980861605067,0.99995937203639
"Thada",23.9419870491349,-0.00013798400138934,0.0181992504587808,0.772050218006847,0.99995937203639
"Ppm1b",11.2601664752063,-1.18050950380891e-05,0.0182000314452725,0.978860205345152,0.99995937203639
"Prkce",26.2720729354049,0.000594709583814016,0.0181980794777445,0.251904759053833,0.99995937203639
"Calm2",19.4182169098511,3.53844721542013e-05,0.0181984577097304,0.944211100235343,0.99995937203639
"Svil",17.7054198684317,0.00011884036883085,0.0181990936511891,0.805352245802885,0.99995937203639
"Zeb1",37.1168571669925,2.23886586353099e-05,0.0181981016772706,0.965544108105952,0.99995937203639
"Kif5b",27.5454162940057,-2.86816094104627e-05,0.018198051753102,0.956016244245531,0.99995937203639
"Wac",25.643367055327,0.000176899207830056,0.0181980024050617,0.734574444032754,0.99995937203639
"Ccny",19.1576504811425,0.00019473340024464,0.0181984996322419,0.699298972374732,0.99995937203639
"Rock1",49.8392733876205,6.41782229924754e-05,0.0182001505623411,0.884195112194314,0.99995937203639
"Snrpd1",15.6254688613348,0.000205125158580816,0.0181994199718391,0.662382926814646,0.99995937203639
"Rbbp8",13.0297828023757,0.00032847757337954,0.0181996110017956,0.477420722551618,0.99995937203639
"Trappc8",13.2359994801161,0.000183464019732996,0.018199522288908,0.693691282892532,0.99995937203639
"Galnt1",18.7489520972196,-0.000130707239772562,0.0181987187212199,0.792222422641567,0.99995937203639
"AW554918",18.0769010845762,0.000273219177116528,0.0181986769662854,0.583037438322639,0.99995937203639
"Wdr33",25.5877507904053,-0.00016348446066698,0.0181987135287853,0.741884815361648,0.99995937203639
"Camk4",68.8258178084162,-0.000110297637804463,0.0182009848648458,0.785224728950087,0.99995937203639
"Apc",24.3068104375311,-0.000309957589730364,0.0181981108386474,0.549563528384961,0.99995937203639
"Fam13b",17.2714577066791,0.000524206065566946,0.0181987864006761,0.288328322234888,0.99995937203639
"Hspa9",13.4351091991377,0.000144300203809078,0.0181994897753747,0.757370445290981,0.99995937203639
"Matr3",23.1638439496599,-0.000370324323912228,0.018198176480141,0.472658712658052,0.99995937203639
"Ube2d2a",18.7030911107055,0.000308247337923549,0.018198849684531,0.530441873110443,0.99995937203639
"Ankhd1",30.1204296799054,-7.86015591735319e-05,0.0181983071537867,0.877760008443193,0.99995937203639
"Diaph1",23.4653635948821,0.000354475160723836,0.018198138668064,0.492930809817532,0.99995937203639
"Ndfip1",43.3462882437685,0.000131889291229221,0.0181996244936825,0.775193437693399,0.99995937203639
"Arhgap26",22.475748082873,0.000153789079832081,0.0181983770340624,0.762337964853762,0.99995937203639
"Nr3c1",30.9206035275496,-0.000431758085367254,0.0181978766918214,0.411842517130724,0.99995937203639
"Prelid2",24.5115430661815,-0.000324706787755961,0.0181984440609296,0.521175609240847,0.99995937203639
"Tcerg1",21.3612752892312,0.000117967624966786,0.0181983249537444,0.81721513678393,0.99995937203639
"Dmxl1",20.4995479031282,-0.000156849983816655,0.0181983723746888,0.75783114675344,0.99995937203639
"Tnfaip8",23.8024924208962,-0.000596553527589637,0.0181985306599352,0.235646714884126,0.99995937203639
"Csnk1g3",15.9081628669845,2.72060079137787e-05,0.0181992482600576,0.954458911782052,0.99995937203639
"Gramd3",15.4596690453868,0.000170765873210575,0.0181995090437669,0.714227074240032,0.99995937203639
"Lmnb1",20.2627718853577,0.000234890017735092,0.0181986884732487,0.636683324906295,0.99995937203639
"Gm4951",48.8221930848541,-0.000431909216801982,0.0182004028082486,0.315267955821534,0.99995937203639
"Iigp1",51.9877096973615,-0.000476807689113519,0.0182006587884477,0.255281806028424,0.99995937203639
"Rps14",80.2901501232915,4.77902179401213e-06,0.0182022738457356,0.988849247094555,0.99995937203639
"Csnk1a1",34.2171366860398,0.00013145330078203,0.0181984006062169,0.795696987265987,0.99995937203639
"Nedd4l",16.6716020134674,-0.000527621926294423,0.0181991531358274,0.271683751315939,0.99995937203639
"Malt1",22.5394492232679,-1.97636550023341e-05,0.0181986658970817,0.968350611759357,0.99995937203639
"Ptpn2",21.4761792975073,-1.65821099140622e-05,0.0181982451619994,0.974225456456841,0.99995937203639
"Cep192",16.5335925114959,-9.06116325350293e-05,0.018198813291656,0.854087348885764,0.99995937203639
"Mbd2",21.6529071903055,-0.00014138123713957,0.0181982786828811,0.782462193428155,0.99995937203639
"Rpl17",71.1477238146503,7.92316003047706e-05,0.0182022055665011,0.818648422894288,0.99995937203639
"Smad2",12.769572866304,-0.000112916881362332,0.0181998819068497,0.802545941993065,0.99995937203639
"Setbp1",83.375874217082,5.61574083468141e-06,0.0182010118154095,0.988896416807988,0.99995937203639
"Atp9b",23.2989821822233,0.00044874784505227,0.0181982134670129,0.382961720693486,0.99995937203639
"Zfp407",37.234270537457,0.000330409777727444,0.0181983905917486,0.51547251929268,0.99995937203639
"Ppp6r3",21.8966124590651,0.0002838137994192,0.0181982221921098,0.580866402285013,0.99995937203639
"Kdm2a",18.6922652772099,-8.75661895584985e-05,0.0181986225915622,0.860890389972804,0.99995937203639
"Cfl1",33.5744776295668,-0.000440862559349249,0.018198875967019,0.368650223564452,0.99995937203639
"Malat1",750.727432343736,-0.00124302152414727,0.0181256319905617,0.463564233501982,0.99995937203639
"Fau",79.0589619248552,9.27019209752111e-05,0.0182018966722655,0.797588515493289,0.99995937203639
"Rtn3",25.506116857796,-0.000325351165784661,0.0181980644381773,0.531204005984455,0.99995937203639
"Eef1g",30.0182911769454,-0.000355255452307171,0.018197833405108,0.500734593324211,0.99995937203639
"Fth1",28.6436826225554,3.12238785678689e-06,0.018204103656854,0.988897213569497,0.99995937203639
"Cd5",20.7786750399288,-3.31087939944709e-05,0.0181985871726345,0.947307390873075,0.99995937203639
"Cd6",16.4194382026395,-0.000288389072746695,0.0181994354909801,0.538788813156714,0.99995937203639
"Ms4a4b",49.3892913264946,-0.000202825698253279,0.0182001674764036,0.644765473269604,0.99995937203639
"BE692007",15.1972146786072,-0.000291786087698079,0.0181993202953436,0.537858687422705,0.99995937203639
"Ms4a6b",29.2396419451348,-0.000772596400844156,0.0181980694144094,0.136900442263844,0.99995937203639
"Tle4",20.7652881104951,0.00029312272676224,0.0181983401786468,0.565350761065708,0.99995937203639
"Gnaq",17.7912022666008,3.25937816869992e-05,0.0181990245735153,0.946403158370023,0.99995937203639
"Vps13a",18.4477900218115,-0.000199120482215566,0.0181987245818116,0.688067717115112,0.99995937203639
"Dock8",27.6664891716529,0.000290887920319906,0.0181979389649142,0.578776194888096,0.99995937203639
"9930021J03Rik",12.9011140076325,8.40987154412989e-05,0.0181998338929961,0.852880854588582,0.99995937203639
"Uhrf2",16.0018880698655,-0.000107943820952366,0.0181991803920792,0.821696038448401,0.99995937203639
"Pten",14.9726623968487,-2.62766104830447e-05,0.0181991048343896,0.956509228928105,0.99995937203639
"Kif20b",20.274188920585,-0.000171167361662462,0.0181986640716775,0.731158025770393,0.99995937203639
"Pcgf5",21.9889095370438,-0.000302301899308833,0.0181982880626424,0.55467625132292,0.99995937203639
"Tnks2",25.6041133869562,4.97112070059127e-05,0.0181979837803254,0.924188691922742,0.99995937203639
"Btaf1",16.3451761602296,2.70903000808798e-05,0.0181989667586729,0.955640265912041,0.99995937203639
"Kif11",30.7781449915692,5.00484517215167e-05,0.0181978089149761,0.924546592919991,0.99995937203639
"Hells",23.9585843547807,-7.40438681176287e-05,0.0181981175251488,0.886277310459805,0.99995937203639
"Tm9sf3",15.0841124618286,8.89189700753223e-05,0.0181991491335346,0.853082995625055,0.99995937203639
"Lcor",28.031306068289,0.000289812730467315,0.0181980844954198,0.576484941172463,0.99995937203639
"Gbf1",20.4055975961733,-0.000333432655817467,0.0181985136093141,0.507940294674887,0.99995937203639
"Smc3",15.6676411954578,0.000292966493789809,0.0181989899167956,0.546756561674911,0.99995937203639
"Pdcd4",17.3025327840657,-0.000269944685301132,0.0181991796394753,0.573057435796882,0.99995937203639
"Vti1a",45.9333671981379,0.000478147174446979,0.0181996596362581,0.29904772882229,0.99995937203639
"Nhlrc2",15.8177526498993,-1.34199571347403e-05,0.0181989341293751,0.978071323049919,0.99995937203639
"Ablim1",43.2407616568666,0.000100247238507605,0.0181992281397216,0.833596318486923,0.99995937203639
"Eif3a",34.986509992799,0.000238889852918529,0.0181979125655216,0.649009950222721,0.99995937203639
"Usp9x",14.9205570765884,7.71289635942252e-05,0.0181992825292305,0.87103175595015,0.99995937203639
"Kdm6a",15.4599500736484,-8.60104620120129e-05,0.0181991914476414,0.857365079578338,0.99995937203639
"Dock11",28.8877176049725,0.000296291307504993,0.0181980747855414,0.568244924869047,0.99995937203639
"Septin6",13.7339805246711,0.00015150824267206,0.0181994365898828,0.746740806135269,0.99995937203639
"Rpl39",65.3755563521878,8.8479024020022e-05,0.0182023296548186,0.79407275685516,0.99995937203639
"Thoc2",28.4690032015995,-0.000293648652077137,0.0181979664856894,0.574480111726011,0.99995937203639
"Xiap",15.8675209011182,-0.000196874430529713,0.0181989745592517,0.685852275614098,0.99995937203639
"Stag2",24.4529230661115,0.000321901141146753,0.0181981547751122,0.533067457201049,0.99995937203639
"Enox2",32.0118792663398,0.000636750686584824,0.018197895199844,0.2256027317041,0.99995937203639
"Phf6",17.4914284886882,0.000117443028400215,0.0181986927174202,0.813246237749595,0.99995937203639
"Arhgef6",16.7390392025975,0.000219918634101502,0.0181988473317736,0.654521564825725,0.99995937203639
"Mecp2",14.0272289405756,5.89404255733244e-05,0.0181995275603943,0.899268046253622,0.99995937203639
"Tbl1x",27.4311865207741,-5.83471518080664e-05,0.0181979176520509,0.911456531446557,0.99995937203639
"Pola1",41.4791945682019,7.96319089633352e-05,0.0181989679060202,0.870105053539132,0.99995937203639
"Msn",36.3519157202838,-0.000455235757373525,0.0181981887333521,0.376930327996718,0.99995937203639
"Ar",14.2989022310415,8.85910248211237e-05,0.0181994750494454,0.84975240458482,0.99995937203639
"Kif4",20.9202620929476,-2.03318270312712e-05,0.0181989510643872,0.966739559569935,0.99995937203639
"Ogt",20.0253002681462,-0.000547862023991984,0.0181986950454144,0.270361694769777,0.99995937203639
"Rps4x",75.6158183214183,-6.09803254694627e-05,0.0182025018154049,0.853218143364465,0.99995937203639
"Hdac8",13.958083675459,0.000422233700788928,0.0181999289995234,0.347739308158878,0.99995937203639
"Atrx",50.0733149391286,-0.000390914189120169,0.0182001773359842,0.373778966988803,0.99995937203639
"Pgk1",14.7913530043012,-1.43484805048687e-07,0.0181991478364869,0.999761594782388,0.99995937203639
"Diaph2",36.8522747384643,0.000402927868399705,0.0181986616679019,0.418712025263193,0.99995937203639
"Acsl4",26.8180667588481,0.000273133116489678,0.0181981880549047,0.596043266653776,0.99995937203639
"Tmem164",23.8643530195642,-4.66610425207513e-05,0.0181981133018414,0.928207454268361,0.99995937203639
"Huwe1",51.1711808221037,-0.000162138135752644,0.0182004595742742,0.704608060185393,0.99995937203639
"Smc1a",24.2075086441881,-0.00025258704428516,0.0181983186157605,0.620838008674022,0.99995937203639
"Rps6ka3",29.7623923945596,4.49550511014317e-05,0.0181984819921851,0.929034895029058,0.99995937203639
"Sh3kbp1",40.2136313261869,-0.000176223921606357,0.0181985499183038,0.725726661445275,0.99995937203639
"Tmsb4x",220.626261846057,1.33637465319612e-05,0.0182034745948655,0.96061612051652,0.99995937203639
"Uty",15.3787587802496,-0.000625176465700495,0.0181992819227879,0.188219627585398,0.99995937203639
"mt-Nd1",391.806734973077,-0.0013784517414179,0.0181813366590438,0.14090199265524,0.99995937203639
"mt-Nd2",170.979561874876,-0.000615603612676263,0.0181971497637998,0.263577341079329,0.99995937203639
"mt-Co1",461.485719134087,-0.00280333593357059,0.0181759013639704,0.00680015387971352,0.99995937203639
"mt-Co2",379.79406439711,-0.00198367621322055,0.0181807305217104,0.0363564996836937,0.99995937203639
"mt-Atp8",27.6220713296447,-0.000788576620241395,0.0181982570584928,0.124108435579176,0.99995937203639
"mt-Atp6",395.289591393081,-0.00231491563022055,0.01818159880997,0.0129099838876516,0.99995937203639
"mt-Co3",272.367889266802,-0.00173897531947797,0.0181903288607298,0.0191184380177984,0.99995937203639
"mt-Nd4l",72.7615133512901,-0.000278246394413853,0.0182009829580312,0.491875493420965,0.99995937203639
"mt-Nd4",247.142860765202,-0.000579038453729722,0.0181923822616251,0.401456049763803,0.99995937203639
"mt-Nd5",90.7415704179293,-0.000423832207346479,0.0182005928284189,0.315192401272784,0.99995937203639
"mt-Cytb",264.404361966993,-0.00108117677080375,0.0181911090300906,0.134712248311314,0.99995937203639
