"","p_val","avg_log2FC","pct.1","pct.2","p_val_adj"
"H2-K1",3.68168731514893e-305,-0.332673505764365,1,1,8.17224133343607e-301
"B2m",2.89860500749539e-303,-0.290901180496224,1,1,6.43403353513752e-299
"Ly6a",3.69088877658189e-277,-1.54129712065056,0.701,0.897,8.19266581737882e-273
"Ssr2",1.39526125170627e-261,-0.851447256902487,0.8,0.96,3.09706140041242e-257
"H2-D1",1.66052742717825e-226,-0.231805615887026,0.999,1,3.68587273010757e-222
"Serpina3g",2.39417314014425e-218,-1.90322958546752,0.335,0.636,5.3143461191782e-214
"Sub1",2.54772562407002e-190,-0.392131829654932,0.998,1,5.65518656774823e-186
"Xbp1",2.77440048121691e-190,-0.673944341480552,0.91,0.98,6.15833674815717e-186
"Vim",8.39782571646015e-178,0.666220149369081,0.995,0.976,1.86406537428266e-173
"Mcl1",1.22628533948169e-177,-0.556541568080442,0.896,0.968,2.72198556804752e-173
"Ostc",7.94375633413519e-175,-0.535936188626085,0.962,0.994,1.76327559348799e-170
"Iigp1",3.05340460462797e-173,-0.759291837096115,0.93,0.976,6.77764220089271e-169
"Rps29",6.34288198800933e-173,0.220221456728095,1,1,1.40792951487843e-168
"Tap1",1.62225548478844e-162,-0.616824174378015,0.821,0.941,3.60092049958489e-158
"Slc4a7",1.10783816510316e-159,-1.34641020222443,0.673,0.827,2.45906837507949e-155
"H3f3a",3.93884299751111e-159,-0.295490300587567,0.998,1,8.74304980157542e-155
"Erp29",5.59579649857964e-158,-0.697998661806384,0.824,0.955,1.24209894878972e-153
"Igtp",1.19062898636078e-156,-0.427129088419216,0.979,0.995,2.64283916102502e-152
"Morf4l1",3.74703537911181e-140,-0.350691068448657,0.991,0.999,8.31729443101449e-136
"Shisa5",7.06049410768569e-139,-0.334362812399401,0.994,0.998,1.56721787708299e-134
"Gm10076",5.39276269874193e-136,-0.341823763324458,0.998,0.999,1.19703153623975e-131
"Ifi47",2.019108671728e-130,-0.413671862413278,0.975,0.99,4.48181551863464e-126
"Rps27a",3.95776471341566e-129,-0.180232685817911,1,1,8.78505033436874e-125
"Cd53",8.95636032867769e-128,-0.426969523846405,0.983,0.995,1.98804330215659e-123
"Stmn1",1.4538281046525e-126,0.39114537082123,0.996,0.989,3.22706224389716e-122
"Gimap7",1.77207032618676e-120,-0.427936442637545,0.904,0.97,3.93346450303675e-116
"Psma5",2.21895725596487e-120,-0.387342508570613,0.987,0.997,4.92541942106523e-116
"Crip1",1.76708043674143e-119,1.18940249196568,0.649,0.44,3.92238844543496e-115
"Mbnl1",7.75353104586778e-114,0.275566619142744,1,1,1.72105128625127e-109
"Tube1",1.17384940724203e-109,-1.44811484325683,0.266,0.491,2.60559352925513e-105
"Tap2",1.36580835361395e-109,-0.375082696451663,0.928,0.973,3.03168480251689e-105
"Itm2b",3.9829769156898e-109,-0.226282816683131,0.998,0.999,8.84101385975666e-105
"Uba52",1.95692791752676e-108,-0.421405932306799,0.935,0.984,4.34379289853416e-104
"Tcf7",1.83149108500209e-106,0.940927635947945,0.772,0.596,4.06536076137913e-102
"Tpm3",5.17672013202681e-106,0.255656073448242,0.998,1,1.14907656770599e-101
"Rpl7",1.60271225507669e-105,-0.190891202193374,1,1,3.55754039259373e-101
"Cd82",2.17555069219294e-105,-0.827339459200526,0.63,0.794,4.82906987146066e-101
"Lta",9.22490135237233e-103,-0.736264885785128,0.764,0.914,2.04765135318609e-98
"Slfn1",1.58839505588874e-102,-0.381372494741908,0.958,0.985,3.52576050555625e-98
"Rps21",1.95294908869562e-101,0.161747039895486,1,1,4.33496109217767e-97
"Socs1",7.32914588239201e-101,-0.334252849640286,0.983,0.994,1.62685051151456e-96
"Zbp1",1.27617954445318e-100,-0.445248702980832,0.773,0.879,2.83273573482272e-96
"Eif4e2",1.21968011650469e-98,-0.485351387803675,0.849,0.951,2.70732395460545e-94
"Klrk1",2.88981436263901e-98,-1.35823258521539,0.227,0.476,6.41452094074982e-94
"Selenos",2.41176228336865e-96,-0.522595236207404,0.888,0.956,5.3533887403934e-92
"Eomes",5.61934639130727e-96,-1.38321993716906,0.336,0.585,1.24732631847847e-91
"Myh9",6.53042853903079e-96,0.443524645694538,0.991,0.981,1.44955922280866e-91
"Cdk6",2.82396645742777e-95,-0.343612138174847,0.977,0.996,6.26835834555243e-91
"Ppib",5.90131029613448e-95,-0.294586856981479,0.993,0.998,1.30991384643297e-90
"Flna",3.80814727514581e-94,0.827769292101528,0.769,0.629,8.45294450664116e-90
"Rplp2",2.10379482194026e-93,0.142518021642276,1,1,4.66979336626079e-89
"Rpsa",2.37615004095296e-92,0.132843243447685,1,1,5.27434024590328e-88
"Rpl39",3.96287713599776e-92,0.163522378777513,1,1,8.79639837877423e-88
"Eif3a",5.4916547453201e-91,0.205543501217678,1,0.999,1.2189826038187e-86
"Rpl29",3.19466115977271e-89,-0.399968318472884,0.932,0.98,7.09118937634747e-85
"Rps28",3.97486158513057e-89,0.152285476860397,0.999,1,8.82300026051434e-85
"Nap1l1",4.17871168825403e-89,0.169945689161529,0.999,0.999,9.27548633441747e-85
"Cdkn1a",7.55172547926087e-89,-0.789900752262133,0.646,0.791,1.67625650463154e-84
"Tmpo",9.23547965613747e-89,0.398159424677732,0.952,0.931,2.04999941927283e-84
"Rpl9",9.96975941286516e-89,-0.155581527864832,1,1,2.21298749687368e-84
"Vav3",2.40397120220045e-88,-0.893020541246483,0.578,0.763,5.33609487752435e-84
"Oaz1",2.7642971650572e-88,-0.145210487002262,1,1,6.13591041727747e-84
"Uhrf1",8.10267639926545e-88,0.457562906324449,0.823,0.768,1.79855108034495e-83
"Rplp1",2.84284079721193e-87,0.126665755528903,1,1,6.31025371757132e-83
"Rpl38",6.73560757361801e-87,0.151777507707234,1,1,1.49510281311599e-82
"Tnfrsf4",1.43327162269734e-86,-0.612483813714097,0.759,0.889,3.18143302090129e-82
"F2rl2",1.09798986813939e-85,-1.67519297755116,0.142,0.34,2.437208110309e-81
"Nop56",1.39223973351739e-84,0.307536233584428,0.978,0.973,3.09035453648854e-80
"Rps3a1",2.95857352210297e-84,-0.148189715189909,1,1,6.56714564701197e-80
"Bak1",2.94180062533897e-83,-0.846397560633525,0.404,0.635,6.52991484806492e-79
"Gm4951",8.33845384652836e-83,-0.461453255476922,0.929,0.975,1.8508866003139e-78
"Ncl",8.41880328374601e-83,0.120031517422079,1,1,1.8687217648931e-78
"Hells",2.748580652417e-81,0.381073345479167,0.89,0.848,6.10102447417002e-77
"Psma7",5.0831758413052e-81,-0.252658646648587,0.998,0.999,1.12831254149452e-76
"Cd2",6.69543492019008e-81,-0.321986035784703,0.975,0.995,1.48618568923459e-76
"F2r",2.0452969187407e-80,-0.754646571439244,0.536,0.709,4.53994557052873e-76
"Irf1",2.11071766685473e-80,-0.463762512003993,0.866,0.927,4.68516000511745e-76
"Cbx5",2.29666187530893e-80,0.394544412658745,0.86,0.798,5.09790036462322e-76
"Ndfip1",3.13562719399807e-80,-0.280183799273924,0.991,0.997,6.96015168251751e-76
"Ecm1",3.27203192393163e-80,-1.1587631480808,0.284,0.445,7.26292926155104e-76
"Il12rb2",8.29038462913379e-79,-0.833402897796854,0.548,0.736,1.84021667612883e-74
"Tdg",9.60061503748127e-79,-0.813249520372492,0.411,0.653,2.13104851986972e-74
"Gbp2",1.47937494166094e-78,-0.581819868556669,0.682,0.806,3.28376855800479e-74
"Spcs2",2.92774052876798e-77,-0.266221672916593,0.996,0.999,6.49870565170628e-73
"S100a13",3.7592977519029e-77,-0.426669819451778,0.971,0.988,8.34451321989887e-73
"Prelid2",5.66209089874177e-77,-0.327147873618532,0.971,0.987,1.25681431679371e-72
"Ubb",1.65180854323413e-76,-0.27680633547862,0.997,0.999,3.66651942341679e-72
"Mybbp1a",3.03980435067416e-76,0.239294470108459,0.968,0.967,6.74745371719142e-72
"Fau",3.47053905895537e-75,0.138822104846831,1,1,7.70355554916323e-71
"Tmbim6",5.71600713138492e-75,-0.222246619465452,0.995,0.998,1.26878210295351e-70
"Trim30a",1.15824466828435e-74,-0.327966870620462,0.932,0.961,2.57095569019076e-70
"Il2rb",1.89200389589001e-72,-0.476902944290512,0.904,0.962,4.19968104770704e-68
"Hspa5",2.41918127342478e-72,-0.388594565609755,0.997,1,5.36985667262099e-68
"Hp1bp3",1.04111592397839e-71,0.368748785647693,0.992,0.987,2.31096501645483e-67
"mt-Co1",4.27282639833177e-70,0.216925107016954,0.999,0.998,9.48439275637704e-66
"Psma4",1.62297456753775e-69,-0.267786837563715,0.991,0.998,3.60251664756353e-65
"Selenof",3.19680982781874e-69,-0.293215408498161,0.961,0.987,7.09595877480925e-65
"Stat4",4.1643251937486e-69,-0.46980561405017,0.872,0.94,9.24355263256376e-65
"Isg20",7.15524595955894e-69,-0.479226834897472,0.732,0.866,1.5882499456433e-64
"Dut",2.52341644885998e-68,0.198839120454803,0.989,0.988,5.6012274915345e-64
"Gzmb",5.40085793954296e-68,-1.24163648560915,0.491,0.694,1.19882843684035e-63
"Atf3",6.92558618027037e-68,-2.04431023566436,0.053,0.193,1.53727236443461e-63
"Pdia3",1.34688235821445e-67,-0.228980381422997,1,1,2.98967477052862e-63
"Isg15",3.7584988447246e-67,-0.537406922679835,0.56,0.727,8.34273988563519e-63
"Tapbp",1.64511281992383e-66,-0.322833260695031,0.899,0.953,3.65165692638493e-62
"Mcm6",9.83988759264703e-66,0.367365780284963,0.876,0.825,2.18415984893986e-61
"Hnrnpu",1.4324673159437e-65,0.151168550425584,1,0.999,3.17964770120023e-61
"Ltb",2.05517714201797e-65,-0.192007701681521,0.996,0.998,4.5618767021373e-61
"Plaat3",2.32188755555797e-65,-0.30418101109756,0.813,0.897,5.15389380707204e-61
"Psme2",2.77422679164327e-65,-0.171359534102087,0.997,0.999,6.15795120941057e-61
"Ctss",9.60202399960065e-65,-0.35194371375119,0.78,0.876,2.13136126719136e-60
"Serpina3f",1.42241718930057e-64,-1.7075257798911,0.066,0.206,3.15733943509048e-60
"Irgm1",1.72371821908885e-64,-0.386738803615442,0.849,0.917,3.82613733091153e-60
"Cyb5a",1.75308530859568e-64,-0.392531673899833,0.903,0.959,3.89132345948983e-60
"P2ry14",1.84418621866705e-64,-1.94265003930692,0.097,0.26,4.09354014957525e-60
"Bst2",2.86302894091508e-64,-0.276961338578048,0.98,0.992,6.35506534014921e-60
"Rpl7a",3.47990995890081e-64,-0.161861663625833,1,1,7.72435613577213e-60
"Ccnb1ip1",5.7643254514964e-64,0.877356001739896,0.38,0.264,1.27950732046866e-59
"Glrx5",6.20086413304179e-64,-0.489654175141961,0.785,0.908,1.37640581161129e-59
"Lgals1",1.73920565843953e-63,0.34652308193965,0.985,0.969,3.86051480003821e-59
"Sell",2.21439088082182e-63,-0.502945075919146,0.754,0.821,4.9152834381602e-59
"Snrpc",2.64381895079886e-63,-0.328162507355842,0.909,0.973,5.86848492508824e-59
"Ubald2",3.76695379181975e-63,-0.373510060239899,0.744,0.854,8.36150733170229e-59
"Mki67",4.80094013629329e-63,0.500920307659257,0.948,0.898,1.06566468205302e-58
"Dnmt1",7.8351975137837e-63,0.286869989732507,0.924,0.908,1.73917879213457e-58
"Kdm5b",1.31352408371152e-62,-0.810072658687516,0.349,0.555,2.91562940861446e-58
"Atxn7l3b",3.48913979900016e-62,-0.489864501138664,0.671,0.815,7.74484361184066e-58
"Baz1b",8.20395046309921e-62,0.304131615915898,0.951,0.94,1.82103088429413e-57
"Lage3",9.25417004920122e-62,-0.562515731895772,0.59,0.782,2.0541481258212e-57
"Emp3",1.51138902365255e-61,0.626291341838639,0.773,0.61,3.35483021580157e-57
"Nptn",5.04913187277182e-61,-0.508244441818675,0.847,0.909,1.12075580179916e-56
"Ifi202b",5.35723491648574e-61,-1.96859662485674,0.076,0.223,1.18914543441234e-56
"Dtl",5.52763917596486e-61,0.453700262087493,0.679,0.589,1.22697006788892e-56
"Pola1",1.36362081520784e-60,0.433610679763488,0.789,0.742,3.02682912351685e-56
"Ncapg2",3.25962583087747e-60,0.488937607425832,0.626,0.539,7.23539145679872e-56
"Uqcrfs1",3.67895734432899e-60,-0.360845694649787,0.907,0.96,8.16618161720706e-56
"Itgb7",1.04544293414816e-59,0.70068513837412,0.731,0.552,2.32056968092867e-55
"Gm50237",1.21821373544211e-59,-0.853297199790184,0.282,0.457,2.70406902856084e-55
"Srp9",1.93697886834999e-59,-0.250697299721899,0.991,0.997,4.29951199407647e-55
"Nefh",3.52022377678422e-59,0.456477023976106,0.609,0.557,7.81384071732794e-55
"Ms4a4b",3.98725180978838e-59,-0.303711102745421,0.925,0.946,8.85050284218726e-55
"Gm4841",7.88845565730444e-59,-1.08599824524614,0.216,0.372,1.75100050225187e-54
"Lrrc32",1.19873542270565e-58,-1.04181044959131,0.175,0.348,2.66083301777974e-54
"Ikzf1",2.09886495266104e-58,0.300612998084972,0.997,0.993,4.6588505354217e-54
"Scand1",2.24420098976994e-58,-0.251152866462721,0.951,0.981,4.98145293699233e-54
"Lef1",2.40295109287985e-58,0.403341828373848,0.997,0.995,5.33383054086541e-54
"Calhm6",3.44005114502663e-58,-0.722830003148294,0.47,0.628,7.63588152661561e-54
"Nop58",3.45272678860533e-58,0.21460833778391,0.993,0.99,7.66401765266724e-54
"Rpl12",1.19605828521815e-57,0.12102671599151,1,1,2.65489057569873e-53
"Tuba1b",1.4891069210465e-57,0.213513223773647,0.964,0.96,3.30537063264692e-53
"Ifi203",4.07615085857005e-57,-0.186385964218325,0.966,0.985,9.04783206076795e-53
"Supt16",7.34476013117891e-57,0.203503405613239,0.989,0.986,1.63031640631778e-52
"Itgb3",1.58832057200088e-56,-0.658700728127836,0.438,0.618,3.52559517367036e-52
"Nfil3",7.18952195931345e-56,-1.05844269404195,0.261,0.457,1.59585818930881e-51
"Atp1b3",1.60802579351696e-55,0.307564658613395,0.991,0.987,3.56933485386959e-51
"Nfkbia",2.19461453569756e-55,-0.585016225292498,0.667,0.79,4.87138588488786e-51
"Rad50",2.22245073770123e-55,0.341060468221048,0.888,0.858,4.93317390247542e-51
"Glipr2",1.2512048453401e-54,-0.336194447456548,0.817,0.898,2.77729939520143e-50
"Rrm1",1.28135506844313e-54,0.280298128847538,0.875,0.864,2.84422384542321e-50
"Morf4l2",1.78066472634462e-54,-0.498156207372232,0.744,0.881,3.95254149306714e-50
"H2-Q7",2.35465320968428e-54,-0.332463254730682,0.802,0.892,5.2266237295362e-50
"Add3",2.59608584203573e-54,0.561239829225311,0.893,0.836,5.76253174356671e-50
"Mcm3",2.78963458538901e-54,0.244051372490979,0.936,0.912,6.19215188918799e-50
"Gng12",2.97096728626566e-54,-0.539977656367631,0.632,0.765,6.59465608532389e-50
"Bax",6.96730399236817e-54,-0.292512852575575,0.992,0.999,1.54653246718596e-49
"Blmh",7.6881117480742e-54,-0.456947480508936,0.706,0.843,1.70653016472003e-49
"Nolc1",9.01973011685955e-54,0.189160054026764,0.964,0.96,2.00210949403931e-49
"Chd7",9.58049620042988e-54,-0.472290183376242,0.877,0.928,2.12658274160942e-49
"Tmem254",1.10696802127085e-53,-1.03461125735021,0.167,0.35,2.45713691681492e-49
"Rps18",1.32145685377365e-53,0.118747531490705,1,1,2.93323777832137e-49
"Lig1",1.36552352167666e-53,0.334895846962116,0.812,0.781,3.03105256106569e-49
"Tbl1xr1",1.55586741157255e-53,0.453986858844173,0.803,0.742,3.45355889346759e-49
"Cyba",3.5097730066124e-53,-0.174018625265156,0.995,0.998,7.79064314277754e-49
"Gimap4",6.75558842740927e-53,-0.168121226863395,0.998,0.999,1.49953796323204e-48
"Psma2",1.38920697971008e-52,-0.164427982179993,0.997,0.999,3.08362273286247e-48
"Cebpb",1.46629729722109e-52,-0.595820215444521,0.66,0.789,3.25474011064165e-48
"Snhg3",1.86990443450215e-52,0.28588153779855,0.927,0.899,4.15062687326442e-48
"Ddx21",2.04595491127986e-52,0.244357029656327,0.98,0.975,4.54140611656791e-48
"Capzb",2.4852460219728e-52,-0.227278683121884,0.99,0.997,5.51650059497302e-48
"Rif1",2.49444410596384e-52,0.273224278342489,0.934,0.916,5.53691758200794e-48
"Egln3",2.58523292693795e-52,-0.949536178898528,0.364,0.553,5.73844152792416e-48
"Mcm7",3.53100328327257e-52,0.349009373688859,0.815,0.78,7.83776798788012e-48
"Atp6v0c",6.82905130395728e-52,-0.384549050888265,0.802,0.901,1.5158445179394e-47
"Ly6e",1.13232877873712e-51,-0.109759970775267,0.999,0.998,2.51343019016278e-47
"Xdh",1.54746943855558e-51,-1.32439463058898,0.145,0.296,3.43491791276182e-47
"Nedd4",2.95677614002325e-51,0.801810769979531,0.289,0.21,6.5631559980096e-47
"Spcs1",4.87598353018931e-51,-0.280115741753838,0.959,0.983,1.08232206419612e-46
"Gbp10",7.43473096291352e-51,-0.596153376749568,0.414,0.577,1.65028723183792e-46
"Cdca7l",1.1853425129837e-50,0.47218212020439,0.741,0.671,2.63110477606991e-46
"Atad2",1.35955880570851e-50,0.32159653055331,0.832,0.798,3.01781268103118e-46
"Smc1a",1.98702698709379e-50,0.279875180022506,0.976,0.97,4.41060380325209e-46
"Emb",2.12165115840104e-50,-0.478016940556021,0.842,0.864,4.70942907630278e-46
"Tmed2",2.30280384870145e-50,-0.255919815244631,0.983,0.992,5.11153370296261e-46
"Gimap1os",3.48148808930062e-50,-0.551385878881301,0.501,0.66,7.72785911182059e-46
"Pdia6",3.65778674844129e-50,-0.344218181118836,0.976,0.99,8.11918924551513e-46
"Manf",4.46258124751016e-50,-0.406944669519075,0.976,0.994,9.90559159509831e-46
"Slc35b1",4.53200092753915e-50,-0.50901562029163,0.62,0.771,1.00596824588587e-45
"Gbp2b",4.84023619397804e-50,-0.436193380801958,0.739,0.821,1.07438722797731e-45
"Gimap5",8.32178063331612e-50,-0.513626018774998,0.662,0.808,1.84718564717718e-45
"Kcnab2",1.16668373339671e-49,0.458400281559436,0.754,0.7,2.58968788302067e-45
"Sec11c",1.844784045718e-49,-0.291156068045455,0.955,0.981,4.09486714628025e-45
"Bola2",1.85295318316092e-49,0.292744812490745,0.828,0.802,4.1130001806623e-45
"Tnfrsf18",2.52975843214617e-49,-0.333440323742574,0.893,0.955,5.61530479183484e-45
"Id2",3.71805461027839e-49,-0.620997650120121,0.865,0.924,8.25296581843494e-45
"Cdc6",5.56006758607384e-49,0.440551253080417,0.536,0.465,1.23416820208081e-44
"Iqgap1",5.66693537646653e-49,0.319180288859287,0.975,0.965,1.25788964551428e-44
"Arhgef18",6.46180809344033e-49,0.696619885958998,0.669,0.556,1.43432754250095e-44
"Mms22l",1.79265881939733e-48,0.469714809734482,0.615,0.569,3.97916478141625e-44
"Rps27",2.2371121275015e-48,0.155402844556176,1,1,4.96571778941507e-44
"Hmgb2",2.39258907237593e-48,0.205999763820045,1,1,5.31082996395286e-44
"Sp140",2.55373151901361e-48,-0.379029710167229,0.576,0.712,5.6685178527545e-44
"Rps27l",3.70158250283544e-48,-0.230257086503033,0.999,1,8.21640268154383e-44
"Brca2",4.22463805137182e-48,0.465933034676703,0.592,0.51,9.37742908263004e-44
"Xaf1",4.89218463180565e-48,-0.269151804303214,0.794,0.874,1.0859182227219e-43
"Tspan31",5.30007137139725e-48,-0.560639439817467,0.471,0.657,1.17645684230905e-43
"Fam229b",6.46871939398897e-48,-1.39072411443514,0.075,0.189,1.43586164388373e-43
"Stag1",1.2053511329722e-47,0.299519037433556,0.936,0.934,2.67551790985838e-43
"Phf10",1.33762815879498e-47,-0.692821376620678,0.423,0.613,2.96913322407722e-43
"Myo1g",1.38572376875983e-47,0.459417199702371,0.784,0.717,3.0758910495162e-43
"Gzma",1.48522848653925e-47,-2.28695722049476,0.019,0.103,3.29676167157117e-43
"Chmp4b",2.80232630316968e-47,-0.251351522705765,0.955,0.981,6.22032369514574e-43
"Mcm10",3.16840156817029e-47,0.466542536933109,0.461,0.384,7.03290096086759e-43
"Skap1",8.18354404722138e-47,0.280955481524313,0.999,0.997,1.81650127216173e-42
"Pcna",1.03019396428006e-46,0.20872486688749,0.93,0.925,2.28672154251246e-42
"Ap2s1",1.93222693022315e-46,-0.273571519024858,0.924,0.969,4.28896411701633e-42
"Jarid2",1.98260232904732e-46,-0.184488031724154,0.995,0.999,4.40078238978633e-42
"Polr2a",3.91291958516157e-46,0.385284103737378,0.9,0.864,8.68550760318313e-42
"Gtf2e2",5.20472643313931e-46,-0.653854046251936,0.401,0.604,1.15529312636393e-41
"Mndal",5.28764203433043e-46,-0.130090234126766,0.981,0.987,1.17369790236033e-41
"Wdr76",5.84666971966959e-46,0.434146951717928,0.672,0.591,1.29778527767506e-41
"Selenok",8.26976904153259e-46,-0.271541949195029,0.942,0.973,1.83564063414899e-41
"Khsrp",1.09880342185788e-45,0.353848758713471,0.796,0.763,2.43901395549794e-41
"Racgap1",1.19313165989404e-45,0.62292939245388,0.616,0.495,2.64839434546679e-41
"Apol7c",1.83063925060989e-45,-2.59223576553205,0.018,0.088,4.06346994457877e-41
"Ccnd2",3.21673938841205e-45,-0.219990961982994,0.991,0.994,7.14019642045822e-41
"Tet2",6.92073956306371e-45,-0.501420379099245,0.597,0.736,1.53619656081325e-40
"Smc4",7.58901341913703e-45,0.326243474737014,0.964,0.954,1.68453330864585e-40
"H1f0",1.46257552641099e-44,-0.731476522710148,0.348,0.479,3.24647889597448e-40
"Fabp5",1.53974388773603e-44,0.125681335164045,0.976,0.977,3.41776950760766e-40
"Clspn",2.51485422623969e-44,0.373477878163209,0.557,0.498,5.58222192598423e-40
"Gbp4",2.78837158055646e-44,-0.258749719407729,0.963,0.979,6.18934839736117e-40
"Ms4a6b",3.04066125524115e-44,-0.138633959074024,0.991,0.994,6.74935578825879e-40
"Tgtp1",6.69605889196299e-44,-0.623143752819111,0.367,0.518,1.48632419224903e-39
"Asb2",9.28446457915212e-44,-0.919364094656966,0.286,0.482,2.0608726026344e-39
"AI662270",9.89639770719778e-44,-0.266138559502592,0.956,0.985,2.19670339906669e-39
"Gatad1",1.34523965140112e-43,-0.39659759663704,0.735,0.839,2.98602845421506e-39
"Chic2",2.02130997604551e-43,-0.313947229098692,0.785,0.888,4.48670175382821e-39
"Arf5",2.61822605057428e-43,-0.141103308106647,0.994,0.999,5.81167636445973e-39
"Ssh2",3.27706311643157e-43,0.386506569151424,0.926,0.88,7.27409699954315e-39
"Fth1",3.47688299112997e-43,0.130635390040802,1,1,7.71763717541119e-39
"Dek",6.59974238211016e-43,0.199543232321583,0.994,0.991,1.46494481655699e-38
"Mcm2",9.34313527984095e-43,0.284339052216755,0.86,0.833,2.0738957380663e-38
"Pcbp2",1.12011077781759e-42,0.166256729478041,0.995,0.995,2.4863098935217e-38
"Rangap1",2.83894066684098e-42,0.28002041961968,0.86,0.83,6.30159659818692e-38
"Tes",3.89727663658455e-42,-0.333832260269884,0.923,0.954,8.65078495022673e-38
"Klf3",4.03393724734711e-42,-0.306867233102585,0.718,0.856,8.95413050793638e-38
"Ccdc28b",8.5466574960384e-42,-1.51420849332373,0.048,0.147,1.89710156439564e-37
"Epsti1",8.98640326513967e-42,-0.303114672083479,0.785,0.876,1.99471193276305e-37
"Ifi44",1.4638637075053e-41,-0.541431316212366,0.437,0.573,3.24933827154952e-37
"Otulin",1.79827474593071e-41,-0.465017256010626,0.654,0.761,3.99163045354239e-37
"Gpr171",1.86378173870734e-41,-0.557696224138012,0.547,0.692,4.13703632540869e-37
"Il4ra",1.9745039442646e-41,-0.42540703933137,0.748,0.837,4.38280640508414e-37
"Phf5a",2.46040606955064e-41,-0.332168632561269,0.873,0.953,5.46136335258155e-37
"Ak2",2.58156098906059e-41,-0.350767372825067,0.913,0.961,5.73029092741779e-37
"Rpl15",2.72090602375171e-41,-0.116273081206375,1,1,6.03959510092168e-37
"Ei24",2.76934248870922e-41,-0.446487411806243,0.498,0.646,6.14710952218785e-37
"Bub1b",3.1152209981111e-41,0.472890914128281,0.661,0.567,6.91485604950721e-37
"Arl6ip5",3.97721642203769e-41,-0.259354602351259,0.947,0.972,8.82822729199707e-37
"Mrps14",4.03794940885516e-41,-0.220285493179552,0.979,0.992,8.9630363028358e-37
"Mdn1",9.07423844491589e-41,0.324996817708903,0.819,0.793,2.01420870761798e-36
"Cdk8",1.00738242062061e-40,0.320174537049701,0.82,0.804,2.23608675905157e-36
"Erp44",1.00755319913166e-40,-0.350244765781645,0.787,0.879,2.23646583611255e-36
"Cdca7",1.15398849031709e-40,0.326574499718543,0.824,0.784,2.56150825195684e-36
"Mthfd1l",2.00125216620521e-40,0.294700929536448,0.766,0.741,4.44217943332571e-36
"Naa15",2.219671363718e-40,0.220737148847048,0.978,0.978,4.92700452604484e-36
"Lif",2.27401482434566e-40,-0.550859932052811,0.485,0.635,5.04763070560005e-36
"Smc6",2.95283668269662e-40,0.255045076919043,0.978,0.956,6.55441158458168e-36
"Gprin3",3.00594390724497e-40,-0.472109049072375,0.615,0.75,6.67229369091165e-36
"Dgkz",3.60932071597708e-40,0.377509740552137,0.823,0.784,8.01160919325432e-36
"Eif4g2",5.45799622156017e-40,0.121497576025812,0.999,0.998,1.21151142129971e-35
"Brca1",5.78319575543764e-40,0.506451316628489,0.356,0.287,1.28369596183449e-35
"Birc3",7.53136982153084e-40,-0.503929048230427,0.493,0.637,1.6717381592852e-35
"Ift20",8.57274961557017e-40,-0.458387096376162,0.528,0.678,1.90289323216811e-35
"Ube2l6",1.03508451408631e-39,-0.768142995449847,0.18,0.306,2.29757709591739e-35
"Ddost",1.26309454263762e-39,-0.341487766424617,0.842,0.914,2.80369095629274e-35
"Cycs",1.41372078140161e-39,-0.298495925967756,0.975,0.993,3.13803601847715e-35
"Gbp6",1.45129894352706e-39,-0.355230862241901,0.698,0.81,3.22144826494702e-35
"Prelid1",1.50281790834777e-39,-0.157970928302931,0.998,0.999,3.33580491115955e-35
"Bin2",1.54749660212516e-39,0.469523106514757,0.81,0.766,3.43497820773721e-35
"Lrrfip1",1.81856428105429e-39,0.317792658792605,0.938,0.919,4.03666713465621e-35
"Tomm6",2.22905767193836e-39,-0.261436680693542,0.961,0.984,4.94783931440158e-35
"Nudcd2",2.29509365096767e-39,-0.391441829000279,0.848,0.928,5.09441937705294e-35
"Wdhd1",2.33311005957607e-39,0.452433675336519,0.539,0.467,5.17880439924101e-35
"Rab19",2.54394245571603e-39,-0.581358306677276,0.34,0.48,5.64678906895287e-35
"Golga7",2.66146702100591e-39,-0.405199696062774,0.635,0.783,5.90765834652681e-35
"Slc35b4",2.67895245217785e-39,-0.588550405881209,0.404,0.568,5.94647075809918e-35
"Chek1",6.25096152997337e-39,0.399353365102177,0.549,0.479,1.38752593080819e-34
"Rad51b",7.17900395686784e-39,0.546510782564216,0.456,0.377,1.59352350830595e-34
"Epas1",7.68617836121208e-39,-2.38099161419685,0.024,0.099,1.70610101083825e-34
"Zfp608",8.67562078860944e-39,-0.933669972330542,0.254,0.407,1.92572754644764e-34
"Ipo7",9.25416788833834e-39,0.239489765252134,0.904,0.89,2.05414764617446e-34
"Chd4",9.287959985364e-39,0.196861240934591,0.989,0.991,2.06164847795125e-34
"Cited2",1.25664513169291e-38,-0.437291426446652,0.695,0.786,2.78937519881875e-34
"Thap12",1.32423330944728e-38,0.30580261377492,0.806,0.756,2.93940067698014e-34
"Hnrnpa3",1.61110603912208e-38,0.10903533072043,0.999,1,3.57617207503929e-34
"Parp9",2.27294065046004e-38,-0.255376922977481,0.79,0.875,5.04524636182615e-34
"Wdr43",2.50604006222398e-38,0.247223383725726,0.965,0.959,5.56265712611858e-34
"Dad1",3.3682365702599e-38,-0.282194975651126,0.942,0.976,7.47647471500589e-34
"Smad7",3.82436778552454e-38,0.864474095423964,0.41,0.286,8.48894917352882e-34
"Thrap3",3.93504259063451e-38,0.205049708027998,0.988,0.985,8.73461403843142e-34
"1700017B05Rik",5.57487745864938e-38,0.616595032414228,0.356,0.274,1.2374555494964e-33
"Lilrb4a",5.97549482601336e-38,-1.16544060261397,0.164,0.308,1.32638058653019e-33
"Myo6",6.5533365743606e-38,-0.753484896382547,0.404,0.547,1.45464411941082e-33
"Rbbp7",8.42287815162581e-38,0.178654560177194,0.98,0.979,1.86962626331638e-33
"Cd47",1.11441234673581e-37,-0.125179739837655,0.999,0.999,2.47366108604947e-33
"Ubap2l",1.19704413523165e-37,0.251723690939806,0.962,0.957,2.6570788669737e-33
"Dynlrb1",1.28210247327482e-37,-0.30367146145724,0.821,0.901,2.84588285992812e-33
"Gm19585",1.38903841536139e-37,-0.565039967891174,0.562,0.718,3.08324857057768e-33
"Dnajb11",1.77675874708481e-37,-0.380102002257596,0.857,0.928,3.94387139090416e-33
"Tubb5",3.05434191325018e-37,0.147316749052796,0.982,0.974,6.77972274484143e-33
"Tpx2",3.15022218421362e-37,0.340753721893811,0.832,0.76,6.99254818229898e-33
"Uqcr11",3.95705589703117e-37,0.148640003719483,0.985,0.988,8.78347697464009e-33
"E2f2",4.8720263148069e-37,0.79858022402194,0.326,0.23,1.08144368109769e-32
"Ifi30",5.2816706583194e-37,-0.941396730544416,0.184,0.338,1.17237243602716e-32
"Camk1d",5.50404805355429e-37,0.377038969334915,0.972,0.971,1.22173354644745e-32
"Rad21",5.78456428384119e-37,0.330622710494537,0.913,0.894,1.28399973408423e-32
"Eif5a",8.96742726599096e-37,-0.201226170882478,0.999,1,1.99049983023201e-32
"Ndufb6",9.64875399382351e-37,-0.273111388465437,0.915,0.963,2.14173392400901e-32
"Mcm4",9.73417037218789e-37,0.200679624322262,0.938,0.929,2.16069379751454e-32
"Hirip3",9.8781307534814e-37,0.360044599298121,0.576,0.533,2.19264868335027e-32
"Macf1",1.17423781147938e-36,0.296735824468283,0.978,0.97,2.60645567014079e-32
"Ccne2",1.3949833341042e-36,0.465158654754154,0.396,0.333,3.09644450671108e-32
"Hsp90b1",1.6289262032946e-36,-0.231316718149241,0.999,1,3.61572749345301e-32
"Tgtp2",2.71922434731923e-36,-0.408714753318437,0.524,0.662,6.03586228374449e-32
"Mbnl3",2.75019605478316e-36,0.468772327211017,0.585,0.515,6.10461018280219e-32
"Snx5",3.06526410994384e-36,0.189734183234198,0.983,0.982,6.80396674484233e-32
"Akap13",3.10254055714059e-36,0.380541831667294,0.994,0.992,6.88670927468496e-32
"Izumo1r",3.19258579874502e-36,-0.452857502187972,0.624,0.751,7.08658269747433e-32
"Ssrp1",3.57354041091485e-36,0.172687529695004,0.954,0.955,7.93218765010768e-32
"Lyst",5.29402042515159e-36,-0.452886213534491,0.806,0.876,1.1751137137709e-31
"Fasn",7.5373264146159e-36,0.306208034740111,0.737,0.719,1.67306034425229e-31
"Usp1",7.63310721659755e-36,0.222142410055075,0.872,0.847,1.69432080886816e-31
"Irf8",9.73469677397258e-36,-0.63789283373286,0.551,0.706,2.16081064291869e-31
"Fkbp1a",1.010831455408e-35,-0.240589345029849,0.983,0.993,2.24374258156914e-31
"Fut8",1.39210440060532e-35,-0.53677710163321,0.733,0.847,3.09005413802362e-31
"Ms4a4c",1.78723880321445e-35,-0.850019428694555,0.182,0.288,3.96713397149511e-31
"Ppat",2.02826897838699e-35,0.222521858944484,0.834,0.808,4.50214865132559e-31
"Sem1",2.04233478270664e-35,-0.112049260845556,0.998,1,4.53337051717393e-31
"Tram1",2.1603371729217e-35,-0.24928038764991,0.944,0.973,4.7953004227343e-31
"Stat3",3.22348893019644e-35,-0.300649552553336,0.793,0.874,7.15517837835704e-31
"Srpk1",3.8795248569709e-35,0.237179154443195,0.944,0.935,8.61138132501831e-31
"Bsg",7.6011835294113e-35,-0.257530932910534,0.969,0.989,1.68723470802343e-30
"Atp13a3",8.2482548349437e-35,0.296745080890754,0.863,0.855,1.83086512571245e-30
"Dgka",9.71724153737972e-35,0.526742773551268,0.849,0.774,2.15693610405218e-30
"Vdac1",1.11411014154663e-34,0.160781287174893,0.974,0.973,2.47299028119105e-30
"Tcf20",1.19439010154086e-34,0.30995942152218,0.942,0.92,2.65118770839025e-30
"Topbp1",1.42183790310845e-34,0.23373399220295,0.91,0.901,3.15605359352982e-30
"Timeless",1.54789990431405e-34,0.456717638965683,0.55,0.474,3.4358734176059e-30
"Pole",1.56043459577248e-34,0.410772398340979,0.527,0.468,3.46369667223618e-30
"Pom121",1.63507717624596e-34,0.382412798440605,0.624,0.585,3.62938080811315e-30
"H3f3b",2.00760555250679e-34,-0.163381867140322,1,1,4.45628204489933e-30
"Kpna3",2.98653373362024e-34,0.267355483775652,0.779,0.757,6.62920892851684e-30
"Atad5",4.43890926469843e-34,0.324006387780228,0.636,0.588,9.8530468948511e-30
"Bcl11b",5.03658092816439e-34,0.305320915084799,0.995,0.989,1.11796986862465e-29
"Rtp4",6.35401701337385e-34,-0.287123498110798,0.579,0.67,1.41040115645859e-29
"Fam111a",6.99722967016316e-34,0.33909622406521,0.684,0.633,1.55317506988612e-29
"Tm9sf3",7.12096904877399e-34,-0.279215499152036,0.932,0.97,1.58064149975636e-29
"Pabpc4",1.01058283190363e-33,0.188659972776804,0.858,0.857,2.24319071197648e-29
"Gabarapl2",1.16302710899862e-33,-0.223910362795962,0.931,0.972,2.58157127384423e-29
"Gadd45g",1.33572736321809e-33,-0.603968854958313,0.459,0.605,2.9649140281352e-29
"mt-Co3",1.47721247342194e-33,0.146344632245174,0.999,0.997,3.27896852725467e-29
"Gm40630",1.55640080165652e-33,-0.966928183524501,0.136,0.276,3.45474285943697e-29
"Cbx3",1.58616582046423e-33,0.162181858554481,0.997,0.996,3.52081227168446e-29
"Pold1",2.26332309889378e-33,0.546260095790986,0.418,0.344,5.02389828261453e-29
"Zgrf1",2.28555738778982e-33,0.457347121859849,0.468,0.407,5.07325173367705e-29
"Stk10",2.30709192353032e-33,0.467426555306843,0.75,0.686,5.12105194266025e-29
"Oxct1",3.07424394634164e-33,-0.286307752902096,0.947,0.971,6.82389928769453e-29
"Ar",4.4233756523672e-33,-0.795388021827816,0.305,0.425,9.81856693555947e-29
"Socs2",4.73419033175339e-33,-0.138877097299963,0.988,0.994,1.0508482279393e-28
"Rad18",4.97399873409104e-33,0.370992205515653,0.585,0.544,1.10407849900619e-28
"Arhgap5",5.37189681026694e-33,-0.83057616936706,0.204,0.343,1.19239993497495e-28
"Klf2",5.83414651771264e-33,0.649762775699674,0.644,0.495,1.29500550253667e-28
"Mxd4",7.33013667369944e-33,-0.669145824067975,0.201,0.308,1.62707043746106e-28
"Slfn5",9.6899167807284e-33,-1.35943513427116,0.057,0.134,2.15087082781828e-28
"Cdc20",9.84765851165953e-33,0.381965469271257,0.782,0.701,2.18588475983307e-28
"Psma3",1.13372882431366e-32,-0.186857897030309,0.997,0.999,2.51653787132904e-28
"Enah",1.18401880777887e-32,-0.420569600495894,0.699,0.835,2.62816654762676e-28
"Gimap3",1.3487874572723e-32,-0.146240861213654,0.995,0.997,2.99390351890733e-28
"Prim2",1.36135527194159e-32,0.428919161422039,0.503,0.447,3.02180029712874e-28
"Ilf3",1.38971602026957e-32,0.313166908487854,0.737,0.722,3.08475265019237e-28
"Rfc1",1.40605476223856e-32,0.210804962490026,0.929,0.926,3.12101975574094e-28
"ENSMUSG00000121399",1.76724520531763e-32,0.4673954673976,0.67,0.586,3.92275418224354e-28
"Cad",2.56957858407845e-32,0.426105282159349,0.462,0.418,5.70369358307894e-28
"Ptger4",2.9243071857127e-32,-0.390647281381339,0.647,0.768,6.49108466012647e-28
"Lilrb4b",3.83640428726352e-32,-1.31926833478046,0.114,0.232,8.51566659643883e-28
"Junb",4.30735922641894e-32,-0.432086728154852,0.623,0.744,9.56104527488212e-28
"Arf1",4.64130055803525e-32,-0.198438386055227,0.982,0.994,1.03022948486708e-27
"Ly6c1",5.85147822288307e-32,-1.78639688160727,0.041,0.124,1.29885262113335e-27
"Pdcd4",6.6738608598426e-32,-0.153615470087868,0.943,0.963,1.48139689505926e-27
"C1d",8.21228206918418e-32,-0.276544204052219,0.846,0.915,1.82288025089681e-27
"Arhgef1",9.98110027488421e-32,0.29715605317484,0.945,0.939,2.21550482801605e-27
"Gclm",1.02293203890575e-31,0.325935581709517,0.68,0.657,2.2706022467591e-27
"Kif23",1.06687718740534e-31,0.762875665842938,0.41,0.316,2.36814729288364e-27
"C1qtnf6",1.21107967396007e-31,-1.72712940352066,0.033,0.115,2.68823355228916e-27
"Akna",1.34478887998683e-31,0.441404235366721,0.623,0.549,2.98502787690676e-27
"Gm15558",2.32758663217672e-31,-0.655291157477911,0.257,0.393,5.16654404744266e-27
"Mphosph9",2.56063198863574e-31,0.476960034900221,0.535,0.463,5.68383482517476e-27
"Rgs1",3.79707632255482e-31,-0.573000883865692,0.312,0.418,8.42837031317493e-27
"Numa1",3.93529284579443e-31,0.346365661167041,0.769,0.748,8.73516952980989e-27
"Pum2",4.02605757943944e-31,0.239546285643922,0.958,0.947,8.93664000908173e-27
"Ttc7",4.55841435529282e-31,0.394036216947375,0.649,0.6,1.01183123444435e-26
"Casp8ap2",4.75622788962154e-31,0.280835541283073,0.834,0.815,1.05573990465929e-26
"Kpnb1",4.8224276162853e-31,0.185887967013002,0.935,0.943,1.07043425798685e-26
"Suclg2",5.02322929676956e-31,0.355996133968524,0.702,0.657,1.11500620700394e-26
"Dck",5.15222189341088e-31,0.497445990948765,0.475,0.405,1.14363869368041e-26
"Nfatc3",5.219088658875e-31,0.323011022311451,0.875,0.862,1.15848110961048e-26
"Tmem50a",5.76113682090329e-31,-0.143580860288612,0.932,0.959,1.2787995401359e-26
"Mrpl20",6.03259805480832e-31,-0.280524598932768,0.958,0.977,1.3390557902258e-26
"Psmb7",6.22990857243324e-31,-0.257910021813659,0.934,0.97,1.38285280582301e-26
"Btf3",6.60128022262825e-31,-0.130334284110694,0.999,1,1.46528617101679e-26
"Srgn",7.07575450431235e-31,-0.225130698098978,0.978,0.987,1.57060522732221e-26
"Pim2",7.49571889909153e-31,-0.406828453765839,0.732,0.83,1.66382472403135e-26
"Rad51",8.34002954715701e-31,0.320616649385267,0.562,0.539,1.85123635858244e-26
"Trip13",9.09750642026239e-31,0.423665345421601,0.361,0.306,2.01937350010564e-26
"Zfp367",1.04124798001952e-30,0.412425028334672,0.469,0.403,2.31125814124933e-26
"Ssr3",1.15481566996694e-30,-0.290302076103618,0.906,0.946,2.56334434262561e-26
"Ubl7",1.50915134674546e-30,-0.45627247066586,0.422,0.567,3.34986324437089e-26
"P2rx7",1.63250198664803e-30,0.598606386588681,0.553,0.429,3.62366465976263e-26
"Add1",1.78682504010274e-30,0.383560169461416,0.884,0.845,3.96621554151604e-26
"Dhx15",1.93187536866862e-30,0.229377936537201,0.953,0.95,4.28818375583374e-26
"Herc6",2.29703679541616e-30,-0.264362738487482,0.758,0.814,5.09873257478526e-26
"Fyttd1",2.34337710299299e-30,-0.463603126326735,0.526,0.683,5.20159415551355e-26
"Tmed9",2.60614517301949e-30,-0.210581103289648,0.974,0.99,5.78486044055136e-26
"Skp1",3.18437199885291e-30,0.174351033922801,0.985,0.986,7.0683505258538e-26
"Diaph3",3.20182504316097e-30,0.409875864268725,0.794,0.727,7.10709104830441e-26
"Nudc",3.20972574436597e-30,0.156726900150622,0.919,0.914,7.12462823476915e-26
"Leprotl1",3.94937382775812e-30,-0.188296578952079,0.939,0.965,8.7664250854747e-26
"Hbegf",5.21275918693205e-30,-0.858424102631774,0.182,0.33,1.15707615672331e-25
"Stmp1",5.45108426609348e-30,-0.327817372669873,0.688,0.809,1.20997717454477e-25
"Pals2",6.60127200705799e-30,0.209562671471392,0.787,0.782,1.46528434740666e-25
"Mdc1",9.85460262481844e-30,0.691392189304928,0.361,0.288,2.18742614463095e-25
"Jaml",9.9802566811003e-30,-0.341220596320281,0.669,0.773,2.21531757550383e-25
"Hnrnpul1",1.06076900836694e-29,0.219772910411348,0.958,0.953,2.3545889678721e-25
"Esyt1",1.20330388547124e-29,0.383801377622833,0.751,0.705,2.67097363458051e-25
"Spacdr",1.26113087826979e-29,0.284849902459227,0.933,0.918,2.79933221049545e-25
"Tent5a",1.38579323823073e-29,-0.817951212626929,0.25,0.393,3.07604525090075e-25
"Kcnn4",1.65897975246064e-29,0.519127614121448,0.562,0.46,3.68243735653689e-25
"Entpd1",1.79634489299464e-29,-0.626231672579983,0.312,0.449,3.9873467589802e-25
"Actn1",2.40535855767811e-29,1.63738300900829,0.124,0.047,5.33917439047809e-25
"Chchd10",2.4655055472305e-29,0.201572801822097,0.876,0.856,5.47268266318755e-25
"Rmdn3",2.52382114519715e-29,-0.423808641860625,0.564,0.693,5.60212579599412e-25
"Tespa1",2.75203757439681e-29,-0.423732381052173,0.646,0.75,6.10869780388859e-25
"Flg",2.88956711466767e-29,-0.611780112816734,0.275,0.426,6.41397212442783e-25
"Cenph",3.08939433636214e-29,0.368008339276956,0.567,0.512,6.85752860842305e-25
"Samsn1",3.26915373426112e-29,-0.459133306369581,0.575,0.688,7.25654054393941e-25
"Tkt",3.56038569365203e-29,0.120645267163179,0.973,0.97,7.9029881241994e-25
"Hif1a",3.88704387736256e-29,-0.231416550864953,0.993,0.996,8.62807129458167e-25
"Dhfr",4.11916714440117e-29,0.281163794286537,0.575,0.539,9.14331531042727e-25
"Itm2c",4.51711647093864e-29,-0.437413490086795,0.388,0.51,1.00266434305425e-24
"Cmtm6",4.75118779192368e-29,-0.387924659385608,0.52,0.651,1.0546211541733e-24
"Anp32e",5.09686418998885e-29,0.143779149540225,0.988,0.989,1.13135094425182e-24
"Mx1",5.36733706788268e-29,-1.07783290042593,0.099,0.199,1.19138780895792e-24
"Rpl36al",6.46459833603463e-29,-0.12944757822825,1,1,1.43494689264961e-24
"Dkc1",7.41793575947876e-29,0.145314328430749,0.949,0.942,1.6465592005315e-24
"mt-Nd3",7.89458983227421e-29,0.255295178678015,0.882,0.872,1.75236210506991e-24
"Pdlim1",8.46030917069373e-29,0.589047406341694,0.47,0.376,1.87793482661889e-24
"Casp4",9.15113135707596e-29,-0.684567019814613,0.184,0.301,2.03127662733015e-24
"Slfn2",9.48271040857429e-29,-0.126982632801863,0.958,0.978,2.10487722939124e-24
"Pitpnc1",1.15345013053922e-28,0.416627561989511,0.937,0.898,2.5603132547579e-24
"Naa16",1.15569515697142e-28,0.389314475195523,0.621,0.574,2.56529653992945e-24
"Kif15",1.19745329758221e-28,0.26546818544013,0.839,0.793,2.65798708464322e-24
"Slco3a1",1.28532102151911e-28,-0.59690029845928,0.596,0.715,2.85302707146597e-24
"Dera",1.32327475427127e-28,-0.326067629183137,0.668,0.783,2.93727297205593e-24
"Arpc3",1.50224137664771e-28,-0.127887284559634,0.995,0.999,3.33452518374492e-24
"Pds5a",1.50518713979286e-28,0.202563016380106,0.954,0.952,3.3410638941982e-24
"Srrm2",1.55734781633151e-28,0.140397160282447,0.999,0.998,3.45684494791105e-24
"Slc2a6",1.58675914312442e-28,-1.65814569293746,0.023,0.082,3.52212926999327e-24
"H2-M3",1.67545876731956e-28,-0.301212703834941,0.55,0.668,3.71901582581923e-24
"Csnk2a1",2.16897145196619e-28,0.201184809985299,0.94,0.934,4.81446593192936e-24
"Ifi208",2.23262313169401e-28,-0.366937508168121,0.406,0.533,4.9557535654212e-24
"Fkbp5",2.4428373577417e-28,0.365362750811503,0.512,0.479,5.42236608297925e-24
"Mgme1",2.44510339089559e-28,0.591631529212982,0.283,0.218,5.42739599677093e-24
"Igfbp4",2.511218653802e-28,0.391253272797089,0.895,0.806,5.57415204584431e-24
"Trafd1",2.67291610182492e-28,-0.421172922587956,0.378,0.51,5.93307187122078e-24
"Adam19",3.19092739603829e-28,-0.500604193035681,0.425,0.541,7.08290154098619e-24
"Icos",3.80338950696136e-28,-0.477159046778261,0.712,0.815,8.44238368860213e-24
"Mcrip1",4.03879899026149e-28,-0.384231781569034,0.451,0.59,8.96492211868343e-24
"Pdia4",4.35780390470318e-28,-0.276425210098883,0.898,0.942,9.67301732726965e-24
"Eif3f",5.4792837198217e-28,-0.116152177878789,0.996,0.999,1.21623660728882e-23
"Il24",6.15917877336915e-28,-3.40959885557859,0.008,0.056,1.36715291232475e-23
"Dcaf1",6.39417025381603e-28,0.315180803067228,0.777,0.75,1.41931397123954e-23
"Trim12c",6.43595480881903e-28,-0.262079763166954,0.665,0.756,1.42858888891356e-23
"Exosc8",6.4837633005046e-28,0.166726348960538,0.966,0.955,1.43920093981301e-23
"Utp20",8.78224434518238e-28,0.255693774782593,0.746,0.739,1.94939477730013e-23
"Sh3kbp1",8.80879701766956e-28,0.35073943967812,0.968,0.957,1.95528867401211e-23
"Wdfy1",9.01711552211932e-28,-0.624571481760589,0.261,0.417,2.00152913244483e-23
"Mga",9.02825916708004e-28,0.389376671385309,0.702,0.652,2.00400268731676e-23
"Ogfr",9.82893748152967e-28,-0.321009015242752,0.633,0.759,2.18172925277514e-23
"Kif4",1.17108831744094e-27,0.463313787475504,0.539,0.448,2.59946473822366e-23
"Hmgcr",1.18582169048538e-27,-0.38955255531556,0.707,0.821,2.6321684063704e-23
"Txnrd1",1.25734002697894e-27,0.15687035206366,0.883,0.879,2.79091765788515e-23
"Gm26740",1.32052106053161e-27,0.905764403160711,0.422,0.298,2.93116059806202e-23
"Dgcr8",1.40072703680424e-27,0.418131300709065,0.504,0.441,3.10919380359438e-23
"Dynlt1f",1.40934007156798e-27,-0.695418984042834,0.192,0.328,3.12831215685945e-23
"Birc5",1.46224389836655e-27,0.220834951766474,0.931,0.883,3.24574278120423e-23
"Ftx",1.61740382781437e-27,0.700340943783254,0.284,0.208,3.59015127659956e-23
"Pbrm1",1.67584836327002e-27,0.195436543614255,0.974,0.967,3.71988061195046e-23
"Aff3",1.74772083663274e-27,0.564436067139797,0.761,0.675,3.87941594107369e-23
"Smarca4",1.81665842032784e-27,0.242098428327257,0.862,0.853,4.03243669560171e-23
"Cdt1",1.90313473027886e-27,0.371239392939332,0.59,0.536,4.22438816079998e-23
"Csnk2b",2.16740185324522e-27,-0.223407354945478,0.944,0.971,4.81098189364842e-23
"Ifit1",2.26528964328478e-27,-0.5453651275377,0.138,0.236,5.02826342119922e-23
"Etv6",2.78731031215964e-27,-0.285341002736946,0.828,0.913,6.18699269990075e-23
"Ehmt2",2.79853796342226e-27,0.486325373813501,0.544,0.469,6.2119147174084e-23
"Gimap9",3.36576412882129e-27,-0.171811861841277,0.939,0.965,7.47098663674462e-23
"Lman2",3.63950378420081e-27,-0.259208727727836,0.92,0.96,8.07860654979053e-23
"Caprin1",3.97956998680969e-27,0.156876796557929,0.99,0.992,8.83345149972147e-23
"Pole2",5.76802150048553e-27,0.415864758465762,0.519,0.456,1.28032773246277e-22
"Chaf1a",6.27524767977978e-27,0.347440893968066,0.498,0.458,1.39291672748072e-22
"Mapkapk2",7.04786275507695e-27,-0.31292782140156,0.735,0.838,1.56441409574443e-22
"Npc2",8.54054573393848e-27,-0.110206007283031,0.989,0.994,1.89574493656232e-22
"Stat2",8.76772918199597e-27,-0.262594814924609,0.694,0.78,1.94617284652765e-22
"Sting1",9.23945913025435e-27,-0.292701526451468,0.701,0.791,2.05088274314256e-22
"Gnl3",1.00502604307866e-26,0.206018895336488,0.909,0.906,2.23085630782171e-22
"Dazap2",1.09654758483176e-26,-0.241741727879225,0.787,0.869,2.43400667405107e-22
"Bard1",1.49441655912939e-26,0.527275570228501,0.303,0.254,3.31715643629951e-22
"Phf11b",1.49495876260968e-26,-0.216192422271725,0.623,0.704,3.3183599653647e-22
"Polr2d",1.50121247946459e-26,-0.395123889079995,0.653,0.792,3.33224134066755e-22
"Fbln2",1.56342175731196e-26,-1.24433986490439,0.077,0.167,3.47032727470537e-22
"Spice1",1.6689961497654e-26,0.676397903324546,0.284,0.222,3.70467075363427e-22
"Lsm8",1.76326815304016e-26,-0.288547827735098,0.858,0.925,3.91392631930324e-22
"Dnah8",1.87675794096727e-26,0.629861351229294,0.607,0.492,4.16583960156505e-22
"Ndfip2",1.90529297336606e-26,-0.31366521279144,0.653,0.758,4.22917881298065e-22
"Fas",1.9848988613534e-26,-0.233810493627663,0.69,0.782,4.40588000254615e-22
"1500011B03Rik",2.09943072767483e-26,-0.40588400523117,0.496,0.634,4.66010638621982e-22
"Gpr18",2.1844856521521e-26,-0.40859728927026,0.338,0.457,4.84890280208201e-22
"Mt1",2.56295072076298e-26,0.879259327118639,0.164,0.116,5.68898171487758e-22
"Ipo5",3.07791321261232e-26,0.172217192576727,0.749,0.747,6.83204395803556e-22
"Parp1",3.32128409748627e-26,0.176764520365943,0.875,0.869,7.37225431119027e-22
"Atp6v0b",3.35884276665822e-26,-0.344311818021777,0.647,0.773,7.45562328915126e-22
"Gbp7",3.4274929898042e-26,-0.151307057006266,0.921,0.944,7.60800618946838e-22
"Efna5",3.47730634564297e-26,-1.62329992114496,0.034,0.093,7.7185768954237e-22
"Vars",3.4775292184117e-26,0.271146477181094,0.838,0.816,7.71907160610846e-22
"Smarcc1",3.60391403191705e-26,0.149642455113315,0.915,0.92,7.99960797664628e-22
"Psma1",3.70402460045835e-26,-0.179471520796794,0.986,0.993,8.22182340563739e-22
"Plcl2",4.74220472866271e-26,0.359390782172967,0.888,0.865,1.05262718362126e-21
"Msh6",5.02372635750038e-26,0.36721440396131,0.526,0.488,1.11511653957436e-21
"Il2rg",5.30687524957072e-26,-0.114449139037091,0.983,0.992,1.17796709914721e-21
"Ass1",5.365415468748e-26,0.313199823243142,0.918,0.889,1.19096127159799e-21
"Ccr5",5.41231606149473e-26,-1.73339185925152,0.047,0.14,1.20137179616998e-21
"Casp6",5.58116681105689e-26,-0.573010876840555,0.289,0.413,1.2388515970503e-21
"Gtf2i",6.91328115956111e-26,0.338711643422838,0.721,0.695,1.53454101898778e-21
"Arid1a",7.32258972188765e-26,0.247622916063159,0.911,0.904,1.6253952405674e-21
"Nsmce1",7.32926580607321e-26,-0.25756094431709,0.89,0.933,1.62687713097407e-21
"Btg1",7.95452307204813e-26,-0.178973744732885,0.7,0.78,1.76566548630252e-21
"Fam120a",8.03766631699345e-26,0.200761709309936,0.944,0.948,1.78412079238304e-21
"Tmbim4",9.1697229219264e-26,-0.328081477067959,0.624,0.735,2.03540339698e-21
"Cep55",1.05801859492009e-25,0.419647589426468,0.636,0.544,2.34848387514412e-21
"Aatf",1.23229763154689e-25,0.31189998322502,0.779,0.76,2.73533105274464e-21
"Septin6",1.36346558960048e-25,0.302892112248954,0.905,0.886,3.02648456923618e-21
"Cd81",1.46682808902956e-25,-0.433659258378563,0.525,0.635,3.25591830921892e-21
"Gabarap",1.85372181311208e-25,-0.23540196782639,0.827,0.899,4.11470630856489e-21
"Ints7",2.24135609784487e-25,0.304498522347111,0.692,0.663,4.97513813038625e-21
"E2f7",2.77149602637174e-25,0.691026880444429,0.155,0.117,6.15188972973736e-21
"Ppp3cb",2.79306203013539e-25,0.290085961641486,0.856,0.831,6.19975978829153e-21
"Kntc1",3.31578786646616e-25,0.477286029949046,0.325,0.285,7.36005432719494e-21
"Snhg6",4.02307519804728e-25,-0.338334340408693,0.602,0.723,8.93002001710555e-21
"Fam78a",4.06241637092329e-25,0.449716226769842,0.618,0.561,9.01734561853843e-21
"Gtf2a2",4.61346361367297e-25,-0.23368145794554,0.838,0.902,1.02405051832699e-20
"Cox6a1",4.65422229642193e-25,-0.149863701979378,0.992,0.997,1.03309772313678e-20
"Ncoa7",4.65423700172076e-25,-0.40980265208479,0.547,0.635,1.03310098727196e-20
"Alpl",5.01214856623787e-25,0.783124127722052,0.205,0.144,1.11254661724782e-20
"Batf",5.38882966635838e-25,-0.407294825601198,0.502,0.614,1.19615852104157e-20
"Gart",5.51461405148737e-25,0.224614467745392,0.782,0.762,1.22407888100865e-20
"Xrcc6",5.6306503892802e-25,0.356137755136953,0.543,0.506,1.24983546690853e-20
"Rassf3",6.48054496337862e-25,0.685418632182182,0.408,0.327,1.43848656552115e-20
"Irgm2",7.20570598557128e-25,-0.28020938600364,0.562,0.661,1.59945055761726e-20
"Usp3",7.85339149266616e-25,0.330599336210521,0.921,0.895,1.74321730962711e-20
"Ythdf3",8.50897329410761e-25,0.300658932778418,0.776,0.743,1.88873680209307e-20
"Crlf3",8.86562900684886e-25,0.32284161218117,0.895,0.88,1.96790367065024e-20
"Arl4a",9.95191439947493e-25,-0.550103804521887,0.424,0.554,2.20902643925145e-20
"Setx",1.00094982891082e-24,0.291254901981751,0.868,0.871,2.22180833523335e-20
"Casp3",1.01338072241543e-24,-0.484033579603366,0.532,0.67,2.24940118954553e-20
"Slc39a1",1.02151909915547e-24,-0.690735564454501,0.175,0.295,2.2674659443954e-20
"Tm6sf1",1.04214297706846e-24,-0.788056838619559,0.288,0.411,2.31324476619885e-20
"Ifnar1",1.11994076254687e-24,-0.290679582591023,0.579,0.696,2.48593251062529e-20
"Msi2",1.1354064344705e-24,0.307265412712098,0.865,0.848,2.52026166259416e-20
"Dot1l",1.21806808091603e-24,-0.41394834087509,0.493,0.632,2.7037457192093e-20
"Xrcc5",1.3466272082529e-24,0.339235490643343,0.569,0.53,2.98910841415896e-20
"Cd6",1.38711464253557e-24,0.41320278743723,0.706,0.658,3.07897837203621e-20
"Zswim6",1.59970359658883e-24,-0.568506616343879,0.411,0.533,3.55086207334822e-20
"Trat1",1.67169447660749e-24,0.598031122247339,0.366,0.264,3.71066022972564e-20
"H13",1.72444324134849e-24,-0.223479136631119,0.891,0.938,3.82774666282124e-20
"Supt5",1.79934172697527e-24,0.281990307484405,0.815,0.806,3.99399883136701e-20
"Snhg4",1.95995177652053e-24,0.265377497373956,0.81,0.782,4.35050495834262e-20
"Dnajc3",2.00456581008112e-24,-0.265714243368209,0.884,0.942,4.44953472863707e-20
"Psmb2",2.22572998225181e-24,-0.146809056203768,0.997,0.999,4.94045284160435e-20
"Golgb1",2.23783351005644e-24,-0.361606823380786,0.581,0.709,4.96731904227228e-20
"Smyd3",2.26931050703356e-24,0.46708742040463,0.551,0.501,5.03718853246238e-20
"Bdh1",2.34089433436737e-24,-0.542808543487578,0.299,0.445,5.19608315399526e-20
"Usb1",2.49804660412638e-24,-0.545535334376228,0.259,0.399,5.54491404717933e-20
"Prim1",2.66191592456627e-24,0.249310664276984,0.607,0.567,5.90865477775974e-20
"Slc25a4",2.71003079769117e-24,-0.224785608586486,0.959,0.987,6.01545536163509e-20
"Cntrl",2.71138568100173e-24,0.267545506734087,0.965,0.958,6.01846279611953e-20
"Ptpn1",3.045427697245e-24,-0.202703372770187,0.936,0.967,6.75993585957473e-20
"Paics",3.19890022033091e-24,0.173080532132763,0.899,0.889,7.10059881906852e-20
"Fignl1",3.21438412301115e-24,0.367632221220043,0.466,0.411,7.13496843784785e-20
"Polr1d",3.50599486796126e-24,-0.158809468573126,0.991,0.998,7.7822568084136e-20
"Tgm2",3.97178235163814e-24,-1.05069356266437,0.101,0.192,8.81616528593119e-20
"Anp32a",4.49255293661259e-24,0.120624108961386,0.996,0.999,9.97211975339897e-20
"Yipf4",4.64148288897073e-24,-0.278987389298485,0.617,0.733,1.03026995686483e-19
"Usp10",5.46387904330486e-24,0.269512700995681,0.723,0.691,1.21281723124238e-19
"Slc38a1",5.81219232000097e-24,0.182339286043848,0.894,0.893,1.29013232927062e-19
"Gtf2ird1",7.20123126612719e-24,1.14063823602412,0.109,0.063,1.59845730414225e-19
"Trim37",7.56499270234061e-24,0.30316246507756,0.513,0.488,1.67920143013855e-19
"Erh",7.57132097800657e-24,-0.227752607693577,0.965,0.988,1.68060611748812e-19
"Cluh",7.59328987517235e-24,0.329262999324194,0.453,0.423,1.68548255359201e-19
"Myl12a",7.70761600509608e-24,-0.110458024099203,0.995,0.999,1.71085952465118e-19
"Il1rapl1",7.74708194134344e-24,-0.332065828833595,0.55,0.67,1.71961977852e-19
"Lsm5",9.55332927317531e-24,-0.148437104487171,0.981,0.991,2.12055249876672e-19
"Acin1",9.6286308687278e-24,0.179813035834182,0.987,0.987,2.13726719393151e-19
"Sema7a",1.02022669394082e-23,-0.765166961247705,0.197,0.328,2.26459719254043e-19
"Rap1gds1",1.03178141374351e-23,-0.280608713366052,0.893,0.936,2.29024520408648e-19
"Pcnt",1.07781233646241e-23,0.366704016782896,0.651,0.613,2.39242004324562e-19
"Hspa8",1.18260826007387e-23,0.101790144319484,1,1,2.62503555488598e-19
"Chtop",1.27289266736437e-23,-0.202744894836382,0.862,0.919,2.8254398537487e-19
"Nkg7",1.5510171862755e-23,-1.51116781484008,0.118,0.227,3.44279284837573e-19
"Xpo1",1.60314377122728e-23,0.179216704536543,0.948,0.945,3.55849822899319e-19
"Tmem128",1.74725332611398e-23,-0.309811668688178,0.646,0.759,3.87837820797519e-19
"Maml2",1.97158526501734e-23,0.383689684873424,0.932,0.903,4.37632781275899e-19
"Psmd6",2.05936918463157e-23,-0.249745564406632,0.909,0.957,4.5711817791267e-19
"Aph1a",2.0683115077599e-23,-0.332254886296024,0.601,0.732,4.59103105377464e-19
"Ftsj3",2.40089566300365e-23,0.181358442876785,0.815,0.804,5.32926810316921e-19
"Klf6",2.452570864095e-23,-0.295469184062922,0.846,0.895,5.44397154703166e-19
"Rtraf",2.49852754119657e-23,-0.176936798291355,0.979,0.991,5.54598158319403e-19
"Esyt2",2.5547137663661e-23,0.366797294235908,0.844,0.828,5.67069814720282e-19
"Fmr1",2.80692209460284e-23,0.24940617635579,0.793,0.783,6.23052497338993e-19
"Naa20",2.90085477123186e-23,-0.238839023334621,0.912,0.958,6.43902733570337e-19
"Gng5",2.90362074545795e-23,0.140459982557787,0.991,0.992,6.44516696869302e-19
"Narf",2.99308418440193e-23,-0.601224884112194,0.179,0.295,6.64374896411697e-19
"Sinhcaf",3.0423335658092e-23,0.286860049331366,0.674,0.648,6.75306781602667e-19
"Tma7",3.14591315160976e-23,-0.112998123772977,0.997,0.999,6.98298342262819e-19
"Pomp",3.23935900069848e-23,-0.154284641937941,0.992,0.998,7.19040517385041e-19
"H2ax",3.30178688904274e-23,-0.54614955723542,0.457,0.593,7.32897635760817e-19
"Sdf4",3.50078626837919e-23,-0.201594321876112,0.928,0.955,7.77069527992129e-19
"Hipk2",3.61645595087047e-23,-0.236476176838608,0.752,0.844,8.02744727414718e-19
"Prrc2a",3.64641677598233e-23,0.238157457529891,0.828,0.815,8.09395131764799e-19
"Pik3cd",4.02074556718015e-23,0.287361195267465,0.945,0.934,8.92484893546978e-19
"Smg7",4.68165974567458e-23,0.290519272970053,0.809,0.785,1.03918801374739e-18
"Was",4.74102858503744e-23,0.22899206590148,0.907,0.913,1.05236611502076e-18
"Hsph1",4.97406954062891e-23,0.214758281495476,0.674,0.671,1.1040942159334e-18
"Tk1",5.94547309156046e-23,0.273244480573186,0.465,0.448,1.31971666213367e-18
"Taf15",6.55002738653271e-23,0.222313747287698,0.862,0.859,1.45390957898867e-18
"Tuba1a",6.78054388872712e-23,-0.37279608468505,0.607,0.711,1.50507732698076e-18
"Prrg1",7.3622869764415e-23,0.652946865585144,0.253,0.183,1.63420684016072e-18
"Wbp11",7.6666034407708e-23,0.205490966333087,0.85,0.844,1.70175596574789e-18
"Psma6",8.03369811307563e-23,-0.190584897179073,0.979,0.989,1.7832399701594e-18
"Gpld1",8.76654621811477e-23,-1.18962238562582,0.047,0.116,1.94591026403493e-18
"Tmem183a",9.40241580495228e-23,-0.452328377956915,0.395,0.54,2.08705423622526e-18
"Ing5",9.55091275764057e-23,0.351198088163305,0.537,0.49,2.12001610481348e-18
"Dis3",1.00257450196728e-22,0.200577759983643,0.757,0.73,2.22541462201677e-18
"Ssr4",1.04275790142517e-22,-0.207414784158866,0.971,0.991,2.31460971379345e-18
"Rab11a",1.05740747333874e-22,-0.351053798494042,0.607,0.738,2.34712736857001e-18
"Brip1",1.12275871089866e-22,0.388760288783454,0.389,0.335,2.49218751058177e-18
"Rfc4",1.24440480583382e-22,0.248099352722223,0.715,0.684,2.76220534750933e-18
"Ak3",1.33393232986093e-22,-0.405784258504411,0.415,0.551,2.96092959259232e-18
"E2f3",1.41830934289258e-22,0.227721504175185,0.764,0.762,3.14822124841865e-18
"Exo1",1.48789426913069e-22,0.370842953722643,0.312,0.268,3.30267890918939e-18
"Tardbp",1.52888942089316e-22,0.125516829946275,0.968,0.976,3.39367584755655e-18
"Arpc5",1.57767639654832e-22,-0.115348436952262,0.996,0.999,3.50196829741831e-18
"Rasgrp2",1.60047665713657e-22,0.758209833376418,0.295,0.222,3.55257803584604e-18
"Tmem108",1.64406221490506e-22,0.958931668761626,0.178,0.105,3.64932489842476e-18
"Gm56906",1.93939002899791e-22,-0.207577384552831,0.731,0.798,4.30486404736666e-18
"Mx2",1.95050416963117e-22,-0.60657884245567,0.138,0.229,4.32953410533031e-18
"Pold3",2.04032371671045e-22,0.288463982959656,0.625,0.59,4.52890655398218e-18
"Mllt10",2.16982172881295e-22,0.24804746630922,0.87,0.86,4.8163532914461e-18
"A330040F15Rik",2.42858670338465e-22,-0.419376371068103,0.37,0.463,5.39073390550291e-18
"Dnajc9",2.45979389701848e-22,0.206824107819605,0.886,0.875,5.46000451321192e-18
"AI504432",2.48998567521714e-22,0.395798331899366,0.601,0.549,5.52702120327948e-18
"Tnfaip8",2.58025429815928e-22,0.223573184106946,0.838,0.806,5.72739046562415e-18
"Lockd",2.61338030270219e-22,0.508499554686097,0.616,0.533,5.80092025790805e-18
"Atic",2.64136500196866e-22,0.137140472504768,0.943,0.931,5.86303789486984e-18
"Zc3h18",2.64923719777312e-22,0.228730153648022,0.792,0.787,5.88051180789699e-18
"Ncapg",2.9447073167942e-22,0.321220681505366,0.517,0.458,6.53636683108809e-18
"Irf4",3.51212224178906e-22,-0.574692093555684,0.414,0.514,7.79585774009917e-18
"Pnpla8",3.54527909574272e-22,-0.423008058181688,0.349,0.479,7.86945600882011e-18
"Dbi",3.75429043720395e-22,-0.124502515785904,0.981,0.993,8.33339848346162e-18
"Adamts6",4.65017036663124e-22,-0.30445599814937,0.626,0.731,1.03219831628114e-17
"Samhd1",4.84970581472117e-22,-0.111234071773869,0.97,0.981,1.07648919969366e-17
"Fnbp1",4.8981838413915e-22,0.203838791311809,0.981,0.978,1.08724986727367e-17
"Ssb",5.56344964263376e-22,-0.15582602274247,0.996,0.998,1.23491891717542e-17
"Elmo1",5.57214675644505e-22,0.217047782781791,0.982,0.983,1.23684941552811e-17
"Arl6ip6",5.86997180288349e-22,0.287795584160789,0.62,0.594,1.30295764108605e-17
"Fyb",6.09242164194986e-22,0.292001966669916,0.992,0.985,1.35233483186361e-17
"Snhg5",7.28056132531487e-22,0.281660022828872,0.614,0.575,1.61606619738014e-17
"Pds5b",8.68201259235977e-22,0.236698662238157,0.816,0.809,1.9271463351261e-17
"Timm10b",1.0428669387213e-21,-0.223253885121633,0.874,0.948,2.31485174387966e-17
"Fen1",1.17914339536698e-21,0.2208782823414,0.614,0.602,2.61734459469609e-17
"Sf3a1",1.19897020571108e-21,0.252304607025208,0.792,0.777,2.66135416561689e-17
"Pglyrp2",1.36257762752905e-21,-0.318623438928679,0.613,0.734,3.02451355982622e-17
"Cd274",1.37260401379979e-21,-0.385301620219102,0.45,0.558,3.04676912943139e-17
"Rsrp1",1.45919778306545e-21,-0.111258897705535,0.954,0.968,3.23898131907037e-17
"Ankrd11",1.48002493822837e-21,0.176611173901167,0.997,0.993,3.28521135538551e-17
"Cmpk1",1.54017362826154e-21,-0.28846357182044,0.783,0.873,3.41872340265215e-17
"Umps",1.69059965317037e-21,0.229684651757434,0.611,0.579,3.75262405014227e-17
"Top2a",1.70113101154776e-21,0.126960616683478,0.863,0.834,3.77600050633256e-17
"Ptbp3",1.70895664535972e-21,-0.167698809024842,0.988,0.991,3.79337106570497e-17
"Pag1",1.75701005105413e-21,0.41894654475577,0.598,0.542,3.90003521032485e-17
"Lamp2",1.89870604381861e-21,-0.382884695825099,0.453,0.594,4.21455780546416e-17
"Itgav",2.05319273921056e-21,-0.43891273199571,0.532,0.642,4.55747192322567e-17
"Tipin",2.1491914529898e-21,0.104508715236368,0.897,0.889,4.77056026820147e-17
"Ncapd2",2.17006351472056e-21,0.327210158288656,0.644,0.612,4.81688998362523e-17
"BE692007",2.31923440977342e-21,-0.23272961410616,0.583,0.694,5.14800461937405e-17
"Pola2",2.33056581726811e-21,0.28652966840328,0.547,0.523,5.17315694459002e-17
"Ethe1",2.36536274333687e-21,0.650108141624506,0.305,0.232,5.25039568138486e-17
"Fbxo5",2.47911167670216e-21,0.31107906738542,0.308,0.273,5.50288418877578e-17
"Cip2a",2.6059608846236e-21,0.307575691015202,0.524,0.464,5.78445137559901e-17
"Bccip",2.93698694409096e-21,-0.325967638091749,0.705,0.814,6.5192299197987e-17
"Eif2ak2",3.21872269294069e-21,-0.270833670174927,0.784,0.861,7.14459876152045e-17
"S1pr1",3.32536440329322e-21,0.969746402571669,0.283,0.168,7.38131136598997e-17
"Gm36551",4.20730896101245e-21,-1.05483187377581,0.071,0.154,9.33896370075934e-17
"Arrb2",4.35899096112415e-21,0.306684651812181,0.701,0.66,9.67565223640729e-17
"Atp2a3",4.44456265133935e-21,0.451646786764552,0.517,0.448,9.86559571717795e-17
"Rab21",4.7669298236189e-21,-0.1905595163815,0.799,0.877,1.05811541294869e-16
"Eif3g",4.9355115080932e-21,0.171627229579446,0.903,0.905,1.09553548945145e-16
"Rbl1",5.84662543224445e-21,0.361983681519156,0.69,0.641,1.2977754471953e-16
"Ccnl2",6.30845642697135e-21,-0.184797863365086,0.867,0.919,1.40028807309483e-16
"Capza2",6.4489815137235e-21,-0.170355329724336,0.99,0.994,1.43148042660121e-16
"Ctcf",6.57519613649019e-21,0.202971672739212,0.944,0.943,1.45949628641673e-16
"A630089N07Rik",7.31615488632952e-21,0.267710173387986,0.71,0.68,1.62396690011856e-16
"Cpe",7.79869880835333e-21,-1.01406200783023,0.088,0.169,1.73107717449019e-16
"Rnf168",8.57658881882326e-21,0.304129134901232,0.63,0.584,1.9037454201142e-16
"Fip1l1",9.30147277426513e-21,0.181532566376384,0.931,0.936,2.06464791170363e-16
"Rab7",1.0171428667984e-20,-0.20934728338783,0.845,0.907,2.25775202143241e-16
"Acadsb",1.02797847750487e-20,-0.558990247866323,0.235,0.346,2.28180382651756e-16
"Entpd5",1.0363817991698e-20,0.487802742419964,0.383,0.327,2.3004566796172e-16
"Ube2f",1.05145689110857e-20,-0.363469603928746,0.468,0.604,2.33391886119368e-16
"Dph5",1.06048022818032e-20,0.422365548113446,0.593,0.53,2.35394796249185e-16
"Hbp1",1.13879655033846e-20,-0.507840969652209,0.153,0.232,2.52778670278629e-16
"Rer1",1.1555900267679e-20,-0.200174678731898,0.91,0.955,2.56506318241672e-16
"Ppa1",1.19862580789413e-20,-0.2580277246074,0.949,0.969,2.66058970578259e-16
"mt-Nd1",1.23810088802943e-20,-0.109683148677179,0.999,0.998,2.74821254115893e-16
"Mcmbp",1.25873096293923e-20,0.208952512706348,0.878,0.863,2.79400511843621e-16
"Il18rap",1.31909032922263e-20,-0.862460555572861,0.132,0.24,2.92798480377547e-16
"Nrf1",1.33458048238614e-20,0.290282617673579,0.815,0.785,2.96236829675251e-16
"Prkar1a",1.39805402418391e-20,-0.173041215939251,0.972,0.987,3.10326051748103e-16
"Rad23b",1.40557387803834e-20,0.161357822339398,0.895,0.905,3.11995233708171e-16
"Ankrd44",1.42116196624831e-20,0.227690071115078,0.981,0.972,3.15455321648137e-16
"Xpo7",1.43913174771009e-20,0.213976162184891,0.802,0.806,3.19444074039209e-16
"Orc6",1.49675198202157e-20,0.154647457465239,0.772,0.758,3.32234037449328e-16
"Kif5b",1.53814420321806e-20,-0.149919163978922,0.981,0.99,3.41421868788312e-16
"Ubxn4",1.63458746680562e-20,-0.200414413207713,0.945,0.971,3.62829380006843e-16
"Akap9",1.69283104559923e-20,-0.233331626678578,0.826,0.899,3.75757707191661e-16
"Mpeg1",1.71700447154354e-20,-2.01365547247021,0.009,0.044,3.8112348254852e-16
"Gemin5",1.74002784229573e-20,0.31223976289434,0.581,0.556,3.86233980154384e-16
"Mgat1",1.75672848311144e-20,-0.419977944167979,0.408,0.544,3.89941021396246e-16
"Ndufb3",1.81523967274528e-20,-0.154536664964611,0.978,0.99,4.0292875015927e-16
"Cnn2",1.81703583999869e-20,0.327891286116577,0.857,0.836,4.0332744540451e-16
"Nudt21",2.18969164626214e-20,-0.174815047191679,0.964,0.98,4.86045854720807e-16
"Sec61g",2.25274077983521e-20,-0.148870480850318,0.999,0.999,5.00040870900022e-16
"Tcof1",2.33419045274183e-20,0.132483539506006,0.966,0.964,5.18120254795104e-16
"Atp5j",2.53898009893239e-20,-0.112355357758225,0.994,0.998,5.63577412560023e-16
"Cenpa",2.6276267163177e-20,0.175086473314901,0.949,0.905,5.83254302221039e-16
"Mxd1",2.90420634461296e-20,-0.538043687506315,0.198,0.296,6.44646682313738e-16
"Irf7",2.91171335203332e-20,-0.288205944040519,0.362,0.465,6.46313012750835e-16
"Gmnn",2.9651997423881e-20,0.144526650486194,0.84,0.822,6.58185386817885e-16
"Tmem160",2.96941450706204e-20,-0.229788257947801,0.786,0.857,6.5912093813256e-16
"Gnas",2.98251973245531e-20,-0.114225744821979,0.997,0.998,6.62029905013106e-16
"Usp36",3.05479034369936e-20,0.363181032446005,0.538,0.496,6.78071812590947e-16
"Utp14a",3.05641559473507e-20,0.230320940756787,0.811,0.798,6.78432569563344e-16
"Dhx9",3.06319680473124e-20,0.128229032732218,0.969,0.972,6.79937794746193e-16
"Nek2",3.41877946657241e-20,0.53785735168488,0.37,0.31,7.58866478195078e-16
"Trim44",3.59579448059409e-20,0.39174422476565,0.55,0.496,7.98158500857471e-16
"Cope",3.76670745094286e-20,-0.205435874796757,0.853,0.925,8.36096052885786e-16
"Akr1c13",4.17680595158086e-20,-0.672029374767966,0.311,0.407,9.27125617072403e-16
"Tnpo1",4.21363130155192e-20,0.207087576862469,0.875,0.881,9.35299740005479e-16
"Psmb4",4.23564040963906e-20,-0.140807888555123,0.988,0.996,9.40185101727581e-16
"Paip2",4.24911994461761e-20,-0.110325117367739,0.898,0.933,9.43177154106772e-16
"Rpl22l1",4.31455169970129e-20,-0.268866151301811,0.958,0.979,9.57701040782695e-16
"Sidt2",4.47587029981023e-20,-0.363778350786488,0.423,0.558,9.93508930448876e-16
"Cdc25a",4.89811074584328e-20,0.16553214233018,0.704,0.692,1.08723364225483e-15
"Tbc1d1",5.02663791618943e-20,-0.214307566997128,0.871,0.918,1.11576281825657e-15
"Ppp6r1",5.22931502933322e-20,0.273526190112918,0.776,0.76,1.1607510570611e-15
"Xpo4",5.43164135712487e-20,0.219251694996794,0.708,0.68,1.20566143204101e-15
"Mcm5",5.61729794714623e-20,0.177275835281655,0.769,0.758,1.24687162532805e-15
"Aopep",5.90648447624477e-20,-0.394315888487635,0.594,0.713,1.31106235919205e-15
"Emilin2",5.99771239423372e-20,-1.03119842433585,0.107,0.211,1.33131222014806e-15
"Tmem97",6.22592999145687e-20,-0.511459842306078,0.511,0.669,1.38196968020368e-15
"Arhgap25",6.97546101287214e-20,0.513638767877439,0.569,0.497,1.54834308102723e-15
"Bub1",7.22222587034717e-20,0.235249093038914,0.557,0.506,1.60311747644096e-15
"Polr1a",7.83573537951613e-20,0.270259966623162,0.608,0.602,1.7392981821912e-15
"Cbx1",7.95111757759525e-20,-0.226824387025447,0.907,0.951,1.76490956869882e-15
"Usp18",8.16633688535311e-20,-0.286719961440298,0.337,0.442,1.81268179844183e-15
"Celf2",8.37066078673907e-20,0.162752382363465,0.998,0.995,1.85803557483247e-15
"Lars2",9.04846331782947e-20,0.302739287898911,0.934,0.929,2.00848740265861e-15
"Zup1",9.39912444750808e-20,-0.176357851227757,0.728,0.813,2.08632365361337e-15
"Mtap",9.53846009392993e-20,0.207276139737201,0.696,0.688,2.11725198704963e-15
"Ccdc82",9.7858063282513e-20,0.395904710829337,0.568,0.515,2.17215543068194e-15
"Sumo2",9.98035383545407e-20,-0.158525105463155,0.996,0.999,2.21533914085574e-15
"Tbl1x",1.24102838662806e-19,0.22184299650938,0.895,0.885,2.7547107097983e-15
"Prnp",1.51553012033508e-19,-0.483491776745596,0.28,0.386,3.36402220810778e-15
"Ubap2",1.56211541433874e-19,0.195052008839518,0.839,0.836,3.4674275852077e-15
"Aarsd1",1.63103776010644e-19,0.128787831207378,0.796,0.803,3.62041451610827e-15
"Tomm22",1.66043639083109e-19,-0.218490631431564,0.896,0.944,3.68567065672777e-15
"Hmga1",1.67365708800153e-19,0.607647408114614,0.172,0.132,3.715016638237e-15
"Hpf1",1.6880397950329e-19,0.160384468577803,0.941,0.938,3.74694193303452e-15
"Acaca",1.75779251699897e-19,0.26217810669774,0.639,0.628,3.90177204998261e-15
"Smim10l1",1.86431194695118e-19,-0.374432400909523,0.445,0.575,4.13821322864754e-15
"Tlr1",2.08212610717866e-19,-0.348314004544199,0.402,0.512,4.62169532010447e-15
"Idnk",2.33748081391272e-19,-0.195434800468933,0.739,0.814,5.18850616264208e-15
"Creb3",2.37005510137668e-19,-0.45773782288545,0.314,0.442,5.26081130852581e-15
"Mmadhc",2.46345720911083e-19,-0.348672615596484,0.528,0.655,5.46813596706332e-15
"Zc3h4",2.49981236774515e-19,0.278831546772404,0.681,0.646,5.54883351268391e-15
"Snx3",2.50228416060887e-19,-0.190701098578143,0.945,0.968,5.55432015130351e-15
"Rnasek",2.57046050831422e-19,-0.289509918266167,0.581,0.7,5.70565119030507e-15
"Psip1",2.86998958293624e-19,0.15994517301256,0.976,0.977,6.37051587724357e-15
"Ubtf",3.30783087850694e-19,0.138310221054302,0.92,0.928,7.34239220102186e-15
"Sh3bp2",3.9389759127512e-19,-0.4822922594507,0.294,0.42,8.74334483353385e-15
"Ufm1",3.97357122734144e-19,-0.295932723980411,0.704,0.814,8.82013605332979e-15
"Dleu2",4.00564392498128e-19,0.312968069477375,0.677,0.66,8.89132782028094e-15
"Ctse",4.04040068013845e-19,-0.133753478728513,0.694,0.769,8.96847738970331e-15
"Med14",4.23821347983271e-19,0.295974673010836,0.617,0.603,9.40756246118467e-15
"Gm43305",4.48761715737761e-19,-1.43681675993305,0.02,0.065,9.96116380423108e-15
"Parp11",4.96424908389739e-19,-0.173611375809163,0.737,0.814,1.1019143691527e-14
"Gm2a",5.21242335399153e-19,-0.255933012918707,0.652,0.742,1.1570016118855e-14
"Rfc3",5.38989317267343e-19,0.212882182041323,0.612,0.58,1.19639458753832e-14
"Kif21b",5.56577424710944e-19,0.583063805471023,0.421,0.343,1.23543490963088e-14
"Srcap",5.60102253774474e-19,0.341680352724253,0.706,0.677,1.2432589727032e-14
"Mark3",5.69529597108483e-19,-0.219334091191461,0.697,0.795,1.2641848467017e-14
"Ckap2l",5.91716897056952e-19,0.42522462364185,0.414,0.335,1.31343399639732e-14
"AU020206",6.19688942345276e-19,0.20341574408288,0.979,0.97,1.37552354532381e-14
"Zcchc7",6.33014183240591e-19,0.235146426066153,0.949,0.949,1.40510158253914e-14
"Lzic",7.6378800691489e-19,-0.330420838613737,0.572,0.689,1.69538023894898e-14
"Nup153",7.74205355854611e-19,0.225730449497236,0.903,0.902,1.71850362839048e-14
"Cse1l",7.79453293039201e-19,0.200857131680892,0.662,0.648,1.73015247455911e-14
"Chfr",8.37054185312242e-19,-0.275053136391589,0.56,0.672,1.85800917513758e-14
"Glrx",8.69134931741903e-19,-0.43775147823395,0.444,0.56,1.9292188079875e-14
"Fbxo28",8.97105718216756e-19,-0.36003542420269,0.497,0.619,1.99130556272573e-14
"Pstpip1",9.24608802592683e-19,-0.305780293164634,0.614,0.722,2.05235415911498e-14
"Trim28",9.59152507098512e-19,0.223816283432178,0.713,0.711,2.12903082000657e-14
"Memo1",9.96436204296389e-19,0.209166103406233,0.725,0.719,2.21178944267669e-14
"Relb",1.03883701309376e-18,-0.430679993076911,0.304,0.419,2.30590651796422e-14
"Cbfb",1.04324062560957e-18,0.227499448853542,0.808,0.798,2.31568121666557e-14
"Xpnpep1",1.14208784192951e-18,-0.391229614245442,0.428,0.551,2.53509238273093e-14
"Fhl2",1.17636549341538e-18,-1.33224992519381,0.039,0.101,2.61117848573413e-14
"H2-Q6",1.28921875527299e-18,-0.202235644136433,0.608,0.703,2.86167887107946e-14
"Pprc1",1.29354846678045e-18,0.368025648637347,0.49,0.445,2.87128953171255e-14
"Gins1",1.34015569729234e-18,0.319962021768873,0.378,0.339,2.97474360127981e-14
"Nek10",1.41107891510458e-18,-2.66749865379997,0.008,0.041,3.13217186785763e-14
"Vasp",1.42340612073169e-18,0.142025155473524,0.957,0.951,3.15953456618814e-14
"Ivns1abp",1.46935608282599e-18,0.184089619016566,0.762,0.755,3.26152969704884e-14
"Sptlc2",1.56589347438692e-18,-0.300186902946138,0.575,0.685,3.47581374509664e-14
"Rfwd3",1.6802609545633e-18,0.267532058027787,0.598,0.564,3.72967524084416e-14
"Rock2",1.825114302218e-18,0.171458755352566,0.858,0.842,4.0512062166333e-14
"Akr1c12",1.97619190710709e-18,-0.980042782550694,0.121,0.194,4.38655317620562e-14
"Arhgap4",1.99389397256231e-18,0.337832855007281,0.699,0.652,4.42584645089656e-14
"Gpatch4",2.19062765178942e-18,0.22508800775751,0.77,0.753,4.86253619867698e-14
"Crim1",2.19828612470948e-18,-0.265906206801221,0.726,0.816,4.87953571101763e-14
"Rps6ka1",2.24568072934001e-18,0.276968502892179,0.706,0.677,4.98473751491603e-14
"Pigc",2.32561008542127e-18,-0.657712621384615,0.128,0.217,5.1621567066096e-14
"Bhlhe40",2.37462513842878e-18,-0.814883523656464,0.206,0.307,5.27095541977036e-14
"Smc2",2.39290527558545e-18,0.178667111171594,0.816,0.792,5.31153184021702e-14
"Smap1",2.49550067009995e-18,-0.270331193474164,0.66,0.775,5.53926283742085e-14
"S100a1",2.62268594087496e-18,-0.756456568694675,0.196,0.29,5.82157598296014e-14
"Emg1",2.63197847298974e-18,-0.172445353366315,0.977,0.988,5.84220261649532e-14
"Mgat2",2.6962482173638e-18,-0.328641291819272,0.686,0.795,5.98486216808242e-14
"Jak2",2.72458534535079e-18,-0.318918859544836,0.621,0.703,6.04776209107515e-14
"Hcfc1",2.75397053075841e-18,0.190842030184228,0.833,0.817,6.11298838712443e-14
"Plec",2.84909210738519e-18,0.4529946429262,0.494,0.442,6.3241297507629e-14
"Camk2d",3.00736556744551e-18,-0.313288785776896,0.645,0.734,6.67544935005879e-14
"Sf1",3.15174021288165e-18,0.184540337628206,0.916,0.907,6.9959177505334e-14
"Gpd2",3.24416336137184e-18,0.496068373722803,0.289,0.245,7.20106941323708e-14
"2810004N23Rik",3.43062986825514e-18,0.162791553234127,0.853,0.831,7.61496911856594e-14
"Acly",3.54333064820755e-18,0.225505128058066,0.698,0.684,7.8651310398263e-14
"Akr1a1",3.71539211956959e-18,-0.154058046371924,0.924,0.961,8.24705588780861e-14
"Ssr1",4.31759390825004e-18,-0.27550359123064,0.831,0.898,9.58376319814262e-14
"Pnrc1",4.43267584966528e-18,-0.111981877091071,0.825,0.868,9.83921058350202e-14
"Knl1",4.96500342737829e-18,0.316046311793884,0.573,0.504,1.10208181077516e-13
"Gabpb2",5.17233160097565e-18,0.297484526624908,0.796,0.773,1.14810244546856e-13
"Stard7",5.3932249600426e-18,0.303575672248506,0.552,0.519,1.19713414438066e-13
"Nlrc3",5.65950661855532e-18,0.413548745524829,0.566,0.502,1.25624068412073e-13
"Azi2",5.73096886877169e-18,-0.192744100645872,0.857,0.907,1.27210315980125e-13
"Mtbp",5.85261180485193e-18,0.330228936263224,0.368,0.333,1.29910424232298e-13
"Cdc42se1",6.13949114460317e-18,0.263699533102527,0.883,0.873,1.36278284936757e-13
"Zbtb44",6.26376119334226e-18,0.433791842085465,0.432,0.394,1.39036707208618e-13
"Tbc1d5",6.31578670461675e-18,0.321858844558705,0.579,0.554,1.40191517482378e-13
"Ahctf1",6.42916288498091e-18,0.188389880140883,0.759,0.745,1.42708128557921e-13
"Nup133",6.58590454579905e-18,0.305500556744338,0.406,0.375,1.46187323203101e-13
"Ap1m1",6.77727401158413e-18,0.298017528644263,0.628,0.605,1.50435151235133e-13
"Gnb1",6.81177080383634e-18,-0.142212405763034,0.985,0.991,1.51200876532755e-13
"Parp14",6.96395311603077e-18,-0.165693909767099,0.863,0.9,1.54578867316535e-13
"E130307A14Rik",7.07147875095836e-18,0.569918376589111,0.346,0.295,1.56965613835023e-13
"Gls",7.26660308867357e-18,0.18824826206865,0.914,0.93,1.61296788759287e-13
"Slc12a6",7.44702631196756e-18,0.498345244078202,0.536,0.466,1.65301643046744e-13
"Tet1",7.46382991789013e-18,-0.737211222837022,0.114,0.194,1.65674632687407e-13
"Zfp36l2",7.50903081649936e-18,0.296591891649756,0.764,0.736,1.66677957033836e-13
"Ppil1",8.22167280178595e-18,0.171460771442381,0.732,0.724,1.82496471181243e-13
"Ucp2",8.35897120206235e-18,-0.131736352065095,0.979,0.989,1.85544083772178e-13
"Ap2m1",8.41744697967936e-18,-0.246419691635292,0.757,0.847,1.86842070607943e-13
"Unc93b1",8.69063462478319e-18,-0.506298107565347,0.257,0.364,1.92906016766312e-13
"Celf1",8.79858825595082e-18,0.184267105524562,0.952,0.946,1.9530226351734e-13
"Gm36496",8.88964491798504e-18,-0.799425920264817,0.089,0.168,1.97323448244514e-13
"G3bp1",9.39306509484735e-18,0.109632491430889,0.989,0.99,2.08497865910327e-13
"Psmd8",9.43527960544962e-18,-0.181742114743238,0.952,0.977,2.09434901402165e-13
"Hip1",9.81048814132247e-18,-0.733024271878526,0.226,0.352,2.17763405272935e-13
"Ccnb1",9.96440230041377e-18,0.206387666671797,0.598,0.539,2.21179837862284e-13
"Ndrg1",1.03867757002553e-17,0.554913185269516,0.337,0.261,2.30555260218567e-13
"Ifi214",1.04096751787638e-17,-0.405758229406573,0.301,0.392,2.31063559943019e-13
"Dlgap5",1.05549012092156e-17,0.334617932334626,0.625,0.572,2.34287142140959e-13
"Svbp",1.10472866893159e-17,-0.287093727126775,0.591,0.717,2.45216622642744e-13
"Rbm19",1.1139565833951e-17,0.418602820128001,0.369,0.328,2.47264942816211e-13
"Map3k8",1.17101325647281e-17,-0.265176952693451,0.549,0.659,2.5992981253927e-13
"Nudt16l1",1.30440113616827e-17,-0.421008892950922,0.367,0.5,2.8953792019527e-13
"Pdcl3",1.31197797705329e-17,-0.280016169906425,0.657,0.764,2.91219751566518e-13
"Ddb1",1.34364634185267e-17,0.194663751543606,0.793,0.805,2.98249178501037e-13
"Nat10",1.43004910693645e-17,0.26814801152081,0.525,0.503,3.17428000266683e-13
"Atp6v1f",1.51621190739637e-17,-0.177003423189299,0.918,0.959,3.36553557084771e-13
"Pde5a",1.52360571060251e-17,1.58304982732904,0.08,0.033,3.3819475958244e-13
"Atl3",1.64134173523157e-17,0.281956670641746,0.649,0.618,3.64328624969353e-13
"Lrpprc",1.70040151138761e-17,0.219781136032015,0.723,0.729,3.77438123482707e-13
"Degs1",1.77849573468662e-17,-0.359767407396721,0.48,0.614,3.94772698228388e-13
"Polr1g",1.88956258322725e-17,0.238571739751883,0.707,0.681,4.19426206598954e-13
"Galnt7",1.98469163947885e-17,0.225217904438322,0.856,0.856,4.4054200321512e-13
"Sf3a2",2.053087499151e-17,0.268527532141383,0.538,0.535,4.55723832186547e-13
"Ablim1",2.09501228821572e-17,0.220992882332641,0.987,0.989,4.65029877615245e-13
"Usp37",2.13695582767123e-17,0.238691277057709,0.662,0.642,4.74340085068183e-13
"Xndc1",2.13885741010405e-17,0.488812672321366,0.354,0.298,4.74762179320795e-13
"Ezh2",2.24670725943345e-17,0.133124384234682,0.969,0.965,4.98701610376442e-13
"Smg1",2.32170500952633e-17,0.187796114527557,0.94,0.942,5.1534886096456e-13
"Gen1",2.38912420688898e-17,0.557110100726507,0.247,0.193,5.30313900203148e-13
"Spata5",2.39127459222661e-17,0.2385082494908,0.871,0.885,5.30791221236542e-13
"Sap18",2.41394276403864e-17,-0.208756439971599,0.88,0.937,5.35822875333657e-13
"Clpx",2.44724650409632e-17,-0.353822236303033,0.536,0.641,5.43215306514261e-13
"Cast",2.51884707515215e-17,0.333973203681978,0.873,0.848,5.59108485271523e-13
"Wdr12",2.52223894124474e-17,0.165965845170926,0.765,0.759,5.59861377788094e-13
"Tyms",2.52825862441833e-17,0.165498424797005,0.658,0.655,5.61197566862137e-13
"Cox5b",2.62410412615023e-17,0.108983334930315,0.996,0.997,5.82472392881567e-13
"Ccn3",2.90850994840122e-17,-1.34218459651327,0.061,0.11,6.45601953246618e-13
"Hmmr",3.24446839662813e-17,0.166097894935761,0.661,0.602,7.20174649999545e-13
"Raver1",3.24779179780653e-17,0.271914882495065,0.592,0.571,7.20912345359114e-13
"Cd69",3.38622229803005e-17,-0.331896706680825,0.508,0.612,7.51639763493731e-13
"Smim7",3.39379777885755e-17,-0.399093373104544,0.347,0.472,7.53321292973011e-13
"Rcc2",3.46664141637004e-17,0.122763822063903,0.9,0.898,7.69490395191659e-13
"Cenpf",3.54115753771091e-17,0.378967788157454,0.539,0.451,7.86030738645691e-13
"Prpf4",3.61636432102733e-17,0.293870051820739,0.576,0.559,8.02724388338437e-13
"Plgrkt",3.67311683882488e-17,-0.200165527489021,0.695,0.791,8.15321744713958e-13
"Ptprs",3.75038969077047e-17,0.547134013308364,0.249,0.201,8.32473999660321e-13
"Clta",3.98879281383763e-17,-0.134262315182923,0.988,0.992,8.85392340887538e-13
"Pebp1",4.3998598833084e-17,-0.223430523297431,0.9,0.944,9.76636898297965e-13
"Frmd6",4.60211057381388e-17,-0.505366884222354,0.321,0.439,1.02153048406947e-12
"Zranb3",5.21304654015374e-17,0.647572378251169,0.174,0.13,1.15713994051793e-12
"Ada",5.21887253091406e-17,0.347347234179949,0.407,0.366,1.15843313568699e-12
"Pnp",5.31940824443164e-17,-0.277728581121062,0.724,0.813,1.18074904801649e-12
"Pfas",5.42954210622543e-17,0.320182237049568,0.39,0.355,1.20519546131886e-12
"Stt3a",5.7051919721919e-17,-0.235997069213653,0.797,0.857,1.26638146206744e-12
"Itga4",5.74405969938089e-17,0.678809695144796,0.35,0.26,1.27500893147158e-12
"Cox7b",5.78397580477873e-17,-0.108177660914135,0.996,0.999,1.28386910938674e-12
"Nlrc5",6.45006740204287e-17,-0.118173511587228,0.893,0.937,1.43172146123146e-12
"Tent4b",6.47488269946582e-17,0.269157374402286,0.622,0.595,1.43722971280043e-12
"Incenp",6.64517184472536e-17,0.360729387420607,0.372,0.336,1.47502879437369e-12
"Dbf4",7.13093640803448e-17,0.240844125376627,0.661,0.619,1.58285395449141e-12
"Castor1",7.29093867166245e-17,-0.467542268609231,0.291,0.408,1.61836965694891e-12
"Tnrc6b",7.5234729744287e-17,0.288556475089647,0.957,0.944,1.66998529613394e-12
"Bckdhb",7.57616533145302e-17,-0.44439273684959,0.34,0.471,1.68168141862263e-12
"Tmed7",7.6621805093092e-17,-0.256200386089291,0.651,0.76,1.70077420765136e-12
"Rock1",8.03792414041958e-17,-0.17620604516433,0.978,0.988,1.78417802144894e-12
"Sri",8.09358370881285e-17,-0.11742910129162,0.972,0.986,1.79653277584519e-12
"Uqcr10",8.10592438191163e-17,-0.143477602546391,0.987,0.995,1.79927203505292e-12
"Ap1s3",8.7565593965287e-17,-0.357496052941196,0.362,0.476,1.94369348924748e-12
"Zfp91",8.8674278441228e-17,-0.233284190406922,0.839,0.903,1.96830295855994e-12
"Neil3",9.12133550501658e-17,0.828631917313911,0.157,0.107,2.02466284204853e-12
"Vapa",9.61507526024531e-17,-0.200360725465134,0.878,0.932,2.13425825551665e-12
"H2-Q4",9.64314805146812e-17,-0.157801220154866,0.723,0.802,2.14048957298438e-12
"Gramd3",9.74569992286591e-17,-0.27457790067962,0.447,0.565,2.16325301187855e-12
"Rfc2",1.00610543885536e-16,0.197006597523012,0.696,0.676,2.23325224262725e-12
"Nsun2",1.02265571161335e-16,0.120544059329328,0.874,0.876,2.26998888306815e-12
"Faf1",1.04011337918487e-16,0.175846492433448,0.759,0.764,2.30873966777665e-12
"Ripor2",1.04885295887006e-16,0.647046556307449,0.615,0.51,2.32813891280386e-12
"Srp14",1.05889818200285e-16,-0.162966831797969,0.966,0.978,2.35043629459173e-12
"Maf1",1.07213979571798e-16,-0.260508077367512,0.452,0.55,2.37982870455521e-12
"Knstrn",1.09724765645153e-16,0.369221575693326,0.663,0.6,2.43556062302546e-12
"Chchd2",1.14061870811241e-16,-0.113838783844109,0.998,0.999,2.53183134639713e-12
"Cenpe",1.14416878900835e-16,0.213724385303258,0.691,0.62,2.53971146096183e-12
"Pptc7",1.14493908767577e-16,0.350109898588223,0.564,0.527,2.5414212929139e-12
"Pilrb1",1.2323200635788e-16,-1.08825327886967,0.041,0.102,2.73538084512586e-12
"Tomm20",1.28562075573942e-16,-0.165748763200712,0.997,0.999,2.85369239151478e-12
"Ramp1",1.32138977892039e-16,0.620405527644261,0.274,0.205,2.93308889226958e-12
"Gnaq",1.36781901462941e-16,-0.397487814069882,0.486,0.613,3.03614786677289e-12
"Ap1g1",1.37766282001906e-16,-0.236560343499075,0.737,0.828,3.0579981615963e-12
"Taf13",1.40516291170982e-16,-0.43408403326259,0.286,0.404,3.11904011512229e-12
"Mllt3",1.53445211843428e-16,-0.105048000085675,0.969,0.974,3.40602336728856e-12
"Nampt",1.55132629352929e-16,-0.24296660584536,0.775,0.85,3.44347897374696e-12
"Cebpz",1.58958458821431e-16,0.198520153106971,0.874,0.866,3.52840091045931e-12
"Nfkb2",1.68008665507441e-16,-0.533208575219769,0.172,0.273,3.72928834826867e-12
"Tnfsf13b",1.75648669409327e-16,-1.03017981665089,0.046,0.093,3.89887351487883e-12
"Asf1a",1.79181380606629e-16,-0.383355938740251,0.585,0.704,3.97728910532534e-12
"Rnf213",1.80964009386169e-16,-0.207908406309217,0.799,0.848,4.01685811634478e-12
"Actr3",1.89656318493559e-16,0.100503824701308,1,1,4.20980130160154e-12
"Rftn1",2.06026290048488e-16,0.273516066919865,0.663,0.64,4.57316556020629e-12
"Mthfd1",2.06626610288833e-16,0.197972207860743,0.601,0.599,4.58649086858124e-12
"Cd5",2.07674317225845e-16,0.276934084546138,0.925,0.917,4.60974681946208e-12
"Dusp6",2.12523098286385e-16,-0.360816802373837,0.441,0.569,4.71737521266289e-12
"Tfdp1",2.14685108222358e-16,0.13737810049418,0.915,0.922,4.76536534721168e-12
"Rmi2",2.32761967635746e-16,0.228610928761067,0.742,0.73,5.16661739561066e-12
"Polr1h",2.32999027671545e-16,-0.226092284581555,0.754,0.843,5.17187941722528e-12
"Eif3l",2.33485065244284e-16,-0.233210001674274,0.841,0.916,5.18266799322737e-12
"Mknk2",2.35914252802231e-16,0.310324774994523,0.722,0.689,5.23658866945112e-12
"Prc1",2.36851640468285e-16,0.291357758632698,0.278,0.223,5.25739586347453e-12
"Gna13",2.42466609787208e-16,-0.22245661238143,0.766,0.856,5.38203133744666e-12
"Creld2",2.52293696475942e-16,-0.485899934888802,0.518,0.641,5.60016318067648e-12
"Srsf9",2.53810227785104e-16,-0.22712129421207,0.891,0.939,5.63382562614596e-12
"Elovl6",2.67052952842888e-16,-0.309271291549711,0.806,0.856,5.92777439425359e-12
"Sp3",2.76781551848709e-16,0.247094178200212,0.877,0.866,6.14372010638579e-12
"Taf3",3.26514280522899e-16,0.242897406920567,0.745,0.728,7.2476374847668e-12
"Sec62",3.31989158016173e-16,-0.119862930333131,0.932,0.958,7.36916334048498e-12
"Fam120c",3.33603191570621e-16,0.507978889990866,0.327,0.278,7.40499004329308e-12
"Smarcd1",3.39863957584856e-16,0.335324866154785,0.523,0.483,7.54396026651105e-12
"Aunip",3.69045454806429e-16,0.618864135742396,0.111,0.085,8.19170196033831e-12
"Stk26",4.32625379786703e-16,0.21330855141953,0.801,0.794,9.60298555512545e-12
"Rab5a",4.48427239119202e-16,-0.231658371059334,0.634,0.736,9.95373942672893e-12
"Gcnt2",4.56467699708004e-16,-2.61309374953498,0.009,0.048,1.01322135304186e-11
"Fgl2",4.59210688878103e-16,-1.34439657884345,0.047,0.102,1.01930996610272e-11
"Msh2",4.69899782093307e-16,0.255776977970243,0.61,0.606,1.04303654631251e-11
"Zfand6",4.82603244240414e-16,-0.176095579965091,0.888,0.931,1.07123442124045e-11
"Pacsin1",4.90155163945114e-16,1.14609790044255,0.092,0.049,1.08799741740897e-11
"Esd",5.20782769656984e-16,-0.182751499108053,0.867,0.922,1.15598151380761e-11
"Tigd2",5.28005432972182e-16,-0.254761437707257,0.554,0.642,1.17201365956835e-11
"Serf1",5.41420084535558e-16,-1.0982935458973,0.048,0.114,1.20179016164358e-11
"G430095P16Rik",5.45281451330619e-16,0.721686728860938,0.248,0.183,1.21036123751857e-11
"Slc25a40",5.60848431851695e-16,0.439709438947985,0.341,0.294,1.24491526418121e-11
"Faim",5.70649420965214e-16,-0.301707138377031,0.545,0.669,1.26667051971649e-11
"Wnt5b",6.01953524342649e-16,0.963676757410631,0.125,0.076,1.33615623798338e-11
"mt-Nd5",6.08485839136298e-16,0.120419625269673,0.998,0.997,1.35065601713084e-11
"Cfap36",6.10235310487773e-16,-0.324016737814834,0.393,0.509,1.35453931868971e-11
"Tor1aip2",6.11792352692787e-16,-0.152136054742263,0.809,0.884,1.35799548527218e-11
"Swi5",6.18927101568895e-16,-0.138796622584528,0.98,0.99,1.37383248735248e-11
"Arf4",6.25260780183588e-16,-0.174916768558488,0.92,0.961,1.38789135377351e-11
"Alkbh1",6.98282185007668e-16,0.234103613438505,0.834,0.817,1.54997696606152e-11
"Nedd8",7.05761413487524e-16,-0.122931371168814,0.984,0.994,1.56657860951826e-11
"Haus6",7.10952480683914e-16,0.198086392041409,0.579,0.562,1.57810122137408e-11
"Tmem258",7.37205190470325e-16,-0.129362314668914,0.983,0.994,1.63637436128698e-11
"Ing4",7.50293897355641e-16,-0.289721189306872,0.362,0.459,1.66542736396032e-11
"Stim1",7.51653611225835e-16,0.292688108666926,0.701,0.684,1.66844552083799e-11
"Arpc1b",7.56472765862304e-16,-0.128419419504949,0.993,0.998,1.67914259838456e-11
"Scaf4",8.1513234870861e-16,0.233009035976198,0.769,0.765,1.8093492744285e-11
"Zfp36l1",8.30400953223401e-16,-0.240143408887606,0.609,0.707,1.84324099586998e-11
"Pdhb",8.55203033052777e-16,-0.239068417934161,0.658,0.761,1.89829417246725e-11
"Ebp",9.64105478498315e-16,-0.238149861890738,0.685,0.792,2.14002493062271e-11
"Tpp2",9.73976484260203e-16,0.154523615403356,0.973,0.977,2.16193560211237e-11
"Daxx",9.76113301233936e-16,-0.235664518264049,0.564,0.666,2.16667869474897e-11
"Taf1d",1.04644986443988e-15,0.132723318860103,0.974,0.976,2.3228047640972e-11
"Glud1",1.14346375981142e-15,0.161663813766261,0.956,0.948,2.53814650765341e-11
"Aspm",1.19996305820609e-15,0.461688224989728,0.476,0.403,2.66355800030007e-11
"Fads1",1.30237006210453e-15,0.440380311422015,0.282,0.243,2.89087082685342e-11
"Eif2s2",1.30727120008929e-15,-0.18049045840049,0.993,0.996,2.90174988283819e-11
"Gstcd",1.33142387620711e-15,0.284204405354701,0.459,0.431,2.95536157801693e-11
"Gm15283",1.36396710968226e-15,-0.56272348245817,0.178,0.277,3.02759779336171e-11
"Tmem203",1.40318994009658e-15,-0.500005145610068,0.207,0.303,3.11466071003239e-11
"Brd4",1.46561709870525e-15,0.186939872068898,0.961,0.959,3.25323027399603e-11
"Alms1",1.4816208360446e-15,0.354503132430264,0.256,0.224,3.2887537697682e-11
"Polr2f",1.53446656544192e-15,0.148882268643475,0.85,0.861,3.40605543531143e-11
"Insl6",1.68371105802158e-15,-0.511746643394268,0.156,0.235,3.7373334354905e-11
"Rps6ka3",1.68652716310334e-15,0.218360694641154,0.863,0.874,3.74358434394047e-11
"Cenpk",1.91998492426184e-15,0.309672141662701,0.397,0.376,4.26179053638401e-11
"Orc1",1.94400728041764e-15,0.302912406915052,0.407,0.382,4.31511296034303e-11
"Trim27",1.95844231853452e-15,0.20502577226421,0.737,0.731,4.34715441445107e-11
"Dido1",1.95929560075242e-15,0.241401512821629,0.798,0.792,4.34904844499014e-11
"Arl4c",2.08017855501178e-15,0.389532628219573,0.634,0.567,4.61737233855965e-11
"Dhx58",2.09402534012085e-15,-0.315310123637457,0.257,0.341,4.64810804746625e-11
"Spen",2.13372786104172e-15,0.239299409843029,0.602,0.59,4.73623573315432e-11
"Focad",2.17517484414889e-15,-0.410367405124123,0.454,0.545,4.82823560155729e-11
"E2f8",2.20509383874175e-15,0.308972278209992,0.211,0.19,4.89464679385505e-11
"BC147527",2.23788225916559e-15,-0.314430758830653,0.273,0.355,4.96742725066986e-11
"Dnmt3b",2.33506989899328e-15,-0.725026859360539,0.136,0.236,5.18315465479537e-11
"Pfkp",2.53052183208931e-15,-0.220295558540682,0.891,0.934,5.61699931068863e-11
"Eva1b",2.53588383271069e-15,-0.494782188373432,0.182,0.278,5.62890134346792e-11
"Itgb1",2.55869304064256e-15,-0.345883072687146,0.711,0.814,5.67953094231428e-11
"Map1lc3b",2.69656395093626e-15,-0.118002308248895,0.862,0.9,5.98556300189322e-11
"Setbp1",2.7729194870813e-15,-0.403608201929246,0.723,0.8,6.15504938547437e-11
"Zbed3",2.87370177610425e-15,0.674465446118924,0.153,0.11,6.37875583241861e-11
"Paxip1",2.90508774985234e-15,0.272641901951654,0.448,0.434,6.44842327834725e-11
"Eftud2",3.0614198724073e-15,0.175557332425711,0.722,0.737,6.79543369078249e-11
"Ctbp1",3.16513984969094e-15,0.199948187159853,0.825,0.817,7.02566092435897e-11
"Erap1",3.3204053173192e-15,-0.172592822148186,0.843,0.893,7.37030368285343e-11
"Rbbp8",3.38007910130232e-15,0.218269389575424,0.579,0.568,7.50276158116077e-11
"Ddx27",3.53162697231539e-15,0.100014842709634,0.904,0.901,7.83915239044847e-11
"Arl6ip1",3.66610785892792e-15,0.218481677480744,0.986,0.987,8.1376596144623e-11
"Nme4",3.7453331374249e-15,0.809645470904711,0.128,0.089,8.31351596514204e-11
"Polr3k",3.8333457469733e-15,-0.296207337641035,0.752,0.839,8.50887755455663e-11
"Zwilch",3.92318970249055e-15,0.286172232050429,0.423,0.396,8.70830418261827e-11
"Larp1",3.99462578445319e-15,0.121107526889761,0.959,0.96,8.86687085375074e-11
"Ifi206",4.16580011387496e-15,-0.615171722785552,0.142,0.226,9.24682651276826e-11
"Tfap4",4.31626785202501e-15,0.421115969419025,0.321,0.276,9.58081975113992e-11
"Neto2",4.37502705127777e-15,0.472673453605648,0.32,0.271,9.71124754572128e-11
"Prdx3",4.71575421584901e-15,-0.225143178106211,0.869,0.932,1.046755963292e-10
"Gfi1",4.77817080673099e-15,-0.824590620172118,0.12,0.194,1.06061057397008e-10
"Nmi",4.8234306304199e-15,-0.134256572755182,0.803,0.868,1.0706568970343e-10
"Kdelr2",4.88880855186609e-15,-0.318900433784424,0.725,0.829,1.08516883425772e-10
"Rrp12",4.90008678347498e-15,0.358256060438835,0.279,0.253,1.08767226332794e-10
"Trim59",5.18615740120184e-15,0.358236819363774,0.653,0.605,1.15117135834477e-10
"Dipk1a",5.52369499971855e-15,0.445533147011756,0.349,0.298,1.22609457908753e-10
"Inf2",5.55841870739118e-15,0.776967606599366,0.162,0.113,1.23380220047962e-10
"Ube2n",5.6481104017479e-15,-0.192670377757122,0.948,0.976,1.25371106587598e-10
"Prkdc",5.73754656532202e-15,0.26808924488115,0.649,0.622,1.27356321110453e-10
"Edem2",5.82332547266304e-15,-0.320037211007185,0.484,0.603,1.29260355516702e-10
"Lpp",5.90345194222744e-15,-0.245141593725961,0.799,0.855,1.31038922761622e-10
"Hlcs",6.00246294640136e-15,0.482236819438021,0.354,0.315,1.33236670021271e-10
"BC031181",6.30722836811838e-15,-0.236656829570081,0.624,0.73,1.40001548087124e-10
"Xpo5",6.54254365586532e-15,0.273092945588463,0.48,0.464,1.45224841529243e-10
"Setd3",6.93968226038659e-15,0.257672026042133,0.744,0.735,1.54040127133801e-10
"Pde11a",7.09378540296639e-15,-0.224578226046007,0.745,0.803,1.57460754589645e-10
"Metrnl",7.14852141698041e-15,-0.970796411969582,0.09,0.175,1.58675729892714e-10
"Eif3m",7.40938354418629e-15,-0.137056582321604,0.985,0.994,1.64466086530303e-10
"Prkch",7.78287386428832e-15,0.378268032895332,0.799,0.74,1.72756451165608e-10
"Ktn1",7.94792641320837e-15,-0.240652007166303,0.806,0.878,1.76420122593986e-10
"Taf7",7.95646986500714e-15,-0.284412383901051,0.499,0.595,1.76609761593563e-10
"Rcan3",8.11866024511672e-15,0.321380680995418,0.599,0.563,1.80209901460856e-10
"Glipr1",8.25406414225896e-15,-0.201219764639537,0.598,0.664,1.83215461765722e-10
"Ccdc9",8.53248471951152e-15,0.384212417787707,0.428,0.384,1.89395563318997e-10
"Cd8a",8.69090781538267e-15,-0.750022579477216,0.141,0.23,1.92912080778049e-10
"Tmem9b",8.96751037316811e-15,-0.227134264404287,0.576,0.683,1.99051827753212e-10
"Nmt2",9.37909796217392e-15,0.302147379745283,0.458,0.433,2.08187837466374e-10
"Crmp1",9.51991386169423e-15,1.44976603718316,0.076,0.034,2.11313527988027e-10
"Hopx",9.68831947305616e-15,-1.32428206294476,0.047,0.116,2.15051627343428e-10
"9530068E07Rik",1.01779911645053e-14,-0.337570407012112,0.427,0.556,2.25920869878524e-10
"Tonsl",1.03192481074567e-14,0.471595394459821,0.193,0.161,2.29056350241217e-10
"Pinx1",1.04640349066833e-14,0.263651906834279,0.659,0.651,2.3227018282365e-10
"Atp10d",1.05772454389088e-14,0.588719555499418,0.325,0.26,2.34783117007459e-10
"Xrn2",1.0619273659525e-14,0.131673429650866,0.995,0.995,2.35716017420476e-10
"Prmt7",1.07383385286443e-14,0.293161656446608,0.495,0.467,2.38358900320318e-10
"Bnip3",1.08624072560953e-14,-0.438795486182967,0.553,0.689,2.41112853863548e-10
"Rad54b",1.12248364628013e-14,0.466150884347154,0.188,0.154,2.491576949648e-10
"Nol8",1.14361080092757e-14,0.231812570246736,0.781,0.758,2.53847289481892e-10
"Immt",1.19431845309418e-14,0.115906498716881,0.908,0.918,2.65102867033314e-10
"Prmt3",1.224430031376e-14,0.263289178092027,0.639,0.626,2.7178673406453e-10
"Srsf4",1.26368920386528e-14,0.231203513296811,0.75,0.744,2.80501092581976e-10
"Cdc5l",1.30259573117255e-14,0.176247186676758,0.906,0.905,2.89137174448372e-10
"Ppm1g",1.30423262536588e-14,0.103962758489519,0.874,0.876,2.89500515852465e-10
"Rwdd1",1.32831411405009e-14,-0.15542422001416,0.982,0.99,2.94845883895698e-10
"Higd2a",1.34943376204252e-14,-0.240414708283405,0.605,0.717,2.99533812160577e-10
"Rpl7l1",1.37511494206374e-14,-0.239511196100286,0.828,0.896,3.05234263689888e-10
"Phf19",1.4123402118388e-14,0.663036772127627,0.171,0.132,3.13497156821859e-10
"Fry",1.41998913812629e-14,1.25229292971932,0.089,0.047,3.15194988989893e-10
"Rrp1b",1.45772677537207e-14,0.157596255117596,0.737,0.728,3.23571612329339e-10
"Xpc",1.50865345262761e-14,0.429815056886991,0.309,0.259,3.3487580687975e-10
"Snx4",1.54076498538289e-14,-0.216972358363129,0.746,0.822,3.42003603805441e-10
"Nfkbib",1.55496381750599e-14,-0.37261068620393,0.343,0.458,3.45155318571804e-10
"Ppp3cc",1.5604399939723e-14,-0.11650498729143,0.926,0.966,3.46370865462032e-10
"Eny2",1.68703719373725e-14,-0.166217866991899,0.931,0.971,3.74471645893857e-10
"Trio",1.70892712111826e-14,-0.373875856788531,0.46,0.575,3.79330553074619e-10
"Nup107",1.73938969522592e-14,0.2242912446544,0.577,0.572,3.86092330649297e-10
"Rcbtb1",1.9835804719367e-14,0.290433515948938,0.63,0.596,4.4029535735579e-10
"Mre11a",1.99701455227399e-14,0.207913105907396,0.588,0.59,4.43277320168258e-10
"Gtpbp1",2.01579487263781e-14,0.378460806394818,0.403,0.372,4.47445987879415e-10
"Prok1",2.08362716525262e-14,-0.676179054508595,0.108,0.181,4.62502721871124e-10
"Agpat3",2.1042818193804e-14,-0.187853862763955,0.888,0.937,4.67087435447867e-10
"Slf2",2.12962696747549e-14,0.245008327312434,0.635,0.623,4.72713297970535e-10
"Bnip3l",2.15149408990638e-14,-0.144260771960245,0.765,0.837,4.77567143136519e-10
"Bcl3",2.19833282500303e-14,-0.417798992987131,0.257,0.363,4.87963937165922e-10
"Nmnat3",2.22426313174712e-14,0.549140336020947,0.232,0.189,4.93719687353907e-10
"Myo5a",2.25729408091528e-14,0.147017308640477,0.638,0.634,5.01051567140765e-10
"Epc2",2.26290474003037e-14,0.281115755554309,0.722,0.696,5.0229696514454e-10
"Ust",2.36862532922284e-14,0.424039846534986,0.569,0.51,5.25763764327595e-10
"Slc24a3",2.37580402993408e-14,-1.91153782057446,0.014,0.056,5.27357220524468e-10
"Micu2",2.52075649781273e-14,0.259628799834086,0.781,0.757,5.59532319819491e-10
"Vamp3",2.53499120587787e-14,-0.388433761857343,0.358,0.487,5.62691997968711e-10
"Carmil2",2.73938715863656e-14,0.463196752842313,0.305,0.259,6.08061767602557e-10
"Stx1a",2.8982958497523e-14,0.914914681057875,0.116,0.072,6.43334729769518e-10
"Cgas",3.14322482955002e-14,0.248744038873513,0.381,0.356,6.97701615415217e-10
"Mrpl32",3.17608565029614e-14,-0.261502409514429,0.729,0.827,7.04995731796235e-10
"Noc2l",3.25658861669461e-14,0.103588651712901,0.829,0.847,7.22864975247703e-10
"Akap1",3.31110991674281e-14,0.412931190878783,0.234,0.202,7.34967068219402e-10
"Stag3",3.38561201194534e-14,1.03177373367632,0.087,0.051,7.51504298291506e-10
"Sec13",3.45528240873766e-14,-0.213076669054438,0.834,0.902,7.66969036267497e-10
"Primpol",3.56201838567016e-14,0.302357254151249,0.435,0.403,7.90661221067205e-10
"Ccdc50",3.61083457490161e-14,-0.255683895220196,0.77,0.844,8.01496950590911e-10
"Frmd8",3.6279846765982e-14,0.397186990802215,0.491,0.444,8.05303758664502e-10
"B630019A10Rik",3.74792136627846e-14,0.86893215730882,0.182,0.123,8.31926105672829e-10
"Pdcd10",3.78778064437948e-14,-0.111594034752494,0.971,0.986,8.40773669632913e-10
"Peds1",3.99942889799115e-14,-0.30790188093935,0.44,0.565,8.87753232487095e-10
"Sat1",4.17983601107552e-14,-0.297166326289348,0.448,0.547,9.27798199378432e-10
"Lin9",4.38559547904651e-14,0.301735778411954,0.396,0.356,9.73470628483955e-10
"Esco1",4.42109786866219e-14,-0.223854009482261,0.687,0.769,9.81351093906947e-10
"Tm2d3",4.44546226736514e-14,-0.328987167866627,0.428,0.545,9.8675925948704e-10
"Arhgap11a",4.56673860744445e-14,0.438383349152677,0.354,0.311,1.01367896869445e-09
"Tcp11l2",4.59413555291785e-14,-0.752118286268468,0.037,0.075,1.01976026868118e-09
"Gm56573",4.60926236503258e-14,-0.525801943012763,0.13,0.203,1.02311796716628e-09
"Ccdc86",4.9014157533051e-14,0.248582815301871,0.571,0.555,1.08796725476113e-09
"Akt3",5.10921839544283e-14,0.308818830827773,0.682,0.656,1.13409320723644e-09
"Sgf29",5.14345471424269e-14,0.280456754793694,0.449,0.423,1.14169264292045e-09
"Arrdc4",5.17376385156324e-14,-0.703002048722157,0.074,0.133,1.14842036213149e-09
"Tlk1",5.40811101810781e-14,0.204094998840079,0.91,0.905,1.20043840268939e-09
"Hikeshi",5.76124616213487e-14,-0.206734773351754,0.763,0.83,1.27882381060908e-09
"Cops5",5.78635187110283e-14,-0.206624742528983,0.784,0.87,1.2843965248287e-09
"Ifit2",5.88175288936539e-14,-0.270301943441515,0.503,0.576,1.30557268885244e-09
"Ptpn2",5.98790483416083e-14,-0.15524983797065,0.953,0.974,1.32913523603868e-09
"Hbs1l",6.11240531758585e-14,-0.31450752895822,0.501,0.622,1.35677060834453e-09
"Sgo1",6.13095233105799e-14,0.45867335296689,0.306,0.26,1.36088748892494e-09
"Grap2",6.303030215397e-14,0.199335946819448,0.987,0.984,1.39908361691167e-09
"Ube2a",6.88016643144463e-14,-0.161085512578789,0.898,0.936,1.52719054278776e-09
"Dock4",6.88786810990816e-14,-1.01690193882565,0.079,0.137,1.52890008435631e-09
"Gm11944",7.01760566847738e-14,0.637926827170472,0.227,0.175,1.55769793023192e-09
"Frmd4b",7.20134149460235e-14,-0.692311124573942,0.157,0.239,1.59848177155688e-09
"Kdm1a",7.85659712544165e-14,-0.166546787927966,0.927,0.957,1.74392886393428e-09
"Pes1",7.92988544524983e-14,0.171654058989899,0.708,0.7,1.7601966722821e-09
"Slc39a7",8.09996748490648e-14,-0.316327828650472,0.569,0.69,1.79794978262469e-09
"Pgd",8.13641148405938e-14,-0.332712598977229,0.638,0.759,1.80603925711666e-09
"Ccm2",8.78434461168792e-14,0.344225181525038,0.823,0.782,1.94986097345637e-09
"Snrnp200",8.93918262818066e-14,0.192817672662992,0.763,0.764,1.98423036797726e-09
"Jpt2",9.02478005014924e-14,0.26061195679954,0.476,0.45,2.00323042773163e-09
"Ergic3",9.10199668747302e-14,-0.255075625357958,0.531,0.642,2.02037020471839e-09
"Kif20a",9.11927035321809e-14,0.352822993169524,0.524,0.468,2.02420444030382e-09
"Rcn1",9.57538494638207e-14,-0.142132482212989,0.877,0.918,2.12544819654843e-09
"Cd96",9.60412588081495e-14,-0.22688428199337,0.603,0.676,2.13182782176449e-09
"Eif4h",1.03849877080283e-13,-0.198932725978411,0.832,0.895,2.30515572155103e-09
"Heg1",1.04320374148142e-13,0.437342439451029,0.431,0.382,2.31559934496632e-09
"Gtpbp2",1.10300272586652e-13,-0.402764661652466,0.226,0.313,2.44833515060591e-09
"Usp6nl",1.208713526283e-13,0.64474743046887,0.252,0.187,2.68298141429037e-09
"Arf6",1.28178950243905e-13,-0.215253060615298,0.783,0.848,2.84518815856396e-09
"Pitpnm2",1.28283799667585e-13,0.287589888185757,0.498,0.476,2.84751550122138e-09
"Rnf44",1.36696707380342e-13,0.389045618929524,0.379,0.339,3.03425681372145e-09
"Psmb10",1.36806279827066e-13,-0.103187022632252,0.961,0.976,3.03668899332139e-09
"Kat2b",1.43494482881715e-13,0.286924265877616,0.875,0.848,3.18514703652542e-09
"Wscd2",1.52716674557886e-13,1.40172089039664,0.069,0.033,3.3898520251614e-09
"Pcm1",1.55147422699879e-13,0.139957492284773,0.828,0.843,3.44380734166922e-09
"Smarcc2",1.57969999707823e-13,0.235197081006909,0.693,0.687,3.50646008351455e-09
"Rapgef5",1.61032324463599e-13,0.478736831327161,0.204,0.171,3.5744345061185e-09
"Mllt6",1.6402461382655e-13,0.298293446245568,0.483,0.46,3.64085435310794e-09
"Kcnq5",1.83342536284477e-13,0.117559372065973,0.769,0.765,4.06965427790654e-09
"Ighm",1.90544256192046e-13,0.426003316514189,0.506,0.438,4.22951085469485e-09
"Pde4d",2.11767783793962e-13,0.343828438465927,0.576,0.529,4.70060949687457e-09
"Thyn1",2.23420446659187e-13,-0.183870151018178,0.818,0.878,4.95926365449398e-09
"Ipo9",2.30932497498742e-13,0.277907390066453,0.527,0.504,5.12600864697958e-09
"Hnrnpl",2.3133538427445e-13,0.103553967987242,0.983,0.988,5.13495152473996e-09
"Suv39h1",2.42046606055481e-13,0.263489698576538,0.47,0.451,5.37270851461352e-09
"Dsn1",2.44656514072525e-13,0.517655206554754,0.218,0.18,5.43064064286785e-09
"Npat",2.60167697783317e-13,0.224525189120057,0.657,0.646,5.77494238769629e-09
"Hemk1",2.60603624452148e-13,-0.282483866404127,0.551,0.644,5.78461865196432e-09
"Arhgap19",2.70372850937113e-13,0.433349472515753,0.327,0.277,6.00146617225109e-09
"Nup205",2.79007286637838e-13,0.189793351851583,0.61,0.627,6.19312474150008e-09
"Glmp",2.8346869333029e-13,-0.352708212894636,0.32,0.425,6.29215458585246e-09
"Tsc22d2",2.87533562776343e-13,0.298449899116086,0.465,0.457,6.38238249294647e-09
"Agpat5",2.90900192080101e-13,-0.238766255787533,0.781,0.872,6.45711156360201e-09
"Gm30603",3.00367171561729e-13,1.22014384222814,0.078,0.039,6.6672501071557e-09
"Trap1",3.00875045386559e-13,0.174482677893213,0.708,0.711,6.67852338244545e-09
"Atp6ap1",3.08021359084191e-13,-0.330487451479024,0.386,0.504,6.8371501075918e-09
"Ybx3",3.09311643789195e-13,-0.373415315058927,0.861,0.923,6.86579055718875e-09
"Rraga",3.09857220710734e-13,-0.347216627387236,0.473,0.599,6.87790072811615e-09
"Palb2",3.14559137064076e-13,0.396288120253232,0.231,0.199,6.98226916541129e-09
"Cpsf2",3.21106245415444e-13,0.149121640018539,0.823,0.839,7.12759532948661e-09
"Stx7",3.36065794582693e-13,-0.433045387665847,0.286,0.389,7.45965244235203e-09
"Wdr75",3.45764288969673e-13,0.110623767333998,0.852,0.864,7.67492992225984e-09
"Cd74",3.51567948972834e-13,-1.27380457963562,0.03,0.068,7.80375376335e-09
"Rpa2",3.53411627710193e-13,0.174391406000158,0.623,0.615,7.84467790028315e-09
"Sdf2",3.54193567558563e-13,-0.234426333729723,0.479,0.574,7.86203461909742e-09
"Tmco4",3.65925358986853e-13,0.336866700704094,0.437,0.402,8.12244519343117e-09
"Cep89",3.78700107705846e-13,0.483272186413962,0.411,0.361,8.40600629074667e-09
"Ptpn9",3.85484545130364e-13,-0.205333407284797,0.812,0.883,8.5566004482587e-09
"Airn",3.87305975309856e-13,0.369636372939081,0.378,0.327,8.59703073395288e-09
"Nrm",3.93217318055444e-13,0.359047342516408,0.346,0.308,8.7282448088767e-09
"Mical1",3.95709027942189e-13,0.742241364430123,0.154,0.113,8.78355329323277e-09
"Wee1",4.02300406363429e-13,0.37315338689317,0.276,0.241,8.92986212004904e-09
"Ifi209",4.13483688277428e-13,-0.247251247351452,0.396,0.466,9.17809742869406e-09
"Zfp652",4.1626903953349e-13,0.25486727314339,0.705,0.679,9.23992387052487e-09
"Tnp2",4.21638320564557e-13,-0.524193137780206,0.186,0.28,9.35910580157147e-09
"Elp3",4.22711119099018e-13,0.371331296636438,0.383,0.347,9.38291871064089e-09
"Ckap2",4.23174883289843e-13,0.368644385248126,0.497,0.439,9.39321288438464e-09
"Clic4",4.2932062017781e-13,-0.244990267057712,0.672,0.754,9.52962980608685e-09
"Serp1",4.33690338493911e-13,-0.251305023274696,0.798,0.867,9.62662444354934e-09
"F830016B08Rik",4.40030644998042e-13,-0.439679121632936,0.262,0.335,9.76736022702155e-09
"Mxi1",4.60922561173411e-13,-0.394620061030794,0.402,0.486,1.02310980903662e-08
"Gid8",4.70859478816736e-13,-0.297973672693188,0.532,0.65,1.04516678512951e-08
"Zfas1",4.75126323285336e-13,0.139101638160367,0.933,0.922,1.05463789979646e-08
"Rell2",5.0397280942102e-13,1.23558258609044,0.053,0.025,1.11866844507184e-08
"Ppp1cb",5.04335215996618e-13,-0.144442672744782,0.843,0.893,1.11947287894769e-08
"Arid5a",5.23404775943121e-13,-0.123490864647642,0.749,0.805,1.16180158116095e-08
"Tex2",5.26938389850827e-13,-0.24923777246132,0.707,0.802,1.16964514395188e-08
"Msl2",5.3610879370087e-13,0.268039722455335,0.636,0.621,1.19000068937782e-08
"Hdac7",5.4670790351198e-13,0.222164731771329,0.813,0.811,1.21352753342554e-08
"Lamp1",5.6314115733849e-13,-0.130236510132728,0.954,0.975,1.25000442694425e-08
"Slbp",5.73449442208127e-13,0.101545245766678,0.87,0.871,1.27288572686938e-08
"Nup62",5.73652518262809e-13,0.266791899902491,0.436,0.414,1.27333649478796e-08
"Ylpm1",5.94756377786108e-13,0.195707979781704,0.761,0.761,1.32018073177182e-08
"Gm15473",6.05582651114581e-13,-1.45928306777296,0.023,0.064,1.34421181067903e-08
"Trim26",6.32217764613967e-13,-0.215002960823612,0.461,0.532,1.40333377211362e-08
"Psenen",6.46462838899733e-13,-0.12915994604127,0.861,0.908,1.43495356350574e-08
"Znhit6",6.92656096028151e-13,0.188354056904177,0.618,0.606,1.53748873635369e-08
"Pttg1",7.09647093756165e-13,0.140606448016517,0.943,0.915,1.57520365401056e-08
"Ttll5",7.11002781200072e-13,0.391257803151843,0.367,0.341,1.5782128734298e-08
"A630023P12Rik",7.16028254952481e-13,0.683200946737047,0.234,0.168,1.58936791751802e-08
"Rc3h1",7.18977114451951e-13,0.247717831371159,0.819,0.806,1.595913500949e-08
"Top2b",7.28244834665223e-13,-0.11294170500927,0.955,0.975,1.6164850595064e-08
"Psap",7.38966456467633e-13,0.293547340970906,0.727,0.715,1.6402838434212e-08
"Imp3",7.46731108868446e-13,-0.208891079550179,0.772,0.851,1.65751904235529e-08
"Tmem209",7.47383966566962e-13,0.300172075029478,0.553,0.517,1.65896819058869e-08
"Arhgap10",7.60197506027205e-13,0.228507160843067,0.487,0.458,1.68741040412859e-08
"Msh3",7.93902699788556e-13,0.304071861205669,0.503,0.483,1.76222582272066e-08
"Brk1",7.94618814242913e-13,-0.13018107045896,0.881,0.932,1.76381538197499e-08
"Cep57l1",8.12699963533065e-13,0.30360517409215,0.356,0.328,1.80395010905434e-08
"Tspyl1",8.26082000328911e-13,-0.365819815906765,0.288,0.387,1.83365421613008e-08
"Gtf3a",8.54253519916269e-13,0.225443238866148,0.634,0.627,1.89618653815814e-08
"Nfkb1",8.67530446243704e-13,-0.150566504693582,0.938,0.959,1.92565733152715e-08
"AA467197",8.82312768850347e-13,-0.550253262209071,0.223,0.297,1.95846965301711e-08
"AW112010",9.04974094679111e-13,-0.111054165216079,0.948,0.953,2.00877099795922e-08
"Zfp36",9.21513277260976e-13,-0.300825817152423,0.287,0.357,2.04548302153619e-08
"Riok1",9.32110212587037e-13,-0.169361210377644,0.834,0.882,2.06900503887945e-08
"Ggct",9.61954731669417e-13,-0.55588043734686,0.315,0.449,2.13525091788661e-08
"Agtpbp1",9.63209884868388e-13,0.332109831119011,0.453,0.418,2.13803698144236e-08
"Pla2g12a",1.00047076808376e-12,-0.367466018748111,0.596,0.696,2.22074496391553e-08
"Ckb",1.01754599229952e-12,0.230252774025445,0.89,0.843,2.25864683910725e-08
"Ccnd3",1.07187939031662e-12,0.248356069799236,0.955,0.94,2.3792506826858e-08
"Ankrd26",1.11662602298584e-12,0.263154749757067,0.399,0.375,2.47857478322167e-08
"Arl1",1.13514786406302e-12,-0.257639367350023,0.677,0.771,2.51968771386068e-08
"Piezo1",1.18771520033667e-12,0.253207851728864,0.525,0.506,2.63637143018731e-08
"Ccdc59",1.19386967657236e-12,-0.185556258168473,0.812,0.877,2.65003252108768e-08
"Ska2",1.22622633381735e-12,0.304027444357092,0.467,0.443,2.72185459317437e-08
"Ncapd3",1.24419252516635e-12,0.195073191226549,0.633,0.625,2.76173414811174e-08
"Tln1",1.25214914122355e-12,0.152707652480407,0.989,0.99,2.77939544877392e-08
"Pelp1",1.33225650969946e-12,0.23332242203975,0.448,0.438,2.95720977457989e-08
"Lgals3bp",1.425263958523e-12,-0.193322348384957,0.615,0.691,3.1636584087335e-08
"Pafah1b3",1.43825252306826e-12,0.637740724281513,0.191,0.14,3.19248912545461e-08
"Mfng",1.45158545757696e-12,0.317203212322764,0.435,0.4,3.22208424018359e-08
"Tapbpl",1.46216176257744e-12,-0.289846047686521,0.338,0.433,3.24556046439314e-08
"Ndc80",1.46600729420282e-12,0.395236713213716,0.352,0.3,3.25409639094199e-08
"A930005H10Rik",1.57310642279004e-12,0.475055571855551,0.469,0.394,3.49182432666706e-08
"4933404O12Rik",1.59312089240444e-12,0.401686541787923,0.22,0.197,3.53625044487014e-08
"Pphln1",1.60541188999956e-12,0.194866828855105,0.654,0.659,3.56353277223203e-08
"Sh2d2a",1.6117278310848e-12,-0.236206444601638,0.629,0.714,3.57755226665894e-08
"Btla",1.62636669092877e-12,0.352122255107323,0.529,0.452,3.61004614385459e-08
"Usp24",1.65819870248324e-12,0.198920696239693,0.749,0.746,3.68070365990204e-08
"Jade1",1.658380056322e-12,0.278746945088916,0.372,0.352,3.68110621101794e-08
"Zmat3",1.77557611186108e-12,-0.220728327127357,0.417,0.507,3.94124629549803e-08
"Kctd20",1.78935223306313e-12,-0.324587148181129,0.288,0.392,3.97182515173024e-08
"Rb1",1.82422701734286e-12,0.247266292003204,0.642,0.633,4.04923671039595e-08
"Nol7",1.84735925277567e-12,-0.111787606366186,0.986,0.996,4.10058333338616e-08
"Tubg1",1.86278806649428e-12,0.342198731076481,0.277,0.251,4.13483067119736e-08
"Taf5l",1.92107222852199e-12,0.342081025399866,0.47,0.432,4.26420402565026e-08
"Fhit",1.93092351185427e-12,-0.556130039430925,0.173,0.26,4.28607091926291e-08
"Ifih1",1.94313035730545e-12,-0.189840318670902,0.451,0.537,4.31316645411091e-08
"Ssbp3",1.99046253088081e-12,0.253046253879471,0.609,0.581,4.41822967979614e-08
"Asrgl1",2.04744640975323e-12,0.242276428112377,0.56,0.538,4.54471679572924e-08
"Endog",2.06335539219623e-12,0.173880175324389,0.449,0.442,4.58002996405798e-08
"Fam241a",2.0652494247598e-12,-0.540862716161332,0.175,0.256,4.58423414813933e-08
"Clptm1l",2.07715810439935e-12,-0.209555583129038,0.747,0.829,4.61066784433523e-08
"Slc39a8",2.23733912438676e-12,0.274203196660684,0.401,0.383,4.96622165440129e-08
"Tmem30a",2.24074465659372e-12,-0.187365131980546,0.83,0.884,4.97378091424108e-08
"Zcrb1",2.30814625407068e-12,-0.159801688683323,0.894,0.937,5.12339224016069e-08
"Atp11b",2.42320304630258e-12,-0.114575346327527,0.953,0.971,5.37878380187785e-08
"Suz12",2.63263534673082e-12,0.122189535553854,0.954,0.964,5.84366067913839e-08
"Txndc9",2.72244248457568e-12,-0.227971847615383,0.679,0.762,6.04300558301264e-08
"Ccdc71l",2.73977407777804e-12,-0.516511031258337,0.216,0.319,6.08147652044391e-08
"Adcy3",2.8692482790955e-12,0.56286129675605,0.173,0.134,6.36887040510828e-08
"Cenps",2.94120731238563e-12,0.211982113962476,0.509,0.502,6.52859787130238e-08
"Prdm2",2.98499730832412e-12,0.26524889799459,0.711,0.688,6.62579852528704e-08
"Myef2",3.00922148993558e-12,0.246658709260518,0.483,0.485,6.67956894121e-08
"Rassf1",3.07582223203176e-12,0.339446086827488,0.488,0.46,6.82740260844091e-08
"St3gal2",3.20221891567673e-12,-0.534415804453649,0.181,0.268,7.10796532712764e-08
"Prkd3",3.49101196503635e-12,0.373948525169701,0.308,0.279,7.74899925879118e-08
"Trrap",3.59914320306625e-12,0.197057517402799,0.693,0.679,7.98901816784615e-08
"Trim21",3.68083554123442e-12,-0.279681836429828,0.293,0.381,8.17035065087803e-08
"Neurl3",3.69731893929981e-12,-0.680433676247324,0.096,0.156,8.2069388495638e-08
"Pole4",3.82743954737299e-12,0.126559302546974,0.9,0.909,8.49576756330382e-08
"Serpinb6a",3.87029653771185e-12,0.541571058745422,0.306,0.246,8.59089722475899e-08
"Tmem176b",4.14636066649618e-12,-0.484613607577614,0.257,0.329,9.20367677142157e-08
"Nt5c3b",4.28366390615178e-12,0.179998227864913,0.714,0.718,9.50844877248512e-08
"Fasl",4.64330394308338e-12,-1.22359481075028,0.044,0.102,1.03067417624622e-07
"Agfg2",4.74567762729262e-12,0.289176141625996,0.358,0.326,1.05339806293014e-07
"Psen2",4.9406487423502e-12,-0.334935939817766,0.401,0.513,1.09667580133947e-07
"Dusp1",4.98033419838427e-12,-0.533170402722692,0.174,0.237,1.10548478201536e-07
"Kti12",4.98292536599394e-12,-0.351296834901719,0.44,0.561,1.10605994348967e-07
"Chd1l",5.00110957869037e-12,0.254467217425431,0.453,0.437,1.1100962931819e-07
"Sp110",5.05187978128658e-12,-0.138745067368754,0.815,0.875,1.12136575505218e-07
"Sae1",5.15087669934041e-12,0.118636938250568,0.925,0.925,1.14334010095259e-07
"Aqr",5.18063841385838e-12,0.211370996759537,0.816,0.811,1.14994630872415e-07
"Itpkb",5.19574340733295e-12,0.357627256195522,0.716,0.677,1.15329916412569e-07
"Rasa3",5.63851276372893e-12,0.528665294873136,0.511,0.457,1.25158067816491e-07
"Wrn",5.72653255678161e-12,0.297150416132525,0.627,0.601,1.27111843162881e-07
"Ccne1",5.88819143608417e-12,0.147275511410149,0.442,0.439,1.3070018530676e-07
"Fcmr",5.90474187120011e-12,-0.656130079761499,0.131,0.212,1.31067555315029e-07
"Dffb",6.04522895573314e-12,-0.533898690795015,0.133,0.204,1.34185947130409e-07
"Nkapd1",6.13072552714044e-12,-0.265560977230612,0.506,0.608,1.36083714525936e-07
"Sft2d2",6.13315966613783e-12,-0.253407887581335,0.371,0.455,1.36137745109261e-07
"D8Ertd738e",6.19250066709591e-12,-0.118193636113816,0.944,0.966,1.37454937307528e-07
"Dusp10",6.24579159361725e-12,-0.271746081852703,0.375,0.435,1.38637836003522e-07
"Ddb2",6.46924513585464e-12,0.377999124629208,0.408,0.365,1.43597834280565e-07
"Mydgf",6.50404803219834e-12,-0.246642112991513,0.814,0.889,1.44370354170706e-07
"Timm8b",6.52838544307604e-12,-0.258558936134947,0.728,0.82,1.44910571679959e-07
"Chm",6.60999177279411e-12,-0.273285867919085,0.544,0.642,1.46721987380711e-07
"Mnd1",6.73959795202799e-12,0.320379981515183,0.318,0.294,1.49598855741165e-07
"Tmem223",6.88280244557176e-12,-0.22518184149544,0.565,0.664,1.52777565884356e-07
"Itm2a",6.93127876470644e-12,-0.457550191928892,0.378,0.446,1.53853594740189e-07
"Klhdc1",6.9508776926048e-12,0.593789233425893,0.312,0.244,1.54288632142749e-07
"Pkp4",7.09767108135188e-12,0.268247331463287,0.596,0.564,1.57547004992768e-07
"Bicdl1",7.22281667797567e-12,0.276941319939253,0.593,0.563,1.60324861801026e-07
"Gm46412",7.24805006725345e-12,0.891687367931621,0.204,0.138,1.60884967342825e-07
"Banf1",7.30659249694917e-12,-0.164282600488345,0.957,0.983,1.62184433654781e-07
"Bud31",7.8133328659393e-12,-0.196773807755222,0.796,0.865,1.73432549625255e-07
"Fndc3a",7.83128064166337e-12,0.202084806932929,0.923,0.925,1.73830936403002e-07
"Erbin",8.10815988819215e-12,-0.129389148168181,0.888,0.929,1.79976825038201e-07
"Rfc5",8.1358283546906e-12,-0.356819398307604,0.474,0.593,1.80590981989067e-07
"Tm2d1",8.2083746099322e-12,-0.224467522977859,0.468,0.567,1.82201291216665e-07
"Psmb3",8.3511415627385e-12,-0.102796985456817,0.995,0.998,1.85370289268107e-07
"Btg2",8.38658378215643e-12,-0.192704136544413,0.364,0.43,1.86157000212526e-07
"Dnph1",8.40210399766943e-12,0.247391572991227,0.465,0.442,1.86501502436268e-07
"Iqgap2",8.41225803301478e-12,0.209852336575442,0.887,0.882,1.86726891558829e-07
"Clec2i",9.10137211047083e-12,0.482429718769488,0.233,0.185,2.02023156736121e-07
"Zc3h6",9.12274913827943e-12,0.516401903294819,0.432,0.355,2.02497662622389e-07
"Actn4",9.16751861120844e-12,0.108567018076358,0.847,0.863,2.03491410612994e-07
"Dcun1d3",9.28319558317904e-12,-0.346534129498218,0.392,0.502,2.06059092359825e-07
"Arhgap26",9.55721817306439e-12,-0.436026053174583,0.343,0.451,2.1214157178751e-07
"Cmip",9.66922225852957e-12,0.194281326279789,0.836,0.829,2.14627726472581e-07
"Rnaseh2b",9.70728120500114e-12,0.159414870279626,0.748,0.744,2.1547252090741e-07
"Zbtb37",9.80941225272398e-12,0.471389463256477,0.301,0.264,2.17739523773714e-07
"Rapsn",1.04993912000673e-11,0.510567177466383,0.155,0.123,2.33054986467893e-07
"Dpm1",1.06963727489188e-11,-0.133857572104846,0.906,0.95,2.37427385907751e-07
"Faah",1.07796843795823e-11,0.614815624610857,0.263,0.213,2.39276654173588e-07
"Srrt",1.09587509672291e-11,0.141674806495489,0.925,0.933,2.43251395219585e-07
"Atxn1",1.10013473980264e-11,0.276812728386346,0.795,0.793,2.44196908193991e-07
"Ccrl2",1.17977435045891e-11,-1.14935324635795,0.024,0.057,2.61874512571365e-07
"Rbm8a",1.20455972734913e-11,-0.15473090631801,0.973,0.989,2.67376122679686e-07
"Git1",1.22899325099944e-11,0.449929314385337,0.218,0.186,2.72799631924345e-07
"Cdin1",1.23905156732103e-11,0.409080362340538,0.33,0.298,2.75032276398248e-07
"Slfn8",1.25366673815732e-11,-0.126158772166614,0.58,0.659,2.78276405868779e-07
"Fam133b",1.30976841958988e-11,-0.151242418335428,0.866,0.907,2.90729296096365e-07
"Dnmt3a",1.31796673276154e-11,-0.308698553827734,0.499,0.599,2.92549075671078e-07
"Slc16a10",1.32528539267131e-11,0.51882229954428,0.139,0.109,2.94173598611252e-07
"Clybl",1.40916794092893e-11,0.755816265648755,0.114,0.082,3.12793007847994e-07
"Bbip1",1.478372925748e-11,-0.17268522380124,0.611,0.695,3.28154438328283e-07
"Tesc",1.52579559133654e-11,0.273560628829433,0.61,0.577,3.38680847408972e-07
"Lin52",1.54547308310692e-11,0.325861618599272,0.453,0.435,3.43048660257244e-07
"Mcph1",1.58950608589771e-11,0.188211871555269,0.556,0.553,3.52822665886715e-07
"Sec23b",1.6108126560925e-11,-0.318116856252074,0.439,0.553,3.57552085272853e-07
"Heatr1",1.6553643647091e-11,0.16525644156078,0.683,0.696,3.67441228034478e-07
"Kbtbd11",1.67505527712712e-11,-0.203987604202121,0.589,0.679,3.71812019863908e-07
"Ppp1r8",1.68277445830771e-11,0.223639360802461,0.567,0.561,3.73525446510563e-07
"Rps6ka5",1.69740741202142e-11,0.306668685918805,0.375,0.345,3.76773523246395e-07
"Guk1",1.7411930061046e-11,0.162774022737353,0.65,0.65,3.86492611565039e-07
"Creb5",1.76644525811241e-11,-1.86788084863745,0.01,0.033,3.92097853943211e-07
"Ier5",1.81241987195279e-11,-0.291382850640142,0.428,0.532,4.0230283897736e-07
"Ctsz",1.81370398280262e-11,-0.302862616953691,0.464,0.571,4.02587873062697e-07
"Spag5",1.82360141998522e-11,0.501812017576878,0.211,0.175,4.04784807194118e-07
"Exosc3",1.99376977562308e-11,-0.191594007908053,0.813,0.884,4.42557077095056e-07
"Gstp3",2.00870472987295e-11,0.36278026398534,0.673,0.62,4.45872188889899e-07
"Sar1b",2.01468528961177e-11,-0.164066562681751,0.814,0.875,4.47199693735125e-07
"Mrps18c",2.07075989346614e-11,-0.164303667038985,0.868,0.925,4.59646573552679e-07
"Fam174a",2.09568500080849e-11,-0.387530212084723,0.262,0.361,4.6517919962946e-07
"Patz1",2.10009674539298e-11,0.3772464398319,0.378,0.343,4.66158474574879e-07
"Pdzd8",2.15805429625605e-11,0.231896800668256,0.634,0.624,4.79023312139956e-07
"Fam98a",2.20045175140775e-11,0.187120450060574,0.537,0.533,4.88434275259979e-07
"Adss",2.2049417903579e-11,0.123826593228112,0.929,0.939,4.89430929205744e-07
"Fanci",2.34193082935434e-11,0.505106207849725,0.165,0.135,5.19838386191783e-07
"Marchf5",2.40885526203144e-11,-0.214792995925826,0.649,0.735,5.34693602513118e-07
"Prr12",2.43747744931718e-11,0.412706636084566,0.25,0.214,5.41046869424936e-07
"Kat2a",2.46887003620346e-11,0.300809574396756,0.395,0.371,5.48015081936081e-07
"Anapc15",2.57032737819085e-11,0.195445059871737,0.667,0.669,5.70535568137023e-07
"Atp6v1g1",2.60479889551521e-11,-0.154817314016421,0.878,0.922,5.78187210837512e-07
"Mef2d",2.61272662855321e-11,0.291065829415638,0.517,0.495,5.79946929739956e-07
"Tm2d2",2.7008826710797e-11,-0.343206741771644,0.351,0.465,5.99514926499561e-07
"Gtpbp4",2.70374477301597e-11,0.100505590828818,0.951,0.95,6.00150227266356e-07
"H2-DMa",2.76638234707806e-11,-0.221849042224875,0.478,0.562,6.14053889580916e-07
"Stk38",2.76918790118732e-11,0.334653338341435,0.724,0.693,6.1467663842655e-07
"Edem1",2.76971515638648e-11,-0.21293547039704,0.635,0.718,6.14793673263106e-07
"Ccdc15",2.81206737561536e-11,0.572065668561585,0.191,0.152,6.24194595365341e-07
"Zfp148",2.96282081116676e-11,0.163610659522158,0.923,0.923,6.57657335454685e-07
"Emc7",3.00490087496288e-11,-0.152477787328407,0.867,0.907,6.6699784721551e-07
"Adnp",3.00533358431804e-11,0.180168297477032,0.854,0.853,6.67093895711075e-07
"Tsr1",3.10895745814893e-11,0.159229131755834,0.75,0.751,6.90095286985318e-07
"Otulinl",3.20246000876949e-11,-0.201892079049691,0.511,0.592,7.10850048146565e-07
"Gpi1",3.30878545202546e-11,0.117383372333954,0.924,0.941,7.34451106786092e-07
"Dnah12",3.31405494571113e-11,-0.961523475732263,0.056,0.102,7.356207762995e-07
"Rbm28",3.37974691483681e-11,0.123362178438505,0.827,0.842,7.50202422686327e-07
"Atad3a",3.42210576423261e-11,0.111401773040532,0.674,0.679,7.59604816486713e-07
"Rbm7",3.47943789004125e-11,-0.155835775319851,0.706,0.793,7.72330828452457e-07
"Ddi2",3.67733452504932e-11,0.243479292483477,0.565,0.554,8.16257944525198e-07
"Rnf19b",3.69057420433413e-11,-0.224905085860654,0.675,0.763,8.19196756136047e-07
"Cnp",3.71220505006826e-11,-0.103791668962169,0.697,0.756,8.23998154963652e-07
"Tmem229b",3.71521397787972e-11,-0.359985281470035,0.298,0.398,8.2466604666996e-07
"Zbtb25",3.75118761168876e-11,0.392683638197743,0.341,0.299,8.32651114166554e-07
"Ahnak",3.82069219151668e-11,0.800361159317864,0.169,0.113,8.48079045750957e-07
"Exoc3",3.85733535979093e-11,-0.173428880019354,0.716,0.805,8.56212729812793e-07
"Ide",3.89783829019089e-11,0.131880582208895,0.646,0.658,8.65203165273672e-07
"Krt10",3.92642849873355e-11,-0.354266814611799,0.21,0.293,8.71549333863885e-07
"Pik3c2a",3.9896067102873e-11,0.394040281093561,0.75,0.71,8.85573001482471e-07
"Orc5",3.99135539623485e-11,0.383757261445616,0.322,0.291,8.85961157302249e-07
"Bltp1",4.05298472833317e-11,-0.161485896350583,0.8,0.859,8.99641020148114e-07
"Hmgcs1",4.17615152457383e-11,-0.27961116258707,0.537,0.654,9.26980353909653e-07
"Tada2a",4.32463211094628e-11,0.291123991560966,0.385,0.366,9.59938589666746e-07
"Emc4",4.34659718157786e-11,-0.261824549383131,0.615,0.723,9.64814176394837e-07
"Zcwpw1",4.37826840181357e-11,0.486255487216123,0.244,0.202,9.71844237150557e-07
"E2f1",4.49481362565835e-11,0.227448470875869,0.336,0.319,9.97713780487384e-07
"Hmgxb4",4.61462559172447e-11,0.213521660223032,0.53,0.519,1.02430844259508e-06
"Pus7",4.92630535937228e-11,0.163526935376278,0.575,0.574,1.09349200061987e-06
"Tubgcp5",4.94283872293607e-11,0.260968775081734,0.604,0.584,1.09716191133012e-06
"Map4",5.01371308792697e-11,0.185997395971963,0.758,0.754,1.11289389412715e-06
"Serpine2",5.06517586798988e-11,-0.738747069980882,0.073,0.118,1.12431708741771e-06
"Mcm8",5.16787987590222e-11,0.370669973768539,0.212,0.185,1.14711429605402e-06
"Ep400",5.20951833246069e-11,0.185095168363828,0.871,0.869,1.1563567842563e-06
"Lbr",5.21114188434289e-11,0.138316515459721,0.971,0.975,1.15671716406759e-06
"Suco",5.22063303063683e-11,-0.188951496108859,0.689,0.762,1.15882391381046e-06
"Rad51c",5.34032027843624e-11,0.734553044748986,0.103,0.075,1.18539089220449e-06
"Sfi1",5.57100917271798e-11,0.336749472904173,0.499,0.476,1.23659690606821e-06
"Ipp",5.74943399979519e-11,0.34220413552874,0.316,0.293,1.27620186493454e-06
"Timm17a",5.7863715560773e-11,-0.229954329155179,0.874,0.928,1.28440089430248e-06
"Cenpp",5.8706319861258e-11,0.25524017659491,0.423,0.41,1.30310418196034e-06
"Cnpy2",5.90217444913987e-11,-0.182489074793833,0.731,0.814,1.31010566247558e-06
"Slc25a32",5.93001862531682e-11,0.275099995481677,0.446,0.425,1.31628623426158e-06
"Lrp8",6.00339541135916e-11,0.244029058795362,0.31,0.305,1.33257367945939e-06
"Ugcg",6.02543969100725e-11,0.258554196451969,0.685,0.66,1.33746684821288e-06
"Mrfap1",6.04957684291431e-11,-0.178363354034564,0.83,0.907,1.34282457182169e-06
"Ubl3",6.19012368260312e-11,-0.232356454364379,0.668,0.751,1.37402175382741e-06
"Stk39",6.20737455460237e-11,-0.204703541667351,0.912,0.952,1.37785092988509e-06
"Arfgap3",6.35527147674723e-11,-0.509129501886297,0.174,0.267,1.41067960969358e-06
"Slc2a1",6.36079489585857e-11,-0.352095936162033,0.423,0.536,1.41190564303373e-06
"Itih5",6.40596907157984e-11,-0.109345378821996,0.945,0.962,1.42193295481858e-06
"Gm56549",6.72108989378680e-11,0.562477767789257,0.167,0.136,1.49188032372386e-06
"Rcor3",7.00461623582574e-11,0.477866292205023,0.183,0.155,1.55481466586624e-06
"Ptp4a2",7.27058796279224e-11,0.1079911431412,0.994,0.994,1.61385241010099e-06
"Anapc5",7.37734368240566e-11,0.167933194838463,0.946,0.949,1.63754897718358e-06
"Cep192",7.51243374986337e-11,0.172428916948545,0.602,0.598,1.66753491945717e-06
"Fut7",7.54417724107536e-11,-1.05496186720606,0.036,0.08,1.6745810222015e-06
"Hmgn1",7.57439919683435e-11,-0.190107080811632,0.902,0.94,1.68128938972132e-06
"Carmil1",7.6552914792121e-11,-0.790941905847069,0.065,0.121,1.69924504964071e-06
"Ccr7",7.77653970725722e-11,0.458646295754206,0.536,0.464,1.72615851881988e-06
"Mrpl44",7.7979770832841e-11,-0.272006100658593,0.485,0.604,1.73091697317657e-06
"Cstf2",7.83580372069373e-11,0.168130702204978,0.582,0.6,1.73931335188239e-06
"Rbpj",7.91032065462541e-11,-0.245152278309454,0.854,0.902,1.7558538757072e-06
"Zfp644",8.00073621707358e-11,0.246873784628205,0.692,0.683,1.77592341810382e-06
"Rnf128",8.13465965602947e-11,-1.5127641166779,0.02,0.052,1.80565040384886e-06
"Apbb1ip",8.20877993700974e-11,0.162905436151052,0.946,0.936,1.82210288261805e-06
"Ccdc186",8.33210257139117e-11,-0.272747607513521,0.304,0.391,1.8494768077717e-06
"1700097N02Rik",8.42379709105805e-11,0.803175347478537,0.166,0.108,1.86983024030216e-06
"Zfp592",8.52342907381512e-11,0.273984118274952,0.546,0.529,1.89194555151474e-06
"Exosc2",8.62863803476027e-11,0.238830897210504,0.474,0.463,1.91529878457574e-06
"Gm28935",8.74757305753231e-11,-0.872952471169193,0.039,0.08,1.94169879158045e-06
"Atg101",8.89576107676916e-11,-0.315783011706866,0.321,0.419,1.97459208621045e-06
"Ss18",8.89625394282635e-11,0.219931659316892,0.657,0.651,1.97470148768917e-06
"Kif2c",9.07215057470122e-11,0.488875391918398,0.303,0.252,2.01374526306643e-06
"Kif11",9.30946113596504e-11,0.248723001156746,0.374,0.343,2.06642108835016e-06
"Emd",9.33691118945200e-11,0.143261801326698,0.811,0.833,2.07251417672266e-06
"Cdc45",9.45274578787e-11,0.173433581092175,0.358,0.352,2.0982259825335e-06
"H2-K2",9.48760853888447e-11,-0.321916786716684,0.219,0.295,2.10596446737618e-06
"Thumpd1",9.51018252051502e-11,0.137551511117126,0.885,0.885,2.11097521407872e-06
"Dock8",9.67834142835594e-11,0.223733708521677,0.94,0.937,2.14830144685217e-06
"Derl1",9.90430880878060e-11,-0.219598521551794,0.617,0.707,2.19845942628503e-06
"Slc35g1",1.06375600427566e-10,0.398233294607329,0.32,0.293,2.36121920269069e-06
"B4galt4",1.11010382121538e-10,-0.516570301787319,0.152,0.232,2.46409745195177e-06
"Taf12",1.11063916441891e-10,0.154783875072586,0.765,0.77,2.46528575326064e-06
"Cnih1",1.11399624645384e-10,-0.270723017780165,0.566,0.669,2.47273746825359e-06
"Pot1a",1.12139859698094e-10,0.387907203861638,0.344,0.317,2.4891684657186e-06
"Taldo1",1.12671977980169e-10,-0.116951936477447,0.94,0.964,2.50097989522581e-06
"Cc2d1b",1.13324983571719e-10,0.302606032128163,0.402,0.374,2.51547466034144e-06
"Ifit3",1.1479980752099e-10,-0.493195945684549,0.065,0.102,2.54821132754341e-06
"Yipf6",1.1503779811982e-10,-0.324256211176041,0.383,0.482,2.55349400486564e-06
"Tle4",1.17272956747916e-10,0.277048523231232,0.711,0.685,2.60310782093348e-06
"Dctd",1.17578632834408e-10,0.245249564793258,0.286,0.278,2.60989291302537e-06
"Znfx1",1.17618504758672e-10,0.391757233816017,0.476,0.426,2.61077795012824e-06
"Uhmk1",1.18684265487709e-10,0.25097317112487,0.566,0.559,2.63443464103067e-06
"Tspan8",1.18971617246782e-10,-1.44935576567287,0.011,0.034,2.64081298802682e-06
"Sec24a",1.19480568175884e-10,0.282519849860729,0.844,0.82,2.6521101718001e-06
"Nop2",1.23775733630741e-10,0.150949624090009,0.59,0.587,2.74744995940155e-06
"Ndor1",1.2908369542424e-10,0.457970039814716,0.258,0.214,2.86527078733185e-06
"Rev1",1.33556492291874e-10,0.235207048545687,0.543,0.526,2.96455345940273e-06
"Stx6",1.34720951073158e-10,-0.283976912896444,0.454,0.556,2.99040095097088e-06
"Jade3",1.41720275281299e-10,0.528972459409395,0.142,0.111,3.145764950419e-06
"Klf13",1.44647315368221e-10,0.223457500686891,0.888,0.876,3.2107364592284e-06
"Smdt1",1.47884524038786e-10,-0.115076184335453,0.968,0.985,3.28259278008893e-06
"Zfp808",1.483906997801e-10,0.410936684267376,0.274,0.24,3.29382836301889e-06
"Noa1",1.49094497918084e-10,0.1808381682183,0.485,0.461,3.30945057028772e-06
"Cptp",1.51046415650733e-10,-0.621220388575286,0.122,0.197,3.35277728819932e-06
"H4c4",1.51900591660569e-10,0.260472345652982,0.559,0.538,3.37173743308964e-06
"Cep57",1.53180577829871e-10,0.216216541834519,0.61,0.602,3.40014928608964e-06
"Gm48099",1.5443628452705e-10,-0.739458379536016,0.057,0.106,3.42802220764693e-06
"L3mbtl2",1.56347400284112e-10,0.327736532236742,0.289,0.267,3.47044324410644e-06
"Asnsd1",1.62102844056238e-10,0.217970115137022,0.643,0.625,3.59819682951632e-06
"Dcxr",1.62813615335968e-10,-0.435790452962189,0.111,0.161,3.61397381961248e-06
"Syngr2",1.62821793461323e-10,-0.320930156571558,0.527,0.653,3.61415534946099e-06
"Borcs8",1.69339593792208e-10,-0.155828455656094,0.606,0.698,3.75883096340564e-06
"9430015G10Rik",1.70692393239377e-10,0.464613847552252,0.147,0.122,3.78885905273444e-06
"Camkk2",1.71576576674932e-10,0.250263546028878,0.432,0.418,3.80848527245346e-06
"Vps36",1.75656492359678e-10,-0.158213965923296,0.864,0.911,3.89904716090777e-06
"Smyd4",1.80616046831378e-10,0.421496659145565,0.229,0.197,4.0091343915161e-06
"Gm17322",1.81967893188276e-10,-1.03309816258562,0.04,0.086,4.03914132510015e-06
"Elf1",1.82753922322483e-10,0.187064910134086,0.984,0.978,4.05658881379217e-06
"Mfsd11",1.83123796530067e-10,0.473819327628014,0.203,0.183,4.06479891157789e-06
"Tnfrsf1b",1.86765821434355e-10,0.383736530493834,0.34,0.311,4.14564093837837e-06
"Dars",1.89450315129881e-10,0.129654443769545,0.881,0.897,4.20522864493797e-06
"Stk16",1.94588206135383e-10,-0.288157514275301,0.366,0.46,4.3192744115871e-06
"Dbt",1.97174388856751e-10,-0.337418793453616,0.306,0.408,4.37667990945331e-06
"Polr3g",1.98965538840652e-10,0.311967908456796,0.388,0.363,4.41643806564595e-06
"Zfp827",2.01241865835471e-10,0.340659505798517,0.264,0.248,4.46696569594995e-06
"Cab39l",2.045692169716e-10,0.247313996673414,0.616,0.599,4.54082290911861e-06
"Haus1",2.04680254178488e-10,0.208455310717566,0.519,0.503,4.54328760199989e-06
"Slc6a1",2.05422183761383e-10,-2.88220134523714,0.002,0.017,4.55975621295141e-06
"Srl",2.06426133163165e-10,1.17500187907584,0.036,0.019,4.58204087782277e-06
"Pros1",2.08056328772955e-10,-0.236320058488148,0.637,0.708,4.61822632977327e-06
"Pacs1",2.09207909680593e-10,0.316877137976759,0.504,0.462,4.64378797118011e-06
"Pfdn4",2.10552181921461e-10,-0.210149033712833,0.817,0.883,4.67362678211067e-06
"Yif1a",2.25860071172778e-10,-0.28656242169249,0.463,0.588,5.01341599982216e-06
"Gps2",2.2651209590859e-10,0.245245083742804,0.585,0.567,5.02788899288297e-06
"Mkrn1",2.3643461044064e-10,-0.156445064594394,0.635,0.713,5.24813904795089e-06
"Bloc1s4",2.3865515958722e-10,-0.329738122565609,0.323,0.424,5.29742857735753e-06
"Lrrc58",2.48159026311722e-10,0.161182509821461,0.768,0.78,5.50838590704129e-06
"Atp6v0e",2.59874925764513e-10,-0.123702700205138,0.956,0.975,5.76844372719489e-06
"Pou2f2",2.60024668005341e-10,0.40350937782687,0.305,0.257,5.77176755571455e-06
"Atf4",2.60672792274223e-10,-0.302254276406445,0.74,0.819,5.78615397011093e-06
"Canx",2.62348151398749e-10,-0.150306940058764,0.997,0.998,5.82334191659804e-06
"Taf4",2.62546608882736e-10,0.365562099751606,0.312,0.283,5.82774707737009e-06
"Stk17b",2.68820674404711e-10,0.176653308517678,0.955,0.953,5.96701250976138e-06
"Txn1",2.75401651183845e-10,-0.128458602509785,0.998,1,6.11309045132781e-06
"Prrc2b",2.9109384238357e-10,0.198372963664558,0.767,0.779,6.4614100193881e-06
"Top1",2.93065847921778e-10,-0.145522714791726,0.964,0.98,6.5051826263197e-06
"Gbp5",2.95366134298663e-10,-0.164865495061424,0.519,0.588,6.55624208302742e-06
"Pim3",2.95964851930967e-10,-0.57046486506388,0.206,0.303,6.56953181831167e-06
"Auh",2.96874212496745e-10,-0.219613653247908,0.637,0.723,6.58971689479025e-06
"Lnpep",3.07605300567611e-10,0.18490534225649,0.909,0.906,6.82791485669926e-06
"Ramac",3.09864960522975e-10,-0.185416525464493,0.546,0.639,6.87807252872848e-06
"Aida",3.11224594012193e-10,0.223448821567625,0.658,0.657,6.90825231328864e-06
"Ccndbp1",3.13631069418553e-10,-0.191675797173882,0.482,0.564,6.96166884788361e-06
"Prkar2a",3.15953404622705e-10,0.132401708233651,0.514,0.523,7.01321772241019e-06
"Mff",3.27571498179927e-10,-0.167628306283136,0.709,0.782,7.27110454509984e-06
"Kif20b",3.28137393140032e-10,0.231292370973876,0.474,0.44,7.28366571552929e-06
"Gatm",3.33386640650681e-10,0.688106313147829,0.076,0.057,7.40018326252316e-06
"Tmem208",3.36937219765147e-10,-0.217005479807324,0.686,0.785,7.47899546712697e-06
"Arih1",3.41504532695125e-10,0.155366354658543,0.949,0.953,7.58037611223369e-06
"Nadk2",3.43551258465028e-10,0.374568721895475,0.262,0.236,7.62580728414823e-06
"Icosl",3.56911984946716e-10,-1.08606708374076,0.03,0.069,7.92237532986226e-06
"Herc3",3.57862699187662e-10,0.285024322413089,0.552,0.531,7.94347833386854e-06
"Tasor",3.62223106101776e-10,0.311511850040142,0.592,0.574,8.04026628614113e-06
"Sec61a1",3.63888913451076e-10,-0.256240894950684,0.627,0.732,8.07724221187354e-06
"Rpa1",3.65247611105509e-10,0.165617340675724,0.772,0.786,8.10740122370899e-06
"Ptbp1",3.67906628391308e-10,0.114442738467294,0.948,0.951,8.16642343040186e-06
"Ampd2",3.69023079229663e-10,0.449213361547239,0.188,0.166,8.19120528966083e-06
"Sp3os",3.69966495877442e-10,0.378262808288178,0.424,0.378,8.21214630899157e-06
"Foxp4",3.70907930236671e-10,0.420969980161525,0.223,0.197,8.23304332746338e-06
"Nusap1",3.7304946136601e-10,0.337342254568491,0.393,0.343,8.28057889394133e-06
"Wwox",3.84196364373395e-10,0.317957231921475,0.35,0.333,8.52800669999624e-06
"Srpr",3.86596219068717e-10,-0.165843507898449,0.69,0.778,8.58127627466832e-06
"Akr1b3",3.93660302433374e-10,-0.14033624967697,0.797,0.849,8.7380777331136e-06
"Gm15834",3.94443223756549e-10,0.505857858642739,0.201,0.163,8.75545623772412e-06
"Nup214",4.02512694623295e-10,0.159316438524498,0.793,0.791,8.93457428255328e-06
"Kcnk5",4.04970915475741e-10,-0.312623300732964,0.437,0.552,8.98913941081502e-06
"Runx1",4.16889993537969e-10,0.209371914985131,0.947,0.936,9.25370718656231e-06
"Ifi27",4.17383932393986e-10,-0.141237195444539,0.867,0.901,9.26467114734931e-06
"Hypk",4.18193469673177e-10,-0.26972563200025,0.555,0.668,9.28264044633551e-06
"Cers2",4.18938047002619e-10,-0.222601205581447,0.596,0.685,9.29916782931713e-06
"Emc3",4.19307229078728e-10,-0.203338906735471,0.638,0.721,9.30736256386052e-06
"Rybp",4.39685100191175e-10,-0.398830086145773,0.335,0.438,9.75969016894351e-06
"Usp46",4.40825946004521e-10,0.349102368785052,0.283,0.257,9.78501352346236e-06
"Naa10",4.57039421453292e-10,0.10024148157945,0.818,0.816,1.01449040379987e-05
"Ttll12",4.57817723068041e-10,0.292728490728484,0.23,0.209,1.01621799989413e-05
"4833419F23Rik",4.66152670500196e-10,-0.555801842370511,0.103,0.158,1.03471908270929e-05
"Thada",4.68352640158872e-10,0.274842333956927,0.642,0.618,1.03960235536065e-05
"Gm15892",4.77353205210955e-10,0.752106675588078,0.156,0.116,1.05958090960676e-05
"Anln",4.86591905785238e-10,0.546530373119556,0.141,0.113,1.08008805327149e-05
"Vma21",4.91400964660094e-10,-0.220595076731883,0.786,0.873,1.09076272125601e-05
"Sh3bp1",5.08560954854719e-10,0.19098902910987,0.756,0.753,1.12885275149102e-05
"Sin3b",5.12470595023151e-10,-0.108475913148257,0.943,0.964,1.13753097977289e-05
"Ttf2",5.12505751771533e-10,0.338307793058835,0.265,0.245,1.13760901720727e-05
"Cs",5.2137974902587e-10,0.14680038955412,0.844,0.854,1.15730662891272e-05
"Fchsd2",5.30593540654261e-10,-0.298706118061055,0.537,0.634,1.17775848219026e-05
"Odc1",5.47256151657078e-10,-0.204718652717693,0.963,0.981,1.21474447983322e-05
"Phf6",5.5224848628379e-10,-0.154394526491182,0.842,0.885,1.22582596500413e-05
"Plk1",5.55891251716676e-10,0.304528651237971,0.343,0.305,1.23391181143551e-05
"Ankrd10",5.62070976315291e-10,0.254024821956296,0.528,0.511,1.24762894612705e-05
"Phf12",5.72863119869386e-10,0.223631955068128,0.688,0.679,1.27158426717408e-05
"Slc37a3",5.82369976569841e-10,-0.329617306913442,0.367,0.464,1.29268663699208e-05
"Itpr3",5.86905443136573e-10,0.487137467503202,0.252,0.211,1.30275401213025e-05
"Matk",5.96334228959826e-10,1.39434580266959,0.04,0.018,1.32368308802212e-05
"Phf20",6.00532949296628e-10,0.158130548189977,0.764,0.774,1.33300298755372e-05
"Arl5a",6.12292642541477e-10,0.170172714674187,0.751,0.755,1.35910597864932e-05
"Unc50",6.15212954238979e-10,-0.21624544873127,0.487,0.581,1.36558819452426e-05
"Mis18bp1",6.23825802051186e-10,0.359544697070177,0.197,0.169,1.38470613281302e-05
"Ubac1",6.36893987180076e-10,-0.293697143088046,0.456,0.561,1.41371358334362e-05
"Rbm6",6.43256480135518e-10,0.172315247004145,0.9,0.895,1.42783640895681e-05
"Sytl2",6.47900245134575e-10,0.220192356682844,0.282,0.263,1.43814417412522e-05
"Ddx43",6.61999201444297e-10,0.582846847869837,0.182,0.143,1.46943962744591e-05
"Abcg3",6.76088935237793e-10,0.710178973188329,0.143,0.099,1.50071460954733e-05
"Ufc1",7.27282278621728e-10,-0.139029655329073,0.819,0.861,1.61434847385665e-05
"Klhdc3",7.38224306382981e-10,-0.42740920193266,0.202,0.29,1.6386364928783e-05
"4921524J17Rik",7.48707635836289e-10,-0.249591234285049,0.376,0.473,1.66190633926581e-05
"Foxd2os",7.54195558998044e-10,0.892069599738978,0.073,0.047,1.67408788230796e-05
"Snhg7",7.55480215529862e-10,0.210970465544443,0.688,0.676,1.67693943441163e-05
"Vps29",7.85359891404659e-10,-0.204561303417262,0.805,0.874,1.74326335095092e-05
"Rsu1",8.30504581981632e-10,-0.183462503856254,0.611,0.682,1.84347102062463e-05
"Gm49797",8.37563997063132e-10,0.335042509061117,0.411,0.39,1.85914080428103e-05
"Bbx",8.41726389274075e-10,-0.157274277552171,0.767,0.829,1.86838006627166e-05
"Gemin2",8.43860507118299e-10,0.227841184337448,0.46,0.444,1.87311716765049e-05
"Elp1",8.65445772792348e-10,0.208360864451733,0.444,0.436,1.92102998186717e-05
"Sh2d1a",8.86367628786334e-10,0.156136057379153,0.79,0.762,1.96747022561703e-05
"Gins3",8.9686787966864e-10,0.265847432137847,0.264,0.246,1.99077763250048e-05
"Cacna1c",9.01136489538595e-10,-0.724040097597737,0.084,0.143,2.00025266582882e-05
"Brip1os",9.23750842853263e-10,0.255904053637319,0.616,0.604,2.05044974588139e-05
"Eif4e3",9.37542117921523e-10,-0.15806643836313,0.654,0.711,2.0810622391504e-05
"Zfp830",9.42454244318152e-10,-0.285033043421299,0.385,0.487,2.091965686113e-05
"Ppp1r11",9.56707226210498e-10,-0.143688827877564,0.838,0.89,2.12360303001944e-05
"Cpsf3",9.64815585690683e-10,0.188183971992446,0.662,0.659,2.14160115555761e-05
"Hira",9.79333187930138e-10,0.175752800989175,0.662,0.656,2.17382587724853e-05
"Laptm4a",9.83050052852831e-10,-0.131299129795487,0.708,0.776,2.18207620231743e-05
"Urb2",9.8312734861452e-10,0.251922233291027,0.313,0.308,2.18224777571965e-05
"Sgo2a",9.92870921149424e-10,0.490900401334461,0.243,0.202,2.20387558367538e-05
"Gm56730",1.01010996245756e-09,-0.407427756839882,0.184,0.24,2.24214108366705e-05
"Mad1l1",1.01469173828619e-09,0.243912959473491,0.387,0.371,2.25231125147387e-05
"Tshz1",1.01915889720515e-09,0.244807430182285,0.47,0.455,2.26222700412627e-05
"Cyth4",1.03843182577074e-09,0.424746793076355,0.296,0.255,2.30500712366332e-05
"Orai1",1.08784103597359e-09,-0.246321449314107,0.504,0.592,2.41468074755059e-05
"Nap1l4",1.11498311747428e-09,0.105891955359995,0.956,0.962,2.47492802585765e-05
"Irak1",1.1348107478572e-09,0.232736780824188,0.556,0.539,2.51893941701862e-05
"Tmem101",1.16387265102206e-09,-0.449582050603426,0.142,0.218,2.58344812347368e-05
"Pld4",1.191467105151e-09,-1.38524254233916,0.014,0.042,2.64469953330368e-05
"Acp1",1.20284157448032e-09,-0.195181186649541,0.751,0.831,2.66994744287398e-05
"Gnai2",1.20602475723236e-09,0.117168238628429,0.999,0.999,2.67701315362868e-05
"Fbxw9",1.25248833677528e-09,-0.68258735209848,0.07,0.122,2.78014836114009e-05
"Grk6",1.25511232149839e-09,0.244321150326862,0.726,0.697,2.78597282002998e-05
"Yipf5",1.26981658753476e-09,-0.20970295188717,0.482,0.576,2.81861187935092e-05
"D430020J02Rik",1.27521617805888e-09,0.603490759281867,0.107,0.08,2.83059735043729e-05
"Mtch2",1.28063271075446e-09,-0.211692165652504,0.831,0.896,2.84262042806167e-05
"Riox2",1.28265257409359e-09,0.210219096730072,0.554,0.543,2.84710391871555e-05
"Zdhhc8",1.28867564330833e-09,0.313703105230041,0.395,0.359,2.8604733254515e-05
"Ankrd28",1.29916861061314e-09,0.179095864136744,0.563,0.559,2.88376456497799e-05
"Mlh1",1.30486093082964e-09,0.329341248948593,0.311,0.287,2.89639980816254e-05
"Rfx3",1.32402517269183e-09,0.45136103880439,0.329,0.289,2.93893867582405e-05
"Madd",1.32974954497368e-09,0.364752277287645,0.482,0.449,2.95164506497807e-05
"Cdk13",1.3484121966305e-09,0.16534741610449,0.878,0.886,2.99307055286071e-05
"Tut1",1.35728208781826e-09,0.398638731343232,0.268,0.235,3.01275905033018e-05
"Tacc3",1.40005845742748e-09,0.155621457546802,0.646,0.629,3.10770975795179e-05
"Cep295",1.41718982092189e-09,0.208118923086198,0.507,0.495,3.14573624550031e-05
"Casc3",1.46562842783531e-09,0.24969486384404,0.567,0.553,3.25325542126605e-05
"Eif4a2",1.51048018890412e-09,0.14341714052799,0.914,0.926,3.35281287531046e-05
"Cpne3",1.51868725551865e-09,-0.305743733441008,0.448,0.558,3.37103010107474e-05
"Rnf13",1.53238340654095e-09,-0.317947395159316,0.339,0.438,3.40143144749895e-05
"Cpt1a",1.54562720511848e-09,0.336966608830321,0.322,0.297,3.43082870720148e-05
"Rabgap1l",1.56234981090075e-09,0.269208373107824,0.986,0.978,3.4679478752564e-05
"Tox",1.5885857575208e-09,0.368649236367197,0.621,0.614,3.52618380596892e-05
"Chmp5",1.62547648286578e-09,-0.155787652694395,0.663,0.731,3.60807014901717e-05
"Ywhaq",1.6647199322819e-09,0.115942681010879,0.91,0.923,3.69517883368614e-05
"Snhg12",1.70717656773795e-09,0.20717843567659,0.62,0.597,3.78941982740792e-05
"Zfp451",1.72305264556665e-09,0.212061263770784,0.524,0.504,3.82465995736429e-05
"Ints6",1.72368223016009e-09,0.182561460633311,0.697,0.689,3.82605744628636e-05
"Rras2",1.76022288260222e-09,-0.242010565691571,0.676,0.779,3.90716673251214e-05
"Uspl1",1.76266110882402e-09,0.224562994873442,0.552,0.55,3.91257886325668e-05
"Pde3b",1.79769715229496e-09,0.244945717342012,0.869,0.862,3.99034836894913e-05
"H1f1",1.81368625499331e-09,0.239790211946447,0.227,0.207,4.02583938020864e-05
"Atf6",1.81555882802372e-09,-0.325917353861543,0.547,0.651,4.02999593056425e-05
"Kmt2d",1.83144141669335e-09,0.255742963843791,0.531,0.533,4.06525051263422e-05
"Arfgef2",1.85292892870942e-09,0.288747092158121,0.411,0.392,4.11294634305631e-05
"Coa3",1.87195843207226e-09,-0.15381136481501,0.822,0.894,4.1551861316708e-05
"Klhl3",1.87662288246073e-09,0.911046546998211,0.075,0.048,4.16553981219807e-05
"Abcc1",1.89494049767296e-09,0.207934172331789,0.407,0.396,4.20619942268467e-05
"Cit",1.95738990221543e-09,0.379301508540591,0.311,0.275,4.34481836594759e-05
"Cops3",1.95840644112724e-09,0.125216681834808,0.788,0.808,4.34707477737014e-05
"Adgre5",2.01203809038827e-09,0.478386413520763,0.338,0.279,4.46612094923484e-05
"Emc6",2.06738000381312e-09,-0.184920271709539,0.833,0.892,4.58896339446398e-05
"Prr11",2.08383948851711e-09,0.626284416095809,0.189,0.149,4.62549851266143e-05
"Pip4k2b",2.11894356135414e-09,0.270704361153771,0.407,0.397,4.70341902313779e-05
"Rps18-ps6",2.17033107858006e-09,-0.114361003450319,0.995,0.997,4.81748389512416e-05
"Otud4",2.23428219621898e-09,0.139742664133743,0.754,0.758,4.95943619094726e-05
"Tnfrsf26",2.23587638230564e-09,0.42808468255368,0.415,0.365,4.96297480580384e-05
"Ube2r2",2.25991441057794e-09,-0.106945957038926,0.87,0.914,5.01633201715986e-05
"Herpud1",2.2662705540536e-09,-0.297149087707086,0.478,0.574,5.03044074883278e-05
"Kat6a",2.27258465826345e-09,0.198115605695628,0.844,0.844,5.04445616594738e-05
"Or2h2b-ps1",2.28127031623785e-09,-0.633442122415228,0.055,0.094,5.06373572095315e-05
"Snx20",2.31618086683236e-09,-0.175166143097386,0.382,0.463,5.14122667010778e-05
"Susd6",2.34118585011483e-09,0.313959886187794,0.707,0.657,5.1967302314999e-05
"Tnpo3",2.40073844254698e-09,0.151026826744227,0.832,0.837,5.32891912092153e-05
"Abcf2",2.43403092269124e-09,0.128028042902623,0.747,0.765,5.40281843909775e-05
"Wdr36",2.44075028868628e-09,0.131665207762458,0.749,0.767,5.41773341579694e-05
"Gpr83",2.66708206471824e-09,-0.611275487314858,0.108,0.168,5.92012205905508e-05
"Mbp",2.68238629756809e-09,0.217494717650947,0.779,0.767,5.95409286471188e-05
"Rrp8",2.70545735477138e-09,0.234822472863607,0.414,0.402,6.00530369038603e-05
"Map4k2",2.70832623603708e-09,0.266521000109095,0.579,0.559,6.0116717461315e-05
"Peli1",2.74009348122348e-09,0.251532419260101,0.948,0.947,6.08218550027175e-05
"Trgc1",2.74338160090638e-09,-1.39079950092193,0.032,0.07,6.08948413953189e-05
"Gbp11",2.75530462462888e-09,-0.178116545453345,0.486,0.555,6.11594967528873e-05
"Rasgrp4",2.82020849329672e-09,-1.02925656183139,0.036,0.075,6.26001679257073e-05
"Pak1ip1",2.82411598699883e-09,-0.212445433967754,0.83,0.88,6.2686902563413e-05
"Chaf1b",2.83028611581714e-09,0.229897901166695,0.392,0.377,6.2823860912793e-05
"Impa2",2.83644496420673e-09,0.182894631475407,0.597,0.609,6.29605688704968e-05
"Smpd4",2.93941799358871e-09,0.218810096543051,0.382,0.373,6.52462612036885e-05
"Ahcyl2",2.9927027659816e-09,-0.147383753222647,0.887,0.929,6.64290232964936e-05
"Idh2",3.03853929465484e-09,-0.324896090258731,0.398,0.52,6.74464567234535e-05
"Ikbkb",3.1228725175295e-09,0.270309578877895,0.639,0.612,6.93184012716024e-05
"Klhl22",3.13491721643817e-09,0.623557578332122,0.108,0.081,6.9585757453278e-05
"Sf3b5",3.17673858555994e-09,-0.148742733999957,0.962,0.981,7.05140663836741e-05
"Ppargc1b",3.18646396520384e-09,0.432843836453809,0.212,0.193,7.07299406356296e-05
"Brd2",3.21164351236182e-09,0.165334322517185,0.896,0.9,7.12888510438953e-05
"Shmt1",3.21363684418616e-09,0.167993150900102,0.379,0.389,7.13330970304002e-05
"Ago2",3.22823425739766e-09,0.132814213542667,0.896,0.908,7.16571158114558e-05
"Cdca2",3.36905505686371e-09,0.477418763912254,0.168,0.137,7.47829150972038e-05
"Hspb11",3.41648863601644e-09,0.276169742333559,0.433,0.411,7.58357982536569e-05
"Cntln",3.46534828991158e-09,0.3209791858319,0.356,0.33,7.69203359911674e-05
"P2ry10",3.5267340447615e-09,-0.165434545190973,0.58,0.661,7.82829155915711e-05
"Mplkip",3.64002009012888e-09,-0.138380523067931,0.701,0.77,8.07975259405907e-05
"Maf",3.70962752686681e-09,-1.74307313803543,0.02,0.045,8.23426022138626e-05
"Tpst2",3.86713562139594e-09,-0.21624521216587,0.556,0.65,8.58388093881256e-05
"Pdss1",3.90022902468273e-09,0.154948935626397,0.548,0.555,8.65733836608825e-05
"Adamtsl4",3.90140609054788e-09,-1.09801795683281,0.023,0.048,8.65995109918913e-05
"Vmp1",3.99892935583456e-09,-0.126532466169389,0.826,0.892,8.87642349114597e-05
"Mastl",4.08252045092695e-09,0.399069066059798,0.148,0.128,9.06197064492256e-05
"Gm20324",4.15966386483378e-09,0.386204518093401,0.309,0.278,9.23320588077154e-05
"Comtd1",4.24088531991067e-09,0.21594099257767,0.32,0.313,9.41349314460571e-05
"Spata13",4.24218117060784e-09,0.318332005669896,0.617,0.577,9.41636954439822e-05
"Wbp1l",4.24598210713326e-09,0.349007770350933,0.421,0.393,9.42480648320369e-05
"Mpc1",4.33196340013371e-09,-0.13445815107345,0.891,0.935,9.61565915927679e-05
"Yipf2",4.38703945325764e-09,-0.546372870761741,0.094,0.143,9.73791147439598e-05
"Fosl2",4.42917816381718e-09,-1.17373593556056,0.044,0.099,9.831446770225e-05
"Cenpm",4.49373137692629e-09,0.218614116977465,0.542,0.524,9.97473553736329e-05
"Zbtb1",4.51205284246967e-09,0.193439993808839,0.738,0.719,0.000100154036944299
"Ska1",4.51555391251012e-09,0.279343509634737,0.237,0.213,0.000100231750195987
"Myt1l",4.553374828278e-09,-0.462092418517697,0.146,0.207,0.000101071261063287
"Rai1",4.6055353727379e-09,0.219073680366463,0.475,0.469,0.000102229068668663
"1810062O18Rik",4.65596015224722e-09,0.618372327846785,0.138,0.099,0.000103348347499432
"Eif2b1",4.7149012735221e-09,-0.329627220509022,0.33,0.43,0.00010465666356837
"Helq",4.85693326710229e-09,0.227085871726098,0.436,0.425,0.000107809347729869
"Evi2a",4.89136557578073e-09,-0.455135861054483,0.179,0.263,0.000108573641685605
"Plac8",4.90397635368994e-09,-0.464027688975596,0.29,0.378,0.000108853563122856
"Tmx1",4.99679397480925e-09,-0.252489520344981,0.658,0.761,0.000110913835858841
"Exosc1",5.04272219515908e-09,0.162123173956486,0.729,0.73,0.000111933304565946
"Glb1",5.17051643134101e-09,0.333374733668534,0.388,0.358,0.000114769953226476
"Cblb",5.18041447080576e-09,-0.119555230526715,0.913,0.932,0.000114989660008475
"Milr1",5.18390257130509e-09,-0.265295686726961,0.355,0.429,0.000115067085375259
"Jazf1",5.24290692317845e-09,0.297962251879017,0.284,0.281,0.000116376804973792
"Peak1",5.29252172901531e-09,-0.215529963021531,0.652,0.732,0.000117478104818953
"4933406I18Rik",5.35948359124553e-09,0.267221219502723,0.771,0.745,0.000118964457274877
"Tmem234",5.3853331537858e-09,-0.103242506860416,0.907,0.938,0.000119538240014583
"Cd9",5.52685199464802e-09,-0.131722629437246,0.508,0.568,0.000122679533725202
"Dscc1",5.534642532995e-09,0.233117914736842,0.239,0.227,0.00012285246030489
"Ltn1",5.59342167641553e-09,0.170745475450836,0.719,0.727,0.000124157180951395
"C1galt1c1",5.68336825675546e-09,-0.372745397159251,0.194,0.278,0.000126153725195201
"Pitpna",5.70954742646252e-09,-0.108605582151492,0.966,0.98,0.000126734824225189
"Trim24",5.76486929155247e-09,-0.166418344977135,0.652,0.716,0.00012796280366459
"Hipk1",5.81274767803033e-09,0.209872300467565,0.78,0.784,0.000129025560209239
"Usp7",5.97601324565245e-09,0.134793774516341,0.896,0.902,0.000132649566013747
"Ypel5",6.03619964809281e-09,-0.28329401575888,0.213,0.283,0.000133985523588716
"Bcl2a1b",6.05883387842847e-09,-0.500573619807808,0.208,0.283,0.000134487935599477
"Ubr7",6.11727707325944e-09,0.16006378035185,0.58,0.584,0.00013578519919514
"Haus4",6.1641299197835e-09,0.237959150486766,0.467,0.457,0.000136825191829434
"Kansl3",6.42094558949794e-09,0.27527473840413,0.457,0.443,0.000142525729250086
"Ccnb2",6.50499856466802e-09,0.197911099961865,0.943,0.92,0.000144391453139936
"Lrpap1",6.68674976612415e-09,-0.279068052625592,0.427,0.527,0.000148425784558658
"Kdm2b",6.77597665605098e-09,0.224880971041728,0.482,0.475,0.000150406353834364
"Arhgef10",6.80571698827184e-09,-0.311602777096939,0.26,0.343,0.00015106649998867
"Wnk1",6.8185408219612e-09,0.122249230747832,0.988,0.986,0.000151351150625073
"Tmem176a",6.83462134212678e-09,-0.36006942756593,0.269,0.321,0.000151708089931188
"Zfp871",6.93934455602747e-09,0.226751377112805,0.686,0.688,0.000154032631110142
"Nsf",7.06229690154588e-09,0.247299323852999,0.688,0.673,0.000156761804323614
"Nedd4l",7.07192574562012e-09,-0.286874424703197,0.378,0.475,0.00015697553577553
"Zc3h7a",7.12887632302228e-09,-0.155358902257116,0.683,0.754,0.000158239667742126
"Gbp9",7.15972904655749e-09,-0.185762442998457,0.473,0.553,0.000158924505646437
"Rcc1",7.37470803810819e-09,0.133234039286451,0.508,0.51,0.000163696394321887
"Nucb1",7.44292865296215e-09,-0.126563657472759,0.9,0.931,0.000165210687309801
"Pcbp4",7.45534139720863e-09,0.58450339275243,0.132,0.103,0.00016548621299384
"ENSMUSG00000121513",7.63499878284789e-09,-1.48706074285292,0.017,0.044,0.000169474067982875
"Cul2",7.66064444815877e-09,-0.232105020768783,0.705,0.793,0.00017004332481578
"Bloc1s2",7.70075657454029e-09,-0.169571788831653,0.769,0.837,0.000170933693685071
"Selp",7.75544810015642e-09,-0.917310003790663,0.039,0.074,0.000172147681479172
"Ctps",7.78030598385293e-09,0.150692779042894,0.53,0.526,0.000172699451923584
"Ttk",7.89042735649251e-09,0.247988602792799,0.197,0.174,0.000175143816032064
"Syne3",7.90841752083803e-09,0.437289844073756,0.221,0.188,0.000175543143710042
"Fbxw4",7.99593947986747e-09,0.333095365271901,0.47,0.438,0.000177485868634618
"Ndrg2",8.01703037666495e-09,0.75559367081456,0.108,0.074,0.000177954023270832
"Napg",8.18595703124935e-09,-0.209007407020322,0.443,0.534,0.000181703688222642
"Nol11",8.26619777922783e-09,0.107796654542664,0.873,0.884,0.00018348479210552
"Klhl5",8.26912130337533e-09,0.317296099947068,0.345,0.32,0.000183549685571022
"Cmtm7",8.44916950784901e-09,0.191459883380569,0.44,0.428,0.000187546215565724
"Gatad2b",8.4765312820695e-09,0.203671001021961,0.81,0.809,0.000188153564868097
"Smim29",8.50965491835283e-09,0.239096987394659,0.624,0.615,0.000188888810222678
"Tmem245",8.55063053225309e-09,0.196802721582102,0.375,0.378,0.000189798345924422
"Traf4",8.82851240005103e-09,-0.384588478513879,0.234,0.323,0.000195966489743933
"Krtcap2",8.97154182961696e-09,-0.127271975637939,0.985,0.992,0.000199141313992008
"Csgalnact1",9.26150944418511e-09,-0.622249427888997,0.128,0.198,0.000205577725132577
"Chmp1b",9.2753137031105e-09,-0.253571150626919,0.323,0.414,0.000205884138267944
"Fancd2",9.36852467672585e-09,0.396990834707893,0.179,0.162,0.000207953142249284
"Supt3",9.42962138551229e-09,0.314847683503081,0.354,0.328,0.000209309305894216
"Retreg1",9.69884176507673e-09,0.264040969556206,0.67,0.645,0.000215285190659408
"Tfb2m",9.8185239312416e-09,0.273253121761391,0.503,0.488,0.00021794177570177
"Cd99l2",9.85271838613537e-09,0.619195917918547,0.107,0.078,0.000218700790017047
"Top3a",9.86655626483914e-09,0.308287212777192,0.205,0.185,0.000219007949410634
"Gm31793",1.02091967321501e-08,0.623039871533357,0.14,0.109,0.000226613539863535
"Cabcoco1",1.02481125913543e-08,0.734679438321328,0.085,0.056,0.000227477355190292
"Rnf125",1.05932934209392e-08,0.478480701694735,0.213,0.188,0.000235139334064588
"Pdcd6",1.06969491975941e-08,-0.156052420172236,0.847,0.9,0.000237440181338995
"Aak1",1.07569835178052e-08,0.189253309062239,0.93,0.925,0.000238772763144721
"Dctn6",1.0823991902105e-08,-0.16963850035898,0.692,0.774,0.000240260148251025
"Ptms",1.08825121278912e-08,0.470740476131651,0.488,0.427,0.000241559121702801
"Scfd1",1.10122157806399e-08,-0.128580532278453,0.827,0.879,0.000244438153682864
"Atp6v1a",1.10766374972896e-08,-0.224663534482746,0.545,0.653,0.000245868122527337
"Cherp",1.1131245642397e-08,0.192843862541918,0.522,0.52,0.000247080259524286
"Nin",1.12498269693356e-08,0.200121392583548,0.691,0.694,0.000249712409238343
"Sec22a",1.14253957964486e-08,-0.266993449115706,0.322,0.422,0.000253609510493769
"Ercc6l2",1.15439765238846e-08,0.249791356038537,0.505,0.492,0.000256241646900667
"Gnb1l",1.16692199688204e-08,0.412744846332381,0.184,0.162,0.000259021675647906
"Cd200r1",1.16858282702573e-08,0.655587122546559,0.131,0.099,0.0002593903301149
"Golm2",1.182493635484e-08,0.398432100087409,0.21,0.185,0.000262478112268384
"Cep41",1.19366588397686e-08,0.369610674326133,0.237,0.214,0.000264958016266343
"Sdf2l1",1.21512708829325e-08,-0.260592830305372,0.883,0.939,0.000269721759788453
"Eif4ebp1",1.26126857570529e-08,-0.184281904473738,0.434,0.456,0.000279963785749304
"Lta4h",1.26137090566639e-08,0.156190891478499,0.805,0.795,0.000279986499930769
"Ddx31",1.29975977953702e-08,0.35277485991747,0.319,0.291,0.000288507678263832
"Ldhb",1.30184553622214e-08,0.54364873109625,0.232,0.187,0.000288970653675228
"Ldlrad4",1.31284981699305e-08,0.62808974325067,0.169,0.124,0.000291413273877947
"Ehd3",1.31800722097663e-08,-0.548076469866746,0.149,0.233,0.000292558062840182
"Scarb1",1.35447181435614e-08,0.187546520032119,0.365,0.366,0.000300652108632632
"Glyr1",1.37926248280917e-08,0.151609817180213,0.846,0.87,0.000306154893309152
"Large1",1.40344420465961e-08,-0.845590812411944,0.101,0.158,0.000311522510108294
"Hjurp",1.406663436623e-08,0.335035034585444,0.416,0.402,0.000312237083027207
"Csrnp1",1.40899560417909e-08,-0.332078490567892,0.27,0.358,0.000312754754259633
"Rasa2",1.45604285322877e-08,-0.227528375180343,0.748,0.821,0.000323197832131191
"Vegfc",1.45680113466927e-08,-2.09601412836072,0.004,0.023,0.000323366147862537
"2410004B18Rik",1.45910818038955e-08,-0.259091248893257,0.43,0.534,0.000323878242801068
"Rreb1",1.4704846780879e-08,0.296310670965359,0.466,0.442,0.000326403483995172
"C1qtnf1",1.48823864740223e-08,-0.973871315607429,0.039,0.078,0.000330344332563872
"Phtf2",1.50197627791054e-08,0.226621627847601,0.421,0.403,0.000333393674407802
"Msn",1.5291656056437e-08,0.102724402566832,0.997,0.997,0.000339428889484732
"Rfxap",1.55136533529176e-08,-0.222188455497278,0.386,0.492,0.000344356563474712
"Stub1",1.56236981436083e-08,0.147990257611132,0.665,0.666,0.000346799227693674
"Utp6",1.56623741002227e-08,0.137868333623928,0.584,0.59,0.000347657717902643
"Gzmc",1.58370667450036e-08,-1.42154662982742,0.042,0.081,0.000351535370538845
"Klf10",1.61624864748018e-08,0.434731423070979,0.125,0.101,0.000358758712281176
"Smpdl3b",1.63355142151349e-08,-1.22238986241448,0.022,0.052,0.00036259940903335
"H2bc27",1.64242826525269e-08,-1.23745313888089,0.009,0.027,0.00036456980203814
"Plk4",1.666421735236e-08,0.153810830287996,0.454,0.454,0.000369895632570336
"Gm20257",1.67243296330872e-08,-0.354950793808254,0.154,0.218,0.000371229944865637
"Cdc42se2",1.68363722803192e-08,0.221152296278542,0.729,0.721,0.000373716955506246
"Vegfb",1.68746608388259e-08,0.275547374234752,0.326,0.301,0.000374566846639419
"Pold4",1.70940005038184e-08,-0.212917648680026,0.313,0.389,0.000379435529183256
"Dnajc19",1.73367601644701e-08,-0.141911621139468,0.91,0.952,0.000384824065370744
"Ccdc69",1.77387817375047e-08,0.351259467716607,0.328,0.299,0.000393747738227393
"Pigf",1.78799832576019e-08,-0.29871421099811,0.461,0.563,0.000396881988368989
"Xpo6",1.7999294770979e-08,0.171929229279739,0.744,0.751,0.000399530346031421
"Wsb2",1.80122540975599e-08,-0.32491418823585,0.176,0.251,0.000399818004203537
"Top1mt",1.80197915534263e-08,0.461849544351836,0.127,0.107,0.000399985313111405
"Paip2b",1.82464516818074e-08,0.30437744825865,0.336,0.315,0.000405016487981078
"Syde2",1.8576947340922e-08,0.806379023492301,0.061,0.042,0.000412352500126446
"Cdk5rap2",1.8658570684878e-08,0.326147778647595,0.335,0.313,0.000414164293492236
"Acot9",1.93875614296159e-08,0.334327658858402,0.377,0.347,0.000430345701053185
"Pimreg",1.9446767516517e-08,0.326984048146512,0.253,0.217,0.000431659898564127
"Ep300",1.9520971901986e-08,0.206749592641337,0.781,0.768,0.000433307013308384
"Psph",1.95486719053865e-08,-0.21093277428814,0.733,0.817,0.000433921870283865
"Unc13d",1.9563836751708e-08,0.2537143074776,0.42,0.397,0.000434258484377663
"Lbh",1.99063692887282e-08,0.324804122895373,0.499,0.461,0.0004418616791019
"Dusp22",1.99595184639836e-08,-0.332407183456873,0.212,0.29,0.000443041431345044
"Acot7",2.03761496234052e-08,0.10993287154413,0.582,0.597,0.000452289393190726
"Ndst1",2.05679742576854e-08,-0.365517331362784,0.219,0.308,0.000456547324597842
"Efcab5",2.07015099264874e-08,0.771920815589467,0.076,0.048,0.000459511415838241
"Ubqln4",2.07095406201368e-08,0.331212314698165,0.267,0.251,0.000459689673145177
"Etaa1",2.0895677980684e-08,0.239309913356417,0.485,0.471,0.000463821364137243
"Stx11",2.15445541289282e-08,-1.02929628466598,0.025,0.058,0.000478224467999819
"Cybc1",2.22739265262489e-08,-0.181323678385863,0.338,0.42,0.000494414347103146
"Urod",2.2393125314436e-08,-0.335355540057264,0.251,0.333,0.000497060202604535
"Sik2",2.25402844721329e-08,0.216090250886758,0.526,0.499,0.000500326694427935
"Wdr3",2.28445013105258e-08,0.133225532199828,0.801,0.814,0.00050707939558974
"Setd1a",2.30238781224474e-08,0.262708608409986,0.36,0.346,0.000511061022683964
"Entpd6",2.32385061375116e-08,0.365871211451062,0.246,0.214,0.000515825120734344
"Nsmce3",2.33614609800581e-08,-0.25702197780576,0.431,0.538,0.000518554349374349
"Zcchc18",2.35767058250911e-08,-1.53436283418378,0.01,0.031,0.000523332139199547
"Acadl",2.40700504235064e-08,-0.166703841950968,0.78,0.838,0.000534282909250572
"Gm57266",2.40750041287796e-08,-0.790686682367308,0.056,0.098,0.000534392866646522
"Smarcd2",2.46693898067062e-08,0.190063071790597,0.564,0.544,0.000547586445539457
"Taf1",2.48427849705808e-08,0.143338054269767,0.764,0.787,0.000551435297991982
"Ift80",2.54700499647875e-08,0.445206165311708,0.298,0.271,0.000565358699068389
"Rbm10",2.55772571437427e-08,0.147493985622106,0.699,0.702,0.000567738376819657
"Bin1",2.56080695585381e-08,0.369328345712921,0.412,0.372,0.000568422319990871
"Trir",2.604463037776e-08,-0.164164669196902,0.867,0.919,0.000578112660495138
"H1f2",2.61821846210279e-08,-0.259158030405362,0.395,0.477,0.000581165952032957
"Gtf2h5",2.624068505466e-08,-0.128621842508135,0.915,0.935,0.000582464486158287
"Tti1",2.62846198944051e-08,0.363758684111346,0.258,0.227,0.000583439707796109
"L2hgdh",2.63522750170086e-08,0.262591185149661,0.234,0.22,0.000584941448552539
"Tspo",2.67178222277798e-08,0.26866344906586,0.859,0.84,0.000593055499990027
"Foxo1",2.67364283499391e-08,0.295962446712523,0.703,0.695,0.000593468500083599
"Mrpl30",2.71871145493402e-08,-0.102830109429535,0.967,0.986,0.000603472381651704
"Ptcd3",2.76035010685995e-08,0.152982184385599,0.701,0.716,0.000612714913219704
"Zdhhc2",2.76583714736765e-08,0.187958613574741,0.525,0.522,0.000613932871601198
"Gvin2",2.83813666582802e-08,-0.158051153600441,0.441,0.533,0.000629981195713845
"Shoc2",2.8405596907029e-08,0.200869920214512,0.715,0.721,0.000630519034545323
"Tex14",2.86676892837171e-08,-0.440856292772761,0.137,0.206,0.000636336699030668
"Nol6",2.92374879870353e-08,0.286113970234318,0.305,0.295,0.000648984520848223
"Isy1",2.92400598209063e-08,0.116691036375399,0.778,0.792,0.000649041607844658
"Pak2",2.92519339113681e-08,0.108521852849929,0.995,0.997,0.000649305177030637
"Isyna1",2.92556919060844e-08,0.106446133569041,0.458,0.471,0.000649388593239356
"Mettl14",3.01320152372453e-08,0.274213945366582,0.345,0.332,0.000668840342221134
"Srp72",3.01571419635441e-08,-0.105017143456937,0.976,0.984,0.000669398080164789
"Espl1",3.04705233923156e-08,0.510929715326841,0.161,0.131,0.000676354207739229
"Hspa13",3.05889936098608e-08,-0.446403328680218,0.22,0.315,0.000678983891158079
"Ercc5",3.08824365633475e-08,-0.259713716337585,0.371,0.449,0.000685497444396624
"Rp9",3.10881393462061e-08,0.119392127944578,0.908,0.91,0.000690063429067737
"Gpr183",3.12830224225795e-08,-0.28960224823865,0.253,0.322,0.000694389248713998
"Ndufs5",3.13025791685593e-08,-0.105788928995505,0.964,0.984,0.00069482334980451
"Coa5",3.15488125888579e-08,0.211378795861547,0.489,0.481,0.000700288993034879
"Nrbp1",3.26345619296381e-08,-0.227543955227492,0.319,0.411,0.000724389371152177
"Ranbp9",3.27336850651801e-08,0.201517322179682,0.808,0.813,0.000726589607391803
"Eeig2",3.30972663504348e-08,0.211656418109055,0.602,0.586,0.000734660021180602
"Dcaf5",3.35093147081983e-08,-0.209902211082325,0.524,0.619,0.000743806258577877
"Fanca",3.38281719086294e-08,0.385731536182377,0.155,0.138,0.000750883931855846
"AW011738",3.39531456609618e-08,-0.527494232250477,0.071,0.116,0.000753657974236369
"Tvp23b",3.40982458604725e-08,-0.291177950141552,0.351,0.446,0.000756878763364908
"Dcun1d5",3.46035187690252e-08,-0.143176111036066,0.954,0.978,0.000768094306116051
"Nudt2",3.56271930783365e-08,-0.270433096784284,0.445,0.552,0.000790816804759836
"Man1a",3.65137216442277e-08,-0.161069260123944,0.855,0.893,0.000810495079336922
"Akap8",3.67194243953032e-08,0.13603688973864,0.685,0.703,0.000815061063302544
"Ythdf2",3.78095946397659e-08,0.124135251039424,0.867,0.876,0.000839259572218884
"Wdfy2",3.78243482914179e-08,-0.642390861017725,0.08,0.133,0.000839587059024603
"Tnfrsf9",3.84242886130384e-08,-0.814201561393794,0.12,0.183,0.000852903934343613
"Slc12a7",3.87626537318491e-08,0.689006791909724,0.124,0.09,0.000860414624885855
"Gale",3.88329699492272e-08,0.322505573663316,0.209,0.183,0.000861975433962997
"Srbd1",3.97075382206068e-08,0.170867833131083,0.569,0.57,0.000881388225882809
"Mocs2",4.01205396761415e-08,-0.220800387480223,0.484,0.579,0.000890555619191312
"Inip",4.06063953066334e-08,0.277744853243505,0.482,0.461,0.000901340156621342
"Slc43a3",4.17416480053898e-08,0.349073755077947,0.196,0.176,0.000926539360775637
"Klhl9",4.20692230476536e-08,-0.260442211521244,0.468,0.578,0.000933810543988768
"Uap1",4.29289614327527e-08,-0.327846131489943,0.346,0.437,0.000952894156922812
"Carhsp1",4.34412250212003e-08,-0.252868897352969,0.413,0.501,0.000964264871795583
"Plscr1",4.36952285268854e-08,-0.405893250463486,0.23,0.32,0.000969902987611275
"Il10rb",4.45064438484515e-08,-0.213416836284328,0.544,0.624,0.000987909534104079
"Cd27",4.53733530312669e-08,0.515148951696615,0.404,0.336,0.00100715231723503
"Dap3",4.54056710343602e-08,0.128545464925698,0.826,0.836,0.00100786967994969
"Mms19",4.57107025695524e-08,0.238814180690487,0.506,0.495,0.00101464046493635
"Parpbp",4.82031540749733e-08,0.396394321965201,0.215,0.183,0.00106996541100218
"Pcmtd1",4.84658982032258e-08,-0.17864463870087,0.498,0.584,0.001075797542417
"Zfp280d",4.92559364488259e-08,0.159842671205253,0.82,0.836,0.00109333402135459
"Isg20l2",5.07777611753549e-08,-0.24386824155708,0.543,0.65,0.00112711396480935
"Nup188",5.17739486658614e-08,0.192414919778662,0.494,0.492,0.00114922633853612
"Cep152",5.28597260102901e-08,0.269130483751634,0.298,0.286,0.00117332733825041
"Ppp3ca",5.33834243018746e-08,0.173196910207243,0.912,0.915,0.00118495186922871
"Dapl1",5.429157860851e-08,0.541028529005225,0.211,0.157,0.0012051101703731
"Ccdc88c",5.45593299749709e-08,0.178785347511066,0.712,0.699,0.00121105344745443
"Gm57315",5.45650052765738e-08,-0.36217252271555,0.18,0.258,0.00121117942212411
"Sqle",5.4936046214288e-08,-0.260797087546035,0.455,0.554,0.00121941541781855
"Tep1",5.49696378212408e-08,0.357412136293626,0.393,0.368,0.00122016105071808
"0610030E20Rik",5.61035612539441e-08,-0.208852286877556,0.34,0.415,0.0012453307491538
"Parvg",5.62390419419167e-08,0.205147427878542,0.555,0.552,0.00124833801398473
"Mrpl14",5.66457465060756e-08,-0.141719986293178,0.758,0.83,0.00125736563519536
"Med31",5.79592897092227e-08,-0.274663720550254,0.313,0.4,0.00128652235367562
"Lamtor3",5.8217656746774e-08,-0.25257218190993,0.344,0.43,0.00129225732680814
"Eps15",5.85200679755985e-08,0.236465321753787,0.595,0.583,0.00129896994885436
"Phlpp1",5.91967275214409e-08,0.174333564973826,0.466,0.448,0.00131398976079342
"Pms1",5.94795424501037e-08,0.284121362341804,0.283,0.275,0.00132026740376495
"Ddit3",6.12348778347113e-08,-0.373950938866459,0.2,0.268,0.00135923058329709
"Map3k3",6.1547595828442e-08,0.240771222343676,0.59,0.573,0.00136617198460393
"Xlr4a",6.18717527067459e-08,-0.33677860560813,0.285,0.37,0.00137336729483164
"Eif1b",6.35095493355601e-08,-0.169177899094543,0.752,0.831,0.00140972146660143
"Thoc1",6.36902245503548e-08,0.1551536439112,0.737,0.745,0.00141373191434422
"Cldnd1",6.53178586498297e-08,-0.350210711193792,0.421,0.521,0.00144986050845027
"Ccdc171",6.64080333710585e-08,0.511303450616046,0.204,0.164,0.00147405911673739
"Slc39a6",6.80044823048384e-08,-0.250377832866528,0.672,0.755,0.0015094954937205
"Rab5c",6.84507260536711e-08,0.163612974677495,0.819,0.827,0.00151940076621334
"Timm9",6.91398075918896e-08,0.11134616619468,0.763,0.779,0.00153469630911717
"Rab11fip4",7.03871877497061e-08,0.496405569133658,0.155,0.123,0.00156238440648023
"Alad",7.09791457959878e-08,0.134231155307933,0.472,0.472,0.00157552409923354
"Lhfpl3",7.20704545073272e-08,0.667538680576501,0.209,0.167,0.00159974787869914
"Kmt5b",7.2200747507378e-08,-0.152649397136696,0.534,0.627,0.00160263999242127
"Tspan5",7.33115555606452e-08,0.253789157931841,0.356,0.344,0.00162729659877964
"Dyrk1a",7.48778196599618e-08,0.216120911378212,0.719,0.724,0.00166206296299217
"Itpk1",7.63587970161137e-08,0.316442922651799,0.336,0.309,0.00169493621736668
"Heatr5a",7.68586039791554e-08,0.259172975042839,0.398,0.384,0.00170603043252531
"Prkcq",7.74405054910757e-08,0.239946105102278,0.981,0.984,0.00171894690038541
"Ddx3y",7.82369524657827e-08,-0.172737170172059,0.639,0.698,0.00173662563388298
"Rps19bp1",7.86025983857839e-08,0.112874810426293,0.602,0.616,0.00174474187636925
"Pigt",7.95527861405907e-08,-0.277404197011201,0.337,0.433,0.00176583319396269
"Il15ra",8.01858326706901e-08,-0.288555415657751,0.37,0.448,0.00177988492779131
"Foxk2",8.15114918137686e-08,0.169064942501394,0.601,0.603,0.00180931058379022
"Rfx7",8.36802910183357e-08,0.139147036931689,0.938,0.934,0.001857451419734
"Tmem165",8.63444929800445e-08,-0.175506121315426,0.67,0.752,0.00191658871067805
"Ncs1",8.88745691466713e-08,0.681818848303676,0.056,0.041,0.00197274881134866
"Fgd2",8.9657080935264e-08,0.90332311234002,0.037,0.024,0.00199011822552005
"Man2a2",9.02243713491599e-08,0.292040879142124,0.355,0.337,0.0020027103708373
"Uxs1",9.10256517842944e-08,0.178616589904759,0.519,0.512,0.00202049639265598
"Xlr4b",9.48805077971626e-08,-0.250455908339391,0.477,0.571,0.00210606263157362
"Ctdspl2",9.51942748619393e-08,0.133013238753179,0.68,0.708,0.00211302731911047
"Foxred2",9.85810585985185e-08,0.500029658776459,0.104,0.082,0.00218820375771132
"Gem",9.87939816730913e-08,-1.69261944897565,0.005,0.023,0.00219293001119761
"Rec114",9.95205494449168e-08,-0.804044984645531,0.024,0.051,0.00220905763602882
"Fcho1",1.02867696083702e-07,0.239543852589684,0.435,0.429,0.00228335424996994
"Ydjc",1.03043968253359e-07,0.151722836968243,0.353,0.356,0.00228726696331981
"Slf1",1.03157128524954e-07,0.150369638324924,0.637,0.645,0.0022897787818684
"Parp2",1.03504456900878e-07,0.16478554699012,0.656,0.661,0.00229748842982878
"Sash3",1.04187010804319e-07,0.243910527175309,0.621,0.609,0.00231263907882348
"Clcn3",1.04418770471491e-07,-0.209666037851928,0.804,0.87,0.00231778344815569
"Gm43837",1.06033967594958e-07,-1.22132691949217,0.016,0.041,0.00235363597870528
"Ndufaf6",1.10789489672727e-07,0.183171600605176,0.488,0.493,0.00245919430226552
"Nuf2",1.1080831620414e-07,0.263531776014009,0.368,0.342,0.0024596121947833
"Hadha",1.10910450157824e-07,-0.141630191225468,0.861,0.901,0.00246187926215322
"Pgap6",1.11651150658124e-07,0.722345083872086,0.088,0.061,0.00247832059115838
"Luzp1",1.12502538666084e-07,-0.404935784344578,0.308,0.417,0.00249721885077107
"Dtnb",1.12608934059742e-07,0.221510661594249,0.42,0.412,0.00249958050932409
"Prkcb",1.1264074070479e-07,0.271440588689632,0.563,0.556,0.00250028652142422
"Dcp1b",1.14854478312912e-07,0.354581950712812,0.337,0.306,0.0025494248551117
"Agap3",1.15836443125577e-07,0.357081756623186,0.233,0.208,0.00257122152805842
"Pkmyt1",1.1708380086388e-07,0.324664083176637,0.182,0.166,0.00259890912777554
"Derl2",1.17555879450801e-07,-0.278092366376561,0.429,0.536,0.00260938785616943
"Nacc1",1.19021305877429e-07,0.253174658215174,0.418,0.409,0.00264191592656128
"Trim25",1.19687493159606e-07,-0.124062480461492,0.644,0.7,0.00265670328566378
"Sgk3",1.2080004465988e-07,-0.357353218856215,0.441,0.523,0.00268139859131536
"Ly6c2",1.21369388981266e-07,-0.97040908339237,0.046,0.085,0.00269403632721717
"Cr1l",1.21754104813289e-07,-0.112322822284186,0.766,0.83,0.00270257586454058
"Tgfbr2",1.21836034706094e-07,0.237374992777783,0.675,0.652,0.00270439446237117
"Mbd4",1.22130193928352e-07,0.293650388091388,0.302,0.284,0.00271092391462764
"Tspyl4",1.22269551382126e-07,-0.475963710714894,0.106,0.158,0.00271401723202906
"Rrad",1.28541992260315e-07,-0.463125690981841,0.079,0.125,0.00285324660220221
"Arhgap35",1.32193333270653e-07,0.216020929648683,0.454,0.446,0.00293429541860869
"Pip5k1c",1.32610675740998e-07,0.341628000810014,0.33,0.298,0.00294355916942293
"Tmub1",1.34816608180269e-07,-0.373149442534289,0.168,0.231,0.00299252425177744
"Meaf6",1.35354159896883e-07,0.153124435103162,0.453,0.452,0.00300445628723112
"Efhd2",1.36346252801725e-07,0.130950728467026,0.766,0.779,0.00302647777343989
"Trp53i13",1.37025623643812e-07,0.605484170190412,0.111,0.083,0.0030415577680217
"Dolpp1",1.37153895709033e-07,-0.436482025188826,0.155,0.23,0.0030444050230534
"Zfp951",1.37358061283184e-07,0.423100776652227,0.273,0.254,0.00304893688630283
"Gm5432",1.38963713138741e-07,1.12792632944577,0.058,0.031,0.00308457754054064
"Lmnb2",1.42736110062979e-07,0.397654108799718,0.184,0.16,0.00316831343506794
"Pxmp4",1.4301209482803e-07,-0.227408459818082,0.319,0.386,0.00317443946889779
"Pdcd1lg2",1.44212953762647e-07,-0.693700885863507,0.096,0.159,0.00320109493466948
"Tspoap1",1.4583835121269e-07,0.477630934798767,0.203,0.164,0.00323717388186808
"Mrtfa",1.48939162704816e-07,0.253449091319495,0.743,0.719,0.00330600259455881
"Phf11a",1.49641693373735e-07,-0.302044411140685,0.128,0.177,0.00332159666781679
"Alyref2",1.51418938575264e-07,-0.512839940504436,0.094,0.149,0.00336104617955513
"Naa12",1.55307632227481e-07,-0.166363551424849,0.873,0.925,0.0034473635125534
"Ppp2r5c",1.56618802401754e-07,0.165134736292233,0.962,0.963,0.00347646755691173
"Ankrd54",1.57398407974597e-07,-0.370282153554046,0.179,0.249,0.00349377246181212
"Utp25",1.66058953774799e-07,0.207623163047501,0.481,0.481,0.0036860105969392
"Pggt1b",1.66195678075489e-07,-0.211444176293939,0.527,0.625,0.00368904546624164
"Zfp810",1.66370100952768e-07,-0.317238833448227,0.086,0.128,0.00369291713084858
"Fbxl17",1.72625005586261e-07,-0.216998720576184,0.546,0.645,0.00383175724899823
"Nup88",1.75563873262845e-07,0.118662471312959,0.706,0.731,0.00389699129481537
"Specc1",1.75668696404346e-07,0.387203204988072,0.238,0.202,0.00389931805408728
"Tbc1d10a",1.79059192929749e-07,-0.267815529231568,0.252,0.331,0.00397457690546164
"Dctpp1",1.79094072273452e-07,-0.287312254621005,0.722,0.831,0.00397535112225381
"Tmem39a",1.81640454083553e-07,-0.321744526308667,0.296,0.392,0.00403187315929261
"Kdm7a",1.82969956206632e-07,-0.199169045174939,0.283,0.355,0.00406138411791861
"Topors",1.84698196672231e-07,0.159271983672832,0.549,0.553,0.00409974587153352
"Xylt1",1.86884383878903e-07,0.678749061837534,0.092,0.07,0.00414827266896
"Atp6v0d1",1.8736353408138e-07,-0.24513140206906,0.31,0.385,0.00415890836600438
"Ctdspl",1.87394744306968e-07,0.187809401936152,0.26,0.256,0.00415960113938177
"Cabin1",1.88781807040238e-07,0.145813486112369,0.69,0.711,0.00419038977087217
"Itpr1",1.90400599355931e-07,-0.181628012368616,0.572,0.59,0.00422632210390359
"Tdp1",1.92872451425443e-07,0.260466220358067,0.241,0.226,0.00428118980429056
"Fbxo42",1.94959234738568e-07,0.233621966996322,0.347,0.336,0.00432751013349199
"Tpgs1",1.95020043178166e-07,-0.371983111233819,0.23,0.312,0.00432885989842574
"Ift57",1.95871400471004e-07,-0.293011831778725,0.354,0.452,0.00434775747625487
"Hyi",1.9731367563693e-07,0.28839912950829,0.376,0.368,0.00437977165811293
"Polr2g",2.00713630605319e-07,-0.1578771364722,0.787,0.853,0.00445524045854626
"Grina",2.06158588582059e-07,-0.279491984286834,0.177,0.24,0.00457610219075596
"St8sia4",2.06789271725016e-07,-0.230605313260759,0.394,0.471,0.00459010146448018
"Klf8",2.0946581773698e-07,1.2414414219638,0.028,0.013,0.00464951275630774
"Armcx3",2.16196043847894e-07,-0.54773108239274,0.098,0.151,0.0047989035852917
"Ciz1",2.20577595956407e-07,0.304458273425134,0.375,0.351,0.00489616089744436
"Calr",2.24584731858726e-07,-0.148963205775875,0.996,0.998,0.00498510729306815
"Eif3j1",2.27164041345285e-07,0.11177175901895,0.76,0.771,0.00504236022574129
"Txndc15",2.28053751708281e-07,-0.325065014335728,0.283,0.38,0.00506210912666872
"Dcaf8",2.28931956450554e-07,0.242645056397298,0.69,0.682,0.00508160263733295
"Nenf",2.32474129680696e-07,0.236184410170293,0.355,0.33,0.0051602282565224
"Med7",2.33072118779301e-07,-0.334981935549932,0.247,0.326,0.00517350182054414
"Morrbid",2.3453343237516e-07,0.265952939094518,0.315,0.289,0.00520593859843142
"Tpm1",2.36355445046896e-07,-0.27316101264464,0.438,0.552,0.00524638181370596
"Fam174c",2.36487301863796e-07,-0.314959260496661,0.261,0.351,0.00524930863947068
"Gmppb",2.36505965255003e-07,-0.445651018224601,0.166,0.239,0.00524972291076529
"Thoc7",2.39381387187032e-07,-0.100997640019372,0.938,0.964,0.00531354865139055
"Ankrd12",2.41145650704837e-07,-0.141644906447287,0.638,0.703,0.00535271000869527
"Eif4ebp2",2.49082065388028e-07,0.137099553875517,0.904,0.904,0.00552887460541805
"Fgfr1op2",2.51245254338709e-07,-0.100776392267161,0.89,0.934,0.00557689091055632
"Ptgr1",2.54454379593077e-07,0.939649487600271,0.083,0.053,0.00564812386382754
"Fez2",2.54708490585284e-07,-0.340603778196223,0.287,0.377,0.00565376436552156
"Pip4k2a",2.60690000374971e-07,0.169445174006965,0.767,0.756,0.00578653593832323
"Tmsb15b1",2.63152344608533e-07,-0.442423530139609,0.101,0.146,0.0058411925932756
"Slfn10-ps",2.63996601959039e-07,0.417191747412329,0.24,0.206,0.0058599325736848
"Pex19",2.68363034223585e-07,-0.287501661343334,0.237,0.313,0.00595685427066092
"Nsmce2",2.69163487476275e-07,0.139486435706603,0.868,0.879,0.00597462193151087
"Dyrk4",2.69617770053765e-07,1.09864186233885,0.05,0.029,0.00598470564188342
"Slc15a3",2.78004090349272e-07,-0.92593995144854,0.028,0.058,0.0061708567934828
"Kat14",2.81172665916478e-07,0.353346118575395,0.239,0.222,0.00624118966534807
"Metrn",2.83376980580086e-07,0.134070962797845,0.582,0.595,0.00629011883793617
"Abhd17b",2.84073893592018e-07,-0.174488676404273,0.63,0.694,0.00630558821606202
"a",2.87733583734783e-07,-0.365921326388323,0.268,0.335,0.00638682235816099
"Rnf38",2.93595549318302e-07,0.250847355556954,0.417,0.4,0.00651694040821835
"Gm12840",2.94288987786138e-07,-0.292224276643839,0.322,0.374,0.00653233266188891
"Slfn9",2.9611692389684e-07,0.208052945744769,0.488,0.494,0.00657290735973817
"Ubd",2.97234601891314e-07,-3.86117272801699,0.001,0.011,0.00659771645818149
"Obi1",2.99830479915816e-07,0.150968257272655,0.498,0.501,0.00665533716269136
"Smim15",3.00517708212369e-07,-0.147971262341638,0.788,0.842,0.00667059156918995
"Ccdc136",3.02829373824839e-07,-0.923581930261567,0.027,0.056,0.00672190361078995
"Ncor2",3.04946603328351e-07,0.182600124132299,0.477,0.485,0.00676889975407941
"Rassf5",3.08401990110392e-07,0.209404922220684,0.802,0.797,0.00684559897448037
"Nol12",3.16449516039629e-07,0.162767460362279,0.645,0.648,0.00702422990753165
"Smap2",3.21919133252116e-07,-0.188258217257682,0.7,0.775,0.00714563900079723
"Skic3",3.24259903850281e-07,0.144528472418464,0.65,0.656,0.00719759708576469
"Osbpl3",3.24901595827816e-07,0.15811603785484,0.409,0.4,0.00721184072259004
"Fam210b",3.30524583506745e-07,-0.605115313595955,0.072,0.121,0.00733665418009922
"Cox10",3.3082986774864e-07,0.158584884120087,0.572,0.584,0.00734343057441656
"Oat",3.30948333678503e-07,-0.168804915844945,0.704,0.776,0.00734606016266173
"Clcn5",3.31079576770707e-07,0.215088198532731,0.462,0.461,0.00734897336557939
"Nmt1",3.36746814314989e-07,0.165363256522152,0.739,0.748,0.00747476903734981
"Mrpl57",3.4521619989279e-07,-0.138443382571376,0.844,0.901,0.00766276398902025
"Smad3",3.46083491962962e-07,0.308536075335961,0.484,0.461,0.00768201527110187
"Tcf25",3.4906251101783e-07,0.101459084800482,0.89,0.905,0.00774814055706278
"Arid1b",3.55195016512987e-07,0.213650877408696,0.777,0.769,0.00788426378153877
"Lamtor1",3.55315684669259e-07,-0.127883496792661,0.852,0.9,0.00788694225260354
"Ergic1",3.57178605820966e-07,-0.249139220988676,0.558,0.651,0.00792829351340798
"Nudt8",3.58954924470439e-07,0.306102580830925,0.194,0.175,0.00796772245847032
"Arhgef3",3.59810876588826e-07,-0.120829264386446,0.864,0.891,0.00798672202764217
"Iars2",3.65479981397841e-07,0.150119402403541,0.664,0.683,0.00811255914708787
"Vti1a",3.66513113101473e-07,0.168264485029722,0.805,0.817,0.0081354915715134
"Bcl2l13",3.67989146331724e-07,0.307500285839359,0.345,0.322,0.00816825508112528
"Actr10",3.70571163176354e-07,-0.137339918016663,0.751,0.819,0.00822556810902554
"Elf4",3.77750092991952e-07,0.22428937042892,0.66,0.669,0.00838491881414236
"Afg3l2",3.78502815454925e-07,0.133882339435999,0.623,0.643,0.00840162699465296
"Tmem179b",3.82473131725937e-07,-0.127754013955201,0.665,0.737,0.00848975610492063
"Rdh14",3.93989181516731e-07,-0.248403604796997,0.265,0.336,0.00874537786212688
"Coil",3.95628800544638e-07,0.238791320946731,0.44,0.433,0.00878177248568933
"Ivd",3.98680277715594e-07,-0.295244682692325,0.27,0.351,0.00884950612445304
"Gm4258",3.99399110472321e-07,1.01128043161479,0.068,0.049,0.00886546205515412
"D030056L22Rik",4.00733475322958e-07,0.216687196540146,0.344,0.336,0.0088950809517437
"Ppm1e",4.0566846304364e-07,0.856251245232364,0.051,0.031,0.00900462287417967
"Pdcd11",4.10890569352735e-07,0.13284023629578,0.645,0.649,0.00912053796792265
"Sprtn",4.14827356597512e-07,-0.387370844456707,0.153,0.224,0.00920792283439496
"Il17ra",4.17035868342342e-07,0.458857146724383,0.322,0.294,0.00925694516959498
"Eid1",4.22322924095129e-07,-0.224967853326087,0.646,0.734,0.00937430194613958
"Cers4",4.32649701786539e-07,0.405602589344466,0.247,0.214,0.00960352543055581
"Ccdc116",4.34685290778266e-07,0.721524400567398,0.051,0.036,0.00964870939940518
"Mrps27",4.35362211857524e-07,0.171854902477895,0.441,0.437,0.00966373501660147
"Emsy",4.35772532990635e-07,0.22302589191415,0.564,0.546,0.00967284291479313
"Eci1",4.40761164595057e-07,0.533560925782845,0.13,0.107,0.00978357557051647
"Gm20186",4.50060050170845e-07,-0.12552619535998,0.531,0.605,0.00998998293364225
"Cwf19l1",4.51911701500908e-07,0.278211189607845,0.297,0.28,0.0100310840382156
"Ric8a",4.56293788039139e-07,-0.374337474476447,0.179,0.255,0.0101283532131048
"Thumpd2",4.59168256774535e-07,0.394421770026325,0.253,0.223,0.0101921577956243
"Vrk2",4.6252057695486e-07,0.227483941312159,0.607,0.614,0.010266569246667
"Rbm15",4.64076308023073e-07,0.18596189555354,0.475,0.474,0.0103011018091882
"Ddx6",4.64232309634182e-07,0.13309947754902,0.988,0.986,0.0103045645769499
"Adipor1",4.67202750772942e-07,-0.181468102403066,0.641,0.737,0.010370499458907
"Chek2",4.74600136312048e-07,0.349001569608867,0.156,0.142,0.0105346992257185
"Prpf8",4.78907354908084e-07,0.111691313572844,0.858,0.871,0.0106303065568947
"Ptch1",4.8022558088388e-07,0.347731124976753,0.205,0.192,0.0106595672188795
"Tfdp2",4.81396242846554e-07,0.197630833903665,0.374,0.374,0.010685552402465
"Spg11",4.81514143010193e-07,0.314353201123087,0.382,0.357,0.0106881694323973
"Pwp2",4.83531718471298e-07,0.296461140949738,0.234,0.214,0.0107329535549074
"Lair1",4.85285742132521e-07,0.282712797219161,0.212,0.198,0.0107718876181156
"Gclc",4.86010573308674e-07,0.219419181159539,0.439,0.423,0.0107879766957326
"Ddx23",4.91828642410313e-07,0.136840604695176,0.784,0.789,0.0109171203755817
"Aup1",4.93553392080819e-07,-0.145523182569989,0.729,0.785,0.0109554046440179
"Tubd1",4.94220113113455e-07,-0.529855460002262,0.067,0.111,0.0109702038507794
"Hdac1",4.98667397765411e-07,-0.112676842710336,0.925,0.963,0.0110689202281988
"Rad54l",5.02292344404483e-07,0.210055905308126,0.208,0.204,0.0111493831687463
"D330041H03Rik",5.05303078898775e-07,0.435508938477737,0.186,0.158,0.0112162124423161
"Mgat4a",5.08714458712923e-07,-0.235476035849512,0.52,0.625,0.0112919348400508
"Polh",5.18132117011389e-07,0.316886812487803,0.209,0.195,0.0115009786013018
"Slc25a24",5.3052666387804e-07,0.335859280021428,0.255,0.222,0.0117761003581009
"Mast2",5.35330450643739e-07,0.100324297553165,0.35,0.352,0.0118827300129391
"Ddx49",5.35777806841507e-07,0.134990466225884,0.521,0.517,0.0118926599784609
"Tnrc6a",5.41515300203602e-07,0.146334834029213,0.839,0.858,0.0120200151186194
"Cenpc1",5.48078988275594e-07,0.204698876383118,0.584,0.574,0.0121657093027534
"Trmt2b",5.56692544592601e-07,0.309802197177717,0.28,0.265,0.012356904412322
"Itgb3bp",5.58325701852417e-07,0.309715527961402,0.423,0.39,0.0123931556040181
"Plod2",5.58532809001727e-07,-0.418517322695782,0.158,0.23,0.0123977527614113
"Shld2",5.63201415474193e-07,0.278974846307433,0.375,0.351,0.0125013818192807
"Taok1",5.68145254222606e-07,0.179244966448201,0.789,0.8,0.0126111202079792
"Pwwp3a",5.6959362670697e-07,0.224158107057659,0.45,0.443,0.0126432697320146
"Jagn1",5.70494545562257e-07,-0.254009393255762,0.514,0.624,0.0126632674278454
"Scap",5.71279830898385e-07,0.229075988353904,0.416,0.413,0.0126806984064515
"C2cd3",5.75413660388354e-07,0.241413633057072,0.51,0.503,0.0127724570196403
"Zbtb11",5.82661630735947e-07,0.205839879950509,0.741,0.74,0.0129333402174458
"Tarsl2",5.84911849141128e-07,0.278896989712305,0.227,0.213,0.0129832883153856
"Ormdl2",5.89566208873332e-07,-0.181413481838758,0.647,0.732,0.0130866011383614
"Kdm4a",5.91329888751659e-07,-0.270586193124273,0.28,0.357,0.0131257495406206
"Dhx37",5.94737821862995e-07,0.295957302789799,0.236,0.22,0.0132013954318929
"Spty2d1",6.08902160300151e-07,-0.255822292610907,0.32,0.405,0.0135158012521825
"Tgoln1",6.10730718582072e-07,-0.155948716825736,0.663,0.739,0.0135563897603663
"Hmga1b",6.11686083586585e-07,0.411241083503473,0.089,0.077,0.0135775959973714
"Rac2",6.19619442936976e-07,0.111623092346601,0.999,0.998,0.0137536927748721
"Arpc1a",6.19864736687463e-07,-0.123454121175759,0.789,0.848,0.0137591375602516
"Mir142hg",6.22356513885737e-07,0.149184690988416,0.992,0.986,0.0138144475387217
"Kars",6.2820594374577e-07,0.146010594484936,0.678,0.691,0.0139442873333249
"Agfg1",6.32382538486042e-07,-0.109320251883745,0.859,0.908,0.0140369952067747
"Ash2l",6.35279226459647e-07,0.119660628399015,0.662,0.67,0.0141012929897248
"Katna1",6.40511277182994e-07,-0.121791503807811,0.641,0.714,0.0142174288196309
"Itprid2",6.41757726978265e-07,0.339409710911166,0.203,0.194,0.0142450962657365
"Hvcn1",6.46460508655709e-07,0.518698868940838,0.153,0.119,0.0143494839106308
"Noc3l",6.52434078253228e-07,0.174243376449863,0.537,0.536,0.0144820792349869
"Depdc5",6.60390228000271e-07,0.205256523093872,0.379,0.368,0.014658681890922
"Firre",6.60655820996502e-07,0.520242883949792,0.052,0.038,0.0146645772586593
"Smu1",6.62327437663332e-07,-0.137952461931301,0.745,0.827,0.014701682133813
"Crem",6.7057546383496e-07,-0.205514069664449,0.406,0.46,0.0148847635707446
"Tmem131l",6.73039218677525e-07,0.282265766793568,0.542,0.524,0.014939451536985
"Plcg2",6.79726262104149e-07,1.21266296047316,0.024,0.012,0.0150878838399258
"H2-Ab1",6.86931380804351e-07,-0.323594505994014,0.198,0.258,0.0152478158597142
"Haus3",6.88979264844816e-07,0.165737376100581,0.476,0.477,0.0152932727417604
"S100a11",6.90665676685673e-07,0.394313600087931,0.251,0.211,0.0153307060253919
"Sipa1",6.94010201414124e-07,0.179598245244389,0.452,0.449,0.0154049444407893
"Cst7",6.99330624859405e-07,-0.180795650564117,0.491,0.55,0.0155230418800042
"Eno3",7.18475443944192e-07,0.183822806128928,0.44,0.434,0.0159479994292292
"5830468F06Rik",7.34753671163821e-07,-0.237253946057913,0.165,0.21,0.0163093272388233
"Esco2",7.41778758022334e-07,0.218120289832911,0.098,0.089,0.0164652630918217
"2810001A02Rik",7.4248968977411e-07,-0.196630976639566,0.382,0.461,0.0164810436439159
"Arid2",7.5364264289362e-07,0.205767288564337,0.598,0.598,0.0167286057443097
"Pan3",7.60895931648673e-07,0.195110676788006,0.899,0.9,0.0168896069948056
"Cst3",7.65931123826191e-07,-0.111264385739526,0.747,0.798,0.0170013731555699
"Myo9b",7.77432402594655e-07,0.173365143626594,0.648,0.652,0.0172566670403936
"Chd8",7.78597443034074e-07,0.156736171217548,0.801,0.809,0.0172825274430273
"Tbx21",7.82483415094055e-07,-0.558074945395512,0.17,0.243,0.0173687843648427
"Slc35d2",7.85589922047658e-07,0.356152755320033,0.256,0.226,0.0174377394996919
"1110038F14Rik",7.8751409361566e-07,-0.156053385388509,0.53,0.621,0.0174804503359868
"Ccdc138",8.00629656593246e-07,0.396087950263772,0.219,0.196,0.0177715764874003
"Cnot10",8.15345962917262e-07,0.174394450190252,0.605,0.607,0.0180982343388745
"Haus7",8.19522793113083e-07,-0.391885481324297,0.186,0.264,0.0181909474387311
"Eef1akmt4",8.20932075431893e-07,-0.368390387121027,0.242,0.334,0.0182222292783617
"Trappc6b",8.25235964076961e-07,-0.136448815923286,0.732,0.804,0.0183177626946163
"Eps8",8.3261957635556e-07,-0.567587007438058,0.173,0.244,0.0184816567363644
"Ptger2",8.4211826957183e-07,-0.35114834240027,0.117,0.17,0.0186924992296859
"Atp5g3",8.5762744617918e-07,-0.104243091260344,0.991,0.999,0.0190367564228393
"As3mt",8.63556482580131e-07,0.991694553592622,0.034,0.018,0.0191683632438312
"Sumo3",8.73013388568677e-07,0.110317830095631,0.657,0.682,0.0193782781860589
"Gga2",8.86094725491212e-07,0.417973353739224,0.117,0.099,0.0196686446217284
"Fam117a",9.0948328024702e-07,0.330258656498114,0.426,0.398,0.0201878003716431
"Kdm5c",9.20398701002353e-07,-0.148870189206987,0.591,0.665,0.0204300899661492
"Nfkbie",9.31401083567996e-07,-0.47037279456313,0.086,0.125,0.0206743098519588
"Il10ra",9.34032248824337e-07,-0.204987722711355,0.316,0.381,0.0207327138271538
"Dpysl2",9.42235481702077e-07,0.171907277765957,0.668,0.664,0.020914800987341
"Suclg1",9.44840744108471e-07,-0.146398749111926,0.923,0.956,0.0209726299969757
"Mcm3ap",9.4829796126782e-07,0.180720213854358,0.512,0.521,0.0210493698462618
"Arl13b",9.51034616643497e-07,-0.283168721973694,0.242,0.311,0.0211101153856357
"Gnb4",9.5209715542115e-07,0.701460828406918,0.107,0.078,0.0211337005588833
"Tra2a",9.72345470916874e-07,0.15221904474655,0.802,0.81,0.0215831524179419
"Prpf38a",9.72380497701642e-07,-0.18080876988876,0.786,0.856,0.0215839299074833
"Sh2b1",9.7396183865636e-07,0.313097698520145,0.245,0.224,0.0216190309326552
"Lrr1",9.76932137219446e-07,0.122864805408528,0.227,0.227,0.02168496264986
"Bcl10",9.80426068416363e-07,-0.143803026146341,0.5,0.574,0.021762517440638
"Nuak2",9.93951662293172e-07,-0.656743547934466,0.056,0.096,0.0220627450479215
"Tia1",1.02160643237102e-06,0.171960496888282,0.732,0.736,0.0226765979793396
"Csprs",1.02927840475566e-06,-0.423291992770171,0.035,0.057,0.0228468927503614
"Tnfrsf1a",1.03017761620821e-06,-0.330822042187777,0.199,0.273,0.0228668525469737
"1700056E22Rik",1.03969065069506e-06,-0.759700142873307,0.033,0.061,0.0230780133734782
"Npepl1",1.04296232572878e-06,0.152789241218689,0.47,0.481,0.0231506347442018
"Ankrd13b",1.04988615137112e-06,0.552019765167445,0.053,0.045,0.0233043229019847
"Pcbd2",1.052369989844e-06,0.159118494896459,0.75,0.746,0.0233594566645672
"Ccng2",1.05577917180364e-06,-0.399277001712445,0.067,0.094,0.0234351302765254
"Ccdc38",1.06084748438976e-06,0.817923252882824,0.066,0.043,0.0235476316109994
"Polr2k",1.06513548623248e-06,-0.131978173281424,0.905,0.932,0.0236428123879023
"Ogdh",1.06725565411823e-06,0.139503510157014,0.733,0.748,0.0236898737544623
"Aff4",1.06871179234885e-06,-0.16293523617988,0.753,0.822,0.0237221956547673
"Dcp2",1.07311889356061e-06,-0.136800983573856,0.798,0.861,0.0238200200803649
"Nudt1",1.07386801811522e-06,0.173188063717115,0.47,0.47,0.0238366483981035
"Gfm2",1.08122922217832e-06,0.264222584506671,0.421,0.406,0.0240000450446922
"Mvp",1.08293501770744e-06,-0.33350685846672,0.207,0.276,0.0240379085880522
"Gata1",1.08752955082661e-06,-0.151916346982557,0.321,0.389,0.0241398934396982
"Twf1",1.10161528578142e-06,0.186510016569116,0.553,0.55,0.0244525544984902
"Mir155hg",1.12269246906682e-06,-0.488879680166648,0.13,0.186,0.0249204047358761
"Il6st",1.13894959284934e-06,-0.167002503399132,0.395,0.459,0.0252812641124769
"Akap11",1.14702169948011e-06,0.140237193133504,0.493,0.49,0.0254604406633599
"Spc24",1.14741077195826e-06,0.108581241322252,0.765,0.772,0.0254690769051575
"Ctsb",1.15074598869856e-06,-0.111648780724016,0.698,0.761,0.025543108711142
"Jade2",1.16483761350338e-06,0.377835500815851,0.248,0.231,0.0258559005069346
"Rfx5",1.17297783346778e-06,-0.454011779351946,0.084,0.125,0.0260365889694843
"Irf2bpl",1.18920508911757e-06,0.324548582101477,0.248,0.225,0.0263967853631428
"Ifngr1",1.19383552097679e-06,-0.193200147186918,0.675,0.725,0.0264995670591218
"Tdrd3",1.1942393413731e-06,0.225745532901896,0.327,0.319,0.0265085306604588
"Psmd12",1.20947660820291e-06,-0.13308044030709,0.967,0.977,0.02684675227228
"Sec24d",1.23159346360828e-06,-0.556528573713387,0.115,0.169,0.027337680111713
"Nav1",1.2428523368345e-06,-0.34397525847873,0.174,0.222,0.0275875933207155
"Acaa2",1.25464726081269e-06,0.254442252371626,0.544,0.524,0.0278494052482594
"Naxe",1.2758323530221e-06,-0.145923633360277,0.429,0.505,0.0283196507400315
"Tubgcp2",1.29831696149857e-06,0.125201256540926,0.589,0.597,0.0288187415943837
"Ntan1",1.30562516603654e-06,0.13891330742629,0.732,0.733,0.0289809618105131
"Sav1",1.31238584697967e-06,-0.302233935137493,0.315,0.407,0.0291310286454077
"Foxn2",1.31694901423233e-06,0.185777572730469,0.639,0.633,0.0292323172689149
"Cln6",1.32094363584102e-06,0.379694811534705,0.208,0.184,0.0293209858847631
"Abl2",1.33511107745376e-06,0.265547892000191,0.454,0.435,0.029635460586241
"Psmd2",1.33654076516808e-06,-0.150537364474891,0.882,0.931,0.0296671953644359
"Osbp",1.34253729365781e-06,-0.233861352178029,0.394,0.493,0.0298003003073223
"Hemgn",1.358513746235e-06,0.42592920624441,0.138,0.116,0.0301549296251783
"Eme1",1.36545338057231e-06,0.371674406454609,0.16,0.139,0.0303089686885637
"Cd40lg",1.36742624344849e-06,0.396804435739968,0.306,0.276,0.0303527603258261
"Ap3s1",1.39654497113789e-06,-0.157613947409703,0.661,0.734,0.0309991087243478
"Nup54",1.41484544784512e-06,0.102635944124863,0.706,0.726,0.0314053244058181
"Ddhd1",1.44418612593366e-06,0.253601499110399,0.394,0.373,0.0320565994373494
"Pcnx3",1.44533851740456e-06,0.33270441040535,0.217,0.196,0.032082179070829
"Mis12",1.44880779086879e-06,0.180351653465781,0.353,0.349,0.0321591865339146
"Kif18a",1.45193192249861e-06,0.361312877979677,0.175,0.153,0.0322285328837016
"Adam10",1.45723724230511e-06,0.130400522664866,0.875,0.889,0.0323462950674464
"Gm11963",1.47875424183593e-06,-0.749299511618124,0.043,0.075,0.0328239079060321
"Cops2",1.4986195503076e-06,-0.15644306898827,0.831,0.875,0.0332648581581778
"Ccn6",1.50567798956441e-06,-1.91819999155588,0.003,0.014,0.0334215343343612
"Zcchc9",1.53815819291633e-06,-0.179384457343746,0.492,0.586,0.0341424974081638
"Stat5a",1.54814067582941e-06,0.325254510187927,0.387,0.358,0.0343640785813854
"Ubash3a",1.56716738601638e-06,0.198287427765304,0.756,0.754,0.0347864144674056
"Kansl1",1.59326256503635e-06,0.157183407937047,0.968,0.965,0.0353656491561119
"Cdc7",1.60994297468737e-06,0.174406097084407,0.301,0.293,0.0357359042091355
"Ctnna1",1.61802596528066e-06,0.258791087967809,0.415,0.403,0.0359153223513347
"Mrpl43",1.63795230388546e-06,-0.171783919618571,0.713,0.783,0.0363576272893456
"1810014B01Rik",1.6564765847168e-06,0.264596724849323,0.211,0.196,0.0367688107509589
"Aurka",1.67069087751548e-06,0.295418817223533,0.19,0.167,0.0370843254082112
"BC005537",1.67437796002441e-06,0.147496693465844,0.911,0.914,0.0371661675786618
"Rab26os",1.70835096471219e-06,0.477971126074177,0.154,0.128,0.0379202663637165
"Notch1",1.70876786223786e-06,-0.161693974460187,0.688,0.76,0.0379295202380938
"Gmfg",1.78599429920518e-06,0.209894417743074,0.936,0.92,0.0396437154594574
"Scaf8",1.79822521775961e-06,0.154802426676155,0.829,0.833,0.0399152051586101
"Pam16",1.81279732396584e-06,-0.192056683755045,0.704,0.792,0.0402386622000698
"Eri1",1.81574647067292e-06,-0.18966082002491,0.916,0.944,0.0403041244095268
"Rpn1",1.81727145871775e-06,-0.198958802627834,0.895,0.943,0.0403379745691579
"Tnik",1.83319375517394e-06,0.262490878852254,0.548,0.526,0.040691401783596
"Bbc3",1.84683172461667e-06,-0.166044205917465,0.308,0.357,0.0409941237913162
"Nol9",1.85481844065887e-06,0.122307522924262,0.606,0.607,0.041171404927305
"Trim16",1.89269154149293e-06,-0.430614572255605,0.152,0.217,0.0420120741465185
"Haus8",1.90846346991179e-06,0.235926656595413,0.193,0.186,0.0423621636416321
"Tmsb15b2",1.91421888238165e-06,-0.464049269484207,0.063,0.099,0.0424899165322254
"Upf1",1.92954882130721e-06,0.177823171001947,0.518,0.516,0.0428301951865561
"Daam1",1.93108704057399e-06,-0.34560151393134,0.17,0.235,0.0428643390396209
"Cfap20dc",1.9467519265651e-06,0.848164130209767,0.029,0.016,0.0432120525139655
"Syap1",2.01140984314259e-06,-0.187621525200903,0.413,0.486,0.044647264288236
"Nckap1",2.01981604017267e-06,0.34569905542567,0.266,0.242,0.0448338566437128
"Serpina3i",2.03323139131542e-06,-1.50105746894452,0.005,0.017,0.0451316371930284
"Hnrnph2",2.05239817656758e-06,-0.161266062164327,0.709,0.789,0.0455570823252707
"Syne1",2.10955046731057e-06,0.358863667190539,0.334,0.309,0.0468256917228928
"Gm16675",2.13117487868976e-06,0.390741066826826,0.249,0.226,0.0473056887822766
"Pop1",2.14003519923195e-06,0.145200382080597,0.533,0.551,0.0475023613173517
"Fbxl3",2.14290946332444e-06,0.250813601732051,0.56,0.539,0.0475661613574126
"Stat5b",2.17604200079525e-06,0.242346332352169,0.747,0.742,0.0483016042916522
"Naf1",2.17997584599082e-06,0.138027000487048,0.644,0.654,0.0483889238534583
"Rab43",2.211827344481e-06,-0.241105894183634,0.271,0.353,0.0490959315654448
"Ugdh",2.23002818308659e-06,-0.165223616809754,0.491,0.575,0.049499935579973
"Zfp983",2.23249803247769e-06,-0.359650662570657,0.169,0.227,0.0495547588269072
"Kdm6b",2.23304894678379e-06,-0.277422338423751,0.303,0.383,0.0495669874717599
"Rap1gap2",2.23422792613567e-06,1.04653871580601,0.044,0.024,0.0495931572764334
"Tmem33",2.25959161879899e-06,-0.202858599213078,0.682,0.764,0.0501561551624813
"Tfam",2.27664071684324e-06,0.143681239032069,0.737,0.735,0.0505345939917693
"Egfl7",2.28213965158223e-06,0.242246000163332,0.133,0.121,0.0506566538461707
"En2",2.29091464740887e-06,-0.870117564867832,0.016,0.033,0.0508514324285347
"Erg28",2.30961155812337e-06,-0.189727159668624,0.751,0.829,0.0512664477556645
"Ppan",2.31424626320229e-06,0.126759850767566,0.609,0.616,0.0513693243043013
"Arhgap21",2.36010027424928e-06,0.156223600361285,0.312,0.321,0.0523871457875112
"Cysltr1",2.39018131610531e-06,-0.721066564993146,0.103,0.16,0.0530548546735895
"Lrp10",2.4340937848604e-06,-0.197628329868712,0.495,0.583,0.0540295797425463
"Gpr55",2.45067790296894e-06,-0.325751821923189,0.261,0.339,0.0543976974122016
"Rtel1",2.46405906463705e-06,0.250075423426563,0.242,0.228,0.0546947190577485
"Nsun4",2.47461543028335e-06,0.510482939621892,0.114,0.093,0.0549290387059996
"Exoc6b",2.47687702202926e-06,-0.194090158770306,0.487,0.57,0.0549792392579835
"Rere",2.48402898957161e-06,0.21399205278831,0.831,0.835,0.0551379914815211
"Ccr2",2.49731448753388e-06,-1.40640403106124,0.03,0.066,0.0554328896797896
"Synrg",2.50233356736793e-06,0.209647119436009,0.612,0.6,0.0555442981948659
"Asxl1",2.56618508304057e-06,0.174072495743496,0.786,0.787,0.0569616102882516
"Vac14",2.59448027724549e-06,0.194338122517572,0.353,0.355,0.0575896787140182
"Mark2",2.59792744058999e-06,0.160412919929059,0.889,0.891,0.057666195398776
"Dctn3",2.61067133067845e-06,-0.123449557832744,0.737,0.805,0.0579490715270696
"Ctla4",2.61194886972766e-06,-0.306679636287602,0.175,0.221,0.0579774290613449
"Trappc6a",2.6186650444128e-06,-0.152288621710112,0.591,0.668,0.0581265079908309
"Fancl",2.61957478823468e-06,0.187999721537723,0.456,0.451,0.0581467015744453
"Limk2",2.6226069156601e-06,0.269388356273895,0.439,0.416,0.0582140057069073
"Gon4l",2.62784354396387e-06,0.182027710393036,0.647,0.646,0.058330243145366
"Mri1",2.63011267017236e-06,0.169801080000678,0.495,0.487,0.0583806109398159
"Bmp7",2.63702047270935e-06,-1.15273944659411,0.019,0.046,0.0585339434327295
"Bet1",2.68941260345809e-06,-0.23095407823737,0.453,0.553,0.0596968915589591
"Ppp2r5a",2.70665650411162e-06,0.106630196179091,0.968,0.965,0.0600796544217657
"Ckap5",2.70948653831159e-06,0.121688305751715,0.841,0.847,0.0601424726909024
"Fbxl6",2.7105134415498e-06,-0.211510360538794,0.382,0.465,0.060165266862081
"Amer1",2.76848022692855e-06,-0.35769199651862,0.117,0.164,0.061451955597133
"Ntng2",2.78716662678084e-06,-0.458639603889715,0.12,0.182,0.0618667376146542
"Cbx2",2.81775706871838e-06,0.423548062213097,0.073,0.059,0.0625457536543418
"2410006H16Rik",2.82107560389452e-06,0.146623407841684,0.949,0.943,0.0626194151796468
"Oas1b",2.85228642992494e-06,-0.142567600409949,0.223,0.264,0.0633122018850438
"Cdkn2a",2.85471654010713e-06,0.336163554857694,0.163,0.144,0.063366143040758
"Hint3",2.86699377130619e-06,-0.148095692478153,0.45,0.521,0.0636386607416835
"S100pbp",2.86788756349097e-06,0.194196042828406,0.45,0.442,0.063658500246809
"Tmem167",2.88524374793588e-06,-0.113228409141805,0.964,0.98,0.0640437554729328
"Bcl7c",2.94450810380599e-06,0.100543077275182,0.785,0.801,0.0653592463801815
"Lrch4",2.98366992656878e-06,0.289231704971855,0.259,0.233,0.0662285213600471
"Sec63",2.99037479957097e-06,-0.150875226675653,0.821,0.881,0.0663773494260768
"Man1a2",3.02831525410722e-06,0.141645434939509,0.737,0.742,0.0672195136954181
"Ipo11",3.045959079699e-06,0.146177739581536,0.605,0.621,0.0676111536920787
"Apmap",3.11174781497932e-06,-0.351088684473849,0.208,0.283,0.069071466249096
"Hexdc",3.13051169852142e-06,0.321765326921081,0.116,0.102,0.0694879681720799
"Tmem205",3.14825696054974e-06,0.953291606217475,0.044,0.027,0.0698818597533227
"Bicra",3.15248494527851e-06,0.321668955262931,0.38,0.369,0.0699757083303471
"Atrnl1",3.1641670165545e-06,0.337703954257167,0.143,0.126,0.0702350152664603
"Rps27rt",3.16682506868977e-06,0.238236134263529,0.47,0.462,0.0702940160497069
"Cenpv",3.1854525055378e-06,0.112409233907383,0.452,0.463,0.0707074892654225
"Calcrl",3.19656540177404e-06,0.541747149252045,0.114,0.087,0.0709541622231783
"Upf3a",3.25402274830831e-06,0.172472877118063,0.74,0.747,0.0722295429441997
"Abhd8",3.25488295621664e-06,0.221902087145628,0.477,0.447,0.0722486369791407
"Dnaaf2",3.29600287241895e-06,0.176260835629182,0.423,0.426,0.0731613757590834
"Btbd8",3.29921521864953e-06,0.472942490538252,0.107,0.09,0.0732326802083636
"Herc4",3.30181695862884e-06,0.2193916782425,0.694,0.694,0.0732904310306844
"Hivep2",3.31652287339043e-06,0.245016621560637,0.799,0.793,0.0736168582206473
"Zdhhc16",3.31956232947093e-06,-0.378054922663545,0.177,0.25,0.0736843250272663
"Cd40",3.32408319849306e-06,-1.34811865786821,0.009,0.025,0.0737846747569504
"Zfp280b",3.33668626714674e-06,-0.187524762300293,0.371,0.418,0.0740644250718561
"Dus4l",3.34326500364665e-06,0.298354046710455,0.319,0.299,0.0742104532859447
"Dnajc10",3.37138954598643e-06,-0.184895675027983,0.725,0.796,0.0748347337522608
"Tet3",3.4045216268154e-06,-0.13198537347114,0.584,0.67,0.0755701665504215
"Grn",3.40503220459991e-06,-0.42866569915685,0.105,0.156,0.0755814998455041
"Rcc1l",3.44606212210991e-06,0.234203743950492,0.324,0.317,0.0764922409244738
"Uba5",3.48212172855266e-06,-0.193692263896061,0.542,0.63,0.0772926560086833
"Fuca2",3.48844718476946e-06,-0.479731655231662,0.103,0.156,0.0774330621603277
"Lrwd1",3.55152688021474e-06,0.263419722874833,0.369,0.355,0.0788332421601265
"Sdhaf1",3.55279507749986e-06,-0.277376097623081,0.355,0.441,0.0788613923352643
"Brd9",3.55641998805946e-06,0.227198843979557,0.428,0.42,0.0789418544749559
"Tbc1d4",3.61698017960374e-06,0.361802348454477,0.252,0.217,0.0802861090466643
"Josd2",3.62466925817381e-06,-0.217657912640204,0.463,0.568,0.0804567835236842
"Pdlim2",3.62654871145995e-06,-0.137145788258912,0.441,0.522,0.0804985017482765
"Adprm",3.63068265540974e-06,-0.219760756090374,0.299,0.377,0.08059026290213
"Aven",3.6583236411137e-06,0.124147191348965,0.572,0.59,0.0812038098618007
"Ncbp3",3.67778585358303e-06,0.140198283584151,0.762,0.777,0.0816358125919826
"Prkag2",3.68760696546219e-06,0.266488702367861,0.312,0.294,0.0818538118123641
"Tacc2",3.71182921885482e-06,0.487266686838059,0.073,0.062,0.0823914731709205
"2610020C07Rik",3.73987865147774e-06,0.339158990040331,0.237,0.222,0.0830140864268513
"Qsox1",3.74294726113549e-06,-0.311448108204928,0.246,0.318,0.0830822003554245
"Slc23a2",3.77184486698153e-06,0.241432628968558,0.431,0.415,0.0837236405123891
"Spidr",3.83225087878305e-06,0.174340198923546,0.363,0.36,0.0850644727563473
"Pnpla2",3.8505377560757e-06,-0.228450844704537,0.33,0.409,0.0854703865716124
"Dzip3",3.85217085402108e-06,0.197271482497187,0.471,0.485,0.0855066364467058
"Prf1",3.85973994041975e-06,-2.03106688708536,0.003,0.014,0.0856746474574971
"Ginm1",3.86782681366117e-06,-0.22402805188624,0.404,0.491,0.085854151782837
"1600014C10Rik",3.88720462539243e-06,-0.181589887931843,0.294,0.357,0.0862842810698357
"Sqstm1",3.94059958901565e-06,-0.125427134536388,0.709,0.772,0.0874694890773804
"B3galnt1",4.0466225181841e-06,-1.3593314632116,0.009,0.025,0.0898228800361324
"Sass6",4.15492755518406e-06,0.193943578517576,0.386,0.384,0.0922269269424206
"Atf1",4.17877305537523e-06,0.137009315261844,0.722,0.734,0.0927562255101639
"Lrrc40",4.18341392619075e-06,0.242579796562182,0.3,0.294,0.092859238919656
"Atp1b1",4.22383817927944e-06,0.82852125548341,0.049,0.03,0.0937565360654657
"Med10",4.22440198053742e-06,-0.121017949128871,0.769,0.834,0.0937690507619891
"Ubox5",4.23930557221314e-06,0.447143486277292,0.174,0.15,0.094099865786415
"Slc20a1",4.24088449955388e-06,0.170511086217326,0.46,0.464,0.0941349132365975
"Nelfe",4.2565548583251e-06,0.110164769158027,0.439,0.449,0.0944827481902422
"Msl1",4.32859197801517e-06,-0.208888382092833,0.49,0.573,0.0960817561360028
"Zbed5-ps",4.33269658339524e-06,0.460858764220129,0.236,0.202,0.0961728660616241
"Rnf157",4.34875996129872e-06,0.167628464139848,0.594,0.604,0.0965294248609476
"Slc35a1",4.39720728833284e-06,-0.303091376709815,0.28,0.357,0.0976048101791241
"Zmynd8",4.42310103079541e-06,0.141537145916463,0.939,0.94,0.0981795735805657
"Hsd17b7",4.44675624792755e-06,-0.419416828269599,0.154,0.225,0.0987046484352478
"4930428O21Rik",4.45116602953699e-06,-1.41182649439671,0.005,0.02,0.0988025323576326
"Nopchap1",4.47868034380442e-06,0.184551407229485,0.503,0.499,0.0994132675914267
"Atraid",4.54845406396675e-06,-0.201855800590943,0.405,0.496,0.10096203485787
"Cyp20a1",4.55400308732619e-06,0.195726859771729,0.321,0.323,0.101085206529379
"Pvt1",4.62579113023517e-06,0.149168373916986,0.939,0.939,0.10267868571783
"Gm13546",4.65844327598743e-06,0.209413204446837,0.365,0.337,0.103403465397093
"Tdrd7",4.69716579384855e-06,-0.404316616467353,0.095,0.139,0.104262989126056
"Rab27b",4.71500105486504e-06,-1.40884238846657,0.016,0.042,0.104658878414839
"N4bp2",4.76219256127364e-06,-0.188472800231005,0.448,0.517,0.105706388282591
"Ip6k2",4.76906422355789e-06,-0.108056419897041,0.363,0.438,0.105858918570314
"Ing1",4.77684486540774e-06,0.155307554372619,0.597,0.588,0.106031625477456
"Dnajc24",4.80009321710085e-06,-0.163130458093439,0.558,0.655,0.106547669139987
"Osbpl1a",4.8074517713427e-06,0.646401790778739,0.054,0.04,0.106711006968494
"Clec16a",4.82206102429762e-06,-0.15695076546722,0.525,0.61,0.107035288556334
"Svil",4.87359946424304e-06,0.17341553566637,0.608,0.599,0.108179287307803
"Elof1",4.89623339697982e-06,-0.224569487653255,0.576,0.675,0.108681692712761
"2310039H08Rik",4.92346889155932e-06,-0.219263260325618,0.419,0.504,0.109286238985942
"Mettl9",4.94815445791742e-06,-0.14800463366367,0.709,0.78,0.109834184502393
"Cysltr2",4.95173618733407e-06,-0.599125226605162,0.045,0.073,0.109913688150254
"Nr2c2",5.00570211459588e-06,0.188828879881055,0.728,0.729,0.111111569837685
"Hdac5",5.02263643275989e-06,0.458524721707025,0.156,0.13,0.111487460897971
"Dgkh",5.07234366109343e-06,0.44490599835433,0.154,0.127,0.112590812245291
"Abca2",5.12064200106101e-06,0.258753967403507,0.33,0.31,0.113662890497551
"Cyb561a3",5.13114067233502e-06,-0.340539553558162,0.141,0.193,0.11389592950382
"Mfn2",5.17173094786286e-06,0.237406683575756,0.275,0.26,0.114796911849712
"Ncoa3",5.17655596549336e-06,0.162740878127769,0.959,0.959,0.114904012766056
"Polq",5.18200010373242e-06,0.150002401387802,0.199,0.198,0.115024856302549
"Specc1l",5.19209267304089e-06,0.173069739826563,0.456,0.488,0.115248881063489
"Nob1",5.2118637434004e-06,0.105109102059786,0.729,0.744,0.115687739512259
"Scamp2",5.22103774243322e-06,-0.159150509523277,0.478,0.565,0.11589137476879
"Prpf3",5.24913672959298e-06,0.203488339348601,0.528,0.527,0.116515087986775
"Rbis",5.31363254702857e-06,-0.126226169383027,0.842,0.897,0.117946701646393
"Abhd14a",5.35321558023549e-06,0.237437813215311,0.226,0.216,0.118825326234487
"Sypl",5.36757898751262e-06,-0.287212647448607,0.334,0.43,0.119144150785818
"Pkn1",5.38412897308352e-06,0.162872037209063,0.774,0.764,0.119511510815535
"Smarce1",5.44864195946952e-06,0.106002748418305,0.922,0.926,0.120943505574345
"Mapre2",5.50631474352867e-06,0.320209839692838,0.24,0.217,0.122223668362106
"Adprh",5.55068791169846e-06,-0.151367453759735,0.496,0.578,0.123208619575971
"Phlpp2",5.57126130799494e-06,0.195560954602594,0.202,0.191,0.123665287253564
"Gm57070",5.60331154236869e-06,-0.574752082549404,0.043,0.075,0.124376706305958
"I730030J21Rik",5.646024070447e-06,-0.363497540819532,0.144,0.191,0.125324796291712
"Sntb1",5.7032167347991e-06,0.609483476332056,0.16,0.122,0.126594301862336
"Chmp2b",5.75384830759134e-06,-0.174070357929793,0.405,0.482,0.127718170883605
"Dpp9",5.78835686622405e-06,0.245300620166386,0.357,0.344,0.128484157359575
"Pced1b",5.82780574800856e-06,0.228697273633867,0.704,0.698,0.129359804188546
"B3gnt2",5.93684829701072e-06,0.168373382576376,0.764,0.778,0.131780221648747
"Gm12610",5.94955195470596e-06,0.537153287891845,0.089,0.074,0.132062204738608
"Ppp5c",5.95384930583931e-06,0.129044224028654,0.588,0.6,0.132157593041715
"Slfn3",5.95648493158496e-06,0.180107384742263,0.552,0.554,0.132216096026391
"Nup43",5.98539923657611e-06,0.100792272455293,0.404,0.414,0.13285790685428
"Gtf2a1",6.01048532296046e-06,0.201252544048196,0.397,0.39,0.133414742713753
"Nqo1",6.0142488731658e-06,0.552998598224756,0.039,0.027,0.133498282237661
"Gxylt1",6.04506139316904e-06,0.149914253256054,0.401,0.407,0.134182227744173
"Drosha",6.14840511772464e-06,0.267402176283492,0.41,0.396,0.136476148398134
"Prrg4",6.17676608459103e-06,-0.307509718967067,0.169,0.225,0.137105676779667
"Psmc3",6.31764493942106e-06,-0.128604697155644,0.932,0.958,0.140232764720329
"Dnajc15",6.36326393955757e-06,-0.193132096659632,0.793,0.853,0.141245369666359
"Cdipt",6.39598163715287e-06,-0.121321167739879,0.656,0.744,0.141971604399882
"Cdc26",6.44800717166274e-06,-0.143740890182434,0.792,0.855,0.143126415189398
"Cwc27",6.4491214496191e-06,-0.147073803116212,0.669,0.746,0.143151148817195
"Gm44777",6.5303826510861e-06,0.307237335988014,0.126,0.107,0.144954903706158
"Tle1",6.5316495943304e-06,0.460071460390989,0.094,0.074,0.144983026045352
"Tle5",6.55455881633847e-06,0.120281199787196,0.995,0.995,0.145491542046265
"Atm",6.56643030235495e-06,0.176247471340873,0.71,0.699,0.145755053421373
"Fam76b",6.64331831224054e-06,-0.132832499091746,0.655,0.735,0.147461736576803
"Ezh1",6.701535038031e-06,0.367372432074324,0.389,0.349,0.148753973239174
"Triap1",6.80101824280563e-06,-0.214866409091859,0.414,0.503,0.150962201935557
"Gatad2a",6.84432762035415e-06,0.120672727547275,0.748,0.767,0.151923540189001
"Gm17382",6.88717078358326e-06,0.772819369955142,0.066,0.045,0.152874529883198
"Rev3l",6.89651812934521e-06,0.168264482676971,0.746,0.756,0.153082012917076
"Abcb1b",6.98513988539219e-06,0.115723272542678,0.525,0.525,0.15504915003605
"Tcf3",7.00682876460181e-06,0.111782682569841,0.622,0.643,0.155530578087866
"Pigb",7.2099515812259e-06,0.289640645952361,0.25,0.242,0.160039295248471
"Med12",7.23653092108129e-06,0.181416862181522,0.51,0.522,0.160629276855242
"H1f4",7.26204581564476e-06,-0.167361745549991,0.775,0.817,0.161195630969867
"Sgk1",7.31799751055194e-06,-0.693041405244998,0.082,0.124,0.162437590741721
"Ube4b",7.38768133032665e-06,0.166559137922964,0.673,0.679,0.163984362489261
"Norad",7.48625664141926e-06,-0.169292880874048,0.547,0.649,0.166172438669583
"Socs4",7.61251142965422e-06,0.202991789153246,0.522,0.515,0.168974916204035
"Il18bp",7.70926488029516e-06,-0.517355805629355,0.053,0.083,0.171122552547912
"AI987944",7.81017171480881e-06,-0.188058124021722,0.206,0.265,0.173362381553611
"Mrpl1",7.86347606476245e-06,0.131492892513213,0.713,0.726,0.174545578209532
"Cchcr1",7.90860331363854e-06,0.476534366257873,0.092,0.074,0.175547267752835
"Cracr2a",7.92905655180532e-06,0.495378841743042,0.179,0.153,0.176001268280423
"Atp6v1d",7.97125190433246e-06,-0.129700768323532,0.612,0.686,0.176937878520468
"Zdhhc23",7.98450268174935e-06,0.493353444413228,0.137,0.106,0.17723200602679
"Rapgef1",8.02554414700547e-06,0.206978640172488,0.598,0.599,0.17814300343108
"Pecam1",8.06423236083603e-06,0.294640548559716,0.617,0.574,0.179001765713477
"Rap2c",8.17365167091733e-06,0.142226090167159,0.591,0.608,0.181430546139352
"Garre1",8.20232254670684e-06,-0.228461659851994,0.335,0.415,0.182066953569252
"Prdx4",8.23573413826725e-06,-0.152963377929512,0.766,0.819,0.182808590667118
"Gm56944",8.24341922458653e-06,-0.446028505069959,0.091,0.137,0.182979176528147
"Fam221a",8.39164071934752e-06,0.818974168407442,0.044,0.029,0.186269249047357
"Cpsf1",8.39624527401532e-06,0.171522845742037,0.339,0.356,0.186371456347318
"Cdkn1b",8.4030774903477e-06,0.324639595274047,0.545,0.511,0.186523111053248
"Gm56555",8.43618371641553e-06,-0.198923288801285,0.269,0.328,0.187257969953276
"Lactb2",8.55692408678855e-06,0.188535628211162,0.502,0.507,0.189938043954445
"Abl1",8.5633751276091e-06,0.220875941107499,0.387,0.377,0.190081237707539
"Icam1",8.57248444189428e-06,-0.268741469925669,0.304,0.382,0.190283437156727
"Ciao2b",8.58564934619562e-06,-0.126649252970768,0.829,0.88,0.190575658537504
"Msmo1",8.61528365072055e-06,-0.230437576258683,0.457,0.539,0.191233451195044
"Mxd3",8.64641079313493e-06,0.590524578269937,0.086,0.067,0.191924380375216
"Skp2",8.70061768046029e-06,0.205067319417691,0.19,0.184,0.193127610653177
"Tecpr2",8.76268574939724e-06,0.304871880344453,0.252,0.237,0.19450533557937
"Prkar2b",8.7787261582784e-06,0.382582551042247,0.139,0.123,0.194861384535306
"Nf1",8.84118042080658e-06,-0.263580809158056,0.341,0.428,0.196247681800644
"Cenpn",8.84550395135596e-06,0.319326095955675,0.179,0.16,0.196343651208248
"Bcl7a",8.93320403664342e-06,0.280004465325479,0.19,0.178,0.198290330001374
"Utp3",9.01932701112949e-06,-0.134873182842562,0.886,0.938,0.200202001666041
"Bcas2",9.20798784713429e-06,-0.125479919863105,0.926,0.95,0.20438970624284
"Ykt6",9.23792031274233e-06,-0.217959574987892,0.419,0.501,0.205054117181942
"Ercc6l",9.32981239597398e-06,0.22841223048182,0.149,0.142,0.207093845753434
"Nrn1",9.36071602905887e-06,-0.820389627677102,0.055,0.083,0.20777981369702
"Tug1",9.62566709907608e-06,-0.14724298921215,0.509,0.584,0.213660932598192
"Msi1",9.70570864646635e-06,1.62497484627834,0.015,0.005,0.215437614825614
"Yes1",9.76652934069125e-06,-0.425471964981903,0.238,0.318,0.216787651775324
"Adh5",9.8474791240774e-06,-0.133516723621697,0.857,0.907,0.218584494117146
"Gm32960",9.91805146105977e-06,1.00006347909166,0.066,0.037,0.220150988281144
"Atf7ip",9.96551691755291e-06,0.246902320823612,0.701,0.689,0.221204579018922
"Dusp2",9.98976584786354e-06,0.246410514588168,0.343,0.309,0.221742832525027
"Id3",1.0022716612036e-05,-0.379355770556937,0.266,0.304,0.222474240637363
"Ric3",1.02121562552203e-05,1.07100601857013,0.025,0.014,0.226679232397126
"Nop10",1.02160166378316e-05,-0.103734481125102,0.963,0.981,0.226764921309947
"Foxk1",1.02711550668932e-05,0.269938545722446,0.427,0.418,0.227988829019828
"Med18",1.0413323912288e-05,0.285367156392894,0.196,0.184,0.231144550881058
"Cdon",1.04621979182256e-05,0.282644970335581,0.258,0.242,0.232229407190853
"Drc1",1.0498713409936e-05,0.559621825417403,0.22,0.175,0.233039941560349
"Car12",1.05131274508824e-05,0.173879665321888,0.424,0.42,0.233359890027237
"Resf1",1.05272397553574e-05,0.220009058460452,0.849,0.835,0.233673140849668
"Map6",1.06360156899584e-05,-0.430358521976563,0.099,0.141,0.236087640270007
"9330175E14Rik",1.09368043137005e-05,-0.163954426279278,0.25,0.312,0.242764245351211
"Lyrm9",1.09423746325229e-05,0.109210513775369,0.446,0.451,0.242887889718111
"Yeats2",1.10018932674235e-05,0.172285239038919,0.51,0.511,0.244209024856999
"Rnasel",1.1074172893992e-05,-0.105410894334007,0.435,0.496,0.24581341572794
"Stil",1.10832433203771e-05,0.279195176932127,0.118,0.112,0.246014751982411
"Slc2a3",1.12975693774003e-05,-0.26897747880675,0.409,0.511,0.250772147470154
"Cramp1",1.14878834389385e-05,0.175831124592475,0.443,0.455,0.254996548694117
"Msh5",1.14950030678345e-05,0.478246975769027,0.199,0.16,0.255154583096722
"Ndufaf3",1.15253522176061e-05,-0.288868512592072,0.266,0.349,0.255828243174202
"Zfp961",1.1539169910092e-05,0.225828245654544,0.407,0.4,0.256134954494313
"Zfp568",1.16091816650174e-05,-0.459432334682308,0.14,0.202,0.257689005418392
"P4ha1",1.16831762928798e-05,-0.137076190085276,0.741,0.808,0.259331464173054
"Gak",1.1697149972825e-05,0.174571227988003,0.721,0.728,0.259641637946798
"Dnajc6",1.1723357508607e-05,1.39026491655902,0.01,0.003,0.26022336661855
"Shc1",1.1921462427504e-05,0.25065272124393,0.356,0.341,0.264620701503306
"Gstp1",1.21802189933461e-05,-0.268490592189494,0.29,0.368,0.270364320995304
"Gm15952",1.2283023666184e-05,0.430222944973818,0.134,0.114,0.272646276318286
"Atr",1.2545172733711e-05,0.135727211947434,0.48,0.482,0.278465199170183
"Zmiz2",1.26080189772378e-05,0.185829394572995,0.381,0.377,0.279860197237747
"Myl4",1.3062498664975e-05,-0.483981225581605,0.058,0.092,0.289948282866449
"Ggps1",1.31321476104336e-05,-0.111834904451436,0.659,0.717,0.291494280508795
"Exosc10",1.31932463468464e-05,0.137595782879022,0.714,0.734,0.292850489160951
"Brd7",1.32037044797122e-05,-0.144804270683232,0.798,0.85,0.293082628336172
"Slc4a4",1.32306063387124e-05,2.00607288268375,0.012,0.004,0.293679768900398
"Ttc1",1.32363213177661e-05,-0.161998223942811,0.535,0.611,0.293806624290454
"Ect2",1.32702586175204e-05,0.282208273076249,0.272,0.255,0.294559930533101
"Vmn1r43",1.35003080402783e-05,0.310842678818852,0.12,0.111,0.299666337570058
"Mcf2l",1.35990044343774e-05,-1.72385691693036,0.005,0.017,0.301857101429876
"Armc8",1.36227399618907e-05,0.224695963328167,0.576,0.586,0.302383958934089
"Nxpe3",1.36393239853466e-05,0.256337671974411,0.81,0.804,0.302752074502738
"Kif3a",1.36850810298309e-05,-0.332557667390626,0.238,0.288,0.303767743619156
"Ski",1.37449791841058e-05,0.173789487977394,0.613,0.619,0.305097302949596
"Scaf1",1.38413664127793e-05,0.190787686800671,0.366,0.356,0.307236810264462
"Tmem60",1.39055371065372e-05,-0.191534464417896,0.361,0.436,0.308661207153805
"Phrf1",1.40408952888932e-05,0.132500212769768,0.687,0.696,0.311665752727562
"Sdcbp",1.41007339613019e-05,-0.101131412800983,0.802,0.854,0.312993991739018
"Mrpl39",1.41195923331975e-05,-0.199584992265093,0.455,0.554,0.313412591019985
"Gatd3a",1.41357152857054e-05,-0.273859597510359,0.277,0.355,0.313770472196803
"Mcm9",1.41892563719068e-05,0.249707383383817,0.455,0.457,0.314958923687216
"Il27ra",1.4215842178508e-05,0.179237418208572,0.705,0.705,0.315549048836342
"Rbm17",1.42707223920844e-05,-0.111731035733775,0.932,0.962,0.316767224937098
"Tgfbr3",1.43298404195174e-05,0.243409913356186,0.383,0.35,0.318079467792027
"Ahi1",1.43898880691851e-05,0.407080307677761,0.251,0.229,0.319412345471701
"Txndc16",1.4414407460401e-05,0.256634952114959,0.371,0.356,0.319956602398521
"Abi1",1.44169565551376e-05,0.134854413299207,0.895,0.909,0.320013184654389
"Tmem147",1.44780893848016e-05,-0.2138740141111,0.706,0.795,0.321370150074442
"Rchy1",1.45912585151572e-05,-0.112364686930202,0.501,0.557,0.323882165260945
"Insig1",1.46031410581865e-05,-0.206634724308915,0.403,0.49,0.324145922068565
"Tlcd5",1.46323579373023e-05,1.65276132493914,0.016,0.006,0.324794449134298
"Tmem260",1.46507427024351e-05,0.262035731424513,0.511,0.496,0.325202535765952
"Samd3",1.46679300371921e-05,-1.31815260936915,0.014,0.035,0.325584043035553
"Rflnb",1.47285957095838e-05,0.305256541556429,0.133,0.114,0.326930638965632
"Fmnl1",1.47937587578179e-05,0.186062211522699,0.726,0.731,0.328377063147284
"Ube2t",1.48017056729697e-05,0.293088600118447,0.148,0.137,0.328553460822908
"Fh1",1.48592550896777e-05,-0.210963800525385,0.63,0.735,0.329830885225577
"Sucla2",1.50102575295004e-05,-0.177009332725183,0.57,0.651,0.33318268638232
"Nlrp1b",1.5046283229002e-05,-0.801189397366818,0.034,0.063,0.333982348834157
"Gm57131",1.51602841154924e-05,-0.282264767717212,0.1,0.141,0.336512826511584
"A230072E10Rik",1.51888034501392e-05,0.538842556220084,0.098,0.079,0.33714587018274
"Gpr108",1.52003035496391e-05,-0.220345684230182,0.232,0.304,0.337401137891339
"Pnma8c",1.52607908030694e-05,-0.639538361959471,0.042,0.073,0.338743773455731
"Cep83os",1.54283634329682e-05,0.363529528605798,0.204,0.181,0.342463383121594
"Nsun5",1.54925482902022e-05,0.245546174793095,0.23,0.218,0.343888094397618
"Pfkfb1",1.55107065059643e-05,0.562644678498733,0.072,0.054,0.344291152312891
"Map3k10",1.55536993419525e-05,-0.4795697106846,0.075,0.121,0.34524546429332
"Poldip2",1.56825413539076e-05,0.12074032277375,0.429,0.443,0.348105370432687
"Gm34276",1.56919908956434e-05,-1.56396014255749,0.004,0.015,0.348315121910598
"Rce1",1.57949845834016e-05,-0.239819605355963,0.362,0.449,0.350601272797766
"Rab22a",1.58431412832939e-05,-0.11640339032068,0.593,0.676,0.351670207065275
"Chtf18",1.5861291114439e-05,0.329796445194066,0.096,0.085,0.352073078867204
"Bag6",1.62758234661653e-05,0.167465661342664,0.398,0.399,0.36127445347847
"Rdh13",1.66937159388056e-05,0.462780990668796,0.091,0.075,0.370550412693667
"Mettl8",1.68004930960989e-05,0.374114882561385,0.207,0.183,0.372920545254106
"Sephs2",1.68109571170434e-05,-0.279255359625575,0.453,0.544,0.373152815127012
"Zc3h8",1.69618653148593e-05,0.219361333586171,0.201,0.19,0.376502524393933
"Atp6ap2",1.70392952575924e-05,-0.180270852679737,0.464,0.544,0.378221236832779
"Synj2",1.70845421716696e-05,0.449677975676775,0.13,0.112,0.379225582584549
"Rbm14",1.71101077347689e-05,0.163614125245792,0.352,0.353,0.379793061388666
"Kat7",1.7133954158475e-05,0.16500111303657,0.581,0.595,0.380322380455669
"Gm12905",1.71781455438675e-05,0.67501810906031,0.079,0.058,0.381303296637227
"Lgals7",1.73082573110744e-05,-0.75823487281921,0.047,0.079,0.384191387533919
"Evi5l",1.73755332412148e-05,-0.580817494571571,0.042,0.071,0.385684711355246
"Cox19",1.74276045180012e-05,-0.228482489891215,0.379,0.47,0.386840537486073
"5730420D15Rik",1.75077905329878e-05,-0.356775642584916,0.09,0.126,0.388620426460729
"Klhl2",1.75935264830093e-05,0.249268386751787,0.437,0.431,0.390523507343358
"Il21r",1.76759589888154e-05,0.235328375745512,0.479,0.479,0.392353261674736
"Sco2",1.77956008719026e-05,-0.203302618794333,0.339,0.411,0.395008952553623
"Mettl22",1.78323792474887e-05,-0.223420521834953,0.285,0.335,0.395825322156506
"Simc1",1.78998630554565e-05,0.260964539853505,0.438,0.432,0.397323260241968
"Rftn2",1.79355224452825e-05,0.894316340340757,0.046,0.029,0.398114791717937
"Nfe2l2",1.79377578717822e-05,0.11646621950031,0.706,0.705,0.398164411479949
"Ipmk",1.80949378320323e-05,0.303370083074099,0.147,0.141,0.401653335057621
"Usp33",1.81578909718309e-05,-0.229750619872285,0.296,0.371,0.403050705901731
"Acsl6",1.82160694227223e-05,1.24242599158657,0.028,0.014,0.404342092976166
"Carm1",1.82582999434584e-05,0.179571488280369,0.304,0.303,0.405279483844947
"Ppm1d",1.83051114523288e-05,0.244178108657426,0.323,0.306,0.406318558907342
"Slc20a2",1.83722968771383e-05,0.244797053703528,0.246,0.232,0.407809873781839
"Mbtps1",1.84378904240341e-05,0.259147343044377,0.478,0.465,0.409265853742285
"Sertad3",1.85928498625824e-05,-0.273710170531567,0.117,0.158,0.412705488399742
"Slc25a17",1.87435782691063e-05,-0.236372133856815,0.432,0.528,0.416051206839353
"Immp1l",1.87564597325834e-05,-0.123222253368081,0.712,0.771,0.416337136684153
"Sdcbp2",1.8936908272832e-05,-0.268229113975402,0.09,0.12,0.420342552932052
"Arhgap45",1.89386312185636e-05,0.198981577093244,0.908,0.899,0.420380797158457
"Dnaaf4",1.92542186387873e-05,0.457726805604153,0.129,0.11,0.427385891125162
"Epb41",1.93789521449294e-05,0.137146265383233,0.72,0.723,0.430154600760997
"Tubgcp3",1.94654531079649e-05,0.219870026024598,0.447,0.446,0.432074662637497
"Hagh",1.96076461162493e-05,-0.289556034466393,0.217,0.295,0.435230920842387
"Glrx2",1.99239176691671e-05,-0.191282811931343,0.584,0.679,0.442251200502503
"Med15",1.9997626298759e-05,0.161256003659214,0.625,0.638,0.443887310953553
"Smyd5",2.01333362265094e-05,0.171447453292435,0.295,0.297,0.446899664219829
"Pofut1",2.04241795829965e-05,0.287523773707728,0.263,0.26,0.453355514203772
"Srprb",2.04757180075659e-05,-0.344054326448426,0.265,0.35,0.45449951261394
"Bag2",2.05822923067285e-05,0.480382038270921,0.049,0.04,0.456865142332452
"Gm11613",2.07320141998662e-05,0.428468138199046,0.192,0.165,0.46018851919443
"Tceanc2",2.09102710704188e-05,0.289505224067735,0.554,0.532,0.464145286950085
"Ets2",2.09165933200719e-05,0.273065368120903,0.275,0.26,0.464285621925636
"Rcl1",2.1000612118746e-05,0.153400430761366,0.524,0.524,0.466150587199804
"Yif1b",2.10320807613149e-05,-0.209998658212281,0.412,0.507,0.466849096658908
"Zcchc17",2.10535976467263e-05,-0.141895388470823,0.743,0.821,0.467326706964384
"Lancl1",2.10585640875031e-05,-0.24853907895878,0.198,0.258,0.467436947050307
"Iscu",2.12503683195685e-05,-0.165641857217641,0.477,0.571,0.471694425589462
"Psmb6",2.13801945551723e-05,-0.116122209592685,0.96,0.983,0.474576178541159
"Sdhd",2.14678724781609e-05,-0.163967900026835,0.852,0.906,0.476522365397737
"Arid3a",2.15547503241382e-05,0.241493496320369,0.245,0.236,0.478450792944896
"Rsf1",2.19420652852873e-05,0.156198419019735,0.878,0.872,0.487048023137523
"Coq10b",2.19508038048878e-05,-0.305098447090655,0.167,0.229,0.487241992057094
"Plcg1",2.20567724429192e-05,0.170864255499401,0.471,0.488,0.489594177915478
"Ppp4r3a",2.21576615463951e-05,0.114094950280616,0.89,0.903,0.491833613345333
"Usp22",2.23061650594444e-05,0.231485632684699,0.3,0.29,0.495129945824488
"Mss51",2.24373014297761e-05,0.483644736527308,0.174,0.145,0.498040779836741
"Zmym1",2.25175971120331e-05,0.216677062172637,0.257,0.249,0.499823103095799
"Rbm38",2.26768759218767e-05,0.143484838761869,0.685,0.685,0.503358614837897
"Alg10b",2.29181169233964e-05,0.255189447950408,0.262,0.256,0.508713441348629
"Chordc1",2.30180712225041e-05,0.102482878319589,0.877,0.892,0.510932126925924
"L1cam",2.30481755121434e-05,0.615247176023081,0.122,0.092,0.511600351843047
"Uhrf2",2.3306118936779e-05,0.162909728063627,0.72,0.731,0.517325922039683
"C030029H02Rik",2.35165474034342e-05,-0.891873420156723,0.008,0.02,0.52199680271403
"Mlxip",2.36124980317631e-05,0.257088653558032,0.41,0.4,0.524126618811045
"Pdha1",2.37522820658038e-05,0.136896067166661,0.818,0.826,0.527229405014647
"Gm10505",2.42947674190098e-05,-0.690726115341588,0.044,0.074,0.53927095239976
"Tmem216",2.43437556121677e-05,-0.462762621575345,0.123,0.18,0.540358343323286
"Asf1b",2.43980251101193e-05,0.155230536305281,0.514,0.524,0.541562963369318
"Itpripl1",2.44790598548722e-05,0.208587076235303,0.326,0.321,0.543361691598597
"Arl8a",2.45387065060098e-05,-0.268532818892759,0.228,0.287,0.544685668313899
"Spns1",2.47693688251436e-05,-0.300268564452885,0.151,0.207,0.549805679811713
"Msantd2",2.50051205238927e-05,0.250495450494494,0.327,0.318,0.555038660268846
"Hsf1",2.51697222144406e-05,0.190656944565087,0.353,0.343,0.558692323993939
"Gm56494",2.53824635931797e-05,-0.725203867870548,0.031,0.057,0.56341454437781
"Pidd1",2.5425330097771e-05,0.364577313783272,0.103,0.087,0.564366052180223
"Prxl2c",2.54372516753239e-05,-0.311151100643431,0.126,0.172,0.564630675437165
"Axin2",2.5794370961512e-05,0.526920422613307,0.087,0.068,0.572557652232681
"Prag1",2.57998102467565e-05,0.381505178336893,0.097,0.086,0.572678388047255
"Arhgef12",2.62635643641426e-05,0.342995148699636,0.313,0.293,0.582972338190872
"Dnajc30",2.67734093255299e-05,-0.266224748015161,0.219,0.285,0.594289366798788
"Siah2",2.70710488707698e-05,-0.411152034160276,0.17,0.236,0.600896071784476
"Pts",2.72170413236912e-05,0.22465490644865,0.474,0.468,0.604136666261974
"Abcg1",2.72699555192636e-05,0.426570530132243,0.338,0.295,0.605311202661094
"Pdcl",2.73481143830237e-05,-0.292443861882753,0.225,0.297,0.607046094959977
"Tmem126a",2.754270536703e-05,-0.189133122543758,0.565,0.659,0.611365431031965
"Sys1",2.77596068585683e-05,-0.119530510635892,0.766,0.842,0.616179993439641
"Dync2h1",2.77646782305551e-05,0.203610983503958,0.514,0.501,0.616292562683632
"1700087I21Rik",2.78199547206877e-05,0.845664474727409,0.062,0.041,0.617519534935104
"Pigm",2.80009647337552e-05,-0.267050544105664,0.267,0.348,0.621537414195165
"Gas2",2.80044805290288e-05,0.386399490913248,0.146,0.132,0.621615454302853
"Zfp275",2.81625371365702e-05,0.307187614369544,0.191,0.173,0.625123836820449
"Bcl2a1d",2.81660130604642e-05,-0.863945781086725,0.037,0.071,0.625200991903124
"Cep85",2.81793452981409e-05,0.227048145246483,0.213,0.212,0.625496927582834
"Fam210a",2.82119616307923e-05,0.150906680670724,0.377,0.379,0.626220912318696
"Mideas",2.82994611536434e-05,0.193012196312395,0.453,0.452,0.628163139227423
"Taf11",2.85747072459142e-05,-0.186130970332845,0.588,0.681,0.634272776737558
"Nbeal2",2.8640974622474e-05,0.271260775982276,0.195,0.184,0.635743713695056
"Oas2",2.87071664275266e-05,-0.209120435701034,0.131,0.164,0.637212973191807
"Creb3l2",2.89777374725439e-05,-0.422274724372061,0.072,0.111,0.643218838678058
"Dlgap4",2.89952732451301e-05,-0.23370583287277,0.2,0.262,0.643608080222153
"Limd1",2.93306665572803e-05,0.163201218287575,0.611,0.619,0.651052805571951
"Insig2",2.94964084251303e-05,-0.221426223115897,0.283,0.356,0.654731777812618
"Cetn3",2.96141933647923e-05,-0.112277782215685,0.86,0.91,0.657346250118294
"Cdyl",2.9621419201252e-05,0.162060784666986,0.449,0.46,0.65750664201019
"Fos",2.9843685476017e-05,0.324876861846081,0.266,0.231,0.662440286511149
"Miga1",2.99223649331473e-05,0.331950901010867,0.17,0.154,0.66418673442107
"Elovl1",2.99896680467666e-05,-0.260101553388367,0.382,0.474,0.665680661634078
"Selenoi",3.02710653679274e-05,0.127569520291191,0.468,0.473,0.671926837971885
"Desi1",3.03228152956487e-05,0.120988277563788,0.544,0.564,0.673075531117515
"Nlgn2",3.05526506749886e-05,0.559705790810745,0.054,0.041,0.678177187032721
"Akr1b10",3.07735256337932e-05,-0.254927038249508,0.184,0.238,0.683079948493308
"ENSMUSG00000121434",3.09686215043582e-05,-0.623937660730495,0.015,0.029,0.68741049153224
"Abcg2",3.09731049368237e-05,-0.231844141423716,0.226,0.257,0.687510010282676
"Chac1",3.09827926850159e-05,-1.38089788873474,0.01,0.027,0.687725049229299
"Surf4",3.10046962820852e-05,-0.146473446257273,0.807,0.866,0.688211243373446
"Cln3",3.10617703273951e-05,-0.223655486500904,0.318,0.391,0.68947811595719
"Shtn1",3.13672810088595e-05,0.743645001455792,0.047,0.032,0.696259536553654
"B930036N10Rik",3.15773438499582e-05,-0.311291438505634,0.162,0.22,0.700922301437523
"Cspp1",3.18239684514318e-05,0.186977695801739,0.609,0.618,0.706396627716432
"Nyap1",3.19380153442859e-05,1.40392772254366,0.013,0.005,0.708928126597114
"Klhdc2",3.19757555523254e-05,0.291349638020243,0.478,0.462,0.709765845994968
"Ints11",3.2701165437904e-05,-0.16556704614969,0.603,0.695,0.725867769225155
"Ccna2",3.28191185726907e-05,-0.175737446030459,0.527,0.568,0.728485974958015
"Serpinb6b",3.28915970070913e-05,-0.414683180766637,0.163,0.221,0.730094778766406
"Gm35113",3.30816890341297e-05,-1.0927455231775,0.025,0.056,0.734314251490577
"Adgrl1",3.31151244373539e-05,0.287201051085127,0.158,0.145,0.735056417135945
"Dnhd1",3.34075472452001e-05,0.589198269314798,0.136,0.108,0.741547326201706
"Smim30",3.3487853209314e-05,-0.217492649991813,0.436,0.526,0.743329877687142
"Gnpda1",3.37982077655635e-05,0.208504542066079,0.358,0.357,0.750218817772213
"Gm28229",3.4166151732523e-05,0.766370571322386,0.061,0.043,0.758386070006813
"Aig1",3.42293423743695e-05,0.429319110024182,0.135,0.131,0.75978871268388
"Lonrf3",3.45099306897251e-05,0.664655680218625,0.031,0.02,0.766016931519829
"Fntb",3.45963076262264e-05,0.221167612470125,0.461,0.446,0.767934240379348
"Phactr2",3.51513071328477e-05,0.560037041746568,0.082,0.067,0.780253564427821
"2310061I04Rik",3.53246770002363e-05,0.239498755842914,0.258,0.244,0.784101855374245
"Mon2",3.53889025826469e-05,-0.138165338027328,0.494,0.577,0.785527470627014
"Paox",3.56636632314446e-05,0.176414346946702,0.233,0.24,0.791626332748375
"BC005624",3.57509132684742e-05,-0.154496788082612,0.578,0.652,0.793563021820323
"Smim26",3.62049996335481e-05,-0.243035348869765,0.453,0.55,0.803642376865866
"Ccdc137",3.66687608072165e-05,0.264145891600356,0.263,0.245,0.813936483637784
"Dph6",3.66787245680026e-05,0.163302436555676,0.464,0.468,0.814157649235953
"Znrf3",3.70370932134339e-05,0.166137714780164,0.868,0.884,0.822112358058592
"Alg8",3.70775460059702e-05,0.230274390868193,0.318,0.306,0.823010288694519
"2700049A03Rik",3.71362852949578e-05,0.227228657469832,0.312,0.306,0.824314124692179
"B130055M24Rik",3.72715130319739e-05,0.300053444387657,0.261,0.245,0.827315774770724
"Fancm",3.736936782157e-05,0.135633144710831,0.337,0.344,0.82948785753539
"Oasl2",3.77629945949921e-05,-0.787788034277371,0.018,0.035,0.83822519102504
"Tmem232",3.7786877677698e-05,-0.298144971373437,0.334,0.429,0.838755323811862
"Ino80d",3.82193438295442e-05,0.18798198642985,0.673,0.689,0.848354774984392
"Echdc2",3.8628761566054e-05,0.617779962876298,0.06,0.043,0.857442620481701
"Zzz3",3.90524585998818e-05,0.15981935730692,0.672,0.686,0.866847423541577
"Nemp2",3.91156612404059e-05,0.345051401567045,0.272,0.25,0.868250332553289
"Elavl1",3.93439339710241e-05,-0.106400641955116,0.903,0.94,0.873317302354821
"4932438H23Rik",3.9373632972502e-05,-0.900171100216256,0.029,0.052,0.873976531090627
"H60b",3.95639710925165e-05,-0.274537145339146,0.16,0.209,0.878201466340588
"Wdr46",3.96613475524587e-05,0.152410109767885,0.491,0.487,0.880362931621927
"Znrf1",3.97318221590924e-05,0.241033699293975,0.623,0.613,0.881927256465375
"Mcub",3.99477029227962e-05,-0.269718985303345,0.244,0.295,0.886719161777308
"Lyrm1",4.02845832905977e-05,-0.294530152309104,0.282,0.361,0.894196895301397
"Herc1",4.0823344183536e-05,0.105162173977922,0.85,0.845,0.906155770841948
"Afg1l",4.15919220975714e-05,-0.146134762069692,0.297,0.368,0.923215894799792
"Man2c1os",4.16653491772011e-05,0.488091592031751,0.179,0.153,0.924845755686333
"Fam118b",4.16796347618603e-05,-0.156921468529144,0.516,0.6,0.925162852809012
"Ctdp1",4.17244192394781e-05,0.238910615810415,0.332,0.327,0.926156933858696
"Ncoa2",4.17634564652432e-05,0.139013056496096,0.864,0.876,0.927023443159003
"Lrp11",4.18564569315234e-05,-0.596403350381187,0.071,0.115,0.929087774509025
"Map2k1",4.22157797409895e-05,-0.170380212235804,0.556,0.647,0.937063662910745
"Ffar2",4.24886311355217e-05,-1.9008036669429,0.004,0.015,0.943120145315176
"Gm6093",4.27141962589627e-05,-1.89846033251,0.004,0.015,0.948127014360196
"Pde4c",4.29170003340536e-05,0.611088827278567,0.057,0.043,0.952628656414988
"Ttc5",4.29489352469689e-05,-0.136513018775679,0.478,0.56,0.953337515676969
"Ncaph2",4.31743030802826e-05,0.131076408691173,0.789,0.801,0.958340005473032
"Micall1",4.3437784444499e-05,0.276995917446477,0.274,0.267,0.964188501314545
"Gm13832",4.36814455427464e-05,0.356434540956705,0.276,0.253,0.969597046712343
"Slc44a2",4.37582813511479e-05,0.196814060481048,0.704,0.713,0.971302571151431
"Patl2",4.37586834267171e-05,-0.394955947327548,0.051,0.075,0.97131149602284
"Nudcd3",4.38228006746687e-05,0.123978992937059,0.809,0.825,0.972734706575622
"Ahcyl",4.38248739788036e-05,-0.473101984072098,0.126,0.19,0.972780727707504
"Sirt1",4.40235734502893e-05,0.22772474428388,0.381,0.383,0.977191259876071
"Ocel1",4.40359564931457e-05,0.184910745815739,0.501,0.495,0.977466126278355
"Zfp839",4.41170362087178e-05,0.661116262749969,0.067,0.051,0.979265852724908
"Rnf121",4.41308324632463e-05,-0.274328836896471,0.288,0.378,0.979572088186677
"Tcf4",4.4555785200077e-05,-0.50465647691811,0.068,0.109,0.989004764086109
"Apex2",4.46210111573061e-05,0.242633154835728,0.298,0.29,0.990452584658724
"Terf2",4.47162708931317e-05,0.224921930672984,0.497,0.494,0.992567065014843
"Orai2",4.47731038875877e-05,0.347627469803109,0.329,0.293,0.993828586992784
"Psmd11",4.48777472675815e-05,-0.106386124796623,0.928,0.963,0.996151356098506
"Pycrl",4.4890806088024e-05,0.125577225485221,0.359,0.372,0.996441222735868
"Rpn2",4.50839902190907e-05,-0.110672837508537,0.861,0.9,1
"Ccsap",4.52394504259963e-05,0.352612734659932,0.213,0.194,1
"Emc2",4.55572448457588e-05,-0.146453437260224,0.642,0.721,1
"Gm44206",4.56771274867183e-05,0.92045814456863,0.028,0.017,1
"Kif3b",4.64299976795689e-05,-0.182723153800444,0.292,0.355,1
"Kctd5",4.68182592637234e-05,-0.265645197564323,0.288,0.367,1
"Chchd1",4.68562367853296e-05,-0.122405252724532,0.944,0.968,1
"Trappc2l",4.69058068356708e-05,-0.229357169126315,0.474,0.567,1
"0610009E02Rik",4.69881029646001e-05,-0.49209791178346,0.042,0.069,1
"Cep97",4.7402186912529e-05,0.369065827136294,0.311,0.285,1
"Gm17092",4.76907398427192e-05,0.238585108093424,0.203,0.196,1
"Clcf1",4.79008261632627e-05,-0.420745439326787,0.062,0.096,1
"Myc",4.80814586209013e-05,-0.166100037569026,0.773,0.824,1
"Ap3d1",4.80970145687726e-05,0.190154376732942,0.558,0.553,1
"Virma",4.82155142451436e-05,0.120480667549832,0.803,0.81,1
"Maz",4.82733292515368e-05,-0.194043152242648,0.536,0.631,1
"Aqp9",4.83699563513595e-05,-0.403377646107693,0.191,0.271,1
"Arhgef33",4.88899628183553e-05,0.900857096580974,0.031,0.019,1
"Lmln",4.89112814223588e-05,0.319934062920764,0.113,0.098,1
"Rexo5",4.93679563344975e-05,-0.196926006069928,0.333,0.384,1
"Grhpr",5.01951409583631e-05,-0.218508401150699,0.377,0.458,1
"Sqor",5.04060025656553e-05,1.01568178523546,0.041,0.023,1
"Acss1",5.05573398679715e-05,0.893320001747724,0.041,0.023,1
"Lzts1",5.05865574997069e-05,-0.530803083499399,0.053,0.089,1
"Ptbp2",5.08437640296311e-05,0.173860267320625,0.612,0.607,1
"Csnk1g2",5.10670928434417e-05,0.125686306218052,0.793,0.81,1
"Caml",5.11813609932335e-05,-0.251818401609929,0.243,0.312,1
"Ppp1r3e",5.13538765325661e-05,0.836184651872641,0.04,0.027,1
"Patl1",5.15995827225848e-05,0.189169321596256,0.454,0.451,1
"Myb",5.17960351336853e-05,0.307676865156148,0.084,0.074,1
"Galns",5.32544128254492e-05,0.266789146411375,0.232,0.219,1
"Slco4a1",5.37776847602187e-05,-0.790938800357896,0.037,0.066,1
"Ccnh",5.42436176115353e-05,0.105946732444774,0.881,0.89,1
"Cep170b",5.49505805113118e-05,0.577123805515674,0.075,0.059,1
"Stam2",5.55576132123789e-05,-0.13735958456599,0.495,0.583,1
"Lrp8os3",5.55905842677506e-05,0.693287009413464,0.027,0.018,1
"Traf3ip3",5.58105391871352e-05,0.195845336505625,0.908,0.909,1
"Lncppara",5.6314939658101e-05,0.398866003227801,0.235,0.213,1
"Ppm1k",5.66956536963262e-05,-0.183675172456609,0.244,0.302,1
"Acap1",5.67901521924574e-05,0.188178859359785,0.556,0.565,1
"Psd4",5.68325944171801e-05,0.153307537409547,0.675,0.685,1
"Furin",5.74719792799084e-05,-0.254565375117458,0.193,0.259,1
"Pigyl",5.78054284828794e-05,-0.206442508947293,0.355,0.425,1
"Poglut3",5.86059735263848e-05,0.444167670185636,0.096,0.081,1
"Sart1",5.86093262123633e-05,0.103911868940599,0.681,0.709,1
"Csgalnact2",5.86307668495816e-05,-0.422382788484828,0.133,0.188,1
"Mettl4",5.89079387125588e-05,0.264758460864403,0.288,0.273,1
"Stn1",5.92972337877972e-05,0.29174840528743,0.21,0.203,1
"Commd2",6.05815921264601e-05,-0.163002374431454,0.694,0.775,1
"Poc1b",6.05982478115846e-05,0.262832156727773,0.231,0.225,1
"Carns1",6.1050683499117e-05,0.574149084640288,0.125,0.093,1
"Aasdh",6.15126770110001e-05,0.329968238641975,0.163,0.148,1
"Tecr",6.16704826965956e-05,-0.110550030625639,0.781,0.837,1
"Mast3",6.17875002563809e-05,0.257006411265713,0.242,0.227,1
"Psmc2",6.18459645243892e-05,-0.12813196674491,0.866,0.925,1
"Ppp2cb",6.23182989548662e-05,-0.234140650780878,0.421,0.514,1
"Yeats4",6.26735220659961e-05,0.12975128614781,0.829,0.845,1
"Fam8a1",6.29034703652483e-05,-0.171397287944526,0.268,0.329,1
"Csf1",6.29493499343912e-05,-0.47065148563303,0.107,0.157,1
"Usp31",6.30262798817557e-05,0.167431830975879,0.264,0.267,1
"Pdxk",6.4439174041156e-05,0.237590214877142,0.172,0.173,1
"Anapc10",6.46980249034068e-05,-0.166619260525271,0.464,0.557,1
"Pcf11",6.50881012189813e-05,0.169089308821965,0.766,0.759,1
"Manea",6.60298118075117e-05,0.25543684464085,0.249,0.238,1
"Serinc3",6.64884022086055e-05,0.188590392320379,0.847,0.852,1
"Ash1l",6.6983461673782e-05,0.135544317363064,0.902,0.907,1
"Anxa2",6.74946209735258e-05,0.278624452575767,0.307,0.277,1
"Niban1",6.75196526120626e-05,-0.304347445284713,0.186,0.243,1
"Gm29684",6.7735144266808e-05,-0.968462201331277,0.019,0.036,1
"Klk8",6.77424318517883e-05,0.140007622239174,0.628,0.628,1
"Trabd",6.79909156301437e-05,-0.18289071909489,0.471,0.546,1
"Spata48",6.80999947936567e-05,0.36709388031296,0.319,0.3,1
"Zfp438",6.81119111943043e-05,0.360152741705304,0.15,0.132,1
"Arhgap18",6.84479332605615e-05,0.209617278807184,0.494,0.473,1
"Tnpo2",6.84779136320445e-05,0.157528272005969,0.463,0.479,1
"Tmtc4",6.91260194140576e-05,-0.281940652919246,0.275,0.341,1
"Prox2",6.94857712197771e-05,0.566613404842183,0.062,0.049,1
"Phc3",6.95097595591047e-05,0.191830614418373,0.938,0.944,1
"Brme1",6.97172373080254e-05,0.658346073125686,0.04,0.027,1
"Srebf2",7.04893988747496e-05,0.154942327407257,0.688,0.698,1
"Rilpl2",7.05238231453455e-05,0.223533735953949,0.335,0.327,1
"Trmt1",7.0605637873497e-05,0.118866588946657,0.517,0.528,1
"Mecr",7.0633569750823e-05,0.14512809855542,0.437,0.441,1
"Morc2a",7.09518890358382e-05,0.138496344577588,0.485,0.505,1
"Higd1a",7.21086641096481e-05,-0.142821345125868,0.976,0.989,1
"Pmf1",7.23232687570913e-05,0.115535195320901,0.563,0.575,1
"Fxn",7.23282030111649e-05,0.159394798806,0.516,0.519,1
"Tnfsf11",7.25583710963794e-05,0.601052488109783,0.038,0.028,1
"Cbx7",7.27533778390228e-05,0.560954708410068,0.091,0.073,1
"Abcb9",7.35052797431308e-05,-0.18494193889707,0.448,0.535,1
"Hebp1",7.45747343887615e-05,1.02485237576341,0.025,0.015,1
"Gnpat",7.48418344631955e-05,0.15928778086879,0.441,0.447,1
"Tmem64",7.55139676015754e-05,0.194885922799094,0.638,0.624,1
"Rnd3",7.56744619741719e-05,-1.70017951455775,0.004,0.014,1
"Gnptg",7.60660024293757e-05,-0.276031747796151,0.193,0.248,1
"1700028E10Rik",7.61316450274232e-05,0.663581885600762,0.094,0.077,1
"Ppil3",7.63952588563755e-05,-0.140751860318512,0.639,0.704,1
"Slc3a2",7.70572269270729e-05,-0.15600377352985,0.732,0.78,1
"Erlin1",7.71546016223635e-05,0.265511958274503,0.198,0.191,1
"Kif16b",7.75483142938309e-05,0.236347633340029,0.292,0.282,1
"Vav1",7.80697985627384e-05,0.16961244952506,0.615,0.623,1
"Nt5c3",7.87682244454454e-05,-0.155064832297533,0.595,0.659,1
"Pde4b",7.89185477741052e-05,0.18174591686367,0.445,0.419,1
"Xylt2",7.91261389441473e-05,0.410036196395576,0.103,0.087,1
"Spcs3",7.96256795435193e-05,-0.14416923091798,0.867,0.912,1
"Zbtb5",8.05448704957715e-05,-0.3878827355262,0.096,0.14,1
"Mppe1",8.05565052052441e-05,-0.161962207317877,0.28,0.336,1
"Tsacc",8.0829897403588e-05,0.338809371803084,0.211,0.191,1
"Fnta",8.15066079256405e-05,-0.212960390544179,0.392,0.475,1
"Uqcc3",8.2953232983626e-05,-0.133777278431802,0.62,0.706,1
"Dock11",8.31396199844561e-05,0.144706302855616,0.884,0.886,1
"Noct",8.35247732935376e-05,0.175386840919656,0.634,0.647,1
"Cd247",8.45259227200299e-05,0.151556219330216,0.989,0.989,1
"2210408F21Rik",8.50518409662743e-05,0.174800224332508,0.281,0.277,1
"Gm26839",8.648369867467e-05,0.473415402463317,0.109,0.088,1
"Plk2",8.7255366209391e-05,-0.30625199394687,0.132,0.168,1
"Ppm1l",8.7599197187723e-05,-0.20704291560976,0.188,0.227,1
"1810041H14Rik",8.86076452083892e-05,-0.423917828544472,0.066,0.094,1
"Hacd1",8.86792307394731e-05,-0.821696827294263,0.034,0.069,1
"Tab1",8.86976047166818e-05,0.356332618121722,0.18,0.161,1
"Il4",8.88922038767395e-05,-0.401893223219298,0.184,0.211,1
"Fads2",8.89672792224454e-05,0.140544169814248,0.262,0.271,1
"Dip2c",8.91133280461825e-05,-0.171410337350227,0.492,0.588,1
"Nox1",8.93378235502315e-05,0.459517628149475,0.085,0.069,1
"Fbxo31",9.04990625842507e-05,0.368577535477806,0.137,0.119,1
"Zfp445",9.08048637464679e-05,-0.139511959400847,0.602,0.67,1
"Ctps2",9.09188088439037e-05,0.327170837885498,0.325,0.308,1
"Zmym6",9.09588337285483e-05,0.502469341527855,0.101,0.085,1
"Rab11fip1",9.17489895544046e-05,0.250287287788613,0.19,0.183,1
"Timm21",9.25881669125902e-05,-0.211105956557524,0.467,0.549,1
"Parp12",9.30294647601989e-05,-0.122484552132424,0.211,0.244,1
"Rmdn1",9.32843259564564e-05,-0.197561218322817,0.327,0.402,1
"Vldlr",9.35564122284337e-05,-1.55741960043737,0.005,0.015,1
"Scd4",9.37107286215804e-05,1.42018563775487,0.013,0.006,1
"Bach2",9.3850372040337e-05,0.269031767486063,0.899,0.887,1
"Emp1",9.46330789647829e-05,0.586537433252536,0.154,0.119,1
"Pdcd6ip",9.5265049870412e-05,0.102014401403327,0.955,0.961,1
"Epc1",9.6410610548521e-05,0.171557491025099,0.721,0.725,1
"Xrcc1",9.70619496910984e-05,0.266655925239733,0.21,0.198,1
"Sh3bp5l",9.73044576451015e-05,-0.349403921195713,0.093,0.131,1
"Map2k4",9.74227447452268e-05,-0.145089236889031,0.76,0.829,1
"Arsb",9.77861141106908e-05,-0.521668923628276,0.201,0.276,1
"Dclk2",9.91431676510941e-05,-0.323209464834268,0.299,0.379,1
"Hps5",9.94718941765465e-05,0.261775669831926,0.288,0.283,1
"Kif22",0.00010022577614724,0.237268755735803,0.331,0.312,1
"Lemd3",0.000100651260195213,0.228191742827657,0.389,0.378,1
"Mt2",0.000100839366948335,0.940509324922213,0.022,0.013,1
"Ctdsp1",0.000101448200968335,0.334251664540758,0.2,0.184,1
"Atp2b4",0.000101695563797481,0.385787153374011,0.151,0.13,1
"Nckap1l",0.000102197704915045,0.188997828845651,0.65,0.657,1
"Fam177a",0.0001027391324864,0.456646488161245,0.096,0.081,1
"Cdca5",0.000104288872353686,0.325548419188992,0.091,0.081,1
"Snrnp40",0.000104307552063944,-0.111127184100233,0.855,0.91,1
"Mast4",0.000105050956470567,0.657167712392175,0.134,0.119,1
"Cog5",0.000105052766460336,0.136775591082152,0.854,0.856,1
"Rimoc1",0.000105483275622342,-0.291889377358974,0.219,0.282,1
"Gm4221",0.000106562417637691,-0.87560169776541,0.018,0.038,1
"Dctn2",0.000106786448893895,-0.16013995856083,0.519,0.592,1
"Foxm1",0.000106789236739708,0.37710031918723,0.149,0.135,1
"Rccd1",0.000106911510725956,0.396589214449125,0.103,0.094,1
"Fbxo33",0.000107652579091388,-0.133252286533384,0.532,0.603,1
"Kmt2b",0.000107938511567167,0.196806524011692,0.412,0.422,1
"Stk4",0.000108153947384988,0.152983663696245,0.949,0.952,1
"Pdk1",0.000109163469144705,0.150260891083084,0.461,0.477,1
"Bad",0.000109258071950474,-0.266265548555296,0.23,0.299,1
"Fcho2",0.000109760162635496,-0.159422312726159,0.546,0.605,1
"Rbm34",0.000109782584182795,0.10128815724126,0.728,0.732,1
"Esr1",0.000110052281173763,0.724655964878648,0.086,0.062,1
"A530041M06Rik",0.000110093881538165,-0.221719247714125,0.028,0.039,1
"Gm20098",0.000110949516389251,0.760349964792916,0.078,0.054,1
"5730471H19Rik",0.000111017953202748,-0.176456697733859,0.184,0.242,1
"Zfp53",0.000112286222629407,0.280315469554241,0.466,0.455,1
"Bcor",0.000112433970568209,0.103840608967734,0.655,0.661,1
"Ripk3",0.000112724538540935,0.249610648875145,0.351,0.335,1
"Hotairm1",0.000114033201370458,-0.474200765316456,0.044,0.071,1
"Jpx",0.000114239285611353,0.30176914956625,0.256,0.242,1
"Tpra1",0.000114977672054999,-0.311911264578789,0.119,0.164,1
"Ptger3",0.00011516143061603,-0.800995186144962,0.036,0.069,1
"B230217O12Rik",0.000116656774607808,0.485542881980598,0.108,0.086,1
"Nde1",0.000116933636384331,0.270210420427224,0.368,0.351,1
"Tdrkh",0.000117234140033158,0.449740481065589,0.077,0.06,1
"Vkorc1",0.00011757484619883,-0.228766331431855,0.309,0.392,1
"Yipf3",0.000118489600300432,-0.162662162567641,0.368,0.436,1
"Rcsd1",0.000119093505911381,0.190367737954075,0.814,0.819,1
"Slc30a4",0.000119447881919364,-0.223518308934918,0.276,0.34,1
"Togaram1",0.000120533738820633,0.244832512245795,0.397,0.39,1
"Fkbp15",0.000120584808872829,0.212751052850695,0.52,0.509,1
"Uri1",0.000120774007467153,0.103999725817351,0.809,0.826,1
"Hsd17b12",0.000120928205137863,-0.173080376018166,0.776,0.847,1
"Rnf220",0.000121605547628555,0.176041554610737,0.421,0.441,1
"Slc9a8",0.000122094995176033,0.181939909692218,0.503,0.494,1
"Kmt2a",0.000122230787285692,0.137636655146117,0.937,0.94,1
"Stag2",0.00012293646107066,0.126750719802942,0.898,0.914,1
"Ston2",0.00012317966109094,0.761476288777627,0.043,0.033,1
"B4gat1",0.000123207205275307,-0.493370532611312,0.079,0.122,1
"St8sia1",0.000124879473713596,-0.171595248201627,0.532,0.589,1
"H2bc4",0.000125796219502583,-0.422535420699591,0.078,0.112,1
"Wdr70",0.000126741740227418,0.137718666358632,0.629,0.634,1
"Kri1",0.000126750978803491,0.172155155078224,0.436,0.441,1
"Atg7",0.000126881199129379,0.268282758649878,0.284,0.281,1
"Katnbl1",0.000127731109835846,0.159461475614161,0.5,0.502,1
"Phlda1",0.000128041060571546,-0.606593985171465,0.071,0.104,1
"Nmnat2",0.000128412847184185,0.927486370915163,0.041,0.023,1
"Afmid",0.000128869451080936,0.353074676046847,0.157,0.143,1
"Traf5",0.00012994846411398,0.283830065707919,0.411,0.384,1
"Gid4",0.000130663545489098,0.150324224118512,0.436,0.455,1
"Gm12764",0.000130733583275349,-0.524163352213492,0.046,0.077,1
"Akirin2",0.000131032505118054,-0.122439499778763,0.546,0.63,1
"Pask",0.000131075434803154,0.408712805772488,0.077,0.069,1
"Gm57146",0.000131389942624923,0.470496787133132,0.136,0.116,1
"Bnip2",0.000131546422494614,-0.141773054544792,0.795,0.853,1
"Zfp398",0.000132456031625697,0.233849365650491,0.491,0.481,1
"Eml4",0.00013340137363508,-0.123169694304213,0.865,0.9,1
"Acyp1",0.000133956167876883,-0.133790575826274,0.455,0.519,1
"Gpx1",0.000134535859014967,0.113466734839564,0.971,0.977,1
"Kdm4d",0.000135266670171085,-0.381180854460058,0.11,0.145,1
"Ipo4",0.000136775087472586,0.175603631391613,0.239,0.236,1
"2010320M18Rik",0.000138042459172628,-0.390424784916629,0.105,0.149,1
"Rmnd5a",0.000138188968328577,-0.10074964504791,0.561,0.637,1
"Whrn",0.000138301367079286,0.711894650019444,0.046,0.033,1
"Prkca",0.000139877187415578,0.18518856317758,0.955,0.952,1
"Nsun3",0.000140021688328807,0.264405991148518,0.305,0.3,1
"Ier3",0.000140269621317011,-0.838064208226919,0.048,0.089,1
"Mad2l1bp",0.000140668739242165,-0.216676355746873,0.273,0.34,1
"Dnajc18",0.000140898083464666,-0.265469407617812,0.192,0.254,1
"Ctc1",0.000141312146889471,0.17215930152108,0.255,0.246,1
"Plek",0.000142866181803274,-0.724863106468618,0.02,0.038,1
"Nrp2",0.000143711239256785,-1.84969469725327,0.005,0.016,1
"Cdca3",0.000145247896932543,0.141417720801087,0.611,0.601,1
"Cstf3",0.000145341895780003,0.13727098833604,0.838,0.844,1
"Spdl1",0.000146323421151275,0.181643843683272,0.281,0.284,1
"Stk3",0.000147049181241613,-0.399483980683809,0.161,0.219,1
"Mtor",0.000149303341490219,0.187728674406642,0.422,0.431,1
"Ythdf1",0.00014962454882706,-0.148225766832585,0.579,0.661,1
"Mir22hg",0.000150830286096495,-1.13920442361385,0.011,0.027,1
"Gm48876",0.000151003231332169,-0.670214861461303,0.023,0.043,1
"Ptpre",0.000151426361249432,-0.232254789705717,0.241,0.3,1
"Gm56492",0.000152364164598975,-0.214448293000744,0.039,0.056,1
"A530072M11Rik",0.00015275613363833,0.449989329061825,0.137,0.119,1
"Gm42917",0.00015310265990135,-1.07861144726452,0.007,0.018,1
"Batf3",0.00015475143447559,-1.84808264438984,0.005,0.019,1
"Slc7a6os",0.000156104294239929,0.173279883567286,0.403,0.42,1
"Eya3",0.00015678128066621,0.203973884806338,0.582,0.586,1
"Osm",0.000156801307825285,-0.159889311264137,0.447,0.523,1
"Med13l",0.000156991927684978,0.181194805275615,0.675,0.69,1
"Crkl",0.000157051794025136,0.174636769107846,0.569,0.578,1
"Traj18",0.000158215385055618,0.604156291926158,0.075,0.054,1
"Pter",0.000158353060825822,0.414428623069531,0.111,0.101,1
"Sec22c",0.000158375685181643,0.472089393908128,0.129,0.11,1
"Ticrr",0.000159274374124541,0.110001433505604,0.175,0.178,1
"Pkd1l3",0.000160123781702691,0.447085566248802,0.11,0.097,1
"Zfp26",0.000161373426928709,-0.166410468820168,0.345,0.417,1
"Eral1",0.000162201672603527,-0.22509670125834,0.244,0.307,1
"Gcfc2",0.000162538681020993,0.170986436182288,0.352,0.359,1
"Cuedc1",0.000163135118783455,-0.306390152052929,0.166,0.217,1
"Tubb4a",0.000164097180488638,1.3316090812751,0.013,0.006,1
"Skap2",0.000164803423877091,-0.23032980825734,0.243,0.31,1
"Rnf26",0.000167125967026487,-0.286450802226991,0.136,0.183,1
"Gm15232",0.000168458342126809,-0.291970003065617,0.135,0.179,1
"Mrpl42",0.000168511098665239,-0.133872880930265,0.898,0.94,1
"Trpv2",0.000169728902927551,-0.148040245777674,0.42,0.488,1
"Rhbdf2",0.000170077634086973,-0.473526681623897,0.063,0.095,1
"Rsph1",0.000170580356610103,0.556513619341225,0.039,0.028,1
"Ncbp2as2",0.000171053235832585,-0.118320348234255,0.682,0.757,1
"Sdhc",0.000171964447266419,-0.108350651899291,0.801,0.868,1
"Poglut2",0.000172972039339187,-0.457646383774057,0.117,0.175,1
"Agrp",0.000173334106078101,0.78872139529398,0.042,0.031,1
"Nsdhl",0.000173514393813053,-0.228504033957679,0.35,0.429,1
"Kmt5c",0.000174120875007487,-0.329351149420504,0.121,0.166,1
"E230001N04Rik",0.000175867262251402,0.39551690890069,0.109,0.091,1
"Tdp2",0.00017692606025062,0.125509410871926,0.446,0.456,1
"Adamts10",0.000178663208429167,0.292129959439453,0.243,0.231,1
"Lancl2",0.000179000277460993,0.226941103017651,0.211,0.206,1
"Ap2b1",0.000179112438452039,0.129997828756829,0.709,0.713,1
"Eml5",0.000179827255545926,-0.330234571006172,0.178,0.238,1
"Sp4",0.000181421326187021,0.302525813244969,0.365,0.349,1
"Plpp6",0.000183277168456711,-0.337479522662675,0.109,0.154,1
"Rabl6",0.000184075431350317,0.121731487574134,0.673,0.676,1
"Mif4gd",0.000184640725795397,-0.273008155084165,0.282,0.371,1
"Ccdc88b",0.000185712066281136,0.18666047161246,0.374,0.377,1
"4933412E12Rik",0.000185946036021095,-0.132872442255171,0.3,0.354,1
"Map3k4",0.00018638110986498,0.150455812205571,0.48,0.488,1
"Zfp58",0.000187760881572235,-0.381162744261812,0.11,0.156,1
"Nt5dc1",0.000189272326004182,0.222243798370972,0.603,0.602,1
"Gm56936",0.000189276225619697,-0.260662641242154,0.186,0.244,1
"Spin2c",0.000189701894577616,-0.591185508206336,0.055,0.088,1
"Pogz",0.000191681011653823,0.199321660966376,0.388,0.399,1
"Ube2m",0.000192756273965858,-0.190429733620781,0.849,0.905,1
"4833417C18Rik",0.000193444395335763,0.60710144090928,0.041,0.028,1
"Cep128",0.000193998057337321,0.20856898060387,0.331,0.334,1
"Acat2",0.000194262627248413,0.2102641346858,0.286,0.277,1
"Cnot3",0.000194871412275,0.123594995134758,0.713,0.732,1
"Ccl4",0.000195164245785992,-1.30588378397754,0.007,0.019,1
"Cbl",0.000195702992532589,0.132220548777952,0.853,0.86,1
"Cmtm4",0.000195873508864206,0.280590027377791,0.174,0.163,1
"Ergic2",0.000196415466602747,-0.123196882292997,0.775,0.835,1
"Pigbos1",0.000199773763011081,-0.136119063990687,0.491,0.569,1
"Mtss1",0.00020028947739455,0.292065891937145,0.186,0.176,1
"Gm30693",0.000200410429939975,1.3360498121575,0.018,0.007,1
"Bpgm",0.00020080274680198,-0.287465195244537,0.109,0.152,1
"Crtac1",0.000202400228979618,0.432539919279828,0.074,0.06,1
"Psma8",0.000202773628318312,1.59638384926914,0.01,0.003,1
"Tmem41b",0.000202785077494063,-0.22816052391445,0.381,0.464,1
"Nfic",0.000202850280587363,0.206158902438345,0.254,0.248,1
"Ttc17",0.000203501543493962,0.107690239009577,0.723,0.752,1
"Brpf1",0.000203786711949119,0.125457017405765,0.453,0.475,1
"Amz2",0.000204439059093032,-0.100490684467459,0.374,0.413,1
"Pop4",0.00020577163998923,-0.308422395607664,0.167,0.225,1
"Zdhhc14",0.000207275655619219,0.326626621839948,0.101,0.09,1
"Cdkn3",0.000207353903336299,0.206238652906597,0.565,0.543,1
"H6pd",0.000207494880393001,0.351634449080814,0.092,0.082,1
"Psrc1",0.000207928252796927,-0.149789545053947,0.285,0.333,1
"Hook3",0.000210016304715174,-0.210218091792443,0.434,0.523,1
"Ccdc102a",0.000213248445297632,-0.501066938583627,0.088,0.137,1
"Nfya",0.000213558001914586,0.220566770069309,0.308,0.303,1
"Acadm",0.000214348721927056,0.187085217150559,0.493,0.494,1
"Smndc1",0.000219136076139743,-0.101695118861301,0.867,0.906,1
"Adal",0.000221802958713283,0.324904157979376,0.213,0.202,1
"Mcfd2",0.000222531584777952,-0.147844177264518,0.191,0.217,1
"Afg3l1",0.000223053531830732,0.12613394972668,0.591,0.6,1
"Rhob",0.000224743057501017,-0.315823284682462,0.177,0.236,1
"Katnb1",0.000225133815993932,-0.436114971708752,0.086,0.132,1
"G2e3",0.000225144777070131,0.323496129153463,0.275,0.258,1
"Tor1a",0.000226091099727953,-0.148138771107441,0.625,0.697,1
"Eef1e1",0.000230690442718868,-0.168734800551409,0.802,0.855,1
"Pigp",0.000231523914757494,-0.236038018726183,0.283,0.351,1
"Fam114a2",0.00023250131328953,0.149044834234055,0.608,0.624,1
"8030462N17Rik",0.000232799676755382,0.153512792923159,0.463,0.482,1
"Inka1",0.000233340584189671,0.981658409817773,0.017,0.01,1
"Traf1",0.00023567558056749,-0.118137877793715,0.383,0.437,1
"Zfp512",0.000238840678940619,0.207545958503514,0.348,0.347,1
"Appl1",0.000239230618467392,-0.136871869335026,0.826,0.864,1
"Tnrc6c",0.000240816278369209,0.171533492955821,0.744,0.75,1
"Gm12932",0.000241392753482113,0.651962363557718,0.039,0.028,1
"Zfp429",0.000242329217459187,-0.317765923041837,0.105,0.147,1
"Gstt2",0.000242603377136504,-0.173427292737606,0.316,0.375,1
"Bfar",0.000243572523470999,-0.128443421871321,0.442,0.521,1
"Ubfd1",0.000244720371033414,-0.225527834400179,0.431,0.523,1
"Golim4",0.000245798513478301,0.119935323903372,0.398,0.404,1
"Ifi213",0.000247527054981525,-0.674925766438639,0.02,0.036,1
"Tmco6",0.000249982992302197,-0.198064304179176,0.16,0.195,1
"Tcf19",0.000250187732084118,0.142377162820072,0.262,0.264,1
"Ncoa1",0.000251433671176505,0.184107927200827,0.463,0.456,1
"Oga",0.000251918387317734,0.144711773758028,0.86,0.863,1
"Usf1",0.000252228198918033,-0.162680017454966,0.359,0.431,1
"Gpr45",0.000252784236601401,-1.32297251949771,0.005,0.013,1
"Acot13",0.000253360308448627,0.257695100154896,0.301,0.287,1
"Adamts3",0.000253952944717043,0.637502239620504,0.044,0.033,1
"Dlg3",0.000257671681069053,0.560009140386625,0.06,0.044,1
"Reck",0.000257828045586003,-0.425430689845903,0.089,0.135,1
"Mtr",0.000258166567785135,0.177893467550197,0.307,0.301,1
"Slc35f2",0.000258236149905587,0.17360779077815,0.221,0.216,1
"Dpp3",0.000258895902808845,-0.20557682338103,0.324,0.403,1
"Amfr",0.000260557854878769,-0.144071937303776,0.544,0.614,1
"Gnpnat1",0.000261377295324912,-0.242696605050733,0.403,0.483,1
"Git2",0.00026153559631922,0.16559446029815,0.767,0.766,1
"Srebf1",0.000265519008425099,0.211470283488193,0.358,0.35,1
"Samd10",0.000266653937948355,-0.626583908109102,0.042,0.071,1
"Cep68",0.000269357630638656,0.211912311022588,0.369,0.364,1
"Tmem70",0.000269461128537519,-0.166688992514579,0.453,0.54,1
"Dbr1",0.000269788875114248,0.121047469306183,0.418,0.427,1
"Abr",0.00027019599069099,0.19428860864105,0.411,0.404,1
"Prcp",0.000271174175203728,0.456181235977787,0.11,0.095,1
"Etfbkmt",0.000271577824129134,0.437191485966002,0.237,0.213,1
"Gm44899",0.000274767092669521,0.397806838802282,0.129,0.111,1
"Tbcel",0.000275086419403038,-0.117705383275846,0.316,0.369,1
"Baiap2",0.000276313183697079,0.190549690915569,0.163,0.159,1
"Dym",0.000276698674885433,0.196410597023212,0.302,0.306,1
"Alas1",0.000277052083820475,0.154300017709955,0.465,0.471,1
"Zbtb14",0.000277179398712616,0.272261238910301,0.17,0.161,1
"2510046G10Rik",0.000278311181162749,-0.339275710128592,0.087,0.118,1
"Hmgxb3",0.000278477021500424,0.225667590107099,0.385,0.393,1
"Adcy9",0.00027915748004699,-0.360270753206869,0.087,0.118,1
"2610035D17Rik",0.00027974276502529,-0.287592779251125,0.132,0.183,1
"Mpp7",0.000282393489505297,0.230692587368166,0.187,0.176,1
"Aipl1",0.000284003558963029,0.784425312531819,0.033,0.02,1
"Dennd6a",0.000285537273867373,0.202647957165483,0.473,0.473,1
"2510017J16Rik",0.000290176386753548,-0.375230610530065,0.071,0.094,1
"Crk",0.000291728320612679,0.153877349886959,0.537,0.54,1
"Lrp5",0.000291843708544515,0.334481057725544,0.091,0.082,1
"Gtf2e1",0.000292511381099843,0.172332911203247,0.293,0.288,1
"Parp8",0.000292522884776392,-0.236590615850994,0.222,0.275,1
"Mccc1",0.000293333412326755,-0.331047246295296,0.128,0.18,1
"Cdk19",0.000294175183245425,0.245849978321999,0.508,0.477,1
"Tmem9",0.000295084829965624,-0.230141438601065,0.143,0.182,1
"Parl",0.000297758391057278,-0.137085544861534,0.603,0.674,1
"Gnb5",0.000300734442310652,-0.520057587543966,0.049,0.08,1
"Vmac",0.000300956933238259,-0.504447125992806,0.047,0.071,1
"Mrrf",0.000302355821382863,0.163876849780434,0.316,0.333,1
"Zfp507",0.00030329696327611,0.195447434922286,0.505,0.499,1
"Impdh1",0.000303524957479305,-0.237921670368667,0.321,0.392,1
"Nat2",0.000304398934401654,-0.181208364224479,0.224,0.285,1
"Ccdc91",0.000304813143559532,0.317388958148618,0.13,0.116,1
"Gm56868",0.000304908925640464,1.2340009144022,0.018,0.009,1
"Brpf3",0.000305973432562286,0.318691565780313,0.195,0.181,1
"Malt1",0.000307292546494638,-0.106500560152033,0.769,0.803,1
"Slmap",0.000308514297998856,0.125793357895895,0.776,0.785,1
"Syvn1",0.000310134776316488,-0.203148838840944,0.234,0.301,1
"Prkce",0.000311410769955197,0.223055164348972,0.551,0.55,1
"Card6",0.000312858441606527,-0.145314604524571,0.413,0.479,1
"Hibadh",0.000313996886822133,0.148091782213818,0.656,0.665,1
"Lrrc8b",0.000315239213365471,0.198756822280019,0.3,0.305,1
"Tmem184c",0.000315370986188367,-0.228388077042231,0.232,0.293,1
"1700016L21Rik",0.000316749062521732,-0.277788803397251,0.085,0.11,1
"3110083C13Rik",0.000317595942545285,1.06387685833088,0.014,0.007,1
"Abraxas1",0.000318691710530143,0.202054421562761,0.309,0.304,1
"Dnajb14",0.000320328688159603,0.404958276406754,0.135,0.11,1
"5031425E22Rik",0.000320576793505848,0.239148930526259,0.546,0.54,1
"Pcsk4",0.000324187909630578,0.152792835791979,0.257,0.264,1
"Abhd13",0.000324278636500652,-0.300026752886357,0.197,0.262,1
"Pgm1",0.000324724102646353,0.108333104219969,0.463,0.487,1
"Marchf6",0.00032899059628193,0.179461157356585,0.534,0.541,1
"Anxa7",0.000329007704804028,0.203131428023815,0.458,0.451,1
"Mapk14",0.000329012389678767,0.120389586661502,0.633,0.646,1
"Tstd2",0.000329035881714923,0.181847332628494,0.387,0.385,1
"Mthfd2",0.000330362532434782,-0.127972189685292,0.828,0.86,1
"Fli1",0.000332379676395673,0.105299723280111,0.959,0.956,1
"Arhgef2",0.000333413771164544,0.177635719094767,0.458,0.455,1
"Xiap",0.000334265812084927,0.143087835269181,0.781,0.787,1
"Slc10a7",0.000334721468396788,0.14333697616419,0.681,0.694,1
"Samd1",0.000337056129007819,0.104321370801312,0.193,0.2,1
"9930021J03Rik",0.000338227764734286,0.163355946199093,0.552,0.556,1
"Timm17b",0.000338826822939307,-0.125912615446977,0.649,0.722,1
"Cnot4",0.000346038789060433,0.134874950093981,0.916,0.922,1
"Aff1",0.000346222362244218,0.28002577113128,0.503,0.481,1
"Ephb6",0.000346446884748282,0.336388858252113,0.026,0.02,1
"Adi1",0.000346771409025495,0.292039041105239,0.24,0.23,1
"Gm35037",0.000346835054155373,0.365967066088835,0.219,0.193,1
"Rsl24d1",0.000352105916778594,-0.155273506445904,0.798,0.852,1
"Pura",0.000352482213175982,-0.108632533596652,0.779,0.848,1
"Panx1",0.000352499681650091,-0.159232179152445,0.416,0.486,1
"Lsm1",0.000352774528044695,-0.174488715729939,0.635,0.725,1
"Rasal3",0.000352821070346226,0.160731048699367,0.732,0.741,1
"Fgf13",0.000355160394906522,0.191734087918712,0.193,0.175,1
"Ovgp1",0.000355501565648177,0.46373952296291,0.086,0.07,1
"Fam228b",0.000357071003632427,0.684911006123443,0.031,0.023,1
"Slc25a12",0.000357478277354337,-0.123485993108294,0.626,0.68,1
"Setd7",0.000358925362146717,0.134879650928923,0.617,0.637,1
"Slc25a38",0.000366579000899923,-0.31360061462901,0.159,0.211,1
"Rad9a",0.000368838507946086,0.369527775308955,0.16,0.145,1
"Exoc6",0.000373892765688018,0.243792897655452,0.376,0.371,1
"Capg",0.000377094841357246,0.228504692914719,0.826,0.83,1
"Rhot2",0.000378425026962675,0.253921643351479,0.195,0.187,1
"Cfap54",0.000378649450400469,0.565905503972945,0.048,0.037,1
"Usp38",0.000378966889473642,0.164660591944017,0.717,0.713,1
"Slc28a2b",0.000383658666095133,-0.627494380707133,0.025,0.043,1
"Nt5c2",0.000384713239353966,0.190344608001392,0.359,0.365,1
"Hip1r",0.000385153066400573,0.312312235827228,0.1,0.088,1
"Zfx",0.000387328900139904,0.13343252003373,0.723,0.733,1
"Pttg1ip",0.000389265751593129,-0.171819422103434,0.319,0.37,1
"Gm20559",0.000391723587098271,0.377047935530172,0.417,0.379,1
"Gm48653",0.000393911661625243,-1.23839942311435,0.006,0.015,1
"Mrpl11",0.000396945331628758,-0.146266102668294,0.758,0.833,1
"Spn",0.000398606202908795,0.136265457717445,0.777,0.79,1
"Secisbp2",0.000402459975952006,0.136626396425712,0.583,0.601,1
"Xkr5",0.000406766616230665,0.702093647600248,0.034,0.023,1
"Raver2",0.000408706764513151,0.677646691191984,0.049,0.036,1
"Ago1",0.000409010557121067,0.22590540526988,0.272,0.263,1
"Capn3",0.000410459433342392,0.686486094622762,0.066,0.046,1
"Ift140",0.000414359772053899,0.311099877831926,0.16,0.145,1
"Nsg2",0.000416434913483187,1.00337375221407,0.042,0.026,1
"Ehd1",0.000416716311660248,-0.314385473502829,0.178,0.24,1
"Sirt7",0.000417292908325523,0.187028024143357,0.544,0.55,1
"Ccdc134",0.000418362327535763,0.23159879171877,0.162,0.153,1
"Abcb1a",0.000418594126915581,-0.399303130958479,0.095,0.136,1
"Cyth3",0.000419842655222576,0.302533217299236,0.139,0.135,1
"Lrrc75aos2",0.000421264912907844,0.485418725692058,0.063,0.05,1
"Nosip",0.000421501623642628,0.221244867830976,0.42,0.422,1
"Rbm45",0.000422172310602952,-0.105354626467787,0.641,0.715,1
"Gtf3c2",0.000425219643395655,0.144806383193933,0.497,0.506,1
"Pigk",0.000428207420057922,-0.176072047918003,0.515,0.605,1
"Arhgap1",0.000431744135264166,0.194970283725971,0.588,0.581,1
"Sorl1",0.000433500979993958,0.180868343279002,0.28,0.287,1
"Tpmt",0.000434151089841738,0.435057983714365,0.059,0.046,1
"Crocc",0.000434565893823503,0.289039238353732,0.068,0.062,1
"Zfp646",0.000435605648875473,0.240418046531264,0.322,0.304,1
"Magt1",0.000436025908180204,-0.128897569781002,0.856,0.899,1
"Fam122b",0.000436735981019723,0.274871192029477,0.11,0.097,1
"Cyb5rl",0.000437035327390762,0.345713973273754,0.072,0.061,1
"Uvssa",0.000437970986611565,0.35262021935214,0.202,0.184,1
"Parn",0.000437983774195415,0.142765991964626,0.38,0.402,1
"Epha5",0.00044003674538646,-0.679763869817725,0.019,0.034,1
"Chmp6",0.000440371641642914,-0.232033001260696,0.272,0.346,1
"Entpd7",0.000442889401558949,-0.417772287826701,0.124,0.174,1
"Spata6",0.00044320300815683,0.328334308284158,0.372,0.344,1
"2210408I21Rik",0.000443927297047718,-0.14756770168962,0.185,0.237,1
"Dennd4a",0.000444325975826892,-0.266896951287096,0.297,0.357,1
"Bcorl1",0.000447931224745731,0.294521948121588,0.162,0.149,1
"Dnttip1",0.000448015814477825,-0.145085211960954,0.491,0.57,1
"Bank1",0.000451542657844258,0.90292082463505,0.041,0.025,1
"Jtb",0.000452103707085481,-0.144029576496542,0.664,0.751,1
"Zbtb7a",0.000455392245519731,0.141282757754123,0.58,0.592,1
"Wwp2",0.00045700989862287,0.185108820618841,0.416,0.414,1
"Lrrcc1",0.000457336574892511,0.174839253824039,0.386,0.386,1
"Ceacam16",0.000457635011611013,-1.35925338312013,0.004,0.014,1
"Tmed8",0.000460855381808215,-0.329174948227877,0.155,0.199,1
"Lppos",0.000465280337680845,-0.270957913271207,0.176,0.229,1
"Kxd1",0.000468300320954473,0.176721177175212,0.54,0.55,1
"Ddx50",0.000470188550715165,0.137743877981809,0.841,0.851,1
"C2cd5",0.000472147954225032,0.141919838556414,0.576,0.592,1
"B3galt6",0.000472234935606163,-0.278628793407896,0.147,0.2,1
"Tyw1",0.000474183291616633,0.199123292336943,0.333,0.325,1
"Kif24",0.000484980232096563,0.206499004912502,0.131,0.126,1
"Cep85l",0.000485372934591258,-0.367402788555478,0.163,0.207,1
"Zfhx2",0.000487637125722622,0.40116755998142,0.103,0.092,1
"Ubtd1",0.000488520585601609,0.133396860059243,0.192,0.19,1
"Slc39a3",0.000489972738203948,-0.413152171815685,0.098,0.143,1
"mt-Nd6",0.000495875809238427,0.201101547744428,0.32,0.317,1
"Pde2a",0.000496597614807706,0.695157318457127,0.045,0.031,1
"Hipk3",0.000497321736771641,0.14266803474318,0.414,0.429,1
"Fgd3",0.000507167228239859,0.230151590641842,0.387,0.364,1
"Timm23",0.00051077710387755,-0.115286780979488,0.975,0.99,1
"Ulk4",0.000511347373174437,0.566411486980367,0.05,0.039,1
"Gm56728",0.000512220327206833,0.452386720749272,0.05,0.039,1
"Tubgcp6",0.000514697366806782,0.278963460677263,0.159,0.149,1
"Lyrm2",0.000521266131932809,-0.122004453368318,0.436,0.512,1
"Tmem168",0.000522127502191324,-0.163182207240273,0.327,0.397,1
"Cenpi",0.000523985395591343,0.225278658784755,0.101,0.096,1
"Cpsf7",0.000528352851343531,0.165732685400195,0.565,0.581,1
"Gm56874",0.000530499431218894,0.46104613929862,0.186,0.16,1
"Id1",0.000531386372076826,-0.986966917887728,0.016,0.032,1
"Golm1",0.000535490031874847,0.408541713473246,0.143,0.123,1
"0610010K14Rik",0.000535970104191701,0.120886983610639,0.755,0.777,1
"Wdr83os",0.000537061507591123,-0.1181855252453,0.638,0.706,1
"Sc5d",0.000544307215070055,-0.171531997230952,0.533,0.611,1
"Pus10",0.000545482500463649,0.135970988341505,0.475,0.485,1
"Anapc13",0.000545908961049486,0.202761544651008,0.667,0.655,1
"Ptpn5",0.000546790433072499,-1.39549391425278,0.01,0.026,1
"Rundc3b",0.000547593826454896,-0.400312907580274,0.11,0.163,1
"Pygb",0.000547632139728496,0.207819757496128,0.392,0.388,1
"A730090N16Rik",0.000548840908638831,1.01064343537264,0.017,0.01,1
"F730043M19Rik",0.000549557527594142,-0.437602647554225,0.069,0.103,1
"Arl2",0.000553938252481644,0.189258036048979,0.294,0.298,1
"Zkscan8",0.000555644189813914,0.321471035101392,0.189,0.176,1
"Nexn",0.000556700323636932,1.18681165092746,0.013,0.006,1
"Trp53inp1",0.000558727000749513,0.353928907128114,0.601,0.554,1
"Atp8b4",0.000558809542460062,0.346367337386629,0.137,0.126,1
"4930486L24Rik",0.000568417943864354,0.532702950252623,0.093,0.076,1
"Ctla2a",0.000575334608181842,-0.111106070073555,0.7,0.722,1
"Sap30",0.00058125717109358,-0.211347744554709,0.43,0.514,1
"Zfp268",0.00058216778655273,0.373536913624032,0.129,0.119,1
"Tmem38b",0.000583929087681746,-0.327214665575837,0.071,0.107,1
"Soat2",0.000586632286789908,-0.623843643462004,0.042,0.068,1
"Eif2s3y",0.000589080304688841,-0.105155016738337,0.687,0.731,1
"Tm7sf2",0.000594828506971491,-0.271068149972874,0.085,0.117,1
"Anxa5",0.00059646886812764,0.281722158073519,0.476,0.46,1
"Hexa",0.0006010824638395,0.214514818841829,0.217,0.204,1
"Gpatch8",0.000601332335237722,0.14434743567558,0.867,0.88,1
"Setd6",0.000603154174643966,0.11127142355407,0.227,0.226,1
"Ptrh1",0.000605683002151878,-0.618222294951583,0.047,0.079,1
"Ripor1",0.000606699211648868,0.384389324407994,0.127,0.117,1
"Crtc3",0.0006153312634743,0.165769139633758,0.643,0.635,1
"Sox12",0.000621921710847446,0.585381580905382,0.033,0.024,1
"Itgb5",0.000624603714092334,-0.722578118904357,0.027,0.05,1
"Gm30054",0.000624681254652172,0.617445319196137,0.125,0.099,1
"Snx1",0.000626383398464978,-0.108279910328396,0.564,0.633,1
"Nedd9",0.000630706668627892,-0.105231497712065,0.717,0.745,1
"Smad2",0.000633928501612662,0.112921864900172,0.689,0.702,1
"Rpe",0.00063505720154496,-0.124736080187503,0.627,0.689,1
"Recql",0.000635765513023636,0.15399135614323,0.445,0.455,1
"Pde8a",0.000638115378516681,0.507807365364989,0.077,0.061,1
"Qrich1",0.0006386665841214,0.119653323396394,0.727,0.752,1
"Gm44148",0.000641288796891349,0.411256222676563,0.243,0.213,1
"Hspa4l",0.000642490992526822,0.358659488264628,0.165,0.154,1
"Macrod1",0.00065118122205707,0.262338925662906,0.158,0.148,1
"Mvd",0.000656183646750919,-0.207303831478221,0.231,0.295,1
"Gm49980",0.000657848313183088,0.542494900827938,0.131,0.103,1
"Dennd1a",0.00065875057367272,-0.124458017485702,0.713,0.759,1
"Syne2",0.000659787350019071,0.369695614193105,0.159,0.139,1
"Snapc4",0.000664721460814018,0.208752342194176,0.198,0.188,1
"Noc4l",0.000666111575156255,-0.192951453660006,0.66,0.753,1
"Cand2",0.000669073004162207,0.341254069455328,0.1,0.091,1
"Pea15a",0.000675890650516253,-0.241027700230299,0.204,0.265,1
"D630039A03Rik",0.000681220641130329,-0.222073513729056,0.17,0.221,1
"Pfkfb3",0.00068147753607768,0.176920855365364,0.413,0.416,1
"Unc45a",0.000687558589273661,0.261662176112905,0.202,0.191,1
"Rars2",0.000689902834743461,0.103621665025084,0.551,0.564,1
"Gtf2h1",0.000693377637867546,-0.157365194189405,0.722,0.795,1
"Otud6b",0.000694202970686983,0.10866173790165,0.409,0.415,1
"Igf2r",0.000694432362824927,0.216827540935513,0.392,0.398,1
"Agbl3",0.000695274389139903,0.414141381944438,0.095,0.085,1
"Gm15729",0.000696061982757014,1.07156196150393,0.018,0.009,1
"E130311K13Rik",0.000697637352023147,0.44421741402966,0.079,0.063,1
"Steap3",0.000699357427956677,0.911390274275799,0.013,0.007,1
"Mctp2",0.000700863691748655,-0.429821813716803,0.171,0.222,1
"Ctnna2",0.000713603949348042,-1.00577295549848,0.003,0.01,1
"Ggact",0.00072653229133134,-0.132909407168855,0.357,0.421,1
"Got1",0.000727050239563502,-0.192429776157614,0.582,0.672,1
"Dexi",0.000727287473854984,-0.125383639792823,0.349,0.407,1
"Gm32856",0.000728928509604924,0.254536661775966,0.283,0.264,1
"Gm16565",0.000733466496664905,0.414616618355176,0.085,0.072,1
"Raet1e",0.000739658970306863,0.533622308787677,0.061,0.046,1
"Midn",0.000744372676275456,0.144482505722334,0.485,0.494,1
"Prelid3a",0.000746715302084586,1.1916596638486,0.011,0.005,1
"Aagab",0.000747419077459434,0.218019066302017,0.337,0.337,1
"E330020D12Rik",0.000749984028506752,0.265659048434082,0.294,0.278,1
"Soat1",0.000752332875768783,0.139733877926821,0.413,0.409,1
"Ccdc88a",0.000756118673275122,-0.31574899469808,0.217,0.279,1
"Cyp11a1",0.000758266252125175,-0.755225500833554,0.03,0.05,1
"Ano6",0.000758802092011287,0.172038496634427,0.456,0.449,1
"Lgals3",0.000759687181287213,-1.15064000637295,0.021,0.039,1
"Med25",0.000763978050571734,0.232853164683292,0.274,0.264,1
"Zfp952",0.000767710244797062,-0.119081784971832,0.203,0.244,1
"Tmem251",0.000768160225852266,-0.152866553918915,0.426,0.508,1
"6720427I07Rik",0.000772960430292529,0.185458607181993,0.408,0.416,1
"Grpel2",0.000773521181093157,0.201203659717854,0.309,0.302,1
"Zcchc2",0.000775453495141,0.159004756897669,0.399,0.4,1
"A630001G21Rik",0.000777008005757888,0.177713987183552,0.518,0.512,1
"Dtnbp1",0.00077814109771448,0.112847054264493,0.455,0.465,1
"C130026I21Rik",0.000782714865894107,-0.108152897918051,0.065,0.085,1
"Arap2",0.000785370433582383,0.168622879655245,0.657,0.649,1
"Ankrd55",0.000791858799452828,-0.481899630158008,0.037,0.055,1
"Fstl4",0.000799175278783413,-1.02475463975719,0.011,0.022,1
"Amn1",0.000804407243812715,0.33634422368056,0.328,0.307,1
"Slc25a42",0.000819222888147035,0.241327153705091,0.113,0.11,1
"Rxra",0.000821959814062578,0.439765184872186,0.068,0.06,1
"Trp53bp1",0.000836263631687978,0.139612128680324,0.384,0.403,1
"Phf3",0.000836490212885812,0.105746892594675,0.893,0.911,1
"Vps13c",0.000836527148646248,0.134125347729594,0.602,0.603,1
"Slc33a1",0.000837975007867601,-0.122578944690546,0.406,0.48,1
"Ift22",0.000838054706413576,-0.316295868302856,0.08,0.115,1
"Washc2",0.0008421292743452,0.116784159311488,0.585,0.603,1
"Mapkapk3",0.000842378003743447,0.21685439437155,0.533,0.52,1
"Abhd4",0.000842593742148159,-0.3119404478715,0.05,0.07,1
"Nudt14",0.000853173551155336,0.249814800304863,0.333,0.319,1
"Tpgs2",0.000859528904020545,0.22629536184003,0.232,0.23,1
"4930581F22Rik",0.000862843749402831,-0.163377236737012,0.21,0.259,1
"Ube2e2",0.00086627491974089,-0.415449277892446,0.063,0.093,1
"Zfp456",0.000866996152703115,-0.572688620670871,0.032,0.053,1
"Slc25a29",0.00086931783694486,-0.531505040505048,0.026,0.043,1
"Sec22b",0.000870658257943083,-0.117860246810279,0.644,0.721,1
"E2f6",0.000876411231073776,0.174895902037798,0.273,0.277,1
"A430046D13Rik",0.000882098817873311,0.484506657136325,0.069,0.054,1
"Mphosph8",0.000886217248684021,-0.13151858876073,0.641,0.719,1
"Nat9",0.000888530753536908,-0.177875857658402,0.097,0.129,1
"Cpox",0.000892886512146033,-0.265664957180278,0.29,0.38,1
"Gm27010",0.000901516569402876,0.673791692606378,0.035,0.025,1
"Tbc1d24",0.00090193304842427,0.320339313374759,0.045,0.039,1
"Usp28",0.000902031941619424,0.186877283954546,0.263,0.266,1
"Lmo2",0.000904047496121676,-0.555809383551563,0.028,0.046,1
"Elac2",0.000905351324539555,0.136058871289563,0.305,0.315,1
"Akap7",0.000905954972590744,0.410127078902252,0.103,0.088,1
"Ddx11",0.000909349492412832,0.187606800863315,0.221,0.219,1
"5830448L01Rik",0.000909823424491354,-0.389779431207201,0.04,0.062,1
"Polr3gl",0.000913324749279041,0.229487001083513,0.306,0.295,1
"Dst",0.000915298907744712,-0.195789472513486,0.299,0.357,1
"Rasl11b",0.000916056679134905,0.49134060050419,0.041,0.031,1
"Odr4",0.000921197915168994,0.149732199137949,0.567,0.58,1
"Arntl",0.000921605434245845,-0.24075971518701,0.128,0.171,1
"Map4k1",0.000924287034165036,0.158929678145411,0.466,0.484,1
"Wdr7",0.000927473599108859,-0.158812232070521,0.364,0.426,1
"Klf11",0.000936351315587037,0.808841018108478,0.032,0.023,1
"Cirbp",0.00093812011850692,0.174835196856007,0.469,0.474,1
"Fam171b",0.000940996503212763,0.598272375027272,0.046,0.034,1
"Tbpl1",0.000942274020946466,-0.160563332991054,0.354,0.424,1
"Myo10",0.000942990828493765,-0.321467420393438,0.177,0.222,1
"Aldh2",0.00094828750504235,0.374809606318621,0.174,0.151,1
"Cln5",0.000948293287423813,-0.180883941827527,0.195,0.251,1
"Dancr",0.000948563404340614,0.126318954094784,0.39,0.393,1
"Aoc2",0.000949663030650223,0.453393555620709,0.086,0.073,1
"Pwwp2b",0.000950340354895271,0.806987361977284,0.02,0.013,1
"Slain1",0.000950483782153194,0.271341793332959,0.363,0.345,1
"Sfmbt1",0.000951391280848306,0.132507662775675,0.393,0.403,1
"Itfg1",0.000953966728028139,-0.112195526299581,0.58,0.656,1
"Ublcp1",0.000955503783347487,-0.199587433137747,0.269,0.339,1
"Smim24",0.000957791668948435,0.915936858754791,0.032,0.018,1
"Ctsw",0.000960500984915278,0.159516040132267,0.328,0.327,1
"Cars2",0.000963318418424295,0.162423052253592,0.335,0.339,1
"Rprd1b",0.00096681310065977,0.101513206668547,0.669,0.687,1
"Haus2",0.000968116306411239,0.191351416501425,0.345,0.344,1
"Tsnax",0.000969281764318194,-0.123651468800878,0.49,0.578,1
"Dmac1",0.000970890594806517,-0.111882459898812,0.765,0.825,1
"Eef2k",0.000975488910169803,0.35222243967766,0.136,0.12,1
"Zfp518a",0.000977443011270976,-0.19898617243654,0.314,0.374,1
"Eefsec",0.00097781229406979,0.139071851951915,0.628,0.636,1
"Ppm1b",0.000985514331378294,0.145073485538182,0.644,0.658,1
"Rnf113a2",0.000989107867346267,-0.19502953510382,0.265,0.321,1
"Igf1r",0.000989453369070491,0.575295449001053,0.119,0.092,1
"Abcc4",0.000993785492259003,0.167420661677644,0.325,0.324,1
"Psd3",0.00100016285674607,-1.25145742537025,0.01,0.023,1
"Dip2b",0.0010020035305555,0.176209414197493,0.78,0.782,1
"Sik1",0.00100483406059197,0.233307246950754,0.152,0.141,1
"Pgam5",0.00100513950305199,0.132855137798561,0.444,0.455,1
"Zfp809",0.0010085304971686,0.21560476975971,0.483,0.481,1
"Plcl1",0.00101390554961743,-0.238604477842439,0.017,0.029,1
"Nucb2",0.00101512493823914,-0.3880709723254,0.098,0.133,1
"Pcif1",0.0010189152927443,-0.138032016408736,0.463,0.531,1
"Adpgk",0.00101972196464199,0.204328426806383,0.355,0.35,1
"Slc2a8",0.00102946207307386,-0.510061692994687,0.034,0.05,1
"Fbxo4",0.00103372023581438,-0.237451043966534,0.223,0.283,1
"Ifitm1",0.00104568399200729,-1.55027011037372,0.003,0.011,1
"Auts2",0.00105286709494207,1.3162057502193,0.016,0.008,1
"Isca2",0.00105316158659297,-0.174262273035884,0.437,0.519,1
"Marchf8",0.0010544504752281,-0.391999309111354,0.094,0.137,1
"Myo9a",0.00105452643442598,0.167312872337559,0.326,0.337,1
"Ppp1r16b",0.00105536080862193,-0.13190840089197,0.65,0.719,1
"Asns",0.00106024143278336,-0.272252602948361,0.244,0.291,1
"Vti1b",0.00106358889809686,-0.106353674400464,0.697,0.766,1
"Zfp981",0.00106635005479788,-0.822344095282111,0.015,0.031,1
"Unc80",0.00106822263808178,-0.86649559675716,0.017,0.033,1
"Spryd4",0.00107003523475142,-0.221464754849062,0.132,0.177,1
"Xlr4c",0.00107060513188425,-0.209448093847952,0.239,0.306,1
"Ube2j1",0.00107106531945401,-0.126079931345266,0.562,0.622,1
"Dynll2",0.00107259581323014,-0.165038888421319,0.798,0.871,1
"Mzt2",0.00108178359511615,-0.129132730962722,0.4,0.462,1
"Copz1",0.00108465701983151,-0.133586559095526,0.535,0.608,1
"Plagl2",0.00108513803640962,0.109354530303022,0.484,0.512,1
"D030028A08Rik",0.00110128539032462,0.239893076868263,0.24,0.227,1
"Rnaseh2a",0.00110134924934173,0.153321270713284,0.439,0.448,1
"Sdc3",0.00110506456751833,-0.280860598064731,0.071,0.092,1
"Them4",0.00110755981147981,-0.155379995297337,0.1,0.133,1
"Pknox1",0.00110759750061731,-0.185467368075012,0.318,0.387,1
"Acad8",0.00110923405008388,-0.167473304082544,0.129,0.169,1
"Blzf1",0.0011106746740732,-0.216884821264721,0.206,0.261,1
"Crebl2",0.00111445843012323,0.382825162864078,0.211,0.189,1
"Gm16091",0.0011154026618857,0.36061352278482,0.09,0.078,1
"Fam3c",0.00112301198545942,0.167676825119166,0.437,0.451,1
"Cdkn2c",0.00113318679190948,-0.553939276745548,0.079,0.114,1
"AA465934",0.00113332845904825,0.403969625398735,0.086,0.073,1
"Paqr4",0.0011351220596803,0.531573771424725,0.037,0.029,1
"Sytl3",0.00113554565704869,-0.519166405554363,0.07,0.109,1
"Map1lc3a",0.00113581548961079,-0.392136036243268,0.052,0.074,1
"Ints1",0.00113588763427058,0.187377798354542,0.255,0.255,1
"Trmt12",0.00114458343545961,-0.355243647562544,0.073,0.109,1
"Mtmr4",0.00114480133265192,0.302997493949869,0.162,0.151,1
"H2az2",0.00114493510327289,0.265739677540787,0.944,0.932,1
"Ogfod1",0.00114862902962699,0.180498851568486,0.22,0.214,1
"Rdh11",0.00115191970782011,-0.271044647752154,0.186,0.249,1
"Scpep1",0.00115939848451105,-0.185519945507256,0.284,0.348,1
"1700096K18Rik",0.00116062149959814,-0.285118987866158,0.079,0.109,1
"Nadk",0.00116340950081087,0.1087280425223,0.568,0.595,1
"Gm17484",0.00116750881619918,0.521885558635033,0.076,0.059,1
"Espn",0.00117812331992757,-0.183841065307848,0.36,0.419,1
"Rngtt",0.00118018436517788,0.118890791411902,0.841,0.851,1
"Fn3krp",0.00118467699534935,-0.783426080600572,0.012,0.023,1
"BC037032",0.0011868933662548,-0.788857256083252,0.004,0.01,1
"Wdr47",0.00118989372594768,-0.337636149943124,0.08,0.116,1
"Mir17hg",0.00119595799071006,0.209927764439076,0.272,0.265,1
"Spg21",0.00119813221422862,-0.107115629637114,0.553,0.622,1
"Tbc1d31",0.00120199248171347,0.259149975817659,0.12,0.123,1
"Slc25a25",0.00120345694161836,0.228911088753391,0.281,0.267,1
"Ldlrad3",0.00120940229078166,1.12563438513413,0.011,0.006,1
"Cluap1",0.00121072753529586,0.103408719835968,0.562,0.568,1
"Arhgef11",0.0012108831294722,0.329230468456259,0.177,0.17,1
"Flii",0.0012136179381789,0.116725874516366,0.637,0.65,1
"Tas1r3",0.00121452570839618,-1.36515005143871,0.004,0.013,1
"Tmem159",0.00122003265552889,-0.50089324191487,0.047,0.073,1
"Rab37",0.00122007117479672,0.319002290618007,0.267,0.245,1
"Gzmm",0.00122035938481209,0.485033254985655,0.067,0.052,1
"Gas2l3",0.00122576037429348,0.55637672965428,0.079,0.067,1
"Bbs9",0.00122726918747418,-0.297910306828915,0.233,0.279,1
"Dnajb4",0.00123575231465263,0.345150729451792,0.15,0.132,1
"Ccr4",0.00123721693607289,-0.107899725244148,0.294,0.319,1
"Tmem50b",0.00123762903468011,-0.15083070035691,0.197,0.229,1
"AV099323",0.00124200196277901,0.432100204015713,0.094,0.081,1
"Rhoc",0.00124563697677636,-0.492499356772276,0.038,0.059,1
"Tusc1",0.00124992328564181,-0.369411466445756,0.103,0.146,1
"Trerf1",0.00125132274401976,-0.197083701140782,0.405,0.455,1
"Eya2",0.00125435925933224,0.136739707773132,0.259,0.257,1
"Bclaf3",0.0012619470726976,0.115181999246339,0.446,0.457,1
"Ireb2",0.00127173662615715,-0.111746716947215,0.625,0.706,1
"Plxnb2",0.00127502018286381,0.786165634508924,0.013,0.008,1
"Armcx2",0.00127714730610065,-0.319689087036585,0.028,0.035,1
"Wdr83",0.00128195803503547,-0.17191811419685,0.286,0.355,1
"Dhx32",0.00128221808407668,0.188571708372164,0.242,0.241,1
"Nfxl1",0.00128562494922409,-0.335585947330396,0.135,0.187,1
"Ctnnbip1",0.0012885490393791,-0.409538585713647,0.101,0.144,1
"Gm35315",0.00130276783219809,0.286798545839226,0.142,0.131,1
"Oas3",0.0013048848296356,-0.100732535130948,0.331,0.368,1
"Prelid3b",0.00130829194816818,-0.171902272421212,0.739,0.815,1
"Arl15",0.0013097798996907,-0.146601441380395,0.455,0.506,1
"Epn1",0.00131069462423815,0.134790022329273,0.515,0.525,1
"Prmt6",0.00132820197107584,-0.356772715471292,0.122,0.167,1
"Zik1",0.00133277795742618,0.437044626248276,0.054,0.045,1
"Gm11999",0.00133379747812768,0.539662537536974,0.034,0.024,1
"Qars",0.00134043721192324,0.136872525662514,0.517,0.518,1
"Epb41l2",0.00134136544659399,0.159136035783968,0.592,0.607,1
"Zfp346",0.00134173619019706,0.192018931070177,0.36,0.357,1
"Babam2",0.00134536388256064,0.108903763766798,0.687,0.71,1
"Aga",0.00134772042127263,-0.132499684197384,0.462,0.516,1
"Nkiras2",0.00135719714785038,-0.294394687301406,0.175,0.238,1
"Ak4",0.00135787459858766,-0.452529557977892,0.103,0.155,1
"Epn2",0.00136657562719426,0.62762104893118,0.033,0.024,1
"Anxa9",0.00136698026594621,1.16359595247022,0.01,0.004,1
"Pank2",0.00137521706581387,0.131966665885811,0.586,0.615,1
"Rpap2",0.00137849408349527,0.217434215104251,0.308,0.297,1
"Tesk1",0.00138459448695538,0.339922621748943,0.098,0.092,1
"Atp6v1b2",0.00138712916433676,-0.130028784255067,0.427,0.506,1
"Cnot2",0.0013922749655251,0.121344445881033,0.83,0.85,1
"Terf1",0.00139502507951972,0.143123947681901,0.624,0.627,1
"Cpeb4",0.0013972605664264,-0.145865774839121,0.266,0.32,1
"Tollip",0.00140164820124735,-0.251797684068686,0.169,0.221,1
"Vrk1",0.00140266479708596,-0.114397709821564,0.886,0.919,1
"Csf2",0.00140762522911475,-0.956776748464034,0.012,0.026,1
"Slc46a3",0.00140798223417139,-0.310396974613673,0.027,0.04,1
"Gdpd3",0.00140826863316122,0.520249502261594,0.141,0.114,1
"Pex2",0.00141585384816538,-0.169036877592456,0.322,0.378,1
"Dynlt2a2",0.00141635947021461,0.354234957449194,0.168,0.15,1
"Tada1",0.00141940757583652,-0.214319200809189,0.224,0.284,1
"Gad2",0.00142561716947788,-0.471344832878903,0.027,0.045,1
"Alg3",0.00142720248402338,-0.269862790275495,0.158,0.215,1
"Rnmt",0.00143660624958695,0.117069800983831,0.717,0.735,1
"Slc16a13",0.00144576211973556,-0.401396694717236,0.024,0.04,1
"Dnajc25",0.00144687244304284,-0.260999921512821,0.187,0.24,1
"Gm11508",0.00145463048485773,0.197943655576447,0.271,0.266,1
"Rab3gap2",0.00145982174954942,0.10920331247559,0.386,0.414,1
"Rasal1",0.00146232832052633,1.02036230794033,0.018,0.01,1
"Tcn2",0.00146275535927562,-0.503106665971362,0.02,0.033,1
"Ska3",0.00146403389454001,0.339842506355889,0.083,0.074,1
"Rab4b",0.00147069042880668,0.118965673074193,0.639,0.667,1
"Capn1",0.00147543344459433,0.21546999020791,0.4,0.392,1
"Rab3ip",0.00148551900783914,-0.12940112752302,0.39,0.463,1
"Gng2",0.00148745608561704,0.112467158586899,0.669,0.679,1
"Gpr19",0.00149033484948267,0.539352336287514,0.062,0.05,1
"Plxnd1",0.00149354972326612,0.210697495371088,0.139,0.137,1
"2810408I11Rik",0.0015163239377764,0.119879306275239,0.203,0.207,1
"Gm46218",0.00151914311498353,0.4167637197186,0.159,0.141,1
"2510009E07Rik",0.00153286590990044,-0.647076506257308,0.032,0.055,1
"Mettl21a",0.00153749212467431,-0.249372486753587,0.137,0.182,1
"Mapk11",0.00153842156982547,0.399339228416949,0.078,0.065,1
"Rhoq",0.00155898095385449,-0.321021708032839,0.281,0.364,1
"Tbc1d12",0.0015610516562673,-0.389318575244369,0.093,0.124,1
"Tert",0.00156581809951244,-0.663584340122274,0.015,0.029,1
"Gm14634",0.00156901451994972,0.967878403270691,0.028,0.018,1
"Chsy1",0.00157095354961196,-0.183691541340005,0.437,0.489,1
"Phf1",0.00157182101052826,-0.383164467252416,0.042,0.063,1
"Atg10",0.00157301154428622,0.311666865595544,0.228,0.205,1
"Mboat2",0.00157405375172527,-0.668758568113387,0.05,0.081,1
"Trak1",0.00157419238599965,0.207207985872227,0.348,0.339,1
"Ubxn6",0.00157457413562538,-0.125600990943314,0.303,0.357,1
"Gm5617",0.00158432838070544,-0.186597290797035,0.222,0.271,1
"Prpf39",0.00158545762881093,0.110514829213047,0.665,0.693,1
"Gadd45a",0.001585543775391,-0.433735757453315,0.049,0.072,1
"Gm37170",0.00158754605124727,0.957473375483497,0.014,0.007,1
"Ufl1",0.00158939946204793,-0.1401632696807,0.577,0.64,1
"Cul9",0.00159459629982853,0.440534665489505,0.103,0.091,1
"Dhx35",0.00159911204286968,0.23987799021363,0.265,0.262,1
"Gm867",0.00160631228832821,-0.960239239374744,0.006,0.016,1
"Borcs6",0.00160806809488983,-0.357200849126062,0.095,0.135,1
"Recql4",0.00161802019643558,0.215320427363021,0.082,0.077,1
"Marcks",0.00162188557020769,-0.705321636697238,0.026,0.037,1
"Gm12703",0.00162408966969985,-1.17753899276173,0.007,0.016,1
"Gm57424",0.0016365814960364,-0.916231791245242,0.005,0.011,1
"Gmppa",0.00164157908210215,-0.263189638787758,0.181,0.231,1
"Mllt1",0.0016549171390125,0.174217025150462,0.204,0.206,1
"Nrip3",0.00165571689136477,1.1276895315141,0.018,0.01,1
"Slc7a6",0.00165816411875467,0.142454586432214,0.4,0.409,1
"Enpp4",0.00167007392837702,-0.125067941556649,0.202,0.229,1
"Zmym5",0.00167325651300057,-0.104874822184547,0.462,0.525,1
"Cytip",0.00167476478292323,0.147395500095975,0.956,0.948,1
"Acoxl",0.00167544781815435,0.725800199793176,0.019,0.013,1
"Iba57",0.00168577032224116,0.416519737211848,0.041,0.033,1
"Rab27a",0.00169606878551477,0.180118187369361,0.325,0.326,1
"1600020E01Rik",0.0017005907877881,0.265056003033532,0.232,0.218,1
"Acsf2",0.00170881568165274,0.649455696189194,0.041,0.031,1
"Elf2",0.0017124654437887,0.119557683393259,0.742,0.752,1
"Klhl23",0.0017128157017679,0.895115918572126,0.017,0.011,1
"Trappc12",0.00171613401394211,0.238609916470437,0.359,0.346,1
"Sgms2",0.00173113484536069,0.560130662273099,0.031,0.022,1
"Kdm3b",0.00173543026132185,0.18630292228619,0.626,0.622,1
"Trp53cor1",0.00174114921000335,-0.204214767992922,0.127,0.164,1
"Mrps17",0.00175764992009132,-0.135538515067862,0.771,0.844,1
"Casc1",0.00176125473616484,0.607031070523615,0.048,0.035,1
"4732440D04Rik",0.00176729023691499,0.432021478132978,0.232,0.212,1
"Kifc1",0.00176857036760613,0.253459809196462,0.173,0.165,1
"Urgcp",0.00177178249281396,0.22475542586661,0.317,0.311,1
"Lysmd1",0.00177969829264029,-0.448935859656531,0.042,0.064,1
"Igsf23",0.00178386480777798,-0.154696705585274,0.312,0.359,1
"Myo1f",0.00179024691541044,0.457750427446086,0.069,0.054,1
"F730311O21Rik",0.00179860524989536,-0.310191924659361,0.065,0.088,1
"Ldb1",0.00180448877162906,0.139156664222445,0.724,0.744,1
"Dhrs9",0.0018072806636487,-1.12582513594948,0.004,0.01,1
"Tusc2",0.00180839172252485,-0.216028457540183,0.206,0.266,1
"Dcaf11",0.00181294941050281,-0.154784726315236,0.199,0.251,1
"Zbtb18",0.00181824169434354,0.224529039059593,0.177,0.171,1
"Rcn2",0.00182991010890939,-0.183785929140791,0.429,0.505,1
"Dock3",0.00183106397559277,0.792158742253914,0.019,0.013,1
"Pianp",0.00183202094988368,0.224918643372854,0.157,0.151,1
"Med22",0.00184163246148,0.156357011019892,0.171,0.174,1
"Spring1",0.00184285301528545,-0.312796082164185,0.111,0.157,1
"Tbc1d10c",0.00184732717917489,0.154182976106121,0.782,0.788,1
"Hspbap1",0.00185464280504062,0.339598028836886,0.213,0.192,1
"Mcoln2",0.00186265221925337,0.278434861268038,0.09,0.084,1
"2810021J22Rik",0.00187027404545806,-0.321965586335219,0.069,0.098,1
"Slc35c1",0.00187118274036743,0.222974383549763,0.142,0.141,1
"Gm27253",0.0018725917570644,0.835704948156716,0.022,0.013,1
"Cldn12",0.00188484272194214,-1.04250536500392,0.004,0.011,1
"Esrra",0.00188594418934561,0.195674146675661,0.182,0.173,1
"Efcab12",0.00190106500917924,1.1455796681744,0.013,0.007,1
"Gpr107",0.00190401695144152,-0.117445242934905,0.296,0.355,1
"Ccdc6",0.0019239576349287,0.131378835799246,0.394,0.403,1
"Sorbs1",0.00194883455687926,0.418607385189639,0.131,0.113,1
"Cenpl",0.00195759989612744,0.425858320164487,0.108,0.1,1
"Podnl1",0.00197167543629007,-0.288891170711534,0.257,0.329,1
"Gm50469",0.00199547127492444,-0.570192997755288,0.057,0.087,1
"Pou2af1",0.00200380928436445,0.849873922546641,0.033,0.022,1
"Acad10",0.00200853845810713,0.468548600655959,0.09,0.074,1
"Dynlt2a3",0.00201067585317041,0.580711597741375,0.05,0.041,1
"Taok2",0.00203242696211273,0.214613394951796,0.316,0.309,1
"Arsg",0.00204337823736815,0.537578666441996,0.047,0.038,1
"Nmral1",0.00204352403193423,0.164696362750554,0.326,0.328,1
"Timm29",0.00204583035048116,-0.258485532463317,0.134,0.181,1
"Dicer1",0.00204814735687103,0.118501181760042,0.612,0.636,1
"Stpg2",0.00204884924255471,1.26728710722464,0.015,0.008,1
"Fancg",0.00205797489228757,0.423392494614315,0.061,0.05,1
"Dclre1b",0.002060166744776,0.21245566089159,0.154,0.152,1
"Iqce",0.0020677134869227,0.189133529849986,0.238,0.232,1
"E2f5",0.00207232466333082,-0.319895060072262,0.05,0.075,1
"Gm56700",0.00208176400053449,0.675907136095781,0.03,0.02,1
"Tomm34",0.0020974265295335,0.127837405748658,0.623,0.642,1
"Chst14",0.00212046912158559,-0.494549533599727,0.043,0.067,1
"Phax",0.00212533098696759,-0.149599971936499,0.625,0.705,1
"Uck1",0.00212764942965161,0.158775985205476,0.248,0.258,1
"Tmem123",0.00212878402176,0.140863840626827,0.65,0.661,1
"Zfand4",0.00213137509087206,0.240836509750897,0.109,0.105,1
"Strip1",0.00213952176873255,-0.210208640723323,0.16,0.206,1
"Ctif",0.00214005543363029,-0.733731652981475,0.028,0.049,1
"Praf2",0.00215044168039333,-0.212114860667246,0.189,0.24,1
"Ap2a2",0.00215564410209915,0.114757169699891,0.485,0.504,1
"Sgta",0.00216107796089799,-0.109276951428473,0.354,0.433,1
"Zfp202",0.00217401999304389,0.547114889535538,0.052,0.04,1
"Klhdc8b",0.00217406052700398,0.53454773437154,0.026,0.019,1
"Klc1",0.00217631812593652,0.167033698955769,0.463,0.473,1
"Lemd2",0.00218106268624903,-0.169113212896009,0.166,0.214,1
"Thumpd3",0.00218298235273105,0.121952690954211,0.735,0.749,1
"Plcxd2",0.00218558933122392,0.216116366660704,0.462,0.456,1
"Gm57457",0.00219394177796819,-0.647805239074738,0.024,0.043,1
"Rab10os",0.00220172873831957,-0.138009573466088,0.374,0.442,1
"Gabarapl1",0.00220378128114597,-0.235714765901982,0.32,0.404,1
"Klhl15",0.00221011133635338,0.247383407760756,0.18,0.179,1
"Ubqln1",0.0022136882302709,-0.136112289489301,0.626,0.71,1
"Pla2g4c",0.00221857909109397,0.635537044878104,0.033,0.025,1
"Nr1d2",0.00222994755888311,0.467686378264925,0.085,0.07,1
"Gpm6b",0.00223124105879946,-0.219353173878889,0.169,0.187,1
"Ugp2",0.0022355165972923,0.111683404673245,0.598,0.61,1
"Cars",0.00224603541182785,-0.349324299498152,0.25,0.331,1
"Gk",0.00224657577795042,0.193465933267013,0.117,0.12,1
"Zfp180",0.00226396510805251,0.253564563508804,0.274,0.267,1
"Prorsd1",0.00226630325379959,-0.165893879678449,0.302,0.367,1
"Gm20234",0.00228222468595181,0.287189685666911,0.159,0.141,1
"Gm47242",0.00228550132527404,-0.5883611544352,0.022,0.035,1
"Hmox1",0.00228653060935223,-0.89853828107982,0.017,0.035,1
"Sco1",0.0022910310360573,-0.254529347403819,0.269,0.345,1
"Rragb",0.00229285552825742,0.271291221340813,0.111,0.104,1
"2610021A01Rik",0.00232118545835432,0.243772676086659,0.218,0.215,1
"Grap",0.00232136513870696,0.132184190862805,0.8,0.815,1
"Fastkd2",0.00233730227858292,0.124408460767027,0.377,0.388,1
"2410002F23Rik",0.00234736538121838,0.100699137417549,0.409,0.417,1
"Cyb5r1",0.00235105406067362,0.131921097166761,0.217,0.222,1
"Dynlt1b",0.00236315006398675,-0.205747109520463,0.091,0.124,1
"Trmt2a",0.00236336406823033,0.107062520951819,0.358,0.37,1
"Slc9a9",0.00236607399893393,0.198973724956961,0.668,0.668,1
"Traj27",0.00236851711861973,0.604874060077258,0.077,0.058,1
"Rnf181",0.00237388156822869,-0.189505218382285,0.255,0.321,1
"Wdr73",0.00237727990295137,0.174365406886551,0.269,0.281,1
"Gm26590",0.00237745103036666,0.489392364635709,0.074,0.062,1
"Hus1",0.00237961203912405,0.138706575215742,0.296,0.311,1
"Sytl1",0.00238435832811739,0.211213094790337,0.402,0.395,1
"Snap23",0.00239072138863633,-0.145246003998655,0.318,0.39,1
"Maff",0.00239447648226903,-1.07698627000254,0.005,0.015,1
"Gna12",0.00240296422642797,-0.347533433170397,0.11,0.157,1
"Mylip",0.00242460820696086,0.330771493087363,0.292,0.27,1
"Eeig1",0.00242531179657674,0.132073904376985,0.9,0.899,1
"Maea",0.00242857494367608,-0.123298842518293,0.516,0.594,1
"Myo18a",0.00243208151326291,0.149688966118734,0.342,0.34,1
"Gm17491",0.00243498134215356,0.314592910975346,0.113,0.102,1
"Kif13a",0.00243556194235409,0.373912224249472,0.072,0.059,1
"Steep1",0.00244454490444964,0.14492541859185,0.499,0.518,1
"4933433G15Rik",0.00245034066037815,0.436261891928708,0.072,0.062,1
"Yaf2",0.00245157151974856,-0.134101049477566,0.688,0.744,1
"Fdps",0.0024686881666742,-0.109877298543008,0.819,0.857,1
"4930421P22Rik",0.00246969810262103,0.548859648318277,0.014,0.009,1
"Dctn4",0.00247988050976928,0.118530639485064,0.661,0.669,1
"Tnfsf10",0.0024859818002726,-0.290135995220084,0.219,0.28,1
"Odf2",0.00250789253764116,0.134748572036218,0.456,0.479,1
"Tnk2",0.00251632246706075,0.186925231410671,0.201,0.2,1
"Npc1",0.00251632845303534,-0.390931662388626,0.096,0.134,1
"Prps2",0.0025216938301051,0.113725020047985,0.638,0.665,1
"Dglucy",0.00252177244857168,0.237483293672506,0.61,0.604,1
"Net1",0.00252705813387562,0.10050595488117,0.384,0.393,1
"Acvr1",0.00252785041654469,-0.77345916973307,0.025,0.046,1
"Tmem94",0.00253501101280161,0.253175893389859,0.181,0.173,1
"Crtc1",0.00253790076478423,0.274796922307102,0.127,0.122,1
"ENSMUSG00000121307",0.00254140955625653,-0.289079708880684,0.129,0.173,1
"Ercc3",0.00255569850541381,0.185291366128699,0.294,0.297,1
"Gm26901",0.0025877421080144,0.270454204539814,0.115,0.107,1
"Cep164",0.00259487539233038,0.188737363306104,0.334,0.325,1
"Bach1",0.00259722867008657,0.216129157809421,0.204,0.196,1
"Brwd3",0.00261376372649958,-0.179419526833957,0.341,0.41,1
"Fam161b",0.00261914709413431,1.08692346235245,0.02,0.011,1
"Mfap3",0.00266053450518091,-0.116680465072861,0.403,0.467,1
"1700019D03Rik",0.0026620963276276,-0.915256979145487,0.015,0.029,1
"Tmem237",0.00267265222792206,0.145022700742554,0.279,0.284,1
"Ciart",0.00267752184437158,-0.604929564222432,0.039,0.064,1
"Fbxw17",0.00267759867883208,-0.216700339323051,0.166,0.213,1
"Galnt10",0.0026831459529384,0.372047884059859,0.143,0.131,1
"Tmed5",0.00269537122410686,-0.138449696192059,0.932,0.954,1
"Ube3b",0.0027028770100267,0.198862583401987,0.402,0.407,1
"Rab12",0.00270389176664891,-0.10166543020071,0.411,0.481,1
"Ganab",0.0027085079240106,0.108672956981221,0.61,0.626,1
"Alox5ap",0.00271132561500873,0.48982708521495,0.039,0.029,1
"Pnkd",0.00272837442896549,-0.121797253046736,0.447,0.526,1
"Unc119b",0.00273539531304424,-0.177386284760152,0.267,0.335,1
"Arxes2",0.00273751044299144,-0.593462574676776,0.038,0.064,1
"Nr4a3",0.00273955930293685,-0.682399238413124,0.029,0.044,1
"Rnf25",0.00274472902806756,-0.266484791310823,0.139,0.184,1
"Coa8",0.00275173203725282,0.128630479437735,0.706,0.711,1
"5830418P13Rik",0.00275608731538618,0.760901500826562,0.033,0.025,1
"Gm7072",0.00277425494390727,-0.16251080348637,0.247,0.302,1
"St3gal5",0.00278948255246634,0.461432543256438,0.049,0.042,1
"Sec23a",0.00279019523075621,-0.232703732232524,0.197,0.253,1
"Fem1c",0.00280622255365327,0.150924234338099,0.424,0.44,1
"Rfxank",0.00280937255990463,-0.274089189206685,0.084,0.115,1
"Gm17767",0.00281670774776546,-0.689871592759884,0.021,0.036,1
"Cep70",0.00282952557209363,-0.268945563533686,0.202,0.25,1
"Rnh1",0.00283716107051419,0.157175479172749,0.468,0.484,1
"Gm57047",0.00283863701759275,0.790312172117892,0.034,0.022,1
"Usp48",0.00285041502654619,0.115829255825931,0.622,0.645,1
"Usf3",0.00286665943236513,-0.138432354104463,0.457,0.528,1
"Bcr",0.00286785582976979,-0.334295023877718,0.1,0.144,1
"Ccdc14",0.0028817576727433,0.23514394038088,0.104,0.098,1
"Evi5",0.002894625199214,-0.430099467754923,0.088,0.128,1
"Slc27a1",0.00290215172051029,0.613133450448783,0.024,0.02,1
"Zfp759",0.00290746113854049,-0.556236944598173,0.03,0.048,1
"Atf5",0.0029146857363996,-0.4131726168254,0.082,0.115,1
"Mark4",0.00291731771379158,-0.125513244751927,0.147,0.19,1
"Rab3gap1",0.00291862250400849,0.141484889855098,0.695,0.713,1
"Pgap2",0.00292713790004979,-0.249222409716953,0.192,0.248,1
"Ilrun",0.00295332275956975,-0.109364443608763,0.729,0.797,1
"Slc31a2",0.00295418961099351,-0.436551463756519,0.042,0.065,1
"Pld3",0.00298000378885433,-0.222265375729302,0.159,0.197,1
"Map9",0.00298048329292779,-0.530629488246686,0.036,0.058,1
"Cryl1",0.00298330464156221,0.181639338955161,0.4,0.399,1
"Acad12",0.0029890023060449,0.501466196297057,0.025,0.022,1
"Zfp865",0.00299800803218236,0.207401539849457,0.245,0.243,1
"Gm45051",0.00299841174773069,-0.483372794785118,0.034,0.054,1
"Rhno1",0.00299929796266123,0.147127729873567,0.309,0.315,1
"Cic",0.00300201903702564,0.208691098740576,0.222,0.214,1
"Stambp",0.00303826178659443,-0.14243628937215,0.354,0.422,1
"Lct",0.00304557643537301,0.700531237556722,0.021,0.014,1
"Plpp3",0.00305548657267034,-1.01330598828985,0.004,0.011,1
"Inpp5f",0.00307152203554879,0.262227446187733,0.248,0.238,1
"Zfp770",0.00309213569862365,0.139598758319384,0.31,0.311,1
"Cry2",0.0031080079815257,0.289923727581952,0.164,0.149,1
"H2-T3",0.00311109493244267,0.674597067762417,0.027,0.018,1
"Pierce1",0.0031127050286925,-0.759728074185561,0.009,0.017,1
"Abhd6",0.0031307050693257,-0.363159494654361,0.081,0.117,1
"Rtn4rl1",0.0031340148517828,0.347306790855803,0.098,0.085,1
"Pip5k1b",0.00314115844640371,0.165078600827071,0.228,0.25,1
"Spc25",0.00315911558379973,0.109654399092797,0.162,0.163,1
"Sel1l",0.0031774390239742,-0.113242873493211,0.482,0.55,1
"Gm30455",0.00319318180080121,0.336006132402208,0.141,0.127,1
"Ubr1",0.00320346076869684,0.107726317502794,0.705,0.733,1
"Iffo1",0.00321144701955939,-0.256438489128255,0.074,0.102,1
"Gpbp1l1",0.00321254672091743,0.182198887239887,0.657,0.665,1
"Tmem37",0.00321488937079124,-0.822260395459322,0.021,0.036,1
"Cltb",0.00321707374767302,-0.238520915993377,0.358,0.434,1
"Lysmd4",0.00322116496505997,-0.19949131200583,0.061,0.083,1
"Dapk3",0.00322449984958682,-0.201878951613022,0.19,0.247,1
"6330562C20Rik",0.00322824866176386,0.918530111445767,0.02,0.012,1
"Gm1673",0.00322920480850129,-0.540279987770005,0.042,0.068,1
"Ptcd2",0.00323035142623353,0.16510376921241,0.498,0.507,1
"Slc31a1",0.00323207854719113,-0.207830204130365,0.235,0.307,1
"2610318N02Rik",0.00325356792873994,0.246663076807079,0.386,0.382,1
"Dnah7a",0.0032621024929669,-0.814467354087029,0.006,0.013,1
"Cyb5r3",0.00326303605359908,-0.22985663501988,0.242,0.295,1
"Nudt22",0.00327163588561372,-0.35282984106743,0.067,0.097,1
"Aco1",0.00327675140817369,-0.298945205618249,0.215,0.289,1
"Nicn1",0.00329141141034406,-0.561120019312811,0.035,0.057,1
"Acd",0.00330415030338958,-0.228673192607691,0.273,0.342,1
"ENSMUSG00000121342",0.00332669794037836,-0.489751865432611,0.011,0.019,1
"Coro2b",0.00333423954575827,0.991044544087736,0.01,0.005,1
"Tspyl3",0.00334236990658137,-0.300229609344639,0.076,0.096,1
"Crybg3",0.00334606351139146,0.219075431352683,0.104,0.099,1
"Dap",0.0033519702589482,0.208627054398153,0.699,0.682,1
"Tprkb",0.00335728899973036,-0.174274420590763,0.316,0.396,1
"Phka2",0.00335805556595574,0.380683814468992,0.125,0.114,1
"Snx14",0.0033642066305017,0.255183702355811,0.256,0.254,1
"Ccni",0.00336538178717501,0.142772550355828,0.806,0.817,1
"Rbmx",0.00336694098038179,0.102400554899176,0.606,0.627,1
"Polrmt",0.00339695684862998,0.320075976330003,0.08,0.076,1
"Pdzd11",0.00339808420282335,-0.175767241964565,0.464,0.55,1
"Slc25a26",0.00340013337025022,0.189985688736259,0.318,0.33,1
"Cd160",0.00340954670959852,0.57760385826422,0.025,0.019,1
"Plcb2",0.00343749995762075,0.26468216198349,0.279,0.263,1
"2310022A10Rik",0.00344517089249242,0.143214137687338,0.257,0.263,1
"Med16",0.00344828542654774,0.26813128180938,0.167,0.161,1
"Tmub2",0.00345343681369106,-0.243849846845401,0.136,0.177,1
"Alyref",0.00348472310256821,-0.115666140920652,0.989,0.995,1
"Gm10053",0.00350614004776619,-0.352986287866964,0.16,0.225,1
"Polm",0.00351382219870106,-0.284125158616708,0.096,0.132,1
"Csad",0.00353132840781348,0.294049006222981,0.138,0.13,1
"Tmem62",0.00353684209803691,-0.234257042382553,0.129,0.166,1
"Nipa1",0.00355749221758717,0.743910335038732,0.04,0.026,1
"Rmnd1",0.00356006682963462,0.181546250243128,0.252,0.248,1
"Mbd6",0.00356301365193398,0.278301724039586,0.162,0.155,1
"Gm48671",0.00359446730853134,-0.351991972881756,0.035,0.051,1
"Qtrt2",0.00360646590001518,0.150834405776518,0.255,0.254,1
"Xrcc2",0.00361048826998955,0.222826013367821,0.093,0.09,1
"Tsen54",0.00362420854541914,0.215762861830101,0.18,0.175,1
"Rasa4",0.00363585533727319,0.404228363270212,0.052,0.043,1
"AI480526",0.00363689388893629,0.37885108555923,0.277,0.253,1
"Get3",0.00363760819375218,-0.141035840828061,0.466,0.533,1
"Trbv13-1",0.00365368071652425,-0.23418424237218,0.083,0.085,1
"Sh3bgrl2",0.00365387494710816,-0.521512398897029,0.051,0.081,1
"Commd9",0.00368426368760964,-0.302674616146265,0.186,0.244,1
"Gm41790",0.00371421965890842,0.765913757492207,0.027,0.018,1
"Vps26a",0.00372966940519053,0.162775675949192,0.426,0.444,1
"Dctn1",0.00374318534729421,0.135370867940173,0.382,0.389,1
"Elmod2",0.00375557406675234,-0.325727324621924,0.085,0.113,1
"Bpnt1",0.00376189856723921,-0.326262557167122,0.106,0.151,1
"Camk2g",0.00376275809061709,0.111512702987099,0.534,0.56,1
"Tmem106c",0.00377595949025757,-0.244858725725901,0.189,0.247,1
"Ttc21b",0.00378292299124604,0.202950351306752,0.217,0.209,1
"Pik3c2b",0.0038157681078944,0.370777923686409,0.045,0.04,1
"Rbm15b",0.00382435368080091,0.106260265102981,0.435,0.458,1
"Cnnm3",0.0038271857058704,0.104028390822881,0.25,0.252,1
"Mrpl22",0.00383649082692099,-0.122535633808604,0.687,0.76,1
"Eif6",0.00384421510633961,-0.153806686045251,0.798,0.858,1
"Clcc1",0.0038448134792687,0.128202460659525,0.451,0.468,1
"Smg5",0.00387172443482532,0.109854400104509,0.435,0.446,1
"Nim1k",0.00388551638339703,0.792923083746568,0.026,0.018,1
"Trmt61a",0.00388815220233067,0.239350995181782,0.177,0.171,1
"Plp2",0.00389551736398895,0.131328367201972,0.684,0.69,1
"6430571L13Rik",0.00390018872263803,-0.24486733087809,0.136,0.177,1
"Gm33887",0.00390427560384803,-0.212698243573685,0.039,0.053,1
"Boll",0.00390551876637308,0.53122447289766,0.072,0.06,1
"Ccdc124",0.00391632068379934,-0.107612088977721,0.75,0.82,1
"Kdm4b",0.00392697884977608,-0.151762681264144,0.132,0.171,1
"Ino80dos",0.00393083309529803,0.41907067021088,0.144,0.121,1
"Gm56584",0.00396501230390378,0.725937067045501,0.03,0.021,1
"Tmem240",0.00398602554563572,0.819221456128235,0.033,0.023,1
"Tmcc3",0.00400173301838014,0.488205764735424,0.122,0.1,1
"Dapk1",0.00400531521141025,0.344711270964371,0.09,0.081,1
"Pithd1",0.00401933393997672,0.139189476695733,0.266,0.273,1
"Ncf1",0.00404271057887664,0.280695331795148,0.074,0.063,1
"Gm17477",0.00404377222470638,-0.726228770552986,0.01,0.02,1
"Tedc1",0.00405213311893813,0.497096797379805,0.045,0.037,1
"Ascc2",0.00407443256469069,0.181301333789721,0.562,0.569,1
"Chd9",0.00409525345634972,-0.100944236237417,0.536,0.607,1
"Dnah11",0.00409890682200317,0.525095757982343,0.025,0.018,1
"Desi2",0.00412497353955654,-0.10531515233453,0.674,0.741,1
"Ak1",0.00412780954892253,-0.174782146930937,0.008,0.013,1
"Efcab2",0.00414108793278062,0.440167901569356,0.103,0.093,1
"Nxn",0.00414648496579571,0.115735834613864,0.379,0.401,1
"Entrep3",0.00414706929713444,0.156237555188182,0.544,0.543,1
"Atn1",0.00415727909639775,0.196866337346731,0.26,0.256,1
"Cmah",0.00416602803857187,0.384348502933596,0.521,0.49,1
"Car5b",0.00417813426772381,-1.25485850859038,0.006,0.013,1
"Btbd2",0.00419419284011283,0.245965440891655,0.225,0.213,1
"Hormad2",0.00420324246070828,0.24962610415619,0.013,0.019,1
"Tnip2",0.00421042256785535,-0.275291636873323,0.141,0.189,1
"Mcat",0.00422598191756417,0.258284171260557,0.151,0.144,1
"Gm34006",0.00423472883357173,0.375147193524946,0.168,0.148,1
"Dcaf4",0.00423770013708376,0.228544831244883,0.271,0.271,1
"Cbfa2t2",0.00424338724938838,0.138442752527079,0.357,0.364,1
"5930430L01Rik",0.00424536340060398,0.78689684101828,0.013,0.007,1
"Arhgap27",0.00425986019873305,0.260130015228579,0.205,0.193,1
"Cd48",0.00428353224033589,0.12386494841279,0.915,0.913,1
"Tnfrsf21",0.00430701516981756,0.521367882582122,0.032,0.025,1
"Tmem265",0.00431729165645998,0.223364531200578,0.239,0.229,1
"1700021A07Rik",0.00433885152882817,-1.22609233429365,0.006,0.015,1
"Nupr1",0.00434166934402806,-1.0517666848817,0.014,0.03,1
"Gm20139",0.00434457630501315,-0.301778397089526,0.036,0.05,1
"Gm46124",0.00437880420895873,-1.28560301833925,0.005,0.013,1
"Plekha7",0.00439089331617879,0.247675177069739,0.225,0.228,1
"Xpnpep3",0.00439668415292408,0.219959750049874,0.287,0.293,1
"AI182371",0.00441698031946339,0.643433824376382,0.024,0.017,1
"Naaa",0.00443271857111869,0.217617917672381,0.083,0.076,1
"Gm56785",0.00446832383717309,1.02084620799627,0.017,0.01,1
"Nudt6",0.00448042551935222,0.265559194849103,0.272,0.268,1
"Tubb2a",0.0044989848943326,-0.538531624040854,0.031,0.053,1
"Ap1s2",0.00450018297501339,0.314672106263397,0.199,0.182,1
"Lonrf1",0.00450693292476976,0.425028109696175,0.028,0.022,1
"Cyp4f41-ps",0.0045087650255159,0.589701139777596,0.039,0.03,1
"Gkap1",0.0045268436125939,0.261755204508726,0.136,0.125,1
"Rwdd3",0.00452928713775348,0.23796862720303,0.103,0.095,1
"Hal",0.00455268471413129,0.803900738000139,0.037,0.025,1
"Adam17",0.00457395875981916,-0.125430725858813,0.511,0.589,1
"Ccdc173",0.00458798775886076,-0.269117352327843,0.089,0.118,1
"Cacna1d",0.00458904590434775,-0.927964024439811,0.01,0.021,1
"Foxred1",0.00460691186961515,-0.277608450346266,0.168,0.224,1
"Zdhhc21",0.00461021316614561,-0.12690795400373,0.588,0.662,1
"Wwp1",0.0046246022924314,-0.203256046293067,0.515,0.589,1
"Msra",0.00463096636191143,0.183902269058932,0.43,0.431,1
"B3galt4",0.00463412716468862,-0.270470156236303,0.08,0.104,1
"Cdh23",0.00464894507345714,-0.436332348455674,0.036,0.054,1
"Limk1",0.00468735441902377,0.36609177246152,0.076,0.069,1
"Gm42941",0.00468778009374014,0.35089031860468,0.099,0.095,1
"Adgre1",0.00472335499750596,-1.24828386686545,0.006,0.014,1
"Dipk2a",0.00472694806615795,-0.279029027267239,0.293,0.357,1
"Fbrsl1",0.00473501259428667,0.206079119298261,0.285,0.288,1
"Trim8",0.00473921635280376,0.140249430724095,0.403,0.41,1
"Gm33460",0.00475955975815598,-0.792857982187821,0.012,0.025,1
"AA386476",0.00478606336210328,0.309696825956451,0.091,0.08,1
"Ppp2r3a",0.00478625697496287,0.202725222288936,0.076,0.069,1
"Ccdc18",0.00478669617078581,0.208369073337907,0.154,0.145,1
"Pbk",0.00478840250879833,0.112418942279603,0.127,0.13,1
"Acss2",0.00479684383107407,0.263400768714483,0.067,0.058,1
"Plekha8",0.00480133338472969,-0.306194980393324,0.174,0.228,1
"Npepps",0.0048022261065712,0.11572456445724,0.835,0.84,1
"Prr7",0.00481234020525346,0.394785411442478,0.055,0.045,1
"Ttc27",0.00481600939054663,0.134111599989207,0.479,0.498,1
"Zmat1",0.00482700384569282,0.273490633203893,0.161,0.144,1
"Gsdme",0.0048288553580825,0.244182292714821,0.106,0.106,1
"Tnfsf4",0.00484872567067625,-0.133518359671957,0.184,0.205,1
"Gne",0.00486305074440863,0.191132022074348,0.286,0.294,1
"Gm1976",0.00487222247413228,0.159721313922615,0.325,0.339,1
"Zfp639",0.00488234304697461,0.122232203751741,0.471,0.478,1
"Acad11",0.00488636187081648,-0.284185195629402,0.096,0.13,1
"Cd93",0.00489074918083323,-1.38420402941925,0.005,0.016,1
"Nrep",0.00489192390545033,-0.268432917531997,0.059,0.071,1
"Bcas3",0.00489290519992707,-0.106305926509323,0.287,0.341,1
"Rptor",0.00490048781821176,0.10480282632848,0.581,0.62,1
"Mettl15",0.00491074225795082,0.200063386860352,0.282,0.28,1
"Sbf1",0.00491289810893829,0.183514034750217,0.288,0.287,1
"Plekhg3",0.00491608831481958,1.02705940742006,0.014,0.009,1
"Dhx33",0.00493386722434347,0.167268846412009,0.224,0.22,1
"Zfp831",0.00494351548825852,0.460310851261566,0.11,0.09,1
"Zbtb2",0.00494952339024606,0.234001304053866,0.273,0.27,1
"Stk35",0.0049555994954038,0.143428600919967,0.166,0.17,1
"Mapk3",0.00496415833931742,0.218150669813612,0.229,0.225,1
"Dhdh",0.00499623198337297,0.425046907913415,0.041,0.036,1
"Gm11998",0.00502214723334059,0.383357647550029,0.117,0.106,1
"Nme7",0.00503267110010054,-0.18345474404844,0.252,0.31,1
"Pick1",0.00504723454749331,-0.194286191227018,0.151,0.194,1
"Mdm4",0.00508549168651166,0.12350093461696,0.89,0.892,1
"Skic2",0.00509601619249204,0.145343835824844,0.3,0.313,1
"Vgll4",0.00510906108358904,0.209581406092027,0.574,0.573,1
"Nek9",0.00511079840088083,0.151802928035779,0.617,0.623,1
"Nelfa",0.00512321862167154,0.121347158178341,0.456,0.474,1
"Ttc28",0.00518958442785722,0.56933090326899,0.066,0.053,1
"1190005I06Rik",0.00521639533265764,-0.400817555125125,0.06,0.089,1
"Zmpste24",0.00522024933425037,-0.15505484855375,0.661,0.733,1
"Zmym4",0.00522235280821076,-0.129702146540291,0.632,0.713,1
"Polr2i",0.00523664716009561,-0.174185220989278,0.459,0.533,1
"Zfp992",0.00528273541120565,0.353234355991707,0.078,0.073,1
"Eipr1",0.00528613540702211,0.166657498276037,0.546,0.544,1
"Stap1",0.00528985408609813,0.126164655605632,0.645,0.639,1
"Bag4",0.00531411516927529,0.143759468329804,0.329,0.348,1
"Map3k7",0.00533866719264319,0.125048096721972,0.763,0.775,1
"Vegfa",0.00534897981144907,-0.432627333037707,0.057,0.081,1
"Lpar6",0.00543712950138482,-0.166975269645794,0.089,0.117,1
"Plekho2",0.00544823181053907,-0.154245248933583,0.091,0.121,1
"Mapre3",0.00545566259919236,-0.305685911528524,0.039,0.058,1
"Gm16174",0.00545711692638818,-0.469367625343483,0.03,0.043,1
"Mterf4",0.00548202610371735,-0.196678760408623,0.167,0.208,1
"Lsm3",0.005491520465621,-0.142971056555883,0.845,0.893,1
"Cd8b1",0.00549357627472338,0.417802601924394,0.076,0.073,1
"Mtmr9",0.00551631220899195,-0.172228099921584,0.28,0.347,1
"Dusp7",0.00553099902790026,-0.14963397721738,0.313,0.383,1
"Nebl",0.00553201813752111,0.41504168411417,0.024,0.015,1
"Gm35612",0.00553545736183468,0.597501491737641,0.059,0.048,1
"Aph1c",0.00554240843454517,-0.908374933256932,0.007,0.017,1
"Exoc7",0.00554420099567642,-0.174816211784189,0.254,0.318,1
"Pgm2l1",0.00554623861409211,0.314729008790133,0.148,0.142,1
"Zpbp2",0.00557912254147037,0.61253046865063,0.044,0.034,1
"Napepld",0.00559616166977773,0.405807204261909,0.078,0.067,1
"Zfp523",0.00559947750209,0.302266531468747,0.094,0.086,1
"Ppa2",0.00563011764914827,0.112517267456694,0.529,0.543,1
"Zfp458",0.00563435270309834,-0.191224855139215,0.152,0.195,1
"H2-DMb2",0.00563439295210003,-0.54900125253562,0.018,0.031,1
"Trdv1",0.00563612495001684,1.2918221274251,0.014,0.009,1
"Gm47167",0.00566194259501784,-0.690936791516228,0.017,0.031,1
"Olfml3",0.00566954923254806,0.611390797273319,0.028,0.021,1
"Ufsp2",0.00567310441247133,-0.165099114389171,0.412,0.494,1
"Cetn4",0.00567899383428862,-0.199915493055724,0.144,0.173,1
"Slc25a10",0.00568151452303739,0.29931000742933,0.082,0.074,1
"Ttl",0.0057014126201418,0.366961579821928,0.072,0.067,1
"Nfrkb",0.00572291274753766,0.169741919382308,0.504,0.516,1
"Lsamp",0.00573178535102383,0.646063953271131,0.085,0.075,1
"Asxl2",0.00573292895325068,0.102561405985889,0.838,0.859,1
"Zfp1",0.00574603250785874,0.257964089451533,0.45,0.435,1
"Ksr2",0.00576156083916647,0.831378700915658,0.02,0.013,1
"Nop53",0.00578028099026942,0.113735231732861,0.934,0.936,1
"Klc4",0.00578481547725551,-0.523027995867298,0.032,0.049,1
"9330133O14Rik",0.00581821688849691,-0.312508243991794,0.09,0.121,1
"Batf2",0.00582300545941961,-0.623842761019082,0.009,0.02,1
"Aldh16a1",0.0058231461154343,0.236958009621135,0.175,0.166,1
"Rassf2",0.00586953274791423,0.193691909088787,0.433,0.423,1
"Ddc",0.00587018928083883,0.579755356254883,0.027,0.022,1
"Fnip2",0.00587401648443463,0.113516019661272,0.183,0.188,1
"Atp5g1",0.00587611350778203,-0.109885046997826,0.97,0.986,1
"Otud1",0.00588623822733049,0.736173387255783,0.025,0.016,1
"Creg1",0.00591536105365378,-0.132940529282524,0.484,0.546,1
"Gtpbp10",0.00594929222796853,0.208290130052844,0.203,0.201,1
"Smcr8",0.00595536285861683,0.223692776984472,0.191,0.189,1
"Spag1",0.00598158841107827,0.30087043046775,0.115,0.107,1
"Atl2",0.00598396773040706,0.193851214051805,0.234,0.235,1
"Pi4ka",0.00603713151178384,0.115201010943342,0.572,0.592,1
"Ciita",0.00605135924102516,-0.575806368325509,0.018,0.031,1
"Cnr2",0.00605599791886295,-0.134190615808068,0.081,0.105,1
"Tax1bp3",0.00608438437131897,-0.337350584232151,0.072,0.101,1
"Lix1",0.00609707644854395,0.886157404579764,0.016,0.009,1
"Rfk",0.00609801196333765,-0.148614448361315,0.372,0.442,1
"Pop5",0.00610170838690776,-0.129470963381356,0.713,0.791,1
"Mlf2",0.00611621103494242,-0.145513958784843,0.575,0.665,1
"Galnt6",0.00613191294967303,-0.108623360507539,0.558,0.622,1
"Pofut2",0.00613640054784487,-0.238177163859207,0.182,0.231,1
"Fbxl12",0.00615502137549549,0.243732932181859,0.262,0.256,1
"Rnf130",0.00617419911987723,-0.187967457106057,0.348,0.422,1
"Intu",0.00618046639538313,-0.533658076032155,0.027,0.045,1
"Slc37a1",0.00619809495613149,0.25103768082081,0.282,0.275,1
"Tmem214",0.0062068372375688,-0.214172417206752,0.177,0.227,1
"Rnf135",0.0062081145271195,-0.201075326401853,0.135,0.171,1
"Adam15",0.00624952751354916,0.191354642745122,0.112,0.108,1
"Guca1a",0.00624974342645751,0.416377360929016,0.063,0.051,1
"Mical2",0.00625636674078859,-0.528143192864626,0.06,0.091,1
"Cyp4f16",0.00627942714138475,-0.34269863551336,0.05,0.073,1
"Lrrc8d",0.00628312847694181,0.137500841701462,0.619,0.62,1
"Pccb",0.00628928578648176,-0.182328548574625,0.22,0.274,1
"Tfe3",0.00632237611345623,-0.11380362862471,0.277,0.318,1
"Tradd",0.00632845995174918,-0.123571881273822,0.247,0.302,1
"Lrrc59",0.00634621359990736,-0.184527368873326,0.651,0.732,1
"Clcn1",0.0063873738011892,0.738913179849172,0.038,0.028,1
"Zdhhc12",0.00639648852352674,-0.261216365831983,0.15,0.203,1
"Hacl1",0.00640115254093826,-0.198704037324269,0.101,0.13,1
"Nutf2",0.00640641111289408,0.190557532295486,0.185,0.186,1
"Ifi44l",0.0064361241238808,-0.735173237147269,0.006,0.014,1
"Psmc4",0.00644757137844762,-0.107695176289084,0.9,0.934,1
"Stx18",0.00644968454041511,-0.136170794953838,0.42,0.493,1
"Thap1",0.00647649085557403,-0.232720000041185,0.201,0.257,1
"Ninl",0.00653859856957021,0.44076895222257,0.068,0.058,1
"Rtkn2",0.00654759555173997,0.445213407713517,0.078,0.067,1
"4732465J04Rik",0.00654861474703289,-0.598199103362053,0.024,0.039,1
"Cubn",0.00661650887034011,0.704332071111121,0.021,0.013,1
"Marchf7",0.00665673355393573,0.137656032746317,0.769,0.78,1
"Chac2",0.00668303256898915,-0.206438487562105,0.146,0.19,1
"Gm29394",0.00671386407348038,0.483787378527931,0.059,0.051,1
"3830403N18Rik",0.00673199019519418,-0.400037900803009,0.013,0.014,1
"E4f1",0.00673307362257494,0.1977267465672,0.214,0.207,1
"Rictor",0.00673343046918259,0.134314325766282,0.772,0.792,1
"Echs1",0.00673711054318099,-0.141545444777059,0.422,0.499,1
"Hlf",0.00674783580666461,0.777116709854679,0.018,0.012,1
"Asb7",0.00675208824248567,-0.185906205734261,0.229,0.283,1
"Gm43062",0.00675920456386826,-0.71676671472639,0.01,0.018,1
"1500002C15Rik",0.00677041650909871,-0.918937106282417,0.005,0.011,1
"Gm56663",0.00682212989896314,-1.30790620393929,0.011,0.02,1
"Pmpca",0.00683123089555374,-0.164029692921094,0.515,0.594,1
"Slc36a3os",0.00685025217477269,-0.231848255134106,0.094,0.125,1
"Ahdc1",0.00686432225482933,0.307741455911895,0.11,0.105,1
"Zc3hav1l",0.00688414106984341,0.296945454452109,0.113,0.107,1
"Gm47232",0.00688706724542005,0.562203479155481,0.016,0.011,1
"Spx",0.00689153010083209,0.777696149110748,0.022,0.015,1
"Mfsd14b",0.00689489052313165,-0.103812761521833,0.359,0.424,1
"Katnip",0.00689551752624912,-0.134690101375495,0.177,0.213,1
"Prkcz",0.00692864083089655,0.313868872619208,0.15,0.14,1
"Arhgap29",0.00693425090312279,0.370136981906437,0.093,0.083,1
"Gm15265",0.0069382119530596,0.52733775201956,0.046,0.037,1
"Pik3ap1",0.00695571612610401,-0.539264708944965,0.033,0.054,1
"Insyn2b",0.00699768280767567,-0.51238009156617,0.028,0.046,1
"Rab29",0.00701053724557254,-0.201659270307685,0.208,0.263,1
"Reep1",0.00701366175411238,0.406135704101724,0.033,0.03,1
"Serpina3h",0.00701576970006061,-1.15654353203331,0.005,0.011,1
"Nod1",0.0070316929204585,-0.30482630616225,0.062,0.09,1
"2310011J03Rik",0.00705321414638237,-0.114983591193702,0.516,0.586,1
"Dapk2",0.00706048014332771,-0.49296267464061,0.018,0.026,1
"Mtx1",0.00708673882150586,-0.124160552443479,0.608,0.684,1
"Anxa4",0.00709569086455812,0.377124394431076,0.071,0.062,1
"Tlr6",0.00712053810423419,-0.277587767204309,0.088,0.119,1
"Sh2d3c",0.00713683798868251,0.243500791568269,0.4,0.403,1
"Spata1",0.00715525518300682,0.325083215718965,0.166,0.158,1
"Pef1",0.00715755659418168,-0.116253049888072,0.347,0.414,1
"Egf",0.00717275150273621,0.265442394023222,0.066,0.064,1
"Nipsnap2",0.00717343693873754,0.13327664480685,0.478,0.475,1
"Snx17",0.00720079219661152,-0.113064997020381,0.577,0.643,1
"C2",0.00725803308907489,0.345721036119809,0.044,0.038,1
"Rgs9",0.00725816185997976,0.999284559763018,0.014,0.008,1
"Gm5544",0.0072582530925747,0.389114494574828,0.152,0.136,1
"6430590A07Rik",0.00728978274269467,-0.218655968203787,0.119,0.152,1
"Nsun6",0.00729163929087187,0.280528713380112,0.212,0.203,1
"Tfb1m",0.00733766964913739,0.133040551049739,0.19,0.192,1
"Gm43331",0.00735145768274835,0.420424449153183,0.059,0.051,1
"Slpi",0.0074171360347429,0.973702844741775,0.034,0.02,1
"Teddm2",0.00742579603754666,0.936377323205256,0.027,0.017,1
"Mettl13",0.00742763551694482,0.201789554138726,0.192,0.19,1
"Ropn1l",0.00744129105808905,0.686419768851461,0.033,0.024,1
"Tbc1d15",0.00744301512423786,0.100782575981942,0.692,0.726,1
"Tmx2",0.00744900233361732,-0.170481057584477,0.246,0.304,1
"Twnk",0.00744903555688976,0.179594868689017,0.172,0.168,1
"Ube2cbp",0.00746240300751642,0.215436621696163,0.125,0.124,1
"Gemin7",0.00749218758833485,-0.137747006897557,0.394,0.472,1
"Prdm5",0.00749975520779917,0.247383393486833,0.097,0.099,1
"Btc",0.00750289194526203,1.07785602543006,0.015,0.008,1
"Gm56536",0.00751092717937517,0.64772404127289,0.019,0.016,1
"Rnf6",0.00752817212398463,0.114349445192993,0.546,0.578,1
"Castor2",0.00755631251677398,-0.155400887315645,0.092,0.113,1
"Gm20732",0.00755716926097977,0.196908302007325,0.207,0.216,1
"Vps4a",0.00761989563635866,-0.130145316691494,0.417,0.482,1
"Mrpl37",0.00763637015112875,-0.166187065060206,0.378,0.448,1
"Commd5",0.00765205207320963,-0.175346226915707,0.366,0.436,1
"Gm15489",0.007697442268024,0.708574220997834,0.029,0.02,1
"Wdr25",0.00772552781004857,0.238186062199366,0.132,0.124,1
"Ift43",0.00772981930340428,-0.556193371758091,0.023,0.039,1
"Cntrob",0.00776462174481507,0.158508935844729,0.118,0.115,1
"Hps3",0.00776540017284129,0.263450317294069,0.247,0.241,1
"Gm57302",0.00776604704881668,0.81427029381614,0.019,0.014,1
"Mgst3",0.00778969785686543,0.405958984910748,0.103,0.092,1
"Tmem273",0.0077998277690849,-0.441151390152408,0.067,0.093,1
"Tatdn2",0.00784244046039482,0.108352890493891,0.3,0.311,1
"Gpd1l",0.00786469570585979,0.234312333939979,0.154,0.152,1
"Ube2o",0.00787099684418881,0.12444103012474,0.299,0.315,1
"Gfod1",0.00792547600412114,0.228544741127617,0.144,0.146,1
"Asph",0.00794651956792886,0.325949631416103,0.088,0.079,1
"Scfd2",0.00799358837228398,0.154969355404482,0.466,0.471,1
"Cnst",0.00800272927285005,0.115018310914123,0.36,0.38,1
"4930513N10Rik",0.00800735559343481,0.445231739667928,0.036,0.033,1
"Oasl1",0.00805821259595054,-0.675077103440207,0.011,0.021,1
"Slc25a30",0.00806102813891194,0.160748280347161,0.261,0.263,1
"Oscp1",0.00810391765857225,-0.731651469724927,0.014,0.023,1
"Aurkb",0.0081536178697567,-0.223443143374825,0.118,0.134,1
"Platr25",0.00817015047301172,0.142716894875978,0.269,0.266,1
"Arhgdig",0.00820474848635693,0.598210453137354,0.018,0.014,1
"Nek7",0.0082126010939538,0.146578914578542,0.934,0.937,1
"Ccdc191",0.00821521693843378,0.203574218655044,0.269,0.263,1
"Pcbp3",0.00822430095276585,0.358222947881166,0.075,0.065,1
"Aspn",0.00822940957736846,-0.968928719854552,0.007,0.015,1
"Pon3",0.00823670775850198,0.699728912287505,0.034,0.026,1
"Pop7",0.00825824494249081,-0.126535272338624,0.427,0.5,1
"Itga7",0.00826707324782527,1.09785191306038,0.015,0.008,1
"Gm12474",0.00830807271269471,0.565734547950966,0.045,0.036,1
"Phyh",0.0083317037102983,0.154387875575093,0.618,0.618,1
"Gm32679",0.00834044033186958,0.664806031122302,0.03,0.021,1
"Gm43259",0.00834426649437822,1.17763664607713,0.01,0.005,1
"Etfdh",0.00839150929448482,-0.138863811462946,0.209,0.254,1
"Gm14798",0.00840109855209958,0.506006116523696,0.031,0.023,1
"Hsf2",0.00840878921669864,0.190683054459803,0.164,0.163,1
"Fbxl18",0.00847327395630803,-0.371411708685188,0.059,0.084,1
"Fbn1",0.00849459841079417,-0.95708397433169,0.007,0.014,1
"Ntpcr",0.00853365811551806,0.13323243669769,0.286,0.292,1
"Arl10",0.00855553607155025,-0.572616722694912,0.015,0.028,1
"Ankrd16",0.00855649233639068,-0.194752055015657,0.228,0.275,1
"Usp11",0.00857610786705165,0.577489890366614,0.039,0.029,1
"Slc35e2",0.00857810053226193,0.190680538121214,0.299,0.303,1
"Tspan4",0.00860973171769083,-0.121452298951999,0.233,0.262,1
"Eldr",0.00864783810934468,0.296933390201156,0.113,0.103,1
"2810403D21Rik",0.00867270798504974,0.291255367665195,0.266,0.254,1
"Dzip1",0.00868963469705992,0.16641476070986,0.106,0.115,1
"Fgfr2",0.00869381819996239,0.206275452846497,0.254,0.25,1
"Bag5",0.0087226587873309,0.112956616203524,0.383,0.405,1
"Gpr179",0.00877772429088987,0.63378716525411,0.024,0.019,1
"Fundc1",0.00878897793238007,-0.105828160549056,0.441,0.513,1
"Gm48855",0.00880485984332959,-0.662572922382929,0.018,0.032,1
"Tmc6",0.00880494426067902,0.266884004109115,0.267,0.258,1
"Gm16279",0.00882797168873901,0.553744617867083,0.036,0.028,1
"Slc11a2",0.00882853540168118,-0.244768870036165,0.156,0.198,1
"Gm16252",0.00882891569860443,0.804184513907956,0.019,0.012,1
"Akap10",0.00893416410803214,0.151086351593728,0.732,0.733,1
"Shfl",0.00894444297507546,0.323149629830941,0.171,0.158,1
"Mepce",0.00895337177291037,0.188827449809705,0.242,0.244,1
"Kics2",0.00896490791684653,0.318657408649186,0.09,0.085,1
"Wdr31",0.00897103991457527,0.894920950862797,0.014,0.008,1
"Foxp1",0.00897582959800703,0.139557645195469,0.996,0.995,1
"Pkd2",0.00898476468395448,-0.515209713863083,0.04,0.064,1
"Lrig1",0.0089952307443576,0.35825492036687,0.16,0.147,1
"Rab11fip2",0.00900012748466439,-0.112474500381146,0.354,0.405,1
"Cfdp1",0.00900866099440964,-0.123617022562553,0.884,0.93,1
"Fzd5",0.00906621792782508,-0.662689013698838,0.017,0.031,1
"Fig4",0.00907852027938604,0.243499353713063,0.294,0.285,1
"Mief2",0.00908152005052733,-0.514413529246631,0.035,0.057,1
"Pkp3",0.00908702844522725,0.246380145616336,0.419,0.406,1
"Gm50334",0.00909002494402712,0.54251737277432,0.026,0.018,1
"Tbxas1",0.00912239343971864,-0.653759714831501,0.01,0.018,1
"Taf5",0.00913517379317942,-0.140700495611257,0.264,0.307,1
"Rap2a",0.00915723438424886,-0.276861577856483,0.179,0.233,1
"Gga1",0.00917131577824505,0.189403470082278,0.268,0.265,1
"Prpf6",0.00918433971590235,0.104127207168015,0.717,0.736,1
"Lpar5",0.00920516844159562,0.524556906526472,0.05,0.039,1
"Iqgap3",0.00921523306577936,0.445425272911835,0.041,0.037,1
"Itga6",0.00923059274202835,0.273129635701594,0.389,0.361,1
"Tmem218",0.0093154988748519,-0.342607630040416,0.045,0.066,1
"Srr",0.0093250441895602,0.171145406044102,0.216,0.227,1
"Gm26510",0.00933220652978101,0.237068494531589,0.363,0.353,1
"Tex10",0.00935229629253118,0.124032155359647,0.587,0.607,1
"Fam222a",0.00935640446983075,0.678829761470697,0.019,0.015,1
"Gng3",0.00939997709253417,0.352763730817469,0.023,0.018,1
"Zfp219",0.00940107906212005,0.316984481083622,0.085,0.081,1
"Slc25a47",0.00941018859839015,0.414131044837971,0.057,0.048,1
"Rsf1os1",0.00942609757838545,-0.357624063107038,0.045,0.064,1
"Meis3",0.00945452644990359,0.403500979745058,0.092,0.082,1
"Irag2",0.0095095796178136,-0.113037424122736,0.79,0.845,1
"Gm39363",0.00952510455034124,-0.956012305215778,0.009,0.018,1
"Camsap2",0.00954717363909179,0.165571994287881,0.235,0.242,1
"Vamp2",0.00955972429892285,-0.112335144224845,0.208,0.246,1
"Bloc1s5",0.00956181607707514,-0.264868982313506,0.098,0.133,1
"Wdr48",0.00959242061657756,0.132921505806119,0.471,0.486,1
"Slc39a11",0.00960181392934801,0.186182675206331,0.306,0.304,1
"Gm56496",0.00963357600484428,-0.118440434025757,0.137,0.17,1
"Grik5",0.00963808348836223,0.173870874322962,0.085,0.091,1
"Mettl27",0.00963961221509825,-0.12327138428958,0.131,0.16,1
"Fbxo17",0.00968382173267787,0.153210292874509,0.573,0.576,1
"F2rl1",0.00969104414463899,0.780156486442404,0.022,0.015,1
"5430414B19Rik",0.00972421263207002,-0.493047435673044,0.022,0.037,1
"Rgp1",0.00973053882755704,0.295351132365954,0.119,0.113,1
"Nfatc2ip",0.00974834147080065,0.224409042759543,0.203,0.199,1
"Rnf11",0.00975650254556649,-0.195725126048603,0.294,0.365,1
"Lrch1",0.0097646003252815,0.120522474196402,0.799,0.809,1
"Spry1",0.00977284694725033,-0.415275864548803,0.079,0.114,1
"Hs6st1",0.00980390667327948,0.140649619115981,0.108,0.117,1
"Lrp8os2",0.0098236608206141,0.734794568230232,0.02,0.015,1
"Vdac2",0.0098280325772071,-0.104958058975992,0.993,0.996,1
"Pbld2",0.00984150213710917,0.940086906130876,0.011,0.006,1
"Atpaf1",0.00984810386351304,0.146752493448725,0.397,0.406,1
"Gm13561",0.00985819779879036,0.54048797061183,0.047,0.039,1
"Ccdc125",0.00988649913470777,-0.207452644729541,0.14,0.172,1
"Dipk1b",0.00994665532105705,0.22920624053635,0.072,0.072,1
"AU022252",0.00995332731290342,-0.210480497347387,0.145,0.193,1
"Slc36a3",0.00995634113313803,-0.580634578496932,0.009,0.017,1
"Tcf7l1",0.0100066649877077,0.910283937887644,0.034,0.025,1
"B230317F23Rik",0.0100500826065837,0.660928132049933,0.022,0.018,1
"4931406C07Rik",0.0100628101062431,0.220912439666294,0.166,0.165,1
"Gm14326",0.0100666855326882,-0.374418511952208,0.104,0.141,1
"Gm57042",0.0100908680330844,-0.728430630241411,0.006,0.012,1
"Por",0.0100976388610252,0.136033542304274,0.355,0.363,1
"Uqcc1",0.0101046222563174,0.135541085540544,0.478,0.489,1
"Stat6",0.0101428679379404,0.135039051219082,0.531,0.543,1
"Vhl",0.0101529461569977,-0.22507510430013,0.153,0.194,1
"Glce",0.0101564824784148,0.23653122725331,0.13,0.139,1
"Strada",0.0101803756174226,0.217548247517585,0.281,0.285,1
"Arhgef39",0.010192583644837,0.692441728114974,0.04,0.03,1
"Atp8a2",0.0102251051025265,-0.106913914269796,0.236,0.272,1
"Fbxw11",0.0103405376382423,0.117145864810921,0.564,0.592,1
"Poglut1",0.0103436542881053,0.160207728586835,0.358,0.357,1
"Galnt2",0.0103499078591962,0.13208838115615,0.373,0.383,1
"Zfp773",0.0103531165089319,0.271904415771552,0.102,0.107,1
"Lrrc57",0.0103548239781613,-0.190167520835644,0.117,0.145,1
"Gosr2",0.010373365717302,-0.138853752290067,0.388,0.449,1
"Osbpl5",0.0104073897481536,0.399879650117237,0.055,0.048,1
"Ext2",0.0104370390461087,-0.13092265220729,0.415,0.477,1
"Vps54",0.0104442967344877,0.137982166560388,0.805,0.818,1
"Slc26a11",0.0104504196146055,0.635804072679523,0.028,0.021,1
"Prkar1b",0.0104766978507308,0.781719298667973,0.035,0.025,1
"Gypc",0.0104889045418676,-0.102623676608825,0.239,0.292,1
"Apba3",0.0104995406577208,-0.298195215913493,0.092,0.126,1
"F8",0.0105127846511328,0.318344256035475,0.05,0.041,1
"Pgm2",0.0105364018638802,-0.204754830821311,0.259,0.324,1
"Gm14305",0.0105434726189768,-0.508554648733936,0.03,0.049,1
"Slc50a1",0.0105461793969306,-0.106596443589216,0.459,0.524,1
"Gm16196",0.0106051202203031,0.355802117813791,0.063,0.052,1
"H2ac24",0.0106090252015362,-0.410437211937078,0.144,0.188,1
"Il18",0.0106189267235818,-0.84700883138424,0.005,0.012,1
"Ptpmt1",0.010621568537682,-0.147400210304713,0.55,0.623,1
"Zdhhc15",0.0106491123766706,0.164379567737774,0.357,0.361,1
"Gm16001",0.0106495865142796,-0.453389635996915,0.042,0.05,1
"Pnpla7",0.0106666141810903,0.354003129401899,0.167,0.155,1
"Ctsa",0.0106928212307963,-0.150064514770834,0.301,0.362,1
"Dennd4b",0.0107474263154366,0.177185011176297,0.198,0.204,1
"Mybl1",0.0107834104222223,0.19824945724678,0.067,0.065,1
"Sertad1",0.0108142891205513,-0.132374141169332,0.194,0.227,1
"Cnga1",0.0108187744167229,-0.439224649365245,0.057,0.081,1
"Hpn",0.0108227319293295,-0.411413054931558,0.007,0.012,1
"Klf12",0.0108239615157945,0.415693853191525,0.045,0.035,1
"Tjp2",0.0109145382376197,0.565526200993862,0.022,0.017,1
"Mrnip",0.0109201406461958,0.245681404798145,0.106,0.105,1
"Polr3e",0.0109303397025622,0.156281477254048,0.303,0.31,1
"Ago4",0.010945429994584,-0.860835101551263,0.004,0.01,1
"Sap30bp",0.0109475377824,0.138356242318733,0.446,0.458,1
"Rrp36",0.0109481586421066,0.131354713756608,0.539,0.553,1
"Nipsnap3b",0.0109500239142016,-0.177895707844399,0.348,0.424,1
"Thnsl1",0.0109515552753248,0.359055601457323,0.065,0.06,1
"Zfp746",0.0109736920384674,0.18617463421138,0.315,0.324,1
"Gm31718",0.0109831125428589,-0.432978859234666,0.039,0.055,1
"Taok3",0.010987115974059,0.129024918763528,0.835,0.845,1
"Atrn",0.0110022492585775,0.14928071880404,0.457,0.46,1
"2610307P16Rik",0.0110392478175651,0.792791942187377,0.018,0.012,1
"Chn2",0.0110427704321876,0.229254244332383,0.062,0.061,1
"Fam98c",0.0110551009179807,-0.244173753444174,0.148,0.191,1
"Cfap97",0.0110591734620248,0.139022394704024,0.4,0.406,1
"Polr2c",0.0110755909763897,-0.106620830003361,0.824,0.887,1
"Gm57170",0.0110935482583005,-0.261782957773574,0.02,0.029,1
"Pdhx",0.0111089551518318,-0.182902926044259,0.309,0.376,1
"Wars2",0.0111828249023543,-0.125053715798395,0.23,0.283,1
"Prdm1",0.0112097729643878,-0.252011449085142,0.141,0.18,1
"Clasrp",0.011218451354774,0.163200604251692,0.291,0.293,1
"Gm34983",0.0112241572663464,-0.554332931624363,0.024,0.037,1
"Zfp882",0.0112313079542591,-0.300258004658874,0.036,0.051,1
"Capn15",0.0112985699144911,0.158695914320619,0.305,0.312,1
"Rnf227",0.0114062116807374,0.207764890081004,0.088,0.085,1
"Zfp949",0.0114106422743238,-0.112643646766994,0.149,0.18,1
"Rnpep",0.0114263597606331,-0.12950842807684,0.423,0.494,1
"Pygm",0.0114444836629338,0.154887644558315,0.042,0.037,1
"A630072M18Rik",0.0114496298628577,-0.111180423009276,0.16,0.196,1
"Melk",0.011450388725454,0.197363651603412,0.242,0.244,1
"Ppp1r13l",0.0114875072611836,0.658725500610561,0.033,0.023,1
"Rnf170",0.0115253478272512,-0.159641674910747,0.226,0.267,1
"Ampd3",0.0115311616480033,0.488376995494751,0.074,0.061,1
"Tmed4",0.011592172471085,-0.136367497280961,0.246,0.298,1
"H2ac8",0.0116061031958248,-0.237708390590491,0.203,0.233,1
"Cyth1",0.0116146406398542,0.117523218146626,0.893,0.891,1
"Tmem201",0.0116607462956772,0.127344263776652,0.192,0.198,1
"Mzt1",0.011670022936865,0.167747728425736,0.495,0.512,1
"Lrrc39",0.0116795569290253,-0.873545233282101,0.01,0.019,1
"Gm56714",0.011690743980535,-0.191149100651176,0.52,0.587,1
"Gm12166",0.0117091949847274,-0.113461013314096,0.243,0.296,1
"Zswim7",0.0117168740277627,0.17950433328591,0.18,0.185,1
"Ap1g2",0.0117398865771498,0.195727267058157,0.239,0.234,1
"Utrn",0.0117537497896392,0.235881343326694,0.842,0.834,1
"Rnf185",0.011761780038583,-0.249294860025925,0.119,0.152,1
"Ice2",0.0117834011808946,0.130745228090216,0.322,0.339,1
"0610038B21Rik",0.011784309342351,0.528103324263118,0.038,0.03,1
"Cux1",0.0118082459132475,0.122115418109711,0.507,0.519,1
"Sesn1",0.0118308991106678,0.205876750078084,0.479,0.468,1
"Zc3h11a",0.0118444715320567,0.159030783671119,0.093,0.101,1
"AU041133",0.0118626638770928,-0.127000431528974,0.191,0.226,1
"Ica1",0.0118894922329036,-0.569079106274964,0.05,0.078,1
"Zfp597",0.0119099945044637,0.238202530124551,0.175,0.167,1
"Erich1",0.0120369475601694,0.170168082376321,0.513,0.519,1
"Ldhd",0.0120441722239797,0.769468794286059,0.017,0.011,1
"Fbxo48",0.0120692971837031,0.716941405372838,0.028,0.022,1
"Fancc",0.0120888118372228,0.199362855710663,0.244,0.245,1
"Tmem67",0.0121093649278209,-0.362258986499486,0.053,0.079,1
"Nab2",0.0121503384693721,-0.361179559294608,0.123,0.171,1
"Tnfrsf22",0.0121507459170379,-0.254727633238496,0.065,0.091,1
"Zhx2",0.0121518863730261,0.213029478570848,0.284,0.271,1
"Kcnab1",0.0121697870628693,0.378203577128334,0.02,0.019,1
"Etnk1",0.0121705881061413,0.170591298585578,0.927,0.931,1
"Slc25a45",0.0121894227315342,0.267666448653221,0.204,0.198,1
"Cxcr6",0.0122350863141664,-0.509507167972413,0.047,0.073,1
"Usp49",0.0122641511585937,0.235102249484768,0.131,0.128,1
"Zfp612",0.0122824635294347,-0.673782942962235,0.011,0.018,1
"Wdr62",0.0123383136069903,0.297192420773698,0.067,0.062,1
"Mob2",0.0123392162269928,0.193076704092483,0.458,0.464,1
"Ap1b1",0.01233952087027,0.144359476247737,0.464,0.473,1
"9530077C05Rik",0.0123839659324441,0.556881316797473,0.022,0.018,1
"Alg9",0.0124085371609783,-0.145654055965498,0.18,0.23,1
"Spg20",0.012409210923444,-0.156621164029468,0.185,0.227,1
"Lmo4",0.0124240663466024,0.168698068943716,0.236,0.242,1
"Asb5",0.0124474179686601,0.347685259419152,0.108,0.102,1
"Pex13",0.0125147458882418,-0.154420329854891,0.204,0.252,1
"Zfp984",0.0125444418921928,0.218880053933085,0.28,0.271,1
"Ankrd6",0.0125447171550878,1.07180618797421,0.013,0.008,1
"Mfsd4b4",0.0126318999801752,0.377473918992832,0.077,0.065,1
"Gigyf2",0.0126548912585275,0.102473488791845,0.774,0.792,1
"Hhat",0.0126967557528874,-0.39425608368164,0.057,0.081,1
"Aqp3",0.0126988791462707,-0.289998706094551,0.017,0.025,1
"Arl16",0.012716546165814,-0.170096220219761,0.152,0.193,1
"Foxo3",0.0127216168125826,0.15083195810321,0.551,0.568,1
"Vps33a",0.0127218901786195,0.143819451556971,0.336,0.351,1
"4930517N10Rik",0.0127567239649447,0.657037468935032,0.015,0.01,1
"Kctd2",0.012761171637187,0.292768542309935,0.241,0.229,1
"Gm26549",0.0127785775110935,0.192278221815548,0.115,0.102,1
"Gm56565",0.0128105459648453,0.89243423402255,0.013,0.008,1
"Scyl3",0.0128543208748559,0.164216535097162,0.396,0.405,1
"Ahrr",0.0128914274596959,-1.07412299500386,0.004,0.01,1
"Dag1",0.0129003839461627,-0.193063875553937,0.19,0.239,1
"Mlkl",0.0129062635202285,-0.38023964363149,0.134,0.185,1
"Bloc1s1",0.0129465727655061,-0.170409631090578,0.118,0.151,1
"Usp20",0.0129466218650676,0.134820105517679,0.126,0.133,1
"Zfp251",0.0129981390835118,0.227793348928572,0.258,0.252,1
"Cep63",0.0130108363599988,0.149379910067132,0.275,0.281,1
"1600012H06Rik",0.0130144774937904,-0.166490067246123,0.134,0.173,1
"Prkaca",0.0130152127551162,-0.175162208049081,0.27,0.329,1
"Zfp397",0.0130468313234107,0.151189319535407,0.483,0.492,1
"Bnip1",0.0130920805979808,0.147470368481349,0.343,0.344,1
"Manba",0.0131188100052415,0.195915081479076,0.241,0.25,1
"Iqsec1",0.0131305722532156,0.291659380976816,0.132,0.123,1
"Fam20b",0.0131419866834217,-0.181790691311015,0.275,0.345,1
"Itga2",0.0132858264641517,0.246742895041746,0.04,0.034,1
"Gtf2ird2",0.0132908965711736,0.280386544668792,0.124,0.118,1
"Irgq",0.0133232837413637,-0.361543351565665,0.039,0.058,1
"Zfp691",0.0133532084651406,-0.645314165650261,0.022,0.038,1
"Gm2245",0.0134242582308278,0.135683320916772,0.054,0.051,1
"Arhgap31",0.013481701760224,0.2388705177373,0.14,0.134,1
"Mettl7a1",0.0135408305678052,-0.274089638726005,0.043,0.06,1
"5430402O13Rik",0.01356131080058,0.636099581233236,0.058,0.045,1
"Zcchc3",0.0136907150267774,-0.400566679173628,0.049,0.071,1
"Anks3",0.0137129024552071,-0.144797267312887,0.139,0.176,1
"Bspry",0.0137719261133908,0.873766963696704,0.011,0.007,1
"2810036E18Rik",0.0138005391482181,0.230994349543064,0.115,0.109,1
"Trappc11",0.0139031848808103,-0.141885469558049,0.35,0.417,1
"Gm43813",0.013921882790576,0.301744163191318,0.095,0.086,1
"Dgcr6",0.0139543414702733,-0.193362836234632,0.271,0.335,1
"Gpr174",0.0140332549088212,0.146605378558385,0.406,0.414,1
"Tubgcp4",0.0140536521646378,0.141941920505442,0.444,0.469,1
"Sh3d19",0.0140584960909522,0.962457633271754,0.015,0.009,1
"Ribc1",0.0140724229747687,0.464531111406161,0.036,0.029,1
"Wbp1",0.0141088119943091,-0.138661280069994,0.163,0.199,1
"6230400D17Rik",0.0141309633635225,0.34709459772541,0.147,0.133,1
"Gm50023",0.0141802674323459,0.342108046069228,0.021,0.016,1
"Rnf113a1",0.0142476663676435,-0.252439412238559,0.093,0.127,1
"Rfng",0.0142945901347341,-0.324707033231704,0.077,0.11,1
"Ddx55",0.014348742766495,0.172307452650724,0.412,0.418,1
"Kifbp",0.0143488278504826,-0.107960356111416,0.298,0.356,1
"Nprl3",0.0143635359838993,0.200197617360832,0.3,0.297,1
"Tirap",0.0143714850994539,-0.571061865295424,0.055,0.09,1
"Gm50105",0.0143912463237881,-0.245750884015915,0.084,0.107,1
"Tlcd3b",0.0144090001211515,0.534561388275272,0.019,0.014,1
"Pou2f3",0.0144183836304478,0.506154334277553,0.031,0.028,1
"Hdac6",0.0144189457617074,0.193845088381246,0.179,0.177,1
"Cc2d2a",0.014516953541301,-1.19012880760436,0.004,0.01,1
"Sertad2",0.0145427306347378,0.160380621739886,0.367,0.368,1
"Supt7l",0.0145540908260913,-0.179788471315315,0.19,0.231,1
"Fam76a",0.0145935855245459,-0.139801314352811,0.384,0.453,1
"Eef2kmt",0.0146264983508282,-0.161481075509097,0.245,0.306,1
"Phf21b",0.0146465494613837,0.844955177664377,0.021,0.014,1
"Nudt18",0.0146768849625343,-0.244796662761104,0.095,0.127,1
"Cstf1",0.0147937152557293,0.123689141310474,0.291,0.295,1
"Platr11",0.0147964862449077,-0.76146898843115,0.014,0.028,1
"Tm7sf3",0.0148180553085312,-0.162913020940715,0.166,0.207,1
"Adam4",0.014832450058843,0.879187736461585,0.024,0.016,1
"Mex3b",0.014892754894221,0.468299530387113,0.026,0.023,1
"Gm28791",0.0148990644421987,0.363482426757718,0.093,0.081,1
"Ryk",0.0149689757966626,-0.300535934666209,0.288,0.366,1
"Tnip3",0.0149803956508312,-0.728349460687446,0.015,0.026,1
"Gm56686",0.015045731071527,-0.291278436074463,0.076,0.1,1
"Ppm1j",0.0150603290905088,-0.184678287597706,0.218,0.271,1
"Foxj3",0.0150806863873016,0.135765671808768,0.51,0.518,1
"Qrsl1",0.0150871847269808,0.169231427335547,0.3,0.31,1
"Tbp",0.0150998149531877,-0.144133867382201,0.319,0.389,1
"Chl1",0.0151397965665216,1.32454969643554,0.01,0.005,1
"Cask",0.0151415168320686,-0.363268766570354,0.068,0.083,1
"Gm46367",0.0151669530531508,-0.548483239709959,0.014,0.023,1
"Ppp1r3b",0.0151905958780404,-0.29361581652288,0.15,0.202,1
"Fhip2a",0.0151957874226077,0.216534146422177,0.352,0.349,1
"Fbxo34",0.0152086487787297,0.130022098605572,0.267,0.289,1
"Gm12981",0.0152122013511877,-1.02276855499262,0.005,0.011,1
"Ptpn21",0.0152237320274272,0.62790476609435,0.032,0.025,1
"Ebi3",0.0152808499504297,-0.3928739998344,0.061,0.081,1
"Gsap",0.0152955638355183,-0.149440888293253,0.22,0.263,1
"Gm2682",0.015310038240092,0.2404636387697,0.929,0.93,1
"Bcl7b",0.0153781769030125,0.16858411391714,0.403,0.409,1
"Psmd13",0.0154486992451031,-0.100305523753114,0.807,0.856,1
"Accs",0.0154865083046425,0.399875143694653,0.067,0.06,1
"Slc25a11",0.0154974514357923,-0.140967796668051,0.504,0.575,1
"Trit1",0.0155100383647691,0.181921135908811,0.35,0.347,1
"Zfp954",0.0155944805352061,-0.1714431839572,0.088,0.115,1
"E230032D23Rik",0.0156635847308797,0.425880085969851,0.194,0.167,1
"Trbv31",0.0156678589326042,-0.403768453091619,0.058,0.071,1
"Scml2",0.0156880760916999,0.82667119150072,0.014,0.008,1
"Abca3",0.0157518420600647,0.253614559102576,0.239,0.225,1
"Dolk",0.015759970649227,-0.301371166197153,0.078,0.108,1
"Rpusd2",0.015772602949881,0.279466053998029,0.086,0.082,1
"1700029J07Rik",0.0158290836771181,0.792371903546957,0.018,0.012,1
"4930558J18Rik",0.0158414488717015,0.420204153929245,0.015,0.011,1
"5033406O09Rik",0.015856383796607,-1.19762690762126,0.004,0.011,1
"Ppwd1",0.0158921536182202,0.116526741218403,0.487,0.507,1
"Gm8909",0.0158968434901451,0.269833223568154,0.076,0.068,1
"Cby1",0.0159219920964582,-0.129300348665348,0.273,0.331,1
"Zfat",0.0159343389070565,0.277028913165285,0.136,0.134,1
"Cpt2",0.0159426190321487,0.209469564317536,0.084,0.089,1
"Tor3a",0.015975013526401,-0.199101028244075,0.085,0.109,1
"Gm13091",0.0159915871183622,0.50017348284115,0.112,0.091,1
"B9d1",0.0160194925367982,-0.33001691962238,0.066,0.09,1
"Vipr1",0.0160895896600679,0.413854404660289,0.085,0.073,1
"Acy1",0.016147516675351,0.161285251681789,0.116,0.115,1
"Jmy",0.0161811598758329,0.220361283746102,0.22,0.218,1
"Naa80",0.0162353514278287,-0.396224691966555,0.031,0.047,1
"Gm41396",0.0162492944701639,0.518006583130575,0.023,0.018,1
"Hsf5",0.0162909727715922,0.808528120081083,0.018,0.013,1
"Spp1",0.0162918091173708,-0.274669386108753,0.175,0.199,1
"Bcam",0.016325020548177,0.902021725587875,0.019,0.011,1
"Cxcr3",0.0163713728144857,-0.234397370446106,0.255,0.317,1
"Sptbn1",0.0163725229693226,0.142995275370439,0.885,0.885,1
"9030025P20Rik",0.0163853589907809,-0.31246004369807,0.06,0.083,1
"Taf6",0.0164573892323963,0.164313563597987,0.287,0.288,1
"Susd1",0.0164608380815152,0.211492275364876,0.144,0.143,1
"Cox11",0.0164800619653922,-0.158935118876641,0.321,0.381,1
"Col20a1",0.0165548512399119,0.442918126456965,0.052,0.04,1
"Gba",0.0165961770878362,-0.234541456969716,0.117,0.155,1
"Gm49189",0.0166323969176462,-0.116627145189845,0.029,0.038,1
"Zfp414",0.0166621185111751,-0.13124703568357,0.242,0.283,1
"Fam110b",0.0166944148387641,0.331526043278745,0.074,0.07,1
"Tspan14",0.0167749107861475,0.171464828696545,0.539,0.546,1
"9430091E24Rik",0.0167786859879488,0.250623697674265,0.126,0.115,1
"Phf2",0.0168210190795788,0.136399677608069,0.354,0.362,1
"Papss1",0.0168327512621505,-0.202224924234073,0.187,0.232,1
"Azin2",0.0168341422642368,-0.393590111644063,0.028,0.042,1
"Dop1a",0.0168616780551402,0.128208763081188,0.501,0.514,1
"Ldlrap1",0.0168756253486793,0.246300347819358,0.124,0.116,1
"Isoc2b",0.016920203576965,0.345182898294697,0.054,0.045,1
"Zfp783",0.0169205161532498,0.249245898258834,0.114,0.108,1
"Kcnip1",0.016966530993199,0.571731657206851,0.052,0.044,1
"Nudt7",0.0169808880807122,0.307456467951686,0.053,0.052,1
"Gm11127",0.0170819632902403,-0.149954181470645,0.092,0.118,1
"Atp9a",0.0171139405564376,-0.120074915230198,0.09,0.112,1
"Gm4876",0.0171162915289817,-0.298581212589276,0.03,0.044,1
"Rnf144b",0.0171594101847929,0.657563224677597,0.023,0.016,1
"Dtx3",0.0171869036960386,-0.228945271186469,0.122,0.155,1
"Cfap53",0.0172118892204753,1.08817433078681,0.017,0.01,1
"Lrrc75a",0.0172239869740882,0.38133655534264,0.027,0.022,1
"Wdr45b",0.0172348557696557,0.134193078599514,0.528,0.542,1
"Rnf5",0.0172386929544499,-0.148258019450395,0.262,0.315,1
"Zbtb12",0.0172544009736902,0.333170422480606,0.057,0.05,1
"Trbv1",0.0173296320511109,-0.24658264784551,0.072,0.075,1
"Gm27162",0.0173299011452404,-0.134136777947856,0.111,0.13,1
"Atp6v0e2",0.0173416866954645,-0.384892432271646,0.07,0.1,1
"Prrg2",0.017385679846709,-0.298235823338093,0.042,0.054,1
"Mmd",0.0174136459607816,0.162939981914897,0.15,0.159,1
"Shld3",0.0175054752237954,-0.2995990084358,0.109,0.14,1
"Zfp93",0.0175123926749215,0.377878013282186,0.02,0.017,1
"Tsc22d3",0.0175430154619173,0.656119844513287,0.116,0.091,1
"Flot1",0.0175929341824334,-0.140089545473987,0.188,0.227,1
"Myg1",0.0176395601184547,0.101953181395568,0.399,0.417,1
"Gm56860",0.017669216214938,-0.362046493241904,0.029,0.042,1
"Txndc12",0.0177082229572035,-0.106445014448768,0.359,0.412,1
"Depdc1a",0.0177158708863321,-0.215964496085304,0.125,0.155,1
"Zfp945",0.017740804289274,0.304667380055115,0.218,0.198,1
"Atg2b",0.017818241942864,0.153392572154055,0.331,0.342,1
"3110056K07Rik",0.0178634598671584,0.224179889624911,0.368,0.353,1
"Wdyhv1",0.017896352961137,0.150184948185609,0.297,0.3,1
"Prkacb",0.0179128139915685,0.148570014140806,0.809,0.825,1
"Dnase1l1",0.0179684619943488,0.363033426022493,0.078,0.068,1
"1810034E14Rik",0.018008868101836,0.431452662127211,0.047,0.038,1
"Pgpep1l",0.0180265122520269,0.658861057592349,0.025,0.017,1
"Gm56670",0.0181333923232764,-0.489849603743631,0.035,0.056,1
"1700052K11Rik",0.0181777741776776,-0.206535205998637,0.125,0.164,1
"Coq3",0.0181934141598398,-0.206781927567623,0.186,0.238,1
"Rem2",0.0182205037576362,-1.82097499860993,0.007,0.014,1
"Eif5a2",0.0182278121394472,0.341658674865731,0.098,0.09,1
"Trbv13-2",0.0182362484093556,-0.117909339323029,0.095,0.098,1
"Amy1",0.0182670761747178,0.376840350665515,0.124,0.115,1
"Tbcd",0.0183613587158291,0.111545041572017,0.467,0.471,1
"Qpct",0.0183666099704165,0.883235047751849,0.012,0.007,1
"Zc3hav1",0.0184148207678398,0.111526788785383,0.979,0.983,1
"Igkv12-38",0.0184485947371933,-0.758945574790219,0.016,0.028,1
"Rpap1",0.0184699074836432,0.1890463844538,0.277,0.274,1
"Sapcd1",0.0184922695996731,0.894538848680053,0.022,0.013,1
"Tiparp",0.0184958975965732,0.191397499510344,0.223,0.227,1
"Hexim1",0.0185126188757744,-0.138158135969062,0.244,0.299,1
"Ears2",0.0185146579778442,0.179621122736892,0.228,0.228,1
"Aoc3",0.018599815986265,1.20653080592252,0.012,0.007,1
"Ccdc47",0.0186015292328894,-0.114756601240608,0.784,0.846,1
"Dync1li2",0.0186594255171751,-0.148727492084579,0.338,0.4,1
"Gm35986",0.0187149432557997,-0.739844825365738,0.01,0.02,1
"Ripk2",0.0187517867324879,-0.107382399154556,0.233,0.283,1
"Ndnf",0.0188244524125884,-0.677935732173795,0.005,0.01,1
"Zfp426",0.0188412057075734,0.137669937459706,0.299,0.32,1
"Fnip1",0.0189121064965524,0.159718415291612,0.877,0.881,1
"Ern1",0.0189221851747856,-0.188983487332245,0.188,0.224,1
"Btf3l4",0.0189367962729138,0.182467033322162,0.247,0.247,1
"Atat1",0.0189747150794162,-0.270429069924963,0.061,0.082,1
"4933421A08Rik",0.0189868143372327,0.325658443273824,0.054,0.047,1
"Garnl3",0.0191002520407526,0.876850759841987,0.017,0.01,1
"Banp",0.0191404055453473,0.167557159178952,0.25,0.25,1
"Slc39a10",0.0191552883772997,-0.179786759951089,0.387,0.454,1
"Gspt2",0.0191641367531118,-0.242434982839662,0.027,0.04,1
"Rnft1",0.0192351865890653,-0.171103198041203,0.31,0.375,1
"Gm9725",0.0192366595082614,0.27940506499625,0.05,0.049,1
"Gle1",0.0192557102844585,0.150293859970819,0.31,0.324,1
"Pwwp2a",0.0192776520981865,0.123670065876434,0.533,0.543,1
"Pskh1",0.0193951936579492,0.234738618044224,0.214,0.208,1
"Tex264",0.0194224274104913,-0.154929354389572,0.395,0.468,1
"Mrm1",0.0195170294274548,0.244844283495619,0.11,0.109,1
"Myo1c",0.0195919581842335,0.160264366119301,0.103,0.101,1
"A530088E08Rik",0.0196201337072133,0.301327209472139,0.133,0.131,1
"Lman1",0.0196870874391825,-0.149153701481686,0.811,0.869,1
"1110002L01Rik",0.0196904008710862,0.222904652345828,0.211,0.205,1
"Selenoo",0.0197658310954091,-0.108458027092139,0.171,0.207,1
"Hectd2",0.0198158660823908,-0.161814146913695,0.227,0.276,1
"Chn1",0.0198959588074039,-0.270132971327678,0.012,0.012,1
"Cnep1r1",0.0200115952497252,-0.102591296826909,0.419,0.493,1
"Dld",0.0200521466414049,-0.131803194410845,0.604,0.691,1
"Saysd1",0.0200783525250433,-0.158264459879048,0.286,0.348,1
"Lpcat3",0.0201116614351422,-0.137396712364413,0.447,0.522,1
"Wtap",0.0201555093962737,0.119689223575804,0.763,0.775,1
"Nanos1",0.0202495374380509,-0.411133272734739,0.035,0.057,1
"Tceanc",0.0203131454778563,0.273282204266958,0.114,0.107,1
"Necap1",0.020322728788371,0.162598635048029,0.214,0.217,1
"Rsph3a",0.020328435834155,-0.384067265332731,0.066,0.093,1
"Amz1",0.0203853329997941,0.909454156394822,0.013,0.008,1
"4921531C22Rik",0.0204041950489448,-0.284783128580061,0.048,0.068,1
"Pip4k2c",0.0205692112978664,0.197444518991681,0.237,0.239,1
"Marf1",0.0205745689536435,0.176320907704088,0.614,0.622,1
"Plk3",0.0205772486101831,-0.241563831193342,0.115,0.156,1
"Arl6",0.020656856741564,-0.437196262643556,0.056,0.083,1
"Cracd",0.020687220333151,0.681460325895114,0.019,0.014,1
"Nepro",0.0207085274346652,0.190258602655275,0.173,0.174,1
"Zfp710",0.0207940157149119,0.201358626696168,0.295,0.296,1
"Cnksr3",0.0208649837871081,-0.2277551396196,0.148,0.189,1
"Zgpat",0.0209456373286161,-0.139242638950244,0.203,0.246,1
"Zfand2b",0.0209482154292572,-0.14111533260011,0.225,0.279,1
"1300002E11Rik",0.0209891235334716,-0.141635269826303,0.246,0.297,1
"C130036L24Rik",0.0210162236389062,0.417470878819366,0.101,0.093,1
"Ikzf2",0.0210203580186099,-0.298881813447874,0.1,0.134,1
"Abcd1",0.0210854290232576,0.195769518097188,0.144,0.14,1
"Atl1",0.0211346790946505,0.476345544005501,0.02,0.015,1
"Tstd3",0.0211854285468377,-0.2386895975094,0.15,0.198,1
"2810454H06Rik",0.0212152626072029,0.29834494322654,0.036,0.035,1
"Trav3-3",0.0212599207145231,0.448770633996141,0.069,0.066,1
"Slc5a3",0.0213370571325708,0.227027060423392,0.101,0.1,1
"Syt11",0.021457440751018,0.290759004801471,0.092,0.078,1
"Septin10",0.0214658741391522,0.254825433866779,0.078,0.074,1
"1700123M08Rik",0.0215228155434646,0.310008275440355,0.083,0.077,1
"Ccdc115",0.0215229546105033,-0.145001741959345,0.54,0.625,1
"Gatc",0.0215504380891911,0.207932014867257,0.172,0.171,1
"Sptlc1",0.0215714980196125,-0.155001795644557,0.507,0.581,1
"Pgf",0.021604560820769,-1.01276319647849,0.007,0.015,1
"Trp53bp2",0.0216072838707747,-0.115723509074296,0.378,0.428,1
"Tnfrsf23",0.021607422118029,-0.705634850831109,0.015,0.027,1
"Gm13067",0.0216586274299899,0.534504888070072,0.043,0.035,1
"Dok2",0.0217708801730928,-0.1048674388054,0.861,0.896,1
"Capn10",0.0217736651937824,-0.184819438891646,0.093,0.124,1
"Mapkapk5",0.0218324428929919,0.115215880291835,0.381,0.401,1
"Ttc16",0.0218788777992547,-0.534856637328679,0.01,0.017,1
"Bmpr1a",0.0218867577640812,0.122886783657782,0.266,0.278,1
"Cc2d1a",0.0219162517778921,0.230504027768585,0.134,0.127,1
"Spink10",0.0219335598265912,0.458832638686202,0.089,0.079,1
"Ms4a4a",0.0219845609469543,-1.15265733691792,0.008,0.015,1
"Poli",0.0220270020731211,0.171971062646823,0.478,0.483,1
"Chst15",0.0220917332334126,0.7687487585227,0.017,0.01,1
"Gm8953",0.0221251281213865,-0.43764127089067,0.007,0.012,1
"Lmna",0.0221668873542891,-0.595908752450133,0.031,0.051,1
"Gm49144",0.0221988522519676,-0.693965152364389,0.013,0.023,1
"Tbc1d7",0.0222835566944219,-0.227516765228073,0.141,0.183,1
"Alg6",0.0223105185562288,0.111790606805454,0.183,0.19,1
"Rln3",0.0223466305667468,0.996506178723971,0.014,0.007,1
"Rnase4",0.022440014090913,0.829753235483732,0.022,0.013,1
"Zfp119a",0.0224706074626949,-0.27536600359707,0.08,0.105,1
"Ascc1",0.0224847325682055,0.154240629589848,0.406,0.409,1
"Gmds",0.0225245099510645,-0.137394211720884,0.617,0.673,1
"Magi3",0.0225887979098122,0.214275422153233,0.257,0.264,1
"Rtl8a",0.0226389684595055,-0.197996143669405,0.096,0.126,1
"Clcn6",0.0226642820966113,0.270167895706326,0.098,0.093,1
"Mapk9",0.0226938689780902,0.114943588995965,0.509,0.523,1
"Zfp46",0.0227475636362508,-0.101967849942267,0.059,0.068,1
"Tgif1",0.0227804907259756,0.266961954859422,0.089,0.083,1
"Itprip",0.0228161761762568,0.313915695706785,0.086,0.079,1
"Gm56741",0.0228366370331706,0.547205877587579,0.053,0.043,1
"Sesn2",0.0228448446751453,-0.183122898422885,0.208,0.26,1
"Tec",0.0228716324413837,0.288280364174291,0.106,0.097,1
"A130023E24Rik",0.0229660872004592,0.358748682106194,0.054,0.049,1
"Mex3d",0.0229849849714781,0.23386799341201,0.053,0.051,1
"Hsd17b8",0.0229948668472747,0.113502228968766,0.431,0.441,1
"Tmem185b",0.023076584982996,-0.135725720493775,0.149,0.184,1
"Gm57206",0.0230930588817703,-0.395300196237109,0.022,0.031,1
"Mocs3",0.0230950395630577,-0.217123021060251,0.124,0.158,1
"Ccdc117",0.0231314926418475,-0.223871844122615,0.228,0.283,1
"Ift88",0.0231923278853459,-0.169220000763759,0.163,0.206,1
"Inafm2",0.0232002750347448,0.106562113654819,0.059,0.061,1
"Lin37",0.023334377534786,-0.146669302900856,0.183,0.223,1
"Trappc13",0.0233352606709115,0.110291939506038,0.46,0.485,1
"Styx",0.0233848581455284,0.197330321343423,0.226,0.225,1
"Ccdc22",0.0233859413770577,0.214781126360961,0.121,0.115,1
"Fhip2b",0.0235135769641584,0.256800268138679,0.104,0.098,1
"Gm46563",0.0235310202288286,0.23731053556623,0.118,0.12,1
"Tbcc",0.0235530897365515,-0.170458452459974,0.242,0.296,1
"Lmf2",0.0236104778433755,0.189199471438465,0.234,0.235,1
"Gm31619",0.0236616039334054,-0.142266863818387,0.09,0.113,1
"Ift74",0.0236728646460317,-0.219674011561095,0.167,0.209,1
"Itpa",0.0236861126193509,-0.126876115175088,0.555,0.638,1
"Mospd3",0.0237181086550415,-0.127566831739991,0.32,0.375,1
"Cd320",0.0237660237890353,-0.357321047470349,0.132,0.182,1
"Abtb3",0.0238565590359494,0.439191413649999,0.026,0.022,1
"Chtf8",0.023877474933018,0.110151183137861,0.196,0.203,1
"Chrna9",0.0238954705410144,0.784058722509173,0.016,0.01,1
"Ifngas1",0.0239939130893445,-0.601380497252447,0.015,0.027,1
"Gpr89",0.0240172474413987,-0.14553963141902,0.43,0.497,1
"Stxbp5",0.024065413664694,-0.151555502686528,0.285,0.343,1
"Zfp182",0.0240743069575377,0.208517626446053,0.287,0.287,1
"Fam91a1",0.0241171066189854,0.149392377124314,0.399,0.42,1
"Mthfs",0.0241356410940047,0.264103157299913,0.241,0.229,1
"Dgat1",0.0241524270147757,-0.343475255398711,0.056,0.077,1
"ENSMUSG00000121395",0.0241729180611566,0.158305962371707,0.285,0.284,1
"Urb1",0.0241737857213032,0.113815213804584,0.262,0.267,1
"Gm44734",0.024181640437812,0.653740327438231,0.031,0.023,1
"Gm38190",0.024256836333174,0.470771151801918,0.049,0.042,1
"Gm37876",0.0243616520546029,0.982628945615187,0.012,0.008,1
"1700008J07Rik",0.0244661048864258,-0.263361567005173,0.051,0.07,1
"Rmrp",0.0245092774911279,0.856270852142251,0.015,0.011,1
"Zadh2",0.0245420116718184,0.154500136186247,0.316,0.325,1
"Smim13",0.0245552221001303,-0.209725496932687,0.211,0.276,1
"Gm42531",0.0246847180872684,0.544519366718895,0.013,0.01,1
"Cxcl10",0.0247091216453414,-0.654399141860024,0.01,0.019,1
"Adora2b",0.0247809641416142,-1.10700694592607,0.004,0.01,1
"Sh2b3",0.0248280394218072,0.201112143225032,0.119,0.114,1
"H2ac6",0.0248750757554838,-0.584666678803072,0.029,0.047,1
"Gm14718",0.0248927713389654,0.218957670357354,0.023,0.019,1
"Gm5141",0.0248982400282861,0.296872168972591,0.083,0.079,1
"Neu1",0.0249335885607206,0.145024600334573,0.252,0.259,1
"Ttpal",0.0249804856745576,0.113512617903257,0.27,0.278,1
"Med12l",0.0250287410144343,-0.317709155610187,0.065,0.095,1
"6030442K20Rik",0.0250432565607718,0.15456471301827,0.093,0.09,1
"Klhl25",0.0250542518440353,0.231879254378757,0.16,0.155,1
"D6Wsu163e",0.0251244433416191,-0.246473138424086,0.128,0.161,1
"Ly96",0.0251685567673261,-0.264813048228733,0.052,0.075,1
"Gm16793",0.0251746095686153,-0.36191899397091,0.019,0.027,1
"Cox7a1",0.0252098573914237,0.458725771783837,0.053,0.043,1
"Unc5b",0.0252464194311846,-0.759395353361229,0.009,0.019,1
"Dach2",0.0252757635443373,-0.393616270506739,0.048,0.067,1
"Ttc8",0.0252988272617051,-0.438514213376881,0.043,0.064,1
"Arv1",0.02537374518116,-0.11110119055317,0.187,0.229,1
"Tmem120a",0.0253798475848157,-0.214154767894943,0.189,0.238,1
"Gm17201",0.0254250802481513,-0.614231108060689,0.011,0.019,1
"Gm14023",0.025447678515045,-0.657910545215823,0.013,0.023,1
"Eif2b2",0.0254843683406884,-0.100206600180575,0.44,0.5,1
"1700023H06Rik",0.0255481615932428,-0.438124043242055,0.019,0.028,1
"Iqcc",0.0255490205213307,0.306361221379698,0.142,0.132,1
"Cdk17",0.0255570813585201,0.117164621532471,0.808,0.828,1
"Gm9776",0.0255669748227619,-0.300682377290922,0.009,0.014,1
"Catsper3",0.0255683371150352,1.0009773668792,0.012,0.007,1
"Abcd3",0.0256838514539248,0.16446682057081,0.156,0.165,1
"Sun2",0.0257166310593141,0.254893509050089,0.361,0.35,1
"Cpd",0.0257730152618048,0.219477876997502,0.044,0.036,1
"Ndufb4b",0.025857407274084,0.358651272175051,0.04,0.037,1
"Dda1",0.0259811088851518,-0.100857185402668,0.628,0.699,1
"Mrm3",0.0260428124390067,0.161085318859851,0.252,0.255,1
"BC051537",0.0260551117772873,0.60012128371095,0.034,0.025,1
"Pcgf1",0.0260669842174898,-0.143188706764956,0.128,0.159,1
"Pmaip1",0.0260803200549573,0.121578981084901,0.099,0.096,1
"Zfp28",0.0260941165629478,0.555323954264281,0.017,0.012,1
"Kat5",0.0261896791483246,-0.157030124453069,0.177,0.224,1
"Dvl3",0.0262144318669897,-0.335207581772964,0.089,0.121,1
"Gm43768",0.0262955822808631,0.588022492346235,0.034,0.025,1
"Gm36279",0.0263285697709221,-0.139212085786137,0.016,0.023,1
"Garin5a",0.0263623624397407,-0.399051553134218,0.02,0.026,1
"Slc35c2",0.0264944402538153,-0.224325623602167,0.21,0.265,1
"Gm12655",0.0265108322650513,0.444824855394852,0.048,0.04,1
"Unc5cl",0.0266318326380476,0.334036050506813,0.089,0.081,1
"Irag1",0.0266587489910038,-0.307543222738754,0.049,0.063,1
"Pon2",0.0266592321390717,0.182445473293933,0.348,0.35,1
"Eef1akmt2",0.0266991159422274,-0.121707059009447,0.455,0.518,1
"Sema4f",0.0267912525425182,0.564344324258958,0.038,0.031,1
"Kank3",0.0268693119074861,0.405436892689986,0.041,0.032,1
"Cmpk2",0.0269102168925092,0.457324421010648,0.071,0.058,1
"9930014A18Rik",0.0269646652781025,0.372117952025082,0.057,0.054,1
"Flnb",0.0269990980895984,0.229378833312798,0.134,0.129,1
"Pdxp",0.0270298727616008,0.119499779219457,0.145,0.154,1
"Usp54",0.0270438349171805,0.194300075988305,0.063,0.056,1
"Leng1",0.0270472337928589,-0.180130151685558,0.206,0.254,1
"Itga3",0.0270753759349415,-1.22575205023919,0.004,0.01,1
"3300002I08Rik",0.0271339759644816,-0.127405637530271,0.161,0.194,1
"Ccdc25",0.0271875767899533,-0.114447286601667,0.6,0.671,1
"Trappc4",0.0272003333697974,-0.104256398838304,0.82,0.872,1
"Zfp750",0.0272213849253842,0.807549131915151,0.013,0.009,1
"Mvb12a",0.0272223440064759,-0.132100309397783,0.486,0.569,1
"Pik3cb",0.0273255822500484,-0.270027410624511,0.106,0.141,1
"Gm20939",0.0274467709839447,-0.28457046936787,0.081,0.111,1
"Slc25a35",0.0274837765971921,-0.527058818310073,0.017,0.024,1
"Hpcal1",0.0275574691533187,0.140346683808308,0.429,0.452,1
"2900060B14Rik",0.027633277493519,-0.303263495976846,0.04,0.057,1
"S1pr2",0.027675456509016,-0.709541886462967,0.021,0.037,1
"Rab24",0.0276897852037914,-0.141276347814552,0.395,0.459,1
"Ebag9",0.0277298525136537,0.114387313731277,0.397,0.415,1
"Mipol1",0.0277637642135922,0.128275311829001,0.422,0.445,1
"Gm56531",0.027926800912485,0.363593819482587,0.084,0.075,1
"Uprt",0.0279292504367142,-0.285889747797931,0.088,0.122,1
"Rad9b",0.0279942367986302,0.369273199720881,0.085,0.078,1
"4632404H12Rik",0.02802221415092,0.289116307536508,0.1,0.093,1
"Zscan26",0.0280684876501759,-0.168278129558221,0.274,0.334,1
"Actn2",0.0280804168177453,0.646659676138105,0.031,0.024,1
"Odf2l",0.0281015443655647,0.126034519306867,0.307,0.319,1
"4930556N13Rik",0.0281037963378384,0.855394591728713,0.014,0.008,1
"Pbxip1",0.0281095611368162,-0.10752877824513,0.235,0.279,1
"Cisd3",0.0281401094180669,0.159703606488858,0.314,0.32,1
"Aldh3a2",0.0281712751688077,0.258620972734049,0.141,0.13,1
"Gm15471",0.0283128223581232,-0.635573641898113,0.009,0.015,1
"Dennd2b",0.0283872602367389,0.441733441982943,0.034,0.027,1
"Trpm4",0.0284294155151819,-0.38021854913119,0.056,0.08,1
"Dcakd",0.0284809805622482,-0.140042191200371,0.246,0.298,1
"Med9",0.028596158280336,-0.219572643277508,0.299,0.374,1
"Gm12279",0.0286285665219459,0.340512527246678,0.108,0.097,1
"Pbx2",0.0286720181710604,0.244769175791474,0.211,0.209,1
"Iqcg",0.0286930781929456,-0.514252328250794,0.055,0.083,1
"Nans",0.0287171859409975,-0.122744369984794,0.681,0.749,1
"Pign",0.0287233887171798,-0.124947497500107,0.411,0.488,1
"Gm5464",0.0287426891489128,0.945896097917751,0.012,0.007,1
"4921511C10Rik",0.0287477351019922,0.380118597212745,0.066,0.058,1
"Mpdu1",0.028874802552525,-0.10170862776158,0.523,0.588,1
"Sft2d1",0.0288830591307902,-0.112956890199093,0.252,0.294,1
"Prkra",0.0290401389230961,-0.270685720565782,0.07,0.094,1
"Ngly1",0.0290964857389376,0.155947617510917,0.694,0.701,1
"1500009L16Rik",0.0292266547489732,0.146869996158512,0.148,0.144,1
"Snhg14",0.0293022128728705,-0.63379030162228,0.011,0.02,1
"Smpdl3a",0.0293664151788881,0.480587885027956,0.118,0.101,1
"Ssh3",0.0294325348199061,0.917111346499889,0.016,0.01,1
"Rpia",0.0294454452813579,-0.213744006251158,0.328,0.408,1
"Cep78",0.0294539854592617,0.151542289340177,0.21,0.217,1
"Msh4",0.0294557881666898,0.491063857727203,0.046,0.04,1
"Plekhn1",0.0294924185573291,0.497075472352107,0.027,0.021,1
"Nlk",0.0295083317954007,0.139578234534791,0.664,0.679,1
"Ankrd50",0.0296599765870622,-0.218512193621566,0.112,0.144,1
"Gm6712",0.0297659489227967,0.188113017008023,0.289,0.289,1
"Tmem231",0.029790527663025,0.529918389546969,0.02,0.015,1
"Samd15",0.029829194776263,-0.586458595379326,0.014,0.023,1
"Gm15491",0.029889316895296,0.194577801501516,0.054,0.051,1
"Tmem35b",0.0299182828197444,-0.329051647208486,0.041,0.055,1
"Acvr1c",0.0299981366999185,1.23777082996601,0.013,0.007,1
"Leng9",0.0300299900043307,-0.143549281082038,0.047,0.061,1
"Gm30108",0.0300447661290063,0.290624293006113,0.038,0.034,1
"2310058D17Rik",0.0300523596441151,0.311779834143095,0.131,0.115,1
"Alkbh6",0.030082509229365,-0.176827306674821,0.154,0.195,1
"Rdh10",0.0301271656323673,-0.361616525472674,0.113,0.151,1
"Cpq",0.0301586830704815,0.238510895082896,0.29,0.288,1
"Letm2",0.0301601287619774,0.330682586708544,0.197,0.179,1
"Fndc3b",0.0302520206512331,-0.615319496750026,0.032,0.054,1
"Ranbp6",0.0302788893782075,-0.152720155141274,0.148,0.183,1
"Smurf2",0.0302997237187794,0.116934441582967,0.503,0.523,1
"2310015A10Rik",0.0304146829400373,-0.447115877094406,0.021,0.032,1
"Ccnf",0.0305892601933794,0.167069807075066,0.066,0.065,1
"1700113A16Rik",0.0306448552793616,0.243682580776494,0.2,0.192,1
"Pdpr",0.0306532094362611,0.216577967514394,0.221,0.221,1
"Ell2",0.0308176962321374,0.144645528184622,0.106,0.104,1
"Tm9sf4",0.0308582318030684,-0.107629745208454,0.578,0.649,1
"Impact",0.030897875816683,0.102346199100173,0.453,0.476,1
"6230426M11Rik",0.0308985303538367,-0.457236572151835,0.022,0.033,1
"Zbtb8a",0.0309816790585765,0.197136845978421,0.118,0.115,1
"Sez6l2",0.0310422915457419,0.992620921506757,0.018,0.011,1
"C130046K22Rik",0.0310717981786697,-0.228348446127295,0.043,0.051,1
"Tjp1",0.0310836433473831,-0.9020412515677,0.011,0.023,1
"Sun1",0.0311458180137357,0.215729350917492,0.194,0.198,1
"Nsl1",0.0312209842496664,0.233752670034006,0.114,0.111,1
"Tgds",0.03123588455214,-0.177940878836768,0.399,0.473,1
"B230369F24Rik",0.0312404820083505,0.479830318846573,0.067,0.06,1
"Sit1",0.0312493802721047,-0.16866927976635,0.123,0.157,1
"Pilra",0.0312525643449501,-0.959933225611507,0.005,0.012,1
"Bbs12",0.0312536362519107,0.167945962368167,0.265,0.272,1
"Edc4",0.0312753323094058,0.121513712428854,0.308,0.326,1
"Ppic",0.0313015559375126,-0.285751570223841,0.068,0.084,1
"Arhgap15",0.0313061568984971,0.146817511175357,0.998,0.996,1
"A630014C17Rik",0.0313495177277906,1.04521285909043,0.013,0.008,1
"Blvrb",0.0314337805948221,0.384593616807065,0.095,0.084,1
"Gbe1",0.0314366850377182,0.12998275079973,0.389,0.401,1
"Kctd6",0.0314397192248948,-0.304929435628288,0.051,0.07,1
"Mrpl28",0.0314450970235013,-0.131798172838217,0.653,0.736,1
"Tmem163",0.0314747775766971,-0.580857482061932,0.092,0.133,1
"2810449D17Rik",0.0315420332661346,-0.330860167577491,0.068,0.093,1
"Clpp",0.031584186012569,-0.138154117271088,0.507,0.595,1
"Abce1",0.0315885295538841,-0.102510558224125,0.945,0.968,1
"Galnt12",0.0316091789400924,0.135973232436957,0.287,0.295,1
"Slc9a5",0.0316309772477255,0.402102324013709,0.021,0.017,1
"Ppm1a",0.0316311937070916,0.122181269615592,0.582,0.598,1
"Rusc1",0.031645349205033,-0.170803249430719,0.128,0.163,1
"Mrpl50",0.0316822641212679,-0.174820828540305,0.509,0.59,1
"Gm57056",0.031719038090954,-0.772092021112143,0.007,0.013,1
"Ankrd9",0.0317253771767315,0.1706573400867,0.1,0.1,1
"Atxn7l2",0.03182672218963,0.229900024862873,0.107,0.107,1
"Septin2",0.031911640305492,-0.293190986191413,0.112,0.148,1
"BC049715",0.0319209450568921,0.284964206561763,0.103,0.095,1
"Phtf1os",0.0321026841115702,0.422897963970558,0.078,0.064,1
"Rffl",0.0321445222212999,0.123020217310704,0.319,0.326,1
"1700064H15Rik",0.0323878721679436,0.739492455127639,0.01,0.007,1
"Wrap73",0.0324125839709252,-0.1470191523031,0.176,0.215,1
"Pradc1",0.0325130122905174,-0.185470903742129,0.199,0.256,1
"Crtc2",0.0325512274638268,0.22634711300821,0.141,0.134,1
"Rusf1",0.0326551360296458,0.241247742655931,0.095,0.094,1
"Ehbp1l1",0.0327176157281876,0.204317011670848,0.161,0.158,1
"Hrob",0.0327568833030345,0.132615674845844,0.051,0.05,1
"Hdc",0.0327846267490548,-0.348643570630435,0.011,0.015,1
"Gm56830",0.0328111316929427,-0.322969007185861,0.017,0.024,1
"B3gnt5",0.0328261185472958,0.690767929309539,0.027,0.019,1
"Txnip",0.0329340470395037,0.218091676377492,0.737,0.738,1
"Gm31108",0.032948225517439,-0.494794001764785,0.019,0.031,1
"Amacr",0.0330264937106776,0.266601696774151,0.053,0.049,1
"Vps39",0.033053079351867,0.18824490051011,0.334,0.342,1
"A430072P03Rik",0.0330678421360514,-0.259776070093857,0.053,0.069,1
"Sbk1",0.0331441305352575,0.350282658382375,0.041,0.035,1
"Mtcp1",0.0331501620489468,0.273686835885154,0.127,0.121,1
"Brd8dc",0.0333672311511329,0.491788626973531,0.049,0.039,1
"Nipal1",0.0333792420107514,0.568698338951935,0.059,0.044,1
"Gm8013",0.0333799222191913,-0.455576629262531,0.013,0.021,1
"Dync2i1",0.0333804211705564,0.147436315381872,0.155,0.16,1
"Gm17745",0.0334459804228737,-0.120014197636944,0.009,0.014,1
"Mpv17l",0.0334744591449434,0.269482639550694,0.135,0.128,1
"Snupn",0.0335491610771062,-0.109907955282198,0.286,0.34,1
"Pecr",0.0335731387429911,0.183898859971742,0.074,0.074,1
"Nsmaf",0.0336467811211768,-0.127909327516005,0.413,0.486,1
"Zfp263",0.0338582199472987,0.147600000527042,0.25,0.264,1
"Gm7292",0.0339569134459207,-0.40747350057389,0.034,0.051,1
"Slc66a1",0.0339635105215638,-0.274195572883459,0.034,0.047,1
"Catsperd",0.0340327811114912,0.283160080997351,0.017,0.019,1
"Mpzl1",0.0340683135682034,-0.627150897544321,0.012,0.022,1
"Selenop",0.0340861976685176,0.219530971834386,0.225,0.209,1
"Kptn",0.0340910351436322,-0.127896964046564,0.17,0.207,1
"Zscan18",0.0340962513431869,0.341586320478896,0.051,0.044,1
"Lrrc49",0.0341076598567887,0.295502299158686,0.032,0.032,1
"Pkib",0.0341303109043174,0.216429960470768,0.086,0.082,1
"Zfp974",0.0342076807547851,0.672236766485632,0.023,0.016,1
"Adarb2",0.0342279795004577,-1.03940713558674,0.006,0.012,1
"Zkscan1",0.0342285187893049,0.166312803756828,0.499,0.506,1
"2610306M01Rik",0.0342442186224836,-0.393897793417526,0.035,0.051,1
"B4galnt4",0.0343403240085226,0.586438579115349,0.016,0.012,1
"3830408C21Rik",0.0343423789012778,0.500811491594166,0.028,0.025,1
"Zfp870",0.0343940067081533,-0.808632146487502,0.009,0.016,1
"Cep131",0.0346824162067097,0.315938402086105,0.031,0.028,1
"Tafa3",0.0347219701922445,-0.132069871241637,0.162,0.197,1
"Mrps7",0.0348609452769638,-0.158777829297939,0.598,0.684,1
"Thra",0.035029117153061,0.269248457440556,0.245,0.241,1
"Fxr2",0.0350329157573251,0.12679868280359,0.316,0.327,1
"Sestd1",0.0353052105012795,0.320394241026917,0.033,0.034,1
"Gm16599",0.0353261278801918,-0.495234186204771,0.021,0.032,1
"Trmt61b",0.0353327933979669,0.183670416308236,0.248,0.25,1
"Tcea3",0.0353526076815101,1.02800794658608,0.013,0.008,1
"Tor2a",0.0354720521853136,-0.167517142966959,0.29,0.357,1
"Ogdhl",0.0355012514426492,0.863905296641633,0.011,0.007,1
"Hectd2os",0.0356981804417027,-0.959890044309507,0.006,0.012,1
"Pard6a",0.0357098114979459,-0.313872637680334,0.09,0.119,1
"Chka",0.0357108843573557,0.125413737000613,0.168,0.168,1
"Zfp472",0.035745773432904,0.169590010449088,0.249,0.246,1
"Nmrk1",0.0359327104405277,0.219967530625811,0.103,0.104,1
"Rnf138",0.0360736829018128,0.136481477548639,0.69,0.699,1
"Fahd1",0.0361371523577754,-0.382034043925491,0.059,0.084,1
"Zfp677",0.0362180743811158,0.432632779265894,0.076,0.066,1
"Zpbp",0.036252757065782,0.264800316096176,0.154,0.148,1
"Gm12107",0.036256529704534,0.379047978130323,0.038,0.034,1
"Btrc",0.036341735500895,-0.204392874029693,0.156,0.2,1
"Nisch",0.0364748006178537,0.116391676144515,0.685,0.703,1
"Tedc2",0.036477536578948,0.285774758458418,0.06,0.056,1
"Gm56626",0.0365589263596248,-0.22482770957226,0.073,0.092,1
"Gm36220",0.0365724392043407,0.187674250609073,0.242,0.239,1
"Casp1",0.0366390610750521,-0.150020500423214,0.152,0.184,1
"Bivm",0.0367617128978773,0.138832213726249,0.102,0.102,1
"Trav7-3",0.0367971980783921,0.863031807546219,0.018,0.014,1
"Cbarp",0.036809496058774,0.601167869232492,0.024,0.018,1
"Wdr45",0.0368231204910255,-0.112502489929265,0.14,0.17,1
"H2bc11",0.0369087357010326,-0.281193941333235,0.077,0.107,1
"1810024B03Rik",0.0370222187359478,0.224689237474233,0.084,0.078,1
"Pcid2",0.0370358119143799,-0.16776724961067,0.325,0.392,1
"Ufsp1",0.0371429946534627,-0.823671088666878,0.012,0.024,1
"Rdm1",0.0371904700710383,0.209901222590548,0.475,0.466,1
"Unc13a",0.0373493883184249,0.150378012656651,0.083,0.085,1
"H2-Ob",0.0374011710284698,0.95706953317579,0.014,0.008,1
"Usp32",0.0374246796263299,0.178872553600046,0.499,0.499,1
"Kif13b",0.0375054903241936,0.186087398258485,0.202,0.209,1
"Zfp428",0.0376098807060736,0.255728542336168,0.064,0.061,1
"Gm7030",0.0376112408135648,-0.513124358198852,0.008,0.014,1
"Pcyt2",0.0376978945706047,-0.120222442212895,0.398,0.463,1
"Astn2",0.0377096107068853,-0.443177197113777,0.009,0.015,1
"9430038I01Rik",0.037720060999009,-0.196671433140731,0.283,0.344,1
"Troap",0.0377867673761557,0.311111546381091,0.118,0.111,1
"Kcnk7",0.0378699790908524,0.397200393127956,0.042,0.038,1
"Xk",0.0378864528622947,0.385194717349281,0.024,0.021,1
"Ier5l",0.0379450645988644,0.408398074945695,0.034,0.027,1
"Alg14",0.0379601948353826,-0.142671174809934,0.2,0.244,1
"Gm57184",0.0379653022402448,-0.480524495385827,0.019,0.03,1
"Cd1d1",0.0380130006136724,-0.234476605550674,0.038,0.05,1
"Anxa1",0.0380264455372044,0.356756958341604,0.025,0.02,1
"Gm56828",0.0380416405961439,-0.535931236105712,0.011,0.021,1
"Disp1",0.0381096551749688,0.209488940537244,0.3,0.301,1
"Gorab",0.0381147058043119,0.219516750290876,0.142,0.14,1
"Mrpl16",0.0381199092070453,-0.161466248006059,0.518,0.598,1
"Adcy7",0.0381915959681217,0.118819253938135,0.581,0.589,1
"Gm10509",0.0383834154457494,-0.128898142111317,0.102,0.127,1
"Fbxo36",0.0383870303129345,0.44571204729333,0.082,0.071,1
"Tnfaip3",0.0384416579628335,-0.170319872803209,0.1,0.124,1
"Prkx",0.0385630702364751,-0.149461920573183,0.198,0.246,1
"Lcn4",0.0385878408659723,0.437087782377646,0.032,0.026,1
"2310022B05Rik",0.0387331034175215,-0.2794958456507,0.061,0.087,1
"Zfp932",0.0387338014158791,-0.10061305910952,0.197,0.238,1
"Gm56923",0.0388584212358262,-0.481463956889423,0.02,0.031,1
"Golph3l",0.0389046646501229,0.173663574583223,0.328,0.326,1
"Ttc19",0.0389943794949786,0.146892683488421,0.326,0.342,1
"Cdk5rap3",0.0390281075357192,-0.144969615631226,0.344,0.408,1
"Hsd17b10",0.0390832355534115,-0.111575927071736,0.507,0.585,1
"Impg1",0.0390875416484275,-1.00508485514235,0.006,0.012,1
"Rragc",0.0392491468965204,-0.119722638395043,0.485,0.554,1
"Ncald",0.0392517119648802,-0.383232881887997,0.069,0.096,1
"Traip",0.0392777958470799,0.127434013752947,0.128,0.13,1
"Gm49312",0.0392813452324091,0.644714081981321,0.021,0.015,1
"Gm38537",0.0393236282769971,0.838906128710883,0.016,0.011,1
"Ypel2",0.0393412445932995,-0.219668262432096,0.046,0.056,1
"C920021L13Rik",0.0393952092913404,0.259887687814897,0.078,0.076,1
"Sec61a2",0.0393982916305469,0.213793911926262,0.168,0.166,1
"Gm15956",0.0394034518481286,0.499297260894365,0.023,0.02,1
"Tom1",0.0394532010712992,-0.32456088007249,0.068,0.092,1
"Gm6710",0.0395210269693329,-0.448882908041924,0.024,0.038,1
"Cep162",0.0396651011290766,0.13112148144615,0.313,0.33,1
"Rps6ka2",0.0397087578519161,-0.406864705933163,0.022,0.03,1
"Gm49595",0.0397765297249904,0.143766253485475,0.016,0.016,1
"Fancb",0.0399617039750806,0.127584630010887,0.062,0.061,1
"Zfp455",0.0399643296308808,-0.156409075312573,0.03,0.039,1
"Prpsap2",0.0399704437157583,0.148904887242661,0.399,0.412,1
"Sgsh",0.0399962549500803,0.358365095611907,0.061,0.053,1
"Gm28375",0.0400193739152167,-0.464772577539456,0.016,0.026,1
"Zfp553",0.0400700991482371,0.164885689136166,0.214,0.221,1
"Tbc1d22a",0.0401276900195789,0.144893668416037,0.374,0.38,1
"Dennd11",0.0401522589391806,-0.137005532340083,0.219,0.264,1
"Scai",0.0402119328117347,0.17348398184022,0.303,0.303,1
"Zfp647",0.0402527045186837,0.774283700474783,0.01,0.007,1
"Slc36a1",0.0402870390167104,0.302708550376885,0.109,0.099,1
"Tmem178b",0.0404097412109606,-0.496849379850802,0.011,0.018,1
"Gm49801",0.0404869997934253,-0.882139464389156,0.006,0.011,1
"Eif2ak3",0.0407501812391576,-0.167946240275467,0.284,0.338,1
"Clcn7",0.0407612099923243,0.167370694713796,0.127,0.133,1
"Alg2",0.0408017015630154,-0.132417034689754,0.241,0.29,1
"Kif18b",0.0409409518284636,0.27470686290076,0.102,0.096,1
"Trpm3",0.0410518218714444,0.115847110522374,0.12,0.121,1
"Bcl9",0.0410594172820298,0.108390771940657,0.29,0.297,1
"Crybg1",0.0414337051493554,0.148968245811378,0.658,0.684,1
"Polr2l",0.0414343819021524,-0.171103468085684,0.434,0.507,1
"Rnf103",0.041464897688082,0.10235597318066,0.158,0.172,1
"2410022M11Rik",0.0414888170591848,-0.179320127451543,0.084,0.11,1
"Pard6g",0.0414936864566313,0.133563762701681,0.252,0.258,1
"Mitf",0.0417032786081105,-0.139374407557927,0.048,0.065,1
"Mzf1",0.041774314756035,0.381975090842996,0.013,0.014,1
"Bbof1",0.041861936695151,0.436615566272857,0.078,0.069,1
"Pierce2",0.0419090590384651,-0.438141446725787,0.023,0.036,1
"Clec11a",0.0419393913471729,-0.251376013918913,0.058,0.08,1
"Apobr",0.0420011773786633,-0.354989475610882,0.132,0.186,1
"Dyrk1b",0.0420099873850373,-0.273362069552198,0.019,0.028,1
"Mrpl45",0.0420245895636113,-0.116347819126324,0.62,0.7,1
"Cnnm4",0.0420394667635105,0.242597596242506,0.13,0.125,1
"Ankrd52",0.0420880327103287,-0.168461334038398,0.406,0.484,1
"Armc6",0.042126284937778,-0.189144205292618,0.129,0.171,1
"Rasip1",0.0421880664989747,0.505472483637125,0.022,0.018,1
"Gm42997",0.0423157279280982,0.690289762971337,0.018,0.014,1
"Masp2",0.0423255647329549,0.712020255183761,0.034,0.028,1
"Ptpn14",0.0423733052429143,-0.586687434852032,0.013,0.023,1
"Gm41331",0.0424203617484785,0.222841564183169,0.215,0.197,1
"Gm49747",0.0424548395810574,0.540703933906979,0.029,0.022,1
"4930481B07Rik",0.0425256755012557,0.653335150680703,0.013,0.01,1
"Prmt2",0.0426032019901533,-0.253497543362652,0.06,0.083,1
"Rnf169",0.0427897552388656,0.150242288719964,0.837,0.834,1
"AB124611",0.042893802257672,0.162265415440441,0.365,0.366,1
"Gm15545",0.0429799543269348,0.305976166732352,0.09,0.082,1
"Lncpint",0.043191074634764,0.208423526506698,0.641,0.633,1
"Gfpt1",0.0431911952238396,-0.156122794513881,0.446,0.514,1
"2900005J15Rik",0.0434395312387529,0.324368679537487,0.057,0.05,1
"Plekha5",0.0434985708580249,0.1135651538039,0.464,0.481,1
"Gm4673",0.0437135134872308,0.235261187122891,0.039,0.035,1
"Cdc25c",0.0438418642855186,0.319088689136684,0.09,0.082,1
"Creb3l1",0.0438624107854127,0.732074359360838,0.012,0.008,1
"Llgl1",0.0439253079972378,0.214829873110366,0.148,0.144,1
"Gtpbp8",0.0439292878106458,0.16307454138596,0.26,0.259,1
"Tmem248",0.0439397991187096,-0.132468089896324,0.553,0.633,1
"Rprd1a",0.0440086962129742,0.119859602764058,0.354,0.37,1
"Slc66a2",0.0440243070695271,0.177221516564821,0.08,0.079,1
"Akr1e1",0.0441062176407715,-0.113719347917448,0.202,0.237,1
"Ifitm3",0.044146619276316,-0.102680418255358,0.303,0.332,1
"Fsd1l",0.044167950477248,0.158028256191371,0.436,0.428,1
"BC065397",0.0441768669146339,0.147963464349006,0.091,0.087,1
"Apol10b",0.0443233865713108,-0.236253981693888,0.06,0.078,1
"Snn",0.0443486646893142,0.548588337947502,0.05,0.039,1
"Slc25a44",0.0443514895165547,-0.174532852390409,0.161,0.206,1
"Dgcr2",0.0443681464828876,0.117691762774048,0.412,0.438,1
"Erf",0.044368221966005,0.274359684883652,0.053,0.053,1
"Zdhhc4",0.0445107601799791,-0.101617789604096,0.292,0.339,1
"2810002D19Rik",0.0445274905793012,-0.246001481324321,0.055,0.074,1
"H2bc13",0.0445662634830761,0.219813974921201,0.026,0.024,1
"Zfp94",0.0445680140768815,0.444379072181822,0.045,0.037,1
"Zfp948",0.0446716299133755,0.792638460756751,0.02,0.013,1
"Gm56593",0.0446913864120471,0.733639442642846,0.017,0.013,1
"Gm27008",0.0447005514665336,0.406987990332821,0.079,0.07,1
"Vps45",0.0449236335612149,-0.136988323207808,0.199,0.236,1
"Phf14",0.0449623389254966,0.111421992219139,0.776,0.806,1
"H2bc18",0.04498008957345,0.281777744694038,0.083,0.078,1
"Ltb4r1",0.0449984627323027,-0.859076096944359,0.011,0.019,1
"Ankrd61",0.0450728724964793,0.538873105999416,0.023,0.018,1
"Sla2",0.0450819007329913,0.136944921452814,0.309,0.317,1
"Cpeb3",0.0451130441689754,-0.262060892677341,0.013,0.022,1
"Nfix",0.0452862996850283,0.159057336130002,0.298,0.299,1
"H4c9",0.0453240240622353,-0.150053707734887,0.113,0.145,1
"Baz2b",0.0453547938025721,0.143503622484951,0.403,0.402,1
"Grm8",0.0454694431101822,0.586062522842929,0.041,0.035,1
"Plekha3",0.0454793407079065,0.125856938185714,0.478,0.492,1
"Omg",0.0456181925846801,1.02332437654007,0.01,0.006,1
"Sec14l1",0.045621970907573,0.210646746449051,0.138,0.143,1
"Ckap4",0.0456495408239603,0.315851392551012,0.035,0.031,1
"Acap3",0.0457260041942364,0.247429097100219,0.105,0.105,1
"Traf3ip1",0.0458287746282049,-0.293296565903286,0.128,0.17,1
"Fam120aos",0.0458288717466133,-0.130326100548225,0.107,0.134,1
"Gcc1",0.0459345968020039,0.235864133983382,0.123,0.119,1
"Gm37933",0.0459366901209093,0.722341050814505,0.013,0.009,1
"Rpusd3",0.0459814477678948,-0.41179437965677,0.046,0.064,1
"Tyw5",0.0460666202573412,-0.170065525692824,0.287,0.351,1
"Mtmr12",0.0461165826285503,0.169964710649358,0.43,0.43,1
"Fam120b",0.0462088528384461,0.167865320685009,0.48,0.488,1
"Egln2",0.046249540833128,-0.142521455300041,0.223,0.273,1
"Alg13",0.0462586077021906,-0.181599654751756,0.207,0.265,1
"2610507I01Rik",0.0463970160423375,0.6433023651636,0.015,0.01,1
"Gigyf1",0.0464014756089065,0.183008319572276,0.257,0.255,1
"Jak3",0.046435391005384,0.140711708756562,0.204,0.21,1
"Gm15638",0.046476742002508,-0.80380039839834,0.006,0.011,1
"Ift46",0.0465372906129023,-0.111472230972328,0.271,0.319,1
"Gm34868",0.0465632861400272,0.615352667276142,0.021,0.015,1
"Nr4a2",0.0465938991078014,0.241337618660114,0.062,0.06,1
"Sv2a",0.0466805123532786,0.466472577316637,0.068,0.058,1
"Snx11",0.0467113710199207,-0.19908722478093,0.092,0.12,1
"Npas2",0.0467524741707544,-0.161389522094436,0.211,0.253,1
"Dnaja3",0.0467620869651939,0.121006863585538,0.408,0.427,1
"Pkd2l2",0.046803110725805,0.395852996970647,0.057,0.052,1
"Zfp142",0.0468115336460913,0.126724671381872,0.187,0.195,1
"Recql5",0.0468567219944947,0.191314062617723,0.228,0.23,1
"Msrb2",0.0470038191656817,0.243012847821075,0.132,0.13,1
"Smim36",0.0470990889225856,-0.255572183450298,0.107,0.141,1
"Gm47200",0.0474937488290165,0.873454505153613,0.022,0.015,1
"Aftph",0.0475822274306205,0.105871378008426,0.637,0.67,1
"Dcun1d4",0.0477551299521495,-0.480604512158584,0.044,0.065,1
"Edrf1",0.0477882119426085,0.127333589925092,0.452,0.473,1
"St3gal3",0.0478086064156693,-0.211467320718196,0.159,0.202,1
"Ppp1r16a",0.0478150027039752,-0.295912675936423,0.045,0.059,1
"Vdr",0.0478217440730797,0.640474403677502,0.016,0.011,1
"Hc",0.0478740653721825,0.653444065362868,0.01,0.006,1
"Snip1",0.0478761683017392,0.103400276169478,0.407,0.422,1
"Flad1",0.047947112393635,-0.141937657813819,0.154,0.19,1
"Tm9sf1",0.0479811430967775,-0.113173309992872,0.371,0.43,1
"Gm56964",0.0482590733970345,-0.446394667939031,0.02,0.028,1
"Plxna1",0.0483153403962042,-0.277290450737463,0.067,0.09,1
"Cystm1",0.0483572275706904,-0.736950932045786,0.012,0.022,1
"Mbd5",0.0483623835862101,0.136969752572571,0.885,0.89,1
"Arhgap12",0.0483832774266937,0.125108633462059,0.455,0.465,1
"Il15",0.0485779920485119,-0.63903652904407,0.007,0.012,1
"Cnpy4",0.0486058099570147,-0.277773731060739,0.076,0.106,1
"Ipcef1",0.0486092069415701,0.221819970913731,0.668,0.659,1
"3300005D01Rik",0.0486222407840595,0.665164571957924,0.013,0.009,1
"Acrbp",0.0486276410924242,0.114280776695328,0.064,0.071,1
"Agk",0.048684622595541,0.112579256630498,0.459,0.488,1
"Hsdl1",0.0487646912313416,0.242447312484304,0.187,0.175,1
"Gramd1a",0.0489690501464274,0.158262687340392,0.358,0.359,1
"Trdmt1",0.049003644155492,-0.189819466382302,0.124,0.158,1
"Gm29666",0.0490876110762361,0.515832081972164,0.027,0.023,1
"Sp1",0.0492217958023641,0.121829292958329,0.506,0.518,1
"Larp1b",0.0492781845701791,-0.127153871046042,0.653,0.723,1
"Mitd1",0.0494204199267505,0.142180318119136,0.838,0.848,1
"Nudt13",0.0494531960143702,-0.255421409958031,0.115,0.145,1
"Gm49164",0.0497888478856759,-0.607849820643936,0.016,0.023,1
"Rad23a",0.0499043363054743,-0.106964119945711,0.767,0.833,1
"Fam135b",0.0500003078853092,-0.910102570386634,0.012,0.02,1
"Mbtps2",0.0500048094089403,0.112743927869493,0.338,0.348,1
"Rnf24",0.0502094872881593,-0.198971408656083,0.167,0.215,1
"St6galnac2",0.0502872261820486,0.355595503827912,0.016,0.013,1
"Prrc1",0.0504099024597719,-0.139566424548931,0.349,0.412,1
"Olfm1",0.0504485334811114,0.323852592643003,0.027,0.023,1
"Mid1",0.0505348403927704,0.384505124631288,0.042,0.035,1
"Tmem79",0.0505697085835175,0.254616924243419,0.09,0.086,1
"Gm56512",0.0506404405486183,0.810649507817815,0.01,0.007,1
"Zfp619",0.0507391042126773,0.368957856085982,0.022,0.021,1
"Wdr4",0.0507626018591733,-0.181244081918052,0.286,0.357,1
"Ciao3",0.0507626093354634,-0.175337955310623,0.165,0.206,1
"Otud3",0.0508192869599926,-0.281459660949992,0.064,0.084,1
"Skil",0.0510095753979071,0.109456820511276,0.443,0.458,1
"Aldh5a1",0.0511800432932903,-0.635841756413783,0.014,0.025,1
"Tango6",0.0511801267181882,0.169113928262684,0.28,0.286,1
"Gpr137",0.0511908670570089,-0.363673826085366,0.053,0.077,1
"Tkfc",0.0512347687841907,0.222135252315846,0.114,0.109,1
"Rimkla",0.0512383441218928,-0.253989154046801,0.014,0.017,1
"Zfp7",0.0513744158128097,0.223047955378576,0.12,0.119,1
"Kif1c",0.0514420660064725,0.124748579772884,0.144,0.15,1
"Gpt2",0.0514520913407532,-0.602111893154428,0.015,0.025,1
"Thap2",0.0517207446118945,0.167688968043648,0.366,0.376,1
"Zpr1",0.0517352134897483,0.102204179059937,0.518,0.538,1
"Lig4",0.0519098472375037,-0.312123441806324,0.04,0.054,1
"Cep19",0.0519972416628485,-0.114408261415049,0.339,0.394,1
"A430093F15Rik",0.0522737133538795,0.146615598426005,0.527,0.526,1
"Stard4",0.0523516138379915,-0.129877529531684,0.491,0.563,1
"Ctns",0.0527414085781606,-0.299675633992033,0.048,0.067,1
"Hdhd3",0.052757756080638,-0.316401673823236,0.038,0.055,1
"Slc16a3",0.0530870121549442,-0.31568933698517,0.172,0.228,1
"Shkbp1",0.0532095364647901,0.173207717898514,0.151,0.148,1
"Myef2l",0.0533289968841462,0.458574188255658,0.016,0.014,1
"Gm19557",0.0534502033506158,-0.663829130763324,0.008,0.014,1
"Gm57198",0.0535000959676888,0.311555240922342,0.079,0.075,1
"Lonp2",0.0535533647486751,0.108592852772632,0.663,0.695,1
"Ubap1",0.0535660465016096,0.116980646344881,0.311,0.319,1
"Gadd45b",0.0536207097080783,-0.184171170026099,0.194,0.231,1
"Kif19b",0.0536570654819345,0.888508380961255,0.013,0.009,1
"Gm17300",0.0537254229661234,0.767129682399735,0.015,0.011,1
"D830050J10Rik",0.0537955772260113,-0.351488420112894,0.032,0.045,1
"Gm28370",0.0538093089582651,-0.664706133536523,0.008,0.014,1
"A630035G10Rik",0.0539051152269693,0.252457145179922,0.057,0.051,1
"Gm11973",0.053944254405527,0.155866853058637,0.107,0.112,1
"Sirt2",0.0539793185510271,-0.115596343192074,0.334,0.39,1
"Ciao1",0.0540242073001858,-0.114423723249376,0.362,0.421,1
"Evl",0.0540836159158327,0.155483097063315,0.913,0.927,1
"Aars",0.054294055822882,-0.153459800188507,0.437,0.51,1
"Ankrd46",0.0545752757773828,-0.106139761923548,0.177,0.207,1
"Dnal1",0.0546285047487109,-0.32268830753186,0.03,0.044,1
"Card11",0.0548058899627524,0.113620081353201,0.655,0.666,1
"Saxo2",0.0549904505406123,-0.965234993913401,0.005,0.01,1
"Lrguk",0.0550299400649039,-0.498537614046144,0.008,0.013,1
"Gm56771",0.0551561409541158,0.69186876887464,0.018,0.013,1
"Abhd11",0.0551714944723487,0.123949594356143,0.207,0.217,1
"Sh3bgrl",0.0551763529103518,0.201079177266947,0.598,0.605,1
"1700084C06Rik",0.0552000183154933,0.23983326560142,0.185,0.176,1
"Zfp850",0.0552048688736097,0.170436517716702,0.118,0.119,1
"Col11a2",0.0553855587682014,0.277585912096877,0.078,0.072,1
"Alkbh4",0.0554182868593456,0.274122756437929,0.153,0.143,1
"Dnaaf9",0.0554286910354651,-0.118765191357153,0.152,0.183,1
"Stoml1",0.0554337348074246,-0.183066117291651,0.105,0.134,1
"A130014A01Rik",0.0556777150880292,0.413907854923314,0.054,0.045,1
"Kyat3",0.0557299819977638,-0.158191221638091,0.097,0.128,1
"Hacd2",0.0559422269377778,-0.209575510957132,0.373,0.455,1
"Cops7b",0.0559861627515099,-0.123936751195007,0.28,0.335,1
"B230217C12Rik",0.0560401016122457,-0.516898545220264,0.031,0.049,1
"A330069E16Rik",0.0560459124287729,0.380557256551579,0.089,0.08,1
"Repin1",0.0560785867723794,0.34751446609144,0.07,0.065,1
"Gm57078",0.0562058012866581,-0.636559756890454,0.009,0.015,1
"Cyp4f17",0.0564344798795167,-0.306770325266018,0.05,0.067,1
"Dcaf6",0.0565575824841584,0.15774433925725,0.32,0.315,1
"Ddx28",0.0565580745398173,-0.207380348049022,0.157,0.201,1
"Rogdi",0.0567455916891263,-0.151011913530537,0.061,0.079,1
"Gm47113",0.0567483191009311,0.72018394900737,0.012,0.008,1
"Cacfd1",0.0567567217796061,-0.145886305785206,0.128,0.151,1
"Ndufaf5",0.057001825609237,0.134557609785369,0.219,0.234,1
"Gm42567",0.0571501779687424,-0.309116778903703,0.028,0.043,1
"Ppp2r1b",0.0573341890563102,0.110354137158823,0.339,0.357,1
"1110006O24Rik",0.0574029993620906,-0.13835733682711,0.037,0.05,1
"Gm15246",0.057428902244159,0.674902722572465,0.015,0.01,1
"Btbd16",0.0577037593026699,0.605093672117626,0.013,0.01,1
"Caprin2",0.0578205943583969,0.352060061670152,0.052,0.047,1
"Tk2",0.0578213442584169,0.216539530925356,0.165,0.166,1
"C730034F03Rik",0.0578353870718616,0.184215552266218,0.039,0.039,1
"0610009L18Rik",0.0581106933404622,0.367419867975968,0.035,0.031,1
"Gmeb2",0.0582288223931232,0.131860675509825,0.406,0.411,1
"Slc35a5",0.0585711326134118,0.287965137402274,0.16,0.153,1
"Gm16754",0.0585757951377155,0.101123238731604,0.087,0.089,1
"Vamp5",0.0586149193175427,0.242895625326942,0.105,0.1,1
"Fam3a",0.0587066488204825,-0.257029073489124,0.112,0.148,1
"Prkab2",0.0587347225214333,0.219100655643124,0.045,0.044,1
"Afap1",0.0587718882070092,-0.313178544447461,0.037,0.05,1
"Wtip",0.0589052070649459,-0.785482040549544,0.005,0.01,1
"Slc9a1",0.0589717953942098,0.18088188408559,0.292,0.296,1
"Rhbdd1",0.0589742359282893,0.114293387926933,0.365,0.371,1
"Sulf2",0.0589927799271041,-0.44801685180073,0.013,0.02,1
"Sirt5",0.0590784962764163,0.187142249293674,0.154,0.154,1
"Il2",0.0591020344080173,0.624702505536069,0.01,0.006,1
"Gm39302",0.0592882649148746,0.514203517669402,0.024,0.019,1
"Zfp33b",0.0592978956395374,0.251921700645195,0.052,0.05,1
"Map2",0.0593030712731879,-0.247717888683905,0.066,0.084,1
"Gm12631",0.0594372073364118,-0.556909547582664,0.01,0.015,1
"Ocrl",0.0597674833261574,0.112188168786516,0.16,0.174,1
"Blm",0.0598572031561398,-0.112110677670561,0.427,0.475,1
"A430033K04Rik",0.059891830837956,-0.171665892405279,0.084,0.102,1
"Lrsam1",0.0599564304528404,0.319970120732208,0.066,0.062,1
"Gm50196",0.0599992141213495,0.456301790340351,0.04,0.033,1
"Gm17638",0.0600785263092353,0.685231048740402,0.015,0.01,1
"Megf9",0.0601038215126735,0.200969377731165,0.052,0.057,1
"Map2k3os",0.0602772713149132,0.313862240145467,0.02,0.018,1
"Mtfmt",0.0603289359913154,-0.108930997971426,0.274,0.319,1
"Sap25",0.0603763262740292,0.290380580796734,0.092,0.085,1
"Acox1",0.0604322966324908,-0.128002101992004,0.13,0.153,1
"Dhrs7",0.0605379127496382,0.279531735492944,0.281,0.266,1
"Arhgap27os2",0.0605964827061107,0.579895150182688,0.012,0.008,1
"Ccnj",0.0607498926455072,-0.202055743088505,0.075,0.089,1
"Basp1",0.0607651333804669,-0.422748928222057,0.009,0.015,1
"Marchf9",0.0607998778749595,0.311344696807444,0.046,0.04,1
"Pi4k2a",0.0608274908475094,0.112463005507525,0.321,0.337,1
"Maip1",0.0611303737759568,-0.111833364728832,0.495,0.564,1
"Gm36287",0.0612830182904096,-0.645204111505824,0.009,0.017,1
"Gm46280",0.0613818979643247,0.43886790326177,0.043,0.037,1
"Styxl1",0.0614186796224432,0.364146858707842,0.032,0.028,1
"Pmpcb",0.0615242356812482,-0.118969767423534,0.579,0.659,1
"Gm42869",0.0616315013479522,0.253424827350274,0.055,0.05,1
"Dhrs11",0.0616562287575872,0.173641120297936,0.119,0.121,1
"Prkab1",0.06187691248737,0.106081592073716,0.269,0.276,1
"Cdr2",0.0620103350851075,0.129000351300396,0.152,0.159,1
"Mfsd5",0.0620878571967063,-0.113703239454154,0.178,0.221,1
"2900052L18Rik",0.0620953204925523,0.437185089663515,0.045,0.034,1
"Brf1",0.0621214236483063,0.13724920916266,0.332,0.339,1
"Slc25a14",0.0622092185088703,-0.16568996484449,0.086,0.109,1
"Spindoc",0.0626457490075021,-0.106755731818259,0.19,0.233,1
"Gm56517",0.0628728234661128,-0.123813896651685,0.284,0.343,1
"Gm57323",0.0631425400245995,0.45140780093559,0.086,0.074,1
"Tdrp",0.0632475388049456,0.599874702111578,0.046,0.036,1
"Trim36",0.0635141998374533,0.387394540383265,0.043,0.038,1
"Zfp931",0.0635534764113633,-0.265994624444231,0.059,0.078,1
"Tor1b",0.0636577904853283,0.134969368666991,0.4,0.412,1
"Mgarp",0.063765269823871,-0.245008157675048,0.04,0.055,1
"Ap5z1",0.0638576037485344,0.312565654729407,0.086,0.08,1
"Cacna2d2",0.063870094612901,0.426951071406581,0.038,0.031,1
"Gpr137c",0.0638872806626813,0.531475741435827,0.038,0.03,1
"Gm9856",0.0639480589327816,0.118751527165891,0.192,0.19,1
"Ctdsp2",0.0639775373100251,0.132987805311819,0.362,0.363,1
"Antkmt",0.0641359699579556,0.118217862343853,0.732,0.759,1
"Atp6v0a1",0.0641434028995944,0.152334177000784,0.09,0.091,1
"Gdi1",0.0645227297555592,-0.112520596682157,0.253,0.298,1
"Mpnd",0.0645745238240079,-0.103714868504524,0.371,0.43,1
"Nfia",0.0646878532686894,0.323473298195487,0.188,0.182,1
"ENSMUSG00000121374",0.064746276931271,0.276107034547436,0.086,0.082,1
"M1ap",0.0647531433496485,-0.818505030127269,0.008,0.013,1
"Cplane2",0.0649283582021678,0.383974914658405,0.031,0.029,1
"Cep72",0.065091970536981,0.119989330667397,0.068,0.074,1
"Gm56606",0.0654251842339213,0.45120236549321,0.036,0.029,1
"Pard3b",0.0659144797471411,-0.308695425821995,0.038,0.055,1
"Gm32401",0.0659253799351863,0.224712775324289,0.058,0.058,1
"Acvr2a",0.0662068414600315,-0.250779793848202,0.139,0.174,1
"C030013E06Rik",0.0663260425813013,-0.203781006743106,0.046,0.059,1
"Dhx34",0.0663757775753114,0.128707412099774,0.083,0.087,1
"Snx30",0.0664059742794113,0.232670633003206,0.104,0.105,1
"Cdc42bpg",0.0665301494743112,-0.471270967672704,0.023,0.034,1
"Cers6",0.066605709142502,0.426162839103209,0.058,0.052,1
"Ppp1r37",0.0667159210446535,0.177701380291098,0.157,0.159,1
"Tmprss5",0.0667565233211987,0.264454438304329,0.018,0.016,1
"Coq6",0.0668099822084327,-0.124653386301282,0.171,0.201,1
"Marchf3",0.0669278220111678,0.298742934080924,0.104,0.108,1
"AU040320",0.06701726993467,0.157463905959317,0.351,0.355,1
"Adat1",0.067042021721745,0.122488706119882,0.212,0.215,1
"Plekho1",0.0671530201770336,0.696503582896493,0.016,0.011,1
"Fgf2",0.0672500458732389,-0.700984552613895,0.012,0.02,1
"Padi2",0.0672509970590269,0.161850016397492,0.059,0.058,1
"Ralgapa2",0.0672959235738817,-0.137233918402891,0.434,0.496,1
"Pde4a",0.0675987839187069,0.784543724118564,0.012,0.009,1
"Mpst",0.0676299186506938,-0.123985788254168,0.164,0.194,1
"Socs6",0.0676401367282718,0.107810578209278,0.279,0.291,1
"Irs2",0.0676943280591646,0.425504409246225,0.068,0.057,1
"Neurl1b",0.0678796374191324,0.750212373780528,0.018,0.014,1
"4930505N22Rik",0.0679881874756833,-0.330811196248169,0.008,0.012,1
"Galnt3",0.0681347801220774,-0.617550062000255,0.056,0.09,1
"Smad5",0.0683077802030925,0.215507497851588,0.185,0.186,1
"Abcd4",0.0684069547646124,-0.228464066156742,0.106,0.131,1
"Gm36445",0.0687775686078455,0.305033403376426,0.046,0.042,1
"Rabl2",0.0688165450505248,-0.257281020109701,0.058,0.08,1
"Chst10",0.0688175566265337,0.345150488875334,0.044,0.038,1
"Zc3h12b",0.0688216565601362,0.30357643925262,0.049,0.043,1
"Gm57404",0.0688259880607347,0.494198853822406,0.034,0.028,1
"Zfp653",0.0688770613247697,0.125509895764605,0.102,0.109,1
"Gpr34",0.0689035140685431,0.303617214347061,0.058,0.05,1
"Gm43566",0.0690363802239525,-0.435785807449125,0.009,0.016,1
"Mvb12b",0.0690707231078826,-0.147711257403259,0.221,0.256,1
"Slamf6",0.0692297827014878,0.356532291761494,0.251,0.227,1
"Eid2b",0.069500435714489,-0.292876624507406,0.066,0.089,1
"Gm14410",0.0695319199452499,0.300185468070004,0.038,0.034,1
"Als2",0.0697351368736536,0.142827089880493,0.115,0.118,1
"Gm14636",0.0697466113874534,-0.931345071460292,0.014,0.024,1
"Chst11",0.0698330974738512,-0.651527248605095,0.017,0.027,1
"Rcn3",0.0702203393345095,0.466502838235699,0.013,0.01,1
"Gm45871",0.070249225170691,-0.101450242244079,0.128,0.153,1
"Cemip2",0.070311919711534,0.114743729614165,0.111,0.109,1
"Kdm1b",0.0703943455878688,0.333722170072698,0.119,0.113,1
"Bcat2",0.0705648255790413,-0.130901077224632,0.516,0.587,1
"Gm16973",0.0705850809277885,0.462453856640445,0.039,0.033,1
"Mtx2",0.0706252386579837,-0.129784015053398,0.541,0.617,1
"Hpgds",0.0706402869816072,0.364739287446257,0.032,0.026,1
"Frat2",0.070647379562535,-0.243772810880542,0.022,0.029,1
"Gpsm2",0.0707109291500875,0.184449231745485,0.231,0.232,1
"Serpini1",0.0707441144022916,0.52736134705505,0.051,0.04,1
"Dmac2l",0.0708906842833036,0.19894527476566,0.123,0.123,1
"Gm35082",0.0709376429789296,-0.479824586005797,0.008,0.011,1
"Gm15326",0.0710008265600228,-0.513891902339264,0.018,0.028,1
"Rph3al",0.0712399892883095,0.273954096477528,0.07,0.072,1
"Rnf215",0.0712444910986104,-0.179601203915189,0.106,0.134,1
"Dync2li1",0.0712788699547727,-0.606272565640663,0.008,0.014,1
"Mogs",0.0713667101892689,-0.180930055808931,0.464,0.536,1
"Map2k3",0.0715745999326515,-0.20308777708975,0.375,0.461,1
"Tlcd2",0.0716851156405289,0.180352452327282,0.042,0.037,1
"Gsdmd",0.0718268366450468,-0.108243400727738,0.214,0.258,1
"4930432B10Rik",0.0718503143665147,0.751300159181835,0.012,0.008,1
"Trav5-4",0.0719583463933145,0.488559843307826,0.029,0.023,1
"4930414N06Rik",0.0719619568933225,0.681050790860432,0.012,0.008,1
"ENSMUSG00000121479",0.072037285350066,0.397391368916782,0.048,0.042,1
"Gria3",0.0721878574659791,-0.213232454841012,0.047,0.061,1
"Bap1",0.0722313064951696,0.125380311879775,0.225,0.241,1
"Rassf7",0.0725093266011368,0.245596986177928,0.045,0.043,1
"Tasp1",0.0725133255415659,0.10059603692937,0.824,0.829,1
"Col15a1",0.0725219955077223,-0.755056359188762,0.012,0.02,1
"Pgap3",0.0725487953101109,0.317459183532324,0.061,0.059,1
"Gm20033",0.0727054868380005,-0.353256780992102,0.029,0.041,1
"1700064N11Rik",0.072986721965571,0.30650435687537,0.038,0.034,1
"Lad1",0.0731211770878597,-0.969567522108369,0.011,0.021,1
"Zfp119b",0.0733456877299939,-0.228046472521618,0.055,0.073,1
"F8a",0.0734644239628951,-0.184338744633213,0.139,0.175,1
"Rasgrf2",0.0734814556420503,0.188780873594042,0.146,0.143,1
"Nhlrc2",0.0734900593091809,0.127191288573274,0.63,0.65,1
"Mdm1",0.0735806012427891,0.157455139851876,0.116,0.121,1
"Abhd15",0.0736175557310382,0.44369744898498,0.034,0.028,1
"Dpy19l3",0.0737192346473002,-0.133654224306182,0.145,0.178,1
"Mgrn1",0.0737262187993095,-0.223500935564023,0.109,0.14,1
"Gm49785",0.0738034602897133,0.599654945275854,0.016,0.013,1
"Capn5",0.0738196449478704,0.569953031988261,0.017,0.013,1
"Cd86",0.07388481591856,0.281551593243305,0.077,0.072,1
"Atmin",0.0739002774952189,0.106410204744654,0.261,0.266,1
"Jmjd6",0.0739382657309677,-0.15911803901388,0.446,0.532,1
"Rnpc3",0.0740147542605316,0.105633544699412,0.648,0.671,1
"Ankrd13d",0.0740182228406852,0.358172134374702,0.041,0.036,1
"Cd300lf",0.0742093858769096,-0.80829265757996,0.007,0.016,1
"Etv3",0.0742486753814742,0.164581425880897,0.496,0.497,1
"Gm13684",0.074259531267298,-0.471865747868239,0.023,0.037,1
"Depdc1b",0.074353384583765,0.554337596893276,0.038,0.031,1
"Macir",0.0743759084087532,-0.313673777333814,0.145,0.191,1
"Piwil4",0.074402739367936,-0.605671993172256,0.018,0.03,1
"H2-Bl",0.074605189574324,-0.253304835221224,0.051,0.069,1
"Nxpe4",0.0746591067131293,0.416726368682064,0.023,0.022,1
"Nbeal1",0.0748221916404629,-0.132643476661109,0.308,0.369,1
"Mycbp",0.0748259267520788,-0.153079116969867,0.505,0.575,1
"Zbtb22",0.074895116511882,0.209445122208012,0.072,0.069,1
"Zfp382",0.0749760139227779,0.196253723749754,0.065,0.063,1
"Arpp21",0.0752793990648348,0.801172076571521,0.011,0.007,1
"Rps6ka4",0.075295229277398,0.359243669240676,0.025,0.023,1
"Trappc2",0.0753106336412933,-0.176697045575257,0.121,0.153,1
"Enthd1",0.075365166703792,-0.193390645355064,0.092,0.12,1
"Gm56848",0.0753954339778957,-0.184565979037151,0.05,0.065,1
"Gpc1",0.0757144383038875,0.347674814291667,0.039,0.035,1
"Ulbp1",0.0757285986650724,-0.113609053812557,0.587,0.634,1
"Mars2",0.0758036438593614,0.146756677055493,0.107,0.117,1
"H2bc22",0.075951952332861,-0.563298552854306,0.009,0.015,1
"Gm26520",0.0760646152592313,-0.103287780112605,0.057,0.072,1
"Tspan6",0.0761083042234965,-0.521579847432478,0.021,0.032,1
"Ampd1",0.0761249916292933,0.249914109184516,0.017,0.012,1
"BC029722",0.0761594581323742,-0.11950076763687,0.415,0.49,1
"Hfe",0.0761629641728561,-0.62951052239481,0.007,0.013,1
"Zfp628",0.0762158376413823,0.467389710476482,0.041,0.038,1
"Sgcb",0.0762598645502484,0.185293565414248,0.211,0.21,1
"Axin1",0.0762707137532934,0.105678721678076,0.498,0.521,1
"Wdr37",0.0767491458257992,0.167556744295674,0.581,0.59,1
"Rbak",0.0767510500192578,0.332333635344026,0.085,0.08,1
"Pou6f1",0.0769655928611036,0.70472688532411,0.023,0.016,1
"Rwdd2a",0.0769725919589324,0.224218109941219,0.016,0.014,1
"Csnk1g1",0.0770088822178554,0.130198152866093,0.853,0.861,1
"Gorasp1",0.0771409383440596,0.382948276041539,0.031,0.028,1
"1700026N04Rik",0.0772800694372338,0.518372759782019,0.023,0.018,1
"H2-Q1",0.077291507158362,-0.200808713757616,0.043,0.055,1
"2810429I04Rik",0.0772986546954529,0.236097046841244,0.028,0.027,1
"Hesx1",0.0773789324061615,0.262774392096498,0.013,0.012,1
"Gm16759",0.0777071238816824,0.580050010831154,0.034,0.031,1
"Klhl8",0.0777830904933838,-0.562009840124153,0.017,0.027,1
"Hes6",0.0777867676312587,-0.127915310781575,0.213,0.253,1
"Lrrc1",0.0780548427537128,0.144524229550432,0.126,0.124,1
"Tjp3",0.0781073180650568,0.74998068005898,0.02,0.013,1
"Gm31763",0.0782852905179439,-0.334129828683849,0.03,0.042,1
"Letmd1",0.0784382073631578,0.181366130947115,0.166,0.164,1
"Akr1c18",0.078480642275084,-0.458697979398988,0.05,0.061,1
"Ctu1",0.0785356718875419,0.198514813752457,0.052,0.055,1
"Gm47664",0.0786324170548722,-0.143838783218494,0.088,0.113,1
"Trim39",0.0786603034549824,0.172728924755352,0.136,0.136,1
"Vars2",0.0787003294337749,0.184904296673521,0.102,0.1,1
"Zfp90",0.0789913532287171,-0.197891697376686,0.053,0.073,1
"Cnnm2",0.0790080797785087,-0.279664787247048,0.071,0.095,1
"Gm15417",0.0790439514148792,0.151078767443585,0.092,0.098,1
"Gm11707",0.0790463007897604,-0.468560676107638,0.052,0.077,1
"Tbkbp1",0.0796583896474803,-0.442626752009174,0.045,0.069,1
"9130204K15Rik",0.0798319288480396,-0.694388894767521,0.02,0.035,1
"Myo1h",0.0798519180080975,-0.293798234534585,0.027,0.042,1
"6430550D23Rik",0.0799166297333261,-0.310237778612701,0.024,0.036,1
"Aptx",0.0799312464903753,-0.104725692300921,0.255,0.294,1
"4931403E22Rik",0.080008501347967,-0.636949192275289,0.008,0.014,1
"Ormdl3",0.0800229162089632,-0.131702357483632,0.17,0.208,1
"Gm48512",0.0802352710546461,0.9198502321545,0.01,0.006,1
"Phf7",0.0802635794846556,0.174515669275588,0.261,0.262,1
"Apeh",0.0808797874468542,0.174348819548532,0.239,0.24,1
"Dna2",0.0809687104640954,-0.184808823089598,0.372,0.439,1
"Scn1b",0.0811388407247261,-0.262079895015153,0.023,0.031,1
"Gm29243",0.0811658604943095,0.138695353454541,0.301,0.307,1
"Sema4b",0.0812586130248618,0.188756943023381,0.266,0.268,1
"Pomt2",0.0814372024595597,-0.447179587783744,0.043,0.065,1
"Gm57238",0.0815140847853875,-0.484805178645067,0.017,0.026,1
"Ighmbp2",0.0815813028698404,0.109509297355337,0.239,0.24,1
"Sesn3",0.0815880317701051,0.150884201069649,0.761,0.777,1
"Gm49864",0.081664267217329,-0.50087019402428,0.008,0.013,1
"Ppp2r3d",0.0817375283614046,0.143646485472114,0.229,0.234,1
"Gm33989",0.0820682989747475,0.201214008515384,0.152,0.147,1
"Gm15787",0.082072352473924,-0.264308766801699,0.03,0.041,1
"Dennd10",0.0821068608290675,0.113170266891787,0.37,0.382,1
"Gm35188",0.0821528780429839,-0.50956195276119,0.016,0.025,1
"Mrps11",0.0822771096437772,-0.126802269282951,0.49,0.569,1
"Polr1c",0.0823774003913147,-0.112724431019636,0.507,0.579,1
"Tgm1",0.082631381784547,0.648740992410811,0.015,0.011,1
"Zfp85os",0.0826524118076312,0.540349955698666,0.012,0.009,1
"Xxylt1",0.0826945153891784,0.152799213104771,0.302,0.318,1
"Zfp85",0.0827296982977451,-0.303187368802648,0.032,0.045,1
"Zfp385a",0.0827493402660917,-0.2453509049294,0.012,0.016,1
"Smurf1",0.0827976167566012,0.133308649911299,0.272,0.29,1
"Atxn7l1",0.0829577376235671,0.158238560565964,0.557,0.556,1
"Dynlt4",0.0830557914901547,-0.258569670583694,0.012,0.017,1
"Fam234b",0.0830705288254762,0.274121627877387,0.153,0.145,1
"Ulk1",0.083137489345945,0.185277723403711,0.134,0.133,1
"Srd5a1",0.0831657183295269,-0.251723616707236,0.016,0.024,1
"Gm4924",0.0833227109833828,0.238985711167529,0.178,0.177,1
"Pheta1",0.0833866752582079,-0.718491338669663,0.009,0.017,1
"H2bc9",0.0838038291082165,0.363862980593188,0.026,0.026,1
"Tnfsf8",0.0839526177769906,0.133898934978733,0.78,0.775,1
"Trim47",0.0843609656059327,0.519093771423031,0.027,0.021,1
"Gm11110",0.0845289108679534,0.196520507586511,0.112,0.108,1
"Hsdl2",0.0845886696138045,-0.101336351439875,0.288,0.337,1
"Adgrg3",0.0846645857463496,0.267343936957077,0.031,0.03,1
"Spsb1",0.0847465599149697,-0.188692208594885,0.06,0.073,1
"5530601H04Rik",0.0849582574979222,0.167865422457585,0.297,0.306,1
"Itga2b",0.085068581226144,0.575591703132089,0.015,0.012,1
"Dnajc12",0.0851088899829305,-0.492789771913659,0.02,0.033,1
"A230072C01Rik",0.0851620765577955,-0.198499559718769,0.061,0.082,1
"Mrps34",0.0852696779993774,-0.138165175419686,0.706,0.769,1
"Gm57091",0.0854248278003337,1.22008797219568,0.01,0.005,1
"Cxxc5",0.0855626132715245,0.651025635489995,0.02,0.016,1
"Gm56912",0.0855637879879932,-0.286328561268944,0.043,0.058,1
"Chst2",0.0856345927848313,-0.402309217741065,0.049,0.07,1
"Gm45155",0.0856995494915173,0.319231995341582,0.062,0.06,1
"Ralb",0.0857773125458358,-0.191748516361335,0.132,0.166,1
"Slc35e1",0.0858935513600808,0.102881233729701,0.235,0.242,1
"2810414N06Rik",0.0859667020897892,0.276117706843732,0.012,0.011,1
"Rnf43",0.086182804889473,0.590708662547202,0.048,0.041,1
"Apol7b",0.0861852410746043,0.542089459340812,0.01,0.008,1
"Optn",0.0862763497528579,-0.464973989862147,0.033,0.052,1
"9230102O04Rik",0.0863865349821854,-0.609923557132147,0.01,0.017,1
"Khdrbs3",0.0864135774349208,0.343161663913015,0.036,0.033,1
"Gm42670",0.0865563177087184,-0.342527491795871,0.034,0.049,1
"Gm14508",0.0868959050058013,0.462755452214957,0.013,0.011,1
"Gm26982",0.0869022406036609,0.370119729440039,0.028,0.025,1
"Gm56612",0.0870636095160721,-0.396958666513399,0.007,0.011,1
"Gm43462",0.0870956796203107,0.21169880827433,0.133,0.131,1
"Pja2",0.0871469891293098,-0.153569731056497,0.315,0.379,1
"AW046200",0.0871975729687301,0.527240780066587,0.044,0.036,1
"Gm57354",0.0875477964043435,-0.215718323917573,0.047,0.063,1
"Vamp1",0.0876406866162262,0.241441369128201,0.169,0.164,1
"Ptpn3",0.0876795494984689,-0.327577564471738,0.084,0.122,1
"Stau1",0.087692193845156,0.101809255075503,0.502,0.527,1
"Lrrk1",0.0876960405472132,-0.451019640658973,0.023,0.038,1
"9330151L19Rik",0.0878233317500585,-0.237344644548235,0.061,0.079,1
"Tuft1",0.0878380944541255,0.326295758309444,0.032,0.03,1
"Nat8f1",0.0879029334253165,-0.401442595823839,0.018,0.026,1
"Ppm1f",0.0879371011300819,0.102321525845525,0.221,0.231,1
"Gm14321",0.0879736501042555,0.479998056956594,0.011,0.009,1
"P4ha2",0.0881130863375592,-0.253105094207648,0.062,0.074,1
"Tyk2",0.0881306992807153,-0.171058684465494,0.189,0.232,1
"Pja1",0.0882198384241026,-0.184442203051074,0.259,0.323,1
"Dlg2",0.0884023725562125,-0.550153853699435,0.014,0.015,1
"Creld1",0.0884872097961734,-0.395833277853399,0.011,0.015,1
"Ybey",0.0886573290724627,-0.108041619798603,0.1,0.126,1
"Hras",0.0888808873357897,-0.166477000296505,0.652,0.736,1
"Zc3hc1",0.0890784478487147,-0.13002199499389,0.277,0.328,1
"Foxn3",0.0891341135389586,0.121736608689137,0.931,0.936,1
"Patj",0.0894195470877146,0.34284249985877,0.167,0.167,1
"Traj4",0.0895069607648781,0.455589197881891,0.066,0.056,1
"Pars2",0.0895786433170208,0.132008027346816,0.061,0.061,1
"Erlin2",0.0895952453983667,-0.225715324022268,0.116,0.149,1
"Trav16n",0.0897111798746725,0.257209804716743,0.031,0.032,1
"Cdc42ep3",0.0899237106847859,0.280459421172182,0.058,0.053,1
"Timp2",0.0900689330751609,0.275197453171359,0.132,0.122,1
"Tbc1d17",0.0901087008178385,-0.120445629059294,0.118,0.146,1
"Egr3",0.0902567544488525,-0.665101216140636,0.018,0.028,1
"Gm15478",0.0902901211894021,-0.718429956891271,0.008,0.015,1
"Scrn3",0.0904950600113741,0.20764056254289,0.169,0.167,1
"Mocos",0.0906401619502798,-0.350382092746095,0.016,0.024,1
"Hsd17b11",0.0906833289599147,0.542315421442025,0.03,0.023,1
"Abi3",0.0907235369331332,-0.102874371370838,0.149,0.177,1
"Onecut2",0.0908699738908648,-0.848086986360614,0.01,0.015,1
"Gm28809",0.0908790127267736,0.239027146789026,0.045,0.047,1
"Actr1a",0.0908994102613087,0.117972035182322,0.505,0.521,1
"Alg12",0.0912497771440883,-0.124105472854827,0.127,0.157,1
"Gm10785",0.0915022120142644,0.290915868057898,0.122,0.115,1
"Xylb",0.0915734272407496,0.440199923570654,0.02,0.016,1
"Gm16124",0.0916060504863377,0.274034942168989,0.149,0.138,1
"Poln",0.0917249228552559,0.251979990486973,0.109,0.103,1
"Myo15a",0.0919962257419493,0.383535207758054,0.051,0.045,1
"Niban3",0.0920321909329795,0.4199925217335,0.03,0.027,1
"Tpd52",0.0920473725056319,-0.206694742104313,0.183,0.224,1
"Naa35",0.0921234401396676,-0.117154428811047,0.472,0.54,1
"Ghdc",0.0921629878514115,0.178385685749517,0.038,0.038,1
"Gm11201",0.0922401480800699,0.583306517045151,0.013,0.01,1
"Mansc1",0.092471586773328,-0.380388903682157,0.018,0.028,1
"Ddx59",0.0925113950670203,0.190205818514756,0.092,0.094,1
"Oplah",0.0925681523958065,0.527292723672303,0.025,0.02,1
"Hexb",0.092629421216996,0.163549084879576,0.556,0.569,1
"Prkcsh",0.0927130061260534,-0.122180661576254,0.646,0.711,1
"Arf4os",0.0928905410559472,-0.476836040377327,0.009,0.015,1
"Mgmt",0.0929281196247698,0.152922493725582,0.498,0.518,1
"Tsen2",0.0929727265958501,0.102753420529057,0.179,0.196,1
"Rps6kb2",0.0932278976444343,-0.129808824316594,0.145,0.174,1
"Zbtb49",0.0933150473316814,-0.226692949137596,0.054,0.072,1
"Gm15860",0.0933666195207542,0.515339377834686,0.026,0.02,1
"Gm15879",0.0933693698332499,0.256315789302018,0.051,0.049,1
"Zscan22",0.0933799046793951,0.124360256296506,0.084,0.085,1
"Fmnl2",0.0934856972441321,-1.21076512013945,0.005,0.01,1
"S100a4",0.0935598450928932,-0.608281256043177,0.03,0.043,1
"Thnsl2",0.0936321783265909,-0.795726029327003,0.007,0.014,1
"Zfp54",0.0936780213615478,-0.132136318698088,0.073,0.087,1
"Kpna2",0.0937388262612446,-0.284699116881941,0.132,0.165,1
"Yars2",0.0940431926838598,-0.149719173040544,0.334,0.401,1
"Cbx4",0.0941277427675955,0.111267103813524,0.471,0.495,1
"Mmachc",0.0941418599404756,0.195591995306057,0.047,0.047,1
"Swsap1",0.0947170233079506,-0.23662960873626,0.027,0.037,1
"Lgr4",0.0949228773644359,-0.989364313819181,0.007,0.012,1
"Slc39a9",0.095070597036151,0.128171257253923,0.3,0.318,1
"Gm57030",0.0955211176820515,0.333927522689734,0.01,0.011,1
"Cep120",0.0955495280018522,0.116131818554297,0.341,0.36,1
"Cpne2",0.0957483239115694,-0.149082543070365,0.137,0.155,1
"Vpreb1a",0.0957559391510356,-0.108906907881735,0.019,0.023,1
"Fam136a",0.0957632466574275,-0.159821404797146,0.644,0.715,1
"A630001O12Rik",0.0959785977790101,-0.244868317387009,0.015,0.021,1
"D730003I15Rik",0.0959865608804806,-0.155226522299003,0.087,0.109,1
"Gm28198",0.0962755437010298,0.317023512085594,0.127,0.123,1
"Btd",0.0964275076270822,-0.152992778251033,0.088,0.107,1
"9130023H24Rik",0.096726193333706,-0.503313884940853,0.01,0.015,1
"1700020L24Rik",0.0968566126106718,0.678463798110123,0.01,0.006,1
"5033425G24Rik",0.0969437691961156,0.528256556511018,0.02,0.015,1
"Fam171a1",0.0969653515102464,0.433291483182512,0.017,0.014,1
"Elmo2",0.0971507811259461,-0.202670885881583,0.34,0.411,1
"B130034C11Rik",0.0971517389950885,0.225844680007093,0.118,0.12,1
"Ermp1",0.0971938517124974,-0.168502893124204,0.209,0.258,1
"8030456M14Rik",0.0972153278241985,0.124020765439692,0.035,0.04,1
"Tgif2",0.0972916092525578,-0.17491481099053,0.116,0.148,1
"Gm8817",0.0973912282134242,-0.267915769221052,0.019,0.027,1
"Alkbh7",0.0974663196117606,-0.146353259409195,0.312,0.375,1
"Gm20163",0.0975349119031008,0.744278339064928,0.01,0.007,1
"St7l",0.0980254130605622,0.101611211934078,0.34,0.375,1
"Slc19a1",0.0982288727503435,-0.162440437199305,0.262,0.312,1
"Rbm48",0.0984252794079278,0.122180348799442,0.312,0.317,1
"Slc4a5",0.0984924680454172,0.539732968584808,0.011,0.007,1
"Lysmd3",0.0987194821142292,-0.158316580791631,0.283,0.339,1
"Trim34b",0.0988329655416773,-0.13792712890503,0.06,0.072,1
"Gpr180",0.0989652140890619,-0.185307195588941,0.197,0.245,1
"Zfp975",0.0990237205350048,0.248905964013511,0.091,0.09,1
"Reep4",0.0991394693125641,0.127036115503533,0.393,0.404,1
"Gm16201",0.0991778226434928,-0.685156908345693,0.005,0.01,1
"Gm17036",0.0991809017982701,-0.199021744545281,0.024,0.033,1
"Fzd6",0.0992737524814412,0.431587354869075,0.029,0.023,1
"Twsg1",0.0993119526553352,-0.184553789478816,0.153,0.194,1
"Lrrc45",0.0995141025687302,0.158823131847395,0.094,0.097,1
"Gla",0.099556996321831,-0.240938361096986,0.081,0.108,1
"Trbj2-7",0.099762108039379,0.422907908204511,0.036,0.029,1
"Chrnb2",0.0999139767848682,-0.248072233218674,0.03,0.041,1
"Emc9",0.10002784313167,0.370919164633376,0.103,0.092,1
"Mxra8",0.10031397792727,0.292931466561539,0.035,0.03,1
"Fance",0.100580163867891,0.143909118436853,0.215,0.219,1
"ENSMUSG00000095742",0.100584647832968,0.107442037046863,0.033,0.036,1
"Gm12709",0.100883601097705,-0.786979429301964,0.007,0.014,1
"Myo3b",0.10088709738009,0.244755404192788,0.044,0.047,1
"Poc5",0.100940243982143,-0.146236069324251,0.188,0.234,1
"Gm56632",0.101275501589036,0.612899809054408,0.013,0.01,1
"Tlr4",0.10133500785544,0.311770615560826,0.116,0.113,1
"Col7a1",0.101349796353202,0.771972630444881,0.016,0.011,1
"Scamp1",0.101362386686994,-0.567521338852083,0.02,0.032,1
"Traj12",0.101415558401016,0.321849698348861,0.032,0.027,1
"Ccdc30",0.101696178431806,-0.692703341667062,0.008,0.013,1
"Ncdn",0.101802862245198,0.202510373048865,0.15,0.151,1
"Emilin1",0.101927727613857,0.151648715163657,0.013,0.012,1
"Gm56589",0.10204129452864,0.298328141838001,0.038,0.036,1
"Stx2",0.102318820457441,0.14296477598152,0.135,0.136,1
"Gm29170",0.102378467945208,0.137694839193152,0.084,0.089,1
"Rell1",0.10245219459264,0.181344123931487,0.119,0.12,1
"Pif1",0.102541497940044,0.629380388650631,0.031,0.026,1
"Nagpa",0.102835051773643,0.109256152039728,0.213,0.224,1
"Adgra3",0.102994124077598,0.128786408530973,0.035,0.034,1
"Det1",0.103033615311465,0.167150413310808,0.251,0.252,1
"Gm47469",0.10314515544839,0.210839912805896,0.118,0.12,1
"Lrrc8a",0.103150002915361,0.208862164866987,0.119,0.115,1
"Gm56890",0.103185234979557,0.392330339620299,0.014,0.012,1
"Ankzf1",0.103195386549092,-0.101571044025289,0.158,0.193,1
"Gm57410",0.103257393318616,0.107006080987382,0.009,0.011,1
"Gm2449",0.103487328142868,0.486522677910062,0.023,0.02,1
"Tsix",0.103725559691864,0.282071544451045,0.033,0.029,1
"Bex1",0.103792723589644,0.220706573603852,0.076,0.075,1
"Angptl6",0.104010049904567,0.237691292765514,0.04,0.04,1
"Zfp953",0.104037197764907,0.15281518555765,0.14,0.148,1
"Lysmd2",0.104107621875458,0.160695144641922,0.148,0.151,1
"Gtpbp6",0.104127683070793,-0.123859118634082,0.135,0.163,1
"Glcci1",0.10420218578232,0.313041337771072,0.17,0.156,1
"Nck1",0.104376066031613,0.126249855977616,0.599,0.615,1
"4930593A02Rik",0.104449100977059,0.592070150454198,0.01,0.007,1
"Cacnb1",0.104579240703758,0.423119495377526,0.025,0.023,1
"Smo",0.104801596662549,0.264969218594612,0.026,0.024,1
"Gpsm1",0.104875216040831,-0.325950877314912,0.029,0.042,1
"Rgl1",0.104998506038365,-0.425494449929587,0.013,0.02,1
"P3h1",0.105180902550676,-0.430981055004609,0.022,0.033,1
"Hba-a1",0.105312845858219,0.404635409604351,0.015,0.012,1
"Dnajb9",0.105504847826608,-0.121677784682576,0.176,0.215,1
"Nbdy",0.105678328065025,-0.110641343253213,0.085,0.106,1
"Usp53",0.105850705904313,0.123653260350567,0.248,0.254,1
"Rhobtb2",0.105860780359903,0.144669776513838,0.182,0.187,1
"A930001C03Rik",0.106084356314251,-0.222405985279797,0.016,0.019,1
"Gm47270",0.106331208564244,-0.174453788884579,0.021,0.026,1
"Fut4",0.106621809630784,-0.316356648074374,0.081,0.109,1
"Gm56743",0.106670734704022,0.105568896964394,0.2,0.209,1
"Fah",0.106925291176102,0.18847837707247,0.06,0.057,1
"Hoxb4",0.106971210659835,-0.158238619400544,0.03,0.033,1
"Invs",0.107175594485351,0.133759398564961,0.288,0.294,1
"Mpi",0.107229037383491,0.264356824146716,0.06,0.056,1
"4930412M03Rik",0.107252212872639,-0.502832675903361,0.006,0.011,1
"4930401C15Rik",0.107253503369525,0.189518473909087,0.047,0.045,1
"Gm43691",0.107374879678901,0.59001935977177,0.023,0.018,1
"Trbv3",0.107544578439347,-0.441923565685043,0.014,0.016,1
"Uhrf1bp1l",0.10818291158774,-0.129676242314934,0.477,0.555,1
"Cstad",0.108220944836813,0.588174357274193,0.016,0.012,1
"Tpcn1",0.108294823377615,-0.166910966276432,0.139,0.168,1
"Mob3c",0.108518554040552,-0.219193182298004,0.078,0.101,1
"Glis2",0.108676609080647,0.282966255391206,0.012,0.011,1
"Cd200r4",0.108867784604962,0.406885572563723,0.064,0.058,1
"Pak4",0.109032383554611,0.35798238365016,0.061,0.054,1
"Eaf2",0.109035870331972,0.35612684113597,0.164,0.15,1
"Upk1a",0.109118574421464,0.42291583953848,0.024,0.021,1
"Ikbkg",0.109124868138175,0.182838211773017,0.246,0.249,1
"Prdm16",0.109212108699265,0.294391113416032,0.062,0.058,1
"Tfcp2",0.109368673665764,0.161202283732256,0.168,0.169,1
"Trip10",0.109508447128858,0.127825084892509,0.094,0.095,1
"Tmem91",0.109526677573905,-0.575769116856894,0.007,0.011,1
"Trim46",0.109679696771622,0.473085661514954,0.031,0.027,1
"Thtpa",0.109749004093911,-0.3120734747896,0.024,0.037,1
"Gm12353",0.109908982237026,0.37416219786755,0.068,0.058,1
"Gm37584",0.11004330844516,0.746598172183939,0.011,0.008,1
"Trim2",0.110075107669032,-0.426971288161444,0.014,0.017,1
"Gm35867",0.110203665683642,0.252465966371728,0.03,0.026,1
"Mapk6",0.110214270971773,-0.148279091184927,0.499,0.569,1
"Zfp708",0.110224320198351,0.318951858864487,0.036,0.033,1
"Pnkp",0.110238992788625,0.109134818733985,0.274,0.29,1
"Setd1b",0.110263279433756,0.142453623830497,0.3,0.305,1
"Sirt3",0.110608024790995,0.134100408215977,0.076,0.077,1
"Mycn",0.110773311937188,-0.581379381388882,0.021,0.031,1
"Tmem45a",0.1108930407729,-0.781306430014294,0.008,0.013,1
"Mfsd3",0.111016021563714,-0.262694005017108,0.073,0.093,1
"Zfp59",0.111019049008636,0.270780777344107,0.037,0.034,1
"Sppl2b",0.111208096519297,-0.269765657473268,0.073,0.096,1
"Gm41386",0.111286775472958,-0.362436409060179,0.018,0.027,1
"Dph1",0.111499571243274,0.151379426274446,0.035,0.032,1
"B630019K06Rik",0.111584354180922,-0.695237229153426,0.008,0.013,1
"Gm50012",0.111722436551546,-0.467627230053916,0.016,0.025,1
"St6galnac4",0.111870331830472,-0.143858565824858,0.367,0.43,1
"Gm43597",0.111903348120566,-0.237926578901803,0.021,0.028,1
"Gm19497",0.111953151131445,-0.494549483556581,0.009,0.015,1
"Gm6297",0.111985383963317,0.777901759960944,0.01,0.007,1
"Grtp1",0.112276823700961,-0.234514491349663,0.084,0.11,1
"Neil1",0.112340151007417,-0.232609982122965,0.057,0.075,1
"Nhlrc1",0.112542358718727,0.37420172902666,0.014,0.011,1
"Phtf1",0.112916068691484,0.136819247337252,0.661,0.67,1
"Tctn2",0.112919949593168,-0.526105782469895,0.016,0.025,1
"4930549G23Rik",0.113164959613875,0.311981266191129,0.082,0.082,1
"Pnldc1",0.113551842567744,0.369854904860285,0.06,0.056,1
"Fhl3",0.113588427793958,0.136461542936194,0.071,0.071,1
"Per2",0.114094893739579,-0.185086790137018,0.03,0.036,1
"Miip",0.114309753303035,0.177975187311335,0.189,0.188,1
"Prm1",0.114329989404516,-0.426344986507445,0.015,0.022,1
"Prss41",0.11438529748974,0.337174905599981,0.037,0.034,1
"4933427D14Rik",0.114676907334353,0.22598068039153,0.028,0.027,1
"Clic5",0.114714638462639,0.359435335116453,0.02,0.016,1
"Gm42659",0.11476290065367,0.153295751988281,0.103,0.101,1
"Acvr2b",0.114890186214212,0.428062642680434,0.019,0.016,1
"Zdhhc5",0.114956709067311,-0.128895016469745,0.499,0.572,1
"H4c18",0.115188097314589,-0.282049198269676,0.023,0.035,1
"Zfp689",0.115197959441007,0.133840748436848,0.046,0.05,1
"Dnpep",0.115344098106847,-0.164708135036829,0.186,0.229,1
"Armt1",0.115419178613865,0.13008552178314,0.209,0.218,1
"Sec31b",0.115646989587498,0.896056458856019,0.011,0.007,1
"Atp13a2",0.115657604431134,-0.217855035620375,0.109,0.14,1
"Spopl",0.115738838521767,0.112850161532201,0.537,0.558,1
"Gm50240",0.115783565860811,-0.201026084567619,0.019,0.026,1
"4930537H20Rik",0.115868859281192,0.461096232295792,0.016,0.014,1
"Rnf216",0.115886914523276,0.132930451454806,0.22,0.224,1
"Cstf2t",0.116116368576417,-0.118284659076365,0.235,0.288,1
"4930477N07Rik",0.116164197767938,-0.320895473881171,0.022,0.031,1
"Ttc23",0.116457500133179,0.249613043452067,0.05,0.05,1
"Gm6598",0.116474756583595,-0.109888349555155,0.044,0.057,1
"Hspe1-rs1",0.116491567038843,-0.222418386580597,0.322,0.395,1
"Slc7a8",0.116819778942751,0.861864410757739,0.011,0.008,1
"Gm15856",0.116879837635645,-0.168672584412117,0.032,0.039,1
"Zfpl1",0.116930413449046,-0.138673012108525,0.188,0.229,1
"Tmem81",0.117614538606617,0.338796488311414,0.026,0.023,1
"Snx8",0.117695920098683,-0.155479499239049,0.053,0.068,1
"Pdk2",0.117723045949039,-0.170665592475404,0.012,0.017,1
"B530045E10Rik",0.1178144808727,-0.311515909953391,0.036,0.048,1
"Naglu",0.117965758303587,-0.144202151145478,0.073,0.085,1
"B430306N03Rik",0.118285474898421,-0.120877253732966,0.059,0.074,1
"Nhlrc3",0.118696844564586,0.151065847703319,0.163,0.165,1
"Telo2",0.119014782041236,0.117578491522413,0.178,0.182,1
"Pdp2",0.119949452771378,0.140773551150443,0.164,0.167,1
"Gm49741",0.12001286442822,0.336985186017799,0.022,0.023,1
"Plxnc1",0.120118900676821,0.142033769169974,0.382,0.394,1
"Gm15564",0.120132493188834,0.195830926967111,0.113,0.11,1
"Gm5127",0.120173261459095,-0.63361920739588,0.012,0.022,1
"Parp16",0.120543968643802,0.392093216923389,0.042,0.039,1
"Gm20400",0.120557704228866,-0.543131439851154,0.01,0.015,1
"Lmnb1",0.120588334800209,-0.113538978786954,0.882,0.919,1
"Sycp2l",0.120700990279529,0.505299446042445,0.03,0.026,1
"Fbxl20",0.120732348157512,0.182087824250914,0.543,0.543,1
"1700041G16Rik",0.12081261858279,-0.229630894979054,0.014,0.02,1
"Fam3b",0.120896554167371,-0.381197829989706,0.008,0.011,1
"Phyhd1",0.120949477643732,0.248224173102416,0.011,0.013,1
"Pck2",0.121838604153827,-0.140735245501532,0.116,0.134,1
"9530018F02Rik",0.12200602796792,-0.26998010716457,0.057,0.072,1
"Nckipsd",0.122016339016218,0.129640642940617,0.062,0.063,1
"Dnal4",0.122034442453852,-0.213984456274888,0.075,0.1,1
"Cd72",0.122094616599639,0.814166573993637,0.014,0.01,1
"Zfp780b",0.122153125134478,0.212520295775586,0.201,0.201,1
"Serpinc1",0.122279170777419,0.12748112893211,0.026,0.026,1
"Chml",0.122651250322174,0.181266102228995,0.057,0.057,1
"Ppm1h",0.122788916880654,0.151775287266258,0.755,0.762,1
"Csrnp2",0.122884990673889,-0.29032385552533,0.014,0.021,1
"Gm31897",0.123004107596429,-0.56863075842153,0.009,0.015,1
"1700085D22Rik",0.123287308296633,0.129978022232455,0.096,0.095,1
"Zfp60",0.123299022945685,0.157736489823189,0.151,0.156,1
"Tctn3",0.123613511901611,-0.23333438097991,0.057,0.078,1
"Gpr155",0.123750133732892,0.104449833198068,0.085,0.087,1
"Gm47798",0.123810985558278,0.73245915316513,0.014,0.011,1
"Gm16008",0.124072134994966,-0.179023075924398,0.021,0.029,1
"Fbf1",0.124361867345937,0.100802091882652,0.089,0.096,1
"Zfp324",0.124567209911384,-0.301099097179876,0.051,0.071,1
"Zfyve21",0.124792322198104,-0.106638899194024,0.06,0.076,1
"Ptp4a1",0.125049973470735,-0.584899691235329,0.009,0.015,1
"Ahr",0.125100187948234,0.40129893480838,0.019,0.015,1
"H4c14",0.125603999431703,0.519046489103272,0.014,0.011,1
"Mns1",0.125729322157336,0.107804010615152,0.087,0.09,1
"Gm6133",0.125735953096711,-0.165190638716565,0.057,0.075,1
"Socs5",0.125755738709463,-0.163585980522783,0.224,0.272,1
"Rora",0.125773120115266,0.222386732536712,0.036,0.039,1
"Gm56688",0.126216403159401,-0.217979681892223,0.031,0.041,1
"Mief1",0.126305074101143,0.122467967785992,0.264,0.279,1
"Ptdss2",0.126331584355372,-0.170858503951252,0.091,0.112,1
"Fcsk",0.126380399283134,-0.230646800791143,0.046,0.061,1
"Ddx60",0.126540512805037,0.159547216660561,0.393,0.404,1
"Osbpl7",0.126653313895334,0.219030403585569,0.195,0.192,1
"Acyp2",0.126864217962414,0.232481701518839,0.071,0.064,1
"Ccdc17",0.126984360704822,-0.196140256607067,0.018,0.024,1
"6030458C11Rik",0.127174762082888,0.101532535358354,0.385,0.41,1
"Gm48796",0.127415890846425,0.330270855407723,0.022,0.019,1
"Bsn",0.127821505125732,0.572363277530956,0.028,0.024,1
"Slc27a4",0.127834423833249,-0.401161685074561,0.034,0.047,1
"Tsc1",0.12790897715364,0.17488592674139,0.322,0.326,1
"Mecp2",0.128251369413388,0.106950377204092,0.575,0.585,1
"Ttc38",0.128285317132407,0.356183896198855,0.084,0.078,1
"Frs2",0.128311813551665,0.134596295761048,0.463,0.479,1
"Dip2a",0.128396302531173,-0.268073978614402,0.07,0.091,1
"Gm49893",0.128513224395437,0.500965655830535,0.018,0.014,1
"Rnf149",0.128693764804491,0.101361614328847,0.205,0.211,1
"Tmem138",0.128717869885059,-0.169817096213422,0.179,0.223,1
"Glul",0.128929122255062,0.239511096625601,0.261,0.252,1
"Ccdc163",0.128987602054452,-0.25165941723136,0.038,0.049,1
"Retsat",0.128996703884847,-0.253989709499757,0.066,0.09,1
"Gm56723",0.129077984343432,-0.511484471970642,0.007,0.013,1
"H4c2",0.129296571995187,-0.426918089687954,0.008,0.011,1
"Nr6a1",0.129340938837239,-0.214149930171377,0.165,0.208,1
"Pcgf2",0.129387106414224,0.212738427316778,0.06,0.06,1
"Cryz",0.12951572799873,0.105054520668082,0.082,0.085,1
"Bfsp2",0.129515765175952,0.702356505607831,0.01,0.006,1
"Echdc1",0.129593743717406,-0.216369403570915,0.19,0.237,1
"Zbtb20",0.129793154029751,0.178959619450017,0.431,0.433,1
"Gm49032",0.129840271461981,0.433872155351353,0.029,0.024,1
"Rnf111",0.129874723669273,0.10601127821016,0.7,0.729,1
"Gm16341",0.129908829592412,0.111712370397167,0.068,0.074,1
"Agbl4",0.129931602459109,0.470050598476809,0.023,0.02,1
"Gm28981",0.130145582360499,-0.867236525363604,0.006,0.013,1
"Samd13",0.130740849189044,0.306379685945125,0.017,0.015,1
"Jun",0.130925281223839,-0.143581514076447,0.253,0.295,1
"Daglb",0.131085768283944,0.157646078892182,0.106,0.107,1
"Adcy6",0.131106212359733,0.302947936190036,0.056,0.053,1
"Eml6",0.131189066947408,0.210282156905043,0.031,0.027,1
"Amigo3",0.131935948808272,-0.299583526978814,0.013,0.018,1
"Ccnd1",0.132065833024183,0.630446552799123,0.011,0.008,1
"Gm56493",0.132163625312254,0.306083519385663,0.024,0.024,1
"Gm36839",0.132235489374305,-0.415200140235497,0.019,0.027,1
"Gm28875",0.132253125867445,0.397721750030392,0.075,0.065,1
"Taf1c",0.132306294701916,0.193856583538336,0.097,0.096,1
"Tbc1d22bos",0.132393488905731,-0.24799454834118,0.029,0.04,1
"Cap2",0.132531822294604,0.54349666033465,0.024,0.022,1
"Tns4",0.132704285072407,0.485992143161698,0.013,0.011,1
"G6pdx",0.132803146601796,0.134421749480689,0.242,0.254,1
"Gm45902",0.133695248101049,0.125636253012956,0.077,0.077,1
"Gm49586",0.133736032151666,-0.273283748420299,0.01,0.016,1
"5730455P16Rik",0.133960992931587,0.112875767433744,0.332,0.341,1
"Gm26665",0.133977061163065,0.479725249676437,0.01,0.011,1
"9530052E02Rik",0.134007070371976,0.642166153778314,0.012,0.008,1
"Srsf2",0.134366992534283,-0.100323572960339,0.992,0.996,1
"ENSMUSG00000121393",0.134514361125895,0.101296882070386,0.064,0.072,1
"Trbv29",0.134530872358381,-0.218001470449424,0.038,0.041,1
"Eng",0.134544548157564,0.50093019773007,0.016,0.011,1
"Lama5",0.134575801737035,-0.116886022633136,0.107,0.131,1
"Gga3",0.134744667333276,0.15505627987309,0.218,0.218,1
"Wdr41",0.134837558379546,0.157359541104091,0.174,0.183,1
"Awat2",0.135043176839983,0.563405012882641,0.02,0.014,1
"Mex3c",0.135093932835387,0.124753400259391,0.29,0.299,1
"Thsd1",0.135101718040028,0.377118510155925,0.031,0.028,1
"Zfp799",0.135180791483002,0.182925671343015,0.195,0.196,1
"Tob1",0.135322857589497,-0.12091955021013,0.214,0.251,1
"Gm20069",0.135576042981759,-0.112439512693032,0.107,0.127,1
"Cdk5r1",0.135677936443852,0.294726851376061,0.018,0.015,1
"Trmu",0.135732906831393,0.138531438133344,0.175,0.181,1
"Tmem185a",0.135754051114638,-0.135202543697111,0.118,0.141,1
"Gm56546",0.135813072679542,-0.147370109566783,0.048,0.062,1
"Adck1",0.136203490145272,0.163189211392637,0.148,0.151,1
"Dnajc28",0.136361174003807,0.26373742819882,0.016,0.013,1
"G730003C15Rik",0.136457158358789,-0.256175204096809,0.019,0.024,1
"P2ry10b",0.136677147699491,0.247286572941101,0.181,0.178,1
"AI429214",0.136729101214324,-0.381281687222542,0.01,0.015,1
"Zfp354c",0.137156682671133,0.104008245577302,0.019,0.018,1
"Pde4dip",0.137312567176687,-0.131118330915494,0.135,0.163,1
"Rims3",0.137522255663645,0.447242874175739,0.015,0.012,1
"Ifit1bl2",0.137704408569519,-0.116644297594297,0.059,0.071,1
"Tatdn1",0.137712776518272,0.104163229594698,0.318,0.339,1
"H3c2",0.137903988123369,-0.683719739298837,0.007,0.014,1
"Zfp84",0.138121253527479,0.180029112038251,0.351,0.355,1
"Gm14154",0.138195613074454,0.809355073018332,0.013,0.008,1
"Zfp418",0.138237928663381,-0.244835035869723,0.013,0.018,1
"Abhd5",0.138286585432559,-0.188854880103352,0.14,0.177,1
"Dclre1c",0.138576016415403,0.136511050090019,0.201,0.217,1
"Prune1",0.138752677236426,0.180965327023939,0.11,0.112,1
"Dffa",0.13884325618401,-0.162258255132176,0.105,0.136,1
"Zfp704",0.139091395134318,0.170083085154809,0.023,0.022,1
"Ptk2",0.139126201647054,0.219081776260792,0.08,0.078,1
"Taf6l",0.139559760169797,-0.180405914271219,0.079,0.095,1
"Zdhhc18",0.139626554895184,0.103520973075019,0.736,0.76,1
"A830082N09Rik",0.139736194052557,0.33794326805125,0.041,0.038,1
"Mtfp1",0.139825977735708,0.104333347934334,0.014,0.013,1
"Pdlim7",0.14051855886003,-0.15179077458339,0.032,0.042,1
"Gm10366",0.140828527344158,-0.165610582204128,0.011,0.015,1
"Nlrc4",0.140943872632277,0.600684707404172,0.011,0.008,1
"Gm43646",0.14100085956699,0.228126228016618,0.016,0.015,1
"Bcl9l",0.141111385927314,0.118428486798178,0.17,0.183,1
"Gm20544",0.141170916865313,0.293207840390443,0.024,0.021,1
"Gm15441",0.141616392160839,-0.113551979910175,0.027,0.035,1
"Acaa1a",0.141772308174611,-0.10733263213367,0.119,0.145,1
"Gm31641",0.141983638423337,-0.757662590275301,0.006,0.011,1
"Ptcd1",0.142138952319449,0.189846590468846,0.102,0.101,1
"Fastkd3",0.142159594878119,0.105424407836838,0.147,0.153,1
"Coq4",0.142552217442048,-0.306093132165056,0.09,0.123,1
"Gm43774",0.14311107324599,0.139797306922614,0.024,0.027,1
"E430024P14Rik",0.143129863016718,0.31750092047674,0.012,0.011,1
"Tnfrsf12a",0.143373568250174,0.510860347018457,0.016,0.013,1
"Asb1",0.143534156191029,-0.203133545255583,0.042,0.058,1
"Gm1123",0.143549423507796,-0.399367935447535,0.031,0.04,1
"Gm4316",0.14358889385223,0.407371940989033,0.082,0.073,1
"Cd80",0.143654792595058,-0.153706552361421,0.073,0.08,1
"Iffo2",0.14373694829164,0.111043746903581,0.115,0.117,1
"Gm35035",0.143826440626898,-0.246194990038776,0.059,0.074,1
"Spats2l",0.144060065660727,-0.448042537176953,0.007,0.011,1
"Rgmb",0.144183258237998,-0.140304319886194,0.03,0.037,1
"Mtfr2",0.144364351429336,-0.184112921394631,0.102,0.123,1
"Rragd",0.144497287347613,0.377969618963155,0.067,0.056,1
"Gm10392",0.145116893822908,-0.391283860472573,0.014,0.02,1
"Zdhhc1",0.14568427702362,0.157584899638946,0.062,0.063,1
"Trbv17",0.146063422482154,0.664394979505293,0.012,0.008,1
"Cnot6l",0.146187327199652,0.108762756850989,0.901,0.917,1
"Tti2",0.146414219460601,-0.157152522404024,0.153,0.188,1
"Pate2",0.146663533396118,0.331266715316972,0.048,0.042,1
"8430429K09Rik",0.146792479346932,-0.11091961370017,0.102,0.126,1
"Eif2b4",0.147068344278921,-0.118649580099916,0.334,0.402,1
"Tmem156",0.147369241239531,0.150527709287184,0.288,0.298,1
"Gm12666",0.147516594426007,0.27923796991904,0.062,0.059,1
"Zbtb4",0.147564948627707,0.263862342951199,0.108,0.103,1
"Gm36975",0.147770255083176,0.345863932609066,0.126,0.114,1
"St3gal4",0.14783230201909,-0.121096454680729,0.526,0.599,1
"Gm10658",0.147948052710969,-0.379248145674944,0.027,0.037,1
"Prkn",0.148314171864395,-0.45270760659896,0.025,0.036,1
"Lypd6b",0.148437499510864,0.377276598534755,0.036,0.03,1
"Acp2",0.148511674863879,-0.167487259449281,0.154,0.194,1
"Cst6",0.148676859088161,0.684824802153951,0.012,0.008,1
"Gm12971",0.149007301724788,-0.352020584490418,0.013,0.021,1
"Zfp956",0.149283372374371,0.155649102568907,0.08,0.086,1
"Mfap1b",0.149417540204335,-0.118132236978862,0.203,0.24,1
"Gm36043",0.149524027941703,-0.541216279794718,0.007,0.011,1
"Miga2",0.149718518390506,0.216089151382853,0.084,0.084,1
"Slc7a11",0.149728740750702,-0.871988165154887,0.007,0.014,1
"Kantr",0.149823347733369,0.164097340541079,0.189,0.188,1
"Zcchc24",0.150134885036578,0.466122611063422,0.024,0.02,1
"Gm47545",0.150598130828949,0.3866992790135,0.024,0.02,1
"Macrod2",0.150786916413107,0.321296103208207,0.037,0.04,1
"Antxr1",0.151135072971239,-0.131096473034249,0.013,0.015,1
"H2ac25",0.151140513667901,-0.633687277670028,0.006,0.01,1
"B3gntl1",0.151900657029385,0.137723206837689,0.143,0.143,1
"Gm4890",0.151952449128631,0.187096264800184,0.196,0.197,1
"Ccdc40",0.152093089108098,0.370219290470645,0.016,0.013,1
"Oma1",0.152796685622539,0.121569233819999,0.293,0.307,1
"Gm57201",0.153042980061647,0.375034866779755,0.019,0.018,1
"D130020L05Rik",0.153142635310991,0.204834709376256,0.063,0.062,1
"Nr2c2ap",0.153306091643441,0.108011781289656,0.367,0.388,1
"Gm16740",0.153320085585805,0.168331397581818,0.096,0.102,1
"Ksr1",0.153437488175015,0.117983558403504,0.283,0.295,1
"Rbm33",0.153490481958463,0.114319101137797,0.788,0.803,1
"Tmprss4",0.15381157348922,-0.576889829290218,0.01,0.017,1
"Slc41a1",0.153840020499013,0.235329516193738,0.089,0.088,1
"Ociad2",0.153915580549763,0.309650964995257,0.042,0.038,1
"Zfp235",0.153928507336164,-0.182393542747218,0.065,0.081,1
"Zfp867",0.15403125288361,-0.265791020937303,0.057,0.075,1
"Ccnjl",0.154090850951708,-0.676940775477878,0.006,0.012,1
"Trav14-2",0.154292200328123,0.798256369508721,0.01,0.007,1
"Gm40304",0.154442694722648,-0.510708066097712,0.011,0.018,1
"Zfp692",0.154489621012264,0.166499036781623,0.165,0.173,1
"1700110C19Rik",0.154520255887708,0.301495711626329,0.024,0.022,1
"Grid2",0.154699113749934,0.315933089445758,0.02,0.017,1
"Gm42658",0.154759206185936,-0.150000994156115,0.05,0.059,1
"Pex5",0.155315157118345,-0.126031106834114,0.094,0.118,1
"Mctp1",0.155425921666924,0.181394162017148,0.016,0.013,1
"Mafg",0.155462837171406,-0.190104241400479,0.281,0.34,1
"Gm14167",0.155663017603755,-0.17664688351776,0.055,0.071,1
"Usp30",0.155788828909508,-0.194230258860704,0.09,0.116,1
"H2bc8",0.156292343789701,-0.19230200760276,0.036,0.047,1
"Gm50103",0.156448734882106,-0.149719987638917,0.019,0.022,1
"Gm15563",0.156687179184866,0.279089314747842,0.023,0.02,1
"Armcx5",0.156717857586725,-0.13647829891216,0.15,0.185,1
"Mccc1os",0.156986074353247,-0.211067139405296,0.006,0.01,1
"Ppox",0.157294206991713,0.190952670623677,0.041,0.041,1
"Cpne5",0.157321722651168,0.284861278217216,0.018,0.015,1
"Zfp683",0.157365089660083,-0.43248359384083,0.025,0.035,1
"Scarf1",0.15748869965248,-0.209232304922171,0.007,0.01,1
"Arl5c",0.157602284995541,0.166764403656047,0.052,0.046,1
"AI847159",0.157866162751263,-0.256553659245781,0.019,0.026,1
"Klhl32",0.157867272560287,-0.270856538348186,0.036,0.046,1
"9530082P21Rik",0.15802949720049,-0.582292796679279,0.009,0.016,1
"Gm16023",0.158069813884079,0.198204580138368,0.183,0.174,1
"Lgals4",0.158096606307672,0.146866873846724,0.033,0.031,1
"Trbv19",0.158194155849662,-0.144074078883241,0.095,0.104,1
"Rmnd5b",0.158613301721927,0.173470264978198,0.225,0.229,1
"Klrd1",0.158700835105403,-0.382024860818858,0.026,0.037,1
"Styx-ps",0.158802872812971,0.616081118732987,0.01,0.008,1
"Elovl7",0.158818395872103,-0.120321237718496,0.014,0.019,1
"Adck5",0.158861721089168,0.175174499703967,0.175,0.176,1
"Gm42595",0.159146570143818,0.261497856530013,0.041,0.038,1
"Stau2",0.159227178857452,-0.244856317890163,0.112,0.142,1
"Npff",0.159409252968205,0.498745815530447,0.012,0.011,1
"Gm32515",0.159479895441472,-0.41846261217736,0.011,0.016,1
"Nup210l",0.159497770198347,0.218211503254745,0.3,0.303,1
"Trav14-1",0.159935482059158,-0.260153452805383,0.017,0.023,1
"Gm8251",0.159960359728128,0.20451566199522,0.109,0.104,1
"Gm49179",0.160016149205704,0.831499948406253,0.01,0.006,1
"4930469K13Rik",0.160263581065452,0.31941344088809,0.111,0.106,1
"Insrr",0.160289347516929,-0.626874173989107,0.008,0.014,1
"Atg9a",0.160415351811659,-0.1025198503411,0.093,0.113,1
"Nckap5l",0.160427338700574,-0.164912022907743,0.07,0.091,1
"Gm15472",0.160731651924302,0.343837842001805,0.06,0.054,1
"Gm12592",0.161330651768629,0.245761218138495,0.079,0.079,1
"Maco1",0.161353645428765,-0.129778010583074,0.498,0.562,1
"Tnnt1",0.161491792236694,0.115016215830264,0.197,0.203,1
"Tssk4",0.161716073063912,0.41270283049997,0.024,0.02,1
"Nt5dc2",0.161958155987693,0.237952801604818,0.05,0.049,1
"Gm49961",0.162222932091919,0.582712703115686,0.012,0.008,1
"Piwil2",0.162457668985731,0.169404931525472,0.051,0.051,1
"Zfp607a",0.162910755775847,0.236380804768392,0.146,0.14,1
"Ifit3b",0.162957781530132,-0.13593835652642,0.026,0.03,1
"Slc4a8",0.163379788691809,0.370988221125661,0.06,0.054,1
"Mfge8",0.163404297448769,0.312427077463079,0.059,0.052,1
"Lrrc27",0.163583789111393,0.298295321343605,0.021,0.019,1
"Hoxaas3",0.163941875930194,0.38222494844846,0.025,0.022,1
"Zfp74",0.163972899543067,0.140000113331688,0.175,0.179,1
"Cplane1",0.164325879217834,0.135015646634296,0.39,0.401,1
"Tada2b",0.164344723255227,-0.103346683077193,0.183,0.209,1
"Gm42664",0.164623899635486,0.73661309294018,0.013,0.008,1
"Derl3",0.165034970803009,-0.554807522637358,0.007,0.013,1
"Gm41077",0.165059124569894,-0.278280772712715,0.029,0.039,1
"Dusp16",0.165547164364054,-0.23469106169682,0.075,0.1,1
"Cyb5d2",0.16561679328512,0.155939682910201,0.11,0.117,1
"Gm56678",0.16567787211552,-0.414394273116848,0.011,0.018,1
"Gm17178",0.165787802548539,-0.245177580305209,0.009,0.012,1
"Crip2",0.165978288238006,0.481422885096976,0.012,0.008,1
"Shc3",0.166249467314611,-0.278311536134145,0.017,0.024,1
"Gm14399",0.166590801514691,-0.31019083814137,0.028,0.04,1
"Hmg20a",0.166592341249572,0.186985916153944,0.527,0.526,1
"Dars2",0.16662086031385,0.115793083280189,0.17,0.179,1
"A730063M14Rik",0.166946731954564,-0.208464921873452,0.02,0.022,1
"Lyrm7",0.167365490754908,0.259639835594815,0.095,0.093,1
"Gm4013",0.16775814436665,0.295565703060111,0.07,0.065,1
"Pank4",0.167761157025955,0.140499452321828,0.185,0.191,1
"C2cd2",0.167864943977026,0.126725101461462,0.085,0.091,1
"Napb",0.167904673339703,-0.29226204243518,0.013,0.018,1
"Gm26579",0.167961485033782,0.201914610092893,0.015,0.013,1
"Gm19261",0.168119500445058,0.754924402982849,0.014,0.009,1
"Fbxo38",0.16820494391046,0.139761689486346,0.524,0.532,1
"Faap100",0.168216542836878,0.155803744905779,0.064,0.064,1
"Nrgn",0.168642420333558,-0.293189502709906,0.036,0.036,1
"Gm10642",0.168766947036069,-0.341098929897469,0.013,0.019,1
"Mnt",0.168821494479607,0.115165829579412,0.166,0.174,1
"Ermard",0.16882318556825,0.150979417909704,0.182,0.183,1
"Slc2a12",0.169290275369769,0.271793484886969,0.011,0.011,1
"Gm57143",0.169396527100201,0.515909243981247,0.01,0.008,1
"Zfp946",0.169435006803057,-0.215168020839376,0.036,0.049,1
"Neurl4",0.169456315137882,0.106136277709101,0.127,0.134,1
"3110009E18Rik",0.169773237739682,0.119914286484375,0.323,0.336,1
"4930579K19Rik",0.169787192597694,-0.126447852505694,0.029,0.037,1
"Gm57039",0.169883080288362,0.337476833612493,0.012,0.011,1
"Zfyve27",0.169908432301751,0.126336393446942,0.159,0.168,1
"1810044D09Rik",0.169944457365235,-0.149353080501668,0.086,0.101,1
"Lag3",0.170011678814647,-0.433630245654548,0.013,0.02,1
"Trim14",0.170093638867795,0.116322957675143,0.515,0.547,1
"Scml4",0.170281321547813,0.242576468821386,0.347,0.351,1
"Oit3",0.170373569734483,-0.427551042517135,0.011,0.016,1
"Abcc10",0.170405171224911,-0.235663164781783,0.05,0.066,1
"Tubb6",0.170673197840062,-0.67524938005793,0.031,0.052,1
"Necab3",0.170703144346274,0.255970124395769,0.036,0.034,1
"Faap24",0.170771100233807,0.119813899763428,0.221,0.233,1
"Slc35b2",0.170903757300478,-0.143105349063737,0.298,0.351,1
"Sumf2",0.171198783955137,0.155541452077799,0.161,0.166,1
"Anxa11",0.171216555420998,0.156626847203409,0.358,0.37,1
"Gm12796",0.171224371651543,0.53154374637887,0.014,0.011,1
"Cfap77",0.171529569675679,0.129652697196069,0.246,0.254,1
"Tmem161a",0.171587576941493,-0.137064456939687,0.183,0.216,1
"Tmem259",0.171599168574086,-0.112151910579858,0.274,0.324,1
"Tmem143",0.171729404519606,0.204350767570244,0.077,0.076,1
"Tada3",0.171737968038817,0.112343304897397,0.319,0.334,1
"Pglyrp1",0.172139286483139,0.190087590556749,0.101,0.1,1
"Fbxw8",0.172168516772506,-0.102894796519155,0.309,0.371,1
"Ccdc142",0.172331708672464,0.386893998017403,0.018,0.016,1
"C430042M11Rik",0.172350048742772,-0.277913445588956,0.012,0.017,1
"Dpp4",0.17242286487206,0.131255271310302,0.428,0.424,1
"Irf2bp1",0.172430052800925,-0.164632661615383,0.111,0.135,1
"Gm2788",0.172602406088315,0.271115966828831,0.036,0.034,1
"Vps9d1",0.172872187015151,-0.156431887454902,0.067,0.083,1
"Spg7",0.172923231352292,0.110686947302394,0.497,0.514,1
"Gm57398",0.173040779870993,0.496763145470061,0.04,0.031,1
"Slx1b",0.173164316636197,0.218218626614933,0.051,0.052,1
"Syngr1",0.173447532792086,-0.310728747557776,0.049,0.065,1
"Pex1",0.173467208276255,-0.105026390930873,0.215,0.255,1
"Dab2ip",0.173539179300782,-0.71138709753861,0.012,0.021,1
"Rab23",0.173566854692159,0.103956152301484,0.085,0.086,1
"Inpp5b",0.173738828515655,-0.128558980140516,0.345,0.403,1
"C030037D09Rik",0.173746226781656,0.28877765865601,0.062,0.06,1
"Cog6",0.173986021285628,0.126577233494329,0.305,0.313,1
"Tgfbrap1",0.174657640995381,0.240969934586226,0.131,0.132,1
"Ctnnal1",0.17477149748313,0.420055121707421,0.013,0.011,1
"Gm28874",0.175053110001891,0.285242901528198,0.052,0.047,1
"Prr36",0.175109681786926,-0.417868581775951,0.01,0.015,1
"Klhl21",0.175183600429623,0.150254533590582,0.083,0.085,1
"Rom1",0.1753548801796,0.254553556966111,0.021,0.018,1
"C230066G23Rik",0.175359375891698,0.377019937743387,0.042,0.037,1
"Casz1",0.175410549250194,-0.186890530792318,0.017,0.023,1
"Gm35330",0.175446299409737,-0.529520348984451,0.016,0.024,1
"Gm48879",0.17546180908064,-0.349830116493869,0.011,0.015,1
"Dnaaf5",0.175708164295264,0.101783281423229,0.182,0.19,1
"Ralgds",0.176037487807592,0.196189217174042,0.144,0.141,1
"Gm12762",0.176330340316765,-0.475797023814261,0.018,0.028,1
"Gm46378",0.176738739077029,0.228656065634745,0.017,0.018,1
"Bcas1",0.176904021611197,0.402579871812379,0.017,0.016,1
"Slc1a4",0.176938625763257,-0.325667537450876,0.023,0.031,1
"Pram1",0.177014359350009,0.478205268882996,0.023,0.018,1
"1700022I11Rik",0.177191011618891,-0.205611888320301,0.009,0.012,1
"Fam83e",0.177434691158699,0.334605353412864,0.023,0.02,1
"Tmem109",0.177563781934045,-0.154177600613421,0.44,0.504,1
"Stxbp1",0.177818746712916,-0.324570373538472,0.016,0.023,1
"Csnk1e",0.177983518110005,-0.257997634217338,0.065,0.086,1
"Pard6b",0.17802659601255,0.157186215285541,0.014,0.016,1
"Rdh12",0.178290999365931,-0.247312552320131,0.027,0.036,1
"Ppcdc",0.178356376142032,0.11439071077913,0.245,0.253,1
"Stpg4",0.178907790831441,0.774579881812334,0.014,0.011,1
"Acsbg1",0.178974924243341,0.270947263961028,0.081,0.075,1
"Gm16175",0.179197633602227,-0.642910565573666,0.01,0.015,1
"9530062K07Rik",0.179285613937292,0.229221395915754,0.054,0.051,1
"Trim13",0.179350075467813,-0.301772212580377,0.069,0.095,1
"Sidt1",0.179359507328691,0.23370373955194,0.33,0.331,1
"Slamf7",0.179785518780964,-0.489203450313827,0.027,0.042,1
"Gm16153",0.179919228419348,0.347066634001205,0.037,0.037,1
"Tg",0.179937992732129,-0.665811438704212,0.04,0.049,1
"Ager",0.179968345919374,0.288697864794459,0.02,0.018,1
"Gm15518",0.180015921843882,-0.105726889048534,0.128,0.155,1
"Zfp52",0.180206414576393,0.160096863114648,0.097,0.095,1
"Gm17249",0.180269175135562,0.453391265100146,0.019,0.018,1
"Brf2",0.180339227845992,-0.138478011901046,0.131,0.16,1
"Lhpp",0.180536162422711,-0.188299019665283,0.083,0.104,1
"Popdc2",0.180793599921783,0.362211391122547,0.011,0.011,1
"Agap2",0.181005092292664,0.134495200150196,0.369,0.379,1
"ENSMUSG00000121482",0.181345345322829,0.104201093430622,0.128,0.129,1
"Mgat4b",0.181821171629995,-0.211219457459045,0.051,0.066,1
"Mtrfr",0.181901886533217,0.112648740128319,0.197,0.201,1
"Tmem154",0.182168794597028,0.169088464240318,0.357,0.36,1
"Gm57464",0.182473231344157,-0.209200368322684,0.007,0.01,1
"Abcb10",0.182654712593613,0.287233276827179,0.05,0.048,1
"Pfkfb2",0.182690138131813,0.218274458292625,0.051,0.051,1
"Prdm15",0.182741741273335,0.136720586783111,0.178,0.182,1
"A930029G22Rik",0.182811117389597,0.173140226164237,0.061,0.062,1
"Diaph2",0.183100783096709,-0.123037294101543,0.447,0.499,1
"Asl",0.183118993586039,-0.135341825949576,0.163,0.194,1
"A630095N17Rik",0.183205440958289,-0.708478349424237,0.007,0.013,1
"Zfp512b",0.183308389116324,-0.130801164763094,0.181,0.225,1
"C87436",0.183450330051518,0.140695711251317,0.314,0.319,1
"Rgs11",0.183891974326438,0.31922109513951,0.012,0.01,1
"Smad4",0.184198602953292,0.128495565697584,0.687,0.709,1
"Tent5c",0.184298699160186,-0.124712367679509,0.137,0.167,1
"Zdhhc24",0.184416516318432,0.138995279306336,0.28,0.291,1
"Dleu7",0.184529548678579,0.472957444466398,0.019,0.016,1
"Gm17259",0.184615099006073,0.209047235700407,0.036,0.037,1
"D030024E09Rik",0.184804405640865,-0.519962217258362,0.007,0.012,1
"Gm57349",0.184896131323676,-0.157829600049355,0.075,0.092,1
"Nrp1",0.185159276475399,-0.397824468145356,0.049,0.06,1
"Zswim9",0.185667370560569,0.187302779812635,0.065,0.065,1
"Aplf",0.185761548514283,-0.247424552930672,0.078,0.102,1
"Pnpla6",0.185901293352545,-0.144156154876454,0.067,0.086,1
"Nhsl2",0.185915340468531,0.209287287574072,0.012,0.014,1
"Trim69",0.186168855105842,0.413114004771303,0.047,0.041,1
"Gm49602",0.186368646085216,0.226913822842924,0.035,0.032,1
"Per1",0.186581529523757,-0.210684485755168,0.053,0.068,1
"BC035044",0.186630742730166,-0.366643370672286,0.052,0.071,1
"Cdk5",0.186787699972927,0.117284799212615,0.244,0.25,1
"Tmem250-ps",0.186794021560423,-0.151928827186563,0.094,0.118,1
"Gm43920",0.186797622130895,-0.274134989653716,0.028,0.037,1
"Sod2",0.186974658063548,-0.106784187904821,0.795,0.844,1
"Mroh8",0.187136614901375,0.314126599606097,0.033,0.033,1
"Vcpkmt",0.187185057367356,-0.116121700725386,0.441,0.506,1
"Tbc1d19",0.187977229912614,-0.186175547647785,0.143,0.18,1
"Dyrk2",0.187986091996994,0.128156367634056,0.328,0.335,1
"Gnasas1",0.188169296428045,0.113647551356096,0.204,0.211,1
"Zfp282",0.188527680366802,-0.120672418864971,0.206,0.251,1
"Tnr",0.188538059491854,0.206731640520888,0.012,0.013,1
"Ankrd27",0.188993363739438,-0.118133642413793,0.263,0.317,1
"Pik3r5",0.189168322411769,0.119027304974187,0.485,0.491,1
"Gm43138",0.189204185378377,0.150276095750836,0.019,0.02,1
"Ankrd24",0.189385556217532,0.238547186832364,0.07,0.071,1
"Mier2",0.189453116829186,0.103617331974994,0.125,0.133,1
"Lmtk2",0.189613234203518,0.118790846299604,0.414,0.441,1
"Harbi1",0.189964000727078,-0.114282955435963,0.123,0.15,1
"Thoc3",0.189969364244391,-0.108356070582961,0.672,0.743,1
"Klhl35",0.19030403405903,0.666879301615763,0.015,0.011,1
"Zfp457",0.190411171616937,-0.213124790585526,0.026,0.035,1
"Lrp12",0.190570483495635,-0.280134085399975,0.129,0.168,1
"Ncf2",0.191249770152437,-0.618004915115669,0.023,0.03,1
"Pla2g6",0.19126246542966,-0.243205768064811,0.054,0.07,1
"Ccdc85c",0.191384671821653,0.193439305043572,0.047,0.046,1
"Ranbp17",0.19139157052743,0.379008669431978,0.014,0.013,1
"Lime1",0.191399915560478,-0.478944729285102,0.009,0.014,1
"Gm13594",0.191435503696301,0.219026653259943,0.018,0.017,1
"Gm11342",0.191566947343092,0.317871296400051,0.105,0.098,1
"Traf7",0.192089668116399,0.13117492795008,0.372,0.386,1
"1700010K24Rik",0.192294746752263,0.300671346199022,0.062,0.058,1
"Gm20536",0.192315187376609,-0.192385104629408,0.019,0.023,1
"Rmi1",0.192464273703747,0.107855388462871,0.35,0.368,1
"Hddc3",0.192965848426972,-0.1501343687095,0.212,0.257,1
"Arrdc3",0.193221632509224,0.290238742064584,0.118,0.115,1
"Nek1",0.193482397612615,-0.159934398471191,0.365,0.424,1
"3110070M22Rik",0.194071713510124,-0.504023847293056,0.007,0.012,1
"Ppp2r5b",0.194108693569665,-0.310214546814636,0.023,0.032,1
"Cmya5",0.194181722723875,-0.274616224468567,0.022,0.029,1
"Rrnad1",0.194332391209247,0.119963223843755,0.177,0.188,1
"Gm42067",0.194602934270897,-0.151412616678815,0.063,0.072,1
"Trav4-2",0.194735751996616,-0.248701070660518,0.015,0.017,1
"Mttp",0.194779178180418,0.25244738502606,0.141,0.139,1
"9230116N13Rik",0.194809747591434,0.224354016086492,0.039,0.042,1
"Gm568",0.194823564155064,0.632543939983504,0.01,0.008,1
"Gm31616",0.194876006150567,-0.119449014187809,0.067,0.08,1
"Chpf",0.195209500146738,0.110758523635158,0.093,0.101,1
"Hecw2",0.195270993448716,-0.282765494349418,0.012,0.017,1
"Opn3",0.195401294437619,0.281822765835254,0.015,0.015,1
"Klc2",0.195550714021366,-0.2010310361372,0.046,0.06,1
"Qprt",0.195818291343626,0.450381883674166,0.03,0.026,1
"Itgb1bp2",0.195865885017314,0.16536011937631,0.058,0.061,1
"Gm46430",0.19598155288261,-0.103049212855314,0.094,0.114,1
"Tysnd1",0.196706353015975,-0.145452961810514,0.206,0.251,1
"Sergef",0.197023104007771,0.121715229738613,0.186,0.193,1
"Calhm2",0.197764712330719,-0.112649649966381,0.147,0.177,1
"Gm20109",0.198272917548244,-0.147851342100954,0.013,0.016,1
"Atg2a",0.198555606368882,0.180094758858034,0.135,0.133,1
"Myh10",0.198559003120368,0.168762538605224,0.061,0.062,1
"Camta2",0.198733499444087,-0.139075870992201,0.08,0.097,1
"Abcb6",0.198818517619736,0.217509834566779,0.037,0.038,1
"Vsir",0.199034791271283,0.154255969315471,0.279,0.284,1
"Nsmf",0.199251571449477,0.318499875848711,0.039,0.037,1
"Dnlz",0.199328267475608,-0.105851891771862,0.403,0.463,1
"Gm15675",0.19934377336026,0.619276063800945,0.014,0.01,1
"Paqr8",0.199442832128816,-0.343163863654865,0.024,0.035,1
"Abhd2",0.199797538459415,0.126478535422812,0.527,0.54,1
"Smpd2",0.200139607025412,-0.304999631971189,0.042,0.058,1
"Ntrk3",0.20041807564424,0.447697779749539,0.098,0.087,1
"BC024978",0.20068957246515,0.221951302111508,0.063,0.062,1
"Cul7",0.200765475972151,0.304716650467784,0.037,0.036,1
"Gm20337",0.20100380230177,0.343769821689182,0.025,0.023,1
"Zfp286",0.201020492259517,0.390613450914189,0.021,0.019,1
"Eme2",0.201372000279803,-0.134303644771316,0.045,0.055,1
"Eda2r",0.201991931350599,-0.636873837305528,0.007,0.011,1
"Tapt1",0.20201530253581,0.121826596858731,0.506,0.525,1
"Pogk",0.202171421917008,-0.154737988006175,0.079,0.095,1
"Cd244a",0.20231844679035,-0.155536355026052,0.012,0.016,1
"Trpt1",0.202897998288616,-0.342281903537113,0.009,0.012,1
"H2ac10",0.203011017503944,0.243197288238106,0.017,0.017,1
"Gm43625",0.203014178638028,0.389605163903533,0.023,0.022,1
"She",0.203514073379953,0.224294539290053,0.101,0.098,1
"1700080G18Rik",0.203599739481901,0.220682332905882,0.025,0.024,1
"Mei4",0.204094763046152,-0.615770557502469,0.006,0.01,1
"Zbtb45",0.20415180620145,0.100139097296073,0.151,0.166,1
"Klhl26",0.204379065862426,0.12630007981662,0.174,0.176,1
"Zfyve19",0.204714308893555,-0.133048458499875,0.11,0.137,1
"Traj40",0.204817830451483,0.423089885689991,0.025,0.021,1
"2810001G20Rik",0.205002000739041,0.196318515952948,0.222,0.218,1
"Rbms2",0.20508840614755,0.152545813243217,0.184,0.197,1
"Gm31223",0.205131703635322,-0.387400491728326,0.012,0.018,1
"Gm56813",0.205379770247267,-0.277076232511391,0.017,0.023,1
"Sos2",0.205881662128991,-0.14040108233502,0.408,0.485,1
"Nr2f6",0.205988542549193,0.229243053544637,0.04,0.039,1
"Flacc1",0.20619557452279,-0.242036245971363,0.028,0.037,1
"Blcap",0.206925071418859,-0.226601559658539,0.099,0.127,1
"Bbs10",0.207202645361438,-0.119392293180638,0.059,0.072,1
"Tbck",0.207915867081029,0.103840386978171,0.388,0.414,1
"Slc25a51",0.208240924806321,-0.103377147395871,0.357,0.414,1
"Tmem167b",0.208485454065163,-0.1186235647393,0.156,0.19,1
"Zfp667",0.208692537271819,0.238379719503377,0.03,0.029,1
"4921515G04Rik",0.20889976718797,0.325354627363265,0.029,0.027,1
"Pear1",0.209151294272558,0.239704414835582,0.06,0.06,1
"Lratd2",0.209920011158499,-0.145100372786916,0.052,0.062,1
"Snhg9",0.210214382848754,0.155168909451675,0.075,0.076,1
"Gm46440",0.21024504288764,-0.293226440869827,0.013,0.02,1
"Naga",0.210348606801517,-0.152456326366976,0.103,0.126,1
"1700120C14Rik",0.211183689949038,0.318009978194193,0.065,0.062,1
"P4hb",0.211305695591703,-0.136593343663563,0.831,0.88,1
"Wfikkn1",0.21204434025269,-0.340625386808064,0.008,0.012,1
"Arl11",0.21205463731532,-0.457063121289092,0.017,0.025,1
"Mlf1",0.21238242377639,-0.317837078049502,0.031,0.044,1
"Homer1",0.213221693670086,0.140166084021238,0.119,0.125,1
"Septin8",0.213665628355031,0.129822234076823,0.153,0.158,1
"Gm50232",0.2137621300399,-0.259049904059076,0.015,0.02,1
"Oser1",0.213837220655663,-0.112385509811821,0.414,0.476,1
"Trav6-7-dv9",0.213929535482641,0.212234586108605,0.017,0.02,1
"Tuba4a",0.214056421269595,-0.106731169921451,0.829,0.871,1
"Gm17590",0.214251775906473,-0.351332349498452,0.023,0.031,1
"Gm30414",0.214314750834757,0.128419098441494,0.013,0.016,1
"Gm16998",0.21435309976093,-0.394667583963856,0.006,0.01,1
"Tmem263",0.214401594455921,-0.143059901578261,0.22,0.263,1
"Zfp551",0.214403666948447,0.3770606159681,0.015,0.012,1
"Gm7102",0.214450532683949,-0.301049459982529,0.01,0.016,1
"Gm36235",0.214811190407214,0.560837477832143,0.022,0.017,1
"H2-Oa",0.214954522979283,0.193045943887009,0.056,0.059,1
"Gm56793",0.215009242176845,0.283872982353674,0.01,0.009,1
"Gm13842",0.215213431403893,0.310567424829975,0.031,0.027,1
"Tmc8",0.215271943701996,0.123329109378203,0.274,0.287,1
"Trbv12-2",0.215303903616537,-0.106134826191266,0.034,0.037,1
"Mutyh",0.21676298814367,0.149359782496473,0.091,0.093,1
"Elp5",0.216963928711604,-0.128347029074788,0.556,0.625,1
"Txlnb",0.217167341381278,0.547363286138803,0.013,0.011,1
"Fbxo32",0.217231701953362,0.392397859776,0.113,0.103,1
"Gm46332",0.217280958836821,0.649442711371174,0.012,0.009,1
"Bend5",0.21760617689389,0.18790446705993,0.035,0.031,1
"Acot11",0.217781284600378,0.347220783859602,0.021,0.018,1
"Tepsin",0.217908786322285,-0.173168355350202,0.048,0.06,1
"Ankrd29",0.218095683804594,0.317701939003991,0.017,0.015,1
"Hk2",0.218104844640942,-0.247340765604136,0.363,0.441,1
"Rhov",0.218851134617108,-0.223922658014658,0.026,0.032,1
"Gm29093",0.219207076712557,-0.404133144288384,0.013,0.019,1
"Trappc14",0.21946156258043,-0.128935831541262,0.117,0.145,1
"Gm56776",0.219589570306912,0.502852281308771,0.023,0.019,1
"Ak7",0.219615622330134,0.595594996294716,0.018,0.014,1
"Gm56563",0.219767155219409,0.189966027998851,0.013,0.012,1
"Fbxo30",0.220145193435064,0.107716277734054,0.105,0.111,1
"Preb",0.220477088775289,-0.139557879486464,0.306,0.367,1
"Kcnh2",0.220652331386585,0.371046182709319,0.01,0.008,1
"Gstm4",0.220869467439059,0.205854439994609,0.06,0.058,1
"Gm36920",0.221110208060917,-0.111036502799633,0.057,0.069,1
"Brdt",0.221569192067137,0.146964542987157,0.041,0.045,1
"Bmerb1",0.221881301844712,-0.710616403924801,0.013,0.022,1
"Fuz",0.221890425146047,-0.139689814401758,0.095,0.118,1
"Wdcp",0.222814465480002,-0.15753581621954,0.152,0.194,1
"Gm10734",0.222819529122747,-0.504482878361695,0.005,0.01,1
"Gm10184",0.222924505734264,-0.398563564148408,0.011,0.016,1
"Gabbr1",0.223038112590013,-0.167293621358148,0.104,0.128,1
"2700097O09Rik",0.223212611712276,-0.170058083221298,0.275,0.334,1
"Gm41409",0.223821054094939,0.127504538490303,0.121,0.124,1
"Gm2011",0.223909147070586,-0.180538775924489,0.026,0.032,1
"Gm11725",0.224068613794481,-0.337944190562313,0.011,0.016,1
"Mblac2",0.224255185198034,0.113078285296212,0.15,0.156,1
"6530402F18Rik",0.224620621019667,-0.273465974921451,0.097,0.129,1
"Zhx3",0.224651049306621,0.127038947370282,0.161,0.174,1
"Gm32702",0.225088766796732,-0.200768614272416,0.032,0.04,1
"Ogfod2",0.225168748552834,-0.138583299416571,0.107,0.135,1
"Gaa",0.225205915952747,0.145091205057856,0.106,0.109,1
"Hdac9",0.225436627831463,0.348955087290547,0.015,0.013,1
"4930500G05Rik",0.225540763635004,0.26288306561258,0.048,0.046,1
"Rhbdl1",0.225561679530959,-0.377036635616961,0.017,0.025,1
"Gm9750",0.225592643434873,0.323964551918858,0.015,0.013,1
"Gm10640",0.225722669793535,0.644844720470322,0.017,0.012,1
"Zfp493",0.225723699318836,0.315770291357258,0.018,0.016,1
"Ids",0.226004284309213,0.181762827231697,0.093,0.094,1
"Zfp101",0.226132620996892,0.11904348108694,0.169,0.177,1
"Tst",0.226436633587345,0.344381349569229,0.022,0.02,1
"Slc25a16",0.226559119286214,-0.106179655532614,0.332,0.381,1
"Tnfrsf19",0.226632130712027,0.327317647278927,0.012,0.011,1
"Gm13012",0.227141362243741,-0.14509643586359,0.036,0.045,1
"Gm30881",0.227612808232829,-0.188835320916386,0.034,0.044,1
"Fkbp7",0.227748863224757,-0.171849308244684,0.034,0.043,1
"Slc14a1",0.228214054225648,0.135446031486063,0.218,0.216,1
"Taf1b",0.228357362757992,0.111299877125124,0.482,0.494,1
"Mcoln3",0.228835384389958,0.333381968915773,0.068,0.062,1
"Tspan17",0.22903591934393,0.386507932331861,0.015,0.014,1
"Cdnf",0.229272559521495,0.291543518904658,0.046,0.042,1
"Tead1",0.229278043822324,-0.190705361214921,0.037,0.045,1
"Kcnj14",0.229327978083792,0.726451245814022,0.01,0.008,1
"Dus2",0.2293754064023,-0.132431419373601,0.166,0.196,1
"3300002P09Rik",0.230929914912019,-0.177799204543472,0.009,0.011,1
"Dok3",0.230950620175263,-0.413856215980462,0.01,0.015,1
"Gm6169",0.231005381977242,0.315912445740095,0.014,0.013,1
"Gm57403",0.23139246501722,-0.159937048761141,0.044,0.057,1
"Cyp2s1",0.231482066112689,0.320282314820502,0.01,0.008,1
"Pcgf3",0.231678284967552,0.116547779612371,0.334,0.347,1
"Usp42",0.231972967847601,-0.103188152759937,0.195,0.233,1
"Deptor",0.23205222702275,0.461177080492359,0.013,0.01,1
"Oas1a",0.232101934341831,-0.140632616046041,0.033,0.041,1
"Gm29055",0.232243668217707,-0.448793295230823,0.012,0.018,1
"Gm10101",0.232253644488608,0.113764087408466,0.083,0.082,1
"Gm21781",0.232286345644809,0.366984421794429,0.046,0.04,1
"Matcap1",0.232472032493502,0.155147556816944,0.042,0.043,1
"E230016M11Rik",0.232562195250413,-0.175502660243153,0.053,0.069,1
"Wdr18",0.232596059815192,-0.152045212075987,0.57,0.645,1
"Mkln1os",0.232706322455072,0.396299896427049,0.023,0.022,1
"Tha1",0.233225548434622,0.164362475798248,0.077,0.077,1
"Trp53rka",0.233226723246702,-0.15216239694346,0.134,0.16,1
"Gm42726",0.233327758183816,0.464704380451153,0.019,0.016,1
"Rgs18",0.233328664125335,-0.762455422082923,0.007,0.013,1
"Pkd1l2",0.233389818267427,-0.48152066923338,0.007,0.011,1
"Rnf141",0.233540915440288,0.105624780083774,0.236,0.255,1
"Zfp112",0.233937551419422,0.353665983526778,0.031,0.029,1
"Gm19265",0.23407042648801,0.366734177803528,0.038,0.033,1
"Gm43061",0.234485068713363,0.272257166824752,0.013,0.011,1
"Cant1",0.234521959235227,0.141914665785245,0.175,0.182,1
"Gm15880",0.234823808544749,-0.638152363993562,0.007,0.011,1
"Zfp72",0.23499874018089,0.33701121724323,0.026,0.024,1
"Mboat4",0.235273497294039,-0.285470645486986,0.013,0.017,1
"Trav2",0.23534972932559,1.13214426813711,0.012,0.007,1
"Cd302",0.235409741672819,-0.243473272334195,0.007,0.011,1
"1700007L15Rik",0.235476773801389,-0.170675969374651,0.11,0.137,1
"Gm56952",0.235978980315653,-0.355635769067736,0.007,0.011,1
"Cyhr1",0.236102527593309,-0.100290278352433,0.081,0.1,1
"2310026I22Rik",0.23636288286144,0.364035089710971,0.024,0.024,1
"Nphs1",0.236440886016955,0.133594080144585,0.066,0.067,1
"H4c3",0.236697423866217,-0.341791106936729,0.045,0.062,1
"Afp",0.236841120998142,-0.129895991661563,0.04,0.045,1
"Tnfsf13os",0.236975655989855,0.372447531674731,0.017,0.014,1
"Gm12743",0.2371043453496,0.374602344992418,0.056,0.052,1
"5430400D12Rik",0.237269128854952,0.216041393063316,0.018,0.02,1
"Plcb4",0.237496077264628,-0.308391206963489,0.062,0.08,1
"Gucy1b1",0.237769869213982,0.250159493059648,0.034,0.028,1
"Cep95",0.23824900645592,0.135503009132362,0.384,0.392,1
"Bbs1",0.238368522554044,-0.290257786575938,0.011,0.015,1
"Samd8",0.238524373287388,0.10850982821939,0.246,0.257,1
"Dnajb13",0.239312641639581,-0.205787341093078,0.014,0.019,1
"Gm16272",0.239615303959614,0.197468945763755,0.03,0.029,1
"Rrbp1",0.239618362307844,-0.11228599226264,0.831,0.885,1
"Ess2",0.239750621351219,0.12653891224863,0.177,0.189,1
"Gm48383",0.240275213578812,0.409956166439946,0.011,0.009,1
"D930015M05Rik",0.240334025952297,-0.30766267644561,0.034,0.047,1
"Bex2",0.240341527535176,0.315416236525404,0.022,0.019,1
"Zfand1",0.240502115861464,0.104462565820686,0.246,0.259,1
"Lipe",0.240542706081643,-0.184845138625558,0.042,0.054,1
"Coq8a",0.24055695711752,-0.189875298230201,0.023,0.031,1
"Dguok",0.240873025048225,0.126360697682213,0.67,0.684,1
"Pcnx4",0.241057027534758,-0.194469219049569,0.178,0.22,1
"Hps4",0.241372246881862,-0.111566572153359,0.198,0.233,1
"Zfp11",0.242796364169277,-0.273721648865208,0.026,0.036,1
"Gm20682",0.242833919387394,-0.518883304426719,0.01,0.015,1
"Cdc42bpa",0.242896540303659,0.122411096854397,0.051,0.052,1
"Traj58",0.242899579641368,0.1709329451568,0.013,0.012,1
"Gm28513",0.243186140125461,0.156284455649093,0.012,0.015,1
"Dvl1",0.243351738060554,0.172858503996797,0.079,0.08,1
"Gm49692",0.243537381871436,0.114379233520402,0.095,0.096,1
"Jakmip1",0.243613811789394,0.197286293437952,0.392,0.395,1
"Gm50455",0.244197298130268,0.282400444755924,0.025,0.023,1
"Gm57372",0.244363077240768,-0.309845267279673,0.011,0.016,1
"Tes3-ps",0.24442634464224,0.49720012437191,0.01,0.007,1
"Nr4a1",0.244490930263479,0.307602048561232,0.059,0.055,1
"Atp8b2",0.244671446859622,-0.113696251786646,0.304,0.36,1
"Adhfe1",0.244799041886443,0.327177244592711,0.023,0.021,1
"Ptgfrn",0.245326858232851,-0.196800705004066,0.091,0.114,1
"Gm17435",0.245460409060402,-0.185653921502698,0.056,0.068,1
"Gm8797",0.245536225717577,-0.448594104173257,0.029,0.041,1
"Gtf2h4",0.245597199582634,-0.1460217302871,0.376,0.452,1
"Trps1",0.245720040532458,0.172798113352016,0.097,0.097,1
"Gm32006",0.245835714041863,0.113214437782831,0.02,0.022,1
"Wdr90",0.246287267587276,0.132299105325058,0.056,0.057,1
"Nek8",0.246750009614251,-0.146125440420439,0.07,0.083,1
"Gm26885",0.246766614063638,0.384375799862401,0.03,0.028,1
"0610040B10Rik",0.246960888410122,-0.100991595049511,0.1,0.114,1
"Gm43328",0.247047533682229,-0.145723459388586,0.09,0.113,1
"Ppp1r13b",0.247094008204043,0.124550068097439,0.359,0.376,1
"Naaladl2",0.247177175436108,-0.189601605648599,0.014,0.019,1
"Gm527",0.247224663573587,-0.294589125653594,0.014,0.019,1
"Wdr24",0.247287831316394,0.115416052444765,0.091,0.094,1
"Fes",0.247527536805516,-0.499026501510986,0.007,0.012,1
"Ptar1",0.248327452384454,0.10070601090242,0.221,0.234,1
"Gm45509",0.248730328606109,0.212722355510149,0.079,0.075,1
"Katnal1",0.248939916108683,0.121071483939299,0.04,0.04,1
"Adck2",0.249170411317709,-0.171017148547028,0.07,0.087,1
"Atp11a",0.249233137701161,-0.132574198148925,0.197,0.238,1
"Apol7e",0.249366890310849,-0.426290959457463,0.012,0.017,1
"Dohh",0.249383593307479,-0.145232979947973,0.521,0.601,1
"Gm56806",0.250249123834323,-0.157326518235909,0.017,0.021,1
"Dync2i2",0.250606323080476,0.11202851394408,0.059,0.062,1
"Trim45",0.250680321655027,0.137782084007196,0.014,0.016,1
"Gm45435",0.250861296408743,0.137673109947317,0.017,0.017,1
"Btbd19",0.251211439129025,0.169767682833597,0.135,0.138,1
"Enpp5",0.251763251195121,-0.246335956291932,0.018,0.023,1
"Gm56519",0.251768575676136,0.109714171857714,0.013,0.016,1
"Ankrd39",0.251780061050969,-0.120797191866967,0.233,0.281,1
"Dalrd3",0.2517829263899,-0.1762599227932,0.133,0.166,1
"R3hcc1l",0.252110754038027,0.101376390304613,0.438,0.463,1
"Zfp821",0.252156848232159,-0.152457817223288,0.044,0.057,1
"Gm34162",0.252450366970284,0.144363076719378,0.016,0.018,1
"Gm45767",0.252533088072802,-0.19905006412205,0.009,0.011,1
"Gm15832",0.253040590286216,0.483775523683983,0.026,0.022,1
"Ascl4",0.253737259317293,0.350061637108317,0.022,0.02,1
"Gripap1",0.253942789162421,0.115539551399629,0.476,0.493,1
"Pias3",0.254578315197039,-0.308026766563238,0.035,0.047,1
"Ap1m2",0.254631857850755,0.447191718687508,0.01,0.008,1
"3110045C21Rik",0.254751257526206,-0.252314573955773,0.024,0.03,1
"Akap17b",0.255509781343526,-0.158394303140025,0.085,0.109,1
"4930558N01Rik",0.255619349819298,0.242405295847196,0.08,0.078,1
"Vps33b",0.255730625244975,0.142091549922208,0.218,0.229,1
"Ccdc157",0.255804102469618,0.203469319218637,0.033,0.031,1
"Or7d10",0.255987089434985,-0.37027228359859,0.007,0.01,1
"Sorbs3",0.256382321569099,-0.275836442867907,0.017,0.023,1
"Gm4419",0.256472698547794,0.225815482505083,0.011,0.011,1
"Prlr",0.256482228845607,0.158618745429879,0.05,0.044,1
"Senp7",0.25650414195169,0.129076453814924,0.635,0.662,1
"Trbv20",0.257392539405067,-0.157115597462866,0.066,0.078,1
"Wdr91",0.257500864552812,0.146078636618666,0.135,0.139,1
"Galnt9",0.257627111092794,-0.140583683252022,0.029,0.038,1
"Gm26631",0.257688000997445,-0.215090113592937,0.014,0.017,1
"Pfn2",0.257713725382542,-0.265354498752785,0.017,0.023,1
"Fam110a",0.257999203811784,0.196371876783945,0.053,0.054,1
"Ccdc90b",0.258156111723088,-0.163824127755075,0.192,0.232,1
"Tank",0.258296817839859,0.140406415174949,0.66,0.673,1
"Usp21",0.258558819038129,0.16273904442034,0.129,0.131,1
"H2ac15",0.258900027487274,0.259688551352741,0.043,0.044,1
"Hgs",0.259077452970868,0.130016588605714,0.255,0.27,1
"Def8",0.259581049406018,0.15055985374882,0.068,0.072,1
"Endov",0.259803345703461,0.181104611720156,0.106,0.105,1
"Bmpr2",0.259809877165097,-0.122891154218597,0.171,0.203,1
"Pxn",0.259949874779346,0.10036112897575,0.268,0.281,1
"Adprhl1",0.260179444008507,-0.152686278224572,0.017,0.019,1
"Syngr4",0.260319438790313,0.338431489654401,0.02,0.018,1
"Shf",0.260491893661667,0.237395627588461,0.018,0.017,1
"Dok4",0.260750532198051,-0.108997978069628,0.009,0.012,1
"Sult2b1",0.261397179028122,0.426913010837572,0.014,0.011,1
"Slc5a6",0.261499377174745,0.179767941938938,0.041,0.041,1
"Fkbpl",0.261540363724656,-0.182520298730028,0.028,0.038,1
"Zfp709",0.262357573475494,-0.140230952098827,0.106,0.131,1
"Cdkl3",0.262453874262928,0.1818221458358,0.281,0.289,1
"Trib2",0.262765634905826,0.249467070277399,0.321,0.306,1
"Kansl1l",0.262875692428793,0.2046635927219,0.154,0.152,1
"Zfp866",0.26440094743636,0.218704466316835,0.213,0.207,1
"Ckmt1",0.264433933646095,0.549001969625146,0.011,0.008,1
"Zswim4",0.264637957286022,-0.134441985440682,0.065,0.082,1
"Ccdc141",0.264702544184253,0.152318437939438,0.051,0.054,1
"Mroh1",0.265259301949352,-0.101342589687443,0.088,0.108,1
"Gm36738",0.265468585318027,0.313757097627155,0.105,0.098,1
"Mib2",0.265518814450477,-0.496296862555216,0.016,0.025,1
"Gm48678",0.26557644332248,0.211801932169963,0.069,0.068,1
"Mtrr",0.26602389668648,0.138788654646482,0.246,0.256,1
"1700048O20Rik",0.266343588613193,-0.16628100111413,0.051,0.062,1
"Hs2st1",0.266488278973,-0.115372509570456,0.369,0.438,1
"Mob3b",0.267281041783548,0.139582928391019,0.145,0.149,1
"Scarb2",0.26798991742245,0.105635221391169,0.644,0.657,1
"Gm56673",0.268196927004501,0.340377195511276,0.012,0.011,1
"Tspan13",0.268460903997379,0.13272026621866,0.843,0.851,1
"Gm26621",0.268646626374128,0.196865710285412,0.036,0.035,1
"Icmt",0.268998199102516,-0.125968015520751,0.086,0.109,1
"Tpk1",0.269004017074181,0.133388815171442,0.247,0.263,1
"Efcab8",0.269112073689098,-0.276159936541612,0.016,0.018,1
"Pdss2",0.269533278692234,0.10213932709647,0.573,0.596,1
"Osbpl9",0.269665836538017,0.152526597525778,0.616,0.622,1
"Jmjd7",0.270078539677858,0.100214571728696,0.085,0.095,1
"Pgpep1",0.270230274053539,-0.151727157775666,0.03,0.037,1
"Egr1",0.270374784715513,-0.408351589252267,0.034,0.04,1
"H3f3aos",0.270894686095452,0.236599602708118,0.017,0.017,1
"Bod1",0.270935004870762,-0.158035217312556,0.23,0.279,1
"H4c12",0.271165871258315,0.25468616995179,0.013,0.012,1
"Aplp1",0.271692576328123,0.368124000045788,0.013,0.011,1
"Mta3",0.27232408680803,0.101413958682836,0.685,0.706,1
"Oxld1",0.272410885448442,0.124499458147365,0.162,0.167,1
"Scrib",0.272431521423427,0.106303501616503,0.128,0.131,1
"Gm47214",0.272434034936532,-0.140110256482067,0.067,0.081,1
"Il3ra",0.272826460854004,0.322211705919067,0.075,0.07,1
"Gm43560",0.272878603376166,0.23467124580548,0.013,0.014,1
"Slc9a7",0.272995970902945,-0.335635059998534,0.012,0.018,1
"Cmtr2",0.27302563312489,0.188444235854145,0.095,0.096,1
"Dnah17",0.273277712505715,0.506746721816083,0.02,0.018,1
"Zbed5",0.273453994727439,-0.516437413263684,0.014,0.021,1
"Gm26779",0.27392384722108,0.309770959589574,0.053,0.049,1
"9630013D21Rik",0.274491472838688,0.234184129374693,0.033,0.029,1
"Rslcan18",0.274660599459389,0.209971524579244,0.02,0.021,1
"Fam184b",0.274967988564037,0.174551887000121,0.019,0.018,1
"Zfp580",0.274987086362711,-0.115737020592857,0.073,0.093,1
"Gm13184",0.275948849901443,-0.308646565893005,0.007,0.011,1
"1700086O06Rik",0.276169944930537,-0.159416729430257,0.122,0.154,1
"C330013E15Rik",0.276555862804806,-0.404003841265159,0.017,0.025,1
"Gm56535",0.276957139008795,0.352831444649698,0.011,0.009,1
"Zfyve16",0.27715981672338,-0.122851252445013,0.204,0.242,1
"Lrrc51",0.277354394379526,0.145780311654327,0.053,0.051,1
"Gm38115",0.277613269536907,0.353534145685448,0.049,0.044,1
"Slc35e3",0.277742595738001,0.212473466096665,0.038,0.039,1
"Pank1",0.277938187568,-0.378322684295838,0.046,0.066,1
"Stard5",0.278535464280071,0.144870235784156,0.091,0.09,1
"Armcx6",0.27866440932875,-0.458193198426315,0.017,0.023,1
"Cables2",0.278789403842954,-0.103056923717132,0.215,0.247,1
"Gm28068",0.278979475007735,0.171649427862557,0.026,0.025,1
"Khnyn",0.27906400100357,0.150689770814256,0.214,0.218,1
"Nrg4",0.279191581266913,0.233445465001334,0.023,0.022,1
"Zfp991",0.279521466606364,0.112677262049194,0.049,0.054,1
"Dgkg",0.27987120922808,0.530146283386709,0.013,0.01,1
"Osgepl1",0.279897297926687,-0.155838434928289,0.144,0.169,1
"Gm56765",0.280177130614168,-0.413817662761762,0.014,0.023,1
"Ppard",0.280357251242261,-0.103435819685294,0.229,0.263,1
"Runx2os1",0.28115084212699,-0.906736049856766,0.006,0.012,1
"Zbtb3",0.281231527620287,-0.462255925082313,0.013,0.019,1
"Sirt6",0.281231706850321,-0.15291075609562,0.103,0.13,1
"Slc39a4",0.281447863196713,-0.224010148753131,0.063,0.083,1
"Irak1bp1",0.281517880329062,-0.437019703358934,0.051,0.075,1
"Gnrh1",0.28171220975083,-0.315064108311788,0.015,0.022,1
"Hyls1",0.281809109716794,-0.179010766984327,0.057,0.075,1
"5930411N13Rik",0.281852858239947,-0.368805263812733,0.007,0.011,1
"E230029C05Rik",0.282573809482623,0.254308647186351,0.043,0.044,1
"Fbxo46",0.282797879782569,0.175932124007192,0.136,0.139,1
"Gm56717",0.283311134260433,-0.215293152740743,0.01,0.014,1
"Arl5b",0.283695087260446,0.1108488259441,0.203,0.209,1
"Gm56680",0.283725032595317,0.105374180361521,0.019,0.022,1
"Gpank1",0.283849585886129,0.109424909216996,0.299,0.309,1
"Nupr1l",0.284019540260847,-0.252394424144113,0.016,0.022,1
"Il6ra",0.284094511162079,0.297680507591015,0.257,0.234,1
"Plbd2",0.284577119186369,-0.165617394162419,0.136,0.169,1
"4930509E16Rik",0.284600230251861,0.207783170745054,0.024,0.023,1
"Hdlbp",0.284611759368796,-0.14334876242747,0.89,0.928,1
"Trav6n-6",0.284706424547855,-0.327479078546773,0.014,0.017,1
"Pmel",0.284720489762841,0.179401545151406,0.022,0.026,1
"Cyren",0.284898265631586,-0.189442167014075,0.137,0.172,1
"Ppfibp1",0.285480289655977,-0.117796621161049,0.148,0.17,1
"Gucy1a1",0.286525052197116,0.506396223001065,0.018,0.012,1
"Mtfr1",0.286697826028273,-0.118641838344287,0.345,0.398,1
"Slc26a8",0.2868666765545,0.387482929232063,0.014,0.011,1
"Gm32633",0.286966310792695,0.488474726198559,0.021,0.019,1
"Gm9958",0.287274815479143,-0.167300336528102,0.026,0.033,1
"Klf16",0.287446064553696,-0.204043907054682,0.144,0.184,1
"Phaf1",0.287760112198642,0.166241994253733,0.227,0.231,1
"Rnaset2a",0.28795119438369,0.107317060405972,0.364,0.372,1
"Gm10033",0.288065608441386,0.118516828273873,0.238,0.244,1
"Zscan2",0.28846670576133,-0.102257073686816,0.06,0.072,1
"4930520O04Rik",0.288662537228892,0.117784104716249,0.037,0.039,1
"Itpka",0.288858772653066,0.267075402051995,0.023,0.022,1
"Gm48765",0.288871230323362,0.37492604583097,0.039,0.036,1
"Gm50020",0.288944203197807,-0.376109470934495,0.008,0.012,1
"Gm15614",0.289013075823811,-0.264163909324838,0.033,0.045,1
"Gm10501",0.289161012809217,0.207463943727929,0.082,0.08,1
"R74862",0.289847716542513,0.454584134067409,0.021,0.018,1
"Gm26532",0.289963690796899,0.196711865914918,0.067,0.067,1
"ENSMUSG00000121319",0.290376526306255,-0.234146091838236,0.028,0.037,1
"Poc1a",0.290400761330321,0.11271610896073,0.155,0.163,1
"Zc3h12c",0.290946154083244,-0.232047443973959,0.011,0.017,1
"Neu3",0.291429746723149,-0.235528610800635,0.081,0.106,1
"Use1",0.291780892344516,0.125057055709669,0.432,0.445,1
"Inpp5e",0.292785055628775,0.226852000161195,0.087,0.088,1
"Kif3c",0.293037908624618,0.350552453351821,0.052,0.05,1
"Carf",0.293515778501125,0.101589703874226,0.089,0.096,1
"Mirt1",0.294312792854202,0.278908628047701,0.091,0.086,1
"Dpm2",0.294491663056658,0.108813981370262,0.354,0.369,1
"Dhrs4",0.29466173480343,0.102435986806856,0.414,0.433,1
"Immp2l",0.2951846865611,-0.122361583325525,0.374,0.421,1
"Pex11a",0.296379840177474,-0.77202600210958,0.006,0.013,1
"Gm32880",0.29643242563657,0.303657575431389,0.018,0.016,1
"Stard10",0.297044007835034,-0.20872930799131,0.021,0.027,1
"1700001L05Rik",0.297471825893408,0.264526027317179,0.016,0.015,1
"Gm26907",0.298458483309775,-0.182234320115392,0.012,0.013,1
"4930592C13Rik",0.298721248682136,-0.132615134622704,0.009,0.012,1
"Gm13402",0.298744073798688,0.3564611701065,0.018,0.017,1
"Rnf225",0.298942726924635,0.292088915419795,0.016,0.016,1
"1700019J19Rik",0.29930239451946,-0.358180235381345,0.015,0.022,1
"Gm57027",0.299304141785169,-0.28160473196883,0.025,0.036,1
"Socs7",0.299836604800604,0.100889196888696,0.174,0.183,1
"Smtn",0.299957299957543,0.674107798456694,0.013,0.01,1
"Gm53610",0.300040222908024,-0.218798156451796,0.01,0.012,1
"Mfsd12",0.300066907624438,-0.120937705023502,0.022,0.026,1
"Gm26827",0.300268062739017,-0.261420256744023,0.035,0.048,1
"Gm56552",0.300853647702953,0.250333116697306,0.012,0.01,1
"Snhg10",0.301215168932038,-0.176093282398453,0.062,0.077,1
"2310002F09Rik",0.301325703638766,0.229626646698669,0.039,0.038,1
"Star",0.3014589967467,0.373478184569095,0.048,0.044,1
"Gm56658",0.301948396400104,-0.547792713502339,0.009,0.012,1
"Sobp",0.302302482067088,-0.451605770685567,0.022,0.033,1
"Gm56812",0.303610336295872,0.150634730724236,0.029,0.029,1
"Dand5",0.304234443761514,0.267864790725689,0.055,0.053,1
"ENSMUSG00000121501",0.304423611255686,0.101509159225913,0.937,0.942,1
"Alg1",0.304551936242068,-0.13012838200181,0.162,0.197,1
"Gm26708",0.304616227570048,0.310339072593765,0.01,0.008,1
"Cd24a",0.304840067360272,-0.497584769641291,0.028,0.038,1
"Wdr49",0.305080560920771,0.439204989705769,0.024,0.02,1
"Gm11476",0.305198266792699,-0.216243720576615,0.018,0.023,1
"3010003L21Rik",0.305414451825394,0.137473937841266,0.067,0.069,1
"Gm30373",0.305713432439735,0.240232057643467,0.125,0.125,1
"Gm12940",0.30596731891469,0.163383276807251,0.142,0.146,1
"Gm57463",0.306021863704217,-0.132473047268186,0.059,0.075,1
"Marveld1",0.3061508369969,0.183621751412606,0.072,0.073,1
"Adam8",0.306236942679271,-0.470371280963189,0.017,0.024,1
"Gm10762",0.306317797497819,-0.128401193913646,0.091,0.113,1
"4933432G23Rik",0.306347372947753,-0.833851287738487,0.005,0.01,1
"Gm57413",0.307017945268362,0.314570361649732,0.028,0.026,1
"Cog2",0.307261967241184,0.117591723965478,0.412,0.431,1
"Khk",0.307596722894002,0.160511560284332,0.083,0.084,1
"2810029C07Rik",0.307760608898041,-0.210554602251284,0.007,0.01,1
"Gm56596",0.308027872731718,-0.119864978627479,0.047,0.054,1
"Pgbd1",0.308355098589437,0.148425265861559,0.018,0.018,1
"Slc12a9",0.309089523249978,0.188427826816892,0.086,0.085,1
"D2hgdh",0.309116091562002,0.234307619211666,0.052,0.052,1
"D030051J21Rik",0.30920022984075,0.357854363701781,0.013,0.011,1
"Atg14",0.309231368403929,0.156264941043227,0.201,0.208,1
"Trav7-1",0.309264682355382,0.123346246607954,0.009,0.01,1
"Rnf32",0.309495359810871,0.336354486428935,0.035,0.029,1
"Map3k12",0.309923886424491,-0.147842728766515,0.045,0.059,1
"Gm57390",0.3101878683204,-0.255777862424719,0.013,0.018,1
"1810055G02Rik",0.310442793045891,-0.240453379392965,0.079,0.104,1
"Rsph10b",0.310505131538114,0.47210347655344,0.015,0.013,1
"Trav21-dv12",0.310765754445811,0.452808739780231,0.023,0.018,1
"Wfs1",0.312414969923946,-0.423732223241367,0.009,0.014,1
"Gm28403",0.313135910202825,0.344008487064556,0.015,0.014,1
"Gm56901",0.313363086656105,0.161270641628165,0.037,0.038,1
"Slc6a13",0.313492828773393,-0.22254239492681,0.065,0.081,1
"Insr",0.313772531095733,0.156351750169293,0.26,0.271,1
"Fbxl12os",0.314071661426209,0.301390987711848,0.049,0.046,1
"Cdan1",0.314495839833923,0.211511046227562,0.073,0.078,1
"4933407K13Rik",0.314662347537416,0.189291892361393,0.139,0.138,1
"Gm47424",0.314985412079206,0.464232250272295,0.01,0.008,1
"Nphp1",0.315477034049524,-0.261688159655731,0.019,0.027,1
"Snx32",0.315478327034789,0.210906870768491,0.048,0.048,1
"Rnd1",0.315563764984655,0.192079772422664,0.019,0.019,1
"Nt5e",0.316270755585622,-0.105145408621844,0.086,0.097,1
"Rsph3b",0.316762486173143,0.221260654627478,0.075,0.073,1
"Etfrf1",0.317768251851954,0.1195808180358,0.18,0.186,1
"Gm31005",0.318240580057912,-0.137744139664071,0.02,0.026,1
"A430073D23Rik",0.318600827512298,0.184091733906643,0.096,0.096,1
"Fbxl2",0.318728483613771,0.181355433115477,0.033,0.032,1
"Gm48780",0.318875313855342,-0.257443542349204,0.019,0.023,1
"Ube2h",0.319143005690684,0.102917804233004,0.747,0.769,1
"Nmnat1",0.319490773907569,0.126521918509168,0.18,0.191,1
"Vps8",0.319511016986386,-0.143238823886338,0.16,0.198,1
"Rnf123",0.319780474467417,0.105124065866587,0.38,0.396,1
"Adap1",0.319797170234364,-0.169101143204321,0.052,0.065,1
"Lamc1",0.320156882164804,-0.110543676823516,0.302,0.341,1
"Gm50228",0.320843830009961,0.62681850944943,0.01,0.007,1
"Fam72a",0.321077789089546,-0.172717519362013,0.075,0.095,1
"Sugp2",0.321648386522105,0.153868142679765,0.295,0.3,1
"Nadsyn1",0.321820099844825,0.178886526803121,0.043,0.044,1
"Tnni1",0.321952244278272,-0.434160923387049,0.025,0.03,1
"Golt1b",0.322015558506138,-0.112413126064975,0.47,0.543,1
"H2ac21",0.322329153626398,0.326966924508671,0.01,0.011,1
"Gm55330",0.3224296610076,-0.352079951860588,0.015,0.02,1
"Hif3a",0.322525551477767,0.228947047432181,0.012,0.011,1
"Taco1os",0.323133784116067,0.402297523264864,0.013,0.012,1
"Ptges3l",0.323762822399296,-0.204162638132765,0.068,0.087,1
"Ccdc166",0.323987426657976,-0.21962795663534,0.033,0.045,1
"Stard3nl",0.324099001299792,-0.123783226445764,0.367,0.431,1
"Gm56590",0.324918701706732,0.345785568538152,0.018,0.016,1
"Cdkl5",0.325242529544828,-0.104390112836243,0.062,0.075,1
"Gm56972",0.325496002396447,-0.186517805948445,0.007,0.01,1
"Idua",0.325889162002008,0.248310693917529,0.033,0.032,1
"Zfp30",0.326309425358202,0.311619898099455,0.02,0.021,1
"Gm34655",0.326542765988591,-0.321442671016767,0.013,0.017,1
"Slc4a2",0.326791918868116,-0.116023833751138,0.121,0.146,1
"Gm20342",0.327218365160689,0.213840593017281,0.135,0.135,1
"Hivep3",0.327379771370303,-0.117331108536404,0.521,0.572,1
"Gngt2",0.327583212148266,0.138315378583443,0.399,0.418,1
"Prss36",0.327585454015405,-0.393684356422496,0.026,0.039,1
"Gm16337",0.327824338790605,0.679645657985112,0.011,0.008,1
"Gm43672",0.329310524808782,0.358950720563072,0.021,0.019,1
"Arf2",0.330225281857407,-0.131087040323902,0.075,0.095,1
"Cln8",0.330387728677632,-0.191575787528691,0.066,0.085,1
"Mcts2",0.330706487317413,-0.20020527876459,0.026,0.032,1
"Grk4",0.330722137955323,0.21157125643067,0.136,0.134,1
"Gm17106",0.330767932157924,-0.100893957560764,0.046,0.055,1
"Gm57006",0.330960889830658,0.27601235860383,0.041,0.041,1
"Fkrp",0.331239295537974,-0.112816848764351,0.193,0.225,1
"Camkk1",0.332148569336445,0.240104176999919,0.032,0.032,1
"Moap1",0.332196629586643,0.108880165174393,0.032,0.036,1
"1700063J08Rik",0.332276138651767,-0.364329684646493,0.011,0.016,1
"Acacb",0.332304114416312,0.317379372729569,0.032,0.029,1
"Ppm1n",0.332787467460671,-0.421450252174584,0.009,0.013,1
"Gm49463",0.332793609353557,-0.52145455337105,0.008,0.012,1
"Gm56855",0.333183614191293,-0.214054873609075,0.02,0.029,1
"Gm38037",0.333190094133368,0.552380584445943,0.012,0.01,1
"Pou5f2",0.333773367301832,-0.137720817385351,0.027,0.036,1
"6030445D17Rik",0.333877028887453,-0.307297045037759,0.013,0.018,1
"Pik3r3",0.334379694916855,-0.192135249257921,0.02,0.027,1
"Iftap",0.336473625342277,0.74089761009627,0.02,0.019,1
"Adgrg5",0.336585846195593,-0.227873342988389,0.09,0.114,1
"Glyctk",0.336770586933006,0.115956048745245,0.035,0.035,1
"D030016M11Rik",0.336935506336329,0.29241940179234,0.035,0.034,1
"Ppil6",0.336944118132061,-0.123382197799469,0.011,0.014,1
"Gm20492",0.336961524998968,-0.117927344317846,0.015,0.018,1
"Colq",0.337099505093779,-0.513772195757977,0.008,0.012,1
"9930104L06Rik",0.337264752090813,0.153499170198248,0.077,0.08,1
"E130317F20Rik",0.337863291134956,0.216786331415404,0.044,0.044,1
"Wdr81",0.338428213854425,-0.10270790462921,0.062,0.076,1
"Mypopos",0.338512901571177,0.161253388294103,0.158,0.155,1
"Btf3l4b",0.338566353767447,0.358483611946312,0.017,0.015,1
"Zfp267",0.339316323280683,-0.222711482720848,0.069,0.088,1
"Gm26542",0.339922477389398,0.305794231604259,0.059,0.055,1
"B230303O12Rik",0.340445637266347,0.556050021832878,0.011,0.008,1
"Alpk1",0.341126218268399,0.303274377813959,0.011,0.011,1
"Tcea2",0.341197960272767,0.160866621740939,0.032,0.032,1
"Xlr5a",0.341362713068703,-0.656600810615136,0.01,0.017,1
"Gm29282",0.341517355874618,0.396123799042428,0.03,0.026,1
"Nelfcd",0.341927294795543,-0.103738141568153,0.238,0.286,1
"Trmt44",0.342012881873415,0.126343483361047,0.13,0.135,1
"Gm13008",0.342020865557383,0.460348687865756,0.011,0.009,1
"Slc12a4",0.342059055448243,-0.296391204937227,0.07,0.097,1
"Cfp",0.342371511999874,0.273219954829456,0.024,0.022,1
"Gm37768",0.342806999246232,0.247890697539776,0.022,0.021,1
"Gm32474",0.342953433183752,0.379314007733499,0.013,0.012,1
"Gm56576",0.343028709403215,-0.221113923271304,0.011,0.016,1
"Dennd2c",0.34341147957408,0.13450176576747,0.153,0.16,1
"Tspan3",0.343812386802438,-0.115962558460792,0.232,0.271,1
"Spaca6",0.344896949424136,0.393921124020215,0.036,0.033,1
"Spata17",0.344984559692416,-0.249808784846189,0.01,0.015,1
"Pgap1",0.345407534143094,0.229473301196103,0.063,0.06,1
"Slc37a2",0.345882684393041,-0.358212618904907,0.01,0.015,1
"D330023K18Rik",0.346235081018092,-0.192832509064313,0.037,0.046,1
"Ccl5",0.346347982673341,0.268393774852011,0.05,0.057,1
"A330035P11Rik",0.34651369258343,0.132451610951479,0.012,0.014,1
"Gm57476",0.346565550974447,-0.385993499768436,0.019,0.027,1
"Siah3",0.346592073682442,0.680950198128029,0.012,0.009,1
"Gm31356",0.346724354551659,0.447630707926159,0.015,0.013,1
"Rapgef4",0.346868215310605,0.298175174944311,0.051,0.05,1
"4732471J01Rik",0.34717894020694,0.230314189352543,0.059,0.058,1
"1810059C17Rik",0.348024353390565,-0.181335596233077,0.01,0.014,1
"Gm53065",0.348214066924718,0.286359013199418,0.012,0.01,1
"Nipal3",0.348841651534335,0.249880401613673,0.25,0.243,1
"Mpv17l2",0.348925694687382,-0.104325002743336,0.36,0.427,1
"Gm56864",0.348956204112207,0.425525121051784,0.021,0.018,1
"Mthfsd",0.349127237440759,-0.119722924396406,0.174,0.209,1
"B230208H11Rik",0.34922812502198,-0.177736786455986,0.01,0.013,1
"Trav15-1-dv6-1",0.349327422729888,0.188868368417666,0.015,0.013,1
"Ltbp1",0.349629936165795,-0.567710500605893,0.013,0.017,1
"Gm56796",0.349989670566945,0.112058629840663,0.051,0.056,1
"Fam221b",0.350409032980429,0.44754792847013,0.012,0.012,1
"Gm57034",0.350843602008277,-0.34141133768231,0.007,0.01,1
"Clca3a1",0.351319118751402,-0.115972449205083,0.028,0.035,1
"Zdhhc17",0.352028970693032,0.104206151359322,0.334,0.35,1
"5031434O11Rik",0.352057556412691,-0.26638097699288,0.012,0.016,1
"Smim35",0.352083884331416,-0.300542704198576,0.018,0.024,1
"A630066F11Rik",0.352275728951194,-0.230913026051727,0.039,0.052,1
"Gm28586",0.352583641646511,0.322307626028861,0.017,0.015,1
"Gm56977",0.353223294105656,0.416005729682157,0.019,0.016,1
"Tmie",0.353381017454686,0.379527795640234,0.016,0.014,1
"Gm57388",0.353600281964975,0.350756125004183,0.028,0.026,1
"Eml1",0.354079854080439,-0.530849225103572,0.014,0.021,1
"Smad1",0.354359706369946,-0.144781263591425,0.207,0.251,1
"Zfp558",0.354386190743475,0.288595969079356,0.02,0.019,1
"Zfp300",0.354436529674473,-0.234249006234844,0.016,0.021,1
"A830035O19Rik",0.354645176682645,-0.498768526259377,0.007,0.012,1
"Gm21057",0.354779697819118,0.517572173184499,0.02,0.018,1
"2900093K20Rik",0.355198485477243,0.171596969899026,0.071,0.075,1
"Tmem43",0.355855280747428,0.121947473034982,0.143,0.149,1
"Lztr1",0.356648859983412,-0.123618080174999,0.246,0.29,1
"Atp7a",0.356714154085689,0.146232610835166,0.196,0.202,1
"4930586N03Rik",0.35679232014085,-0.577284223684556,0.007,0.01,1
"5430431A17Rik",0.357106566030012,0.422548584529133,0.013,0.01,1
"Gm57341",0.35731998485719,0.302437938653012,0.028,0.027,1
"Gm14029",0.357527252186965,-0.563564247795433,0.011,0.019,1
"Tsga10",0.357706251103468,-0.169485337650303,0.015,0.019,1
"H2ac20",0.357745879783538,-0.152516568613424,0.245,0.291,1
"Celsr1",0.357747249683891,0.100517076702673,0.318,0.337,1
"Trav4-4-dv10",0.357847706291419,0.474286546693934,0.023,0.019,1
"Gm15672",0.358003423575758,-0.434044041248963,0.009,0.014,1
"Ptprk",0.358011254718873,-0.196655014042176,0.029,0.039,1
"Ly6g5b",0.35876825124756,-0.125321888751545,0.02,0.023,1
"Slc3a1",0.359513936663554,0.697574894924498,0.01,0.008,1
"Plcb3",0.359952527880927,0.119527532200723,0.056,0.059,1
"Ggh",0.360417574675285,-0.102630628956404,0.078,0.095,1
"Cfap410",0.360583535743488,-0.121732463727346,0.041,0.051,1
"4833408A19Rik",0.361068721651447,-0.469001755585857,0.009,0.014,1
"1700066M21Rik",0.362606263235421,-0.218793046282092,0.028,0.038,1
"Rarg",0.362787565361141,0.348000799841564,0.032,0.031,1
"Jdp2",0.362841691644133,-0.193326893671999,0.031,0.039,1
"Plscr2",0.363043938377839,-0.333749340709335,0.008,0.011,1
"Tm6sf2",0.363158377335084,-0.30531696107435,0.007,0.01,1
"Gm26670",0.363493362883042,0.111354166502784,0.037,0.04,1
"Gm16045",0.36429210394172,-0.134451774765205,0.023,0.027,1
"Uevld",0.364458901803879,0.156679449263226,0.16,0.163,1
"A930016O22Rik",0.364718530499293,0.430246020199175,0.02,0.016,1
"Gm57275",0.365069231024602,-0.314376401107686,0.008,0.012,1
"Gm43581",0.365651677436282,0.294227124122941,0.029,0.029,1
"1110020A21Rik",0.365797146076673,0.309172953592158,0.016,0.015,1
"Smpd1",0.366622422457367,-0.110089359428197,0.097,0.118,1
"Fgfbp3",0.366623883520688,-0.316169105100498,0.036,0.048,1
"Chrm3",0.366816400635435,-0.287216519909747,0.05,0.067,1
"Lrrc4",0.366970955916791,-0.199507034479311,0.068,0.086,1
"Gm5547",0.367305789164811,-0.128512081750885,0.059,0.073,1
"Zfp623",0.36756062139688,-0.239089047951165,0.025,0.035,1
"Gm57095",0.368053967460286,0.285956557175105,0.021,0.019,1
"Stc1",0.368715320446305,0.544142696579872,0.026,0.02,1
"Gm39469",0.368731391377022,0.126386143899572,0.152,0.155,1
"Fam193b",0.369179618934611,0.10619885584627,0.361,0.371,1
"Zfp846",0.36940924750703,0.18077522824355,0.121,0.127,1
"ENSMUSG00000121429",0.369689336143626,0.60647636828298,0.016,0.013,1
"Rmdn2",0.369937283949204,0.189443132535943,0.059,0.06,1
"Ttc41",0.370186753693511,0.131679639023756,0.048,0.049,1
"Gm43024",0.370191218465248,0.211172798553229,0.011,0.011,1
"Cmtm3",0.370298943490801,-0.179971494289944,0.065,0.081,1
"Zfp422",0.370788426215759,-0.112398741564024,0.288,0.335,1
"Tceal8",0.371415851687062,0.15555987558749,0.012,0.011,1
"Nckap5",0.372216669699347,-0.26652490717275,0.028,0.036,1
"Gm57291",0.372544412132651,-0.410448261916068,0.007,0.011,1
"Gm10373",0.372715004485149,-0.357757224719096,0.011,0.017,1
"Zfp811",0.37278280762013,0.330560694222929,0.011,0.01,1
"A430018G15Rik",0.373106580828829,0.275161641448576,0.034,0.034,1
"4930558K02Rik",0.37359738438256,-0.391526327732522,0.008,0.01,1
"Ttbk2",0.373804382290925,-0.219812792173141,0.051,0.066,1
"Ubald1",0.374241551945265,-0.121525856744403,0.128,0.155,1
"Cdk20",0.374412374920128,-0.285235689077656,0.008,0.011,1
"Trbv2",0.375037338232,-0.142754519034548,0.083,0.094,1
"Zfp169",0.375130759179075,0.101745638023962,0.127,0.135,1
"Gm56656",0.376419110362227,-0.222301989515505,0.016,0.02,1
"Tmc4",0.376657681630946,0.192496745081776,0.042,0.041,1
"Engase",0.376668281971474,-0.312010280255999,0.019,0.029,1
"Gm43445",0.377965240773418,0.543991073540261,0.01,0.008,1
"Gm10516",0.378683336045522,0.242290061681313,0.016,0.016,1
"Gm47644",0.378724140903829,0.282387920764834,0.016,0.016,1
"Cyth2",0.378735320642589,0.100903148002456,0.31,0.332,1
"Zmynd12",0.379075318251411,0.467440771398171,0.015,0.013,1
"Gm15927",0.379362638397939,-0.262640497640726,0.007,0.01,1
"Gm5577",0.380050855418223,0.122907465966498,0.01,0.011,1
"Clhc1",0.380536099684986,0.214355217231192,0.04,0.038,1
"Gm57295",0.38076796664594,0.297306423905171,0.06,0.057,1
"Cd79a",0.381175020156429,-0.815625530965373,0.011,0.012,1
"Gm49085",0.381557090622051,-0.288764981177393,0.009,0.014,1
"Zfp296",0.381702810531354,0.295957868613682,0.028,0.026,1
"Zfp973",0.381937395704136,-0.450237822320009,0.007,0.012,1
"Gm38405",0.382197723178565,0.243172364449699,0.014,0.012,1
"Aknaos",0.382429788246692,-0.166132815215762,0.013,0.014,1
"Frmd4a",0.38248754290742,0.537817863015047,0.013,0.011,1
"A430110L20Rik",0.3827063963299,0.586196184755127,0.016,0.014,1
"Lhfp",0.383110498196122,-0.157191095732584,0.034,0.045,1
"1700102P08Rik",0.384002185426353,0.218272478079326,0.028,0.027,1
"Nnt",0.385102319055916,-0.229935020123759,0.029,0.037,1
"Grhl1",0.385640672086644,0.12241471559661,0.015,0.015,1
"Zfp784",0.385848000845199,0.24940719059077,0.023,0.021,1
"Gm56514",0.385864092440341,-0.168335202519063,0.013,0.017,1
"A730081D07Rik",0.386093541353259,0.291625134069267,0.09,0.082,1
"Ip6k1",0.386303818884347,0.114388261973426,0.542,0.574,1
"Gm3625",0.386678667680103,0.110896061594717,0.023,0.024,1
"Shcbp1l",0.386808770621537,0.492474534180264,0.01,0.009,1
"Gm2296",0.386816824299536,0.237466227880086,0.028,0.027,1
"Lipg",0.386902979193001,-0.340441826843638,0.006,0.01,1
"Gm38134",0.387012211071963,0.466184378818356,0.02,0.017,1
"Polg2",0.387543916707415,0.164839394065913,0.178,0.181,1
"Gm16283",0.387869287991193,0.121244526605333,0.028,0.031,1
"Cntnap2",0.387942140682219,-0.298291733582639,0.007,0.01,1
"Sag",0.388293426517226,0.134059986927074,0.09,0.085,1
"C130060C02Rik",0.388398595743454,-0.141278051864906,0.014,0.018,1
"Gm11520",0.38859216388478,0.10173040306951,0.029,0.032,1
"Magi2",0.388662052192202,0.119887405536245,0.046,0.047,1
"Pdlim4",0.388717529070065,0.411382874762985,0.043,0.034,1
"4833418N02Rik",0.389127964844294,0.207923643945991,0.016,0.016,1
"Fer",0.38917262624051,0.11283212231597,0.015,0.015,1
"Gramd4",0.389324235368959,0.122522494855698,0.426,0.437,1
"Ift172",0.389564921987429,0.287778872340041,0.039,0.038,1
"BC024063",0.389648052654907,0.196561284235504,0.043,0.042,1
"Arsk",0.390023506769934,0.1882540460972,0.069,0.069,1
"Zfp658",0.390818993678292,-0.167347988048554,0.034,0.041,1
"Arhgef5",0.390873658738304,0.178209822168804,0.012,0.012,1
"Gtdc1",0.391078532533627,0.135992957383525,0.226,0.227,1
"Rnf31",0.391296763550985,0.14316429901632,0.195,0.2,1
"Gm56941",0.391400473086721,-0.333171701767085,0.013,0.018,1
"Gm41541",0.391488177183663,0.12370787536895,0.013,0.013,1
"Nbea",0.391805149137433,0.179436844263182,0.011,0.014,1
"Apol8",0.391988936738129,0.238804671313368,0.016,0.016,1
"Aph1b",0.391992047775249,-0.284129720463178,0.009,0.013,1
"Gm43514",0.392010143264948,0.182945045270354,0.025,0.024,1
"Spats2",0.392143256947877,-0.201687917116312,0.044,0.054,1
"Gcnt7",0.392513239916618,0.208574907757765,0.034,0.034,1
"Zfp668",0.392786768781071,0.119890417166838,0.165,0.175,1
"Akt1s1",0.392890749421846,-0.111105111753866,0.174,0.206,1
"Map3k11",0.393812963859187,0.147571594800991,0.11,0.112,1
"9130019O22Rik",0.39396595098883,-0.161604464990403,0.026,0.033,1
"Dcp1a",0.394070184662891,0.1102559277612,0.414,0.435,1
"Gm16062",0.394233131386398,0.176288430445061,0.041,0.042,1
"Gm56997",0.394510720648063,0.183911495469847,0.032,0.031,1
"Wwc1",0.394627782719898,-0.243212057283011,0.009,0.014,1
"Serac1",0.395041255555899,0.176322738978998,0.077,0.077,1
"Tbc1d8",0.395231645638246,0.137180095304708,0.027,0.027,1
"Prkd2",0.395247640650662,0.119023883550749,0.612,0.625,1
"Gm28707",0.395597456607341,0.112780095049528,0.021,0.024,1
"Ttll3",0.395613900791315,0.207578644653531,0.206,0.204,1
"Reep6",0.395694789593182,-0.184451908045975,0.009,0.01,1
"Gm36756",0.396578832797302,0.168371276264539,0.1,0.101,1
"Zfp963",0.396710730252722,-0.113859440951233,0.039,0.047,1
"Zfp113",0.397259869979491,0.134170256611496,0.123,0.125,1
"Gm17399",0.397800832007698,0.196102356227194,0.026,0.028,1
"Stk40",0.398019251039174,-0.16459409713447,0.265,0.318,1
"6430573P05Rik",0.398070347695146,-0.135993113776983,0.008,0.01,1
"Tnks2",0.398089680819275,0.104113827393804,0.935,0.948,1
"Nkiras1",0.398550558048539,0.129481098556468,0.197,0.206,1
"Sntg1",0.39894617587462,0.327404233367306,0.017,0.016,1
"Gm29650",0.39930397956433,0.234917942968377,0.015,0.015,1
"Arfip2",0.400284278364492,-0.135808028636059,0.164,0.202,1
"Ptpdc1",0.400844011496874,0.309744664682211,0.02,0.02,1
"Gm37634",0.401140118890147,0.34026658226322,0.01,0.008,1
"Gm4129",0.4014382389244,-0.411925186029716,0.014,0.018,1
"Phf2os1",0.401622532084288,0.116498082463242,0.045,0.049,1
"Atg16l2",0.401868567824458,0.130244697484701,0.296,0.308,1
"Coa4",0.401872093222565,-0.136785668127772,0.163,0.197,1
"Atad3aos",0.40196078818429,0.134336956054647,0.013,0.014,1
"Gm56665",0.402338995618277,0.345725520678844,0.035,0.035,1
"Fam174b",0.402398390886974,-0.110759571491548,0.038,0.044,1
"AA986860",0.402872909858501,0.45648811965397,0.028,0.023,1
"Zfp14",0.404916158845766,0.139519535757987,0.033,0.035,1
"Zfp941",0.405494407600795,-0.230017288233798,0.028,0.036,1
"Tlr2",0.405743665542668,-0.347242545662276,0.011,0.015,1
"Orai3",0.405768566729749,-0.111942637949133,0.163,0.192,1
"Nxt2",0.406887444024836,0.207273144047742,0.045,0.045,1
"Nanp",0.407993957579145,-0.114989172239734,0.309,0.36,1
"Naip2",0.408392167966055,0.220777807615037,0.071,0.071,1
"Gm19522",0.408729805002686,0.100754857896264,0.019,0.019,1
"Efcab9",0.409068055458094,0.283056844004416,0.025,0.023,1
"Amdhd1",0.409351428180219,0.33962335415464,0.014,0.013,1
"Grifin",0.40954412116882,0.332332700805821,0.019,0.017,1
"Ppp1r18os",0.409760857487262,0.336472197516699,0.021,0.019,1
"Ganc",0.410195996556633,0.181127150802233,0.202,0.208,1
"Ssbp2",0.410762598753966,0.129971521520711,0.528,0.549,1
"1700028N14Rik",0.412857802512609,-0.129063838646996,0.011,0.014,1
"C030010C08Rik",0.41286477213779,0.320540823737923,0.01,0.008,1
"Fmo5",0.413249688832343,0.41635557082054,0.023,0.019,1
"Platr29",0.413323194985294,-0.328067441524887,0.009,0.012,1
"Gm26812",0.413372406140174,-0.272762547481937,0.009,0.012,1
"2010109A12Rik",0.414239036250192,0.313242749433201,0.044,0.04,1
"Prss16",0.414701113795105,0.24971899089265,0.022,0.022,1
"Gm56909",0.414773163139898,0.36340881710832,0.012,0.011,1
"Smim3",0.414980996371678,0.372554436041067,0.017,0.015,1
"Morn3",0.415360786633847,0.202492893565876,0.022,0.024,1
"Gm57050",0.415490136008635,-0.124891472708639,0.011,0.014,1
"Dbp",0.416372940777015,0.28372032564196,0.082,0.077,1
"Acot2",0.416410890324398,-0.101710934903373,0.047,0.056,1
"AV039307",0.417423439516425,-0.274266289977709,0.012,0.017,1
"Jcad",0.417701088011216,-0.22339166456904,0.031,0.041,1
"Trav7-4",0.417773174768992,-0.123786830881232,0.009,0.013,1
"Sdccag8",0.417835904535609,0.116018910922998,0.336,0.349,1
"Arhgef4",0.418112534733209,0.260652015574353,0.051,0.049,1
"Zfp618",0.418685769837087,-0.117386002184587,0.014,0.018,1
"Pex26",0.418777764600009,0.351185837169576,0.044,0.041,1
"AI854703",0.419357909218153,0.280017195490599,0.011,0.01,1
"Tmem141",0.419570589505276,0.479573777613263,0.011,0.01,1
"Ctbp2",0.419890684499893,-0.104071706259138,0.014,0.016,1
"Gm43329",0.420110628679444,0.139019696848186,0.07,0.074,1
"Gm44686",0.421422065959315,0.145803571373528,0.073,0.077,1
"Zmiz1os1",0.421462742903348,0.313057931986551,0.02,0.019,1
"Fam81a",0.423835462835243,0.206463577833926,0.01,0.009,1
"Gm10135",0.423908676358107,0.143577885272696,0.012,0.01,1
"Ephx1",0.424161698289974,0.105514815959006,0.075,0.078,1
"Morc1",0.42432653423841,-0.137065048498565,0.038,0.043,1
"5830405F06Rik",0.424752943320523,0.274561767367568,0.039,0.036,1
"Slc12a8",0.424857175105404,-0.106709973898751,0.021,0.021,1
"Pex11g",0.425175653438071,-0.142077800469926,0.017,0.023,1
"Gm16094",0.425315162871682,0.566021242123351,0.016,0.013,1
"Agpat4",0.425847367815344,-0.110323767015297,0.042,0.052,1
"Tulp2",0.426256718221818,-0.401163937904919,0.011,0.016,1
"Gm57257",0.426369546500753,0.47918436666384,0.017,0.014,1
"Gm41291",0.426727526719412,-0.173601230847784,0.009,0.011,1
"Gm48768",0.427161320427143,0.269331019647087,0.013,0.013,1
"A430088P11Rik",0.427420673211624,0.130301282122452,0.066,0.064,1
"Mtmr14",0.427784087162188,0.162904869157156,0.359,0.368,1
"Zfp273",0.427796513307832,0.309128433914131,0.02,0.017,1
"Gm2093",0.428694915435329,0.337193376761216,0.021,0.019,1
"Galnt6os",0.429015468009689,0.21455538100289,0.04,0.04,1
"Tspan9",0.429298316800473,-0.345927932063335,0.017,0.022,1
"ENSMUSG00000121495",0.429560182163094,0.493016181692185,0.027,0.023,1
"Gng5c",0.429763864746166,-0.200829049670932,0.039,0.05,1
"Cerk",0.430745454151471,-0.124952156283971,0.105,0.128,1
"Tmem177",0.431321486992113,0.172508225440597,0.061,0.063,1
"Phldb2",0.431650327635254,-0.667233716921933,0.023,0.032,1
"Gm7967",0.431868809975584,0.378242033060496,0.028,0.027,1
"Gm39859",0.432152305125836,0.221602889698077,0.013,0.012,1
"Cyb5d1",0.432875819892572,0.131103572206736,0.05,0.053,1
"Mdk",0.433220869560387,0.147025299263033,0.034,0.035,1
"Cyfip1",0.43332729670203,0.134133638847115,0.288,0.301,1
"Zfp937",0.434551369827046,-0.280726439470433,0.014,0.018,1
"Cdkl4",0.436227214986138,0.241506175466577,0.036,0.038,1
"Fuom",0.436483857956495,0.183417489260521,0.171,0.175,1
"Zfp39",0.436491328229112,0.1196310403241,0.106,0.11,1
"Gm5113",0.436592088384989,-0.315892135145751,0.013,0.018,1
"Bicd1",0.438157507396022,0.424580158383695,0.011,0.009,1
"Map1s",0.438290369615376,0.111266096818712,0.286,0.302,1
"Gm14027",0.438719133219818,0.616828665750594,0.013,0.01,1
"Cdh24",0.439760637632537,0.28343888009876,0.039,0.035,1
"Gm5111",0.43985530204222,-0.172598748330629,0.024,0.031,1
"Gm32250",0.440202418447746,-0.435628542154745,0.008,0.012,1
"Serpinb5",0.441159069732391,-0.403348232527722,0.025,0.035,1
"Proca1",0.44181465584224,-0.344310468069223,0.008,0.01,1
"Acvrl1",0.442122660003721,0.194772168459093,0.027,0.029,1
"Stard6",0.442146874372244,0.139230649481297,0.037,0.038,1
"Klhl42",0.442278750580952,0.149784732242183,0.277,0.291,1
"Zc2hc1c",0.442388422515451,-0.429434006867855,0.007,0.01,1
"D830025C05Rik",0.443401417406382,0.307101440084584,0.028,0.025,1
"Sgcz",0.443549664911189,0.576659439622897,0.012,0.009,1
"Prepl",0.443638139430114,0.135747392659314,0.117,0.121,1
"Zfp513",0.443973133099613,-0.128870278108319,0.092,0.109,1
"6330418K02Rik",0.444508663200881,-0.198701243631855,0.061,0.078,1
"2900009J06Rik",0.445679657584353,0.429029878731968,0.023,0.02,1
"Myo1e",0.445863197143144,-0.403036165583091,0.01,0.014,1
"Sugct",0.446176852181384,0.22977417066166,0.065,0.065,1
"Gnal",0.446385504183168,0.281645325089537,0.024,0.022,1
"Gm56588",0.446670791767147,0.1905709626634,0.01,0.01,1
"Pomc",0.446689072296079,-0.158088766904194,0.03,0.039,1
"Fbxl19",0.446964397117865,-0.202199597878221,0.022,0.03,1
"Gm47467",0.447418999075432,0.28173468704683,0.025,0.023,1
"Gm29585",0.447502698576904,0.134043784291237,0.042,0.042,1
"Plekhg5",0.447988125994457,0.173747156983075,0.034,0.034,1
"Txk",0.44799062125905,0.105332011686965,0.46,0.484,1
"Ahsa2",0.448044036243246,-0.143820764326844,0.391,0.459,1
"A230056P14Rik",0.448371604882724,0.143023188752024,0.036,0.039,1
"Amd2",0.448554286973901,0.334631742050593,0.028,0.026,1
"Gm45250",0.448802741098733,0.247681311838543,0.042,0.038,1
"Cd83",0.449074843991804,-0.302254472256434,0.016,0.021,1
"Gm26692",0.449114389256598,0.408177505273932,0.025,0.022,1
"Gm56654",0.449269930393326,0.308187029048123,0.013,0.012,1
"Dock7",0.449732912707775,-0.171023471948823,0.013,0.019,1
"Gm56915",0.450343365731453,0.173310222699855,0.02,0.019,1
"1110032F04Rik",0.450842664578315,-0.126918724198115,0.117,0.136,1
"Hsd11b1",0.450978036422253,0.14446050837628,0.117,0.124,1
"Hk3",0.451019170418369,0.491013400670749,0.01,0.008,1
"Ccdc97",0.451028439727734,0.163756098157096,0.163,0.168,1
"Gm11210",0.451660554834033,-0.183757810287071,0.009,0.013,1
"5730409E04Rik",0.45379995126105,0.229250313412811,0.01,0.009,1
"2610037D02Rik",0.454020943905991,0.105833161438207,0.318,0.327,1
"Zfp420",0.454952536669128,0.134733851542454,0.026,0.026,1
"Casp9",0.455298537465923,0.160985449138035,0.082,0.084,1
"Gemin4",0.456181812552322,-0.240146678755275,0.009,0.012,1
"2310040G24Rik",0.456605314319309,0.3555500017729,0.017,0.015,1
"Lpar2",0.456873133757323,0.140917241943987,0.023,0.024,1
"Idh1",0.457173193253952,0.145960388371944,0.096,0.095,1
"Caskin2",0.457277881468345,-0.490159893077189,0.007,0.01,1
"Gm20036",0.457415099387637,-0.163526491682012,0.011,0.014,1
"Gm26664",0.457735843635436,0.302961883430894,0.016,0.015,1
"Gm33046",0.457921317099681,0.301148329195681,0.039,0.037,1
"Ro60",0.458859846972184,0.124749088940015,0.072,0.075,1
"Rims2",0.458900726849589,-0.104703932939358,0.047,0.059,1
"Taf8",0.459541117753857,0.104896956809656,0.186,0.2,1
"Rnf151",0.459566390427434,0.358183354707241,0.013,0.011,1
"Neil2",0.461086061742325,0.178873038824853,0.01,0.011,1
"Gm48086",0.461092648955402,0.286962740181096,0.018,0.018,1
"4930532G15Rik",0.461458068937415,0.184420864615556,0.021,0.023,1
"Gm43260",0.462211488617828,0.374652232854753,0.012,0.01,1
"Ppt2",0.463204870390005,-0.11182734683735,0.103,0.124,1
"Pkd1",0.463914982322708,0.112982432808528,0.125,0.131,1
"Gm8066",0.46401377538488,-0.324529763492503,0.008,0.012,1
"Ccdc57",0.464171189301738,0.132837878999697,0.046,0.049,1
"Prr13",0.464225352641889,0.176667223903193,0.52,0.542,1
"Nradd",0.464335998304767,0.315454552226517,0.035,0.032,1
"Selenom",0.464337747214389,-0.106391226645282,0.013,0.016,1
"Gm10069",0.46475006441371,0.35838938749735,0.013,0.013,1
"Igf2bp3",0.464771502875493,-0.146307870257611,0.13,0.153,1
"Filip1l",0.464823092395492,0.104123309321757,0.871,0.877,1
"Pnpo",0.464972923406583,-0.129546177328854,0.222,0.262,1
"2010001A14Rik",0.465095147104586,0.117323522939084,0.174,0.185,1
"2810455O05Rik",0.465123653250047,-0.175655326286539,0.011,0.014,1
"Gm49041",0.465900673172522,-0.165376234519753,0.013,0.016,1
"Igip",0.466307190288476,0.249621106837917,0.043,0.042,1
"Ddah1",0.466366733166158,0.100061655113116,0.062,0.068,1
"B020010K11Rik",0.466402388507408,0.145241424394354,0.056,0.059,1
"9330160F10Rik",0.466780452097965,-0.314106521007766,0.014,0.019,1
"Plod3",0.467063488628427,-0.197334119428084,0.144,0.187,1
"Gm12319",0.467725252132299,-0.352702772740165,0.013,0.019,1
"Asap2",0.468347848850511,0.183722005771276,0.043,0.044,1
"Zfp566",0.469129887042819,0.101716709222832,0.101,0.106,1
"Gm37202",0.469210247716329,-0.290001720988379,0.008,0.011,1
"Tcaim",0.469229919821032,0.141677628803293,0.168,0.167,1
"Inppl1",0.469366481861883,-0.177240284658964,0.113,0.141,1
"Impg2",0.469908810496617,0.324379269991128,0.025,0.023,1
"Tmem129",0.470032759960037,-0.153776238340289,0.075,0.092,1
"Tent5d",0.470303391264399,0.564390475640047,0.012,0.01,1
"Jrkl",0.470709700284336,-0.143247809619512,0.106,0.132,1
"Gm33037",0.471085507688093,0.32848166259366,0.016,0.014,1
"9330179D12Rik",0.472067346917831,0.166150966146675,0.031,0.033,1
"Pdf",0.472607853141539,0.354650357981273,0.012,0.011,1
"Gm28884",0.472828906081583,-0.351045649313645,0.009,0.013,1
"Gm17455",0.473065698017125,-0.131463962092131,0.01,0.013,1
"Plin3",0.473495253663165,0.150967639254267,0.252,0.262,1
"Dtx2",0.47455264375436,0.139569055144359,0.118,0.12,1
"Gm47814",0.475285981089722,-0.17001465725442,0.008,0.01,1
"Klhl24",0.475648269692238,0.104091063974542,0.214,0.225,1
"Tbl2",0.475922678135208,-0.101083156125658,0.085,0.101,1
"Epm2a",0.476673756112499,-0.250096841509178,0.011,0.015,1
"Slc12a2",0.476802844719119,-0.156513808857998,0.1,0.123,1
"Ptprr",0.476993090077142,-0.373372199372726,0.008,0.012,1
"Ptger1",0.477169095823418,0.253625281896809,0.019,0.02,1
"Tgfbr3l",0.47739662893272,0.218462763651259,0.026,0.026,1
"Gm56976",0.477912803462384,-0.174448026743561,0.016,0.022,1
"Tigd3",0.478275140494458,0.56156775785136,0.01,0.008,1
"Calr3",0.478565819106235,-0.432287252599231,0.021,0.031,1
"Nasp",0.478801872219997,-0.10273818664387,0.962,0.977,1
"Lyn",0.479234658682893,-0.180376677072727,0.012,0.017,1
"Nr1h4",0.479888045912001,0.723908033849654,0.014,0.01,1
"Gde1",0.480320317891639,-0.118076581201833,0.419,0.482,1
"Gm57202",0.480415417029795,-0.16299896066453,0.013,0.018,1
"Serpine3",0.480605722453443,0.37317538685926,0.011,0.01,1
"Rtl6",0.480855022998384,-0.348297699834568,0.014,0.019,1
"Sfxn5",0.480870453804304,0.20170282303249,0.035,0.035,1
"Alpk3",0.481063157615472,0.300453846721659,0.018,0.016,1
"Sfn",0.481564433767115,0.265325487355694,0.033,0.031,1
"Zscan29",0.482266480974268,0.134867039469387,0.169,0.171,1
"Itsn1",0.482289863491274,-0.323852966756465,0.023,0.029,1
"Cobll1",0.4823183246295,-0.173983013043775,0.403,0.483,1
"Gm10644",0.482409949019934,-0.32612119514408,0.008,0.012,1
"Slc15a4",0.48251821014232,0.132219894726933,0.144,0.155,1
"Rab3d",0.482681811918589,0.22746784742511,0.076,0.078,1
"Ccdc62",0.482692328293361,0.128365482895716,0.11,0.111,1
"Mgll",0.482693579024871,-0.219413362996722,0.054,0.067,1
"Gm53028",0.483631823272453,0.163767023453146,0.046,0.046,1
"Gm17354",0.483777616324073,-0.147710074377251,0.007,0.01,1
"Gm17690",0.484062305651567,-0.129631993069864,0.041,0.049,1
"Abca7",0.484979644865054,0.167784861633752,0.179,0.183,1
"Zfp383",0.485422684092213,-0.248203425107723,0.023,0.03,1
"Gm32816",0.485547514888203,0.23829731226006,0.017,0.017,1
"Gm57084",0.485948691685825,0.229559834799513,0.096,0.093,1
"Trav17",0.486072389488474,-0.219392864364466,0.009,0.011,1
"Ss18l2",0.486760981381386,-0.12541313518555,0.397,0.464,1
"Dnah10",0.486782300052372,-0.372845418608828,0.007,0.01,1
"Zfp40",0.486899281383472,-0.123057442078865,0.056,0.068,1
"Or2v1",0.489111319733526,0.192517777951103,0.404,0.402,1
"Dvl2",0.489145214808821,-0.232027275900226,0.077,0.098,1
"Rasal2",0.489443172280038,0.104074787770179,0.009,0.011,1
"Selenon",0.490057089778744,-0.327528319872048,0.013,0.02,1
"A930007I19Rik",0.490223261946265,0.126036565885586,0.044,0.048,1
"Gm56834",0.490236485082561,-0.121433017509067,0.009,0.012,1
"Gm38250",0.490355774237637,0.260523085464771,0.049,0.047,1
"4930484I04Rik",0.490568622602259,0.34798579263442,0.011,0.01,1
"Gm13483",0.490780256426353,0.400224250882449,0.039,0.038,1
"ENSMUSG00000121456",0.491444235998354,0.26263966861827,0.011,0.009,1
"Mavs",0.492166013075,0.102046193365565,0.124,0.128,1
"Cd7",0.492235461048627,0.249025227190327,0.01,0.009,1
"Camkmt",0.492730854406472,0.100214788368229,0.092,0.097,1
"A330009N23Rik",0.493149875754757,0.26236085287711,0.011,0.01,1
"Lgalsl",0.493246633039395,-0.118048155460944,0.156,0.186,1
"A330023F24Rik",0.493380183164321,-0.249569917220177,0.092,0.115,1
"Rrh",0.493719687662716,0.435270131634461,0.011,0.01,1
"ENSMUSG00000079808",0.493950458185495,-0.177919254393056,0.013,0.016,1
"Ptprf",0.493956566129617,-0.264624607218045,0.013,0.018,1
"Mindy1",0.495112385691376,0.102475880728114,0.082,0.088,1
"Nrarp",0.49527506889241,0.158347339049233,0.029,0.029,1
"Gm19412",0.495884568071291,-0.176642643746666,0.021,0.026,1
"Gm5535",0.496543233031641,0.118955959054408,0.017,0.018,1
"6530413G14Rik",0.497311488254181,0.439837199519359,0.012,0.01,1
"Eid3",0.497498685554482,0.161014433488475,0.023,0.023,1
"Slc25a33",0.498092132229143,-0.151515295166367,0.18,0.217,1
"Rfx1",0.498140248224058,-0.129755571367603,0.115,0.137,1
"Farp2",0.498242829471397,-0.142921516296054,0.095,0.116,1
"Smco4",0.498423562925749,-0.117660835916045,0.445,0.516,1
"C330011M18Rik",0.498793331761763,0.318080961072599,0.021,0.019,1
"Gm43065",0.498925925509165,0.383535432324909,0.038,0.035,1
"Gm57028",0.499119277985461,0.377744989780762,0.021,0.018,1
"Gm13375",0.499454585879781,-0.127729109326349,0.024,0.031,1
"Gm57409",0.499888320598216,0.36708151815859,0.028,0.024,1
"Zfp41",0.500177612537979,-0.271204276710747,0.035,0.047,1
"Gm36198",0.500243995855922,-0.179867944180735,0.014,0.017,1
"Cfap141",0.50095824003445,-0.112144921938661,0.05,0.062,1
"Map2k6",0.502413431823772,0.182734033703206,0.195,0.195,1
"Ikzf4",0.502467704674558,0.108839079100003,0.417,0.428,1
"Gm43149",0.502971543849206,0.457741167863142,0.026,0.022,1
"Zfp459",0.502975016138815,-0.168758566112386,0.056,0.072,1
"Gpam",0.504128988889821,-0.125989384992083,0.099,0.121,1
"Bbs2",0.505630276026608,0.118250642279579,0.013,0.015,1
"Pih1d2",0.506215949016198,-0.147132602849577,0.016,0.022,1
"Cd200r3",0.506247355752216,0.370157522836514,0.016,0.015,1
"Dnd1",0.506636693462219,0.458082537425534,0.015,0.013,1
"Rbm43",0.506689187565416,0.103816774715441,0.524,0.544,1
"9930012K11Rik",0.506699133243432,-0.176013301553598,0.033,0.041,1
"Cntf",0.50807497693634,-0.172869501998934,0.013,0.016,1
"Arhgef9",0.508299347012434,-0.337896752245012,0.032,0.034,1
"Etv1",0.509282225830279,0.347586702665373,0.023,0.021,1
"Cd200",0.509419853025414,0.407676229282086,0.058,0.048,1
"Palld",0.509652384134837,-0.214418095393153,0.03,0.039,1
"Prpf40b",0.509664659024713,0.120774453724074,0.032,0.033,1
"Gm43017",0.510186434236143,-0.131781049227045,0.021,0.025,1
"Fam135a",0.510187772135891,-0.333352897442598,0.008,0.012,1
"Epcam",0.510795839947516,-0.427145669545557,0.007,0.01,1
"Tmem150a",0.511278692675595,-0.167824155076577,0.007,0.01,1
"Cacna1a",0.512439172188195,-0.169894776307787,0.113,0.144,1
"Gm26513",0.512799357892349,0.2763602528578,0.014,0.012,1
"Cdkn1c",0.513276308101542,0.115249403954468,0.009,0.01,1
"Cd46",0.513431639713699,0.261273364426421,0.103,0.099,1
"6430710C18Rik",0.513939407614817,-0.149377224239142,0.016,0.02,1
"Zfp78",0.515229534380392,0.422171736308472,0.016,0.015,1
"Phf21a",0.515642169937514,0.134074712631395,0.722,0.741,1
"Gm49064",0.516058777519093,0.377155649217387,0.011,0.01,1
"4930523C07Rik",0.516359985320739,0.207740199960272,0.671,0.675,1
"Rpusd1",0.516713675995015,0.108086411442337,0.05,0.054,1
"Gm16576",0.516859071082159,0.202704577906847,0.049,0.048,1
"1700034P13Rik",0.516912919637756,-0.13134216930368,0.009,0.011,1
"Ms4a4d",0.517852993877181,0.331711155829928,0.028,0.027,1
"Capsl",0.518371116224624,-0.645027237500998,0.017,0.021,1
"Gm39792",0.518500234349386,-0.241065371315682,0.07,0.089,1
"Selplg",0.518603340055237,0.115879092602078,0.913,0.924,1
"Hmcn2",0.519138112103885,0.15811794289044,0.041,0.041,1
"Pcx",0.519368016644851,-0.104590837967885,0.29,0.342,1
"Gm57127",0.519883814850443,-0.102637470718829,0.009,0.01,1
"D630045J12Rik",0.520451457238414,-0.385745323110581,0.011,0.017,1
"Gm57287",0.520857890781902,0.311505156364696,0.011,0.01,1
"4930417O13Rik",0.522073248783511,0.290796737531441,0.059,0.054,1
"A130051J06Rik",0.522154652566374,0.420940897204909,0.022,0.021,1
"Cdc14b",0.522535335268638,0.146715024977296,0.109,0.108,1
"Zg16",0.523623677090088,0.343960994769666,0.05,0.045,1
"Exd1",0.524447193148149,0.269782266288519,0.016,0.016,1
"Vmn1r4",0.524453432276711,0.153478846436766,0.014,0.013,1
"Zfp467",0.524674040906358,0.154542420641691,0.047,0.047,1
"Gm45890",0.524837008208515,0.247306705532306,0.051,0.047,1
"Gm43464",0.525503300723747,0.342399711354013,0.02,0.018,1
"Gm56791",0.525821825600431,-0.166496650349534,0.018,0.023,1
"Gm10851",0.526026763098186,-0.146790003204598,0.016,0.019,1
"Atxn3",0.52610621959367,0.117495640827426,0.357,0.375,1
"Zfp661",0.526439613809219,-0.232233319608353,0.013,0.018,1
"Gm11423",0.526680170997658,0.124800572765681,0.059,0.063,1
"Ift122",0.526877444459622,0.447819316667322,0.023,0.021,1
"Gm26512",0.527214653592612,0.312087699861696,0.014,0.012,1
"Zfhx3",0.527575289323026,-0.218348555736418,0.018,0.023,1
"Lrp1b",0.528017099044065,0.428176341001343,0.01,0.009,1
"Gm12167",0.528145637466279,0.250631936869137,0.018,0.017,1
"2310047K21Rik",0.528297207968962,-0.162754203496148,0.015,0.019,1
"Cd55",0.528480841340572,0.232251549053212,0.072,0.067,1
"Wdr17",0.529104470775837,0.366781227670211,0.014,0.013,1
"Gm43707",0.529318538677087,0.353035601099807,0.011,0.011,1
"Slc25a27",0.529488922188903,0.300472009492609,0.068,0.062,1
"B230322F03Rik",0.530633745003202,-0.411037361549213,0.006,0.01,1
"2200002D01Rik",0.530902965699615,0.130828380461428,0.017,0.017,1
"Il20rb",0.531686531236435,0.105435192777874,0.059,0.062,1
"Gm42982",0.531723945945664,0.217402392922493,0.011,0.012,1
"Cacnb4",0.531851599391982,0.101726865526068,0.037,0.038,1
"Sh3d21",0.532202883564617,0.313034484607143,0.015,0.014,1
"Ube2e3",0.532624946383543,-0.124146565842829,0.383,0.442,1
"Rab13",0.532691351309347,-0.242591303262787,0.01,0.014,1
"Gm57182",0.534092557456534,0.152532044977116,0.06,0.062,1
"Tmem71",0.534114712227557,0.16683970815552,0.553,0.562,1
"Pbx3",0.53473487438921,-0.173374391700829,0.131,0.156,1
"Per3",0.535369253379324,0.21784776020612,0.028,0.026,1
"Fosb",0.536158447262206,0.454527947939531,0.031,0.027,1
"Coro1b",0.536252292370791,0.127973756702211,0.174,0.182,1
"Tango2",0.536708579822777,0.113763716564312,0.346,0.364,1
"Gm38293",0.537123463342672,-0.433314905200072,0.008,0.011,1
"Mlst8",0.537298204160193,0.123859946292598,0.097,0.103,1
"Serpinf1",0.53732628506857,0.421744055664283,0.007,0.01,1
"Gm29336",0.537982900382666,0.445811082610642,0.013,0.013,1
"Gm614",0.538195789166127,0.138674932349094,0.099,0.098,1
"Zfp579",0.538635882027091,0.187640969422925,0.039,0.039,1
"Degs2",0.539588045191265,0.358576495501671,0.019,0.017,1
"Acer2",0.539828020369382,0.120388530343192,0.019,0.02,1
"Gm20705",0.540403743624507,-0.263792338419883,0.018,0.025,1
"B4galt7",0.540703252158726,0.133299827769885,0.148,0.155,1
"Pdlim5",0.542161662990475,0.12174142131901,0.283,0.294,1
"Gm31728",0.542614420081827,0.129319241925746,0.021,0.023,1
"Wwc2",0.543241412354885,0.257336775183584,0.012,0.011,1
"Ccdc77",0.543342368843685,0.117205672940853,0.31,0.329,1
"Galnt4",0.54338910432073,-0.204389381270956,0.029,0.038,1
"Cd63",0.544689497597348,0.269251398473441,0.012,0.012,1
"Hcn2",0.545970209743403,-0.294952923358171,0.013,0.018,1
"1700102H20Rik",0.54615115351752,-0.208809892966835,0.032,0.041,1
"Gpat3",0.548229453013595,-0.294441883714899,0.045,0.062,1
"Fam234a",0.548985563026748,-0.1790497005958,0.062,0.078,1
"Gm26724",0.54912370848509,0.260956430961039,0.026,0.025,1
"Lipo3",0.55045972323394,0.208510623796694,0.096,0.095,1
"9030407P20Rik",0.550495873047205,-0.233483858748802,0.021,0.028,1
"Plod1",0.550903896225573,-0.108738597745046,0.032,0.04,1
"D830024N08Rik",0.553541251356005,0.233508107888345,0.012,0.011,1
"Kalrn",0.554263941556833,0.233027936421783,0.015,0.017,1
"Gm38883",0.554288802121763,-0.325947170489241,0.008,0.01,1
"Traj15",0.554422436318086,0.4618820715282,0.013,0.011,1
"Reno1",0.5546152187798,-0.266369960659013,0.024,0.031,1
"Rabl3",0.554822012878638,-0.101885576017184,0.192,0.225,1
"Frat1",0.554890680754585,-0.139117961052486,0.016,0.019,1
"Filip1",0.554969007428678,0.119498379036282,0.019,0.019,1
"Ctla2b",0.555628100867718,-0.272935685227019,0.069,0.09,1
"Crppa",0.556005886179612,0.338050672293462,0.022,0.022,1
"Gm33373",0.556493885708439,0.211345127596331,0.017,0.016,1
"Traj9",0.557163131421338,0.272721734603432,0.011,0.011,1
"Elovl5",0.557412405875564,0.103538602450421,0.717,0.739,1
"Zkscan5",0.557550284833968,0.180595941650933,0.057,0.058,1
"Tmem116",0.558065110689469,0.327867857652591,0.034,0.032,1
"Lxn",0.558082251687793,-0.191566920417872,0.034,0.043,1
"1300014J16Rik",0.558681097935124,0.123223765817034,0.012,0.014,1
"Gm56999",0.559106570734954,-0.132563277565918,0.02,0.026,1
"Trim50",0.55987148566254,-0.258720810234803,0.007,0.011,1
"Morn4",0.560389624242655,-0.111314500536783,0.01,0.014,1
"Mcmdc2",0.560510641791618,0.459219400719897,0.014,0.011,1
"Gm33044",0.560640521596277,0.351282355820389,0.01,0.01,1
"Gm16638",0.560760021820178,0.30239170393814,0.05,0.046,1
"Dusp3",0.562639264427881,-0.295853760136489,0.014,0.02,1
"Nphp4",0.562726061887296,0.104434028954031,0.013,0.014,1
"9930022D16Rik",0.562856156457879,0.114720135822135,0.011,0.014,1
"Gpx7",0.563027617497001,0.227979702489182,0.023,0.022,1
"Gm28535",0.563280596696148,0.171510820092233,0.015,0.016,1
"Mis18a",0.563518130528727,-0.136645794209694,0.277,0.328,1
"Gm26571",0.56354414675841,-0.490065560836775,0.013,0.019,1
"Osgin1",0.564752625174182,-0.183303540966798,0.021,0.026,1
"Akap6",0.565479653494928,-0.391685899122647,0.007,0.01,1
"Inhca",0.565787039690484,0.215136380698197,0.029,0.028,1
"Sap18b",0.566194233972385,-0.165548601740561,0.112,0.138,1
"Mmp11",0.566233419689165,0.314478204874649,0.021,0.021,1
"Lat2",0.567097589787767,0.412933921262446,0.016,0.014,1
"Mpp1",0.567415964477825,0.168983782879309,0.478,0.481,1
"Tbc1d32",0.567530462643402,0.123247175293212,0.099,0.109,1
"Gm16712",0.567979853399157,-0.204752904292182,0.021,0.028,1
"Chmp7",0.568950170596623,0.118795336935559,0.154,0.159,1
"Dxo",0.569957185948942,-0.119046706528577,0.081,0.097,1
"Prdm11",0.570124559842862,-0.10745385578526,0.035,0.043,1
"Zfp687",0.570816863834681,0.153846367042695,0.142,0.145,1
"Nkain1",0.571145751312659,0.297868380154304,0.011,0.012,1
"Ranbp10",0.571468006171205,0.122465654404166,0.42,0.435,1
"Tnfaip1",0.572071677213927,-0.124335974498248,0.147,0.177,1
"N4bp2l1",0.57263056800563,0.125567447460467,0.294,0.294,1
"Gm48226",0.57406854877006,-0.132209344708879,0.049,0.059,1
"1110019D14Rik",0.574267499883364,0.183243513222451,0.075,0.075,1
"Gm39929",0.574590159084385,0.400784866201312,0.012,0.011,1
"Gm49794",0.574859014626489,-0.459925289232356,0.009,0.014,1
"4930550C14Rik",0.575326265158368,-0.159874552384477,0.013,0.016,1
"Kcnh4",0.575354347301796,0.300095771846108,0.026,0.023,1
"Gm12359",0.575593051565496,0.107162791614112,0.054,0.057,1
"Tmod1",0.576122747914015,-0.11119571684086,0.022,0.028,1
"Rcor2",0.576443729191295,0.102217623432677,0.01,0.01,1
"9430024F10Rik",0.577534421711069,0.218811895576831,0.012,0.013,1
"Uggt2",0.577654214583761,-0.247000160934593,0.01,0.013,1
"Fam117b",0.578290368367897,0.101213139608927,0.156,0.17,1
"Tanc2",0.578434652969997,-0.116851898912293,0.07,0.085,1
"Il1rl2",0.579437337199067,-0.17462486703963,0.046,0.054,1
"Cntd1",0.579468975845819,0.406737320380071,0.012,0.01,1
"Wipf2",0.579722991210742,0.117272082080607,0.354,0.372,1
"Bhlhb9",0.579892441488022,-0.110876584544555,0.302,0.357,1
"Sh3pxd2a",0.58025680976657,0.247187378144507,0.028,0.028,1
"Map3k13",0.580534186701579,0.169208962905386,0.055,0.055,1
"Coq8b",0.580869178774613,0.174552079260513,0.132,0.135,1
"Slc5a11",0.581791256732836,-0.305699883260774,0.01,0.012,1
"Sdk1",0.582498737116227,0.756674192023162,0.01,0.008,1
"Gm15987",0.58285924808092,0.196546442084828,0.064,0.058,1
"Gm38882",0.58339033430433,0.202071471851918,0.061,0.058,1
"Gm14966",0.583668079059451,0.195312421813994,0.078,0.078,1
"Inpp4a",0.58525294012143,0.23871857409907,0.238,0.229,1
"Rbm3os",0.585724362384895,0.144478153715762,0.014,0.013,1
"Rdh5",0.587274620832427,-0.100681371007255,0.028,0.034,1
"Iqcb1",0.587874909723731,-0.127912147719792,0.194,0.228,1
"Adar",0.587875152552883,0.107908470199769,0.684,0.703,1
"Pagr1a",0.588322215139294,-0.119431801409656,0.009,0.01,1
"H3c10",0.589897357522874,0.230313064799783,0.012,0.013,1
"Bbs5",0.589982403298352,-0.21787853144605,0.037,0.049,1
"Prdm9",0.590288951000203,0.158945031188863,0.078,0.079,1
"Fggy",0.590380593091642,0.3026204198483,0.044,0.041,1
"Gm32046",0.590673872213708,-0.119626572623194,0.015,0.017,1
"Frg2f1",0.590690234306062,0.192036384814891,0.028,0.027,1
"2310001H17Rik",0.590717714070243,0.213344902645806,0.421,0.419,1
"Rsad1",0.591024606745998,0.34010289571783,0.017,0.016,1
"Ggt5",0.591407896277534,0.155371733428557,0.013,0.014,1
"BC034090",0.592260656781719,0.31057551421858,0.01,0.009,1
"Zc4h2",0.593690532082374,-0.252332907286591,0.017,0.023,1
"A930015D03Rik",0.594721637037293,0.152508952611715,0.427,0.439,1
"Pdcd1",0.595301148608646,0.117039864701145,0.025,0.027,1
"Gm16069",0.595415291082415,0.239661557773976,0.024,0.023,1
"Naif1",0.597375371165644,0.172293442013282,0.045,0.048,1
"Rnf166",0.597802344595674,0.10216293361908,0.511,0.528,1
"Pdia5",0.597833813993024,-0.229331418284787,0.088,0.11,1
"Fiz1",0.597934786019862,0.10679816957418,0.214,0.225,1
"Rab32",0.598518157149673,0.125932005228075,0.044,0.046,1
"Nhej1",0.598895319244597,0.106672917330198,0.089,0.096,1
"Il4i1",0.599145318130113,0.317708798333205,0.017,0.016,1
"Arntl2",0.600778021037684,0.12863812912322,0.124,0.124,1
"Gm11767",0.600823114775197,0.141005534550596,0.024,0.026,1
"Gm48045",0.602482297464728,-0.142452927212784,0.014,0.017,1
"Gm14296",0.602492734947344,-0.128550586122345,0.054,0.065,1
"1700037C18Rik",0.603198218202961,-0.147831716907598,0.066,0.083,1
"Glb1l",0.603678918081768,0.126119732434099,0.055,0.058,1
"Ptpn12",0.604528152141724,-0.106481062372666,0.17,0.198,1
"Mtmr10",0.604568572248747,-0.145259918756669,0.054,0.069,1
"Gm57142",0.604680287235474,0.192206665729593,0.011,0.011,1
"Wdpcp",0.60509433954271,0.189153358315312,0.083,0.087,1
"Ankra2",0.605256766208066,0.102705295303173,0.372,0.389,1
"Gm11713",0.605538282489787,0.200957027097536,0.044,0.044,1
"Gm48321",0.605567507288924,-0.14859246304801,0.018,0.019,1
"Gm2885",0.60596309118208,0.389977737944947,0.02,0.017,1
"Ppp6r2",0.606224319795944,0.12915605448299,0.311,0.323,1
"Alpk2",0.606258966505231,0.269771686088869,0.016,0.016,1
"Smug1",0.606710091725018,0.11839936512688,0.144,0.152,1
"Igf2bp2",0.607024731350073,-0.202418759612642,0.026,0.034,1
"Gm36457",0.607670156234743,-0.370129488474534,0.009,0.013,1
"Sowahc",0.608166094771662,0.319072465704021,0.012,0.011,1
"Apbb3",0.608317437670429,0.13513783806507,0.085,0.088,1
"Wdr5b",0.609503936620375,-0.112333382130636,0.048,0.058,1
"Tmem220",0.609599003234382,-0.146034447740865,0.012,0.015,1
"Gm19951",0.609706323040266,0.186145504850399,0.049,0.052,1
"Ccdc28a",0.609930924524845,0.131208851212532,0.238,0.245,1
"Gm57133",0.610423313287298,0.200319466371165,0.059,0.059,1
"Als2cl",0.61154094027056,0.26299670131435,0.116,0.114,1
"Senp8",0.611579263855014,0.114189372926563,0.146,0.149,1
"Gm13427",0.611936219999737,0.190976893426184,0.049,0.049,1
"Nsg1",0.612012369113541,-0.137769092350334,0.053,0.066,1
"Gm11529",0.613000583073825,0.176783398489708,0.038,0.038,1
"Gm43466",0.61303597439012,0.118637168212975,0.027,0.028,1
"Kctd4",0.613140749000938,0.106648987609345,0.024,0.025,1
"Camk2b",0.613532274052891,-0.194717066186096,0.016,0.02,1
"Gm16278",0.613622638286655,0.161518675829613,0.03,0.032,1
"Gm43661",0.61547084353802,-0.210335715112841,0.019,0.025,1
"C8g",0.615551347021045,0.22747753664493,0.02,0.02,1
"Tex15",0.61555325505793,-0.119205183790089,0.037,0.045,1
"Bcl2l2",0.615759287638185,-0.221430176228537,0.021,0.026,1
"Gm11714",0.617906321457386,0.23783181677606,0.067,0.066,1
"Prxl2b",0.61808842397752,0.190774094876765,0.02,0.019,1
"Tns1",0.620578411396727,-0.106291946553471,0.061,0.073,1
"Gm57236",0.620913114854198,0.288685012971077,0.032,0.031,1
"Anks1b",0.621008270429724,-0.103946046836587,0.018,0.021,1
"Atosa",0.621670060237007,0.112660922922038,0.342,0.346,1
"Trav3-1",0.623140479510522,-0.309482348050834,0.009,0.01,1
"Icam2",0.623189448933017,0.109906499137904,0.481,0.5,1
"Gm16156",0.623270543044358,0.394319099801562,0.012,0.01,1
"1810062G17Rik",0.623350867088636,-0.12668901808213,0.019,0.022,1
"Gm49539",0.623625151127777,0.124777335370279,0.078,0.08,1
"Pou4f1",0.623686653754837,0.297628887347452,0.014,0.013,1
"Abca1",0.624308404329557,0.133081150104581,0.016,0.016,1
"Gm41333",0.624955383700722,0.204574925915568,0.034,0.035,1
"Gm15503",0.625136244950806,-0.206487013336712,0.03,0.039,1
"Yjefn3",0.62513685135307,0.256179969193724,0.031,0.028,1
"Spag6l",0.625452879938392,-0.211051453411921,0.013,0.016,1
"Nol4l",0.625475945413745,-0.195255884239761,0.017,0.022,1
"Trim41",0.626493668066445,0.166003650064122,0.18,0.187,1
"Tubg2",0.627210904607386,0.175283853967406,0.016,0.016,1
"Gm10643",0.627261967168847,0.360172876673892,0.014,0.013,1
"Cd38",0.62805386112186,-0.166979066019876,0.007,0.011,1
"Gm48163",0.629016413104781,0.164753002208488,0.01,0.01,1
"Ly6k",0.630039505168002,0.454053447127076,0.01,0.008,1
"Gm57465",0.631056288452192,0.179098546421756,0.029,0.029,1
"Gm10863",0.631397457370577,-0.123706237226667,0.037,0.044,1
"Ttll1",0.631586258249602,0.14553749853621,0.048,0.05,1
"Rhoh",0.632218160618503,0.106524067053875,0.791,0.805,1
"Gna15",0.63301409315257,-0.147082433678915,0.077,0.095,1
"Gm28404",0.633730096980175,0.138065905353548,0.016,0.017,1
"Gm13270",0.633749175610666,0.298855343238314,0.018,0.018,1
"Ninj2",0.634318933944696,0.104479995446505,0.109,0.116,1
"Hivep1",0.634545291439313,0.10089112807329,0.434,0.449,1
"5033403F01Rik",0.634952059013042,-0.393569076103482,0.01,0.013,1
"Gm16552",0.635048953563907,-0.254050466668147,0.01,0.013,1
"Cd84",0.635663367208362,0.106039737115016,0.607,0.622,1
"Avil",0.635923152610195,0.507239556295952,0.012,0.01,1
"Tln2",0.636165126669192,-0.120294157526114,0.029,0.036,1
"Zfp626",0.636508430848865,0.117433520605921,0.146,0.156,1
"Marcksl1",0.636856371142618,-0.242563468220177,0.09,0.117,1
"Spaca7b",0.637682678658799,-0.13238038943858,0.01,0.013,1
"Pp2d1",0.637840556460559,-0.420239854869622,0.009,0.011,1
"Clip2",0.63823323633268,0.158534963029863,0.025,0.025,1
"Gm9895",0.638323341803721,-0.140287285452136,0.008,0.01,1
"Cpeb2",0.638384844141169,0.116389621528881,0.074,0.078,1
"Gm57104",0.638788151436524,0.284176607084456,0.014,0.012,1
"Tlnrd1",0.639418549616433,-0.182505751899976,0.128,0.163,1
"Trim3",0.639708020375837,-0.252365670317801,0.014,0.019,1
"5830454E08Rik",0.640227237388339,0.178262934710043,0.021,0.021,1
"Abhd1",0.640594691105519,-0.172876898734373,0.035,0.044,1
"1700001P01Rik",0.641075570345342,-0.10270041966761,0.014,0.018,1
"N4bp3",0.641781144348155,-0.324042975327269,0.016,0.023,1
"Magee1",0.642190971207634,-0.211929891042068,0.027,0.036,1
"Card9",0.642383204211017,0.347513884118824,0.096,0.087,1
"Agap1",0.642620079647025,-0.285932328897338,0.012,0.017,1
"Slc30a2",0.642927261851271,-0.30906003880342,0.025,0.034,1
"Gm47096",0.644008903562494,-0.156909090477646,0.008,0.01,1
"Gm11457",0.644854299290002,0.164416590525166,0.017,0.018,1
"Gm4631",0.645373650578757,-0.161134162464701,0.016,0.019,1
"Cyp4f13",0.646925366706285,0.107894991671405,0.093,0.098,1
"Gm20468",0.64731733286705,0.223162590667698,0.01,0.009,1
"Tmem38a",0.647597147684916,-0.10993486600739,0.021,0.026,1
"Cfap43",0.648267277685199,0.168404486548524,0.054,0.055,1
"Rsl1",0.648381479097241,-0.151242330551734,0.028,0.035,1
"Ano8",0.649080406591339,-0.23224423898632,0.025,0.033,1
"R3hcc1",0.649231117637768,-0.113896102140491,0.263,0.312,1
"Zfp971",0.650265411706767,-0.12341086658938,0.065,0.078,1
"Hcn3",0.650379644226285,0.12495671210676,0.013,0.013,1
"Kcnk2",0.650766311389982,-0.253677859642967,0.03,0.037,1
"Cracdl",0.651019189926004,0.130110631025581,0.013,0.014,1
"1700001O22Rik",0.651578416074955,-0.481049753911887,0.007,0.01,1
"Ccdc112",0.651851956202266,0.186719388557986,0.01,0.01,1
"Nanos3",0.651887248696323,0.113236921276995,0.026,0.026,1
"Hmga2",0.652976974938342,-0.183659912357029,0.007,0.01,1
"2010004M13Rik",0.65327916837245,0.26844140081974,0.059,0.055,1
"4930429F24Rik",0.653358663245139,0.385874227554975,0.03,0.027,1
"Gm15559",0.654514953963787,0.120317759716716,0.071,0.072,1
"D930030I03Rik",0.655199369482287,-0.136046755136745,0.015,0.019,1
"Gm41556",0.655572361100439,-0.126694285872309,0.018,0.021,1
"Gm36411",0.655981686736211,0.282272729257425,0.012,0.012,1
"Rwdd2b",0.658040181350368,-0.1193793723277,0.104,0.126,1
"Hpse",0.659710211644987,-0.107743417167045,0.04,0.048,1
"Gm56773",0.659819863000251,-0.176858312610968,0.023,0.029,1
"Gm26881",0.659841031476969,0.350388182290367,0.016,0.014,1
"Gm20045",0.660040337841459,0.230861376684965,0.138,0.138,1
"Fam227b",0.660572903775016,0.450168066248454,0.012,0.011,1
"5730414N17Rik",0.662688875841961,-0.147222838931903,0.012,0.015,1
"Cpt1c",0.663122710427786,0.170682826664319,0.011,0.011,1
"Snrk",0.664712955580731,0.119232727886478,0.276,0.288,1
"Kif5c",0.665174717293323,0.305650428152035,0.016,0.015,1
"Gm26737",0.667535851529389,0.499066543012889,0.013,0.012,1
"Dop1b",0.667937256163203,0.100748325708317,0.264,0.281,1
"Gm2237",0.670319121265514,-0.169125436992122,0.01,0.013,1
"Poll",0.670616867291676,0.132477546115221,0.092,0.096,1
"Slc41a3",0.67203164007547,0.163433501604588,0.05,0.05,1
"Fam241b",0.672654753865778,-0.320557003886524,0.008,0.01,1
"Gm57271",0.673028532289293,0.199058280464115,0.014,0.015,1
"Gm14455",0.673271379793165,0.261317265153837,0.043,0.041,1
"Gm56635",0.673305809160471,-0.191840391816154,0.01,0.012,1
"Gm57256",0.673428059386299,-0.285937300233533,0.022,0.028,1
"Dusp4",0.674197085999675,-0.197400271034049,0.076,0.094,1
"Heca",0.674588077043587,0.113369266960335,0.442,0.462,1
"Gm45029",0.679451703951363,0.14834511464122,0.018,0.019,1
"Fbxl22",0.679801331546106,0.278271712742395,0.053,0.05,1
"9330159M07Rik",0.680257271853698,-0.106749387520717,0.018,0.023,1
"Sars2",0.680718131744731,0.119082070619749,0.167,0.177,1
"Ehhadh",0.681162795373784,0.204514640195314,0.043,0.042,1
"Sord",0.68262000045278,0.227081789080822,0.059,0.057,1
"9230111E07Rik",0.682775718925693,0.138894221259335,0.023,0.024,1
"4930556J24Rik",0.683394329204505,0.176291261935459,0.025,0.024,1
"Tm4sf5",0.683903799492441,0.192242950030688,0.014,0.015,1
"Gab3",0.684252207451435,0.179369097475517,0.229,0.233,1
"Dynlt1a",0.685296011430616,0.186578372335789,0.14,0.142,1
"H4c8",0.685947763456512,-0.104772634912523,0.048,0.057,1
"Gm31597",0.687887052164874,-0.103062021928167,0.077,0.091,1
"Galk1",0.688162543978559,-0.12775821870998,0.738,0.81,1
"Fhl4",0.688697074395175,0.179376592983211,0.01,0.01,1
"4933421O10Rik",0.690515193517506,0.145880974898598,0.063,0.066,1
"Gm14858",0.691634612560646,-0.139645855917376,0.013,0.017,1
"Gm34189",0.692547382439588,-0.22683396108275,0.008,0.011,1
"Gm56859",0.693690351842916,-0.200902333540087,0.012,0.016,1
"Cort",0.69390908585015,0.129912614476482,0.019,0.021,1
"Plekhm1",0.694783669006876,0.159053236334637,0.161,0.167,1
"Mylpf",0.695691017914784,0.148139657498922,0.117,0.121,1
"Gm12216",0.696788267618779,0.147832800583245,0.317,0.327,1
"Gm13481",0.697012974816217,-0.428257800172765,0.008,0.011,1
"Col23a1",0.697182718484387,-0.121352971308499,0.033,0.039,1
"Gm26873",0.697858521406399,-0.131822363786864,0.009,0.012,1
"0610043K17Rik",0.698078164777021,0.147466205895299,0.039,0.04,1
"Otos",0.699965088222117,-0.12144927640067,0.017,0.021,1
"Disc1",0.700127386365348,0.115720868143382,0.011,0.012,1
"Pla2g4b",0.701531118949282,0.107171166784576,0.017,0.02,1
"Gm56560",0.701613742756309,0.194269699613622,0.035,0.038,1
"Zfp771",0.7032169666263,-0.159216503733758,0.288,0.342,1
"Map3k15",0.703844611259323,0.295419169486436,0.011,0.01,1
"Fsbp",0.704009066714194,-0.32558206265987,0.007,0.011,1
"Gm57468",0.704309305185652,-0.108464235944462,0.012,0.014,1
"Gm14820",0.704416109224183,-0.163753972370754,0.012,0.015,1
"Gdf11",0.704942290782379,-0.127340162881239,0.057,0.067,1
"Ccdc142os",0.705316124674856,0.191044098442982,0.024,0.023,1
"1700126G02Rik",0.705316606591821,0.25052246150736,0.021,0.02,1
"Shc4",0.705455463651553,0.16190687229359,0.04,0.041,1
"Gm27184",0.706864194230059,0.406321924494164,0.011,0.01,1
"Cinp",0.707247452344758,-0.131825426953841,0.497,0.568,1
"Gm49454",0.708267323321108,-0.170226972020576,0.009,0.011,1
"Stk32c",0.708520528592036,-0.257078345647726,0.009,0.012,1
"Slc22a14",0.708967256308826,0.123012093926466,0.012,0.012,1
"Gm57269",0.709411842412683,0.185656591299376,0.015,0.015,1
"P2ry12",0.71075754086017,-0.246541463477226,0.012,0.014,1
"Coprs",0.711153305090775,-0.194533801728104,0.045,0.056,1
"Lix1l",0.711396643419791,0.216094881490004,0.011,0.011,1
"Gm50107",0.712252614535338,0.268380469588573,0.012,0.011,1
"Pitpnm1",0.712320397178218,0.105612345702257,0.17,0.185,1
"Ssc4d",0.712578603459281,-0.146632885713276,0.012,0.016,1
"Gm52870",0.712875352985715,0.146801765297039,0.034,0.033,1
"Gpr68",0.713088049045799,0.112504929045257,0.034,0.032,1
"Scd1",0.713197053047945,-0.176992429885426,0.061,0.074,1
"Qdpr",0.713808825917242,-0.119403057371854,0.51,0.579,1
"Gm26759",0.714309930614514,0.223402852045287,0.036,0.037,1
"Gm57004",0.71496714858844,0.476150538071335,0.02,0.016,1
"C1qtnf12",0.715508960507823,0.327806727808373,0.029,0.027,1
"Ssx2ip",0.716085514839366,-0.174752945698724,0.085,0.107,1
"Tmppe",0.716687523948726,0.150096337178408,0.013,0.014,1
"H1f10",0.71697247470137,0.206406042767374,0.038,0.035,1
"4932422M17Rik",0.717103553946491,-0.224384255804861,0.021,0.027,1
"Dmd",0.717287444819166,0.235624571119339,0.01,0.01,1
"Xkr4",0.719456929159932,-0.326322773760893,0.009,0.012,1
"Gm9929",0.721099572895049,-0.137977246175224,0.022,0.029,1
"Cd151",0.721178296297168,-0.140416037589738,0.032,0.039,1
"Trav13-1",0.721999682328651,0.113926424784269,0.011,0.012,1
"Gm12367",0.723927498249448,0.143336419335212,0.032,0.032,1
"1700086P04Rik",0.724367421312167,0.412891642975828,0.014,0.014,1
"Sall2",0.724413165865951,-0.190194171900483,0.016,0.021,1
"Fastkd5",0.724896017466491,-0.105523762959035,0.045,0.057,1
"Sgpp1",0.725029398387852,0.118040416469623,0.583,0.612,1
"Klhl10",0.725532535915808,0.302333769379597,0.01,0.009,1
"A430102K17Rik",0.728300435724142,0.150781092097754,0.01,0.01,1
"Mblac1",0.72891232202785,-0.199349874533855,0.031,0.038,1
"Slc2a9",0.729402095305409,0.160209872123702,0.422,0.431,1
"Slc45a4",0.729662637314543,0.100604079139916,0.071,0.077,1
"Gm11696",0.730488364774742,0.113622729930604,0.04,0.041,1
"Gm26826",0.730704845416056,0.117825433429342,0.028,0.028,1
"Fam114a1",0.730889684959374,0.210210738218934,0.024,0.024,1
"Slc39a13",0.730966436661032,0.115263970237666,0.075,0.079,1
"A830005F24Rik",0.731207715211996,0.197109944275578,0.015,0.015,1
"Gm43387",0.731462562389824,-0.137221509367476,0.011,0.012,1
"Kiz",0.732476283059598,0.173876630253048,0.169,0.173,1
"Gm36723",0.734571234005529,-0.301890757124529,0.007,0.01,1
"Gm45894",0.73477802562648,0.320125904557501,0.04,0.04,1
"Ephx4",0.736368111153068,-0.121469483529331,0.012,0.013,1
"Gm56660",0.736722545661726,-0.157673197051377,0.011,0.013,1
"5330439K02Rik",0.737828387337398,0.110050652416013,0.024,0.026,1
"Ggt7",0.73782875772269,0.18525324577909,0.028,0.027,1
"Gm4189",0.737922719723845,0.35230952176419,0.01,0.01,1
"Dcbld1",0.738000573153704,0.153501020855916,0.009,0.01,1
"Gm28379",0.738219882453925,0.141407426251866,0.119,0.121,1
"Gm57243",0.739013798295392,-0.150639047949563,0.008,0.011,1
"Iqck",0.739204137130527,-0.216547761610789,0.014,0.017,1
"H2ac22",0.739207560347366,-0.275592456552574,0.018,0.025,1
"Gm50373",0.739399566815989,0.352572689400294,0.012,0.011,1
"Pot1b",0.73960401539265,0.113936020574063,0.132,0.137,1
"Gm56727",0.739730894759375,0.184351220760881,0.018,0.018,1
"Mettl21c",0.739897385840868,0.245054483854988,0.012,0.011,1
"Tlcd3a",0.74182321296065,0.106681873646579,0.123,0.134,1
"Dnase2a",0.74190574734888,0.137459014273839,0.147,0.155,1
"Gm56963",0.742171240553516,-0.35856855635721,0.008,0.012,1
"Gm17231",0.743102239642565,0.156336895035947,0.056,0.056,1
"Kis2",0.743627127259644,0.363332921509858,0.011,0.009,1
"Gm57286",0.744529782356926,0.117768256001962,0.097,0.104,1
"C920006O11Rik",0.746532049412588,0.115123402138948,0.018,0.021,1
"Aldh6a1",0.746588674582369,0.173969807380559,0.041,0.043,1
"Taf9",0.747843442718209,0.152816433915302,0.019,0.019,1
"Gm31812",0.74790275738331,-0.229887501778522,0.014,0.017,1
"Gm57299",0.747957477577651,0.353514036387199,0.011,0.01,1
"Lrp4",0.748198626876704,0.203994594961566,0.01,0.009,1
"Zfp365",0.748463458687391,0.142294948401901,0.21,0.219,1
"Tspan32os",0.748512361206058,0.16589181034599,0.026,0.026,1
"Or8b53",0.748787243789327,0.204501358865398,0.022,0.022,1
"Amotl1",0.749294845581135,-0.214344272766009,0.033,0.041,1
"Htra2",0.749659191377115,-0.14295593468346,0.177,0.216,1
"Uchl4",0.750494472136016,0.122983504945262,0.016,0.016,1
"Slc43a2",0.751329439783503,0.111036545930696,0.212,0.224,1
"Plekhg2",0.752365826228952,0.171625833916108,0.112,0.113,1
"Rbm8a2",0.752514850162268,-0.27286166261742,0.008,0.012,1
"Gm10814",0.753860596935002,-0.252369636215684,0.013,0.017,1
"Gm37065",0.754188968631009,0.534903240702149,0.013,0.01,1
"Gm36371",0.755932563201901,0.170119862136576,0.021,0.021,1
"Gm10125",0.756986493638446,0.315739215716737,0.018,0.018,1
"Spata2",0.759293025295128,0.123771281964001,0.162,0.17,1
"Angptl4",0.759548193204457,-0.239736067137571,0.067,0.089,1
"Tbc1d25",0.759916738771365,-0.151948271412027,0.046,0.058,1
"Mgst2",0.760011789085207,0.177827689002843,0.558,0.559,1
"Gm55594",0.760460519644695,-0.134034517821287,0.071,0.087,1
"Acaa1b",0.760885397705374,-0.209046614715938,0.017,0.023,1
"Gm48882",0.761721174632694,0.194734185445684,0.021,0.02,1
"Pkig",0.762340376819651,-0.164052030145253,0.16,0.194,1
"Gm19325",0.762645386979919,0.122094412423492,0.059,0.064,1
"Ikbke",0.763150403241541,0.100842411768646,0.404,0.423,1
"Cdc42bpb",0.763748800126746,-0.149520196084977,0.041,0.051,1
"Tspan32",0.764301513390894,0.123933613786112,0.404,0.412,1
"Ggcx",0.764931671564519,0.110797696481302,0.065,0.07,1
"Rai14",0.765130685158046,-0.10633212867275,0.062,0.078,1
"Arl9",0.765454195042529,0.106413396505314,0.022,0.024,1
"1700019L13Rik",0.767641990578347,0.350633816794519,0.017,0.016,1
"1700001G11Rik",0.768532037574705,0.2232453050733,0.028,0.028,1
"Avl9",0.768547153133043,0.101202635214811,0.492,0.517,1
"Spire1",0.77150476585969,-0.309383257671485,0.052,0.072,1
"Xpot",0.771806865087258,-0.132194519612552,0.488,0.562,1
"Gm34829",0.77210935056175,-0.142942754974317,0.011,0.014,1
"Gm48089",0.772495597910127,-0.147469495053956,0.011,0.013,1
"Dgkq",0.77289237901132,0.10568243786386,0.048,0.052,1
"Erp27",0.77315518580093,0.225017949661844,0.066,0.067,1
"Pxmp2",0.774072110120016,-0.190384017492783,0.043,0.054,1
"Gm44751",0.774147065060842,0.311664039137853,0.019,0.018,1
"Rsad2",0.774205263423816,0.426101404341229,0.014,0.014,1
"Mthfd2l",0.774709718616357,0.10164804790364,0.018,0.019,1
"Prr5l",0.777408745260272,-0.243304714574722,0.04,0.054,1
"Edaradd",0.777511875376481,-0.193084308502847,0.038,0.049,1
"Mturn",0.778898161844142,0.190596381592986,0.048,0.05,1
"Gm16066",0.779132325313245,-0.238606492493746,0.014,0.018,1
"Dnm3",0.780421265339854,0.27128937582653,0.148,0.141,1
"Sdr42e1",0.781482736721906,-0.187519824205907,0.031,0.039,1
"Slc49a4",0.781513556325358,0.13617851105873,0.089,0.094,1
"Zfp719",0.781828465439209,0.128293809632747,0.13,0.139,1
"Gm46447",0.782126238575499,-0.176029067189218,0.009,0.012,1
"Trim62",0.784157810145682,0.154909700561153,0.026,0.026,1
"1810006J02Rik",0.784200626621359,-0.114321719406266,0.025,0.03,1
"Lrp2bp",0.784577935261152,0.177922877226224,0.013,0.013,1
"Gm56897",0.784760974975712,0.144044756875592,0.025,0.025,1
"Zfp563",0.78502824973877,0.171130060585916,0.068,0.069,1
"1700031C06Rik",0.786009764862209,0.255304005909459,0.041,0.042,1
"Gm16084",0.786221907266845,0.20471125808866,0.013,0.014,1
"Clba1",0.787317459885995,-0.102962293095163,0.008,0.01,1
"Pycr1",0.787489956500219,-0.128620556596619,0.023,0.028,1
"Acp5",0.78778892588065,0.110218663612086,0.478,0.486,1
"Bnip5",0.788083356172984,0.139993486416018,0.016,0.016,1
"Uros",0.788703779141015,0.149175552260639,0.142,0.147,1
"Gm30934",0.790096519163765,0.338120587948134,0.015,0.014,1
"Etohd2",0.79021249723476,0.134576651437983,0.023,0.025,1
"Gm57273",0.79119362361843,-0.209884099452944,0.019,0.023,1
"St6galnac6",0.791384578705014,0.127711041515099,0.076,0.079,1
"H2bc14",0.791687685794748,-0.119695038344309,0.061,0.073,1
"Pde6h",0.792191297303115,0.102450799401717,0.028,0.028,1
"Renbp",0.792986870869566,-0.111499623831066,0.011,0.013,1
"Setmar",0.793583124775181,-0.101090174626939,0.04,0.049,1
"Sec14l2",0.793680511776185,0.119690893316356,0.01,0.011,1
"Gm37233",0.793984131784037,0.102190332442703,0.103,0.103,1
"Crat",0.795485641244163,0.12128277843752,0.027,0.03,1
"Stard9",0.795887023331612,0.178502718181573,0.042,0.046,1
"Plekha1",0.796018681534539,-0.132495595240712,0.146,0.176,1
"Gm28556",0.796058071083438,0.246987503993379,0.011,0.01,1
"Mm2pr",0.796494723522859,0.122658579478179,0.033,0.034,1
"5033430I15Rik",0.797139271885313,0.215951664625948,0.03,0.03,1
"Txnl4b",0.797828589129324,0.110138609435856,0.059,0.063,1
"Map3k19",0.797898584674441,-0.171982796831955,0.008,0.011,1
"Gm56554",0.801004699564817,0.137550157753799,0.012,0.012,1
"Col9a3",0.801242367787458,0.239034275758438,0.026,0.025,1
"H3c4",0.80133118625266,-0.200534249245867,0.021,0.027,1
"Gm10143",0.802089646775883,0.159809289686305,0.014,0.016,1
"Plpp2",0.802393881492057,0.100224119920921,0.026,0.028,1
"Cyb561d1",0.802729902876526,0.105100088518482,0.048,0.049,1
"Gm12248",0.802734419114218,-0.261091613910628,0.012,0.015,1
"Adrb2",0.803564717487236,0.264045808417163,0.032,0.03,1
"Gm9828",0.803598858234574,0.131061936435535,0.07,0.077,1
"Gm49974",0.804158908137853,0.267147098403156,0.014,0.014,1
"Dhrs13",0.80433854821541,-0.151160613637014,0.114,0.143,1
"Ccdc148",0.804820061532874,0.352666517537803,0.016,0.015,1
"Gm20496",0.804979769076028,0.339687469904354,0.01,0.009,1
"Gm16287",0.806308606954999,0.339427361205798,0.014,0.013,1
"BC043934",0.809719546270989,0.103347128545395,0.019,0.021,1
"Gpat2",0.809830850619878,-0.219422716158581,0.008,0.01,1
"Tnfsf14",0.81002228169497,-0.161047928283694,0.026,0.032,1
"H4c11",0.810291631006422,-0.201845937284512,0.008,0.01,1
"Garin1a",0.812668217078709,0.186794478700879,0.02,0.021,1
"Zfp518b",0.81297059656776,0.117417986952794,0.023,0.024,1
"Cfap46",0.813287056189602,-0.216787706757072,0.019,0.024,1
"Gm43254",0.814025462203381,-0.145769312077504,0.025,0.031,1
"Actr3b",0.815172661577105,-0.114395148292443,0.064,0.072,1
"Colgalt1",0.815896223986202,-0.10988876009918,0.311,0.366,1
"Gm9967",0.816252826032426,0.526336490760484,0.01,0.008,1
"Aqp11",0.816479161910204,0.151183933925988,0.012,0.013,1
"4930590J08Rik",0.816942965527573,0.164566984393939,0.031,0.032,1
"Cdo1",0.818204993706089,0.32370039204072,0.034,0.034,1
"Tspyl2",0.818535809770931,-0.128010515777131,0.111,0.134,1
"Sv2c",0.81861779641597,-0.625116701325788,0.01,0.013,1
"2310016D23Rik",0.819387570244332,0.105980002849846,0.029,0.031,1
"Gm16152",0.819561411414423,0.324115715344942,0.012,0.011,1
"Lhx2",0.81957694060931,0.115160061499657,0.011,0.014,1
"Gm30431",0.820512693252989,-0.231761649916978,0.008,0.01,1
"Gm43703",0.822794693493319,0.217012560184824,0.023,0.022,1
"Mcc",0.824148525145559,0.145865683005509,0.01,0.01,1
"Vsig10",0.824642721005929,-0.16349881687995,0.01,0.013,1
"Upp2",0.824651613071752,0.169785159364559,0.01,0.01,1
"Pomt1",0.826686228250654,0.163757387872645,0.052,0.054,1
"Kctd7",0.827072810074596,-0.125580640906464,0.015,0.017,1
"Gm56809",0.827535824495626,-0.104818276841177,0.01,0.012,1
"Gm4117",0.827672882152868,0.169960820964034,0.015,0.016,1
"Cdh15",0.827678877180436,-0.120857593459048,0.014,0.018,1
"AK157302",0.828768102675955,-0.294113473689706,0.011,0.015,1
"Pifo",0.829752371405534,0.26316623633358,0.01,0.009,1
"Snx33",0.831138783045715,0.245424011021003,0.018,0.017,1
"Tincr",0.832408620312815,0.399849703893831,0.017,0.015,1
"Gm41818",0.833169305333601,0.172342975168761,0.067,0.069,1
"H4c6",0.833383521322968,-0.15394445503218,0.016,0.019,1
"Cacnb3",0.835463660419504,0.119532852565093,0.038,0.04,1
"Pfkfb4",0.836891851063873,0.139282510027742,0.05,0.053,1
"Gm56571",0.838337340504218,0.300170751630708,0.014,0.013,1
"Gm56530",0.840375341819617,0.190716298421339,0.04,0.041,1
"Slc15a1",0.840699298684486,-0.123864799697545,0.065,0.079,1
"Tigd5",0.840993356559178,-0.24131899950743,0.01,0.014,1
"Lamb3",0.841632503884497,-0.205927137296729,0.026,0.033,1
"Ankmy1",0.841645036672221,0.233968459052823,0.013,0.012,1
"Gm10369",0.841829047152218,0.105489970327086,0.013,0.013,1
"Smpd5",0.842555121868329,0.216232033322759,0.025,0.025,1
"Depdc7",0.843035748797648,0.152124962648331,0.008,0.01,1
"Lrrc73",0.84328138378182,-0.10281552474723,0.009,0.011,1
"Tmem104",0.845722313109001,0.109998845704046,0.071,0.074,1
"Nbr1",0.847914079876049,0.121837499894563,0.382,0.394,1
"Aifm2",0.847915074953724,-0.145645085904864,0.03,0.037,1
"Or2z9",0.848064354394018,-0.181507988714697,0.008,0.01,1
"4933439C10Rik",0.849835118534025,0.140928428352369,0.03,0.033,1
"Rpp25",0.851327992230803,-0.131547095915074,0.015,0.019,1
"Cyp4v3",0.851602627759094,0.239770621704905,0.033,0.033,1
"Elmo3",0.853283237802501,0.208858809902435,0.019,0.019,1
"Vat1",0.853927249191008,-0.101172392904764,0.022,0.025,1
"Ccdc146",0.854592703572548,0.392540458254561,0.01,0.01,1
"Gch1",0.85525232011602,-0.194210261287735,0.067,0.085,1
"Maged1",0.855409343118029,-0.226131877718301,0.011,0.013,1
"Rangrf",0.855573681314111,-0.135543850822162,0.151,0.183,1
"5430405H02Rik",0.857581009565731,0.209356006043838,0.257,0.257,1
"Gm57017",0.858152869659883,0.14404127068088,0.016,0.016,1
"Gm16541",0.858585533734427,-0.125468267576511,0.019,0.023,1
"Gm57399",0.858687798055926,-0.112073922509614,0.055,0.064,1
"4930431P03Rik",0.859087291471918,0.16240910728349,0.04,0.038,1
"Suox",0.859456613260229,-0.148047555888123,0.034,0.041,1
"BC049762",0.860116986199065,0.15712961128231,0.023,0.023,1
"Klf4",0.860737134339337,-0.158208427220233,0.008,0.01,1
"Fndc10",0.862675262803249,-0.139094292751624,0.05,0.062,1
"Tmem198b",0.862989895096139,-0.134567759049691,0.016,0.019,1
"Fgd6",0.864587073533864,-0.324415002779272,0.026,0.034,1
"Col27a1",0.865852810914124,0.124824815599659,0.009,0.01,1
"Zfp629",0.866029868647085,-0.113962274812633,0.032,0.039,1
"Gys1",0.869563624106766,-0.126648675115314,0.103,0.125,1
"Tmem268",0.87040620803595,0.178914184959568,0.109,0.11,1
"Gm16157",0.87136221542089,0.125343780060442,0.081,0.083,1
"Gm39213",0.871387678160674,0.186907859729891,0.02,0.019,1
"Cryab",0.87181020807606,-0.155450225605136,0.017,0.021,1
"Mamdc4",0.872213378515262,0.116338109768533,0.01,0.011,1
"Car7",0.872410725932446,0.230511546203364,0.013,0.013,1
"Tektip1",0.872725132210572,0.358321121448863,0.013,0.013,1
"Gm26749",0.874025319562151,0.299052497946095,0.035,0.038,1
"Gm46336",0.874413122483528,0.10672559026185,0.035,0.04,1
"Phldb3",0.874423187862323,0.199996983747559,0.035,0.035,1
"Gm17344",0.874465574466172,0.264099860800178,0.017,0.017,1
"4933430I17Rik",0.876040193241862,-0.165897154625446,0.022,0.027,1
"Gm47350",0.876263085548454,0.186965900607013,0.018,0.018,1
"Prodh",0.876330324996078,-0.192988281866951,0.009,0.012,1
"Btbd6",0.876775697242718,0.109335452543045,0.072,0.074,1
"Gm48719",0.876785118580925,0.260672036211855,0.023,0.022,1
"ENSMUSG00000121500",0.877664797383937,0.106326139045738,0.126,0.131,1
"Gm43773",0.87815542544561,-0.151923144171294,0.014,0.017,1
"Pam16l",0.88001286091465,-0.116572316232047,0.026,0.033,1
"Hyal2",0.880430732669731,-0.100942645603994,0.05,0.056,1
"1700056N10Rik",0.880494982196913,0.119222142770171,0.039,0.041,1
"E030042O20Rik",0.882850464678192,0.322193880913368,0.017,0.016,1
"Ddr1",0.883322246656109,0.140465212755204,0.029,0.031,1
"Tmem147os",0.885738637520314,-0.248733023098677,0.009,0.012,1
"Gm34102",0.888335233423464,0.105431924824264,0.042,0.043,1
"H3c6",0.888549050358774,-0.111716564239029,0.112,0.133,1
"4933406P04Rik",0.889626615286512,0.322982402907192,0.014,0.013,1
"Fkbp4",0.889933025875113,-0.12165581315423,0.74,0.801,1
"Lrrd1",0.890677799213679,0.175078760734841,0.03,0.03,1
"A430035B10Rik",0.891283332979274,0.212786703907422,0.019,0.018,1
"2210406O10Rik",0.891696115163677,0.366369208333951,0.01,0.01,1
"Sfxn3",0.891899172221638,0.19820409141311,0.04,0.04,1
"A3galt2",0.891977167582946,0.102616437103375,0.032,0.033,1
"Zbtb9",0.89243260117949,0.155420679109111,0.147,0.152,1
"Gm16310",0.892947682342328,0.191619512408287,0.012,0.012,1
"Gm1043",0.89329636077535,0.288368101678344,0.027,0.024,1
"Tram2",0.895353818477437,-0.123562875102361,0.088,0.108,1
"Gm56935",0.895737739793892,0.135610671972533,0.012,0.012,1
"Bend6",0.897366034814899,0.295992147201503,0.011,0.011,1
"Gm13205",0.900538716490847,-0.104086224112796,0.016,0.02,1
"Stoml2",0.90394100302175,-0.110264011845496,0.752,0.815,1
"Gstt3",0.904328457078189,0.146579896600723,0.01,0.01,1
"Rfx2",0.904815816348825,-0.109599498710106,0.009,0.011,1
"Mterf1a",0.904832788749456,0.114522068570668,0.13,0.138,1
"Acot6",0.905407604799763,-0.151961285031136,0.014,0.017,1
"Tex49",0.905417404648996,0.358979121785759,0.01,0.009,1
"4930539J05Rik",0.906741951943183,-0.106062139242558,0.01,0.013,1
"Gm49959",0.906959090009905,0.24499330935104,0.067,0.066,1
"Rab31",0.908010058129909,-0.225736160944103,0.029,0.037,1
"1500004A13Rik",0.908077555602435,0.136330719589288,0.041,0.042,1
"Trib1",0.908331940413875,0.100150022080054,0.023,0.024,1
"Gm44699",0.908929942266409,0.155660426802194,0.016,0.018,1
"Paqr3",0.909225849958478,-0.129484432339449,0.023,0.027,1
"Gm20522",0.909270893171014,0.15885308626416,0.013,0.013,1
"Slc26a6",0.909952997596569,-0.107913255276338,0.02,0.025,1
"Rras",0.912949418387484,0.26280354112821,0.036,0.037,1
"Gm19569",0.913352803313521,0.158937746262036,0.01,0.011,1
"Zfp874b",0.913499445204689,0.194001914435896,0.073,0.072,1
"2010110G14Rik",0.914627515937589,-0.189899150966383,0.014,0.017,1
"Gm46781",0.915752698019511,0.205196680128458,0.173,0.174,1
"Gm21814",0.916505324977888,-0.151057410702783,0.032,0.035,1
"Rita1",0.920086424443504,-0.219019831134903,0.049,0.062,1
"Gm19705",0.920212345229608,0.277179434805547,0.166,0.156,1
"Farp1",0.925301316036631,-0.189607315292906,0.02,0.024,1
"2900041M22Rik",0.926250246044445,0.109148026036243,0.014,0.015,1
"Tnks1bp1",0.926291424722542,0.10529630652714,0.044,0.048,1
"Gm11655",0.926480517058955,0.123729871962228,0.016,0.017,1
"Nrg1",0.930056408109373,-0.171326490654019,0.01,0.012,1
"Trim12a",0.931076795389827,0.229007887172328,0.01,0.01,1
"Itpripl2",0.931894509198966,-0.138422621716204,0.009,0.011,1
"Nat14",0.932001351814968,0.180071639670304,0.009,0.01,1
"Gm39526",0.93250204027586,0.176251339596123,0.03,0.031,1
"Rundc3a",0.933945231747825,0.112352930914377,0.024,0.025,1
"Fam220a.1",0.934395769306942,0.105857633844698,0.018,0.017,1
"Gm15886",0.93730328679671,0.242611995945168,0.014,0.015,1
"Gm39318",0.937799814778733,0.139384977055924,0.013,0.015,1
"Gm42829",0.939040910923639,0.135231766553714,0.019,0.018,1
"Gm29361",0.939730514543447,0.250016558985747,0.013,0.012,1
"Slc7a3",0.940050036603282,-0.103081880677494,0.01,0.014,1
"Zfp772",0.941383209986502,-0.103265181848098,0.013,0.016,1
"Nacc2",0.943722928445244,0.337703084525992,0.038,0.035,1
"Gm6787",0.944347905536443,0.161513454866945,0.026,0.029,1
"Nhsl1",0.944932637004291,-0.370879955548409,0.012,0.016,1
"Iqch",0.945486082106651,-0.110381197497367,0.011,0.013,1
"Plag1",0.946280389533966,0.117986081949701,0.015,0.015,1
"Adarb1",0.946925628530326,-0.181968664520213,0.153,0.189,1
"Lap3",0.947295913476834,-0.126229473031234,0.638,0.714,1
"Trav8d-1",0.949111351519468,-0.132486828718096,0.017,0.019,1
"Gm33318",0.949858332523158,-0.236061860438347,0.011,0.013,1
"Gpaa1",0.952954303418942,-0.113984530112463,0.209,0.248,1
"C430049B03Rik",0.952975916026152,0.172382507622335,0.011,0.011,1
"Bach2it1",0.954864722326066,0.203678630571066,0.015,0.015,1
"Gal3st2b",0.954920812313363,0.144187125420928,0.01,0.01,1
"Nlrp10",0.956150769265837,0.207132948370724,0.013,0.014,1
"Gm43140",0.957543400500142,0.163711083479336,0.011,0.011,1
"Gm11630",0.957954366439664,0.172835490537008,0.02,0.019,1
"Zfp703",0.959308442214223,-0.11346337038986,0.03,0.037,1
"D5Ertd605e",0.960686783612622,-0.212374247895237,0.019,0.024,1
"Inpp5k",0.962928971707459,0.117355303834834,0.279,0.287,1
"Gm14471",0.962985716335668,0.38145590198082,0.014,0.016,1
"Gm49700",0.963617523293527,0.238465187068598,0.011,0.011,1
"Gm33104",0.964602323524296,0.118246435068373,0.057,0.062,1
"Syp",0.965020179678148,0.256286852854286,0.018,0.017,1
"2610044O15Rik8",0.965749507091038,0.116225247268633,0.224,0.235,1
"Zc3h12d",0.967167932379271,0.160484453071796,0.2,0.203,1
"4930595D18Rik",0.967902393498911,0.11545809177182,0.02,0.021,1
"E130102H24Rik",0.969165517495018,0.182759992589187,0.062,0.062,1
"Amigo2",0.969169693644157,0.223059783354148,0.013,0.013,1
"Slc29a2",0.970057040560732,-0.18558084274586,0.015,0.018,1
"Cnnm1",0.970704749574974,-0.255986588720879,0.011,0.015,1
"Ankle1",0.974954409391047,-0.116820860362147,0.032,0.039,1
"Pemt",0.977296482499051,-0.101546484253176,0.044,0.054,1
"Slc38a9",0.977741573442,0.120600246720732,0.425,0.439,1
"Adgrd1",0.978046889015116,0.159269707092934,0.011,0.01,1
"Gm3550",0.982199591338317,0.153873448050795,0.017,0.019,1
"Fap",0.984310154619045,0.451614074602459,0.02,0.018,1
"Noxo1",0.984472339698958,-0.214163071820102,0.009,0.011,1
"Kctd12",0.984871282649491,-0.229800841176661,0.03,0.038,1
"Gm11592",0.986162976631167,0.282365368045728,0.012,0.012,1
"A430105J06Rik",0.986469817709531,0.147688367632235,0.037,0.039,1
"Gm29642",0.989478771903555,0.20245975372414,0.044,0.043,1
"Rbm47",0.991871883622121,0.207363795942271,0.012,0.013,1
"Gm37529",0.995170666594359,0.162321049514271,0.01,0.011,1
"Aldh1b1",0.995615750087921,0.118692086893894,0.05,0.053,1
"Tnfaip8l1",0.997366011169437,0.114177199154939,0.06,0.063,1
"Tifa",0.997432945402716,0.198231885609785,0.011,0.012,1
"Tmem106a",0.997558018424305,0.130205057998856,0.095,0.098,1
"Gm56527",0.998376410389402,0.280577128690264,0.012,0.012,1
"Gm56867",0.998631625437468,0.155988592279309,0.12,0.125,1
"Apbb1",0.9997825561429,-0.156152548565791,0.016,0.019,1
