"module","gene"
"Combined_NR","Aak1"
"Combined_NR","Abcg1"
"Combined_NR","Abhd4"
"Combined_NR","Abhd5"
"Combined_NR","Abi3"
"Combined_NR","Ablim3"
"Combined_NR","Abracl"
"Combined_NR","Abt1"
"Combined_NR","Acap1"
"Combined_NR","Acap2"
"Combined_NR","Acat3"
"Combined_NR","Acp1"
"Combined_NR","Acp5"
"Combined_NR","Acsl1"
"Combined_NR","Acta2"
"Combined_NR","Actn1"
"Combined_NR","Actn4"
"Combined_NR","Actr1b"
"Combined_NR","Actr2"
"Combined_NR","Actr3"
"Combined_NR","Ada"
"Combined_NR","Adam10"
"Combined_NR","Adam9"
"Combined_NR","Adar"
"Combined_NR","Adcy1"
"Combined_NR","Add1"
"Combined_NR","Add3"
"Combined_NR","Adgre5"
"Combined_NR","Adgrg1"
"Combined_NR","Adh5"
"Combined_NR","Adipor1"
"Combined_NR","Adm"
"Combined_NR","Adrb2"
"Combined_NR","Adrm1"
"Combined_NR","Afap1"
"Combined_NR","Aff4"
"Combined_NR","Afg3l2"
"Combined_NR","Agrn"
"Combined_NR","Ahcy"
"Combined_NR","Ahcyl2"
"Combined_NR","Ahi1"
"Combined_NR","Ahnak"
"Combined_NR","Ahsa1"
"Combined_NR","Aip"
"Combined_NR","Ak2"
"Combined_NR","Akap11"
"Combined_NR","Akap12"
"Combined_NR","Akirin1"
"Combined_NR","Akirin2"
"Combined_NR","Akna"
"Combined_NR","Aldoa"
"Combined_NR","Alox5ap"
"Combined_NR","Amd1"
"Combined_NR","Anapc11"
"Combined_NR","Anapc16"
"Combined_NR","Anapc5"
"Combined_NR","Angptl4"
"Combined_NR","Ankrd10"
"Combined_NR","Ankrd28"
"Combined_NR","Ankrd33b"
"Combined_NR","Ankrd44"
"Combined_NR","Anp32a"
"Combined_NR","Anxa1"
"Combined_NR","Anxa11"
"Combined_NR","Anxa2"
"Combined_NR","Gm21188"
"Combined_NR","Anxa5"
"Combined_NR","Anxa6"
"Combined_NR","Aoah"
"Combined_NR","Ap2b1"
"Combined_NR","Ap2m1"
"Combined_NR","Ap2s1"
"Combined_NR","Apbb1ip"
"Combined_NR","Api5"
"Combined_NR","Aplp1"
"Combined_NR","Aplp2"
"Combined_NR","Apobec3"
"Combined_NR","App"
"Combined_NR","Arap2"
"Combined_NR","Arf5"
"Combined_NR","Arf6"
"Combined_NR","Arhgap15"
"Combined_NR","Arhgap18"
"Combined_NR","Arhgap25"
"Combined_NR","Arhgap30"
"Combined_NR","Arhgap31"
"Combined_NR","Arhgap4"
"Combined_NR","Arhgap9"
"Combined_NR","Arhgdia"
"Combined_NR","Arhgdib"
"Combined_NR","Arhgef1"
"Combined_NR","Arhgef3"
"Combined_NR","Arhgef9"
"Combined_NR","Arid1b"
"Combined_NR","Arid5b"
"Combined_NR","Arih2"
"Combined_NR","Arl2bp"
"Combined_NR","Arl4c"
"Combined_NR","Arl5a"
"Combined_NR","Arl6ip4"
"Combined_NR","Arl6ip5"
"Combined_NR","Arl6ip6"
"Combined_NR","Armcx1"
"Combined_NR","Armcx2"
"Combined_NR","Arpc1b"
"Combined_NR","Arpc2"
"Combined_NR","Arpc3"
"Combined_NR","Arpc4"
"Combined_NR","Arpc5"
"Combined_NR","Arpc5l"
"Combined_NR","Arpp19"
"Combined_NR","Arrb2"
"Combined_NR","Art3"
"Combined_NR","Asb2"
"Combined_NR","Asf1a"
"Combined_NR","Asxl2"
"Combined_NR","Atf3"
"Combined_NR","Atf4"
"Combined_NR","Atf6b"
"Combined_NR","Atf7ip"
"Combined_NR","Atg3"
"Combined_NR","Atm"
"Combined_NR","Atn1"
"Combined_NR","Atp10d"
"Combined_NR","Atp1a1"
"Combined_NR","Atp1b3"
"Combined_NR","Atp2a3"
"Combined_NR","Atp2b1"
"Combined_NR","Atp2b4"
"Combined_NR","Atp6v0b"
"Combined_NR","Atp6v0d1"
"Combined_NR","Atp6v0e2"
"Combined_NR","Atp6v1f"
"Combined_NR","Atp6v1g1"
"Combined_NR","Atp8a1"
"Combined_NR","Atp9a"
"Combined_NR","Atrx"
"Combined_NR","Atxn2l"
"Combined_NR","Aup1"
"Combined_NR","Aurka"
"Combined_NR","Aurkaip1"
"Combined_NR","Auts2"
"Combined_NR","Avpi1"
"Combined_NR","Axl"
"Combined_NR","Azin1"
"Combined_NR","B3gnt2"
"Combined_NR","B4galnt1"
"Combined_NR","B4galt1"
"Combined_NR","B4galt6"
"Combined_NR","Bach2"
"Combined_NR","Bag1"
"Combined_NR","Bag3"
"Combined_NR","Bahcc1"
"Combined_NR","Banf1"
"Combined_NR","Basp1"
"Combined_NR","Batf"
"Combined_NR","Bax"
"Combined_NR","Baz1a"
"Combined_NR","Bbx"
"Combined_NR","Bcar3"
"Combined_NR","Bcat1"
"Combined_NR","Bccip"
"Combined_NR","Bcl11b"
"Combined_NR","Bcl2"
"Combined_NR","Bcl2l1"
"Combined_NR","Bcl2l11"
"Combined_NR","Bcl2l12"
"Combined_NR","Bcl3"
"Combined_NR","Bhlhe40"
"Combined_NR","Bin2"
"Combined_NR","Birc2"
"Combined_NR","Birc3"
"Combined_NR","Birc6"
"Combined_NR","Bloc1s1"
"Combined_NR","Bloc1s2"
"Combined_NR","Bpgm"
"Combined_NR","Bptf"
"Combined_NR","Brd2"
"Combined_NR","Brd4"
"Combined_NR","Brk1"
"Combined_NR","Bsg"
"Combined_NR","Bspry"
"Combined_NR","Bst2"
"Combined_NR","Btg1"
"Combined_NR","Btg2"
"Combined_NR","Btg3"
"Combined_NR","Bub1"
"Combined_NR","Bud31"
"Combined_NR","Bves"
"Combined_NR","Bzw1"
"Combined_NR","1500009L16Rik"
"Combined_NR","4921524J17Rik"
"Combined_NR","0610010K14Rik"
"Combined_NR","1810010H24Rik"
"Combined_NR","2310022B05Rik"
"Combined_NR","4933434E20Rik"
"Combined_NR","2810459M11Rik"
"Combined_NR","BC016579"
"Combined_NR","1810037I17Rik"
"Combined_NR","Gm1673"
"Combined_NR","BC005537"
"Combined_NR","BC005624"
"Combined_NR","Car12"
"Combined_NR","Car9"
"Combined_NR","Cabin1"
"Combined_NR","Cables1"
"Combined_NR","Cacybp"
"Combined_NR","Calm3"
"Combined_NR","Calr"
"Combined_NR","Camk1"
"Combined_NR","Camk4"
"Combined_NR","Caml"
"Combined_NR","Camsap2"
"Combined_NR","Canx"
"Combined_NR","Cap1"
"Combined_NR","Capg"
"Combined_NR","Capn2"
"Combined_NR","Capza1"
"Combined_NR","Capza2"
"Combined_NR","Capzb"
"Combined_NR","Carhsp1"
"Combined_NR","Casp1"
"Combined_NR","Casp3"
"Combined_NR","Casp4"
"Combined_NR","Casp8"
"Combined_NR","Cast"
"Combined_NR","Cblb"
"Combined_NR","Cbx1"
"Combined_NR","Cbx3"
"Combined_NR","Ccdc107"
"Combined_NR","Ccdc14"
"Combined_NR","Ccdc50"
"Combined_NR","Ccdc59"
"Combined_NR","Ccdc74a"
"Combined_NR","Ccdc85b"
"Combined_NR","Ccdc88c"
"Combined_NR","Ccl20"
"Combined_NR","Ccl3"
"Combined_NR","Ccl4"
"Combined_NR","Ccl5"
"Combined_NR","Ccm2"
"Combined_NR","Ccnd2"
"Combined_NR","Ccnd3"
"Combined_NR","Ccnh"
"Combined_NR","Ccnk"
"Combined_NR","Ccnl1"
"Combined_NR","Ccr2"
"Combined_NR","Ccr5"
"Combined_NR","Ccr7"
"Combined_NR","Ccr8"
"Combined_NR","Ccser2"
"Combined_NR","Cct4"
"Combined_NR","Cct8"
"Combined_NR","Cd109"
"Combined_NR","Cd164"
"Combined_NR","Cd2"
"Combined_NR","Cd200"
"Combined_NR","Cd22"
"Combined_NR","Cd247"
"Combined_NR","Cd27"
"Combined_NR","Cd276"
"Combined_NR","Cd3d"
"Combined_NR","Cd3e"
"Combined_NR","Cd3g"
"Combined_NR","Cd40lg"
"Combined_NR","Cd44"
"Combined_NR","Cd46"
"Combined_NR","Cd47"
"Combined_NR","Cd48"
"Combined_NR","Cd5"
"Combined_NR","Cd52"
"Combined_NR","Cd53"
"Combined_NR","Cd55"
"Combined_NR","Cd6"
"Combined_NR","Cd63"
"Combined_NR","Cd69"
"Combined_NR","Cd70"
"Combined_NR","Cd74"
"Combined_NR","Cd79b"
"Combined_NR","Cd80"
"Combined_NR","Cd82"
"Combined_NR","Cd83"
"Combined_NR","Cd84"
"Combined_NR","Cd8a"
"Combined_NR","Cd8b1"
"Combined_NR","Cd9"
"Combined_NR","Cd96"
"Combined_NR","Cdc26"
"Combined_NR","Cdc37"
"Combined_NR","Cdc42bpb"
"Combined_NR","Cdc42ep3"
"Combined_NR","Cdc42se1"
"Combined_NR","Cdc42se2"
"Combined_NR","Cdc6"
"Combined_NR","Cdca5"
"Combined_NR","Cdk17"
"Combined_NR","Cdk6"
"Combined_NR","Cdkn1a"
"Combined_NR","Cdkn2a"
"Combined_NR","Cdt1"
"Combined_NR","Celf2"
"Combined_NR","Cenpi"
"Combined_NR","Cers6"
"Combined_NR","Cfi"
"Combined_NR","Ch25h"
"Combined_NR","Chchd10"
"Combined_NR","Chchd2"
"Combined_NR","Chd1"
"Combined_NR","Chd2"
"Combined_NR","Chd3"
"Combined_NR","Chek1"
"Combined_NR","Chmp5"
"Combined_NR","Chn1"
"Combined_NR","Chordc1"
"Combined_NR","Chrm4"
"Combined_NR","Chst11"
"Combined_NR","Chst12"
"Combined_NR","Chst2"
"Combined_NR","Churc1"
"Combined_NR","Cib1"
"Combined_NR","Cir1"
"Combined_NR","Cisd2"
"Combined_NR","Cish"
"Combined_NR","Cited2"
"Combined_NR","Ckap2"
"Combined_NR","Ckap2l"
"Combined_NR","Cklf"
"Combined_NR","Cks2"
"Combined_NR","Cldnd1"
"Combined_NR","Clic1"
"Combined_NR","Clic3"
"Combined_NR","Clic4"
"Combined_NR","Clk1"
"Combined_NR","Clmn"
"Combined_NR","Clpb"
"Combined_NR","Clstn3"
"Combined_NR","Clta"
"Combined_NR","Cltb"
"Combined_NR","Cltc"
"Combined_NR","Cmc2"
"Combined_NR","Cmpk1"
"Combined_NR","Cmtm3"
"Combined_NR","Cnbp"
"Combined_NR","Cnn2"
"Combined_NR","Cnot2"
"Combined_NR","Cnot7"
"Combined_NR","Cntrob"
"Combined_NR","Cog5"
"Combined_NR","Commd7"
"Combined_NR","Commd8"
"Combined_NR","Cope"
"Combined_NR","Cops2"
"Combined_NR","Cops5"
"Combined_NR","Copz1"
"Combined_NR","Coro1a"
"Combined_NR","Coro1b"
"Combined_NR","Coro1c"
"Combined_NR","Cox16"
"Combined_NR","Cox17"
"Combined_NR","Cox20"
"Combined_NR","Cox5a"
"Combined_NR","Cox5b"
"Combined_NR","Cox6a1"
"Combined_NR","Cox6b1"
"Combined_NR","Cox6c"
"Combined_NR","Cox7a2"
"Combined_NR","Cox7a2l"
"Combined_NR","Cox7b"
"Combined_NR","Cpm"
"Combined_NR","Cpne1"
"Combined_NR","Cpox"
"Combined_NR","Crebzf"
"Combined_NR","Creg1"
"Combined_NR","Crem"
"Combined_NR","Crim1"
"Combined_NR","Crip1"
"Combined_NR","Csde1"
"Combined_NR","Cse1l"
"Combined_NR","Csf2"
"Combined_NR","Csk"
"Combined_NR","Csnk1a1"
"Combined_NR","Csnk1d"
"Combined_NR","Csrnp1"
"Combined_NR","Csrp1"
"Combined_NR","Cst3"
"Combined_NR","Cst7"
"Combined_NR","Cstb"
"Combined_NR","Ctbp1"
"Combined_NR","Ctdsp1"
"Combined_NR","Ctnna1"
"Combined_NR","Ctnnal1"
"Combined_NR","Ctsa"
"Combined_NR","Ctsc"
"Combined_NR","Ctsd"
"Combined_NR","Ctsw"
"Combined_NR","Cttn"
"Combined_NR","Cxcl16"
"Combined_NR","Cxcl9"
"Combined_NR","Cxcr3"
"Combined_NR","Cxcr4"
"Combined_NR","Cxcr5"
"Combined_NR","Cxcr6"
"Combined_NR","Cyb5r3"
"Combined_NR","Cycs"
"Combined_NR","Cyfip1"
"Combined_NR","Cyfip2"
"Combined_NR","Cyld"
"Combined_NR","Cyp1a1"
"Combined_NR","Cyp2s1"
"Combined_NR","Cyp51"
"Combined_NR","Cyth1"
"Combined_NR","Cyth4"
"Combined_NR","Cytip"
"Combined_NR","Dad1"
"Combined_NR","Dazap2"
"Combined_NR","Dbi"
"Combined_NR","Dbnl"
"Combined_NR","Dcp2"
"Combined_NR","Ddit3"
"Combined_NR","Ddit4"
"Combined_NR","Ddost"
"Combined_NR","Ddt"
"Combined_NR","Ddx17"
"Combined_NR","Ddx18"
"Combined_NR","Ddx39a"
"Combined_NR","Ddx3x"
"Combined_NR","Ddx46"
"Combined_NR","Ddx5"
"Combined_NR","Def6"
"Combined_NR","Dennd1b"
"Combined_NR","Depdc7"
"Combined_NR","Derl1"
"Combined_NR","Dgki"
"Combined_NR","Dhcr24"
"Combined_NR","Dhcr7"
"Combined_NR","Dhrs2"
"Combined_NR","Diaph1"
"Combined_NR","Dido1"
"Combined_NR","Dip2a"
"Combined_NR","Dmd"
"Combined_NR","Dnajb1"
"Combined_NR","Dnajb4"
"Combined_NR","Dnajb5"
"Combined_NR","Dnajc1"
"Combined_NR","Dnajc12"
"Combined_NR","Dnajc18"
"Combined_NR","Dnajc19"
"Combined_NR","Dnajc6"
"Combined_NR","Dnph1"
"Combined_NR","Dock10"
"Combined_NR","Dock7"
"Combined_NR","Dock8"
"Combined_NR","Dok2"
"Combined_NR","Dok5"
"Combined_NR","Donson"
"Combined_NR","Dpyd"
"Combined_NR","Dpysl2"
"Combined_NR","Dr1"
"Combined_NR","Dram1"
"Combined_NR","Drap1"
"Combined_NR","Dsn1"
"Combined_NR","Dstn"
"Combined_NR","Dtl"
"Combined_NR","Dusp1"
"Combined_NR","Dusp2"
"Combined_NR","Dusp3"
"Combined_NR","Dusp4"
"Combined_NR","Dut"
"Combined_NR","Dvl2"
"Combined_NR","Dync1h1"
"Combined_NR","Dynll1"
"Combined_NR","Dynlrb1"
"Combined_NR","Dynlt1b"
"Combined_NR","Dzip3"
"Combined_NR","Ebi3"
"Combined_NR","Ech1"
"Combined_NR","Eci2"
"Combined_NR","Eef2"
"Combined_NR","Efhd2"
"Combined_NR","Egfl6"
"Combined_NR","Egr1"
"Combined_NR","Ehd4"
"Combined_NR","Eif1ax"
"Combined_NR","Eif2ak2"
"Combined_NR","Eif2s3x"
"Combined_NR","Eif3a"
"Combined_NR","Eif3d"
"Combined_NR","Eif3e"
"Combined_NR","Eif3f"
"Combined_NR","Eif3l"
"Combined_NR","Eif3m"
"Combined_NR","Eif4b"
"Combined_NR","Eif4g2"
"Combined_NR","Eif4h"
"Combined_NR","Eif5a"
"Combined_NR","Eif5b"
"Combined_NR","Elk1"
"Combined_NR","Ell2"
"Combined_NR","Elmo1"
"Combined_NR","Elovl5"
"Combined_NR","Emb"
"Combined_NR","Emc4"
"Combined_NR","Emc7"
"Combined_NR","Emd"
"Combined_NR","Eml4"
"Combined_NR","Emp1"
"Combined_NR","Emp3"
"Combined_NR","Eno1"
"Combined_NR","Enpp2"
"Combined_NR","Ensa"
"Combined_NR","Eny2"
"Combined_NR","Eomes"
"Combined_NR","Epas1"
"Combined_NR","Epb41l4b"
"Combined_NR","Ercc5"
"Combined_NR","Erh"
"Combined_NR","Eri2"
"Combined_NR","Erlin2"
"Combined_NR","Erp44"
"Combined_NR","Etf1"
"Combined_NR","Ethe1"
"Combined_NR","Ets1"
"Combined_NR","Ets2"
"Combined_NR","Evi2a"
"Combined_NR","Evi5"
"Combined_NR","Evl"
"Combined_NR","Ewsr1"
"Combined_NR","Exd2"
"Combined_NR","Exoc2"
"Combined_NR","Ezr"
"Combined_NR","F11r"
"Combined_NR","F2r"
"Combined_NR","F5"
"Combined_NR","Fads1"
"Combined_NR","Fads2"
"Combined_NR","Fah"
"Combined_NR","Faim2"
"Combined_NR","Fam114a1"
"Combined_NR","Fam118a"
"Combined_NR","Fam120a"
"Combined_NR","Fam120b"
"Combined_NR","Fam133b"
"Combined_NR","Fam174b"
"Combined_NR","Fam177a"
"Combined_NR","Fam32a"
"Combined_NR","Fam50a"
"Combined_NR","Fam53c"
"Combined_NR","Fanci"
"Combined_NR","Fas"
"Combined_NR","Fasl"
"Combined_NR","Fasn"
"Combined_NR","Fbl"
"Combined_NR","Fbxo44"
"Combined_NR","Fbxo7"
"Combined_NR","Fcer1g"
"Combined_NR","Fdft1"
"Combined_NR","Fdps"
"Combined_NR","Fdx1"
"Combined_NR","Fermt3"
"Combined_NR","Fgd6"
"Combined_NR","Fgfr1op2"
"Combined_NR","Fggy"
"Combined_NR","Fignl1"
"Combined_NR","Fis1"
"Combined_NR","Fkbp11"
"Combined_NR","Fkbp1a"
"Combined_NR","Fkbp2"
"Combined_NR","Fkbp4"
"Combined_NR","Fkbp5"
"Combined_NR","Fkbp8"
"Combined_NR","Fli1"
"Combined_NR","Flna"
"Combined_NR","Flt1"
"Combined_NR","Flt3l"
"Combined_NR","Fmnl1"
"Combined_NR","Fmnl3"
"Combined_NR","Fn1"
"Combined_NR","Fnta"
"Combined_NR","Fos"
"Combined_NR","Fosb"
"Combined_NR","Fosl2"
"Combined_NR","Foxn3"
"Combined_NR","Foxo1"
"Combined_NR","Foxp1"
"Combined_NR","Foxp3"
"Combined_NR","Fscn1"
"Combined_NR","Fubp1"
"Combined_NR","Furin"
"Combined_NR","Fut8"
"Combined_NR","Fxr2"
"Combined_NR","Fyn"
"Combined_NR","G0s2"
"Combined_NR","G3bp2"
"Combined_NR","Gab2"
"Combined_NR","Gabarapl1"
"Combined_NR","Gadd45a"
"Combined_NR","Gadd45b"
"Combined_NR","Galnt1"
"Combined_NR","Gas8"
"Combined_NR","Gatm"
"Combined_NR","Gbe1"
"Combined_NR","Gbp2"
"Combined_NR","Gbp3"
"Combined_NR","Gbp5"
"Combined_NR","Gch1"
"Combined_NR","Gchfr"
"Combined_NR","Gcnt1"
"Combined_NR","Gem"
"Combined_NR","Gfi1"
"Combined_NR","Ggh"
"Combined_NR","Ghitm"
"Combined_NR","Gimap4"
"Combined_NR","Gimap6"
"Combined_NR","Gimap7"
"Combined_NR","Gins1"
"Combined_NR","Gins4"
"Combined_NR","Gjb2"
"Combined_NR","Gk"
"Combined_NR","Glg1"
"Combined_NR","Glipr1"
"Combined_NR","Glipr2"
"Combined_NR","Glo1"
"Combined_NR","Glud1"
"Combined_NR","Glul"
"Combined_NR","Gm2a"
"Combined_NR","Gmfg"
"Combined_NR","Gna12"
"Combined_NR","Gna15"
"Combined_NR","Gnai3"
"Combined_NR","Gnas"
"Combined_NR","Gng2"
"Combined_NR","Gng4"
"Combined_NR","Gng5"
"Combined_NR","Gnptab"
"Combined_NR","Golph3"
"Combined_NR","Got2"
"Combined_NR","Gpatch8"
"Combined_NR","Gpbp1"
"Combined_NR","Gpc1"
"Combined_NR","Gpi1"
"Combined_NR","Gpr15"
"Combined_NR","Gpr157"
"Combined_NR","Gpr174"
"Combined_NR","Gpr183"
"Combined_NR","Gpr65"
"Combined_NR","Gpr68"
"Combined_NR","Gprc5c"
"Combined_NR","Gprin3"
"Combined_NR","Gpsm3"
"Combined_NR","Gramd1a"
"Combined_NR","Grap2"
"Combined_NR","Gsk3b"
"Combined_NR","Gstcd"
"Combined_NR","Gstk1"
"Combined_NR","Gstp1"
"Combined_NR","Gtf3a"
"Combined_NR","Gtf3c6"
"Combined_NR","Guk1"
"Combined_NR","Gyg"
"Combined_NR","Gzma"
"Combined_NR","Gzmb"
"Combined_NR","Gzmc"
"Combined_NR","Gzmk"
"Combined_NR","Gzmm"
"Combined_NR","Hacd4"
"Combined_NR","Hadha"
"Combined_NR","Havcr2"
"Combined_NR","Hbs1l"
"Combined_NR","Hdac3"
"Combined_NR","Hdac7"
"Combined_NR","Hdac9"
"Combined_NR","Hectd2"
"Combined_NR","Heg1"
"Combined_NR","Herc1"
"Combined_NR","Herc2"
"Combined_NR","Herpud1"
"Combined_NR","Hexim1"
"Combined_NR","Hif1a"
"Combined_NR","Higd2a"
"Combined_NR","Hilpda"
"Combined_NR","Hivep1"
"Combined_NR","H2-Q10"
"Combined_NR","Gm8909"
"Combined_NR","H2-DMa"
"Combined_NR","H2-Aa"
"Combined_NR","H2-Ab1"
"Combined_NR","H2-Ea"
"Combined_NR","H2-Eb1"
"Combined_NR","H2-M3"
"Combined_NR","H13"
"Combined_NR","Hmga1"
"Combined_NR","Hmgb2"
"Combined_NR","Hmgcr"
"Combined_NR","Hmgcs1"
"Combined_NR","Hmgn1"
"Combined_NR","Hmgn2"
"Combined_NR","Hmgn3"
"Combined_NR","Hmox2"
"Combined_NR","Hnf1b"
"Combined_NR","Hnrnpa0"
"Combined_NR","Hnrnpc"
"Combined_NR","Hnrnpdl"
"Combined_NR","Hnrnph1"
"Combined_NR","Hnrnph3"
"Combined_NR","Hnrnpm"
"Combined_NR","Hnrnpul1"
"Combined_NR","Hopx"
"Combined_NR","Hoxa4"
"Combined_NR","Hps3"
"Combined_NR","Hsbp1"
"Combined_NR","Hsd11b1"
"Combined_NR","Hsd17b11"
"Combined_NR","Hsd17b12"
"Combined_NR","Hsd3b7"
"Combined_NR","Hsp90aa1"
"Combined_NR","Hsp90ab1"
"Combined_NR","Hspa1a"
"Combined_NR","Hspa5"
"Combined_NR","Hspb1"
"Combined_NR","Hspb11"
"Combined_NR","Hspd1"
"Combined_NR","Hspe1"
"Combined_NR","Hsph1"
"Combined_NR","Htatip2"
"Combined_NR","Icam1"
"Combined_NR","Icam5"
"Combined_NR","Id2"
"Combined_NR","Idh2"
"Combined_NR","Idi1"
"Combined_NR","Ids"
"Combined_NR","Ier2"
"Combined_NR","Ier3"
"Combined_NR","Ier3ip1"
"Combined_NR","Ifi27l2a"
"Combined_NR","Ifi35"
"Combined_NR","Ifi44"
"Combined_NR","Ifi44l"
"Combined_NR","Ifih1"
"Combined_NR","Ifitm2"
"Combined_NR","Ifitm3"
"Combined_NR","Ifng"
"Combined_NR","Ifngr1"
"Combined_NR","Ifrd1"
"Combined_NR","Ift122"
"Combined_NR","Igf2r"
"Combined_NR","Igflr1"
"Combined_NR","Igsf3"
"Combined_NR","Ikbip"
"Combined_NR","Ikzf1"
"Combined_NR","Ikzf2"
"Combined_NR","Ikzf3"
"Combined_NR","Il10ra"
"Combined_NR","Il13"
"Combined_NR","Il16"
"Combined_NR","Il18r1"
"Combined_NR","Il1a"
"Combined_NR","Il1rap"
"Combined_NR","Il1rn"
"Combined_NR","Il21r"
"Combined_NR","Il2ra"
"Combined_NR","Il2rb"
"Combined_NR","Il2rg"
"Combined_NR","Il6st"
"Combined_NR","Il7r"
"Combined_NR","Inpp4a"
"Combined_NR","Inpp5d"
"Combined_NR","Inpp5f"
"Combined_NR","Insig1"
"Combined_NR","Ipo5"
"Combined_NR","Ippk"
"Combined_NR","Iqcg"
"Combined_NR","Iqgap1"
"Combined_NR","Iqgap2"
"Combined_NR","Iqgap3"
"Combined_NR","Irak2"
"Combined_NR","Irak3"
"Combined_NR","Irf1"
"Combined_NR","Irf2"
"Combined_NR","Irf2bp2"
"Combined_NR","Irf2bpl"
"Combined_NR","Irf3"
"Combined_NR","Irf7"
"Combined_NR","Irf8"
"Combined_NR","Isca1"
"Combined_NR","Iscu"
"Combined_NR","Isg15"
"Combined_NR","Isg20"
"Combined_NR","Isg20l2"
"Combined_NR","Itga1"
"Combined_NR","Itga4"
"Combined_NR","Itgae"
"Combined_NR","Itgal"
"Combined_NR","Itgax"
"Combined_NR","Itgb1"
"Combined_NR","Itgb1bp1"
"Combined_NR","Itgb2"
"Combined_NR","Itgb7"
"Combined_NR","Itk"
"Combined_NR","Itm2c"
"Combined_NR","Itpka"
"Combined_NR","Jam2"
"Combined_NR","Jaml"
"Combined_NR","Jmjd1c"
"Combined_NR","Jmjd6"
"Combined_NR","Josd1"
"Combined_NR","Jtb"
"Combined_NR","Jun"
"Combined_NR","Junb"
"Combined_NR","Jund"
"Combined_NR","Kcna3"
"Combined_NR","Kcnab2"
"Combined_NR","Kcnh4"
"Combined_NR","Kctd10"
"Combined_NR","Kctd19"
"Combined_NR","Kctd3"
"Combined_NR","Kctd5"
"Combined_NR","Kdelr3"
"Combined_NR","Kdm2a"
"Combined_NR","Kdm6b"
"Combined_NR","Kdsr"
"Combined_NR","D630045J12Rik"
"Combined_NR","Kif23"
"Combined_NR","Kif3b"
"Combined_NR","Kif3c"
"Combined_NR","Kit"
"Combined_NR","Klf10"
"Combined_NR","Klf2"
"Combined_NR","Klf3"
"Combined_NR","Klf4"
"Combined_NR","Klf6"
"Combined_NR","Klf9"
"Combined_NR","Klrb1a"
"Combined_NR","Klrd1"
"Combined_NR","Klrg1"
"Combined_NR","Klrk1"
"Combined_NR","Kmt2c"
"Combined_NR","Kmt2e"
"Combined_NR","Kpna2"
"Combined_NR","Kpnb1"
"Combined_NR","Krt10"
"Combined_NR","Krt80"
"Combined_NR","Ktn1"
"Combined_NR","Lactb"
"Combined_NR","Lag3"
"Combined_NR","Lamb3"
"Combined_NR","Lamp1"
"Combined_NR","Lamp3"
"Combined_NR","Lamtor4"
"Combined_NR","Lamtor5"
"Combined_NR","Laptm5"
"Combined_NR","Lasp1"
"Combined_NR","Lat"
"Combined_NR","Lck"
"Combined_NR","Lcp1"
"Combined_NR","Lcp2"
"Combined_NR","Ldha"
"Combined_NR","Ldhb"
"Combined_NR","Ldlrad4"
"Combined_NR","Lef1"
"Combined_NR","Leng8"
"Combined_NR","Lepr"
"Combined_NR","Leprotl1"
"Combined_NR","Lgals1"
"Combined_NR","Lgals3"
"Combined_NR","Lif"
"Combined_NR","Lifr"
"Combined_NR","Lig1"
"Combined_NR","Pirb"
"Combined_NR","Lima1"
"Combined_NR","Limd2"
"Combined_NR","Lime1"
"Combined_NR","Lin52"
"Combined_NR","Litaf"
"Combined_NR","Lmna"
"Combined_NR","Lnpep"
"Combined_NR","Lpxn"
"Combined_NR","Lrba"
"Combined_NR","Lrp11"
"Combined_NR","Lrrc40"
"Combined_NR","Lrrfip1"
"Combined_NR","Lrrfip2"
"Combined_NR","Lrrn3"
"Combined_NR","Lsm2"
"Combined_NR","Lsm3"
"Combined_NR","Lsm5"
"Combined_NR","Lsm7"
"Combined_NR","Lsp1"
"Combined_NR","Lss"
"Combined_NR","Lta"
"Combined_NR","Ltb"
"Combined_NR","Ltbr"
"Combined_NR","Luc7l3"
"Combined_NR","Ly6e"
"Combined_NR","Ly9"
"Combined_NR","Lyar"
"Combined_NR","Macf1"
"Combined_NR","Mad2l2"
"Combined_NR","Maged2"
"Combined_NR","Magi1"
"Combined_NR","Magoh"
"Combined_NR","Man1a2"
"Combined_NR","Manf"
"Combined_NR","Map1lc3a"
"Combined_NR","Map1lc3b"
"Combined_NR","Map2k3"
"Combined_NR","Map3k8"
"Combined_NR","Map4"
"Combined_NR","Map4k1"
"Combined_NR","Map7d1"
"Combined_NR","Map7d2"
"Combined_NR","Mapk1"
"Combined_NR","Mapre1"
"Combined_NR","Mapre2"
"Combined_NR","Marcks"
"Combined_NR","Marveld1"
"Combined_NR","Mast1"
"Combined_NR","Mast2"
"Combined_NR","Mat2a"
"Combined_NR","Matk"
"Combined_NR","Max"
"Combined_NR","Maz"
"Combined_NR","Mbd6"
"Combined_NR","Mbnl1"
"Combined_NR","Mbnl2"
"Combined_NR","Mcam"
"Combined_NR","Mcl1"
"Combined_NR","Mcm10"
"Combined_NR","Mcm2"
"Combined_NR","Mcm6"
"Combined_NR","Mdfic"
"Combined_NR","Mdh2"
"Combined_NR","Mdk"
"Combined_NR","Med10"
"Combined_NR","Meis3"
"Combined_NR","Melk"
"Combined_NR","Mest"
"Combined_NR","Metap2"
"Combined_NR","Mettl9"
"Combined_NR","Mfap1a"
"Combined_NR","Mfsd10"
"Combined_NR","Mgat1"
"Combined_NR","Mgat4a"
"Combined_NR","Mgst3"
"Combined_NR","Mical2"
"Combined_NR","Midn"
"Combined_NR","Mien1"
"Combined_NR","Mif"
"Combined_NR","Mis18a"
"Combined_NR","Mis18bp1"
"Combined_NR","Mitd1"
"Combined_NR","Mkrn1"
"Combined_NR","Mlf2"
"Combined_NR","Mlh1"
"Combined_NR","Mllt3"
"Combined_NR","Mmp12"
"Combined_NR","Mob1a"
"Combined_NR","Mob1b"
"Combined_NR","Morf4l1"
"Combined_NR","Morf4l2"
"Combined_NR","Mpc1"
"Combined_NR","Mpc2"
"Combined_NR","Mphosph8"
"Combined_NR","Mpzl1"
"Combined_NR","Mrfap1"
"Combined_NR","Mrpl18"
"Combined_NR","Mrpl20"
"Combined_NR","Mrpl33"
"Combined_NR","Mrpl47"
"Combined_NR","Mrpl51"
"Combined_NR","Mrpl52"
"Combined_NR","Mrps34"
"Combined_NR","Mrps6"
"Combined_NR","Ms4a1"
"Combined_NR","Msi2"
"Combined_NR","Msmo1"
"Combined_NR","Msn"
"Combined_NR","mt-Cytb"
"Combined_NR","Mt1"
"Combined_NR","Mt2"
"Combined_NR","Mthfd1"
"Combined_NR","Mthfd2"
"Combined_NR","Mtpn"
"Combined_NR","Mvk"
"Combined_NR","Mvp"
"Combined_NR","Mx2"
"Combined_NR","Myadm"
"Combined_NR","Myb"
"Combined_NR","Myc"
"Combined_NR","Myh6"
"Combined_NR","Myh9"
"Combined_NR","Myl12a"
"Combined_NR","Myl12b"
"Combined_NR","Myl6"
"Combined_NR","Mylip"
"Combined_NR","Myo1e"
"Combined_NR","Myo1f"
"Combined_NR","Myo1g"
"Combined_NR","Myo9b"
"Combined_NR","Myof"
"Combined_NR","Mzt1"
"Combined_NR","Mzt2"
"Combined_NR","N4bp2l2"
"Combined_NR","Naa10"
"Combined_NR","Naa38"
"Combined_NR","Naa50"
"Combined_NR","Nab2"
"Combined_NR","Nampt"
"Combined_NR","Nap1l4"
"Combined_NR","Napa"
"Combined_NR","Narf"
"Combined_NR","Nbas"
"Combined_NR","Ncdn"
"Combined_NR","Ncf1"
"Combined_NR","Nckap1"
"Combined_NR","Ncor1"
"Combined_NR","Ncor2"
"Combined_NR","Ncr1"
"Combined_NR","Ncs1"
"Combined_NR","Ndfip2"
"Combined_NR","Ndufa1"
"Combined_NR","Ndufa12"
"Combined_NR","Ndufa13"
"Combined_NR","Ndufa3"
"Combined_NR","Ndufa4"
"Combined_NR","Ndufa5"
"Combined_NR","Ndufa6"
"Combined_NR","Ndufab1"
"Combined_NR","Ndufb1"
"Combined_NR","Ndufb10"
"Combined_NR","Ndufb2"
"Combined_NR","Ndufb3"
"Combined_NR","Ndufb4"
"Combined_NR","Ndufb6"
"Combined_NR","Ndufb7"
"Combined_NR","Ndufb9"
"Combined_NR","Ndufc1"
"Combined_NR","Ndufs5"
"Combined_NR","Ndufs6"
"Combined_NR","Ndufs7"
"Combined_NR","Ndufs8"
"Combined_NR","Ndufv1"
"Combined_NR","Ndufv2"
"Combined_NR","Nebl"
"Combined_NR","Nedd8"
"Combined_NR","Nek6"
"Combined_NR","Net1"
"Combined_NR","Neu1"
"Combined_NR","Neurl3"
"Combined_NR","Nfatc1"
"Combined_NR","Nfatc2"
"Combined_NR","Nfatc3"
"Combined_NR","Nfe2l2"
"Combined_NR","Nfkb1"
"Combined_NR","Nfkb2"
"Combined_NR","Nfkbia"
"Combined_NR","Nfkbiz"
"Combined_NR","Ngdn"
"Combined_NR","Nhp2"
"Combined_NR","Nid1"
"Combined_NR","Ninj1"
"Combined_NR","Ninl"
"Combined_NR","Nipbl"
"Combined_NR","Nkd2"
"Combined_NR","Nkg7"
"Combined_NR","Nktr"
"Combined_NR","Nlrc5"
"Combined_NR","Nmb"
"Combined_NR","Nme2"
"Combined_NR","Nme3"
"Combined_NR","Nmrk1"
"Combined_NR","Nol3"
"Combined_NR","Nop10"
"Combined_NR","Nop56"
"Combined_NR","Nosip"
"Combined_NR","Npm3"
"Combined_NR","Npr3"
"Combined_NR","Nr3c1"
"Combined_NR","Nr4a1"
"Combined_NR","Nr4a2"
"Combined_NR","Nr4a3"
"Combined_NR","Nr5a2"
"Combined_NR","Nrp2"
"Combined_NR","Nsdhl"
"Combined_NR","Nt5c3"
"Combined_NR","Nt5e"
"Combined_NR","Ntrk2"
"Combined_NR","Nucb1"
"Combined_NR","Nucks1"
"Combined_NR","Nudc"
"Combined_NR","Nudt4"
"Combined_NR","Nup37"
"Combined_NR","Nup98"
"Combined_NR","Nutf2"
"Combined_NR","Nxt1"
"Combined_NR","Oasl1"
"Combined_NR","Oat"
"Combined_NR","Ociad2"
"Combined_NR","Odc1"
"Combined_NR","Ogt"
"Combined_NR","Oplah"
"Combined_NR","Optn"
"Combined_NR","Orc1"
"Combined_NR","Orc3"
"Combined_NR","Orc6"
"Combined_NR","Ormdl1"
"Combined_NR","Ormdl3"
"Combined_NR","Osbpl10"
"Combined_NR","Osbpl8"
"Combined_NR","Osmr"
"Combined_NR","Ostc"
"Combined_NR","Ostf1"
"Combined_NR","Otud7b"
"Combined_NR","Oxld1"
"Combined_NR","Oxnad1"
"Combined_NR","P4ha2"
"Combined_NR","P4hb"
"Combined_NR","Pa2g4"
"Combined_NR","Pabpc1"
"Combined_NR","Pabpc4"
"Combined_NR","Pag1"
"Combined_NR","Paip2"
"Combined_NR","Pam"
"Combined_NR","Pank1"
"Combined_NR","Papln"
"Combined_NR","Parp1"
"Combined_NR","Parp14"
"Combined_NR","Parp4"
"Combined_NR","Parp8"
"Combined_NR","Parp9"
"Combined_NR","Parvg"
"Combined_NR","Pask"
"Combined_NR","Pbxip1"
"Combined_NR","Pcx"
"Combined_NR","Pcbp3"
"Combined_NR","Pced1b"
"Combined_NR","Pcgf2"
"Combined_NR","Pcid2"
"Combined_NR","Pcnp"
"Combined_NR","Pcsk7"
"Combined_NR","Pdcd1"
"Combined_NR","Pdcd10"
"Combined_NR","Pdcd4"
"Combined_NR","Pdcd5"
"Combined_NR","Pdcl3"
"Combined_NR","Pde3b"
"Combined_NR","Pde4b"
"Combined_NR","Pde4dip"
"Combined_NR","Pde7a"
"Combined_NR","Pdia3"
"Combined_NR","Pdia6"
"Combined_NR","Pds5a"
"Combined_NR","Pea15a"
"Combined_NR","Pecam1"
"Combined_NR","Per1"
"Combined_NR","Perp"
"Combined_NR","Pet100"
"Combined_NR","Pfkm"
"Combined_NR","Pgam1"
"Combined_NR","Pgd"
"Combined_NR","Pgk1"
"Combined_NR","Phb2"
"Combined_NR","Phc3"
"Combined_NR","Phf11a"
"Combined_NR","Phf20"
"Combined_NR","Phf20l1"
"Combined_NR","Phka1"
"Combined_NR","Phlda1"
"Combined_NR","Phlda2"
"Combined_NR","Phldb1"
"Combined_NR","Phlpp1"
"Combined_NR","Phpt1"
"Combined_NR","Phykpl"
"Combined_NR","Pik3ip1"
"Combined_NR","Pik3r1"
"Combined_NR","Pim1"
"Combined_NR","Pim2"
"Combined_NR","Pim3"
"Combined_NR","Pin1"
"Combined_NR","Pin4"
"Combined_NR","Pithd1"
"Combined_NR","Pkm"
"Combined_NR","Pkn1"
"Combined_NR","Pla1a"
"Combined_NR","Pla2g4c"
"Combined_NR","Plat"
"Combined_NR","Plaur"
"Combined_NR","Plcg2"
"Combined_NR","Plec"
"Combined_NR","Plek"
"Combined_NR","Plekha2"
"Combined_NR","Plekhb2"
"Combined_NR","Plekhf1"
"Combined_NR","Plin2"
"Combined_NR","Plin3"
"Combined_NR","Plk2"
"Combined_NR","Plk3"
"Combined_NR","Plk4"
"Combined_NR","Plod2"
"Combined_NR","Plp2"
"Combined_NR","Pls3"
"Combined_NR","Plscr1"
"Combined_NR","Pltp"
"Combined_NR","Plxna1"
"Combined_NR","Plxnb2"
"Combined_NR","Plxnb3"
"Combined_NR","Pmaip1"
"Combined_NR","Pmch"
"Combined_NR","Pmepa1"
"Combined_NR","Pnisr"
"Combined_NR","Pnp2"
"Combined_NR","Pola2"
"Combined_NR","Pold3"
"Combined_NR","Pold4"
"Combined_NR","Polr1d"
"Combined_NR","Polr2a"
"Combined_NR","Polr2e"
"Combined_NR","Polr2f"
"Combined_NR","Polr2g"
"Combined_NR","Polr2j"
"Combined_NR","Polr2l"
"Combined_NR","Polr3gl"
"Combined_NR","Pou2af1"
"Combined_NR","Pou2f2"
"Combined_NR","Ppa1"
"Combined_NR","Pparg"
"Combined_NR","Ppcs"
"Combined_NR","Ppfibp1"
"Combined_NR","Ppia"
"Combined_NR","Ppib"
"Combined_NR","Ppm1k"
"Combined_NR","Ppm1m"
"Combined_NR","Ppme1"
"Combined_NR","Ppp1ca"
"Combined_NR","Ppp1cb"
"Combined_NR","Ppp1cc"
"Combined_NR","Ppp1r10"
"Combined_NR","Ppp1r12a"
"Combined_NR","Ppp1r14b"
"Combined_NR","Ppp1r15a"
"Combined_NR","Ppp1r18"
"Combined_NR","Ppp2ca"
"Combined_NR","Ppp2r2b"
"Combined_NR","Ppp5c"
"Combined_NR","Ppp6c"
"Combined_NR","Ppt1"
"Combined_NR","Prdm1"
"Combined_NR","Prdx2"
"Combined_NR","Prdx3"
"Combined_NR","Prdx5"
"Combined_NR","Prdx6"
"Combined_NR","Prelid1"
"Combined_NR","Prex1"
"Combined_NR","Prf1"
"Combined_NR","Prkacb"
"Combined_NR","Prkar1a"
"Combined_NR","Prkar2a"
"Combined_NR","Prkca"
"Combined_NR","Prkch"
"Combined_NR","Prkx"
"Combined_NR","Prnp"
"Combined_NR","Prodh"
"Combined_NR","Pros1"
"Combined_NR","Prpf38a"
"Combined_NR","Prpf40a"
"Combined_NR","Prr11"
"Combined_NR","Prrc2b"
"Combined_NR","Prrg4"
"Combined_NR","Psap"
"Combined_NR","Psd4"
"Combined_NR","Psen2"
"Combined_NR","Psma4"
"Combined_NR","Psma5"
"Combined_NR","Psma6"
"Combined_NR","Psma7"
"Combined_NR","Psmb1"
"Combined_NR","Psmb10"
"Combined_NR","Psmb2"
"Combined_NR","Psmb6"
"Combined_NR","Psmb8"
"Combined_NR","Psmb9"
"Combined_NR","Psmc1"
"Combined_NR","Psmc4"
"Combined_NR","Psmc5"
"Combined_NR","Psmd14"
"Combined_NR","Psme1"
"Combined_NR","Psme2"
"Combined_NR","Psmf1"
"Combined_NR","Ptbp1"
"Combined_NR","Ptbp3"
"Combined_NR","Ptdss1"
"Combined_NR","Pten"
"Combined_NR","Ptgdr2"
"Combined_NR","Ptger4"
"Combined_NR","Ptgr1"
"Combined_NR","Ptk2b"
"Combined_NR","Ptms"
"Combined_NR","Ptp4a1"
"Combined_NR","Ptpn1"
"Combined_NR","Ptpn22"
"Combined_NR","Ptpn3"
"Combined_NR","Ptpn4"
"Combined_NR","Ptpn6"
"Combined_NR","Ptpn7"
"Combined_NR","Ptprcap"
"Combined_NR","Ptrhd1"
"Combined_NR","Pttg1"
"Combined_NR","Pus7"
"Combined_NR","Pvr"
"Combined_NR","Pwp1"
"Combined_NR","Pycard"
"Combined_NR","R3hdm4"
"Combined_NR","Rab10"
"Combined_NR","Rab11a"
"Combined_NR","Rab18"
"Combined_NR","Rab1b"
"Combined_NR","Rab27a"
"Combined_NR","Rab29"
"Combined_NR","Rab2a"
"Combined_NR","Rab37"
"Combined_NR","Rab5c"
"Combined_NR","Rab6a"
"Combined_NR","Rab8a"
"Combined_NR","Rabac1"
"Combined_NR","Rabggtb"
"Combined_NR","Rac1"
"Combined_NR","Rac2"
"Combined_NR","Rac3"
"Combined_NR","Racgap1"
"Combined_NR","Rad51"
"Combined_NR","Rala"
"Combined_NR","Ralb"
"Combined_NR","Ralgapa1"
"Combined_NR","Raly"
"Combined_NR","Ranbp1"
"Combined_NR","Ranbp2"
"Combined_NR","Rap1a"
"Combined_NR","Rap1b"
"Combined_NR","Rap1gds1"
"Combined_NR","Rara"
"Combined_NR","Rasa1"
"Combined_NR","Rasal3"
"Combined_NR","Rasgrp1"
"Combined_NR","Rasgrp4"
"Combined_NR","Rassf1"
"Combined_NR","Rassf4"
"Combined_NR","Rbbp4"
"Combined_NR","Rbbp8"
"Combined_NR","Rbbp9"
"Combined_NR","Rbck1"
"Combined_NR","Rbl2"
"Combined_NR","Rbm19"
"Combined_NR","Rbm3"
"Combined_NR","Rbm39"
"Combined_NR","Rbm4"
"Combined_NR","Rbmx"
"Combined_NR","Rbpj"
"Combined_NR","Rbx1"
"Combined_NR","Rcsd1"
"Combined_NR","Rdh10"
"Combined_NR","Recql"
"Combined_NR","Reep5"
"Combined_NR","Rel"
"Combined_NR","Rest"
"Combined_NR","Rfc5"
"Combined_NR","Rgcc"
"Combined_NR","Rgl1"
"Combined_NR","Rgs1"
"Combined_NR","Rgs10"
"Combined_NR","Rgs14"
"Combined_NR","Rgs2"
"Combined_NR","Rgs20"
"Combined_NR","Rhebl1"
"Combined_NR","Rhob"
"Combined_NR","Rhoc"
"Combined_NR","Rhof"
"Combined_NR","Rhoh"
"Combined_NR","Rilpl2"
"Combined_NR","Rimkla"
"Combined_NR","Rin3"
"Combined_NR","Rmi1"
"Combined_NR","Rnase4"
"Combined_NR","Rnaseh2b"
"Combined_NR","Rnaseh2c"
"Combined_NR","Rnasek"
"Combined_NR","Rnaset2a"
"Combined_NR","Rnf10"
"Combined_NR","Rnf125"
"Combined_NR","Rnf138"
"Combined_NR","Rnf139"
"Combined_NR","Rnf145"
"Combined_NR","Rnf166"
"Combined_NR","Rnf167"
"Combined_NR","Rnf181"
"Combined_NR","Rnf187"
"Combined_NR","Rnf19a"
"Combined_NR","Rnf19b"
"Combined_NR","Rnf213"
"Combined_NR","Rnf7"
"Combined_NR","Rnh1"
"Combined_NR","Rnpc3"
"Combined_NR","Rnps1"
"Combined_NR","Romo1"
"Combined_NR","Rora"
"Combined_NR","Rorc"
"Combined_NR","Rpn2"
"Combined_NR","Rps4x"
"Combined_NR","Rrad"
"Combined_NR","Rrm1"
"Combined_NR","Rrm2b"
"Combined_NR","Rrp12"
"Combined_NR","Rsbn1l"
"Combined_NR","Rsl1d1"
"Combined_NR","Rsrp1"
"Combined_NR","Rtkn"
"Combined_NR","Rtn4"
"Combined_NR","Runx2"
"Combined_NR","Runx3"
"Combined_NR","Rwdd1"
"Combined_NR","Ryr1"
"Combined_NR","S100a10"
"Combined_NR","S100a11"
"Combined_NR","S100a4"
"Combined_NR","S100a6"
"Combined_NR","S100pbp"
"Combined_NR","S1pr1"
"Combined_NR","S1pr4"
"Combined_NR","Safb2"
"Combined_NR","Sall4"
"Combined_NR","Samd14"
"Combined_NR","Samd3"
"Combined_NR","Samd9l"
"Combined_NR","Samhd1"
"Combined_NR","Samsn1"
"Combined_NR","Sap18"
"Combined_NR","Saraf"
"Combined_NR","Sash3"
"Combined_NR","Sass6"
"Combined_NR","Sat1"
"Combined_NR","Sav1"
"Combined_NR","Scaf1"
"Combined_NR","Scaf11"
"Combined_NR","Scamp2"
"Combined_NR","Scarb1"
"Combined_NR","Sccpdh"
"Combined_NR","Scd1"
"Combined_NR","Scml4"
"Combined_NR","Scp2"
"Combined_NR","Scube1"
"Combined_NR","Sdc1"
"Combined_NR","Sdc4"
"Combined_NR","Sdf4"
"Combined_NR","Sdhb"
"Combined_NR","Sdhd"
"Combined_NR","Sec61b"
"Combined_NR","Sec61g"
"Combined_NR","Sectm1a"
"Combined_NR","Sel1l3"
"Combined_NR","Sell"
"Combined_NR","Selplg"
"Combined_NR","Sema3b"
"Combined_NR","Sema4d"
"Combined_NR","Serbp1"
"Combined_NR","Serpinb8"
"Combined_NR","Serpinb9"
"Combined_NR","Serpine1"
"Combined_NR","Sertad1"
"Combined_NR","Setbp1"
"Combined_NR","Setx"
"Combined_NR","Sf3a2"
"Combined_NR","Sf3b4"
"Combined_NR","Sf3b5"
"Combined_NR","Sf3b6"
"Combined_NR","Sfmbt2"
"Combined_NR","Sfxn1"
"Combined_NR","Sgcb"
"Combined_NR","Sgpp2"
"Combined_NR","Sh2b2"
"Combined_NR","Sh3bgrl"
"Combined_NR","Sh3bp1"
"Combined_NR","Sh3bp2"
"Combined_NR","Sh3kbp1"
"Combined_NR","Sh3tc1"
"Combined_NR","Shb"
"Combined_NR","Shc4"
"Combined_NR","Shcbp1"
"Combined_NR","Shf"
"Combined_NR","Shisa3"
"Combined_NR","Shisa5"
"Combined_NR","Shox2"
"Combined_NR","Siglece"
"Combined_NR","Sit1"
"Combined_NR","Six5"
"Combined_NR","Ska1"
"Combined_NR","Ska2"
"Combined_NR","Skap1"
"Combined_NR","Sla2"
"Combined_NR","Slamf6"
"Combined_NR","Slamf7"
"Combined_NR","Slc12a8"
"Combined_NR","Slc20a1"
"Combined_NR","Slc25a23"
"Combined_NR","Slc27a2"
"Combined_NR","Slc29a1"
"Combined_NR","Slc2a1"
"Combined_NR","Slc2a3"
"Combined_NR","Slc2a8"
"Combined_NR","Slc35f2"
"Combined_NR","Slc37a4"
"Combined_NR","Slc38a2"
"Combined_NR","Slc39a1"
"Combined_NR","Slc3a2"
"Combined_NR","Slc41a2"
"Combined_NR","Slc43a3"
"Combined_NR","Slc4a7"
"Combined_NR","Slc7a5"
"Combined_NR","Slf1"
"Combined_NR","Slfn3"
"Combined_NR","Slfn5"
"Combined_NR","Slirp"
"Combined_NR","Smad7"
"Combined_NR","Smap1"
"Combined_NR","Smchd1"
"Combined_NR","Smdt1"
"Combined_NR","Smg1"
"Combined_NR","Smpdl3a"
"Combined_NR","Sms"
"Combined_NR","Snrnp200"
"Combined_NR","Snrpa"
"Combined_NR","Snrpb"
"Combined_NR","Snrpb2"
"Combined_NR","Snrpc"
"Combined_NR","Snrpd2"
"Combined_NR","Snrpf"
"Combined_NR","Snrpg"
"Combined_NR","Sntb2"
"Combined_NR","Snx3"
"Combined_NR","Snx8"
"Combined_NR","Snx9"
"Combined_NR","Socs1"
"Combined_NR","Socs3"
"Combined_NR","Sod2"
"Combined_NR","Son"
"Combined_NR","Sord"
"Combined_NR","Sorl1"
"Combined_NR","Sox4"
"Combined_NR","Sp100"
"Combined_NR","Sp110"
"Combined_NR","Sp140"
"Combined_NR","Spag4"
"Combined_NR","Spag9"
"Combined_NR","Sparc"
"Combined_NR","Spats2l"
"Combined_NR","Spire1"
"Combined_NR","Spn"
"Combined_NR","Spock1"
"Combined_NR","Spock2"
"Combined_NR","Spp1"
"Combined_NR","Sppl2a"
"Combined_NR","Spsb3"
"Combined_NR","Sqle"
"Combined_NR","Sqstm1"
"Combined_NR","Sra1"
"Combined_NR","Srcin1"
"Combined_NR","Srebf1"
"Combined_NR","Srm"
"Combined_NR","Srp19"
"Combined_NR","Srp9"
"Combined_NR","Srrt"
"Combined_NR","Srsf1"
"Combined_NR","Srsf10"
"Combined_NR","Srsf3"
"Combined_NR","Srsf4"
"Combined_NR","Srsf5"
"Combined_NR","Ss18l2"
"Combined_NR","Ssbp1"
"Combined_NR","Ssh1"
"Combined_NR","Ssna1"
"Combined_NR","Ssu72"
"Combined_NR","St3gal1"
"Combined_NR","St3gal4"
"Combined_NR","St8sia4"
"Combined_NR","Stambp"
"Combined_NR","Stard4"
"Combined_NR","Stard7"
"Combined_NR","Stat1"
"Combined_NR","Stat3"
"Combined_NR","Stat4"
"Combined_NR","Stil"
"Combined_NR","Stim2"
"Combined_NR","Stip1"
"Combined_NR","Stk10"
"Combined_NR","Stk17b"
"Combined_NR","Stmn1"
"Combined_NR","Stom"
"Combined_NR","Strap"
"Combined_NR","Stx11"
"Combined_NR","Sub1"
"Combined_NR","Suclg2"
"Combined_NR","Sumo1"
"Combined_NR","Sumo2"
"Combined_NR","Sumo3"
"Combined_NR","Sun2"
"Combined_NR","Supt20"
"Combined_NR","Supt3"
"Combined_NR","Supt4a"
"Combined_NR","Surf4"
"Combined_NR","Syap1"
"Combined_NR","Syn2"
"Combined_NR","Syne1"
"Combined_NR","Syne2"
"Combined_NR","Syt11"
"Combined_NR","Sytl1"
"Combined_NR","Sytl2"
"Combined_NR","Sytl3"
"Combined_NR","Szrd1"
"Combined_NR","Tada3"
"Combined_NR","Taf7"
"Combined_NR","Tagap"
"Combined_NR","Tagln2"
"Combined_NR","Taldo1"
"Combined_NR","Tank"
"Combined_NR","Taok3"
"Combined_NR","Tap1"
"Combined_NR","Tapbp"
"Combined_NR","Tbc1d1"
"Combined_NR","Tbc1d10c"
"Combined_NR","Tbc1d4"
"Combined_NR","Tbc1d5"
"Combined_NR","Tbca"
"Combined_NR","Tbcb"
"Combined_NR","Tbcc"
"Combined_NR","Tbcd"
"Combined_NR","Tbx21"
"Combined_NR","Tcirg1"
"Combined_NR","Tcp1"
"Combined_NR","Tdp1"
"Combined_NR","Tead4"
"Combined_NR","Tert"
"Combined_NR","Tes"
"Combined_NR","Tesc"
"Combined_NR","Tfpi"
"Combined_NR","Tgfb1i1"
"Combined_NR","Tgfbr2"
"Combined_NR","Tgm5"
"Combined_NR","Tgoln1"
"Combined_NR","Themis"
"Combined_NR","Thop1"
"Combined_NR","Tia1"
"Combined_NR","Ticam1"
"Combined_NR","Tigit"
"Combined_NR","Tiparp"
"Combined_NR","Tkt"
"Combined_NR","Tln1"
"Combined_NR","Tm9sf2"
"Combined_NR","Tmbim1"
"Combined_NR","Tmc8"
"Combined_NR","Tmco1"
"Combined_NR","Tmco3"
"Combined_NR","Tmed2"
"Combined_NR","Tmed5"
"Combined_NR","Tmem109"
"Combined_NR","Tmem123"
"Combined_NR","Tmem14c"
"Combined_NR","Tmem165"
"Combined_NR","Tmem230"
"Combined_NR","Tmem243"
"Combined_NR","Tmem248"
"Combined_NR","Tmem256"
"Combined_NR","Tmem258"
"Combined_NR","Tmem43"
"Combined_NR","Tmem97"
"Combined_NR","Tmem9b"
"Combined_NR","Tmod1"
"Combined_NR","Tmod3"
"Combined_NR","Tmprss3"
"Combined_NR","Tmprss6"
"Combined_NR","Tmx1"
"Combined_NR","Tnf"
"Combined_NR","Tnfaip2"
"Combined_NR","Tnfaip3"
"Combined_NR","Tnfaip8"
"Combined_NR","Tnfrsf18"
"Combined_NR","Tnfrsf19"
"Combined_NR","Tnfrsf1a"
"Combined_NR","Tnfrsf1b"
"Combined_NR","Tnfrsf4"
"Combined_NR","Tnfrsf8"
"Combined_NR","Tnfrsf9"
"Combined_NR","Tnfsf10"
"Combined_NR","Tnfsf14"
"Combined_NR","Tnfsf4"
"Combined_NR","Tnfsf8"
"Combined_NR","Tnfsf9"
"Combined_NR","Tnip1"
"Combined_NR","Tnip3"
"Combined_NR","Tnnt1"
"Combined_NR","Tnpo2"
"Combined_NR","Tns3"
"Combined_NR","Tomm22"
"Combined_NR","Top1"
"Combined_NR","Tox"
"Combined_NR","Tox2"
"Combined_NR","Tpi1"
"Combined_NR","Tpm3"
"Combined_NR","Tpm4"
"Combined_NR","Tppp3"
"Combined_NR","Tpst2"
"Combined_NR","Tra2b"
"Combined_NR","Trabd"
"Combined_NR","Traf1"
"Combined_NR","Traf2"
"Combined_NR","Traf3ip3"
"Combined_NR","Traf4"
"Combined_NR","Traip"
"Combined_NR","Tram1"
"Combined_NR","Trappc1"
"Combined_NR","Trib1"
"Combined_NR","Trib2"
"Combined_NR","Trim45"
"Combined_NR","Trim56"
"Combined_NR","Trim7"
"Combined_NR","Tsc22d2"
"Combined_NR","Tsc22d3"
"Combined_NR","Tsen54"
"Combined_NR","Tsku"
"Combined_NR","Tspan13"
"Combined_NR","Tspan14"
"Combined_NR","Tspan32"
"Combined_NR","Tspan33"
"Combined_NR","Tspan5"
"Combined_NR","Tspo"
"Combined_NR","Ttbk1"
"Combined_NR","Ttc13"
"Combined_NR","Ttc14"
"Combined_NR","Ttc3"
"Combined_NR","Ttc39c"
"Combined_NR","Ttc7"
"Combined_NR","Tti2"
"Combined_NR","Ttll4"
"Combined_NR","Ttn"
"Combined_NR","Tuba1a"
"Combined_NR","Tuba1b"
"Combined_NR","Tuba1c"
"Combined_NR","Tubb5"
"Combined_NR","Tubb2a"
"Combined_NR","Tubb2b"
"Combined_NR","Tubb3"
"Combined_NR","Tubb4b"
"Combined_NR","Tubb6"
"Combined_NR","Twf2"
"Combined_NR","Twist1"
"Combined_NR","Txk"
"Combined_NR","Txn1"
"Combined_NR","Tymp"
"Combined_NR","U2surp"
"Combined_NR","Ubash3a"
"Combined_NR","Ube2a"
"Combined_NR","Ube2d1"
"Combined_NR","Ube2d3"
"Combined_NR","Ube2i"
"Combined_NR","Ube2j1"
"Combined_NR","Ube2l3"
"Combined_NR","Ube2l6"
"Combined_NR","Ube2n"
"Combined_NR","Ube2v1"
"Combined_NR","Ubl3"
"Combined_NR","Ubl5"
"Combined_NR","Ublcp1"
"Combined_NR","Ufc1"
"Combined_NR","Ufm1"
"Combined_NR","Ugp2"
"Combined_NR","Uhmk1"
"Combined_NR","Upf2"
"Combined_NR","Upp1"
"Combined_NR","Uqcr11"
"Combined_NR","Uqcrc1"
"Combined_NR","Uqcrc2"
"Combined_NR","Uqcrfs1"
"Combined_NR","Uqcrh"
"Combined_NR","Uqcrq"
"Combined_NR","Usf2"
"Combined_NR","Usp12"
"Combined_NR","Usp15"
"Combined_NR","Usp24"
"Combined_NR","Usp34"
"Combined_NR","Usp36"
"Combined_NR","Usp37"
"Combined_NR","Usp8"
"Combined_NR","Vamp2"
"Combined_NR","Vamp5"
"Combined_NR","Vamp8"
"Combined_NR","Vash2"
"Combined_NR","Vasp"
"Combined_NR","Vdac1"
"Combined_NR","Vdac2"
"Combined_NR","Vdac3"
"Combined_NR","Vdr"
"Combined_NR","Vezt"
"Combined_NR","Vim"
"Combined_NR","Vmp1"
"Combined_NR","Vopp1"
"Combined_NR","Vps13c"
"Combined_NR","Vps26a"
"Combined_NR","Vps28"
"Combined_NR","Vps29"
"Combined_NR","Vps37b"
"Combined_NR","Vps37c"
"Combined_NR","Vsig10l"
"Combined_NR","Vwa1"
"Combined_NR","Wac"
"Combined_NR","Was"
"Combined_NR","Wbp11"
"Combined_NR","Wdhd1"
"Combined_NR","Wdr1"
"Combined_NR","Wdr36"
"Combined_NR","Wdr74"
"Combined_NR","Wdr83os"
"Combined_NR","Wee1"
"Combined_NR","Wipf1"
"Combined_NR","Wnk1"
"Combined_NR","Wnt10a"
"Combined_NR","Wnt11"
"Combined_NR","Xaf1"
"Combined_NR","Xcl1"
"Combined_NR","Ybx1"
"Combined_NR","Ybx3"
"Combined_NR","Yipf2"
"Combined_NR","Yipf4"
"Combined_NR","Yme1l1"
"Combined_NR","Ythdc1"
"Combined_NR","Ythdf2"
"Combined_NR","Ywhab"
"Combined_NR","Ywhae"
"Combined_NR","Ywhag"
"Combined_NR","Ywhah"
"Combined_NR","Ywhaq"
"Combined_NR","Ywhaz"
"Combined_NR","Zap70"
"Combined_NR","Zbtb1"
"Combined_NR","Zbtb16"
"Combined_NR","Zbtb17"
"Combined_NR","Zbtb20"
"Combined_NR","Zbtb32"
"Combined_NR","Zbtb38"
"Combined_NR","Zc3h12a"
"Combined_NR","Zc3h12c"
"Combined_NR","Zc3h7a"
"Combined_NR","Zc3hav1"
"Combined_NR","Zdhhc9"
"Combined_NR","Zeb2"
"Combined_NR","Zfand2a"
"Combined_NR","Zfand5"
"Combined_NR","Zfand6"
"Combined_NR","Zfp36"
"Combined_NR","Zfp36l1"
"Combined_NR","Zfp36l2"
"Combined_NR","Zfp90"
"Combined_NR","Zfp207"
"Combined_NR","Zfp219"
"Combined_NR","Zfp282"
"Combined_NR","Zfp428"
"Combined_NR","Zfp438"
"Combined_NR","Zfp511"
"Combined_NR","Zfp638"
"Combined_NR","Zfp683"
"Combined_NR","Zfp704"
"Combined_NR","Zfp800"
"Combined_NR","Znfx1"
"Combined_NR","Znhit1"
"Combined_NR","Znrf1"
"Combined_NR","Zranb2"
"Combined_NR","Zwint"
"Combined_NR","Zyx"
"Combined_NR","Lhfp"
"Combined_NR","Mir155hg"
"Combined_NR","Gramd3"
"Combined_NR","Arntl2"
"Combined_NR","Uhrf1bp1l"
"Combined_NR","Slc26a10"
"Combined_NR","H19"
"Combined_NR","Yars"
"Combined_NR","Ankrd36"
"Combined_NR","H3f3a"
"Combined_NR","Phb"
"Combined_NR","Fyb"
"Combined_NR","Trac"
"Combined_R","Aamp"
"Combined_R","Aasdhppt"
"Combined_R","Abcb1a"
"Combined_R","Abcf3"
"Combined_R","Abcg1"
"Combined_R","Ablim1"
"Combined_R","Abt1"
"Combined_R","Acd"
"Combined_R","Acin1"
"Combined_R","Aco2"
"Combined_R","Acp1"
"Combined_R","Acp5"
"Combined_R","Acsl6"
"Combined_R","Acss1"
"Combined_R","Adar"
"Combined_R","Adgre5"
"Combined_R","Adgrg1"
"Combined_R","Adh5"
"Combined_R","Adi1"
"Combined_R","Adk"
"Combined_R","Adrm1"
"Combined_R","Adsl"
"Combined_R","Afap1l2"
"Combined_R","Agbl4"
"Combined_R","Ahi1"
"Combined_R","Ahr"
"Combined_R","Ahsa1"
"Combined_R","Akap9"
"Combined_R","Akirin1"
"Combined_R","Akna"
"Combined_R","Aktip"
"Combined_R","Alg1"
"Combined_R","Alox5ap"
"Combined_R","Amd1"
"Combined_R","Amigo2"
"Combined_R","Anapc11"
"Combined_R","Anapc16"
"Combined_R","Anapc5"
"Combined_R","Ankrd12"
"Combined_R","Ankrd37"
"Combined_R","Ankrd44"
"Combined_R","Ankrd49"
"Combined_R","Anxa1"
"Combined_R","Anxa11"
"Combined_R","Anxa2"
"Combined_R","Anxa5"
"Combined_R","Anxa7"
"Combined_R","Aoah"
"Combined_R","Ap1m1"
"Combined_R","Ap2m1"
"Combined_R","Ap2s1"
"Combined_R","Apba2"
"Combined_R","Apbb1ip"
"Combined_R","Aph1a"
"Combined_R","Aplp2"
"Combined_R","Apoa2"
"Combined_R","Apol7a"
"Combined_R","Aqp3"
"Combined_R","Areg"
"Combined_R","Arf4"
"Combined_R","Arf5"
"Combined_R","Arfgap2"
"Combined_R","Arhgap32"
"Combined_R","Arhgdia"
"Combined_R","Arhgdib"
"Combined_R","Arhgef4"
"Combined_R","Arid4b"
"Combined_R","Arid5a"
"Combined_R","Arih1"
"Combined_R","Arl14ep"
"Combined_R","Arl15"
"Combined_R","Arl2bp"
"Combined_R","Arl4a"
"Combined_R","Arl6ip4"
"Combined_R","Arl6ip5"
"Combined_R","Armc2"
"Combined_R","Arpc1a"
"Combined_R","Arpc5"
"Combined_R","Arpc5l"
"Combined_R","Arrdc3"
"Combined_R","Asf1a"
"Combined_R","Asnsd1"
"Combined_R","Atf3"
"Combined_R","Atf4"
"Combined_R","Atf7ip2"
"Combined_R","Atp10a"
"Combined_R","Atp1a1"
"Combined_R","Atp1b3"
"Combined_R","Atp6ap2"
"Combined_R","Atp6v0d1"
"Combined_R","Atp6v0e"
"Combined_R","Atp6v1e1"
"Combined_R","Atp6v1f"
"Combined_R","Atp6v1g1"
"Combined_R","Atp8a1"
"Combined_R","Atp8b1"
"Combined_R","Atrx"
"Combined_R","Aurkaip1"
"Combined_R","Aurkb"
"Combined_R","Azin1"
"Combined_R","B3gnt2"
"Combined_R","B4galt1"
"Combined_R","B4galt7"
"Combined_R","Bach1"
"Combined_R","Bach2"
"Combined_R","Bag3"
"Combined_R","Bag6"
"Combined_R","Banf1"
"Combined_R","Banp"
"Combined_R","Batf"
"Combined_R","Bax"
"Combined_R","Baz1a"
"Combined_R","Bcas2"
"Combined_R","Bcas3"
"Combined_R","Bcl11b"
"Combined_R","Bcl3"
"Combined_R","Bclaf1"
"Combined_R","Bhlhe40"
"Combined_R","Bin1"
"Combined_R","Bin2"
"Combined_R","Birc2"
"Combined_R","Birc3"
"Combined_R","Blvra"
"Combined_R","Bola2"
"Combined_R","Bpgm"
"Combined_R","Brd2"
"Combined_R","Brk1"
"Combined_R","Bsg"
"Combined_R","Bst2"
"Combined_R","Btf3"
"Combined_R","Btf3l4"
"Combined_R","Btg2"
"Combined_R","Btg3"
"Combined_R","Bud31"
"Combined_R","Bzw1"
"Combined_R","1110004F10Rik"
"Combined_R","Grcc10"
"Combined_R","1700123O20Rik"
"Combined_R","AI467606"
"Combined_R","C1d"
"Combined_R","C1qbp"
"Combined_R","4933434E20Rik"
"Combined_R","D16Ertd472e"
"Combined_R","0610040J01Rik"
"Combined_R","1810037I17Rik"
"Combined_R","Gm1673"
"Combined_R","C6"
"Combined_R","1700010I14Rik"
"Combined_R","Car6"
"Combined_R","Cacna1c"
"Combined_R","Cacnb2"
"Combined_R","Cacybp"
"Combined_R","Calm2"
"Combined_R","Calm3"
"Combined_R","Caln1"
"Combined_R","Camk2g"
"Combined_R","Camk4"
"Combined_R","Camkmt"
"Combined_R","Cant1"
"Combined_R","Canx"
"Combined_R","Cap1"
"Combined_R","Capg"
"Combined_R","Capza2"
"Combined_R","Casp1"
"Combined_R","Carhsp1"
"Combined_R","Casp4"
"Combined_R","Cblb"
"Combined_R","Cbll1"
"Combined_R","Cbx3"
"Combined_R","Ccdc115"
"Combined_R","Ccdc12"
"Combined_R","Ccdc167"
"Combined_R","Ccdc174"
"Combined_R","Ccdc28a"
"Combined_R","Ccdc30"
"Combined_R","Ccdc39"
"Combined_R","Ccdc59"
"Combined_R","Ccdc65"
"Combined_R","Ccdc69"
"Combined_R","Ccdc85b"
"Combined_R","Ccdc90b"
"Combined_R","Ccl9"
"Combined_R","Ccl3"
"Combined_R","Ccl4"
"Combined_R","Ccl5"
"Combined_R","Ccnb1"
"Combined_R","Ccnd2"
"Combined_R","Ccnd3"
"Combined_R","Ccndbp1"
"Combined_R","Ccnh"
"Combined_R","Ccnl1"
"Combined_R","Ccnt1"
"Combined_R","Ccpg1"
"Combined_R","Ccr1"
"Combined_R","Ccr5"
"Combined_R","Ccr7"
"Combined_R","Cct3"
"Combined_R","Cct4"
"Combined_R","Cct5"
"Combined_R","Cct6a"
"Combined_R","Cct7"
"Combined_R","Cct8"
"Combined_R","Cd160"
"Combined_R","Cd2"
"Combined_R","Cd244a"
"Combined_R","Cd247"
"Combined_R","Cd248"
"Combined_R","Cd27"
"Combined_R","Cd28"
"Combined_R","Cd2bp2"
"Combined_R","Cd300a"
"Combined_R","Cd37"
"Combined_R","Cd38"
"Combined_R","Cd44"
"Combined_R","Cd48"
"Combined_R","Cd5"
"Combined_R","Cd52"
"Combined_R","Cd55"
"Combined_R","Cd59b"
"Combined_R","Cd6"
"Combined_R","Cd63"
"Combined_R","Cd68"
"Combined_R","Cd69"
"Combined_R","Cd7"
"Combined_R","Cd70"
"Combined_R","Cd74"
"Combined_R","Cd84"
"Combined_R","Cd86"
"Combined_R","Cd8b1"
"Combined_R","Cd96"
"Combined_R","Cdc123"
"Combined_R","Cdc14a"
"Combined_R","Cdc26"
"Combined_R","Cdc37l1"
"Combined_R","Cdc40"
"Combined_R","Cdc42ep3"
"Combined_R","Cdh23"
"Combined_R","Cdhr3"
"Combined_R","Cdipt"
"Combined_R","Cdk16"
"Combined_R","Cdk17"
"Combined_R","Cdk2ap2"
"Combined_R","Cdk6"
"Combined_R","Cdkn1a"
"Combined_R","Cdkn1b"
"Combined_R","Cdkn2d"
"Combined_R","Cebpd"
"Combined_R","Cebpz"
"Combined_R","Celf2"
"Combined_R","Cenpc1"
"Combined_R","Cenpe"
"Combined_R","Cep57"
"Combined_R","Cflar"
"Combined_R","Chchd2"
"Combined_R","Chchd7"
"Combined_R","Chd1"
"Combined_R","Chic2"
"Combined_R","Chmp1b"
"Combined_R","Chmp2a"
"Combined_R","Chmp7"
"Combined_R","Chordc1"
"Combined_R","Chst12"
"Combined_R","Chtf8"
"Combined_R","Chtop"
"Combined_R","Ciao1"
"Combined_R","Cirbp"
"Combined_R","Cited2"
"Combined_R","Cklf"
"Combined_R","Cks2"
"Combined_R","Cldn4"
"Combined_R","Clec10a"
"Combined_R","Clic1"
"Combined_R","Clic3"
"Combined_R","Clk1"
"Combined_R","Clk4"
"Combined_R","Clns1a"
"Combined_R","Clta"
"Combined_R","Cltb"
"Combined_R","Cmc1"
"Combined_R","Cmip"
"Combined_R","Cmss1"
"Combined_R","Cmtm6"
"Combined_R","Cmtm7"
"Combined_R","Cnbp"
"Combined_R","Cnih1"
"Combined_R","Cnn2"
"Combined_R","Cnot6l"
"Combined_R","Cnot7"
"Combined_R","Cnot8"
"Combined_R","Cnppd1"
"Combined_R","Cnpy3"
"Combined_R","Cntnap2"
"Combined_R","Coa3"
"Combined_R","Commd5"
"Combined_R","Commd6"
"Combined_R","Commd8"
"Combined_R","Copb2"
"Combined_R","Cope"
"Combined_R","Cops6"
"Combined_R","Cops8"
"Combined_R","Copz1"
"Combined_R","Coro1a"
"Combined_R","Coro1b"
"Combined_R","Coro7"
"Combined_R","Cotl1"
"Combined_R","Cox16"
"Combined_R","Cox17"
"Combined_R","Cox20"
"Combined_R","Cox5a"
"Combined_R","Cox5b"
"Combined_R","Cox6a1"
"Combined_R","Cox6b1"
"Combined_R","Cox6c"
"Combined_R","Cox7a2"
"Combined_R","Cox7b"
"Combined_R","Cox7c"
"Combined_R","Cox8a"
"Combined_R","Cpne2"
"Combined_R","Cpne3"
"Combined_R","Cr1l"
"Combined_R","Crabp1"
"Combined_R","Crbn"
"Combined_R","Crebzf"
"Combined_R","Crem"
"Combined_R","Crip1"
"Combined_R","Cript"
"Combined_R","Crtam"
"Combined_R","Csf1"
"Combined_R","Csk"
"Combined_R","Csmd1"
"Combined_R","Csrnp1"
"Combined_R","Cst7"
"Combined_R","Cstb"
"Combined_R","Ctla4"
"Combined_R","Ctnna3"
"Combined_R","Ctnnb1"
"Combined_R","Ctr9"
"Combined_R","Ctsa"
"Combined_R","Ctsd"
"Combined_R","Ctsh"
"Combined_R","Ctsw"
"Combined_R","Cubn"
"Combined_R","Cwc15"
"Combined_R","Cx3cr1"
"Combined_R","Cxcr2"
"Combined_R","Cxcr3"
"Combined_R","Cxcr4"
"Combined_R","Cxcr6"
"Combined_R","Cyb561"
"Combined_R","Cyb5r3"
"Combined_R","Cyba"
"Combined_R","Cyc1"
"Combined_R","Cycs"
"Combined_R","Cyp20a1"
"Combined_R","Cyp4v3"
"Combined_R","Cystm1"
"Combined_R","Cytip"
"Combined_R","Dab1"
"Combined_R","Dad1"
"Combined_R","Dazap2"
"Combined_R","Dbf4"
"Combined_R","Dbi"
"Combined_R","Dbn1"
"Combined_R","Dbnl"
"Combined_R","Dcaf7"
"Combined_R","Dctn2"
"Combined_R","Dcxr"
"Combined_R","Ddb1"
"Combined_R","Ddit3"
"Combined_R","Ddit4"
"Combined_R","Ddost"
"Combined_R","Ddrgk1"
"Combined_R","Ddx18"
"Combined_R","Ddx21"
"Combined_R","Ddx27"
"Combined_R","Ddx3x"
"Combined_R","Ddx46"
"Combined_R","Ddx56"
"Combined_R","Dedd2"
"Combined_R","Dennd2d"
"Combined_R","Denr"
"Combined_R","Derl2"
"Combined_R","Dgkd"
"Combined_R","Dguok"
"Combined_R","Dhx30"
"Combined_R","Dkk3"
"Combined_R","Dld"
"Combined_R","Dlg2"
"Combined_R","Dmap1"
"Combined_R","Dnai2"
"Combined_R","Dnaja1"
"Combined_R","Dnajb1"
"Combined_R","Dnajb4"
"Combined_R","Dnajb6"
"Combined_R","Dnajb9"
"Combined_R","Dnajc15"
"Combined_R","Dnajc8"
"Combined_R","Dnph1"
"Combined_R","Dnttip2"
"Combined_R","Dock9"
"Combined_R","Dok2"
"Combined_R","Dpep2"
"Combined_R","Dpf2"
"Combined_R","Dpp10"
"Combined_R","Dpp4"
"Combined_R","Dpp6"
"Combined_R","Dpy30"
"Combined_R","Dpyd"
"Combined_R","Drg1"
"Combined_R","Dthd1"
"Combined_R","Dusp1"
"Combined_R","Dusp10"
"Combined_R","Dusp11"
"Combined_R","Dusp16"
"Combined_R","Dusp2"
"Combined_R","Dusp4"
"Combined_R","Dusp5"
"Combined_R","Dynll1"
"Combined_R","Dynlrb1"
"Combined_R","Dynlt1b"
"Combined_R","Dynlt3"
"Combined_R","Dyrk2"
"Combined_R","Eapp"
"Combined_R","Echdc1"
"Combined_R","Edem2"
"Combined_R","Edf1"
"Combined_R","Eef1b2"
"Combined_R","Eef1d"
"Combined_R","Efcab14"
"Combined_R","Efhd2"
"Combined_R","Egr1"
"Combined_R","Eid1"
"Combined_R","Eif1ax"
"Combined_R","Eif1b"
"Combined_R","Eif2s1"
"Combined_R","Eif3f"
"Combined_R","Eif3h"
"Combined_R","Eif3i"
"Combined_R","Eif3j1"
"Combined_R","Eif4a1"
"Combined_R","Eif4a2"
"Combined_R","Eif4a3"
"Combined_R","Eif4e"
"Combined_R","Eif4e2"
"Combined_R","Eif4g1"
"Combined_R","Eif5"
"Combined_R","Eif5a"
"Combined_R","Eif6"
"Combined_R","Elavl1"
"Combined_R","Elf1"
"Combined_R","Ell2"
"Combined_R","Elovl1"
"Combined_R","Elovl5"
"Combined_R","Elp5"
"Combined_R","Emc10"
"Combined_R","Emc3"
"Combined_R","Emc4"
"Combined_R","Emc6"
"Combined_R","Emc7"
"Combined_R","Emd"
"Combined_R","Eml4"
"Combined_R","Eml5"
"Combined_R","Enc1"
"Combined_R","Eno1"
"Combined_R","Entpd1"
"Combined_R","Eomes"
"Combined_R","Epb41"
"Combined_R","Epc1"
"Combined_R","Epsti1"
"Combined_R","Erf"
"Combined_R","Erh"
"Combined_R","Erlec1"
"Combined_R","Ermn"
"Combined_R","Erp29"
"Combined_R","Erp44"
"Combined_R","Espn"
"Combined_R","Etf1"
"Combined_R","Evi2a"
"Combined_R","Evl"
"Combined_R","Ezr"
"Combined_R","Fabp5"
"Combined_R","Fadd"
"Combined_R","Fam118a"
"Combined_R","Fam177a"
"Combined_R","Fam32a"
"Combined_R","Fam3c"
"Combined_R","Fam53c"
"Combined_R","Fam78a"
"Combined_R","Farsa"
"Combined_R","Fas"
"Combined_R","Fasl"
"Combined_R","Fau"
"Combined_R","Fbxo32"
"Combined_R","Fbxw2"
"Combined_R","Fcgr4"
"Combined_R","Fdps"
"Combined_R","Fgd3"
"Combined_R","Fgfr1"
"Combined_R","Fip1l1"
"Combined_R","Fis1"
"Combined_R","Fkbp11"
"Combined_R","Fkbp1a"
"Combined_R","Fkbp2"
"Combined_R","Fkbp4"
"Combined_R","Fkbp5"
"Combined_R","Flt3l"
"Combined_R","Fnta"
"Combined_R","Fos"
"Combined_R","Fosb"
"Combined_R","Fosl1"
"Combined_R","Fosl2"
"Combined_R","Foxp1"
"Combined_R","Frg1"
"Combined_R","Fstl5"
"Combined_R","Furin"
"Combined_R","Fus"
"Combined_R","Fut8"
"Combined_R","Fxn"
"Combined_R","Fxyd2"
"Combined_R","Fyn"
"Combined_R","G3bp1"
"Combined_R","G3bp2"
"Combined_R","G6pdx"
"Combined_R","Gab3"
"Combined_R","Gabarap"
"Combined_R","Gabarapl1"
"Combined_R","Gabarapl2"
"Combined_R","Gabrg3"
"Combined_R","Gadd45b"
"Combined_R","Gadd45g"
"Combined_R","Gadd45gip1"
"Combined_R","Galm"
"Combined_R","Galnt13"
"Combined_R","Galnt2"
"Combined_R","Galntl6"
"Combined_R","Gapdh"
"Combined_R","Gata3"
"Combined_R","Gatc"
"Combined_R","Gbp2"
"Combined_R","Gbp3"
"Combined_R","Gbp5"
"Combined_R","Gcc2"
"Combined_R","Gcdh"
"Combined_R","Gchfr"
"Combined_R","Gem"
"Combined_R","Gemin8"
"Combined_R","Gfra2"
"Combined_R","Gga2"
"Combined_R","Gid8"
"Combined_R","Gimap4"
"Combined_R","Gimap5"
"Combined_R","Gimap7"
"Combined_R","Gla"
"Combined_R","Glcci1"
"Combined_R","Glg1"
"Combined_R","Glipr2"
"Combined_R","Glod4"
"Combined_R","Gls"
"Combined_R","Glud1"
"Combined_R","Glul"
"Combined_R","Gmfg"
"Combined_R","Gnai2"
"Combined_R","Gng2"
"Combined_R","Gng5"
"Combined_R","Gnl1"
"Combined_R","Golga4"
"Combined_R","Golga2"
"Combined_R","Golim4"
"Combined_R","Gpbp1"
"Combined_R","Gpcpd1"
"Combined_R","Gpd1l"
"Combined_R","Gpr155"
"Combined_R","Gpr171"
"Combined_R","Gpr183"
"Combined_R","Gpr65"
"Combined_R","Gpr89"
"Combined_R","Gpsm3"
"Combined_R","Gramd1a"
"Combined_R","Grap"
"Combined_R","Grsf1"
"Combined_R","Grxcr1"
"Combined_R","Gspt1"
"Combined_R","Gstm2"
"Combined_R","Gsto1"
"Combined_R","Gsto2"
"Combined_R","Gstp1"
"Combined_R","Gtf2a2"
"Combined_R","Gtf2b"
"Combined_R","Gtf2f1"
"Combined_R","Gtf2ird2"
"Combined_R","Gtf3c1"
"Combined_R","Gtf3c6"
"Combined_R","Gyg"
"Combined_R","Gypc"
"Combined_R","Gzma"
"Combined_R","Gzmb"
"Combined_R","Gzmc"
"Combined_R","Gzmk"
"Combined_R","Gzmm"
"Combined_R","Hacd3"
"Combined_R","Haus3"
"Combined_R","Havcr2"
"Combined_R","Hax1"
"Combined_R","Hbp1"
"Combined_R","Hcls1"
"Combined_R","Hcst"
"Combined_R","Hdac1"
"Combined_R","Hdlbp"
"Combined_R","Herpud1"
"Combined_R","Herpud2"
"Combined_R","Hgsnat"
"Combined_R","Hif1a"
"Combined_R","Hint1"
"Combined_R","H2-Q10"
"Combined_R","H2-DMa"
"Combined_R","H2-Aa"
"Combined_R","H2-Ab1"
"Combined_R","H2-Ea"
"Combined_R","H2-Eb1"
"Combined_R","H2-M3"
"Combined_R","H13"
"Combined_R","Hmgb1"
"Combined_R","Hmgb2"
"Combined_R","Hmgn1"
"Combined_R","Hmgn2"
"Combined_R","Hmgn3"
"Combined_R","Hnrnpa0"
"Combined_R","Hnrnpll"
"Combined_R","Hnrnpm"
"Combined_R","Hnrnpr"
"Combined_R","Hnrnpu"
"Combined_R","Hnrnpul1"
"Combined_R","Hrh4"
"Combined_R","Hsbp1"
"Combined_R","Hsd17b10"
"Combined_R","Hsh2d"
"Combined_R","Hsp90aa1"
"Combined_R","Hsp90ab1"
"Combined_R","Hsp90b1"
"Combined_R","Hspa1a"
"Combined_R","Hspa5"
"Combined_R","Hspa8"
"Combined_R","Hspb1"
"Combined_R","Hspb11"
"Combined_R","Hspd1"
"Combined_R","Hspe1"
"Combined_R","Hsph1"
"Combined_R","Htatip2"
"Combined_R","Icam2"
"Combined_R","Icos"
"Combined_R","Id2"
"Combined_R","Idi1"
"Combined_R","Ids"
"Combined_R","Ier2"
"Combined_R","Ier5"
"Combined_R","Ier5l"
"Combined_R","Iffo2"
"Combined_R","Ifi27"
"Combined_R","Ifi27l2a"
"Combined_R","Ifi35"
"Combined_R","Ifi44"
"Combined_R","Ifi44l"
"Combined_R","Ifitm1"
"Combined_R","Ifitm2"
"Combined_R","Ifitm3"
"Combined_R","Ifnar2"
"Combined_R","Ifng"
"Combined_R","Ifngr1"
"Combined_R","Ifrd1"
"Combined_R","Igflr1"
"Combined_R","Ik"
"Combined_R","Ikzf1"
"Combined_R","Il10ra"
"Combined_R","Il12rb1"
"Combined_R","Il12rb2"
"Combined_R","Il13"
"Combined_R","Il15"
"Combined_R","Il16"
"Combined_R","Il17ra"
"Combined_R","Il21r"
"Combined_R","Il24"
"Combined_R","Il2rb"
"Combined_R","Il4ra"
"Combined_R","Il5"
"Combined_R","Il7r"
"Combined_R","Il9r"
"Combined_R","Ilf2"
"Combined_R","Ilk"
"Combined_R","Immp2l"
"Combined_R","Imp3"
"Combined_R","Impdh2"
"Combined_R","Inpp4b"
"Combined_R","Insig1"
"Combined_R","Iqgap2"
"Combined_R","Irf1"
"Combined_R","Irf2"
"Combined_R","Irf2bp2"
"Combined_R","Irf7"
"Combined_R","Isca1"
"Combined_R","Iscu"
"Combined_R","Isg15"
"Combined_R","Isg20"
"Combined_R","Itga1"
"Combined_R","Itga4"
"Combined_R","Itga6"
"Combined_R","Itgae"
"Combined_R","Itgam"
"Combined_R","Itgb1"
"Combined_R","Itgb1bp1"
"Combined_R","Itgb2"
"Combined_R","Itm2a"
"Combined_R","Itm2c"
"Combined_R","Itpr1"
"Combined_R","Ivns1abp"
"Combined_R","Jak1"
"Combined_R","Jaml"
"Combined_R","Jmjd1c"
"Combined_R","Jmjd6"
"Combined_R","Jmy"
"Combined_R","Josd1"
"Combined_R","Jtb"
"Combined_R","Jun"
"Combined_R","Junb"
"Combined_R","Jund"
"Combined_R","Kbtbd2"
"Combined_R","Kcna3"
"Combined_R","Kdelr2"
"Combined_R","Kdm2a"
"Combined_R","Kdm5a"
"Combined_R","Kdm6b"
"Combined_R","Kel"
"Combined_R","2210408I21Rik"
"Combined_R","Kif27"
"Combined_R","Kir3dl1"
"Combined_R","Kir3dl2"
"Combined_R","Kit"
"Combined_R","Klf2"
"Combined_R","Klf6"
"Combined_R","Klhdc2"
"Combined_R","Klhdc4"
"Combined_R","Klhl22"
"Combined_R","Klrb1a"
"Combined_R","Klrc1"
"Combined_R","Klrc3"
"Combined_R","Klrd1"
"Combined_R","Klrg1"
"Combined_R","Kpna1"
"Combined_R","Kpna2"
"Combined_R","Kri1"
"Combined_R","Krtcap2"
"Combined_R","Lag3"
"Combined_R","Lamp1"
"Combined_R","Lamp3"
"Combined_R","Lamtor1"
"Combined_R","Lamtor2"
"Combined_R","Lamtor3"
"Combined_R","Lamtor5"
"Combined_R","Lap3"
"Combined_R","Laptm4a"
"Combined_R","Layn"
"Combined_R","Lcp2"
"Combined_R","Ldha"
"Combined_R","Ldlrad4"
"Combined_R","Lef1"
"Combined_R","Leprotl1"
"Combined_R","Lgals3"
"Combined_R","Lgals9"
"Combined_R","Lhpp"
"Combined_R","Limd2"
"Combined_R","Lipa"
"Combined_R","Litaf"
"Combined_R","Lman2"
"Combined_R","Lmna"
"Combined_R","6330403K07Rik"
"Combined_R","Lpar5"
"Combined_R","Lrif1"
"Combined_R","Lrp10"
"Combined_R","Lrp1b"
"Combined_R","Lrpap1"
"Combined_R","Lrrc41"
"Combined_R","Lrrc47"
"Combined_R","Lrrc4c"
"Combined_R","Lrrfip2"
"Combined_R","Lrrn3"
"Combined_R","Lrrtm4"
"Combined_R","Lsm1"
"Combined_R","Lsm10"
"Combined_R","Lsm3"
"Combined_R","Lsm5"
"Combined_R","Lsm6"
"Combined_R","Lsm7"
"Combined_R","Lsm8"
"Combined_R","Lsp1"
"Combined_R","Ltb"
"Combined_R","Ly86"
"Combined_R","Ly9"
"Combined_R","Lyar"
"Combined_R","Lyn"
"Combined_R","Lyst"
"Combined_R","Maf"
"Combined_R","Maged2"
"Combined_R","Magee1"
"Combined_R","Magoh"
"Combined_R","Map1lc3a"
"Combined_R","Map1lc3b"
"Combined_R","Map2k2"
"Combined_R","Map3k8"
"Combined_R","Mapk1ip1l"
"Combined_R","Mapre1"
"Combined_R","Marcksl1"
"Combined_R","Mat2a"
"Combined_R","Mat2b"
"Combined_R","Matk"
"Combined_R","Mbp"
"Combined_R","Mcl1"
"Combined_R","Mcm2"
"Combined_R","Mcm4"
"Combined_R","Mcm6"
"Combined_R","Mcoln2"
"Combined_R","Mdh1"
"Combined_R","Mea1"
"Combined_R","Meaf6"
"Combined_R","Med10"
"Combined_R","Med12l"
"Combined_R","Med28"
"Combined_R","Med30"
"Combined_R","Med4"
"Combined_R","Metrnl"
"Combined_R","Mettl7a1"
"Combined_R","Mfng"
"Combined_R","Mgat4a"
"Combined_R","Mgst3"
"Combined_R","Mia3"
"Combined_R","Midn"
"Combined_R","Mki67"
"Combined_R","Mlec"
"Combined_R","Mllt3"
"Combined_R","Mmadhc"
"Combined_R","Morf4l2"
"Combined_R","Mphosph8"
"Combined_R","Mrfap1"
"Combined_R","Mrgpra1"
"Combined_R","Mrpl10"
"Combined_R","Mrpl13"
"Combined_R","Mrpl16"
"Combined_R","Mrpl17"
"Combined_R","Mrpl18"
"Combined_R","Mrpl20"
"Combined_R","Mrpl21"
"Combined_R","Mrpl22"
"Combined_R","Mrpl28"
"Combined_R","Mrpl33"
"Combined_R","Mrpl4"
"Combined_R","Mrpl41"
"Combined_R","Mrpl43"
"Combined_R","Mrpl47"
"Combined_R","Mrpl51"
"Combined_R","Mrpl52"
"Combined_R","Mrpl55"
"Combined_R","Mrpl57"
"Combined_R","Mrpl9"
"Combined_R","Mrps12"
"Combined_R","Mrps15"
"Combined_R","Mrps16"
"Combined_R","Mrps18c"
"Combined_R","Mrps2"
"Combined_R","Mrps26"
"Combined_R","Mrps36"
"Combined_R","Mrps6"
"Combined_R","Mrps7"
"Combined_R","Mt1"
"Combined_R","Mt2"
"Combined_R","Mtch2"
"Combined_R","Mtdh"
"Combined_R","Mterf4"
"Combined_R","Mthfd2"
"Combined_R","Mtmr6"
"Combined_R","Mtss1"
"Combined_R","Mvp"
"Combined_R","Mx2"
"Combined_R","Myadm"
"Combined_R","Mydgf"
"Combined_R","Myl12a"
"Combined_R","Mylip"
"Combined_R","Myo1f"
"Combined_R","Mzt2"
"Combined_R","N4bp2l2"
"Combined_R","Naa20"
"Combined_R","Naa38"
"Combined_R","Naa50"
"Combined_R","Nab1"
"Combined_R","Naca"
"Combined_R","Nagk"
"Combined_R","Nampt"
"Combined_R","Nanos1"
"Combined_R","Nap1l1"
"Combined_R","Nap1l4"
"Combined_R","Napa"
"Combined_R","Nbeal1"
"Combined_R","Nbl1"
"Combined_R","Nbr1"
"Combined_R","Ncdn"
"Combined_R","Ncf4"
"Combined_R","Ndel1"
"Combined_R","Ndufa1"
"Combined_R","Ndufa12"
"Combined_R","Ndufa2"
"Combined_R","Ndufa3"
"Combined_R","Ndufa4"
"Combined_R","Ndufa5"
"Combined_R","Ndufa6"
"Combined_R","Ndufa8"
"Combined_R","Ndufab1"
"Combined_R","Ndufaf3"
"Combined_R","Ndufb1"
"Combined_R","Ndufb2"
"Combined_R","Ndufb3"
"Combined_R","Ndufb4"
"Combined_R","Ndufb7"
"Combined_R","Ndufb9"
"Combined_R","Ndufc1"
"Combined_R","Ndufs2"
"Combined_R","Ndufs3"
"Combined_R","Ndufs6"
"Combined_R","Ndufv2"
"Combined_R","Necap2"
"Combined_R","Nedd8"
"Combined_R","Nelfcd"
"Combined_R","Nelfe"
"Combined_R","Nell2"
"Combined_R","Nemf"
"Combined_R","Neu1"
"Combined_R","Nfatc3"
"Combined_R","Nfe2l2"
"Combined_R","Nfkb1"
"Combined_R","Nfkb2"
"Combined_R","Nfkbia"
"Combined_R","Nfkbiz"
"Combined_R","Nfu1"
"Combined_R","Ngdn"
"Combined_R","Ngrn"
"Combined_R","Nhp2"
"Combined_R","Nhsl2"
"Combined_R","Ninj1"
"Combined_R","Ninj2"
"Combined_R","Nkap"
"Combined_R","Nkg7"
"Combined_R","Nlgn1"
"Combined_R","Nmt2"
"Combined_R","Nob1"
"Combined_R","Noc2l"
"Combined_R","Nol7"
"Combined_R","Nol8"
"Combined_R","Nop10"
"Combined_R","Nop58"
"Combined_R","Nosip"
"Combined_R","Nr1d2"
"Combined_R","Nr1h2"
"Combined_R","Nr3c1"
"Combined_R","Nr4a1"
"Combined_R","Nr4a2"
"Combined_R","Nr4a3"
"Combined_R","Nrbf2"
"Combined_R","Nrg3"
"Combined_R","Nsfl1c"
"Combined_R","Nsmce3"
"Combined_R","Nsun6"
"Combined_R","Nuak2"
"Combined_R","Nucks1"
"Combined_R","Nudc"
"Combined_R","Nudcd2"
"Combined_R","Nudt16l1"
"Combined_R","Nudt21"
"Combined_R","Nup98"
"Combined_R","Nutf2"
"Combined_R","Nxt1"
"Combined_R","Oas1a"
"Combined_R","Oasl1"
"Combined_R","Odc1"
"Combined_R","Odf2l"
"Combined_R","Ogfr"
"Combined_R","Olfm2"
"Combined_R","Or5d18"
"Combined_R","Os9"
"Combined_R","Osm"
"Combined_R","Ost4"
"Combined_R","Ostc"
"Combined_R","Otub1"
"Combined_R","Otud7a"
"Combined_R","Ovca2"
"Combined_R","Oxct1"
"Combined_R","P2rx4"
"Combined_R","P2ry10"
"Combined_R","P4hb"
"Combined_R","Pacsin2"
"Combined_R","Padi1"
"Combined_R","Paf1"
"Combined_R","Pak2"
"Combined_R","Park7"
"Combined_R","Parp8"
"Combined_R","Parvg"
"Combined_R","Pbxip1"
"Combined_R","Pcbp1"
"Combined_R","Pcnp"
"Combined_R","Pdcd1"
"Combined_R","Pdcd10"
"Combined_R","Pdcd2"
"Combined_R","Pdcd4"
"Combined_R","Pdcd5"
"Combined_R","Pdcd6"
"Combined_R","Pde3b"
"Combined_R","Pde4a"
"Combined_R","Pde4b"
"Combined_R","Pde4d"
"Combined_R","Pde4dip"
"Combined_R","Pde6g"
"Combined_R","Pdgfra"
"Combined_R","Pdgfrb"
"Combined_R","Pdhb"
"Combined_R","Pdia4"
"Combined_R","Pdia6"
"Combined_R","Pdlim4"
"Combined_R","Pebp1"
"Combined_R","Pecam1"
"Combined_R","Pef1"
"Combined_R","Peli1"
"Combined_R","Per1"
"Combined_R","Pet100"
"Combined_R","Pfdn1"
"Combined_R","Pfdn5"
"Combined_R","Pfkfb3"
"Combined_R","Pgam1"
"Combined_R","Pgk1"
"Combined_R","Phactr2"
"Combined_R","Phax"
"Combined_R","Phf1"
"Combined_R","Phf5a"
"Combined_R","Phlda1"
"Combined_R","Phpt1"
"Combined_R","Pigt"
"Combined_R","Pigx"
"Combined_R","Pik3ap1"
"Combined_R","Pik3r1"
"Combined_R","Pim1"
"Combined_R","Pim2"
"Combined_R","Pim3"
"Combined_R","Pitpnb"
"Combined_R","Pitpnc1"
"Combined_R","Plac8"
"Combined_R","Plcl2"
"Combined_R","Plek"
"Combined_R","Plekha2"
"Combined_R","Plin2"
"Combined_R","Plk3"
"Combined_R","Plpp1"
"Combined_R","Plpp5"
"Combined_R","Plscr1"
"Combined_R","Plxdc2"
"Combined_R","Plxna4"
"Combined_R","Pmaip1"
"Combined_R","Pmepa1"
"Combined_R","Pnisr"
"Combined_R","Pnp2"
"Combined_R","Pnpla2"
"Combined_R","Pnpla8"
"Combined_R","Pnrc2"
"Combined_R","Polr1d"
"Combined_R","Polr2a"
"Combined_R","Polr2c"
"Combined_R","Polr2e"
"Combined_R","Polr2f"
"Combined_R","Polr2i"
"Combined_R","Polr2j"
"Combined_R","Polr2k"
"Combined_R","Polr2l"
"Combined_R","Pomp"
"Combined_R","Pon2"
"Combined_R","Popdc2"
"Combined_R","Por"
"Combined_R","Ppcdc"
"Combined_R","Ppcs"
"Combined_R","Ppfibp2"
"Combined_R","Ppib"
"Combined_R","Ppid"
"Combined_R","Ppm1g"
"Combined_R","Ppp1ca"
"Combined_R","Ppp1cb"
"Combined_R","Ppp1r11"
"Combined_R","Ppp1r14b"
"Combined_R","Ppp1r15a"
"Combined_R","Ppp1r15b"
"Combined_R","Ppp1r18"
"Combined_R","Ppp1r2"
"Combined_R","Ppp1r3f"
"Combined_R","Ppp2r1a"
"Combined_R","Ppp2r5c"
"Combined_R","Ppp3ca"
"Combined_R","Ppp4c"
"Combined_R","Pram1"
"Combined_R","Prcd"
"Combined_R","Prdm1"
"Combined_R","Prdx1"
"Combined_R","Prdx2"
"Combined_R","Prdx3"
"Combined_R","Prdx5"
"Combined_R","Prdx6"
"Combined_R","Preb"
"Combined_R","Prf1"
"Combined_R","Prkar1a"
"Combined_R","Prkch"
"Combined_R","Prnp"
"Combined_R","Prpf31"
"Combined_R","Prpf38a"
"Combined_R","Prpf6"
"Combined_R","Prr13"
"Combined_R","Prr16"
"Combined_R","Prr5"
"Combined_R","Arhgap8"
"Combined_R","Prr5l"
"Combined_R","Prrg2"
"Combined_R","Psip1"
"Combined_R","Psma3"
"Combined_R","Psma4"
"Combined_R","Psma5"
"Combined_R","Psma6"
"Combined_R","Psmb1"
"Combined_R","Psmb10"
"Combined_R","Psmb2"
"Combined_R","Psmb5"
"Combined_R","Psmb6"
"Combined_R","Psmb8"
"Combined_R","Psmb9"
"Combined_R","Psmc1"
"Combined_R","Psmc2"
"Combined_R","Psmc3"
"Combined_R","Psmc4"
"Combined_R","Psmc5"
"Combined_R","Psmc6"
"Combined_R","Psmd1"
"Combined_R","Psmd11"
"Combined_R","Psmd13"
"Combined_R","Psmd2"
"Combined_R","Psmd3"
"Combined_R","Psmd4"
"Combined_R","Psmd6"
"Combined_R","Psmd7"
"Combined_R","Psmd8"
"Combined_R","Psme1"
"Combined_R","Psme2"
"Combined_R","Psme3"
"Combined_R","Psmf1"
"Combined_R","Psmg2"
"Combined_R","Ptger4"
"Combined_R","Ptges3"
"Combined_R","Ptms"
"Combined_R","Ptov1"
"Combined_R","Ptp4a1"
"Combined_R","Ptpn22"
"Combined_R","Ptpn6"
"Combined_R","Ptpn7"
"Combined_R","Ptprcap"
"Combined_R","Ptprd"
"Combined_R","Ptprn2"
"Combined_R","Pttg1"
"Combined_R","Puf60"
"Combined_R","Pwp1"
"Combined_R","Pygo1"
"Combined_R","Rab11a"
"Combined_R","Rab11fip1"
"Combined_R","Rab1b"
"Combined_R","Rab21"
"Combined_R","Rab27a"
"Combined_R","Rab9"
"Combined_R","Rabac1"
"Combined_R","Rabgap1l"
"Combined_R","Rabif"
"Combined_R","Rabl3"
"Combined_R","Rac2"
"Combined_R","Rad23a"
"Combined_R","Rala"
"Combined_R","Ralgapa1"
"Combined_R","Raly"
"Combined_R","Ralyl"
"Combined_R","Ran"
"Combined_R","Rangap1"
"Combined_R","Rara"
"Combined_R","Rasal3"
"Combined_R","Rasgef1a"
"Combined_R","Rasgef1b"
"Combined_R","Rasgrp1"
"Combined_R","Rasgrp2"
"Combined_R","Rassf1"
"Combined_R","Rassf3"
"Combined_R","Rbbp4"
"Combined_R","Rbbp7"
"Combined_R","Rbfox1"
"Combined_R","Rbm3"
"Combined_R","Rbm38"
"Combined_R","Rbm42"
"Combined_R","Rbm5"
"Combined_R","Rbms1"
"Combined_R","Rbpj"
"Combined_R","Rbx1"
"Combined_R","Rcsd1"
"Combined_R","Rdh11"
"Combined_R","Reep5"
"Combined_R","Rel"
"Combined_R","Relb"
"Combined_R","Rer1"
"Combined_R","Rest"
"Combined_R","Rftn1"
"Combined_R","Rgcc"
"Combined_R","Rgs1"
"Combined_R","Rgs2"
"Combined_R","Rgs7"
"Combined_R","Rgs8"
"Combined_R","Rgs9"
"Combined_R","Rhbdd2"
"Combined_R","Rheb"
"Combined_R","Rhob"
"Combined_R","Ric8a"
"Combined_R","Rin3"
"Combined_R","Rnaseh2c"
"Combined_R","Rnaset2a"
"Combined_R","Rnf114"
"Combined_R","Rnf138"
"Combined_R","Rnf139"
"Combined_R","Rnf145"
"Combined_R","Rnf181"
"Combined_R","Rnf187"
"Combined_R","Rnf19a"
"Combined_R","Rnf213"
"Combined_R","Rnf43"
"Combined_R","Rnh1"
"Combined_R","Rnmt"
"Combined_R","Rnps1"
"Combined_R","Romo1"
"Combined_R","Rora"
"Combined_R","Rorc"
"Combined_R","Rpp38"
"Combined_R","Rraga"
"Combined_R","Rrp7a"
"Combined_R","Rsrc2"
"Combined_R","Rtcb"
"Combined_R","Rtf1"
"Combined_R","S100a10"
"Combined_R","S100a11"
"Combined_R","S100a4"
"Combined_R","S1pr4"
"Combined_R","Safb"
"Combined_R","Samm50"
"Combined_R","Samsn1"
"Combined_R","Sap18"
"Combined_R","Sap30"
"Combined_R","Sap30bp"
"Combined_R","Sar1b"
"Combined_R","Saraf"
"Combined_R","Sash3"
"Combined_R","Sat1"
"Combined_R","Satb1"
"Combined_R","Sbds"
"Combined_R","Scaf11"
"Combined_R","Scamp2"
"Combined_R","Scamp3"
"Combined_R","Scand1"
"Combined_R","Scml4"
"Combined_R","Scnm1"
"Combined_R","Sdad1"
"Combined_R","Sdcbp"
"Combined_R","Sdf2"
"Combined_R","Sdf4"
"Combined_R","Sdhc"
"Combined_R","Sdk2"
"Combined_R","Sec11a"
"Combined_R","Sec11c"
"Combined_R","Sec13"
"Combined_R","Sec14l1"
"Combined_R","Sec61a1"
"Combined_R","Sec61b"
"Combined_R","Sec61g"
"Combined_R","Sec62"
"Combined_R","Secisbp2l"
"Combined_R","Sell"
"Combined_R","Serf2"
"Combined_R","Serinc3"
"Combined_R","Serinc5"
"Combined_R","Serp1"
"Combined_R","Serpinb1a"
"Combined_R","Serpinb9"
"Combined_R","Serpinf1"
"Combined_R","Sertad1"
"Combined_R","Sesn3"
"Combined_R","Setd2"
"Combined_R","Sf1"
"Combined_R","Sf3a1"
"Combined_R","Sf3a3"
"Combined_R","Sf3b2"
"Combined_R","Sf3b3"
"Combined_R","Sf3b4"
"Combined_R","Sf3b6"
"Combined_R","Sfmbt2"
"Combined_R","Sfpq"
"Combined_R","Sft2d2"
"Combined_R","Sh2d1a"
"Combined_R","Sh2d2a"
"Combined_R","Sh3bgrl"
"Combined_R","Sh3bgrl3"
"Combined_R","Sh3bp1"
"Combined_R","Sh3kbp1"
"Combined_R","Shd"
"Combined_R","Shisa5"
"Combined_R","Siah2"
"Combined_R","Sik3"
"Combined_R","Sipa1l1"
"Combined_R","Sirt7"
"Combined_R","Sit1"
"Combined_R","Siva1"
"Combined_R","Skap1"
"Combined_R","Skil"
"Combined_R","Skp1"
"Combined_R","Sla"
"Combined_R","Sla2"
"Combined_R","Slamf1"
"Combined_R","Slbp"
"Combined_R","Slc13a3"
"Combined_R","Slc14a1"
"Combined_R","Slc16a3"
"Combined_R","Slc1a4"
"Combined_R","Slc25a3"
"Combined_R","Slc25a5"
"Combined_R","Slc2a3"
"Combined_R","Slc35b1"
"Combined_R","Slc38a2"
"Combined_R","Slc39a10"
"Combined_R","Slc3a2"
"Combined_R","Slc43a1"
"Combined_R","Slc44a3"
"Combined_R","Slc46a3"
"Combined_R","Slc4a10"
"Combined_R","Slc52a2"
"Combined_R","Slc7a5"
"Combined_R","Slco2a1"
"Combined_R","Slco3a1"
"Combined_R","Slfn14"
"Combined_R","Slfn5"
"Combined_R","Slirp"
"Combined_R","Smarce1"
"Combined_R","Smdt1"
"Combined_R","Smim12"
"Combined_R","Smim15"
"Combined_R","Smu1"
"Combined_R","Snap23"
"Combined_R","Snap47"
"Combined_R","Snrnp200"
"Combined_R","Snrnp27"
"Combined_R","Snrnp40"
"Combined_R","Snrpb"
"Combined_R","Snrpb2"
"Combined_R","Snrpc"
"Combined_R","Snrpd1"
"Combined_R","Snrpd3"
"Combined_R","Snrpe"
"Combined_R","Snrpf"
"Combined_R","Snrpg"
"Combined_R","Sntg1"
"Combined_R","Sntg2"
"Combined_R","Snu13"
"Combined_R","Snw1"
"Combined_R","Snx1"
"Combined_R","Snx17"
"Combined_R","Snx20"
"Combined_R","Snx6"
"Combined_R","Snx9"
"Combined_R","Soat2"
"Combined_R","Socs1"
"Combined_R","Socs3"
"Combined_R","Sod1"
"Combined_R","Son"
"Combined_R","Sox4"
"Combined_R","Spcs1"
"Combined_R","Spcs2"
"Combined_R","Spcs3"
"Combined_R","Spink2"
"Combined_R","Spint2"
"Combined_R","Spns2"
"Combined_R","Spns3"
"Combined_R","Spock2"
"Combined_R","Sptan1"
"Combined_R","Sptbn1"
"Combined_R","Spty2d1"
"Combined_R","Sqle"
"Combined_R","Sqstm1"
"Combined_R","Sri"
"Combined_R","Srp14"
"Combined_R","Srp68"
"Combined_R","Srp9"
"Combined_R","Srpr"
"Combined_R","Srprb"
"Combined_R","Srsf2"
"Combined_R","Srsf3"
"Combined_R","Srsf5"
"Combined_R","Srsf7"
"Combined_R","Srsf9"
"Combined_R","Ss18"
"Combined_R","Ss18l2"
"Combined_R","Ssbp1"
"Combined_R","Ssbp3"
"Combined_R","Ssna1"
"Combined_R","Ssr3"
"Combined_R","Ssu72"
"Combined_R","St6gal1"
"Combined_R","Stam"
"Combined_R","Stat1"
"Combined_R","Stat3"
"Combined_R","Stat4"
"Combined_R","Stat5a"
"Combined_R","Stat6"
"Combined_R","Stip1"
"Combined_R","Stk17b"
"Combined_R","Stk38"
"Combined_R","Stmn3"
"Combined_R","Stom"
"Combined_R","Stoml2"
"Combined_R","Strap"
"Combined_R","Stub1"
"Combined_R","Stx11"
"Combined_R","Sub1"
"Combined_R","Suclg1"
"Combined_R","Sugt1"
"Combined_R","Sult2b1"
"Combined_R","Sumf1"
"Combined_R","Sumo1"
"Combined_R","Sumo2"
"Combined_R","Sun2"
"Combined_R","Supt3"
"Combined_R","Supt4a"
"Combined_R","Surf2"
"Combined_R","Surf4"
"Combined_R","Svip"
"Combined_R","Swsap1"
"Combined_R","Syap1"
"Combined_R","Syf2"
"Combined_R","Syngr2"
"Combined_R","Sypl"
"Combined_R","Sytl1"
"Combined_R","Sytl2"
"Combined_R","Sytl3"
"Combined_R","Taf1d"
"Combined_R","Tagap"
"Combined_R","Tagln2"
"Combined_R","Taldo1"
"Combined_R","Tank"
"Combined_R","Tbc1d10c"
"Combined_R","Tbc1d4"
"Combined_R","Tbca"
"Combined_R","Tbcc"
"Combined_R","Tbcd"
"Combined_R","Tbx15"
"Combined_R","Tbx21"
"Combined_R","Tcea1"
"Combined_R","Tcf25"
"Combined_R","Tcf4"
"Combined_R","Tcf7"
"Combined_R","Tcp1"
"Combined_R","Teddm1b"
"Combined_R","Tfip11"
"Combined_R","Tgfb1"
"Combined_R","Tgif1"
"Combined_R","Thap7"
"Combined_R","Thrap3"
"Combined_R","Thyn1"
"Combined_R","Tifa"
"Combined_R","Tigd2"
"Combined_R","Tigit"
"Combined_R","Timm10"
"Combined_R","Timm17a"
"Combined_R","Timm8b"
"Combined_R","Tinf2"
"Combined_R","Tiparp"
"Combined_R","Tjp3"
"Combined_R","Tk1"
"Combined_R","Tle4"
"Combined_R","Tlk1"
"Combined_R","Tlr1"
"Combined_R","Tma7"
"Combined_R","Tmco1"
"Combined_R","Tmed2"
"Combined_R","Tmed9"
"Combined_R","Tmem106b"
"Combined_R","Tmem115"
"Combined_R","Tmem116"
"Combined_R","Tmem123"
"Combined_R","Tmem140"
"Combined_R","Tmem160"
"Combined_R","Tmem167"
"Combined_R","Tmem179b"
"Combined_R","Tmem208"
"Combined_R","Tmem248"
"Combined_R","Tmem258"
"Combined_R","Tmem39a"
"Combined_R","Tmem43"
"Combined_R","Tmem59"
"Combined_R","Tmem70"
"Combined_R","Tmem97"
"Combined_R","Tmem9b"
"Combined_R","Tmx1"
"Combined_R","Tnf"
"Combined_R","Tnfaip3"
"Combined_R","Tnfrsf18"
"Combined_R","Tnfrsf1b"
"Combined_R","Tnfrsf9"
"Combined_R","Tnfsf10"
"Combined_R","Tnfsf4"
"Combined_R","Tnfsf9"
"Combined_R","Tnrc6c"
"Combined_R","Tob1"
"Combined_R","Tollip"
"Combined_R","Tom1"
"Combined_R","Tomm5"
"Combined_R","Tomm7"
"Combined_R","Top2a"
"Combined_R","Topors"
"Combined_R","Tox"
"Combined_R","Tox2"
"Combined_R","Tox4"
"Combined_R","Trp53rka"
"Combined_R","Tpd52l2"
"Combined_R","Tpr"
"Combined_R","Tra2a"
"Combined_R","Tra2b"
"Combined_R","Traf1"
"Combined_R","Traf3ip3"
"Combined_R","Tram1"
"Combined_R","Trappc1"
"Combined_R","Trappc2l"
"Combined_R","Trappc3"
"Combined_R","Trappc4"
"Combined_R","Trappc6a"
"Combined_R","Trat1"
"Combined_R","Triap1"
"Combined_R","Trib2"
"Combined_R","Trim27"
"Combined_R","Trim50"
"Combined_R","Trmo"
"Combined_R","Trmt112"
"Combined_R","Tsc22d1"
"Combined_R","Tsc22d2"
"Combined_R","Tsc22d3"
"Combined_R","Tsg101"
"Combined_R","Tsn"
"Combined_R","Tspan14"
"Combined_R","Tspan18"
"Combined_R","Tspan32"
"Combined_R","Tspo"
"Combined_R","Tspyl1"
"Combined_R","Tspyl2"
"Combined_R","Tssc4"
"Combined_R","Ttc1"
"Combined_R","Ttc13"
"Combined_R","Ttc39c"
"Combined_R","Ttll11"
"Combined_R","Tuba1a"
"Combined_R","Tuba1b"
"Combined_R","Tuba1c"
"Combined_R","Tuba4a"
"Combined_R","Tubb2a"
"Combined_R","Tubb4b"
"Combined_R","Tufm"
"Combined_R","Tusc2"
"Combined_R","Tvp23b"
"Combined_R","Twf2"
"Combined_R","Twist2"
"Combined_R","Txndc15"
"Combined_R","Txndc17"
"Combined_R","Txndc9"
"Combined_R","Txnl1"
"Combined_R","Tymp"
"Combined_R","U2af1"
"Combined_R","U2surp"
"Combined_R","Uba1"
"Combined_R","Uba52"
"Combined_R","Ubald2"
"Combined_R","Ubb"
"Combined_R","Ube2b"
"Combined_R","Ube2c"
"Combined_R","Ube2d1"
"Combined_R","Ube2d3"
"Combined_R","Ube2e3"
"Combined_R","Ube2f"
"Combined_R","Ube2i"
"Combined_R","Ube2j2"
"Combined_R","Ube2l6"
"Combined_R","Ube2n"
"Combined_R","Ube2s"
"Combined_R","Ubl3"
"Combined_R","Ubl5"
"Combined_R","Ubl7"
"Combined_R","Ubxn4"
"Combined_R","Ucp2"
"Combined_R","Ufm1"
"Combined_R","Ulk4"
"Combined_R","Unc45a"
"Combined_R","Uqcr10"
"Combined_R","Uqcr11"
"Combined_R","Uqcrb"
"Combined_R","Uqcrc1"
"Combined_R","Uqcrfs1"
"Combined_R","Uqcrq"
"Combined_R","Urgcp"
"Combined_R","Usp18"
"Combined_R","Usp36"
"Combined_R","Usp44"
"Combined_R","Usp50"
"Combined_R","Usp54"
"Combined_R","Vcl"
"Combined_R","Vdac1"
"Combined_R","Vdac3"
"Combined_R","Vipr1"
"Combined_R","Vopp1"
"Combined_R","Vps28"
"Combined_R","Vps35"
"Combined_R","Vps37b"
"Combined_R","Vps4a"
"Combined_R","Vps4b"
"Combined_R","Vta1"
"Combined_R","Vti1b"
"Combined_R","Was"
"Combined_R","Wasf2"
"Combined_R","Wdr18"
"Combined_R","Wdr46"
"Combined_R","Wdr5b"
"Combined_R","Wdr83os"
"Combined_R","Wdr86"
"Combined_R","Whamm"
"Combined_R","Wipi1"
"Combined_R","Wipi2"
"Combined_R","Wnt10b"
"Combined_R","Wrap73"
"Combined_R","Wsb1"
"Combined_R","Wtap"
"Combined_R","Xab2"
"Combined_R","Xbp1"
"Combined_R","Xcl1"
"Combined_R","Xrcc5"
"Combined_R","Xrcc6"
"Combined_R","Xrn2"
"Combined_R","Xylt1"
"Combined_R","Ybx3"
"Combined_R","Yipf3"
"Combined_R","Ypel3"
"Combined_R","Ypel5"
"Combined_R","Ythdf2"
"Combined_R","Ywhab"
"Combined_R","Ywhaq"
"Combined_R","Zbtb20"
"Combined_R","Zc3h12a"
"Combined_R","Zc3h18"
"Combined_R","Zc3hav1"
"Combined_R","Zfand2a"
"Combined_R","Zfand5"
"Combined_R","Zfp36"
"Combined_R","Zfp36l1"
"Combined_R","Zic4"
"Combined_R","Zmat2"
"Combined_R","Zfp146"
"Combined_R","Zfp422"
"Combined_R","Zfp24"
"Combined_R","Zfp617"
"Combined_R","Zfp160"
"Combined_R","Zfp729a"
"Combined_R","Zfp605"
"Combined_R","Zfp638"
"Combined_R","Zfp652"
"Combined_R","Zfp683"
"Combined_R","Zfp706"
"Combined_R","Zfp853"
"Combined_R","Znrf1"
"Combined_R","Zyx"
"Combined_R","Poteg"
"Combined_R","Hexdc"
"Combined_R","Ftx"
"Combined_R","Adss"
"Combined_R","Hars"
"Combined_R","Cars"
"Combined_R","Sars"
"Combined_R","Phb"
"Combined_R","Dars"
"Combined_R","Xist"
"Deng2020_NR","Alox5ap"
"Deng2020_NR","Anxa1"
"Deng2020_NR","Batf"
"Deng2020_NR","Cd300a"
"Deng2020_NR","Cd70"
"Deng2020_NR","Cd74"
"Deng2020_NR","Chchd10"
"Deng2020_NR","Cst7"
"Deng2020_NR","Ctsc"
"Deng2020_NR","Fcgr4"
"Deng2020_NR","Gzmb"
"Deng2020_NR","Gzmc"
"Deng2020_NR","Hif1a"
"Deng2020_NR","H2-DMa"
"Deng2020_NR","H2-Ab1"
"Deng2020_NR","H2-Ea"
"Deng2020_NR","H2-Eb1"
"Deng2020_NR","Hopx"
"Deng2020_NR","Hsp90aa1"
"Deng2020_NR","Hspe1"
"Deng2020_NR","Id2"
"Deng2020_NR","Ifng"
"Deng2020_NR","Il13"
"Deng2020_NR","Kir3dl1"
"Deng2020_NR","Klrg1"
"Deng2020_NR","Lag3"
"Deng2020_NR","Lgals9"
"Deng2020_NR","mt-Cytb"
"Deng2020_NR","Nkg7"
"Deng2020_NR","Prf1"
"Deng2020_NR","Rps4x"
"Deng2020_NR","S100a11"
"Deng2020_R","Capg"
"Deng2020_R","Ccl3"
"Deng2020_R","Ccl4"
"Deng2020_R","Cd7"
"Deng2020_R","Cd8b1"
"Deng2020_R","Coro1b"
"Deng2020_R","Ddit4"
"Deng2020_R","Eno1"
"Deng2020_R","Gchfr"
"Deng2020_R","Gypc"
"Deng2020_R","Gm8909"
"Deng2020_R","H2-Q10"
"Deng2020_R","H2-Aa"
"Deng2020_R","Ifitm1"
"Deng2020_R","Ifitm2"
"Deng2020_R","Ifitm3"
"Deng2020_R","Itm2c"
"Deng2020_R","Lef1"
"Deng2020_R","Lrrn3"
"Deng2020_R","Mt2"
"Deng2020_R","Osm"
"Deng2020_R","Pgk1"
"Deng2020_R","Plac8"
"Deng2020_R","Sell"
"Deng2020_R","Spint2"
"Deng2020_R","Stat1"
"Deng2020_R","Xist"
"Fraietta2018_NR","Abhd4"
"Fraietta2018_NR","Abhd5"
"Fraietta2018_NR","Ablim3"
"Fraietta2018_NR","Acat3"
"Fraietta2018_NR","Acsl1"
"Fraietta2018_NR","Actn1"
"Fraietta2018_NR","Actr1b"
"Fraietta2018_NR","Adam9"
"Fraietta2018_NR","Adcy1"
"Fraietta2018_NR","Adm"
"Fraietta2018_NR","Afap1"
"Fraietta2018_NR","Afg3l2"
"Fraietta2018_NR","Agrn"
"Fraietta2018_NR","Ahcy"
"Fraietta2018_NR","Ahcyl2"
"Fraietta2018_NR","Ahi1"
"Fraietta2018_NR","Ak2"
"Fraietta2018_NR","Akap12"
"Fraietta2018_NR","Angptl4"
"Fraietta2018_NR","Ankrd33b"
"Fraietta2018_NR","Aplp1"
"Fraietta2018_NR","Aplp2"
"Fraietta2018_NR","App"
"Fraietta2018_NR","Arhgap31"
"Fraietta2018_NR","Armcx1"
"Fraietta2018_NR","Armcx2"
"Fraietta2018_NR","Art3"
"Fraietta2018_NR","Atn1"
"Fraietta2018_NR","Atp9a"
"Fraietta2018_NR","Aurka"
"Fraietta2018_NR","Avpi1"
"Fraietta2018_NR","Axl"
"Fraietta2018_NR","B4galnt1"
"Fraietta2018_NR","B4galt6"
"Fraietta2018_NR","Bahcc1"
"Fraietta2018_NR","Basp1"
"Fraietta2018_NR","Bcar3"
"Fraietta2018_NR","Bcat1"
"Fraietta2018_NR","Bcl2l12"
"Fraietta2018_NR","Birc3"
"Fraietta2018_NR","Bpgm"
"Fraietta2018_NR","Bspry"
"Fraietta2018_NR","Btg3"
"Fraietta2018_NR","Bub1"
"Fraietta2018_NR","Bves"
"Fraietta2018_NR","4921524J17Rik"
"Fraietta2018_NR","1810010H24Rik"
"Fraietta2018_NR","2310022B05Rik"
"Fraietta2018_NR","2810459M11Rik"
"Fraietta2018_NR","BC016579"
"Fraietta2018_NR","Car12"
"Fraietta2018_NR","Car9"
"Fraietta2018_NR","Cables1"
"Fraietta2018_NR","Camk1"
"Fraietta2018_NR","Camsap2"
"Fraietta2018_NR","Cbx1"
"Fraietta2018_NR","Ccdc50"
"Fraietta2018_NR","Ccdc74a"
"Fraietta2018_NR","Ccr7"
"Fraietta2018_NR","Cd109"
"Fraietta2018_NR","Cd200"
"Fraietta2018_NR","Cd22"
"Fraietta2018_NR","Cd276"
"Fraietta2018_NR","Cd5"
"Fraietta2018_NR","Cd80"
"Fraietta2018_NR","Cdc42bpb"
"Fraietta2018_NR","Cdc6"
"Fraietta2018_NR","Cdca5"
"Fraietta2018_NR","Cdk6"
"Fraietta2018_NR","Cdkn1a"
"Fraietta2018_NR","Cdt1"
"Fraietta2018_NR","Cenpi"
"Fraietta2018_NR","Cers6"
"Fraietta2018_NR","Cfi"
"Fraietta2018_NR","Ch25h"
"Fraietta2018_NR","Chek1"
"Fraietta2018_NR","Chn1"
"Fraietta2018_NR","Chrm4"
"Fraietta2018_NR","Chst2"
"Fraietta2018_NR","Ckap2l"
"Fraietta2018_NR","Clic4"
"Fraietta2018_NR","Clmn"
"Fraietta2018_NR","Clpb"
"Fraietta2018_NR","Cntrob"
"Fraietta2018_NR","Coro1c"
"Fraietta2018_NR","Cpm"
"Fraietta2018_NR","Creg1"
"Fraietta2018_NR","Cse1l"
"Fraietta2018_NR","Csrnp1"
"Fraietta2018_NR","Ctnna1"
"Fraietta2018_NR","Ctnnal1"
"Fraietta2018_NR","Cttn"
"Fraietta2018_NR","Cxcl9"
"Fraietta2018_NR","Cxcr5"
"Fraietta2018_NR","Cyfip1"
"Fraietta2018_NR","Cyp1a1"
"Fraietta2018_NR","Cyp2s1"
"Fraietta2018_NR","Cyp51"
"Fraietta2018_NR","Cytip"
"Fraietta2018_NR","Depdc7"
"Fraietta2018_NR","Dgki"
"Fraietta2018_NR","Dhcr24"
"Fraietta2018_NR","Dhcr7"
"Fraietta2018_NR","Dhrs2"
"Fraietta2018_NR","Dmd"
"Fraietta2018_NR","Dnajb5"
"Fraietta2018_NR","Dnajc12"
"Fraietta2018_NR","Dnajc18"
"Fraietta2018_NR","Dnajc6"
"Fraietta2018_NR","Dock7"
"Fraietta2018_NR","Dok5"
"Fraietta2018_NR","Donson"
"Fraietta2018_NR","Dpysl2"
"Fraietta2018_NR","Dram1"
"Fraietta2018_NR","Dsn1"
"Fraietta2018_NR","Dtl"
"Fraietta2018_NR","Dusp3"
"Fraietta2018_NR","Dusp4"
"Fraietta2018_NR","Dvl2"
"Fraietta2018_NR","Ebi3"
"Fraietta2018_NR","Eci2"
"Fraietta2018_NR","Egfl6"
"Fraietta2018_NR","Ehd4"
"Fraietta2018_NR","Eif4h"
"Fraietta2018_NR","Elk1"
"Fraietta2018_NR","Ell2"
"Fraietta2018_NR","Elmo1"
"Fraietta2018_NR","Emp1"
"Fraietta2018_NR","Enpp2"
"Fraietta2018_NR","Epas1"
"Fraietta2018_NR","Epb41l4b"
"Fraietta2018_NR","Eri2"
"Fraietta2018_NR","Erlin2"
"Fraietta2018_NR","Ets2"
"Fraietta2018_NR","Evi5"
"Fraietta2018_NR","Exd2"
"Fraietta2018_NR","F11r"
"Fraietta2018_NR","Fads1"
"Fraietta2018_NR","Fads2"
"Fraietta2018_NR","Fah"
"Fraietta2018_NR","Faim2"
"Fraietta2018_NR","Fam114a1"
"Fraietta2018_NR","Fam174b"
"Fraietta2018_NR","Fanci"
"Fraietta2018_NR","Fasn"
"Fraietta2018_NR","Fdps"
"Fraietta2018_NR","Fgd6"
"Fraietta2018_NR","Fggy"
"Fraietta2018_NR","Fignl1"
"Fraietta2018_NR","Flt1"
"Fraietta2018_NR","Fmnl3"
"Fraietta2018_NR","Fscn1"
"Fraietta2018_NR","Fxr2"
"Fraietta2018_NR","G0s2"
"Fraietta2018_NR","Gab2"
"Fraietta2018_NR","Gadd45a"
"Fraietta2018_NR","Gas8"
"Fraietta2018_NR","Gatm"
"Fraietta2018_NR","Gbe1"
"Fraietta2018_NR","Gem"
"Fraietta2018_NR","Ggh"
"Fraietta2018_NR","Gins1"
"Fraietta2018_NR","Gins4"
"Fraietta2018_NR","Gjb2"
"Fraietta2018_NR","Gk"
"Fraietta2018_NR","Gm2a"
"Fraietta2018_NR","Gna12"
"Fraietta2018_NR","Gna15"
"Fraietta2018_NR","Gng4"
"Fraietta2018_NR","Gnptab"
"Fraietta2018_NR","Got2"
"Fraietta2018_NR","Gpc1"
"Fraietta2018_NR","Gpr157"
"Fraietta2018_NR","Gprc5c"
"Fraietta2018_NR","Gstcd"
"Fraietta2018_NR","Hbs1l"
"Fraietta2018_NR","Hdac3"
"Fraietta2018_NR","Hdac7"
"Fraietta2018_NR","Hdac9"
"Fraietta2018_NR","Hilpda"
"Fraietta2018_NR","Hivep1"
"Fraietta2018_NR","Hmga1"
"Fraietta2018_NR","Hmgcr"
"Fraietta2018_NR","Hmgcs1"
"Fraietta2018_NR","Hnf1b"
"Fraietta2018_NR","Hoxa4"
"Fraietta2018_NR","Hsd11b1"
"Fraietta2018_NR","Hsd17b12"
"Fraietta2018_NR","Hsd3b7"
"Fraietta2018_NR","Hsp90ab1"
"Fraietta2018_NR","Hspd1"
"Fraietta2018_NR","Hsph1"
"Fraietta2018_NR","Htatip2"
"Fraietta2018_NR","Icam1"
"Fraietta2018_NR","Icam5"
"Fraietta2018_NR","Ier3"
"Fraietta2018_NR","Ifi44"
"Fraietta2018_NR","Ifih1"
"Fraietta2018_NR","Ift122"
"Fraietta2018_NR","Igsf3"
"Fraietta2018_NR","Ikbip"
"Fraietta2018_NR","Il1a"
"Fraietta2018_NR","Il1rap"
"Fraietta2018_NR","Il1rn"
"Fraietta2018_NR","Inpp5f"
"Fraietta2018_NR","Insig1"
"Fraietta2018_NR","Ipo5"
"Fraietta2018_NR","Ippk"
"Fraietta2018_NR","Iqgap3"
"Fraietta2018_NR","Irak2"
"Fraietta2018_NR","Irak3"
"Fraietta2018_NR","Irf8"
"Fraietta2018_NR","Itpka"
"Fraietta2018_NR","Jam2"
"Fraietta2018_NR","Jun"
"Fraietta2018_NR","Junb"
"Fraietta2018_NR","Kcnh4"
"Fraietta2018_NR","Kctd10"
"Fraietta2018_NR","Kctd19"
"Fraietta2018_NR","Kctd3"
"Fraietta2018_NR","Kctd5"
"Fraietta2018_NR","Kdelr3"
"Fraietta2018_NR","D630045J12Rik"
"Fraietta2018_NR","Kif23"
"Fraietta2018_NR","Kif3b"
"Fraietta2018_NR","Kif3c"
"Fraietta2018_NR","Klf4"
"Fraietta2018_NR","Krt80"
"Fraietta2018_NR","Lactb"
"Fraietta2018_NR","Lamb3"
"Fraietta2018_NR","Lamp3"
"Fraietta2018_NR","Lepr"
"Fraietta2018_NR","Lifr"
"Fraietta2018_NR","Lig1"
"Fraietta2018_NR","Lima1"
"Fraietta2018_NR","Lin52"
"Fraietta2018_NR","Lmna"
"Fraietta2018_NR","Lrp11"
"Fraietta2018_NR","Lrrc40"
"Fraietta2018_NR","Lrrfip2"
"Fraietta2018_NR","Lss"
"Fraietta2018_NR","Lta"
"Fraietta2018_NR","Ltbr"
"Fraietta2018_NR","Magi1"
"Fraietta2018_NR","Map7d2"
"Fraietta2018_NR","Marcks"
"Fraietta2018_NR","Marveld1"
"Fraietta2018_NR","Mast1"
"Fraietta2018_NR","Mast2"
"Fraietta2018_NR","Mcam"
"Fraietta2018_NR","Mcm10"
"Fraietta2018_NR","Mcm2"
"Fraietta2018_NR","Mcm6"
"Fraietta2018_NR","Mdk"
"Fraietta2018_NR","Meis3"
"Fraietta2018_NR","Melk"
"Fraietta2018_NR","Mest"
"Fraietta2018_NR","Mfap1a"
"Fraietta2018_NR","Mical2"
"Fraietta2018_NR","Mis18a"
"Fraietta2018_NR","Mlh1"
"Fraietta2018_NR","Mmp12"
"Fraietta2018_NR","Mob1b"
"Fraietta2018_NR","Mpzl1"
"Fraietta2018_NR","Ms4a1"
"Fraietta2018_NR","Msmo1"
"Fraietta2018_NR","Mthfd1"
"Fraietta2018_NR","Mthfd2"
"Fraietta2018_NR","Mvk"
"Fraietta2018_NR","Myb"
"Fraietta2018_NR","Myh6"
"Fraietta2018_NR","Myo1e"
"Fraietta2018_NR","Myof"
"Fraietta2018_NR","Mzt1"
"Fraietta2018_NR","Nab2"
"Fraietta2018_NR","Nampt"
"Fraietta2018_NR","Ncdn"
"Fraietta2018_NR","Ncf1"
"Fraietta2018_NR","Nckap1"
"Fraietta2018_NR","Ncs1"
"Fraietta2018_NR","Ndfip2"
"Fraietta2018_NR","Nebl"
"Fraietta2018_NR","Nek6"
"Fraietta2018_NR","Net1"
"Fraietta2018_NR","Neurl3"
"Fraietta2018_NR","Nfkb2"
"Fraietta2018_NR","Nid1"
"Fraietta2018_NR","Ninj1"
"Fraietta2018_NR","Ninl"
"Fraietta2018_NR","Nkd2"
"Fraietta2018_NR","Nmb"
"Fraietta2018_NR","Nol3"
"Fraietta2018_NR","Npm3"
"Fraietta2018_NR","Npr3"
"Fraietta2018_NR","Nr3c1"
"Fraietta2018_NR","Nr4a3"
"Fraietta2018_NR","Nr5a2"
"Fraietta2018_NR","Nrp2"
"Fraietta2018_NR","Nsdhl"
"Fraietta2018_NR","Ntrk2"
"Fraietta2018_NR","Nup37"
"Fraietta2018_NR","Nup98"
"Fraietta2018_NR","Oasl1"
"Fraietta2018_NR","Oplah"
"Fraietta2018_NR","Orc1"
"Fraietta2018_NR","Orc3"
"Fraietta2018_NR","Orc6"
"Fraietta2018_NR","Osbpl10"
"Fraietta2018_NR","Osmr"
"Fraietta2018_NR","Otud7b"
"Fraietta2018_NR","P4ha2"
"Fraietta2018_NR","Pank1"
"Fraietta2018_NR","Papln"
"Fraietta2018_NR","Pcx"
"Fraietta2018_NR","Pcbp3"
"Fraietta2018_NR","Pcgf2"
"Fraietta2018_NR","Pdcd1"
"Fraietta2018_NR","Pea15a"
"Fraietta2018_NR","Pfkm"
"Fraietta2018_NR","Pgd"
"Fraietta2018_NR","Phka1"
"Fraietta2018_NR","Phlda1"
"Fraietta2018_NR","Phlda2"
"Fraietta2018_NR","Phldb1"
"Fraietta2018_NR","Phlpp1"
"Fraietta2018_NR","Pim3"
"Fraietta2018_NR","Pla1a"
"Fraietta2018_NR","Pla2g4c"
"Fraietta2018_NR","Plat"
"Fraietta2018_NR","Plaur"
"Fraietta2018_NR","Plcg2"
"Fraietta2018_NR","Plin2"
"Fraietta2018_NR","Plin3"
"Fraietta2018_NR","Plk2"
"Fraietta2018_NR","Plk4"
"Fraietta2018_NR","Plod2"
"Fraietta2018_NR","Pls3"
"Fraietta2018_NR","Pltp"
"Fraietta2018_NR","Plxna1"
"Fraietta2018_NR","Plxnb2"
"Fraietta2018_NR","Plxnb3"
"Fraietta2018_NR","Pmaip1"
"Fraietta2018_NR","Pmch"
"Fraietta2018_NR","Pola2"
"Fraietta2018_NR","Pold3"
"Fraietta2018_NR","Pou2af1"
"Fraietta2018_NR","Pparg"
"Fraietta2018_NR","Ppfibp1"
"Fraietta2018_NR","Ppme1"
"Fraietta2018_NR","Ppp1r14b"
"Fraietta2018_NR","Ppp1r15a"
"Fraietta2018_NR","Prdm1"
"Fraietta2018_NR","Prodh"
"Fraietta2018_NR","Pros1"
"Fraietta2018_NR","Prr11"
"Fraietta2018_NR","Prrg4"
"Fraietta2018_NR","Psen2"
"Fraietta2018_NR","Psmd14"
"Fraietta2018_NR","Ptgr1"
"Fraietta2018_NR","Ptpn3"
"Fraietta2018_NR","Pus7"
"Fraietta2018_NR","Pvr"
"Fraietta2018_NR","Rac3"
"Fraietta2018_NR","Racgap1"
"Fraietta2018_NR","Rad51"
"Fraietta2018_NR","Ralb"
"Fraietta2018_NR","Rasgrp4"
"Fraietta2018_NR","Rassf4"
"Fraietta2018_NR","Rbbp8"
"Fraietta2018_NR","Rbbp9"
"Fraietta2018_NR","Rbm19"
"Fraietta2018_NR","Rdh10"
"Fraietta2018_NR","Rfc5"
"Fraietta2018_NR","Rgl1"
"Fraietta2018_NR","Rgs1"
"Fraietta2018_NR","Rgs20"
"Fraietta2018_NR","Rhebl1"
"Fraietta2018_NR","Rhob"
"Fraietta2018_NR","Rhoc"
"Fraietta2018_NR","Rimkla"
"Fraietta2018_NR","Rmi1"
"Fraietta2018_NR","Rnase4"
"Fraietta2018_NR","Rnf19b"
"Fraietta2018_NR","Rrad"
"Fraietta2018_NR","Rrm1"
"Fraietta2018_NR","Rrm2b"
"Fraietta2018_NR","Rrp12"
"Fraietta2018_NR","Rtkn"
"Fraietta2018_NR","Ryr1"
"Fraietta2018_NR","Sall4"
"Fraietta2018_NR","Samd14"
"Fraietta2018_NR","Sass6"
"Fraietta2018_NR","Sav1"
"Fraietta2018_NR","Scaf1"
"Fraietta2018_NR","Scarb1"
"Fraietta2018_NR","Sccpdh"
"Fraietta2018_NR","Scd1"
"Fraietta2018_NR","Scube1"
"Fraietta2018_NR","Sdc1"
"Fraietta2018_NR","Sdc4"
"Fraietta2018_NR","Sectm1a"
"Fraietta2018_NR","Sema3b"
"Fraietta2018_NR","Serpinb8"
"Fraietta2018_NR","Serpine1"
"Fraietta2018_NR","Sfxn1"
"Fraietta2018_NR","Sgcb"
"Fraietta2018_NR","Sgpp2"
"Fraietta2018_NR","Sh2b2"
"Fraietta2018_NR","Sh3tc1"
"Fraietta2018_NR","Shb"
"Fraietta2018_NR","Shc4"
"Fraietta2018_NR","Shcbp1"
"Fraietta2018_NR","Shf"
"Fraietta2018_NR","Shisa3"
"Fraietta2018_NR","Shox2"
"Fraietta2018_NR","Siglece"
"Fraietta2018_NR","Six5"
"Fraietta2018_NR","Ska1"
"Fraietta2018_NR","Slc12a8"
"Fraietta2018_NR","Slc25a23"
"Fraietta2018_NR","Slc27a2"
"Fraietta2018_NR","Slc29a1"
"Fraietta2018_NR","Slc2a1"
"Fraietta2018_NR","Slc35f2"
"Fraietta2018_NR","Slc37a4"
"Fraietta2018_NR","Slc39a1"
"Fraietta2018_NR","Slc41a2"
"Fraietta2018_NR","Slc43a3"
"Fraietta2018_NR","Slc7a5"
"Fraietta2018_NR","Smpdl3a"
"Fraietta2018_NR","Sms"
"Fraietta2018_NR","Snx8"
"Fraietta2018_NR","Snx9"
"Fraietta2018_NR","Socs3"
"Fraietta2018_NR","Sord"
"Fraietta2018_NR","Sox4"
"Fraietta2018_NR","Spag4"
"Fraietta2018_NR","Spag9"
"Fraietta2018_NR","Sparc"
"Fraietta2018_NR","Spats2l"
"Fraietta2018_NR","Spire1"
"Fraietta2018_NR","Spock1"
"Fraietta2018_NR","Sqle"
"Fraietta2018_NR","Srcin1"
"Fraietta2018_NR","Srebf1"
"Fraietta2018_NR","Ssh1"
"Fraietta2018_NR","St3gal4"
"Fraietta2018_NR","Stambp"
"Fraietta2018_NR","Stard4"
"Fraietta2018_NR","Stat3"
"Fraietta2018_NR","Stil"
"Fraietta2018_NR","Stip1"
"Fraietta2018_NR","Syap1"
"Fraietta2018_NR","Syn2"
"Fraietta2018_NR","Tdp1"
"Fraietta2018_NR","Tead4"
"Fraietta2018_NR","Tert"
"Fraietta2018_NR","Tfpi"
"Fraietta2018_NR","Tgfb1i1"
"Fraietta2018_NR","Tgm5"
"Fraietta2018_NR","Thop1"
"Fraietta2018_NR","Ticam1"
"Fraietta2018_NR","Tmco3"
"Fraietta2018_NR","Tmem97"
"Fraietta2018_NR","Tmod1"
"Fraietta2018_NR","Tmprss3"
"Fraietta2018_NR","Tmprss6"
"Fraietta2018_NR","Tnfaip2"
"Fraietta2018_NR","Tnfrsf18"
"Fraietta2018_NR","Tnfrsf19"
"Fraietta2018_NR","Tnfrsf4"
"Fraietta2018_NR","Tnfrsf8"
"Fraietta2018_NR","Tnfrsf9"
"Fraietta2018_NR","Tnfsf4"
"Fraietta2018_NR","Tnnt1"
"Fraietta2018_NR","Tnpo2"
"Fraietta2018_NR","Tns3"
"Fraietta2018_NR","Tox2"
"Fraietta2018_NR","Tppp3"
"Fraietta2018_NR","Traf2"
"Fraietta2018_NR","Traip"
"Fraietta2018_NR","Trib1"
"Fraietta2018_NR","Trim45"
"Fraietta2018_NR","Trim7"
"Fraietta2018_NR","Tsku"
"Fraietta2018_NR","Tspan13"
"Fraietta2018_NR","Tspan33"
"Fraietta2018_NR","Ttbk1"
"Fraietta2018_NR","Ttc7"
"Fraietta2018_NR","Tti2"
"Fraietta2018_NR","Ttll4"
"Fraietta2018_NR","Tubb2b"
"Fraietta2018_NR","Tubb3"
"Fraietta2018_NR","Tubb6"
"Fraietta2018_NR","Twist1"
"Fraietta2018_NR","Usp12"
"Fraietta2018_NR","Usp37"
"Fraietta2018_NR","Vash2"
"Fraietta2018_NR","Vdr"
"Fraietta2018_NR","Vezt"
"Fraietta2018_NR","Vps37c"
"Fraietta2018_NR","Vsig10l"
"Fraietta2018_NR","Vwa1"
"Fraietta2018_NR","Wdhd1"
"Fraietta2018_NR","Wdr36"
"Fraietta2018_NR","Wee1"
"Fraietta2018_NR","Wnt10a"
"Fraietta2018_NR","Wnt11"
"Fraietta2018_NR","Yipf2"
"Fraietta2018_NR","Ywhag"
"Fraietta2018_NR","Zbtb17"
"Fraietta2018_NR","Zbtb32"
"Fraietta2018_NR","Zc3h12c"
"Fraietta2018_NR","Zc3h7a"
"Fraietta2018_NR","Zdhhc9"
"Fraietta2018_NR","Zfp219"
"Fraietta2018_NR","Zfp282"
"Fraietta2018_NR","Zfp438"
"Fraietta2018_NR","Zfp704"
"Fraietta2018_NR","Znrf1"
"Fraietta2018_NR","Zwint"
"Fraietta2018_NR","Lhfp"
"Fraietta2018_NR","Mir155hg"
"Fraietta2018_NR","Gramd3"
"Fraietta2018_NR","Arntl2"
"Fraietta2018_NR","Uhrf1bp1l"
"Fraietta2018_NR","Slc26a10"
"Fraietta2018_NR","H19"
"Fraietta2018_R","Abcb1a"
"Fraietta2018_R","Ablim1"
"Fraietta2018_R","Acsl6"
"Fraietta2018_R","Acss1"
"Fraietta2018_R","Agbl4"
"Fraietta2018_R","Alg1"
"Fraietta2018_R","Amigo2"
"Fraietta2018_R","Ankrd44"
"Fraietta2018_R","Aoah"
"Fraietta2018_R","Apba2"
"Fraietta2018_R","Apoa2"
"Fraietta2018_R","Apol7a"
"Fraietta2018_R","Aqp3"
"Fraietta2018_R","Arhgap32"
"Fraietta2018_R","Arhgef4"
"Fraietta2018_R","Arl15"
"Fraietta2018_R","Armc2"
"Fraietta2018_R","Atf7ip2"
"Fraietta2018_R","Atp10a"
"Fraietta2018_R","Atp8b1"
"Fraietta2018_R","B4galt7"
"Fraietta2018_R","Bcas3"
"Fraietta2018_R","Bcl11b"
"Fraietta2018_R","Bin2"
"Fraietta2018_R","Bola2"
"Fraietta2018_R","0610040J01Rik"
"Fraietta2018_R","C6"
"Fraietta2018_R","1700010I14Rik"
"Fraietta2018_R","Car6"
"Fraietta2018_R","Cacna1c"
"Fraietta2018_R","Cacnb2"
"Fraietta2018_R","Caln1"
"Fraietta2018_R","Camk2g"
"Fraietta2018_R","Camkmt"
"Fraietta2018_R","Casp4"
"Fraietta2018_R","Cblb"
"Fraietta2018_R","Cbll1"
"Fraietta2018_R","Ccdc30"
"Fraietta2018_R","Ccdc39"
"Fraietta2018_R","Ccdc65"
"Fraietta2018_R","Ccdc69"
"Fraietta2018_R","Ccl9"
"Fraietta2018_R","Ccl5"
"Fraietta2018_R","Cd244a"
"Fraietta2018_R","Cd248"
"Fraietta2018_R","Cd27"
"Fraietta2018_R","Cd37"
"Fraietta2018_R","Cd52"
"Fraietta2018_R","Cdh23"
"Fraietta2018_R","Cdhr3"
"Fraietta2018_R","Chmp7"
"Fraietta2018_R","Cldn4"
"Fraietta2018_R","Clec10a"
"Fraietta2018_R","Cntnap2"
"Fraietta2018_R","Coro7"
"Fraietta2018_R","Cr1l"
"Fraietta2018_R","Crabp1"
"Fraietta2018_R","Csmd1"
"Fraietta2018_R","Ctnna3"
"Fraietta2018_R","Cubn"
"Fraietta2018_R","Cyb561"
"Fraietta2018_R","Cyp4v3"
"Fraietta2018_R","Dab1"
"Fraietta2018_R","Dbn1"
"Fraietta2018_R","Dennd2d"
"Fraietta2018_R","Dgkd"
"Fraietta2018_R","Dlg2"
"Fraietta2018_R","Dmap1"
"Fraietta2018_R","Dnai2"
"Fraietta2018_R","Dock9"
"Fraietta2018_R","Dpep2"
"Fraietta2018_R","Dpp10"
"Fraietta2018_R","Dpp6"
"Fraietta2018_R","Dpyd"
"Fraietta2018_R","Dyrk2"
"Fraietta2018_R","Edem2"
"Fraietta2018_R","Eml5"
"Fraietta2018_R","Epb41"
"Fraietta2018_R","Ermn"
"Fraietta2018_R","Erp29"
"Fraietta2018_R","Espn"
"Fraietta2018_R","Fam78a"
"Fraietta2018_R","Fgd3"
"Fraietta2018_R","Fkbp11"
"Fraietta2018_R","Flt3l"
"Fraietta2018_R","Foxp1"
"Fraietta2018_R","Fstl5"
"Fraietta2018_R","Fxn"
"Fraietta2018_R","Gab3"
"Fraietta2018_R","Gabrg3"
"Fraietta2018_R","Galnt13"
"Fraietta2018_R","Galntl6"
"Fraietta2018_R","Gemin8"
"Fraietta2018_R","Gfra2"
"Fraietta2018_R","Glcci1"
"Fraietta2018_R","Glipr2"
"Fraietta2018_R","Golga2"
"Fraietta2018_R","Gpd1l"
"Fraietta2018_R","Gpr155"
"Fraietta2018_R","Gpr89"
"Fraietta2018_R","Grap"
"Fraietta2018_R","Grxcr1"
"Fraietta2018_R","Gsto2"
"Fraietta2018_R","Gtf2ird2"
"Fraietta2018_R","Gzma"
"Fraietta2018_R","Hcst"
"Fraietta2018_R","Hrh4"
"Fraietta2018_R","Hsh2d"
"Fraietta2018_R","Icam2"
"Fraietta2018_R","Il16"
"Fraietta2018_R","Il17ra"
"Fraietta2018_R","Il24"
"Fraietta2018_R","Immp2l"
"Fraietta2018_R","Isg20"
"Fraietta2018_R","Itga6"
"Fraietta2018_R","Kel"
"Fraietta2018_R","2210408I21Rik"
"Fraietta2018_R","Kif27"
"Fraietta2018_R","Kit"
"Fraietta2018_R","Klhdc4"
"Fraietta2018_R","Klhl22"
"Fraietta2018_R","Klrb1a"
"Fraietta2018_R","Klrc1"
"Fraietta2018_R","Klrc3"
"Fraietta2018_R","Kri1"
"Fraietta2018_R","Lhpp"
"Fraietta2018_R","Limd2"
"Fraietta2018_R","6330403K07Rik"
"Fraietta2018_R","Lpar5"
"Fraietta2018_R","Lrp1b"
"Fraietta2018_R","Lrrc4c"
"Fraietta2018_R","Lrrtm4"
"Fraietta2018_R","Ltb"
"Fraietta2018_R","Ly9"
"Fraietta2018_R","Magee1"
"Fraietta2018_R","Matk"
"Fraietta2018_R","Med12l"
"Fraietta2018_R","Mettl7a1"
"Fraietta2018_R","Mfng"
"Fraietta2018_R","Mgat4a"
"Fraietta2018_R","Mrgpra1"
"Fraietta2018_R","Myo1f"
"Fraietta2018_R","Nanos1"
"Fraietta2018_R","Nell2"
"Fraietta2018_R","Nfatc3"
"Fraietta2018_R","Nhsl2"
"Fraietta2018_R","Nlgn1"
"Fraietta2018_R","Nmt2"
"Fraietta2018_R","Nosip"
"Fraietta2018_R","Nrg3"
"Fraietta2018_R","Nsun6"
"Fraietta2018_R","Nuak2"
"Fraietta2018_R","Olfm2"
"Fraietta2018_R","Or5d18"
"Fraietta2018_R","Otud7a"
"Fraietta2018_R","P2rx4"
"Fraietta2018_R","Padi1"
"Fraietta2018_R","Parp8"
"Fraietta2018_R","Parvg"
"Fraietta2018_R","Pde6g"
"Fraietta2018_R","Pdgfra"
"Fraietta2018_R","Pdgfrb"
"Fraietta2018_R","Pecam1"
"Fraietta2018_R","Pitpnc1"
"Fraietta2018_R","Plcl2"
"Fraietta2018_R","Plxdc2"
"Fraietta2018_R","Plxna4"
"Fraietta2018_R","Popdc2"
"Fraietta2018_R","Ppcdc"
"Fraietta2018_R","Ppfibp2"
"Fraietta2018_R","Ppp1r3f"
"Fraietta2018_R","Ppp3ca"
"Fraietta2018_R","Pram1"
"Fraietta2018_R","Prcd"
"Fraietta2018_R","Prkch"
"Fraietta2018_R","Prr16"
"Fraietta2018_R","Prr5"
"Fraietta2018_R","Arhgap8"
"Fraietta2018_R","Prrg2"
"Fraietta2018_R","Ptpn6"
"Fraietta2018_R","Ptprcap"
"Fraietta2018_R","Ptprd"
"Fraietta2018_R","Ptprn2"
"Fraietta2018_R","Pygo1"
"Fraietta2018_R","Rabgap1l"
"Fraietta2018_R","Rabl3"
"Fraietta2018_R","Ralyl"
"Fraietta2018_R","Rasgef1a"
"Fraietta2018_R","Rasgrp2"
"Fraietta2018_R","Rassf1"
"Fraietta2018_R","Rassf3"
"Fraietta2018_R","Rbfox1"
"Fraietta2018_R","Rbms1"
"Fraietta2018_R","Rgs7"
"Fraietta2018_R","Rgs8"
"Fraietta2018_R","Rgs9"
"Fraietta2018_R","Rin3"
"Fraietta2018_R","Rnf43"
"Fraietta2018_R","Rorc"
"Fraietta2018_R","Rpp38"
"Fraietta2018_R","S100a4"
"Fraietta2018_R","S1pr4"
"Fraietta2018_R","Scml4"
"Fraietta2018_R","Sdk2"
"Fraietta2018_R","Serinc5"
"Fraietta2018_R","Serpinf1"
"Fraietta2018_R","Sfmbt2"
"Fraietta2018_R","Shd"
"Fraietta2018_R","Skap1"
"Fraietta2018_R","Slc13a3"
"Fraietta2018_R","Slc14a1"
"Fraietta2018_R","Slc39a10"
"Fraietta2018_R","Slc43a1"
"Fraietta2018_R","Slc44a3"
"Fraietta2018_R","Slc46a3"
"Fraietta2018_R","Slc4a10"
"Fraietta2018_R","Slco2a1"
"Fraietta2018_R","Slco3a1"
"Fraietta2018_R","Slfn14"
"Fraietta2018_R","Sntg1"
"Fraietta2018_R","Sntg2"
"Fraietta2018_R","Soat2"
"Fraietta2018_R","Spink2"
"Fraietta2018_R","Spns2"
"Fraietta2018_R","Spns3"
"Fraietta2018_R","Ssbp3"
"Fraietta2018_R","St6gal1"
"Fraietta2018_R","Stat6"
"Fraietta2018_R","Stk38"
"Fraietta2018_R","Stmn3"
"Fraietta2018_R","Sult2b1"
"Fraietta2018_R","Sumf1"
"Fraietta2018_R","Supt3"
"Fraietta2018_R","Swsap1"
"Fraietta2018_R","Sytl1"
"Fraietta2018_R","Sytl2"
"Fraietta2018_R","Tbx15"
"Fraietta2018_R","Tcf7"
"Fraietta2018_R","Teddm1b"
"Fraietta2018_R","Tigd2"
"Fraietta2018_R","Tjp3"
"Fraietta2018_R","Tle4"
"Fraietta2018_R","Tlr1"
"Fraietta2018_R","Tmem106b"
"Fraietta2018_R","Tmem116"
"Fraietta2018_R","Tnrc6c"
"Fraietta2018_R","Tob1"
"Fraietta2018_R","Trappc6a"
"Fraietta2018_R","Trib2"
"Fraietta2018_R","Trim50"
"Fraietta2018_R","Tspan18"
"Fraietta2018_R","Tspan32"
"Fraietta2018_R","Ttc13"
"Fraietta2018_R","Ttc39c"
"Fraietta2018_R","Ttll11"
"Fraietta2018_R","Twist2"
"Fraietta2018_R","Ubl3"
"Fraietta2018_R","Ulk4"
"Fraietta2018_R","Urgcp"
"Fraietta2018_R","Usp44"
"Fraietta2018_R","Usp50"
"Fraietta2018_R","Usp54"
"Fraietta2018_R","Vcl"
"Fraietta2018_R","Vipr1"
"Fraietta2018_R","Wdr5b"
"Fraietta2018_R","Wdr86"
"Fraietta2018_R","Wipi1"
"Fraietta2018_R","Wnt10b"
"Fraietta2018_R","Xylt1"
"Fraietta2018_R","Zbtb20"
"Fraietta2018_R","Zic4"
"Fraietta2018_R","Zfp617"
"Fraietta2018_R","Zfp160"
"Fraietta2018_R","Zfp729a"
"Fraietta2018_R","Zfp605"
"Fraietta2018_R","Zfp652"
"Fraietta2018_R","Zfp683"
"Fraietta2018_R","Zfp853"
"Fraietta2018_R","Poteg"
"Fraietta2018_R","Hexdc"
"Fraietta2018_R","Ftx"
"Haradhvala2022_NR","Ahsa1"
"Haradhvala2022_NR","Areg"
"Haradhvala2022_NR","Casp1"
"Haradhvala2022_NR","Cited2"
"Haradhvala2022_NR","Cxcr3"
"Haradhvala2022_NR","Dbi"
"Haradhvala2022_NR","Dynlrb1"
"Haradhvala2022_NR","Enc1"
"Haradhvala2022_NR","Gbp5"
"Haradhvala2022_NR","H2-Aa"
"Haradhvala2022_NR","Hmgn2"
"Haradhvala2022_NR","Hmgn3"
"Haradhvala2022_NR","Isg15"
"Haradhvala2022_NR","Mrpl20"
"Haradhvala2022_NR","Ndufaf3"
"Haradhvala2022_NR","Ndufb4"
"Haradhvala2022_NR","Ndufv2"
"Haradhvala2022_NR","Pcbp1"
"Haradhvala2022_NR","Pdcd4"
"Haradhvala2022_NR","Pde3b"
"Haradhvala2022_NR","Pfkfb3"
"Haradhvala2022_NR","Polr2k"
"Haradhvala2022_NR","Prr13"
"Haradhvala2022_NR","Psmb10"
"Haradhvala2022_NR","Psmb8"
"Haradhvala2022_NR","Rnf181"
"Haradhvala2022_NR","Romo1"
"Haradhvala2022_NR","Rrp7a"
"Haradhvala2022_NR","Sec62"
"Haradhvala2022_NR","Srsf2"
"Haradhvala2022_NR","Tnfaip3"
"Haradhvala2022_NR","Tuba1a"
"Haradhvala2022_NR","Vps37b"
"Haradhvala2022_R","Commd6"
"Haradhvala2022_R","Cox7a2"
"Haradhvala2022_R","Cox7c"
"Haradhvala2022_R","Gabarapl1"
"Haradhvala2022_R","Iscu"
"Haradhvala2022_R","Polr2l"
"Haradhvala2022_R","Rbx1"
"Saren2023_NR","Anxa5"
"Saren2023_NR","Arl4c"
"Saren2023_NR","Bach2"
"Saren2023_NR","Btg1"
"Saren2023_NR","Ccl20"
"Saren2023_NR","Ccnd2"
"Saren2023_NR","Ccr2"
"Saren2023_NR","Cd3d"
"Saren2023_NR","Cd40lg"
"Saren2023_NR","Cd44"
"Saren2023_NR","Cd69"
"Saren2023_NR","Cmc1"
"Saren2023_NR","Cox17"
"Saren2023_NR","Cox5b"
"Saren2023_NR","Cox6b1"
"Saren2023_NR","Cpne2"
"Saren2023_NR","Crem"
"Saren2023_NR","Csf2"
"Saren2023_NR","Ctla4"
"Saren2023_NR","Cxcl16"
"Saren2023_NR","Cxcr4"
"Saren2023_NR","Cxcr6"
"Saren2023_NR","Dnajb1"
"Saren2023_NR","Dnajc1"
"Saren2023_NR","Dusp1"
"Saren2023_NR","Dusp2"
"Saren2023_NR","Egr1"
"Saren2023_NR","Entpd1"
"Saren2023_NR","Fabp5"
"Saren2023_NR","Fam177a"
"Saren2023_NR","Fcer1g"
"Saren2023_NR","Fgfr1"
"Saren2023_NR","Fkbp5"
"Saren2023_NR","Fos"
"Saren2023_NR","Fosb"
"Saren2023_NR","Foxp3"
"Saren2023_NR","Furin"
"Saren2023_NR","Glg1"
"Saren2023_NR","Glipr1"
"Saren2023_NR","Gzmk"
"Saren2023_NR","Havcr2"
"Saren2023_NR","Il18r1"
"Saren2023_NR","Il2ra"
"Saren2023_NR","Il7r"
"Saren2023_NR","Iqcg"
"Saren2023_NR","Itgax"
"Saren2023_NR","Klrd1"
"Saren2023_NR","Lamp1"
"Saren2023_NR","Leprotl1"
"Saren2023_NR","Lgals3"
"Saren2023_NR","Pirb"
"Saren2023_NR","Litaf"
"Saren2023_NR","Lyst"
"Saren2023_NR","Map1lc3a"
"Saren2023_NR","Mfsd10"
"Saren2023_NR","Ncr1"
"Saren2023_NR","Ndufa1"
"Saren2023_NR","Ndufa3"
"Saren2023_NR","Nr4a1"
"Saren2023_NR","Nr4a2"
"Saren2023_NR","Nt5e"
"Saren2023_NR","Ost4"
"Saren2023_NR","Pask"
"Saren2023_NR","Pet100"
"Saren2023_NR","Pik3ip1"
"Saren2023_NR","Psmb9"
"Saren2023_NR","Pten"
"Saren2023_NR","Ptgdr2"
"Saren2023_NR","Rbpj"
"Saren2023_NR","Rgs2"
"Saren2023_NR","S1pr1"
"Saren2023_NR","Sec61g"
"Saren2023_NR","Setbp1"
"Saren2023_NR","Sh2d2a"
"Saren2023_NR","Slamf7"
"Saren2023_NR","Snrpg"
"Saren2023_NR","Spock2"
"Saren2023_NR","Tgfb1"
"Saren2023_NR","Tigit"
"Saren2023_NR","Tma7"
"Saren2023_NR","Tmem258"
"Saren2023_NR","Tnfsf14"
"Saren2023_NR","Tnfsf8"
"Saren2023_NR","Tnip3"
"Saren2023_NR","Tsc22d3"
"Saren2023_NR","Tuba4a"
"Saren2023_NR","Tubb2a"
"Saren2023_NR","Txk"
"Saren2023_NR","Ubl5"
"Saren2023_NR","Uqcr10"
"Saren2023_NR","Uqcr11"
"Saren2023_NR","Xcl1"
"Saren2023_NR","Ypel5"
"Saren2023_NR","Zbtb16"
"Saren2023_NR","Zeb2"
"Saren2023_NR","Trac"
"Saren2023_R","Ada"
"Saren2023_R","Aurkb"
"Saren2023_R","Bax"
"Saren2023_R","Ccnb1"
"Saren2023_R","Ccr1"
"Saren2023_R","Ccr5"
"Saren2023_R","Ccr8"
"Saren2023_R","Cd160"
"Saren2023_R","Cd2"
"Saren2023_R","Cd247"
"Saren2023_R","Cd3e"
"Saren2023_R","Cd6"
"Saren2023_R","Cd68"
"Saren2023_R","Cd79b"
"Saren2023_R","Cd86"
"Saren2023_R","Cd8a"
"Saren2023_R","Cd9"
"Saren2023_R","Ctsd"
"Saren2023_R","Ctsw"
"Saren2023_R","Cx3cr1"
"Saren2023_R","Cxcr2"
"Saren2023_R","Dock8"
"Saren2023_R","Dpp4"
"Saren2023_R","Eomes"
"Saren2023_R","F5"
"Saren2023_R","Fasl"
"Saren2023_R","Fn1"
"Saren2023_R","Fosl1"
"Saren2023_R","Foxo1"
"Saren2023_R","Fyn"
"Saren2023_R","Gapdh"
"Saren2023_R","Gimap5"
"Saren2023_R","Gnai2"
"Saren2023_R","H2-Q10"
"Saren2023_R","H2-DMa"
"Saren2023_R","H2-Aa"
"Saren2023_R","H2-Ea"
"Saren2023_R","Ifngr1"
"Saren2023_R","Il12rb1"
"Saren2023_R","Il12rb2"
"Saren2023_R","Il15"
"Saren2023_R","Il5"
"Saren2023_R","Itga4"
"Saren2023_R","Itgam"
"Saren2023_R","Itk"
"Saren2023_R","Lap3"
"Saren2023_R","Lat"
"Saren2023_R","Lck"
"Saren2023_R","Lif"
"Saren2023_R","Lipa"
"Saren2023_R","Ly86"
"Saren2023_R","Lyn"
"Saren2023_R","Mcm4"
"Saren2023_R","Mki67"
"Saren2023_R","Myc"
"Saren2023_R","Nfatc1"
"Saren2023_R","Nfkb1"
"Saren2023_R","Ninj2"
"Saren2023_R","Oas1a"
"Saren2023_R","Pdia6"
"Saren2023_R","Pik3ap1"
"Saren2023_R","Pou2f2"
"Saren2023_R","Ptger4"
"Saren2023_R","Pttg1"
"Saren2023_R","Rora"
"Saren2023_R","Rpn2"
"Saren2023_R","Runx2"
"Saren2023_R","S100a10"
"Saren2023_R","Selplg"
"Saren2023_R","Tbx21"
"Saren2023_R","Tcf4"
"Saren2023_R","Tk1"
"Saren2023_R","Tnfrsf1b"
"Saren2023_R","Tnfsf10"
"Saren2023_R","Top2a"
"Saren2023_R","Tox"
"Saren2023_R","Ube2c"
"Saren2023_R","Vps28"
"Saren2023_R","Fyb"
"Shorer2025_NR","Acap1"
"Shorer2025_NR","Acta2"
"Shorer2025_NR","Add1"
"Shorer2025_NR","Add3"
"Shorer2025_NR","Adipor1"
"Shorer2025_NR","Aff4"
"Shorer2025_NR","Akap11"
"Shorer2025_NR","Aldoa"
"Shorer2025_NR","Ankrd10"
"Shorer2025_NR","Gm21188"
"Shorer2025_NR","Api5"
"Shorer2025_NR","Arap2"
"Shorer2025_NR","Arf6"
"Shorer2025_NR","Arhgap18"
"Shorer2025_NR","Arhgap30"
"Shorer2025_NR","Arhgef9"
"Shorer2025_NR","Arid1b"
"Shorer2025_NR","Arid5b"
"Shorer2025_NR","Arih2"
"Shorer2025_NR","Arl5a"
"Shorer2025_NR","Arl6ip6"
"Shorer2025_NR","Arpc2"
"Shorer2025_NR","Arpc4"
"Shorer2025_NR","Arpp19"
"Shorer2025_NR","Asxl2"
"Shorer2025_NR","Atf6b"
"Shorer2025_NR","Atf7ip"
"Shorer2025_NR","Atg3"
"Shorer2025_NR","Atp2b1"
"Shorer2025_NR","Atp6v0b"
"Shorer2025_NR","Atp6v0e2"
"Shorer2025_NR","Atxn2l"
"Shorer2025_NR","Aup1"
"Shorer2025_NR","Bag1"
"Shorer2025_NR","Bbx"
"Shorer2025_NR","Bccip"
"Shorer2025_NR","Bcl2"
"Shorer2025_NR","Bcl2l11"
"Shorer2025_NR","Birc6"
"Shorer2025_NR","Bloc1s2"
"Shorer2025_NR","Brd4"
"Shorer2025_NR","BC005537"
"Shorer2025_NR","BC005624"
"Shorer2025_NR","Cabin1"
"Shorer2025_NR","Calr"
"Shorer2025_NR","Caml"
"Shorer2025_NR","Capza1"
"Shorer2025_NR","Capzb"
"Shorer2025_NR","Casp1"
"Shorer2025_NR","Casp3"
"Shorer2025_NR","Casp8"
"Shorer2025_NR","Ccdc107"
"Shorer2025_NR","Ccdc14"
"Shorer2025_NR","Ccdc88c"
"Shorer2025_NR","Ccnk"
"Shorer2025_NR","Ccser2"
"Shorer2025_NR","Cd164"
"Shorer2025_NR","Cd46"
"Shorer2025_NR","Cd47"
"Shorer2025_NR","Cd53"
"Shorer2025_NR","Cd83"
"Shorer2025_NR","Cdc37"
"Shorer2025_NR","Cdc42se1"
"Shorer2025_NR","Cdc42se2"
"Shorer2025_NR","Chd2"
"Shorer2025_NR","Chd3"
"Shorer2025_NR","Chmp5"
"Shorer2025_NR","Cib1"
"Shorer2025_NR","Cir1"
"Shorer2025_NR","Cisd2"
"Shorer2025_NR","Ckap2"
"Shorer2025_NR","Cltc"
"Shorer2025_NR","Cmpk1"
"Shorer2025_NR","Cnot2"
"Shorer2025_NR","Cog5"
"Shorer2025_NR","Cops2"
"Shorer2025_NR","Cops5"
"Shorer2025_NR","Cpne1"
"Shorer2025_NR","Cpox"
"Shorer2025_NR","Csde1"
"Shorer2025_NR","Csnk1a1"
"Shorer2025_NR","Csnk1d"
"Shorer2025_NR","Csrp1"
"Shorer2025_NR","Cst3"
"Shorer2025_NR","Ctbp1"
"Shorer2025_NR","Ctdsp1"
"Shorer2025_NR","Cyth1"
"Shorer2025_NR","Dcp2"
"Shorer2025_NR","Ddt"
"Shorer2025_NR","Ddx39a"
"Shorer2025_NR","Ddx5"
"Shorer2025_NR","Derl1"
"Shorer2025_NR","Dido1"
"Shorer2025_NR","Dip2a"
"Shorer2025_NR","Dnajc19"
"Shorer2025_NR","Dr1"
"Shorer2025_NR","Dync1h1"
"Shorer2025_NR","Ech1"
"Shorer2025_NR","Eif2s3x"
"Shorer2025_NR","Eif3a"
"Shorer2025_NR","Eif3d"
"Shorer2025_NR","Eif3e"
"Shorer2025_NR","Eif3l"
"Shorer2025_NR","Eif3m"
"Shorer2025_NR","Eif4b"
"Shorer2025_NR","Eif4g2"
"Shorer2025_NR","Eif5b"
"Shorer2025_NR","Emb"
"Shorer2025_NR","Ensa"
"Shorer2025_NR","Eny2"
"Shorer2025_NR","Ercc5"
"Shorer2025_NR","Ethe1"
"Shorer2025_NR","Ewsr1"
"Shorer2025_NR","F2r"
"Shorer2025_NR","Fam120a"
"Shorer2025_NR","Fam120b"
"Shorer2025_NR","Fam133b"
"Shorer2025_NR","Fam50a"
"Shorer2025_NR","Fbl"
"Shorer2025_NR","Fbxo44"
"Shorer2025_NR","Fbxo7"
"Shorer2025_NR","Fdx1"
"Shorer2025_NR","Fgfr1op2"
"Shorer2025_NR","Fkbp8"
"Shorer2025_NR","Fmnl1"
"Shorer2025_NR","Foxn3"
"Shorer2025_NR","Fubp1"
"Shorer2025_NR","Galnt1"
"Shorer2025_NR","Ghitm"
"Shorer2025_NR","Gimap6"
"Shorer2025_NR","Glo1"
"Shorer2025_NR","Gnai3"
"Shorer2025_NR","Gnas"
"Shorer2025_NR","Golph3"
"Shorer2025_NR","Gpatch8"
"Shorer2025_NR","Gpr68"
"Shorer2025_NR","Gsk3b"
"Shorer2025_NR","Gstk1"
"Shorer2025_NR","Guk1"
"Shorer2025_NR","Heg1"
"Shorer2025_NR","Herc1"
"Shorer2025_NR","Hexim1"
"Shorer2025_NR","Higd2a"
"Shorer2025_NR","Hnrnpc"
"Shorer2025_NR","Hnrnpdl"
"Shorer2025_NR","Hnrnph1"
"Shorer2025_NR","Hnrnph3"
"Shorer2025_NR","Hps3"
"Shorer2025_NR","Hsd17b11"
"Shorer2025_NR","Ier3ip1"
"Shorer2025_NR","Igf2r"
"Shorer2025_NR","Ikzf2"
"Shorer2025_NR","Il6st"
"Shorer2025_NR","Inpp4a"
"Shorer2025_NR","Irf2bpl"
"Shorer2025_NR","Irf3"
"Shorer2025_NR","Isg20l2"
"Shorer2025_NR","Kcnab2"
"Shorer2025_NR","Kdsr"
"Shorer2025_NR","Klf10"
"Shorer2025_NR","Klf3"
"Shorer2025_NR","Klf9"
"Shorer2025_NR","Kmt2c"
"Shorer2025_NR","Kmt2e"
"Shorer2025_NR","Krt10"
"Shorer2025_NR","Ktn1"
"Shorer2025_NR","Lamtor4"
"Shorer2025_NR","Laptm5"
"Shorer2025_NR","Lcp1"
"Shorer2025_NR","Lrba"
"Shorer2025_NR","Man1a2"
"Shorer2025_NR","Manf"
"Shorer2025_NR","Map2k3"
"Shorer2025_NR","Map4"
"Shorer2025_NR","Max"
"Shorer2025_NR","Maz"
"Shorer2025_NR","Mbd6"
"Shorer2025_NR","Mbnl1"
"Shorer2025_NR","Mdh2"
"Shorer2025_NR","Metap2"
"Shorer2025_NR","Mettl9"
"Shorer2025_NR","Mgat1"
"Shorer2025_NR","Mif"
"Shorer2025_NR","Mitd1"
"Shorer2025_NR","Mkrn1"
"Shorer2025_NR","Mlf2"
"Shorer2025_NR","Mob1a"
"Shorer2025_NR","Morf4l1"
"Shorer2025_NR","Mpc1"
"Shorer2025_NR","Mpc2"
"Shorer2025_NR","Msi2"
"Shorer2025_NR","Msn"
"Shorer2025_NR","Mtpn"
"Shorer2025_NR","Myl6"
"Shorer2025_NR","Naa10"
"Shorer2025_NR","Narf"
"Shorer2025_NR","Nbas"
"Shorer2025_NR","Ncor2"
"Shorer2025_NR","Ndufa13"
"Shorer2025_NR","Ndufb10"
"Shorer2025_NR","Ndufb6"
"Shorer2025_NR","Ndufv1"
"Shorer2025_NR","Nfatc2"
"Shorer2025_NR","Nipbl"
"Shorer2025_NR","Nktr"
"Shorer2025_NR","Nlrc5"
"Shorer2025_NR","Nme3"
"Shorer2025_NR","Nmrk1"
"Shorer2025_NR","Nop56"
"Shorer2025_NR","Nt5c3"
"Shorer2025_NR","Nudt4"
"Shorer2025_NR","Oat"
"Shorer2025_NR","Ormdl1"
"Shorer2025_NR","Osbpl8"
"Shorer2025_NR","Oxld1"
"Shorer2025_NR","Pabpc4"
"Shorer2025_NR","Paip2"
"Shorer2025_NR","Pam"
"Shorer2025_NR","Parp9"
"Shorer2025_NR","Pced1b"
"Shorer2025_NR","Pcid2"
"Shorer2025_NR","Pdcl3"
"Shorer2025_NR","Pde7a"
"Shorer2025_NR","Pdia3"
"Shorer2025_NR","Pds5a"
"Shorer2025_NR","Phb2"
"Shorer2025_NR","Phc3"
"Shorer2025_NR","Phf11a"
"Shorer2025_NR","Phf20"
"Shorer2025_NR","Phf20l1"
"Shorer2025_NR","Pin4"
"Shorer2025_NR","Pithd1"
"Shorer2025_NR","Pkn1"
"Shorer2025_NR","Plekhb2"
"Shorer2025_NR","Pold4"
"Shorer2025_NR","Polr3gl"
"Shorer2025_NR","Ppia"
"Shorer2025_NR","Ppm1k"
"Shorer2025_NR","Ppm1m"
"Shorer2025_NR","Ppp1cc"
"Shorer2025_NR","Ppp1r10"
"Shorer2025_NR","Ppp1r12a"
"Shorer2025_NR","Ppp2ca"
"Shorer2025_NR","Ppp2r2b"
"Shorer2025_NR","Ppp5c"
"Shorer2025_NR","Ppp6c"
"Shorer2025_NR","Ppt1"
"Shorer2025_NR","Prkar2a"
"Shorer2025_NR","Prpf40a"
"Shorer2025_NR","Psap"
"Shorer2025_NR","Psd4"
"Shorer2025_NR","Psma7"
"Shorer2025_NR","Ptbp1"
"Shorer2025_NR","Ptdss1"
"Shorer2025_NR","Ptrhd1"
"Shorer2025_NR","R3hdm4"
"Shorer2025_NR","Rab10"
"Shorer2025_NR","Rab18"
"Shorer2025_NR","Rab29"
"Shorer2025_NR","Rab2a"
"Shorer2025_NR","Rab37"
"Shorer2025_NR","Rab5c"
"Shorer2025_NR","Rab6a"
"Shorer2025_NR","Rab8a"
"Shorer2025_NR","Rabggtb"
"Shorer2025_NR","Rac1"
"Shorer2025_NR","Rap1a"
"Shorer2025_NR","Rap1b"
"Shorer2025_NR","Rasa1"
"Shorer2025_NR","Rbck1"
"Shorer2025_NR","Rbl2"
"Shorer2025_NR","Rbm39"
"Shorer2025_NR","Rbm4"
"Shorer2025_NR","Rbmx"
"Shorer2025_NR","Rgs14"
"Shorer2025_NR","Rilpl2"
"Shorer2025_NR","Rnaseh2b"
"Shorer2025_NR","Rnf10"
"Shorer2025_NR","Rnf125"
"Shorer2025_NR","Rnf166"
"Shorer2025_NR","Rnf7"
"Shorer2025_NR","Rnpc3"
"Shorer2025_NR","Rsbn1l"
"Shorer2025_NR","Rsl1d1"
"Shorer2025_NR","Rsrp1"
"Shorer2025_NR","Rtn4"
"Shorer2025_NR","Runx3"
"Shorer2025_NR","Rwdd1"
"Shorer2025_NR","Safb2"
"Shorer2025_NR","Samd3"
"Shorer2025_NR","Samd9l"
"Shorer2025_NR","Samhd1"
"Shorer2025_NR","Sdhb"
"Shorer2025_NR","Sdhd"
"Shorer2025_NR","Serbp1"
"Shorer2025_NR","Setx"
"Shorer2025_NR","Sf3a2"
"Shorer2025_NR","Sf3b5"
"Shorer2025_NR","Sh3bp2"
"Shorer2025_NR","Ska2"
"Shorer2025_NR","Slc20a1"
"Shorer2025_NR","Smad7"
"Shorer2025_NR","Smap1"
"Shorer2025_NR","Smchd1"
"Shorer2025_NR","Snrpa"
"Shorer2025_NR","Snrpd2"
"Shorer2025_NR","Snx3"
"Shorer2025_NR","Sod2"
"Shorer2025_NR","Sorl1"
"Shorer2025_NR","Sp100"
"Shorer2025_NR","Spn"
"Shorer2025_NR","Spsb3"
"Shorer2025_NR","Sra1"
"Shorer2025_NR","Srm"
"Shorer2025_NR","Srp19"
"Shorer2025_NR","Srrt"
"Shorer2025_NR","Srsf1"
"Shorer2025_NR","Srsf10"
"Shorer2025_NR","Srsf4"
"Shorer2025_NR","St3gal1"
"Shorer2025_NR","St8sia4"
"Shorer2025_NR","Stard7"
"Shorer2025_NR","Stim2"
"Shorer2025_NR","Stmn1"
"Shorer2025_NR","Suclg2"
"Shorer2025_NR","Sumo3"
"Shorer2025_NR","Supt20"
"Shorer2025_NR","Syne1"
"Shorer2025_NR","Syt11"
"Shorer2025_NR","Szrd1"
"Shorer2025_NR","Tada3"
"Shorer2025_NR","Taf7"
"Shorer2025_NR","Taok3"
"Shorer2025_NR","Tbc1d1"
"Shorer2025_NR","Tbc1d5"
"Shorer2025_NR","Tes"
"Shorer2025_NR","Tia1"
"Shorer2025_NR","Tkt"
"Shorer2025_NR","Tm9sf2"
"Shorer2025_NR","Tmbim1"
"Shorer2025_NR","Tmed5"
"Shorer2025_NR","Tmem109"
"Shorer2025_NR","Tmem165"
"Shorer2025_NR","Tmem243"
"Shorer2025_NR","Tmem256"
"Shorer2025_NR","Tmod3"
"Shorer2025_NR","Tnfrsf1a"
"Shorer2025_NR","Tomm22"
"Shorer2025_NR","Top1"
"Shorer2025_NR","Tpi1"
"Shorer2025_NR","Traf4"
"Shorer2025_NR","Trim56"
"Shorer2025_NR","Tsen54"
"Shorer2025_NR","Ttc3"
"Shorer2025_NR","Ube2a"
"Shorer2025_NR","Ube2j1"
"Shorer2025_NR","Ube2l3"
"Shorer2025_NR","Ublcp1"
"Shorer2025_NR","Ufc1"
"Shorer2025_NR","Uhmk1"
"Shorer2025_NR","Upf2"
"Shorer2025_NR","Uqcrc2"
"Shorer2025_NR","Uqcrh"
"Shorer2025_NR","Usf2"
"Shorer2025_NR","Usp15"
"Shorer2025_NR","Usp24"
"Shorer2025_NR","Usp34"
"Shorer2025_NR","Usp8"
"Shorer2025_NR","Vasp"
"Shorer2025_NR","Vdac2"
"Shorer2025_NR","Vps13c"
"Shorer2025_NR","Vps26a"
"Shorer2025_NR","Vps29"
"Shorer2025_NR","Wac"
"Shorer2025_NR","Wbp11"
"Shorer2025_NR","Wdr74"
"Shorer2025_NR","Wipf1"
"Shorer2025_NR","Ybx1"
"Shorer2025_NR","Yipf4"
"Shorer2025_NR","Yme1l1"
"Shorer2025_NR","Ythdc1"
"Shorer2025_NR","Ywhae"
"Shorer2025_NR","Ywhaz"
"Shorer2025_NR","Zbtb1"
"Shorer2025_NR","Zbtb38"
"Shorer2025_NR","Zfand6"
"Shorer2025_NR","Zfp90"
"Shorer2025_NR","Zfp207"
"Shorer2025_NR","Zfp428"
"Shorer2025_NR","Zfp511"
"Shorer2025_NR","Zfp800"
"Shorer2025_NR","Znfx1"
"Shorer2025_NR","Mx2"
"Shorer2025_NR","Ankrd36"
"Shorer2025_NR","H3f3a"
"Shorer2025_R","Aak1"
"Shorer2025_R","Aamp"
"Shorer2025_R","Aasdhppt"
"Shorer2025_R","Abcf3"
"Shorer2025_R","Abcg1"
"Shorer2025_R","Abi3"
"Shorer2025_R","Abracl"
"Shorer2025_R","Abt1"
"Shorer2025_R","Acap2"
"Shorer2025_R","Acd"
"Shorer2025_R","Acin1"
"Shorer2025_R","Aco2"
"Shorer2025_R","Acp1"
"Shorer2025_R","Acp5"
"Shorer2025_R","Actn4"
"Shorer2025_R","Actr2"
"Shorer2025_R","Actr3"
"Shorer2025_R","Adam10"
"Shorer2025_R","Adar"
"Shorer2025_R","Adgre5"
"Shorer2025_R","Adgrg1"
"Shorer2025_R","Adh5"
"Shorer2025_R","Adi1"
"Shorer2025_R","Adk"
"Shorer2025_R","Adrb2"
"Shorer2025_R","Adrm1"
"Shorer2025_R","Adsl"
"Shorer2025_R","Afap1l2"
"Shorer2025_R","Ahnak"
"Shorer2025_R","Ahr"
"Shorer2025_R","Aip"
"Shorer2025_R","Akap9"
"Shorer2025_R","Akirin1"
"Shorer2025_R","Akirin2"
"Shorer2025_R","Akna"
"Shorer2025_R","Aktip"
"Shorer2025_R","Amd1"
"Shorer2025_R","Anapc11"
"Shorer2025_R","Anapc16"
"Shorer2025_R","Anapc5"
"Shorer2025_R","Ankrd12"
"Shorer2025_R","Ankrd28"
"Shorer2025_R","Ankrd37"
"Shorer2025_R","Ankrd49"
"Shorer2025_R","Anp32a"
"Shorer2025_R","Anxa11"
"Shorer2025_R","Anxa2"
"Shorer2025_R","Anxa6"
"Shorer2025_R","Anxa7"
"Shorer2025_R","Ap1m1"
"Shorer2025_R","Ap2b1"
"Shorer2025_R","Ap2m1"
"Shorer2025_R","Ap2s1"
"Shorer2025_R","Apbb1ip"
"Shorer2025_R","Aph1a"
"Shorer2025_R","Apobec3"
"Shorer2025_R","Arf4"
"Shorer2025_R","Arf5"
"Shorer2025_R","Arfgap2"
"Shorer2025_R","Arhgap15"
"Shorer2025_R","Arhgap25"
"Shorer2025_R","Arhgap4"
"Shorer2025_R","Arhgap9"
"Shorer2025_R","Arhgdia"
"Shorer2025_R","Arhgdib"
"Shorer2025_R","Arhgef1"
"Shorer2025_R","Arhgef3"
"Shorer2025_R","Arid4b"
"Shorer2025_R","Arid5a"
"Shorer2025_R","Arih1"
"Shorer2025_R","Arl14ep"
"Shorer2025_R","Arl2bp"
"Shorer2025_R","Arl4a"
"Shorer2025_R","Arl6ip4"
"Shorer2025_R","Arl6ip5"
"Shorer2025_R","Arpc1a"
"Shorer2025_R","Arpc1b"
"Shorer2025_R","Arpc3"
"Shorer2025_R","Arpc5"
"Shorer2025_R","Arpc5l"
"Shorer2025_R","Arrb2"
"Shorer2025_R","Arrdc3"
"Shorer2025_R","Asb2"
"Shorer2025_R","Asf1a"
"Shorer2025_R","Asnsd1"
"Shorer2025_R","Atf3"
"Shorer2025_R","Atf4"
"Shorer2025_R","Atm"
"Shorer2025_R","Atp10d"
"Shorer2025_R","Atp1a1"
"Shorer2025_R","Atp1b3"
"Shorer2025_R","Atp2a3"
"Shorer2025_R","Atp2b4"
"Shorer2025_R","Atp6ap2"
"Shorer2025_R","Atp6v0d1"
"Shorer2025_R","Atp6v0e"
"Shorer2025_R","Atp6v1e1"
"Shorer2025_R","Atp6v1f"
"Shorer2025_R","Atp6v1g1"
"Shorer2025_R","Atp8a1"
"Shorer2025_R","Atrx"
"Shorer2025_R","Aurkaip1"
"Shorer2025_R","Auts2"
"Shorer2025_R","Azin1"
"Shorer2025_R","B3gnt2"
"Shorer2025_R","B4galt1"
"Shorer2025_R","Bach1"
"Shorer2025_R","Bag3"
"Shorer2025_R","Bag6"
"Shorer2025_R","Banf1"
"Shorer2025_R","Banp"
"Shorer2025_R","Baz1a"
"Shorer2025_R","Bcas2"
"Shorer2025_R","Bcl2l1"
"Shorer2025_R","Bcl3"
"Shorer2025_R","Bclaf1"
"Shorer2025_R","Bhlhe40"
"Shorer2025_R","Bin1"
"Shorer2025_R","Birc2"
"Shorer2025_R","Bloc1s1"
"Shorer2025_R","Blvra"
"Shorer2025_R","Bptf"
"Shorer2025_R","Brd2"
"Shorer2025_R","Brk1"
"Shorer2025_R","Bsg"
"Shorer2025_R","Bst2"
"Shorer2025_R","Btf3"
"Shorer2025_R","Btf3l4"
"Shorer2025_R","Btg2"
"Shorer2025_R","Bud31"
"Shorer2025_R","Bzw1"
"Shorer2025_R","1110004F10Rik"
"Shorer2025_R","Grcc10"
"Shorer2025_R","1500009L16Rik"
"Shorer2025_R","1700123O20Rik"
"Shorer2025_R","AI467606"
"Shorer2025_R","0610010K14Rik"
"Shorer2025_R","C1d"
"Shorer2025_R","C1qbp"
"Shorer2025_R","4933434E20Rik"
"Shorer2025_R","D16Ertd472e"
"Shorer2025_R","1810037I17Rik"
"Shorer2025_R","Gm1673"
"Shorer2025_R","Cacybp"
"Shorer2025_R","Calm2"
"Shorer2025_R","Calm3"
"Shorer2025_R","Camk4"
"Shorer2025_R","Cant1"
"Shorer2025_R","Canx"
"Shorer2025_R","Cap1"
"Shorer2025_R","Capn2"
"Shorer2025_R","Capza2"
"Shorer2025_R","Carhsp1"
"Shorer2025_R","Cast"
"Shorer2025_R","Cbx3"
"Shorer2025_R","Ccdc115"
"Shorer2025_R","Ccdc12"
"Shorer2025_R","Ccdc167"
"Shorer2025_R","Ccdc174"
"Shorer2025_R","Ccdc28a"
"Shorer2025_R","Ccdc59"
"Shorer2025_R","Ccdc85b"
"Shorer2025_R","Ccdc90b"
"Shorer2025_R","Ccm2"
"Shorer2025_R","Ccnd3"
"Shorer2025_R","Ccndbp1"
"Shorer2025_R","Ccnh"
"Shorer2025_R","Ccnl1"
"Shorer2025_R","Ccnt1"
"Shorer2025_R","Ccpg1"
"Shorer2025_R","Cct3"
"Shorer2025_R","Cct4"
"Shorer2025_R","Cct5"
"Shorer2025_R","Cct6a"
"Shorer2025_R","Cct7"
"Shorer2025_R","Cct8"
"Shorer2025_R","Cd28"
"Shorer2025_R","Cd2bp2"
"Shorer2025_R","Cd38"
"Shorer2025_R","Cd3g"
"Shorer2025_R","Cd48"
"Shorer2025_R","Cd55"
"Shorer2025_R","Cd59b"
"Shorer2025_R","Cd63"
"Shorer2025_R","Cd82"
"Shorer2025_R","Cd84"
"Shorer2025_R","Cd96"
"Shorer2025_R","Cdc123"
"Shorer2025_R","Cdc14a"
"Shorer2025_R","Cdc26"
"Shorer2025_R","Cdc37l1"
"Shorer2025_R","Cdc40"
"Shorer2025_R","Cdc42ep3"
"Shorer2025_R","Cdipt"
"Shorer2025_R","Cdk16"
"Shorer2025_R","Cdk17"
"Shorer2025_R","Cdk2ap2"
"Shorer2025_R","Cdkn1b"
"Shorer2025_R","Cdkn2a"
"Shorer2025_R","Cdkn2d"
"Shorer2025_R","Cebpd"
"Shorer2025_R","Cebpz"
"Shorer2025_R","Celf2"
"Shorer2025_R","Cenpc1"
"Shorer2025_R","Cenpe"
"Shorer2025_R","Cep57"
"Shorer2025_R","Cflar"
"Shorer2025_R","Chchd2"
"Shorer2025_R","Chchd7"
"Shorer2025_R","Chd1"
"Shorer2025_R","Chic2"
"Shorer2025_R","Chmp1b"
"Shorer2025_R","Chmp2a"
"Shorer2025_R","Chordc1"
"Shorer2025_R","Chst11"
"Shorer2025_R","Chst12"
"Shorer2025_R","Chtf8"
"Shorer2025_R","Chtop"
"Shorer2025_R","Churc1"
"Shorer2025_R","Ciao1"
"Shorer2025_R","Cirbp"
"Shorer2025_R","Cish"
"Shorer2025_R","Cklf"
"Shorer2025_R","Cks2"
"Shorer2025_R","Cldnd1"
"Shorer2025_R","Clic1"
"Shorer2025_R","Clic3"
"Shorer2025_R","Clk1"
"Shorer2025_R","Clk4"
"Shorer2025_R","Clns1a"
"Shorer2025_R","Clstn3"
"Shorer2025_R","Clta"
"Shorer2025_R","Cltb"
"Shorer2025_R","Cmc2"
"Shorer2025_R","Cmip"
"Shorer2025_R","Cmss1"
"Shorer2025_R","Cmtm3"
"Shorer2025_R","Cmtm6"
"Shorer2025_R","Cmtm7"
"Shorer2025_R","Cnbp"
"Shorer2025_R","Cnih1"
"Shorer2025_R","Cnn2"
"Shorer2025_R","Cnot6l"
"Shorer2025_R","Cnot7"
"Shorer2025_R","Cnot8"
"Shorer2025_R","Cnppd1"
"Shorer2025_R","Cnpy3"
"Shorer2025_R","Coa3"
"Shorer2025_R","Commd5"
"Shorer2025_R","Commd7"
"Shorer2025_R","Commd8"
"Shorer2025_R","Copb2"
"Shorer2025_R","Cope"
"Shorer2025_R","Cops6"
"Shorer2025_R","Cops8"
"Shorer2025_R","Copz1"
"Shorer2025_R","Coro1a"
"Shorer2025_R","Cotl1"
"Shorer2025_R","Cox16"
"Shorer2025_R","Cox20"
"Shorer2025_R","Cox5a"
"Shorer2025_R","Cox6a1"
"Shorer2025_R","Cox6c"
"Shorer2025_R","Cox7a2l"
"Shorer2025_R","Cox7b"
"Shorer2025_R","Cox8a"
"Shorer2025_R","Cpne3"
"Shorer2025_R","Crbn"
"Shorer2025_R","Crebzf"
"Shorer2025_R","Crim1"
"Shorer2025_R","Crip1"
"Shorer2025_R","Cript"
"Shorer2025_R","Crtam"
"Shorer2025_R","Csf1"
"Shorer2025_R","Csk"
"Shorer2025_R","Cstb"
"Shorer2025_R","Ctnnb1"
"Shorer2025_R","Ctr9"
"Shorer2025_R","Ctsa"
"Shorer2025_R","Ctsh"
"Shorer2025_R","Cwc15"
"Shorer2025_R","Cyb5r3"
"Shorer2025_R","Cyba"
"Shorer2025_R","Cyc1"
"Shorer2025_R","Cycs"
"Shorer2025_R","Cyfip2"
"Shorer2025_R","Cyld"
"Shorer2025_R","Cyp20a1"
"Shorer2025_R","Cystm1"
"Shorer2025_R","Cyth4"
"Shorer2025_R","Dad1"
"Shorer2025_R","Dazap2"
"Shorer2025_R","Dbf4"
"Shorer2025_R","Dbnl"
"Shorer2025_R","Dcaf7"
"Shorer2025_R","Dctn2"
"Shorer2025_R","Dcxr"
"Shorer2025_R","Ddb1"
"Shorer2025_R","Ddit3"
"Shorer2025_R","Ddost"
"Shorer2025_R","Ddrgk1"
"Shorer2025_R","Ddx17"
"Shorer2025_R","Ddx18"
"Shorer2025_R","Ddx21"
"Shorer2025_R","Ddx27"
"Shorer2025_R","Ddx3x"
"Shorer2025_R","Ddx46"
"Shorer2025_R","Ddx56"
"Shorer2025_R","Dedd2"
"Shorer2025_R","Def6"
"Shorer2025_R","Dennd1b"
"Shorer2025_R","Denr"
"Shorer2025_R","Derl2"
"Shorer2025_R","Dguok"
"Shorer2025_R","Dhx30"
"Shorer2025_R","Diaph1"
"Shorer2025_R","Dkk3"
"Shorer2025_R","Dld"
"Shorer2025_R","Dnaja1"
"Shorer2025_R","Dnajb4"
"Shorer2025_R","Dnajb6"
"Shorer2025_R","Dnajb9"
"Shorer2025_R","Dnajc15"
"Shorer2025_R","Dnajc8"
"Shorer2025_R","Dnph1"
"Shorer2025_R","Dnttip2"
"Shorer2025_R","Dock10"
"Shorer2025_R","Dok2"
"Shorer2025_R","Dpf2"
"Shorer2025_R","Dpy30"
"Shorer2025_R","Drap1"
"Shorer2025_R","Drg1"
"Shorer2025_R","Dstn"
"Shorer2025_R","Dthd1"
"Shorer2025_R","Dusp10"
"Shorer2025_R","Dusp11"
"Shorer2025_R","Dusp16"
"Shorer2025_R","Dusp5"
"Shorer2025_R","Dut"
"Shorer2025_R","Dynll1"
"Shorer2025_R","Dynlt1b"
"Shorer2025_R","Dynlt3"
"Shorer2025_R","Dzip3"
"Shorer2025_R","Eapp"
"Shorer2025_R","Echdc1"
"Shorer2025_R","Edf1"
"Shorer2025_R","Eef1b2"
"Shorer2025_R","Eef1d"
"Shorer2025_R","Eef2"
"Shorer2025_R","Efcab14"
"Shorer2025_R","Efhd2"
"Shorer2025_R","Eid1"
"Shorer2025_R","Eif1ax"
"Shorer2025_R","Eif1b"
"Shorer2025_R","Eif2ak2"
"Shorer2025_R","Eif2s1"
"Shorer2025_R","Eif3f"
"Shorer2025_R","Eif3h"
"Shorer2025_R","Eif3i"
"Shorer2025_R","Eif3j1"
"Shorer2025_R","Eif4a1"
"Shorer2025_R","Eif4a2"
"Shorer2025_R","Eif4a3"
"Shorer2025_R","Eif4e"
"Shorer2025_R","Eif4e2"
"Shorer2025_R","Eif4g1"
"Shorer2025_R","Eif5"
"Shorer2025_R","Eif5a"
"Shorer2025_R","Eif6"
"Shorer2025_R","Elavl1"
"Shorer2025_R","Elf1"
"Shorer2025_R","Elovl1"
"Shorer2025_R","Elovl5"
"Shorer2025_R","Elp5"
"Shorer2025_R","Emc10"
"Shorer2025_R","Emc3"
"Shorer2025_R","Emc4"
"Shorer2025_R","Emc6"
"Shorer2025_R","Emc7"
"Shorer2025_R","Emd"
"Shorer2025_R","Eml4"
"Shorer2025_R","Emp3"
"Shorer2025_R","Epc1"
"Shorer2025_R","Epsti1"
"Shorer2025_R","Erf"
"Shorer2025_R","Erh"
"Shorer2025_R","Erlec1"
"Shorer2025_R","Erp44"
"Shorer2025_R","Etf1"
"Shorer2025_R","Ets1"
"Shorer2025_R","Evi2a"
"Shorer2025_R","Evl"
"Shorer2025_R","Exoc2"
"Shorer2025_R","Ezr"
"Shorer2025_R","Fadd"
"Shorer2025_R","Fam118a"
"Shorer2025_R","Fam32a"
"Shorer2025_R","Fam3c"
"Shorer2025_R","Fam53c"
"Shorer2025_R","Farsa"
"Shorer2025_R","Fas"
"Shorer2025_R","Fau"
"Shorer2025_R","Fbxo32"
"Shorer2025_R","Fbxw2"
"Shorer2025_R","Fdft1"
"Shorer2025_R","Fermt3"
"Shorer2025_R","Fip1l1"
"Shorer2025_R","Fis1"
"Shorer2025_R","Fkbp1a"
"Shorer2025_R","Fkbp2"
"Shorer2025_R","Fkbp4"
"Shorer2025_R","Fli1"
"Shorer2025_R","Flna"
"Shorer2025_R","Fnta"
"Shorer2025_R","Fosl2"
"Shorer2025_R","Frg1"
"Shorer2025_R","Fus"
"Shorer2025_R","Fut8"
"Shorer2025_R","Fxyd2"
"Shorer2025_R","G3bp1"
"Shorer2025_R","G3bp2"
"Shorer2025_R","G6pdx"
"Shorer2025_R","Gabarap"
"Shorer2025_R","Gabarapl2"
"Shorer2025_R","Gadd45b"
"Shorer2025_R","Gadd45g"
"Shorer2025_R","Gadd45gip1"
"Shorer2025_R","Galm"
"Shorer2025_R","Galnt2"
"Shorer2025_R","Gata3"
"Shorer2025_R","Gatc"
"Shorer2025_R","Gbp2"
"Shorer2025_R","Gbp3"
"Shorer2025_R","Gcc2"
"Shorer2025_R","Gcdh"
"Shorer2025_R","Gch1"
"Shorer2025_R","Gcnt1"
"Shorer2025_R","Gfi1"
"Shorer2025_R","Gga2"
"Shorer2025_R","Gid8"
"Shorer2025_R","Gimap4"
"Shorer2025_R","Gimap7"
"Shorer2025_R","Gla"
"Shorer2025_R","Glod4"
"Shorer2025_R","Gls"
"Shorer2025_R","Glud1"
"Shorer2025_R","Glul"
"Shorer2025_R","Gmfg"
"Shorer2025_R","Gng2"
"Shorer2025_R","Gng5"
"Shorer2025_R","Gnl1"
"Shorer2025_R","Golga4"
"Shorer2025_R","Golim4"
"Shorer2025_R","Gpbp1"
"Shorer2025_R","Gpcpd1"
"Shorer2025_R","Gpi1"
"Shorer2025_R","Gpr15"
"Shorer2025_R","Gpr171"
"Shorer2025_R","Gpr174"
"Shorer2025_R","Gpr183"
"Shorer2025_R","Gpr65"
"Shorer2025_R","Gprin3"
"Shorer2025_R","Gpsm3"
"Shorer2025_R","Gramd1a"
"Shorer2025_R","Grap2"
"Shorer2025_R","Grsf1"
"Shorer2025_R","Gspt1"
"Shorer2025_R","Gstm2"
"Shorer2025_R","Gsto1"
"Shorer2025_R","Gstp1"
"Shorer2025_R","Gtf2a2"
"Shorer2025_R","Gtf2b"
"Shorer2025_R","Gtf2f1"
"Shorer2025_R","Gtf3a"
"Shorer2025_R","Gtf3c1"
"Shorer2025_R","Gtf3c6"
"Shorer2025_R","Gyg"
"Shorer2025_R","Gzmm"
"Shorer2025_R","Hacd3"
"Shorer2025_R","Hacd4"
"Shorer2025_R","Hadha"
"Shorer2025_R","Haus3"
"Shorer2025_R","Hax1"
"Shorer2025_R","Hbp1"
"Shorer2025_R","Hcls1"
"Shorer2025_R","Hdac1"
"Shorer2025_R","Hdlbp"
"Shorer2025_R","Hectd2"
"Shorer2025_R","Herc2"
"Shorer2025_R","Herpud1"
"Shorer2025_R","Herpud2"
"Shorer2025_R","Hgsnat"
"Shorer2025_R","Hint1"
"Shorer2025_R","H2-M3"
"Shorer2025_R","H13"
"Shorer2025_R","Hmgb1"
"Shorer2025_R","Hmgb2"
"Shorer2025_R","Hmgn1"
"Shorer2025_R","Hmox2"
"Shorer2025_R","Hnrnpa0"
"Shorer2025_R","Hnrnpll"
"Shorer2025_R","Hnrnpm"
"Shorer2025_R","Hnrnpr"
"Shorer2025_R","Hnrnpu"
"Shorer2025_R","Hnrnpul1"
"Shorer2025_R","Hsbp1"
"Shorer2025_R","Hsd17b10"
"Shorer2025_R","Hsp90b1"
"Shorer2025_R","Hspa1a"
"Shorer2025_R","Hspa5"
"Shorer2025_R","Hspa8"
"Shorer2025_R","Hspb1"
"Shorer2025_R","Hspb11"
"Shorer2025_R","Icos"
"Shorer2025_R","Idh2"
"Shorer2025_R","Idi1"
"Shorer2025_R","Ids"
"Shorer2025_R","Ier2"
"Shorer2025_R","Ier5"
"Shorer2025_R","Ier5l"
"Shorer2025_R","Iffo2"
"Shorer2025_R","Ifi27"
"Shorer2025_R","Ifi27l2a"
"Shorer2025_R","Ifi35"
"Shorer2025_R","Ifi44l"
"Shorer2025_R","Ifnar2"
"Shorer2025_R","Ifrd1"
"Shorer2025_R","Igflr1"
"Shorer2025_R","Ik"
"Shorer2025_R","Ikzf1"
"Shorer2025_R","Ikzf3"
"Shorer2025_R","Il10ra"
"Shorer2025_R","Il21r"
"Shorer2025_R","Il2rb"
"Shorer2025_R","Il2rg"
"Shorer2025_R","Il4ra"
"Shorer2025_R","Il9r"
"Shorer2025_R","Ilf2"
"Shorer2025_R","Ilk"
"Shorer2025_R","Imp3"
"Shorer2025_R","Impdh2"
"Shorer2025_R","Inpp4b"
"Shorer2025_R","Inpp5d"
"Shorer2025_R","Iqgap1"
"Shorer2025_R","Iqgap2"
"Shorer2025_R","Irf1"
"Shorer2025_R","Irf2"
"Shorer2025_R","Irf2bp2"
"Shorer2025_R","Irf7"
"Shorer2025_R","Isca1"
"Shorer2025_R","Itga1"
"Shorer2025_R","Itgae"
"Shorer2025_R","Itgal"
"Shorer2025_R","Itgb1"
"Shorer2025_R","Itgb1bp1"
"Shorer2025_R","Itgb2"
"Shorer2025_R","Itgb7"
"Shorer2025_R","Itm2a"
"Shorer2025_R","Itpr1"
"Shorer2025_R","Ivns1abp"
"Shorer2025_R","Jak1"
"Shorer2025_R","Jaml"
"Shorer2025_R","Jmjd1c"
"Shorer2025_R","Jmjd6"
"Shorer2025_R","Jmy"
"Shorer2025_R","Josd1"
"Shorer2025_R","Jtb"
"Shorer2025_R","Jund"
"Shorer2025_R","Kbtbd2"
"Shorer2025_R","Kcna3"
"Shorer2025_R","Kdelr2"
"Shorer2025_R","Kdm2a"
"Shorer2025_R","Kdm5a"
"Shorer2025_R","Kdm6b"
"Shorer2025_R","Kir3dl2"
"Shorer2025_R","Klf2"
"Shorer2025_R","Klf6"
"Shorer2025_R","Klhdc2"
"Shorer2025_R","Klrc1"
"Shorer2025_R","Klrc3"
"Shorer2025_R","Klrk1"
"Shorer2025_R","Kpna1"
"Shorer2025_R","Kpna2"
"Shorer2025_R","Kpnb1"
"Shorer2025_R","Krtcap2"
"Shorer2025_R","Lamtor1"
"Shorer2025_R","Lamtor2"
"Shorer2025_R","Lamtor3"
"Shorer2025_R","Lamtor5"
"Shorer2025_R","Laptm4a"
"Shorer2025_R","Lasp1"
"Shorer2025_R","Layn"
"Shorer2025_R","Lcp2"
"Shorer2025_R","Ldha"
"Shorer2025_R","Ldhb"
"Shorer2025_R","Ldlrad4"
"Shorer2025_R","Leng8"
"Shorer2025_R","Lgals1"
"Shorer2025_R","Lime1"
"Shorer2025_R","Lman2"
"Shorer2025_R","Lnpep"
"Shorer2025_R","Lpxn"
"Shorer2025_R","Lrif1"
"Shorer2025_R","Lrp10"
"Shorer2025_R","Lrpap1"
"Shorer2025_R","Lrrc41"
"Shorer2025_R","Lrrc47"
"Shorer2025_R","Lrrfip1"
"Shorer2025_R","Lsm1"
"Shorer2025_R","Lsm10"
"Shorer2025_R","Lsm2"
"Shorer2025_R","Lsm3"
"Shorer2025_R","Lsm5"
"Shorer2025_R","Lsm6"
"Shorer2025_R","Lsm7"
"Shorer2025_R","Lsm8"
"Shorer2025_R","Lsp1"
"Shorer2025_R","Luc7l3"
"Shorer2025_R","Ly6e"
"Shorer2025_R","Lyar"
"Shorer2025_R","Macf1"
"Shorer2025_R","Mad2l2"
"Shorer2025_R","Maf"
"Shorer2025_R","Maged2"
"Shorer2025_R","Magoh"
"Shorer2025_R","Map1lc3b"
"Shorer2025_R","Map2k2"
"Shorer2025_R","Map3k8"
"Shorer2025_R","Map4k1"
"Shorer2025_R","Map7d1"
"Shorer2025_R","Mapk1"
"Shorer2025_R","Mapk1ip1l"
"Shorer2025_R","Mapre1"
"Shorer2025_R","Mapre2"
"Shorer2025_R","Marcksl1"
"Shorer2025_R","Mat2a"
"Shorer2025_R","Mat2b"
"Shorer2025_R","Mbnl2"
"Shorer2025_R","Mbp"
"Shorer2025_R","Mcl1"
"Shorer2025_R","Mcoln2"
"Shorer2025_R","Mdfic"
"Shorer2025_R","Mdh1"
"Shorer2025_R","Mea1"
"Shorer2025_R","Meaf6"
"Shorer2025_R","Med10"
"Shorer2025_R","Med28"
"Shorer2025_R","Med30"
"Shorer2025_R","Med4"
"Shorer2025_R","Metrnl"
"Shorer2025_R","Mgst3"
"Shorer2025_R","Mia3"
"Shorer2025_R","Midn"
"Shorer2025_R","Mien1"
"Shorer2025_R","Mis18bp1"
"Shorer2025_R","Mlec"
"Shorer2025_R","Mllt3"
"Shorer2025_R","Mmadhc"
"Shorer2025_R","Morf4l2"
"Shorer2025_R","Mphosph8"
"Shorer2025_R","Mrfap1"
"Shorer2025_R","Mrpl10"
"Shorer2025_R","Mrpl13"
"Shorer2025_R","Mrpl16"
"Shorer2025_R","Mrpl17"
"Shorer2025_R","Mrpl18"
"Shorer2025_R","Mrpl21"
"Shorer2025_R","Mrpl22"
"Shorer2025_R","Mrpl28"
"Shorer2025_R","Mrpl33"
"Shorer2025_R","Mrpl4"
"Shorer2025_R","Mrpl41"
"Shorer2025_R","Mrpl43"
"Shorer2025_R","Mrpl47"
"Shorer2025_R","Mrpl51"
"Shorer2025_R","Mrpl52"
"Shorer2025_R","Mrpl55"
"Shorer2025_R","Mrpl57"
"Shorer2025_R","Mrpl9"
"Shorer2025_R","Mrps12"
"Shorer2025_R","Mrps15"
"Shorer2025_R","Mrps16"
"Shorer2025_R","Mrps18c"
"Shorer2025_R","Mrps2"
"Shorer2025_R","Mrps26"
"Shorer2025_R","Mrps34"
"Shorer2025_R","Mrps36"
"Shorer2025_R","Mrps6"
"Shorer2025_R","Mrps7"
"Shorer2025_R","Mt1"
"Shorer2025_R","Mtch2"
"Shorer2025_R","Mtdh"
"Shorer2025_R","Mterf4"
"Shorer2025_R","Mtmr6"
"Shorer2025_R","Mtss1"
"Shorer2025_R","Mvp"
"Shorer2025_R","Mx2"
"Shorer2025_R","Myadm"
"Shorer2025_R","Mydgf"
"Shorer2025_R","Myh9"
"Shorer2025_R","Myl12a"
"Shorer2025_R","Myl12b"
"Shorer2025_R","Mylip"
"Shorer2025_R","Myo1g"
"Shorer2025_R","Myo9b"
"Shorer2025_R","Mzt2"
"Shorer2025_R","N4bp2l2"
"Shorer2025_R","Naa20"
"Shorer2025_R","Naa38"
"Shorer2025_R","Naa50"
"Shorer2025_R","Nab1"
"Shorer2025_R","Naca"
"Shorer2025_R","Nagk"
"Shorer2025_R","Nap1l1"
"Shorer2025_R","Nap1l4"
"Shorer2025_R","Napa"
"Shorer2025_R","Nbeal1"
"Shorer2025_R","Nbl1"
"Shorer2025_R","Nbr1"
"Shorer2025_R","Ncf4"
"Shorer2025_R","Ncor1"
"Shorer2025_R","Ndel1"
"Shorer2025_R","Ndufa12"
"Shorer2025_R","Ndufa2"
"Shorer2025_R","Ndufa4"
"Shorer2025_R","Ndufa5"
"Shorer2025_R","Ndufa6"
"Shorer2025_R","Ndufa8"
"Shorer2025_R","Ndufab1"
"Shorer2025_R","Ndufb1"
"Shorer2025_R","Ndufb2"
"Shorer2025_R","Ndufb3"
"Shorer2025_R","Ndufb7"
"Shorer2025_R","Ndufb9"
"Shorer2025_R","Ndufc1"
"Shorer2025_R","Ndufs2"
"Shorer2025_R","Ndufs3"
"Shorer2025_R","Ndufs5"
"Shorer2025_R","Ndufs6"
"Shorer2025_R","Ndufs7"
"Shorer2025_R","Ndufs8"
"Shorer2025_R","Necap2"
"Shorer2025_R","Nedd8"
"Shorer2025_R","Nelfcd"
"Shorer2025_R","Nelfe"
"Shorer2025_R","Nemf"
"Shorer2025_R","Neu1"
"Shorer2025_R","Nfe2l2"
"Shorer2025_R","Nfkbia"
"Shorer2025_R","Nfkbiz"
"Shorer2025_R","Nfu1"
"Shorer2025_R","Ngdn"
"Shorer2025_R","Ngrn"
"Shorer2025_R","Nhp2"
"Shorer2025_R","Nkap"
"Shorer2025_R","Nme2"
"Shorer2025_R","Nob1"
"Shorer2025_R","Noc2l"
"Shorer2025_R","Nol7"
"Shorer2025_R","Nol8"
"Shorer2025_R","Nop10"
"Shorer2025_R","Nop58"
"Shorer2025_R","Nr1d2"
"Shorer2025_R","Nr1h2"
"Shorer2025_R","Nrbf2"
"Shorer2025_R","Nsfl1c"
"Shorer2025_R","Nsmce3"
"Shorer2025_R","Nucb1"
"Shorer2025_R","Nucks1"
"Shorer2025_R","Nudc"
"Shorer2025_R","Nudcd2"
"Shorer2025_R","Nudt16l1"
"Shorer2025_R","Nudt21"
"Shorer2025_R","Nutf2"
"Shorer2025_R","Nxt1"
"Shorer2025_R","Ociad2"
"Shorer2025_R","Odc1"
"Shorer2025_R","Odf2l"
"Shorer2025_R","Ogfr"
"Shorer2025_R","Ogt"
"Shorer2025_R","Optn"
"Shorer2025_R","Ormdl3"
"Shorer2025_R","Os9"
"Shorer2025_R","Ostc"
"Shorer2025_R","Ostf1"
"Shorer2025_R","Otub1"
"Shorer2025_R","Ovca2"
"Shorer2025_R","Oxct1"
"Shorer2025_R","Oxnad1"
"Shorer2025_R","P2ry10"
"Shorer2025_R","P4hb"
"Shorer2025_R","Pa2g4"
"Shorer2025_R","Pabpc1"
"Shorer2025_R","Pacsin2"
"Shorer2025_R","Paf1"
"Shorer2025_R","Pag1"
"Shorer2025_R","Pak2"
"Shorer2025_R","Park7"
"Shorer2025_R","Parp1"
"Shorer2025_R","Parp14"
"Shorer2025_R","Parp4"
"Shorer2025_R","Pbxip1"
"Shorer2025_R","Pcnp"
"Shorer2025_R","Pcsk7"
"Shorer2025_R","Pdcd10"
"Shorer2025_R","Pdcd2"
"Shorer2025_R","Pdcd5"
"Shorer2025_R","Pdcd6"
"Shorer2025_R","Pde4a"
"Shorer2025_R","Pde4b"
"Shorer2025_R","Pde4d"
"Shorer2025_R","Pde4dip"
"Shorer2025_R","Pdhb"
"Shorer2025_R","Pdia4"
"Shorer2025_R","Pdlim4"
"Shorer2025_R","Pebp1"
"Shorer2025_R","Pef1"
"Shorer2025_R","Peli1"
"Shorer2025_R","Per1"
"Shorer2025_R","Perp"
"Shorer2025_R","Pfdn1"
"Shorer2025_R","Pfdn5"
"Shorer2025_R","Pgam1"
"Shorer2025_R","Phactr2"
"Shorer2025_R","Phax"
"Shorer2025_R","Phf1"
"Shorer2025_R","Phf5a"
"Shorer2025_R","Phpt1"
"Shorer2025_R","Phykpl"
"Shorer2025_R","Pigt"
"Shorer2025_R","Pigx"
"Shorer2025_R","Pik3r1"
"Shorer2025_R","Pim1"
"Shorer2025_R","Pim2"
"Shorer2025_R","Pin1"
"Shorer2025_R","Pitpnb"
"Shorer2025_R","Pkm"
"Shorer2025_R","Plec"
"Shorer2025_R","Plek"
"Shorer2025_R","Plekha2"
"Shorer2025_R","Plekhf1"
"Shorer2025_R","Plk3"
"Shorer2025_R","Plp2"
"Shorer2025_R","Plpp1"
"Shorer2025_R","Plpp5"
"Shorer2025_R","Plscr1"
"Shorer2025_R","Pmepa1"
"Shorer2025_R","Pnisr"
"Shorer2025_R","Pnp2"
"Shorer2025_R","Pnpla2"
"Shorer2025_R","Pnpla8"
"Shorer2025_R","Pnrc2"
"Shorer2025_R","Polr1d"
"Shorer2025_R","Polr2a"
"Shorer2025_R","Polr2c"
"Shorer2025_R","Polr2e"
"Shorer2025_R","Polr2f"
"Shorer2025_R","Polr2g"
"Shorer2025_R","Polr2i"
"Shorer2025_R","Polr2j"
"Shorer2025_R","Pomp"
"Shorer2025_R","Pon2"
"Shorer2025_R","Por"
"Shorer2025_R","Ppa1"
"Shorer2025_R","Ppcs"
"Shorer2025_R","Ppib"
"Shorer2025_R","Ppid"
"Shorer2025_R","Ppm1g"
"Shorer2025_R","Ppp1ca"
"Shorer2025_R","Ppp1cb"
"Shorer2025_R","Ppp1r11"
"Shorer2025_R","Ppp1r15b"
"Shorer2025_R","Ppp1r18"
"Shorer2025_R","Ppp1r2"
"Shorer2025_R","Ppp2r1a"
"Shorer2025_R","Ppp2r5c"
"Shorer2025_R","Ppp4c"
"Shorer2025_R","Prdx1"
"Shorer2025_R","Prdx2"
"Shorer2025_R","Prdx3"
"Shorer2025_R","Prdx5"
"Shorer2025_R","Prdx6"
"Shorer2025_R","Preb"
"Shorer2025_R","Prelid1"
"Shorer2025_R","Prex1"
"Shorer2025_R","Prkacb"
"Shorer2025_R","Prkar1a"
"Shorer2025_R","Prkca"
"Shorer2025_R","Prkx"
"Shorer2025_R","Prnp"
"Shorer2025_R","Prpf31"
"Shorer2025_R","Prpf38a"
"Shorer2025_R","Prpf6"
"Shorer2025_R","Prr5l"
"Shorer2025_R","Prrc2b"
"Shorer2025_R","Psip1"
"Shorer2025_R","Psma3"
"Shorer2025_R","Psma4"
"Shorer2025_R","Psma5"
"Shorer2025_R","Psma6"
"Shorer2025_R","Psmb1"
"Shorer2025_R","Psmb2"
"Shorer2025_R","Psmb5"
"Shorer2025_R","Psmb6"
"Shorer2025_R","Psmc1"
"Shorer2025_R","Psmc2"
"Shorer2025_R","Psmc3"
"Shorer2025_R","Psmc4"
"Shorer2025_R","Psmc5"
"Shorer2025_R","Psmc6"
"Shorer2025_R","Psmd1"
"Shorer2025_R","Psmd11"
"Shorer2025_R","Psmd13"
"Shorer2025_R","Psmd2"
"Shorer2025_R","Psmd3"
"Shorer2025_R","Psmd4"
"Shorer2025_R","Psmd6"
"Shorer2025_R","Psmd7"
"Shorer2025_R","Psmd8"
"Shorer2025_R","Psme1"
"Shorer2025_R","Psme2"
"Shorer2025_R","Psme3"
"Shorer2025_R","Psmf1"
"Shorer2025_R","Psmg2"
"Shorer2025_R","Ptbp3"
"Shorer2025_R","Ptges3"
"Shorer2025_R","Ptk2b"
"Shorer2025_R","Ptms"
"Shorer2025_R","Ptov1"
"Shorer2025_R","Ptp4a1"
"Shorer2025_R","Ptpn1"
"Shorer2025_R","Ptpn22"
"Shorer2025_R","Ptpn4"
"Shorer2025_R","Ptpn7"
"Shorer2025_R","Pttg1"
"Shorer2025_R","Puf60"
"Shorer2025_R","Pwp1"
"Shorer2025_R","Pycard"
"Shorer2025_R","Rab11a"
"Shorer2025_R","Rab11fip1"
"Shorer2025_R","Rab1b"
"Shorer2025_R","Rab21"
"Shorer2025_R","Rab27a"
"Shorer2025_R","Rab9"
"Shorer2025_R","Rabac1"
"Shorer2025_R","Rabif"
"Shorer2025_R","Rac2"
"Shorer2025_R","Rad23a"
"Shorer2025_R","Rala"
"Shorer2025_R","Ralgapa1"
"Shorer2025_R","Raly"
"Shorer2025_R","Ran"
"Shorer2025_R","Ranbp1"
"Shorer2025_R","Ranbp2"
"Shorer2025_R","Rangap1"
"Shorer2025_R","Rap1gds1"
"Shorer2025_R","Rara"
"Shorer2025_R","Rasal3"
"Shorer2025_R","Rasgef1b"
"Shorer2025_R","Rasgrp1"
"Shorer2025_R","Rbbp4"
"Shorer2025_R","Rbbp7"
"Shorer2025_R","Rbm3"
"Shorer2025_R","Rbm38"
"Shorer2025_R","Rbm42"
"Shorer2025_R","Rbm5"
"Shorer2025_R","Rcsd1"
"Shorer2025_R","Rdh11"
"Shorer2025_R","Recql"
"Shorer2025_R","Reep5"
"Shorer2025_R","Rel"
"Shorer2025_R","Relb"
"Shorer2025_R","Rer1"
"Shorer2025_R","Rest"
"Shorer2025_R","Rftn1"
"Shorer2025_R","Rgcc"
"Shorer2025_R","Rgs10"
"Shorer2025_R","Rhbdd2"
"Shorer2025_R","Rheb"
"Shorer2025_R","Rhof"
"Shorer2025_R","Rhoh"
"Shorer2025_R","Ric8a"
"Shorer2025_R","Rnaseh2c"
"Shorer2025_R","Rnasek"
"Shorer2025_R","Rnaset2a"
"Shorer2025_R","Rnf114"
"Shorer2025_R","Rnf138"
"Shorer2025_R","Rnf139"
"Shorer2025_R","Rnf145"
"Shorer2025_R","Rnf167"
"Shorer2025_R","Rnf187"
"Shorer2025_R","Rnf19a"
"Shorer2025_R","Rnf213"
"Shorer2025_R","Rnh1"
"Shorer2025_R","Rnmt"
"Shorer2025_R","Rnps1"
"Shorer2025_R","Rraga"
"Shorer2025_R","Rsrc2"
"Shorer2025_R","Rtcb"
"Shorer2025_R","Rtf1"
"Shorer2025_R","S100a6"
"Shorer2025_R","S100pbp"
"Shorer2025_R","Safb"
"Shorer2025_R","Samm50"
"Shorer2025_R","Samsn1"
"Shorer2025_R","Sap18"
"Shorer2025_R","Sap30"
"Shorer2025_R","Sap30bp"
"Shorer2025_R","Sar1b"
"Shorer2025_R","Saraf"
"Shorer2025_R","Sash3"
"Shorer2025_R","Sat1"
"Shorer2025_R","Satb1"
"Shorer2025_R","Sbds"
"Shorer2025_R","Scaf11"
"Shorer2025_R","Scamp2"
"Shorer2025_R","Scamp3"
"Shorer2025_R","Scand1"
"Shorer2025_R","Scnm1"
"Shorer2025_R","Scp2"
"Shorer2025_R","Sdad1"
"Shorer2025_R","Sdcbp"
"Shorer2025_R","Sdf2"
"Shorer2025_R","Sdf4"
"Shorer2025_R","Sdhc"
"Shorer2025_R","Sec11a"
"Shorer2025_R","Sec11c"
"Shorer2025_R","Sec13"
"Shorer2025_R","Sec14l1"
"Shorer2025_R","Sec61a1"
"Shorer2025_R","Sec61b"
"Shorer2025_R","Secisbp2l"
"Shorer2025_R","Sel1l3"
"Shorer2025_R","Sema4d"
"Shorer2025_R","Serf2"
"Shorer2025_R","Serinc3"
"Shorer2025_R","Serp1"
"Shorer2025_R","Serpinb1a"
"Shorer2025_R","Serpinb9"
"Shorer2025_R","Sertad1"
"Shorer2025_R","Sesn3"
"Shorer2025_R","Setd2"
"Shorer2025_R","Sf1"
"Shorer2025_R","Sf3a1"
"Shorer2025_R","Sf3a3"
"Shorer2025_R","Sf3b2"
"Shorer2025_R","Sf3b3"
"Shorer2025_R","Sf3b4"
"Shorer2025_R","Sf3b6"
"Shorer2025_R","Sfpq"
"Shorer2025_R","Sft2d2"
"Shorer2025_R","Sh2d1a"
"Shorer2025_R","Sh3bgrl"
"Shorer2025_R","Sh3bgrl3"
"Shorer2025_R","Sh3bp1"
"Shorer2025_R","Sh3kbp1"
"Shorer2025_R","Shisa5"
"Shorer2025_R","Siah2"
"Shorer2025_R","Sik3"
"Shorer2025_R","Sipa1l1"
"Shorer2025_R","Sirt7"
"Shorer2025_R","Sit1"
"Shorer2025_R","Siva1"
"Shorer2025_R","Skil"
"Shorer2025_R","Skp1"
"Shorer2025_R","Sla"
"Shorer2025_R","Sla2"
"Shorer2025_R","Slamf1"
"Shorer2025_R","Slamf6"
"Shorer2025_R","Slbp"
"Shorer2025_R","Slc16a3"
"Shorer2025_R","Slc1a4"
"Shorer2025_R","Slc25a3"
"Shorer2025_R","Slc25a5"
"Shorer2025_R","Slc2a3"
"Shorer2025_R","Slc2a8"
"Shorer2025_R","Slc35b1"
"Shorer2025_R","Slc38a2"
"Shorer2025_R","Slc3a2"
"Shorer2025_R","Slc4a7"
"Shorer2025_R","Slc52a2"
"Shorer2025_R","Slf1"
"Shorer2025_R","Slfn3"
"Shorer2025_R","Slfn5"
"Shorer2025_R","Slirp"
"Shorer2025_R","Smarce1"
"Shorer2025_R","Smdt1"
"Shorer2025_R","Smg1"
"Shorer2025_R","Smim12"
"Shorer2025_R","Smim15"
"Shorer2025_R","Smu1"
"Shorer2025_R","Snap23"
"Shorer2025_R","Snap47"
"Shorer2025_R","Snrnp200"
"Shorer2025_R","Snrnp27"
"Shorer2025_R","Snrnp40"
"Shorer2025_R","Snrpb"
"Shorer2025_R","Snrpb2"
"Shorer2025_R","Snrpc"
"Shorer2025_R","Snrpd1"
"Shorer2025_R","Snrpd3"
"Shorer2025_R","Snrpe"
"Shorer2025_R","Snrpf"
"Shorer2025_R","Sntb2"
"Shorer2025_R","Snu13"
"Shorer2025_R","Snw1"
"Shorer2025_R","Snx1"
"Shorer2025_R","Snx17"
"Shorer2025_R","Snx20"
"Shorer2025_R","Snx6"
"Shorer2025_R","Socs1"
"Shorer2025_R","Sod1"
"Shorer2025_R","Son"
"Shorer2025_R","Sp110"
"Shorer2025_R","Sp140"
"Shorer2025_R","Spcs1"
"Shorer2025_R","Spcs2"
"Shorer2025_R","Spcs3"
"Shorer2025_R","Spp1"
"Shorer2025_R","Sppl2a"
"Shorer2025_R","Sptan1"
"Shorer2025_R","Sptbn1"
"Shorer2025_R","Spty2d1"
"Shorer2025_R","Sqstm1"
"Shorer2025_R","Sri"
"Shorer2025_R","Srp14"
"Shorer2025_R","Srp68"
"Shorer2025_R","Srp9"
"Shorer2025_R","Srpr"
"Shorer2025_R","Srprb"
"Shorer2025_R","Srsf3"
"Shorer2025_R","Srsf5"
"Shorer2025_R","Srsf7"
"Shorer2025_R","Srsf9"
"Shorer2025_R","Ss18"
"Shorer2025_R","Ss18l2"
"Shorer2025_R","Ssbp1"
"Shorer2025_R","Ssna1"
"Shorer2025_R","Ssr3"
"Shorer2025_R","Ssu72"
"Shorer2025_R","Stam"
"Shorer2025_R","Stat4"
"Shorer2025_R","Stat5a"
"Shorer2025_R","Stk10"
"Shorer2025_R","Stk17b"
"Shorer2025_R","Stom"
"Shorer2025_R","Stoml2"
"Shorer2025_R","Strap"
"Shorer2025_R","Stub1"
"Shorer2025_R","Stx11"
"Shorer2025_R","Sub1"
"Shorer2025_R","Suclg1"
"Shorer2025_R","Sugt1"
"Shorer2025_R","Sumo1"
"Shorer2025_R","Sumo2"
"Shorer2025_R","Sun2"
"Shorer2025_R","Supt4a"
"Shorer2025_R","Surf2"
"Shorer2025_R","Surf4"
"Shorer2025_R","Svip"
"Shorer2025_R","Syf2"
"Shorer2025_R","Syne2"
"Shorer2025_R","Syngr2"
"Shorer2025_R","Sypl"
"Shorer2025_R","Sytl3"
"Shorer2025_R","Taf1d"
"Shorer2025_R","Tagap"
"Shorer2025_R","Tagln2"
"Shorer2025_R","Taldo1"
"Shorer2025_R","Tank"
"Shorer2025_R","Tap1"
"Shorer2025_R","Tapbp"
"Shorer2025_R","Tbc1d10c"
"Shorer2025_R","Tbc1d4"
"Shorer2025_R","Tbca"
"Shorer2025_R","Tbcb"
"Shorer2025_R","Tbcc"
"Shorer2025_R","Tbcd"
"Shorer2025_R","Tcea1"
"Shorer2025_R","Tcf25"
"Shorer2025_R","Tcirg1"
"Shorer2025_R","Tcp1"
"Shorer2025_R","Tesc"
"Shorer2025_R","Tfip11"
"Shorer2025_R","Tgfbr2"
"Shorer2025_R","Tgif1"
"Shorer2025_R","Tgoln1"
"Shorer2025_R","Thap7"
"Shorer2025_R","Themis"
"Shorer2025_R","Thrap3"
"Shorer2025_R","Thyn1"
"Shorer2025_R","Tifa"
"Shorer2025_R","Timm10"
"Shorer2025_R","Timm17a"
"Shorer2025_R","Timm8b"
"Shorer2025_R","Tinf2"
"Shorer2025_R","Tiparp"
"Shorer2025_R","Tlk1"
"Shorer2025_R","Tln1"
"Shorer2025_R","Tmc8"
"Shorer2025_R","Tmco1"
"Shorer2025_R","Tmed2"
"Shorer2025_R","Tmed9"
"Shorer2025_R","Tmem115"
"Shorer2025_R","Tmem123"
"Shorer2025_R","Tmem140"
"Shorer2025_R","Tmem14c"
"Shorer2025_R","Tmem160"
"Shorer2025_R","Tmem167"
"Shorer2025_R","Tmem179b"
"Shorer2025_R","Tmem208"
"Shorer2025_R","Tmem230"
"Shorer2025_R","Tmem248"
"Shorer2025_R","Tmem39a"
"Shorer2025_R","Tmem43"
"Shorer2025_R","Tmem59"
"Shorer2025_R","Tmem70"
"Shorer2025_R","Tmem9b"
"Shorer2025_R","Tmx1"
"Shorer2025_R","Tnf"
"Shorer2025_R","Tnfaip8"
"Shorer2025_R","Tnfsf9"
"Shorer2025_R","Tnip1"
"Shorer2025_R","Tollip"
"Shorer2025_R","Tom1"
"Shorer2025_R","Tomm5"
"Shorer2025_R","Tomm7"
"Shorer2025_R","Topors"
"Shorer2025_R","Tox4"
"Shorer2025_R","Trp53rka"
"Shorer2025_R","Tpd52l2"
"Shorer2025_R","Tpm3"
"Shorer2025_R","Tpm4"
"Shorer2025_R","Tpr"
"Shorer2025_R","Tpst2"
"Shorer2025_R","Tra2a"
"Shorer2025_R","Tra2b"
"Shorer2025_R","Trabd"
"Shorer2025_R","Traf1"
"Shorer2025_R","Traf3ip3"
"Shorer2025_R","Tram1"
"Shorer2025_R","Trappc1"
"Shorer2025_R","Trappc2l"
"Shorer2025_R","Trappc3"
"Shorer2025_R","Trappc4"
"Shorer2025_R","Trat1"
"Shorer2025_R","Triap1"
"Shorer2025_R","Trim27"
"Shorer2025_R","Trmo"
"Shorer2025_R","Trmt112"
"Shorer2025_R","Tsc22d1"
"Shorer2025_R","Tsc22d2"
"Shorer2025_R","Tsg101"
"Shorer2025_R","Tsn"
"Shorer2025_R","Tspan14"
"Shorer2025_R","Tspan5"
"Shorer2025_R","Tspo"
"Shorer2025_R","Tspyl1"
"Shorer2025_R","Tspyl2"
"Shorer2025_R","Tssc4"
"Shorer2025_R","Ttc1"
"Shorer2025_R","Ttc14"
"Shorer2025_R","Ttn"
"Shorer2025_R","Tuba1b"
"Shorer2025_R","Tuba1c"
"Shorer2025_R","Tubb5"
"Shorer2025_R","Tubb4b"
"Shorer2025_R","Tufm"
"Shorer2025_R","Tusc2"
"Shorer2025_R","Tvp23b"
"Shorer2025_R","Twf2"
"Shorer2025_R","Txn1"
"Shorer2025_R","Txndc15"
"Shorer2025_R","Txndc17"
"Shorer2025_R","Txndc9"
"Shorer2025_R","Txnl1"
"Shorer2025_R","Tymp"
"Shorer2025_R","U2af1"
"Shorer2025_R","U2surp"
"Shorer2025_R","Uba1"
"Shorer2025_R","Uba52"
"Shorer2025_R","Ubald2"
"Shorer2025_R","Ubash3a"
"Shorer2025_R","Ubb"
"Shorer2025_R","Ube2b"
"Shorer2025_R","Ube2d1"
"Shorer2025_R","Ube2d3"
"Shorer2025_R","Ube2e3"
"Shorer2025_R","Ube2f"
"Shorer2025_R","Ube2i"
"Shorer2025_R","Ube2j2"
"Shorer2025_R","Ube2l6"
"Shorer2025_R","Ube2n"
"Shorer2025_R","Ube2s"
"Shorer2025_R","Ube2v1"
"Shorer2025_R","Ubl7"
"Shorer2025_R","Ubxn4"
"Shorer2025_R","Ucp2"
"Shorer2025_R","Ufm1"
"Shorer2025_R","Ugp2"
"Shorer2025_R","Unc45a"
"Shorer2025_R","Upp1"
"Shorer2025_R","Uqcrb"
"Shorer2025_R","Uqcrc1"
"Shorer2025_R","Uqcrfs1"
"Shorer2025_R","Uqcrq"
"Shorer2025_R","Usp18"
"Shorer2025_R","Usp36"
"Shorer2025_R","Vamp2"
"Shorer2025_R","Vamp5"
"Shorer2025_R","Vamp8"
"Shorer2025_R","Vdac1"
"Shorer2025_R","Vdac3"
"Shorer2025_R","Vim"
"Shorer2025_R","Vmp1"
"Shorer2025_R","Vopp1"
"Shorer2025_R","Vps35"
"Shorer2025_R","Vps4a"
"Shorer2025_R","Vps4b"
"Shorer2025_R","Vta1"
"Shorer2025_R","Vti1b"
"Shorer2025_R","Was"
"Shorer2025_R","Wasf2"
"Shorer2025_R","Wdr1"
"Shorer2025_R","Wdr18"
"Shorer2025_R","Wdr46"
"Shorer2025_R","Wdr83os"
"Shorer2025_R","Whamm"
"Shorer2025_R","Wipi2"
"Shorer2025_R","Wnk1"
"Shorer2025_R","Wrap73"
"Shorer2025_R","Wsb1"
"Shorer2025_R","Wtap"
"Shorer2025_R","Xab2"
"Shorer2025_R","Xaf1"
"Shorer2025_R","Xbp1"
"Shorer2025_R","Xcl1"
"Shorer2025_R","Xrcc5"
"Shorer2025_R","Xrcc6"
"Shorer2025_R","Xrn2"
"Shorer2025_R","Ybx3"
"Shorer2025_R","Yipf3"
"Shorer2025_R","Ypel3"
"Shorer2025_R","Ythdf2"
"Shorer2025_R","Ywhab"
"Shorer2025_R","Ywhah"
"Shorer2025_R","Ywhaq"
"Shorer2025_R","Zap70"
"Shorer2025_R","Zc3h12a"
"Shorer2025_R","Zc3h18"
"Shorer2025_R","Zc3hav1"
"Shorer2025_R","Zfand2a"
"Shorer2025_R","Zfand5"
"Shorer2025_R","Zfp36"
"Shorer2025_R","Zfp36l1"
"Shorer2025_R","Zfp36l2"
"Shorer2025_R","Zmat2"
"Shorer2025_R","Zfp146"
"Shorer2025_R","Zfp422"
"Shorer2025_R","Zfp24"
"Shorer2025_R","Zfp638"
"Shorer2025_R","Zfp706"
"Shorer2025_R","Znhit1"
"Shorer2025_R","Zranb2"
"Shorer2025_R","Zyx"
"Shorer2025_R","Adss"
"Shorer2025_R","Hars"
"Shorer2025_R","Cars"
"Shorer2025_R","Sars"
"Shorer2025_R","Phb"
"Shorer2025_R","Dars"
"Shorer2025_R","Yars"
