"","p_val","avg_log2FC","pct.1","pct.2","p_val_adj"
"Atpaf2",0.000111559587864769,-5.96291912547433,0,0.17,1
"Zfp607a",0.000500805520772804,-5.63393672796032,0,0.151,1
"Metrn",0.000810228126823002,3.90986746721947,0.07,0,1
"Dstn",0.000864679354810084,4.65374990955481,0.099,0,1
"Ankrd16",0.0014659371814915,-5.37845367053523,0,0.151,1
"Wdr91",0.00148306821737381,3.36614947283939,0.07,0,1
"Hltf",0.00153731721084874,-2.34146584442978,0.07,0.377,1
"Eif2ak3",0.00158667756705872,2.64580213691395,0.366,0.132,1
"Tspyl4",0.00173672626510466,-5.11104458563419,0,0.132,1
"Cdk2",0.00185500243228306,-5.43730061749006,0,0.17,1
"Zfp410",0.0020487281819745,-2.88074163166361,0.014,0.208,1
"Stxbp2",0.00233932275276337,-5.49823369876902,0,0.151,1
"Ntrk3",0.00235489199047696,3.5714758480048,0.056,0,1
"Rab28",0.00284135309391252,2.35076621389127,0.239,0.113,1
"Zkscan8",0.00304798885226356,3.5450956365785,0.141,0.019,1
"Vcl",0.00332007645005796,-3.40256802813139,0.014,0.17,1
"Syt11",0.00337181866443419,3.19049308890978,0.056,0,1
"BC029722",0.00348299337662814,-5.33709868000402,0,0.132,1
"Grk4",0.00383224048617003,-5.02665798001235,0,0.132,1
"Mt1",0.00400591095864213,-5.36771821160749,0,0.113,1
"Hmg20b",0.00405021169353848,-4.96959978440052,0,0.132,1
"Gbp8",0.00423971286514293,-3.17991800760415,0.028,0.283,1
"BC065397",0.00430637655690882,4.68007579710632,0.099,0,1
"Ago1",0.00441171225386622,-4.68982463598066,0,0.132,1
"Glmp",0.00449870863306676,3.15865831223402,0.056,0,1
"Brms1",0.0045295009420346,3.89271580194326,0.07,0,1
"Myo1c",0.00461462768534895,-5.04145794606249,0,0.094,1
"Zfp592",0.00485929188947691,-2.02248047902732,0.056,0.34,1
"Herc1",0.00492814641686291,0.99444233920184,0.549,0.396,1
"Rufy3",0.00517258925413105,2.12675664707055,0.113,0.019,1
"Ftsj3",0.00562739096953952,-3.13918999970875,0.028,0.245,1
"Trat1",0.00594729710097191,-5.89562297287163,0,0.113,1
"Pik3r3",0.00609609739911057,3.32377995852541,0.056,0,1
"Chrm3",0.00617126411432365,3.63230516323391,0.056,0,1
"Plekha8",0.00642626831361694,-4.84683402046426,0,0.132,1
"Ppp1r10",0.00660555781763061,0.964170615337416,0.38,0.226,1
"8430429K09Rik",0.0066967731842519,-4.77415366452295,0,0.113,1
"Sik3",0.00677477068666103,0.529449893577668,0.563,0.434,1
"Gm35315",0.00695506959529294,2.31042563261654,0.042,0,1
"Baz2a",0.0069906817721621,-2.56414409903815,0.056,0.34,1
"Rnf13",0.00708819757991929,2.6691540843741,0.197,0.075,1
"Dusp22",0.00855421470938479,-4.97476427826115,0,0.094,1
"Slc15a4",0.00884234832145793,4.54648990439199,0.085,0,1
"Commd6",0.00889763675571599,1.12211495242654,0.042,0.019,1
"Reck",0.00903008101929847,4.73210904973575,0.085,0,1
"Hyls1",0.00957843865470476,-5.15985675668139,0,0.132,1
"Tfrc",0.00976706601893294,-1.33531449402643,0.282,0.604,1
"Ado",0.00977593290537959,2.52954503232044,0.042,0,1
"Evi5",0.0098019099625513,-2.71361523939796,0.014,0.189,1
"Tmtc3",0.00981109419856511,4.21879645007954,0.07,0,1
"Gm31619",0.00986598419365272,3.89565392546163,0.056,0,1
"Bcl7c",0.0100461827140903,-5.09352176746139,0,0.132,1
"Rpl4",0.0106125608577687,-0.485415980008289,0.366,0.698,1
"Ube2q2",0.0107642768717837,3.01367187003112,0.211,0.075,1
"Lyrm9",0.0108228662858573,-5.20754795651897,0,0.132,1
"Calhm2",0.0108514839394506,4.48527641999571,0.07,0,1
"Dock5",0.0108875973454624,-2.56560928230648,0.014,0.151,1
"Fdxr",0.0111491670775616,3.67668049862543,0.056,0,1
"Ttc32",0.0113966928815105,3.63327308529211,0.085,0.019,1
"Dmac2",0.0116387654548356,-4.84270213845882,0,0.094,1
"Vac14",0.0117343687742023,-2.09751598083192,0.042,0.264,1
"Psmb8",0.0119531238840928,-1.33786243626494,0.169,0.472,1
"Ciao1",0.0120466836963368,-4.96501559238347,0,0.094,1
"Ormdl1",0.0122979348259227,-4.44111093094414,0,0.075,1
"Wars1",0.0125166118657438,1.54292413127109,0.169,0.057,1
"Trim41",0.0126255608451793,-5.03266264091122,0,0.094,1
"Atn1",0.0126641569846297,-5.62044812733243,0,0.094,1
"Wdr6",0.0126678032119437,1.89151850752146,0.042,0.019,1
"Tsn",0.0127353952418198,-1.83385431336294,0.056,0.321,1
"Icam2",0.0129872450076096,3.3205494447894,0.056,0,1
"Uty",0.0131105938614191,-1.18148867866629,0.183,0.509,1
"Pum2",0.0131636759377793,0.868471233530128,0.535,0.453,1
"Cpsf3",0.0134685655099245,-1.36800756545376,0.056,0.245,1
"Eno3",0.0135374172426602,2.96708373226551,0.042,0,1
"Neu1",0.013600772449985,-4.72280067891685,0,0.094,1
"Tepsin",0.0136633971537422,4.31459884843028,0.07,0,1
"Eif2b5",0.0137131083561592,3.64183732186518,0.155,0.057,1
"Meaf6",0.0137812159667073,-3.1888645363566,0.042,0.283,1
"Pdia6",0.013982875701435,-2.23558157860343,0.085,0.321,1
"Alg12",0.0140666415808168,-4.38996735118949,0,0.094,1
"Abcd1",0.0142038158155819,3.53257419331067,0.056,0,1
"Cfap36",0.014376533719799,4.23067199840155,0.07,0,1
"Tmem39b",0.0144689587335632,-4.34404177036079,0,0.075,1
"Rnaseh2a",0.0153204307271171,-4.7559863052023,0,0.075,1
"Cnp",0.0155246522436637,-4.53757168269775,0,0.075,1
"Sf3b4",0.0156281627787186,-5.08318254023737,0,0.094,1
"Wdyhv1",0.0156752323973862,-4.67442400164161,0,0.075,1
"Phkg2",0.0157456233473901,-4.44472061315835,0,0.094,1
"Mllt11",0.0158415463351581,-4.69871694895005,0,0.075,1
"Gm56531",0.0158979671983223,4.30608300168506,0.07,0,1
"Mfsd5",0.0162132133769416,-4.598450781812,0,0.075,1
"Septin7",0.0162769266126743,-1.07263543450472,0.352,0.698,1
"Tbc1d10c",0.0163909919607409,1.39214776713163,0.254,0.132,1
"Drap1",0.0164761107175382,-2.75852797907775,0.028,0.226,1
"Mrpl11",0.0165232580926241,-4.46042380978747,0,0.113,1
"Invs",0.0166007716611134,1.76251164008781,0.211,0.132,1
"Ccdc88a",0.0167239529265432,3.12744027784931,0.141,0.057,1
"Tex30",0.0167604467639306,-4.33886737471438,0,0.094,1
"Pkd1l3",0.0169906479078033,-4.75228382019948,0,0.075,1
"Mettl4",0.0170383856703137,3.1356314496511,0.099,0.019,1
"Tmx3",0.0170803049570966,-1.76717577475259,0.056,0.321,1
"Eral1",0.0173445653201438,3.03642777556349,0.042,0,1
"Slco3a1",0.0174186866583355,0.750550533124071,0.437,0.34,1
"Fam199x",0.0174422194896967,-4.85539723514335,0,0.113,1
"Cox15",0.0174745312891785,4.621338556402,0.085,0,1
"Slc30a5",0.0180003355910075,2.52668675292122,0.197,0.057,1
"Txk",0.0181683725543262,2.63245921658578,0.366,0.17,1
"Slc50a1",0.0183636351012649,3.70627753329907,0.056,0,1
"Slc16a4",0.0183897162763168,2.82673019488059,0.042,0,1
"Vwa5a",0.0184610853812021,3.00001895791093,0.042,0,1
"Myh9",0.0184803396207881,-0.740622085564552,0.535,0.811,1
"Tmed5",0.0184932318989596,-1.12191655556982,0.211,0.509,1
"Smc5",0.0184947926022622,1.13196520135417,0.465,0.358,1
"St3gal5",0.0185901503554864,4.50002061818896,0.07,0,1
"Pde8a",0.0186386369672645,1.19211859146694,0.085,0.019,1
"2900005J15Rik",0.0190276658647471,-5.34752724824957,0,0.057,1
"Gpr19",0.0190706306028684,-4.44621644582005,0,0.075,1
"Gm15417",0.0193036209713772,1.51656214252807,0.028,0,1
"Mrpl55",0.0193367863052297,-4.34659678014025,0,0.094,1
"Adat2",0.0193673923586937,-4.98462985634124,0,0.057,1
"Fgfr2",0.0194763778250657,2.02673499868396,0.225,0.057,1
"Egr3",0.0195456902300381,-5.29296875681513,0,0.057,1
"Psmd5",0.0195837143307844,2.34644899869622,0.183,0.094,1
"Eif1ax",0.0196092881950604,-1.94475967624434,0.042,0.226,1
"Nmnat1",0.0196348134990677,3.81005678260763,0.056,0,1
"Pank1",0.0197035607180943,1.92265925951689,0.028,0,1
"Trappc2",0.0197035607180943,1.52240492832884,0.028,0,1
"Ankrd39",0.01970552401513,-4.41739834719506,0,0.075,1
"Mrpl12",0.0197606212783563,1.56260000091699,0.169,0.038,1
"Zc3h11a",0.0198182379415627,-4.29946889898597,0,0.094,1
"Hexa",0.0198439802644059,-4.88004777743767,0,0.057,1
"Qars",0.019964558418083,-4.16681745098644,0,0.075,1
"Slain2",0.0200249180679671,-1.24011263549226,0.113,0.377,1
"Gins3",0.0201127631566384,1.30182198925727,0.113,0.038,1
"Irag2",0.0201265564572728,1.3068127253594,0.268,0.208,1
"Tti2",0.0201440681232837,3.70278349155825,0.056,0,1
"Polm",0.0203633544727933,3.8466369115315,0.056,0,1
"Tbrg4",0.0204137818410124,-4.6845652797242,0,0.094,1
"Nup37",0.02058041888153,-1.9833259208805,0.042,0.264,1
"Use1",0.0206884853500354,3.89244691397468,0.085,0.019,1
"1700028E10Rik",0.0211076385831873,4.29122772854442,0.07,0,1
"Ints5",0.0213104759203023,-4.80232112249734,0,0.057,1
"H2bc24",0.0216355833759269,-4.86467226069152,0,0.057,1
"Dhrs13",0.0218227544559854,3.35628245184051,0.056,0,1
"Gm45509",0.0221334728364269,3.8743895855246,0.056,0,1
"Lmf2",0.0222306772530804,-4.5524115654549,0,0.132,1
"Hmgn5",0.0222701425224039,-4.06407451931361,0,0.094,1
"Hapstr1",0.0223176818846948,-1.17982662086073,0.085,0.358,1
"Gaa",0.0223882421562108,-4.74603810333262,0,0.057,1
"Thumpd3",0.0225430812771445,1.62904587745033,0.239,0.094,1
"Tpgs2",0.0226673394333934,-4.25139930756195,0,0.113,1
"Elp3",0.0232967105292007,3.83296830104762,0.141,0.038,1
"Tmsb10",0.0233573320480454,-0.134670655536733,0.394,0.698,1
"Rtn4rl1",0.0234593926929456,3.08531332248949,0.042,0,1
"Birc5",0.0235084844126329,-2.1468682890399,0.099,0.358,1
"Supt6",0.0238337626871974,-0.589312723078186,0.127,0.377,1
"Blvra",0.0238934411707423,-4.10324041060307,0,0.075,1
"Gm43329",0.0239382545530452,-4.85866690629127,0,0.075,1
"Zfp653",0.0240253911360026,3.90375012770499,0.056,0,1
"Mrpl49",0.0245341989497674,2.54776163015913,0.056,0.019,1
"Stip1",0.0246557691836501,-1.55299068470769,0.07,0.302,1
"Ccnyl1",0.0247974646799684,-5.14361736256796,0,0.075,1
"1810062O18Rik",0.0252311140857418,-4.47100234047841,0,0.075,1
"Zcchc17",0.0254431768651638,-3.11017349149584,0.07,0.34,1
"Uqcc6",0.0254516586631525,-4.46876886152766,0,0.057,1
"Gng10",0.0254847123643417,-4.65133632501485,0.014,0.189,1
"Ipo7",0.0256452735404666,-0.930770217111948,0.225,0.528,1
"Slc43a3",0.0261007268652543,2.34348963585748,0.042,0.019,1
"Pak6",0.0261175253190892,-4.78540634644242,0,0.057,1
"Snx4",0.0262792638061524,2.4304961219016,0.169,0.094,1
"Zfp788",0.0262993856401445,-3.99700316783137,0,0.075,1
"Gcnt7",0.0263763430714435,-4.49265882759667,0,0.057,1
"Ggct",0.0264245351224223,3.06117209615641,0.085,0.019,1
"Tex15",0.0268254941323125,-4.84658096716934,0,0.075,1
"Mysm1",0.0271306797858359,-0.439484783459862,0.169,0.453,1
"Ssbp3",0.0271891035143034,-1.30789776810064,0.07,0.302,1
"Isyna1",0.027254894555925,-4.76450787261121,0,0.075,1
"Gm16675",0.0273767664868904,4.03539810747835,0.056,0,1
"Rpl36",0.02749997353138,0.23253652601595,0.352,0.642,1
"Mir22hg",0.0277682208883749,-4.44093370248934,0,0.057,1
"Smim12",0.0280553373932021,4.11057438740836,0.056,0,1
"Lrpap1",0.0282822409176144,-4.03945113894448,0,0.075,1
"Cyp4f17",0.0283035211143517,3.12016906873498,0.042,0,1
"Mark4",0.0283226559516631,1.64940878911945,0.028,0,1
"Terf2ip",0.0283226559516631,1.64940878911945,0.028,0,1
"Rpl37a",0.0284054828009308,0.109533181710794,0.324,0.566,1
"Gm56555",0.0285024121365728,-3.83892908304231,0,0.094,1
"Nrp2",0.0288300020019169,-4.31500534584068,0,0.057,1
"Wsb2",0.0288996400233942,3.96374038495791,0.056,0,1
"Snap47",0.0290837436728044,4.15986049051433,0.056,0,1
"Pum3",0.0291233026207734,-0.943286171315851,0.197,0.472,1
"Ndufaf7",0.0292686807469614,4.07409230572007,0.056,0,1
"Tmsb4x",0.0293089572172279,-0.490076731974065,0.592,0.849,1
"Apeh",0.0297429861482242,-4.08783200631383,0,0.075,1
"Dnajb1",0.0297437490515363,4.34948007659169,0.056,0,1
"Cnnm4",0.0299498826442228,4.09355237809977,0.056,0,1
"Zfp831",0.0300548474091487,-4.1636475528639,0,0.075,1
"Cyb5b",0.0301405350510006,1.46359379572469,0.437,0.321,1
"Akr1b10",0.030747170659978,-4.63149274026277,0,0.094,1
"Mfsd14a",0.0319829785198396,1.92511077667835,0.169,0.057,1
"Lyn",0.0320664304571882,-4.30763773935214,0,0.057,1
"Fhit",0.032107937753489,1.34153973348233,0.366,0.189,1
"Dedd2",0.0324991959966492,-4.58695795572202,0,0.075,1
"Klf10",0.0325477496859469,4.07307853203425,0.056,0,1
"Gcc1",0.0326395631159905,-4.0888480608609,0,0.057,1
"Gpr132",0.0327614183006938,-1.97231523402947,0.07,0.264,1
"Tor3a",0.0331704028362049,3.83534042605403,0.056,0,1
"Ptbp1",0.0334334356760667,-1.46938443860827,0.141,0.415,1
"Anxa7",0.0336759912137087,-4.1415067912576,0,0.075,1
"2810405F17Rik",0.0336784937892475,3.12102438268432,0.042,0,1
"D030056L22Rik",0.0339021628294345,3.33613518382313,0.085,0.019,1
"mt-Co3",0.0340203451921434,-0.525415948248142,0.676,0.66,1
"Mon1a",0.0340399656613466,3.95561945164468,0.056,0,1
"Josd2",0.0341788817124066,-3.92450617645893,0,0.075,1
"Fbxl20",0.0341814438603337,-1.46758118717993,0.07,0.264,1
"Smad1",0.0343045934373887,-2.56666664727218,0.014,0.151,1
"Faap20",0.0344430461207894,-4.34337014771858,0,0.075,1
"Srd5a3",0.0347748830447372,2.80954103266765,0.042,0,1
"Coq4",0.0349511169114291,-4.04711774176515,0,0.057,1
"B4galt3",0.0354377858262352,-4.71865767097458,0,0.057,1
"Zfp101",0.0357149349930662,1.06316573606561,0.07,0.057,1
"Pigh",0.0358569640520467,1.65547394151856,0.028,0,1
"Gm15445",0.0358675404721408,1.69338702059094,0.028,0,1
"Gm28586",0.0358675404721408,1.69338702059094,0.028,0,1
"Ninl",0.0358675404721408,1.69338702059094,0.028,0,1
"Itga4",0.0359775000380746,-1.54099572051657,0.014,0.151,1
"Trnau1ap",0.0360027322104887,-2.43338357068449,0.014,0.17,1
"Rapgef2",0.0360461638075371,1.77270685091023,0.437,0.302,1
"Rnf181",0.0362951551800402,-4.11828698026044,0,0.057,1
"Tmcc1",0.0367163446380756,-1.28634247553984,0.183,0.491,1
"Fiz1",0.0370790265396787,2.26161605722179,0.07,0.019,1
"Kbtbd11",0.0373268826942304,-1.59898801900784,0.056,0.264,1
"Prps1",0.0374638919316153,2.46657266831688,0.056,0.019,1
"Mbp",0.0375054686756723,-0.994443535602754,0.141,0.415,1
"Ino80b",0.0380082773440365,-4.76695182060772,0,0.057,1
"Rpl35",0.0382292480636934,0.328487889070811,0.338,0.566,1
"Timm10",0.0384430522835785,-4.72567696562881,0,0.075,1
"Rpsa",0.0387967457366074,-0.355069315986904,0.465,0.755,1
"Gria3",0.0388691906264432,4.61291639273034,0.056,0,1
"Lyar",0.038947418910675,-1.86386908941209,0.07,0.283,1
"Thap12",0.0389694273082669,2.09175681706565,0.155,0.075,1
"Tspo",0.0390182031172298,-4.35829998331035,0,0.075,1
"Blcap",0.0390799296691257,3.42076811031633,0.042,0,1
"Rab23",0.039124435789907,-3.90561897807914,0,0.057,1
"Rad51c",0.0394656936577222,3.47183705547654,0.042,0,1
"Gnptab",0.039690581734727,-1.22230022352463,0.099,0.321,1
"Snrpe",0.0397059761215751,-1.56322165719819,0.127,0.415,1
"Nebl",0.0398087994795434,-4.15791153823859,0,0.057,1
"Smim27",0.0401722622361626,-4.77935643384033,0,0.057,1
"Ccdc84",0.0403459107372127,3.44757016231118,0.042,0,1
"Neu3",0.0403854934953466,-4.47088541057244,0,0.057,1
"Cr1l",0.0404239673259465,1.34097551474232,0.254,0.113,1
"Dcbld2",0.0404282856121168,3.16840905888185,0.042,0,1
"Rars",0.0404799245370135,-1.15263895214781,0.113,0.302,1
"Gtf2f2",0.0405121465382113,1.3654261351736,0.423,0.302,1
"Ighm",0.0405470043005569,-4.82912535535102,0,0.057,1
"Ccdc117",0.0406297199280097,-1.44145351443358,0.042,0.245,1
"Srm",0.0406625401684212,-4.08618304384277,0.014,0.151,1
"H2bc4",0.0409803428899611,5.44583315320292,0.07,0,1
"Hnrnpc",0.0410639696279838,-0.732553218232634,0.31,0.623,1
"Naa35",0.0410643121602509,3.27293289074445,0.169,0.038,1
"Txndc9",0.0411565881782253,2.62016459337507,0.169,0.057,1
"Xab2",0.0411667856156788,3.96711387643001,0.056,0,1
"Nudt6",0.0415137797142471,-4.48568756901303,0,0.094,1
"Zfp120",0.0415668076553839,-4.17029044612153,0,0.057,1
"Fbxo4",0.0418856356622331,-4.48823851105317,0,0.057,1
"Gm10658",0.0419034378790582,3.42025663668359,0.042,0,1
"Taf8",0.0422048882983044,3.94232636580719,0.042,0,1
"Ubxn8",0.0424688164927193,-4.86686714935424,0,0.057,1
"Ankrd11",0.0425170382658569,0.132879594965861,0.761,0.943,1
"4921507P07Rik",0.0425743589155878,3.52801025926897,0.042,0,1
"Milr1",0.0427415110270208,3.71109213894611,0.056,0,1
"Gm13402",0.0430672541643159,4.12680203120665,0.056,0,1
"Vps35",0.0431565533339193,-2.51664235228926,0.07,0.321,1
"Nat2",0.0435980014327922,3.92952503994937,0.056,0,1
"Gm43138",0.0436094656578498,3.51601839922825,0.042,0,1
"Gpr146",0.043661539198229,-1.87887317713135,0.085,0.264,1
"Sytl1",0.0440722784779896,-3.61890064563334,0,0.075,1
"Nav1",0.0445388775710388,-3.93417966983589,0.014,0.132,1
"Kif1b",0.0445561564364197,1.55743764011895,0.127,0.057,1
"Adal",0.0449055364918893,1.28288621319933,0.056,0.019,1
"Insig1",0.0450098081369995,1.34743817114495,0.141,0.075,1
"Nedd4l",0.0455608743216369,-0.335511635957953,0.183,0.453,1
"Fbxl17",0.0458353976635846,0.997444904535426,0.634,0.585,1
"Dync2i1",0.0461434376574034,-3.6368629399318,0,0.075,1
"Gm15545",0.046191628651728,4.37450933322875,0.056,0,1
"Utp14a",0.0462461132282221,-1.16589699493315,0.085,0.321,1
"Ubiad1",0.0462545780757405,3.19454163039741,0.042,0,1
"Mcfd2",0.0463179587233804,-3.77232851380206,0,0.075,1
"6230400D17Rik",0.0463628102924857,-4.41281203156221,0,0.075,1
"Rab5b",0.0464166875656619,-3.56018574846097,0,0.075,1
"Kdm5d",0.046421264917363,-1.88437194607426,0.056,0.226,1
"Pus10",0.0465176375245212,-1.41818152994334,0.113,0.34,1
"Ptpmt1",0.0465741754756717,-4.42148242281936,0,0.075,1
"Gpr68",0.0466152951512607,4.03748756450213,0.056,0,1
"Sesn3",0.0466213233520169,-1.87103625002331,0.127,0.396,1
"Ddx51",0.0468110159992098,3.64392783992403,0.042,0,1
"Fam133b",0.0468476709220724,-0.321382211584507,0.296,0.604,1
"Chmp2a",0.0469199236153455,-1.53917716171072,0.042,0.245,1
"Ccdc162",0.0469987967958002,-4.1156142809029,0,0.057,1
"Cgrrf1",0.0470088003746578,-4.2366998852182,0,0.075,1
"Tars",0.0470850012944018,-2.34546494860061,0.028,0.208,1
"Lrrc8d",0.0471534470965553,1.32609452813621,0.366,0.302,1
"Mrpl28",0.0471910511339633,-4.21308359641329,0,0.075,1
"Lamb3",0.0472470123293971,3.78994765146617,0.056,0,1
"Fhip2b",0.0474535712918421,2.27524017967775,0.028,0,1
"Catsper2",0.0474774874250307,1.89451237744152,0.07,0.038,1
"Nrn1",0.0479792195990669,3.87082824719304,0.042,0,1
"2310061I04Rik",0.0484801038568628,-4.57829776622507,0,0.057,1
"Mical2",0.0493093418395397,-4.38400306242586,0,0.057,1
"Megf11",0.0493254290812161,4.24499847437895,0.042,0,1
"Slc38a9",0.0493660610169362,-0.7075364950085,0.099,0.34,1
"Tfip11",0.0495681716578699,3.85967592763979,0.042,0,1
"Lman1",0.049855674336281,-0.704729363411226,0.113,0.358,1
"Gm16124",0.0498680534018882,1.77662311370574,0.028,0,1
"Rpain",0.0499642899175764,-3.72763972987883,0,0.057,1
"Osbpl3",0.0501068504255071,1.26130215486171,0.479,0.321,1
"Golga7",0.0502038658886481,-0.989002716378885,0.042,0.226,1
"Stk11",0.0503388093250516,2.2023816272882,0.127,0.075,1
"Acadvl",0.050391165268768,1.94675054623696,0.07,0.038,1
"Idh3g",0.0506794058290588,-4.52576486001848,0,0.057,1
"Psmd13",0.0507929085965197,-2.03574523174452,0.056,0.245,1
"Ppp4r1",0.0508880203325069,-1.66228296857035,0.085,0.302,1
"Mis18bp1",0.0511146318255493,0.58800075234435,0.31,0.226,1
"Gas8",0.0514747658579732,3.55705656362242,0.042,0,1
"Nsun2",0.0514934171177432,-1.42501239336003,0.07,0.264,1
"2210016L21Rik",0.0523281980738884,-4.19837665748098,0,0.094,1
"Carmil1",0.052631663972648,-3.03579155336882,0.028,0.189,1
"Lrrc4",0.0527118522660625,1.99128021067569,0.254,0.113,1
"Gm15246",0.0530868464167965,3.25484501202491,0.042,0,1
"Parl",0.0539543370042808,-2.67511303081755,0.014,0.17,1
"Crtap",0.0542713118638392,1.95765146909493,0.042,0.019,1
"Nudt14",0.0544687242278382,2.11692152265828,0.028,0,1
"Oxnad1",0.0544687242278382,2.11692152265828,0.028,0,1
"A430072P03Rik",0.054783759631556,2.12396180867173,0.028,0,1
"Akap1",0.0551495546886487,4.08796960324627,0.056,0,1
"Agpat2",0.0551816981289814,-4.09118792126632,0,0.057,1
"Gm32880",0.0556458241537193,4.08379853830038,0.056,0,1
"Tdrd3",0.0557276574866248,-1.93024999140254,0.07,0.302,1
"Caprin2",0.0561714296008153,3.7684370042649,0.042,0,1
"Polr2i",0.0565864742643095,-4.15671419951328,0,0.057,1
"Gm10863",0.0566101792931758,3.32490865900479,0.042,0,1
"Armc6",0.0566276624520331,-3.85834393419335,0,0.057,1
"Dhx30",0.0569434587219845,-1.74115034800611,0.07,0.302,1
"Lcp1",0.0570664749494182,-0.640288413906962,0.563,0.811,1
"Gm12932",0.0571947558793363,-3.44992966486465,0,0.057,1
"Tox4",0.0572229750128549,-1.34297504630101,0.085,0.321,1
"Ripk3",0.0572481346709941,-4.46820710997649,0,0.057,1
"Tuba1b",0.0574854426963759,-1.85238963146475,0.099,0.321,1
"Arhgap1",0.0575983514294896,1.46947339453882,0.155,0.094,1
"Trbv2",0.0576767221264393,2.19099292805626,0.028,0,1
"Bola3",0.0577529510843635,1.1852430951947,0.141,0.075,1
"Gm49692",0.0578462359522209,3.44140622529542,0.042,0,1
"2210016F16Rik",0.0581705852925021,4.6989690810873,0.056,0,1
"Nlrp4e",0.0583037990015035,2.00696775043658,0.028,0,1
"Gm13684",0.0583649594029208,3.9779024547468,0.056,0,1
"Apbb2",0.0588062440359309,-4.43048297422027,0,0.057,1
"Mak16",0.0588934599943305,1.58469332050246,0.296,0.189,1
"Ash1l",0.0592020589167666,0.393262726412373,0.577,0.491,1
"Gba",0.0592075502045923,3.11779853558844,0.042,0,1
"Gemin2",0.0592480795885136,3.99340079383885,0.07,0.019,1
"Tmbim1",0.0593285465694069,-4.16303628539237,0,0.057,1
"Wbp4",0.059359479665835,1.37908301079249,0.155,0.113,1
"Zfand3",0.0594231584982084,1.11565461355098,0.521,0.415,1
"Uhrf1bp1",0.0594703875491718,3.38381508384876,0.042,0,1
"Enkd1",0.059494320293604,3.26579919496647,0.042,0,1
"Ctcf",0.0597129587653767,0.543754609501903,0.479,0.358,1
"Prok1",0.0597340001794684,3.65919782340358,0.042,0,1
"Esd",0.0600331043408762,-2.71800098016449,0.014,0.17,1
"Fv1",0.0604392989147429,-4.2390703349374,0,0.057,1
"Ccdc59",0.0606146180085568,-0.934731854715955,0.07,0.264,1
"Aip",0.0609490459223443,-3.13672648608442,0.014,0.151,1
"ENSMUSG00000121596",0.0610285404510228,2.4129061656692,0.085,0.038,1
"Tfe3",0.061041065854546,-4.19154681507726,0,0.057,1
"Med27",0.0613361208998831,1.4095760970141,0.338,0.226,1
"Haus3",0.0615412437511533,-1.40829311138645,0.042,0.189,1
"Prps1l3",0.0618773804928191,-3.86290297231342,0,0.075,1
"Tspan5",0.0620016545399156,-1.1227777807113,0.127,0.283,1
"Lgals9",0.0620567923955352,1.67431455313667,0.141,0.094,1
"Gm20633",0.0620719797919172,2.3021324234168,0.028,0,1
"Gm26513",0.0620719797919172,2.3021324234168,0.028,0,1
"Otud6b",0.0621076670662043,1.8132495268048,0.127,0.038,1
"Dtx3l",0.0622376149748135,-1.17215381646018,0.099,0.321,1
"Cd200r1",0.0622973076539865,-5.45485146775457,0,0.075,1
"Rps6ka2",0.0624383515159536,4.34304132921879,0.056,0,1
"Far1os",0.0624687863961439,3.07744370556751,0.056,0.019,1
"Glg1",0.0624727844148964,-0.631054965574475,0.211,0.453,1
"Eif1b",0.0626522141245195,-1.10806816068479,0.014,0.113,1
"Lad1",0.063079199670287,3.66346593711448,0.028,0,1
"Rdh13",0.0632437417876367,2.75411013005312,0.042,0.019,1
"Tlr4",0.0632862817802874,-4.71954599186298,0,0.038,1
"Fut8",0.0635894610142857,0.866807203569965,0.676,0.547,1
"Harbi1",0.0636039338507012,-3.5603630436099,0,0.057,1
"Gfus",0.0636946553175432,-4.68243662728781,0,0.038,1
"N4bp2l1",0.0636994806673115,2.28613060806163,0.085,0.038,1
"4930558N01Rik",0.0638419493670688,2.58946599211784,0.028,0,1
"Rabepk",0.0638738673331951,2.35146050202505,0.028,0,1
"Clp1",0.0639527444665746,2.75739940342596,0.042,0.019,1
"A430005L14Rik",0.064312345567969,1.56573240040096,0.056,0.038,1
"Slc4a1ap",0.0643179116487524,1.71390569441052,0.225,0.132,1
"Lsm10",0.064485068820722,3.24744781605471,0.042,0.019,1
"Nono",0.0647592441252913,-0.657562299448159,0.169,0.396,1
"Ppp1r35",0.0649276960809871,4.27042841354717,0.056,0,1
"Taf6l",0.0652732085343673,-4.21164171456442,0,0.094,1
"Cfap298",0.0653347323551853,2.23248184576311,0.099,0.019,1
"Dancr",0.0655435264808565,2.22061480014125,0.169,0.057,1
"Srp54c",0.0655793598859182,-3.27101563934643,0,0.075,1
"Dgkq",0.0657526906990434,-4.49095561638906,0,0.038,1
"Gm56516",0.0657601635323164,2.40579230274596,0.028,0,1
"Lhpp",0.0657601635323164,2.40579230274596,0.028,0,1
"Ssna1",0.0662958688353908,-2.86180176013736,0.028,0.208,1
"Naca",0.0663125556438868,-0.366299387699197,0.352,0.585,1
"Acyp2",0.0663302011140929,-4.4757694677949,0,0.038,1
"Med11",0.0664130407845842,2.44580193164702,0.113,0.057,1
"Nudt5",0.0667346736310087,2.11638111320123,0.183,0.113,1
"Ccr5",0.0667718755469889,1.73778635716808,0.225,0.094,1
"Tgif2",0.0668509156283575,-3.45493011712261,0,0.057,1
"Xrcc6",0.0669217304618296,2.47459223985829,0.211,0.094,1
"Kat2b",0.0670113857941315,-1.18555934555693,0.268,0.585,1
"Nuak2",0.0670116620176068,-3.92349300149943,0,0.057,1
"Rab27b",0.0670178114283216,4.70044917041487,0.056,0,1
"Ints2",0.0670449691671838,-2.04195888439501,0.028,0.17,1
"H4c14",0.0672394616352011,-4.3883032731351,0,0.038,1
"Manbal",0.0673241667678506,1.8375183509452,0.127,0.075,1
"Sec23a",0.06762877969767,1.16937282204276,0.127,0.038,1
"Fmc1",0.0676820670835987,-3.71265289363941,0,0.075,1
"Rhbdd2",0.0677739145654556,-3.52949454995322,0,0.075,1
"Igip",0.0678564482295811,-4.36009008895209,0,0.038,1
"Tafazzin",0.0679010994727011,-3.37140585326648,0.014,0.132,1
"A930001M01Rik",0.0679882185614214,-4.35020650500913,0,0.038,1
"Zbtb39",0.0681524248233361,4.28976754095044,0.056,0,1
"Hnrnph2",0.0681583127458756,1.66119492878589,0.155,0.038,1
"Enoph1",0.0689584126858112,-3.35377970797202,0,0.057,1
"Atp6v0a1",0.0690616382786026,-3.17492280505345,0.014,0.113,1
"Tent4b",0.069177767344169,1.82091263487621,0.254,0.132,1
"D530017H19Rik",0.0693573987967602,-3.32762790399844,0,0.057,1
"Zfp128",0.0693924434892376,2.51929047132414,0.028,0,1
"Glmn",0.0695954217068044,-0.94767123740911,0.056,0.208,1
"Fam32a",0.0697218005549788,2.80200579959561,0.085,0.038,1
"Mindy4",0.0702519147284648,-4.21228783014899,0,0.038,1
"Mettl27",0.0704004373176909,-4.19724799203222,0,0.094,1
"Inka2",0.0705533675977995,-3.17300465145718,0.014,0.094,1
"Icosl",0.0706771165529558,-4.36140841765094,0.014,0.132,1
"Tnks1bp1",0.0707899249565687,-3.8871830969375,0,0.057,1
"Ylpm1",0.0708112140666831,-0.642669840480771,0.197,0.453,1
"Calm3",0.0709362726696151,-0.869439900349693,0.099,0.283,1
"Rita1",0.0709835293487763,-4.19048852801922,0,0.038,1
"Zc3h12c",0.071129649405383,3.73547465821796,0.042,0,1
"Tecr",0.0711399106772781,-2.67964966577171,0.028,0.189,1
"H2bc22",0.0712196282987876,-4.32931440696668,0,0.038,1
"Magi3",0.0713871596944318,1.41094621530418,0.254,0.113,1
"Hadhb",0.0714006713506598,-1.31524514947419,0.042,0.208,1
"Phtf1",0.0714742178841485,0.813569803800169,0.268,0.208,1
"Gm16599",0.0716422829980443,4.38638806397047,0.056,0,1
"Haus7",0.0717013618572371,4.47716059950443,0.056,0,1
"Dnase2a",0.0717148882004513,-5.13088653231692,0,0.038,1
"Vta1",0.0717873199985311,-0.845856313479404,0.155,0.396,1
"Plk2",0.0720951970301999,5.59826424285307,0.056,0,1
"Cep85l",0.0722850734394942,-3.035292117391,0.042,0.208,1
"Tnfrsf10b",0.0723216180039493,4.42019452258113,0.056,0,1
"Dynlt2b",0.0724715667969175,-4.11632669022504,0,0.038,1
"Chsy1",0.0725331653551815,1.36090049524654,0.408,0.283,1
"Gkap1",0.0726330276867125,-3.8155678904386,0,0.057,1
"Gm43149",0.0726541130637732,-4.18857334927025,0,0.038,1
"Foxo1",0.0728471546478742,0.627064896197185,0.437,0.358,1
"Tmem191",0.0731329286760849,-4.15515809128438,0,0.038,1
"Fam89b",0.0732009523373226,-3.42738255698876,0,0.057,1
"Gm56993",0.0732164082836985,-4.19027388321485,0,0.038,1
"Cdkl3",0.0734037508170853,4.56412959154447,0.056,0,1
"Trmt5",0.0734221284355377,-3.35901085226267,0,0.075,1
"Gemin7",0.0735030309498908,1.89250231371393,0.056,0.038,1
"Rab5c",0.0736401671149343,-1.39455502896755,0.085,0.302,1
"Gm45609",0.0737373882333083,2.67369032437417,0.028,0,1
"Ccdc51",0.0738077922794032,2.67638882045777,0.028,0,1
"Tubb2a",0.0738245372730355,-4.12528969884487,0,0.038,1
"Clic5",0.0741604885672549,2.30965337093502,0.028,0,1
"Tmem30a",0.0742022634632742,-0.745937112018157,0.141,0.396,1
"Klhdc3",0.0746265599816597,-2.6277965054974,0.014,0.113,1
"Mtrr",0.0746910240358204,1.26831620187789,0.042,0.019,1
"B3galt4",0.0749759701042519,2.72219549753611,0.028,0,1
"Mief2",0.0752253456005012,2.04300332309694,0.028,0,1
"Sgf29",0.0753556424029433,-1.39125686286993,0.028,0.17,1
"Pkp4",0.0756323468250735,0.954912748113305,0.423,0.321,1
"Lrp8",0.0759733399722324,-0.672111658668405,0.113,0.283,1
"9530077C05Rik",0.0760544881529514,3.62869582408435,0.042,0,1
"Cstf2t",0.0761122438189548,-3.85281098499727,0,0.057,1
"Kif14",0.0762060184544376,0.210526272651996,0.254,0.17,1
"Tjp2",0.0762103987736702,2.35744329447164,0.028,0,1
"Ube2l6",0.0762103987736702,2.35744329447164,0.028,0,1
"4833408A19Rik",0.0763003734697638,2.77662610465786,0.028,0,1
"Snapc1",0.0763494328611002,-1.10916618548752,0.042,0.189,1
"Pja1",0.0763836516056467,-3.99674556718513,0,0.038,1
"Gm57323",0.0765830087305474,-4.19345107496269,0,0.038,1
"Ttl",0.0766068170399279,2.07033315894653,0.028,0,1
"Gm26665",0.0767332376680694,2.79503233970335,0.028,0,1
"Gdpgp1",0.076783095814425,-4.07571827577666,0,0.038,1
"Pik3r1",0.0768611432709899,1.87033236402992,0.338,0.226,1
"Cul3",0.076923118760817,-0.362246629238911,0.451,0.717,1
"Odc1",0.0769638869335844,-1.81190624553405,0.127,0.321,1
"Mcm3",0.0770741934131485,-1.04920489596677,0.141,0.358,1
"Exosc2",0.077144701582528,-2.15247738908141,0.014,0.132,1
"Ubqln2",0.0774809207128379,3.20521708783635,0.056,0.019,1
"Qtrt1",0.0775183518178064,2.78813241718708,0.042,0.019,1
"Sh2d2a",0.0775466758320238,1.29064547235252,0.099,0.057,1
"Gm20667",0.0777496051540619,2.39419792909682,0.028,0,1
"D17H6S53E",0.0777753504136851,-4.30761455238711,0,0.057,1
"Ehd4",0.0778840718568836,-1.38403369537589,0.056,0.189,1
"Fcmr",0.0779121754770766,-4.03936971158901,0,0.057,1
"Cisd2",0.0779225349165356,-1.70414432199495,0.085,0.321,1
"Eps15",0.0781585419109319,1.36379740489498,0.211,0.17,1
"Htr2b",0.0783267453239543,-3.95255290835062,0,0.038,1
"Dipk2a",0.0783545649496022,-2.24965293940928,0.014,0.113,1
"Gzmc",0.0784399772162798,-4.0473796755372,0,0.038,1
"Bcl9l",0.0786091570474459,3.62536185325684,0.085,0.019,1
"Acadsb",0.0788579757159759,-1.9653037040359,0.014,0.113,1
"Slc6a13",0.0789467618041231,-3.88470609832295,0,0.038,1
"Zc3hav1",0.0794390715862277,-0.500722395036622,0.479,0.755,1
"Relt",0.0795096720292481,-4.82592874212018,0,0.038,1
"Emc4",0.0796668372121598,-3.9725982752923,0,0.038,1
"Tbc1d32",0.0797099798501098,-3.38217969804681,0,0.057,1
"Fam122a",0.0797163724657689,2.9311700480886,0.028,0,1
"Gm26621",0.0798647301194755,2.93840437119259,0.028,0,1
"Czib",0.0800725016841525,1.60454388984364,0.028,0.019,1
"Iqsec1",0.0800987704270101,-3.52109200699061,0,0.057,1
"Snrnp25",0.0801778884045572,3.08078204913785,0.056,0.019,1
"Enox2",0.080310451261778,0.942482850359727,0.507,0.415,1
"Lins1",0.0805208184284133,4.33194525715685,0.056,0,1
"Ino80c",0.0806623755275226,1.32746502597291,0.028,0.019,1
"Plekha3",0.0806835540588359,-1.11485398091328,0.056,0.245,1
"9930012K11Rik",0.0807870417837062,-4.01291441135277,0,0.038,1
"Braf",0.0808051753416103,-0.812408123308265,0.169,0.396,1
"Ckap5",0.081059764699723,0.667638170740346,0.62,0.566,1
"Jagn1",0.0811390972400402,-3.89990160885083,0,0.038,1
"Piwil2",0.0811497894113323,-3.99055534736214,0,0.038,1
"Ralgapb",0.0812026878711599,1.19129221195922,0.254,0.17,1
"Gm56847",0.0813036674642451,4.40044000597914,0.056,0,1
"Alyref2",0.0813395662159641,2.48696219218176,0.028,0,1
"Tmem185b",0.0813395662159641,2.48696219218176,0.028,0,1
"Gm11423",0.0814282714474943,-4.47778727019317,0,0.038,1
"Gm19951",0.0814282714474943,-4.93832743836757,0,0.038,1
"Nexn",0.0814335099684853,3.01795017486408,0.028,0,1
"Rxra",0.0814335099684853,3.01795017486408,0.028,0,1
"mt-Co1",0.0816166141669051,-0.377831346466018,0.775,0.736,1
"Dop1a",0.0818495001810778,0.848095846655204,0.296,0.226,1
"Nbdy",0.0823233834325121,-4.12442437463701,0,0.038,1
"Mpzl3",0.0824646001509467,-4.266721672025,0,0.075,1
"Gnpnat1",0.0824669740098531,1.6622357006705,0.028,0.019,1
"Tra2b",0.0826764284648403,0.281894058537141,0.606,0.509,1
"Etfrf1",0.0826789458571773,1.36378033616656,0.028,0.019,1
"Plag1",0.082692661245131,-5.22889797392113,0,0.038,1
"Rwdd1",0.082783515365665,-1.8398281258531,0.056,0.245,1
"Rbpj",0.0831778583029887,-0.743183139328154,0.423,0.679,1
"Ptgir",0.0832006773509585,1.19220835480486,0.042,0.019,1
"Rasa4",0.0834037562417014,3.12773646596198,0.028,0,1
"P4htm",0.0836405541110553,4.48085360620019,0.056,0,1
"Gm57352",0.0838862439866312,-4.32793720725095,0,0.038,1
"Dapl1",0.0840929841443413,3.30771025504327,0.028,0,1
"Gm56867",0.0840929841443413,3.16726419627741,0.028,0,1
"Mettl17",0.0841117228872605,-3.27131676911173,0,0.057,1
"Zfp689",0.0841730623354712,-3.97189375788846,0,0.038,1
"Mgst2",0.0842850961628726,2.57031001684202,0.028,0,1
"Trpm4",0.0843278290107752,-3.72394613568632,0,0.038,1
"B3glct",0.0843286114542264,1.39696983234606,0.085,0.019,1
"Ceacam16",0.0843831575990948,-4.00033200359051,0,0.038,1
"Iqgap2",0.0846854018821029,0.826464052824104,0.592,0.509,1
"Arsb",0.0848372836545837,1.30182993603306,0.254,0.17,1
"Gm11696",0.0851941743632277,-3.7311344550983,0,0.038,1
"Gcnt1",0.0853168950039136,-3.94060097696358,0,0.038,1
"2010204K13Rik",0.0853725989019362,3.63937969309382,0.042,0,1
"Mettl25",0.0854083976631943,-2.04667142506313,0.042,0.189,1
"Usp4",0.0854453460917445,-1.03600774063805,0.085,0.283,1
"Tor1aip2",0.085680657191196,0.686250956183477,0.437,0.434,1
"Hint3",0.0857197343619892,-3.37586460323877,0,0.057,1
"Ints6l",0.0859181035470604,-1.546745272352,0.028,0.208,1
"Arl5a",0.0859189119545152,0.735186962261565,0.254,0.189,1
"Slc36a4",0.0859446502269614,3.04932455560392,0.042,0.019,1
"Bmt2",0.0860523937692839,1.68935257934046,0.254,0.151,1
"Tpp1",0.0861866693261814,2.08372126035968,0.085,0.075,1
"Tmem218",0.0862885788636128,3.68107500091195,0.042,0,1
"Acsl4",0.0865060523921419,0.395730282450722,0.408,0.358,1
"Gm43713",0.086710736679923,2.21302510570282,0.028,0,1
"Zfyve26",0.086737866910841,2.67607990198471,0.183,0.075,1
"Gm36551",0.0867531420052774,5.2691635091966,0.056,0,1
"Cops7b",0.0868720467916755,-3.69703974581831,0.028,0.189,1
"Lonrf3",0.0868899856704542,-3.8185515516665,0,0.038,1
"Exoc5",0.0869011526755607,1.3515007627779,0.282,0.208,1
"Gm4117",0.0871390063264059,-3.81822205146644,0,0.038,1
"Sfrp2",0.0872070039758295,-3.81483137890705,0,0.038,1
"Smim15",0.0872945474214822,-3.92940774707986,0.014,0.151,1
"6430550D23Rik",0.0873241329070984,2.54489672836366,0.042,0.019,1
"2210408F21Rik",0.0874245728563093,-1.34738269228412,0.042,0.189,1
"Abhd8",0.0874570410259065,2.21003211791401,0.028,0,1
"Arl16",0.0874570410259065,2.21003211791401,0.028,0,1
"Gm5617",0.0874570410259065,2.21003211791401,0.028,0,1
"Snx9",0.0880421734197752,-0.833288509838935,0.113,0.34,1
"Rps27rt",0.0884140033628014,-3.63089328765992,0,0.038,1
"Vmn1r43",0.0885526321221197,2.81779319610056,0.042,0.019,1
"Lrmda",0.0890199153454036,5.23141550233114,0.056,0,1
"Fam53c",0.0890254892450605,-2.24341681345696,0.014,0.094,1
"Gm49747",0.0892212528060643,2.72795332295028,0.028,0,1
"Zdhhc1",0.0893663717051142,-4.24632433037096,0,0.038,1
"Spsb3",0.0897409536860441,2.74608508665277,0.028,0,1
"Zfp398",0.090645451760073,1.32954725584473,0.282,0.17,1
"Nim1k",0.0907308070356155,3.36746396729121,0.042,0,1
"Trbv19",0.0911492946283882,-3.63936144823079,0,0.038,1
"Aff3",0.0912394107711258,-1.48469076145363,0.183,0.415,1
"Gm38115",0.0912915218296795,2.80218032703437,0.028,0,1
"Btd",0.0914124513679473,2.06678702515747,0.042,0.019,1
"Pex5",0.091530373404715,3.11067899784199,0.056,0.019,1
"Crtac1",0.0915455815204092,-3.96525715194752,0,0.038,1
"Wasf2",0.0916903976805147,-0.883879565152792,0.282,0.547,1
"Fam241a",0.0919898409145668,-1.53728571029449,0.042,0.189,1
"Numa1",0.0920981613202251,-1.16947089220861,0.239,0.509,1
"Gm14471",0.092226013214269,2.83752890578344,0.028,0,1
"Esco1",0.0923341608535389,-0.642963939485401,0.183,0.415,1
"Ddx27",0.092357087364903,1.84918859763235,0.296,0.189,1
"Npm3",0.0924350082992255,-2.33104849070988,0.028,0.189,1
"Dok2",0.0925198984836326,-1.72940098959136,0.099,0.358,1
"Uba2",0.0926831510397726,-1.24597835293195,0.183,0.434,1
"Pdzd8",0.0928593648221313,1.58180394708112,0.282,0.17,1
"Fgr",0.0929515523296548,-3.87396250083821,0,0.038,1
"Herc6",0.0930583673516876,-1.00571327981164,0.155,0.415,1
"Magohb",0.0931388561232057,3.63194717988351,0.085,0.019,1
"Gm16158",0.093195817501346,2.20882859277204,0.155,0.038,1
"Cdca7l",0.0932072757886879,0.635456267176992,0.254,0.151,1
"Tob2",0.0933179655934248,1.81414577926843,0.099,0.057,1
"Sugp1",0.0935906035922179,-1.37205760029919,0.056,0.208,1
"Tanc2",0.0937997087839818,-2.2219034119922,0.028,0.132,1
"Prelid1",0.0941843445113531,-1.20345803200584,0.155,0.396,1
"Spef2",0.0943944190525095,-0.671397302524003,0.07,0.264,1
"Ydjc",0.0944626262739199,-3.14026857925103,0,0.057,1
"Map1s",0.0945379220103622,-1.50198109009893,0.028,0.17,1
"Lrp10",0.0945411121267359,-1.86073996984416,0.099,0.321,1
"Angptl6",0.094605673929418,-3.86239585139225,0,0.038,1
"B9d2",0.0946657393202567,1.5515863172837,0.028,0.019,1
"H2ac10",0.0947430506766098,2.03054678952875,0.028,0.019,1
"Nup155",0.0948375658750101,-0.602948502954078,0.113,0.358,1
"Hectd1",0.0949482693669927,0.111597336571709,0.507,0.717,1
"1110032F04Rik",0.0949831319843198,2.35170572063887,0.028,0,1
"Gm16066",0.0952713280636147,-3.52259047266945,0,0.038,1
"Usp30",0.0952874652781778,3.47599754377803,0.042,0,1
"Dnajb4",0.0953189604250899,-3.74171729301963,0,0.038,1
"Prkar2b",0.0953546921408978,-3.73992025413213,0,0.038,1
"Ago2",0.0954663317529557,-0.145872106853068,0.324,0.585,1
"Sik1",0.0955032768224936,2.36123793387724,0.028,0,1
"Atxn7",0.0955535995265771,-1.00372833645979,0.183,0.358,1
"Atp2c1",0.0956536477659762,0.998638436918343,0.254,0.226,1
"Rbbp7",0.0958982958627135,-1.55355870738672,0.183,0.415,1
"Trappc10",0.0959444982501651,-1.04250802003061,0.085,0.264,1
"4930405O22Rik",0.0961089142963191,2.99876213004253,0.028,0,1
"H3c1",0.0961449065939929,3.91019413189374,0.042,0,1
"Tmem94",0.0967189463115044,-3.30515000736224,0,0.057,1
"Mxd4",0.0967651311862742,-3.55822856714744,0,0.057,1
"4931406C07Rik",0.0967800334386082,2.13270208424333,0.028,0,1
"5830418P13Rik",0.0967800334386082,2.13270208424333,0.028,0,1
"Nmnat2",0.0967800334386082,2.55026910205016,0.028,0,1
"Gm8817",0.0968010537541692,3.03027257087159,0.028,0,1
"Mrpl54",0.0968354619292903,0.817691207701135,0.113,0.057,1
"Zbtb9",0.0968668098807433,-3.0917660972899,0,0.057,1
"Tmc4",0.0969061988287884,3.03514159742595,0.028,0,1
"Lrrc75a",0.0969931484173651,-3.7290353739465,0,0.038,1
"Mfn2",0.0970044502795505,-3.09957103801154,0.014,0.113,1
"Gm15472",0.097677974528662,3.44787160144021,0.042,0,1
"Chmp4b",0.0978259445313777,-0.731517333354172,0.211,0.453,1
"H2bc27",0.0978835164220757,-3.4443679225945,0,0.038,1
"Tspyl2",0.0978835164220757,-3.9139302857028,0,0.038,1
"H2bc9",0.0979076317869052,-4.07010345722172,0,0.038,1
"Slc25a44",0.0979076317869052,-4.07010345722172,0,0.038,1
"Epc1",0.0979481700153718,1.38825984232863,0.324,0.245,1
"Zmat1",0.0980790025613271,3.69499558763456,0.042,0,1
"Tmem14c",0.0981869145846181,-2.26583366142313,0.014,0.132,1
"Plk3",0.0982257918739478,-3.88565872678712,0,0.057,1
"Zfhx3",0.0982576062901013,-3.43564341339364,0,0.038,1
"Hs3st3b1",0.0982741087000771,-1.48967118232893,0.042,0.208,1
"Gm15860",0.0982796827401626,3.10085238131068,0.028,0,1
"Rfx2",0.0984070836938255,3.10715473523308,0.028,0,1
"Ccdc116",0.0984509366254664,-3.60106828449271,0,0.038,1
"Trim45",0.0984509366254664,-3.60106828449271,0,0.038,1
"Gm35612",0.0985129271651981,3.52447991401797,0.042,0,1
"Chaf1a",0.0987364954534084,-1.59856316637453,0.07,0.245,1
"Cox14",0.0991447602772415,1.83176943736892,0.099,0.057,1
"Get3",0.0993138703820146,2.77542160905931,0.042,0.019,1
"Clpb",0.0993902452063359,2.93349792975605,0.127,0.057,1
"Eml2",0.0994113132586179,2.01687476246797,0.042,0.019,1
"Fam91a1",0.0996720304129906,-1.3025193198924,0.056,0.226,1
"Rgcc",0.099686837388307,2.16214637388864,0.028,0,1
"Mx1",0.0998310460078034,2.56922300942214,0.127,0.038,1
"Lca5",0.0999564328153722,2.24102588961441,0.028,0.019,1
"A230056P14Rik",0.100028038662273,-3.39688773922737,0,0.038,1
"Gm46563",0.100344793484315,-3.46172027803548,0,0.038,1
"Gm5914",0.100369177552215,-3.39190248992682,0,0.038,1
"Mettl9",0.100507596703451,-1.43676693888801,0.099,0.321,1
"Gmeb2",0.100846206188399,-2.48556255882768,0.042,0.189,1
"Atad2",0.101177543870901,-0.793261102736478,0.338,0.623,1
"Notch1",0.101282155569984,1.23528724476656,0.268,0.208,1
"Gba2",0.101383415909267,-3.82228559982229,0,0.038,1
"Gm17494",0.101525375582153,1.4171637871193,0.028,0.019,1
"Degs1",0.101604463659313,1.09346360406847,0.099,0.038,1
"4930579G18Rik",0.10199717983683,3.71163336012469,0.042,0,1
"Fbxo47",0.102040702127557,-3.16893994711507,0,0.057,1
"Ddx50",0.102503371875299,-0.685272563973522,0.225,0.472,1
"Ass1",0.102636547439123,-1.3785533081025,0.056,0.226,1
"Med31",0.102720804809336,0.73668936915555,0.07,0.019,1
"Mxd3",0.102803164941346,3.41151119339319,0.085,0.019,1
"Lrif1",0.102940905579277,1.62522350698394,0.183,0.113,1
"Gpr141",0.102943977354784,-3.88472444538478,0,0.038,1
"Tspan32",0.103019960829252,2.58436445847669,0.155,0.057,1
"Lmo4",0.103063079590948,2.78802751506843,0.028,0,1
"Gm33989",0.103338835720995,-3.82835374809213,0,0.038,1
"Sgsh",0.103388239566517,-3.43138672557099,0,0.038,1
"Hras",0.103845715572221,-3.68498073018307,0,0.038,1
"Habp4",0.10388136536345,-3.30039906864376,0,0.057,1
"Rhoq",0.103926304450358,2.50461855528362,0.225,0.132,1
"Luc7l2",0.104166981823801,0.339889408459899,0.732,0.679,1
"Usp21",0.104328878593308,-3.92551704843155,0,0.038,1
"Taco1",0.104344939696202,0.993696729026579,0.746,0.528,1
"Atosa",0.104728997286271,-1.99982392649478,0.07,0.264,1
"Thumpd1",0.104991150254504,-1.82867513232144,0.056,0.208,1
"Mirt1",0.105264468550122,2.53556642207516,0.028,0,1
"Fundc1",0.10557276619597,-3.0828342385559,0,0.057,1
"Tbc1d9b",0.105573051738852,-1.48309838189787,0.113,0.321,1
"Yes1",0.105660170562119,-1.92260755128069,0.085,0.264,1
"Lemd3",0.10573494566301,-0.952664673190623,0.07,0.264,1
"Ppp4c",0.10577961301281,-0.858894527839918,0.197,0.472,1
"Amotl1",0.105808450415747,-3.92059428892147,0,0.075,1
"Btbd7",0.105956008361947,0.869829912764821,0.507,0.396,1
"Atraid",0.106021468704139,-3.31918811371202,0,0.038,1
"Rc3h2",0.106381308634239,0.945997804003168,0.296,0.264,1
"Gm56698",0.106822147440534,-3.27479036469882,0,0.038,1
"Stag2",0.106929047573333,0.651401907578816,0.521,0.472,1
"Ublcp1",0.106938975160559,3.17552346086123,0.07,0.019,1
"Paxx",0.1074554062645,-1.94571525526265,0.014,0.094,1
"Atg10",0.107930143650869,-0.792660084465567,0.085,0.264,1
"Sacs",0.107988331647027,-1.10591783117068,0.169,0.358,1
"Pigs",0.107999718371999,-1.93628680214717,0.042,0.17,1
"AI597479",0.108049898424738,3.71973935108975,0.042,0,1
"Crbn",0.108069335204141,-2.13270597977257,0.056,0.226,1
"Pitpnc1",0.108176301116469,0.596415736044385,0.704,0.642,1
"Bphl",0.108255012640697,-3.81445025276999,0,0.038,1
"Glul",0.108279205763572,-2.24495997157876,0.014,0.113,1
"Dnaaf10",0.108422220497941,2.44447309184712,0.127,0.038,1
"Gm13708",0.108757667808966,2.44658237847549,0.127,0.019,1
"1810041H14Rik",0.108766422235101,3.74749315131194,0.042,0,1
"Gm3604",0.108941399568748,-3.27645647644904,0,0.057,1
"Lrrk1",0.109043149049466,3.09213574253261,0.127,0.019,1
"Poglut3",0.109139101369879,-3.2856678356428,0,0.038,1
"Katnbl1",0.109267431252105,1.51809200557347,0.338,0.283,1
"Kansl3",0.109300831139049,-1.10117813893097,0.07,0.208,1
"Tmem268",0.109322680533314,2.63066798693437,0.028,0,1
"Cenpa",0.109455374756155,-0.97521767324889,0.113,0.321,1
"Ccdc6",0.109666113957756,0.96051999242538,0.183,0.132,1
"Pcsk4",0.109747223057461,-3.72615712583478,0,0.038,1
"Fndc9",0.11010291157919,3.57228128484577,0.042,0,1
"Man2c1",0.110111817595598,-1.53251038962766,0.014,0.094,1
"Sidt1",0.110158196739822,2.76636383149163,0.085,0.019,1
"Foxd2os",0.11062411229911,-3.84541298488843,0,0.038,1
"Cbr4",0.110759067386102,3.14120395329493,0.056,0.019,1
"Fam122b",0.11082665827641,-4.03055853760476,0,0.057,1
"Chst10",0.111006373691031,-3.39819628539779,0,0.038,1
"Ripor1",0.111100752684758,2.70971948754136,0.028,0,1
"Rnd1",0.111108413467857,-3.8141273399221,0,0.038,1
"Glb1",0.111133623674416,-1.36531581546291,0.056,0.208,1
"Syf2",0.111235270863423,-2.94853286062872,0.014,0.151,1
"Ephb6",0.111338162586423,-3.64233075579623,0,0.038,1
"Mapkap1",0.111374499288631,-0.679854178111192,0.268,0.547,1
"Nrros",0.111444779751688,1.18586574176516,0.254,0.17,1
"Srp19",0.111572657917129,-1.73902038264814,0.07,0.208,1
"Eif3f",0.111677263190694,-1.45561716456111,0.127,0.34,1
"Emc3",0.111754489458721,-0.425403731167582,0.056,0.208,1
"Mtrf1l",0.112046782751155,-1.37075519843713,0.042,0.151,1
"Exo1",0.112481548843442,3.44761147931123,0.141,0.038,1
"Mtmr10",0.113073485237343,3.85482695136882,0.042,0,1
"Shpk",0.113127875193664,2.76672702009646,0.028,0,1
"Mns1",0.113197050216707,-3.69202652118291,0,0.038,1
"Frmd4b",0.113398743830131,3.65130977785486,0.141,0.038,1
"Zbtb17",0.113443803219819,3.76989143799943,0.042,0,1
"Fpgt",0.113519024517766,-3.18176643978597,0,0.038,1
"Senp3",0.113754877055248,-2.18570614119645,0.042,0.226,1
"Mllt10",0.114230299679613,0.368052870264212,0.634,0.547,1
"Ccdc32",0.114442417838534,-3.91527475065541,0,0.057,1
"Plrg1",0.114522803794113,2.76918621167764,0.028,0,1
"Bag5",0.114790886164657,-2.23905698344097,0.014,0.057,1
"Pim2",0.114958387772338,-0.638151285626747,0.197,0.434,1
"Brat1",0.115036874015874,2.78407353522977,0.028,0,1
"Ttc30b",0.115036874015874,2.78407353522977,0.028,0,1
"Gm10762",0.115281291677115,4.03595324225174,0.042,0,1
"Ahdc1",0.115462087263434,2.84225375821859,0.07,0.019,1
"Cacna1a",0.115669680484969,2.8434496958638,0.028,0,1
"Cdkl4",0.116084713030914,-3.3668728804729,0,0.038,1
"Bfsp2",0.116202004459809,-3.15332313270003,0,0.038,1
"Tada2b",0.116223248448228,2.79512636212343,0.028,0.019,1
"Zfp955b",0.116350306781617,1.01985346967506,0.099,0.094,1
"Ccser1",0.116828556301379,-4.3852441103318,0,0.038,1
"Rrm1",0.116995241224485,0.922151415047933,0.324,0.283,1
"Mdh1",0.117005958961012,-2.22317072674323,0.028,0.189,1
"Sgsm3",0.117093177052645,-4.02708359225941,0,0.057,1
"Ncln",0.117101186940671,-1.84167132202407,0.014,0.151,1
"Gm43466",0.117351973684261,-4.00660431113522,0,0.038,1
"Papss1",0.117620438775668,1.49395231484752,0.07,0.019,1
"P2ry12",0.118007909375832,-3.21106776943306,0,0.038,1
"Bbs1",0.118034185473729,-3.1342124980361,0,0.038,1
"Prorsd1",0.118191904771217,-3.20725545193253,0,0.038,1
"Ergic2",0.118272474177325,-1.05993550769738,0.099,0.34,1
"1810030O07Rik",0.118543644906558,0.943556532968522,0.085,0.019,1
"4932438H23Rik",0.118573504726498,-3.12562910150656,0,0.038,1
"Gm26944",0.118750824988765,0.442034680335589,0.028,0.019,1
"Trmu",0.119351515993184,-3.8163686946527,0,0.057,1
"Slc25a16",0.119563480549612,-1.97498101988292,0.014,0.113,1
"Rad23a",0.119837250956699,-1.57260720969577,0.042,0.189,1
"Ndfip2",0.120043354424736,-0.529195762317434,0.141,0.377,1
"C530020B09Rik",0.120139714734874,1.6405305262067,0.028,0.019,1
"Gm26759",0.120491055100878,-3.78448045771694,0,0.038,1
"Rtcb",0.120779681558859,-0.835220342362418,0.085,0.264,1
"Ring1",0.12079517861942,1.96547542029611,0.042,0.019,1
"Pced1a",0.120813601504465,1.286291541914,0.042,0.019,1
"Smurf2",0.120903829955563,-0.27753833809332,0.197,0.434,1
"Tmem198",0.121120833856741,3.03189189028973,0.028,0,1
"Garin3",0.121320176662063,-1.68883509301481,0.028,0.151,1
"H2-Q10",0.121431693481962,3.7737827938129,0.042,0,1
"Mcur1",0.12143885713081,-3.32570460158858,0.014,0.113,1
"Gm4258",0.121448578210275,3.70363617055181,0.042,0,1
"Msto1",0.121482286561253,-3.47043367989464,0.014,0.113,1
"Gm28379",0.121600528812056,4.0287433412475,0.042,0,1
"Kctd17",0.121978676980365,-3.58911429547245,0,0.075,1
"Naga",0.122250791359677,-3.68206129824551,0,0.038,1
"Ptp4a1",0.122500937275262,2.44626780278961,0.028,0,1
"Acat2",0.122574183123136,2.85846649235037,0.085,0.019,1
"Mrtfb",0.122891298085326,-1.28351972122216,0.127,0.302,1
"Prr14l",0.123238226570171,-0.262081672462404,0.338,0.585,1
"Tlr6",0.123431586547174,-3.17144409580259,0,0.038,1
"Zdhhc16",0.123669456897817,-3.91157656470907,0,0.057,1
"Map4",0.123907444080337,0.167063723514698,0.465,0.434,1
"4930430F08Rik",0.124010824514739,-3.99197636552598,0,0.038,1
"Vegfc",0.124064783120172,-3.20129286868729,0,0.038,1
"Gpr174",0.124321926289611,-1.09743397330304,0.113,0.302,1
"Tmem140",0.124431360184612,-4.12425095761026,0,0.057,1
"Arih1",0.124440332543218,0.485824158172862,0.662,0.585,1
"Chpt1",0.125160250232573,-3.07338911947928,0,0.038,1
"1810024B03Rik",0.125422149214435,3.81317545161328,0.042,0,1
"Gm56999",0.12543653655937,3.21116607750102,0.028,0,1
"Tmem276-zftraf1",0.12555327437165,-2.84526230118164,0,0.057,1
"Ubald1",0.125648853452518,-3.22552208671562,0,0.038,1
"Btbd1",0.125682946121954,-0.843460129673338,0.183,0.434,1
"Brcc3",0.125748430308737,-1.76883132230801,0.056,0.226,1
"Micos13",0.126043231150005,-3.15559225226365,0,0.038,1
"Atp6ap2",0.126155973035825,1.13937739693901,0.042,0.019,1
"Hnrnpk",0.126436796862841,0.688457200358874,0.408,0.377,1
"Gm56546",0.126443881663787,3.91130031073472,0.042,0,1
"Fitm2",0.126601467251761,-3.97837872446081,0,0.057,1
"Prdx1",0.126667865810164,-1.23784102970911,0.141,0.396,1
"Thop1",0.126928571909156,3.80305393490302,0.042,0,1
"Enpp1",0.127504438596303,-3.00625553132391,0,0.038,1
"Gm31645",0.127504438596303,-3.00625553132391,0,0.038,1
"Dnase1l1",0.128011968947421,-3.85677853535884,0,0.038,1
"Serpina3g",0.12808563035379,-1.05684949807484,0.07,0.189,1
"Recql4",0.128271233525281,-1.84946846914135,0.014,0.057,1
"Fam174a",0.128283311567291,3.13334918399231,0.07,0.019,1
"Txndc15",0.12830425662363,-1.57635527289839,0.028,0.132,1
"Rad54l2",0.128511150970777,1.24832586187766,0.296,0.208,1
"Hadh",0.128562152233725,-2.42064019572966,0.028,0.151,1
"Lsamp",0.128604773813949,2.06178658605175,0.183,0.094,1
"Tex10",0.128866217522268,-1.1069386428411,0.141,0.321,1
"Edrf1",0.128881222786902,-1.50305009450372,0.07,0.245,1
"Anxa4",0.128920204275777,-3.09510681607045,0,0.038,1
"Gpr137",0.128961576897364,-3.38510594397933,0,0.038,1
"Nipsnap3b",0.12919522054068,-1.13589858165562,0.014,0.113,1
"Nmral1",0.129196169008202,-3.97219129496724,0,0.038,1
"1700029J07Rik",0.129280366428633,0.735518715965448,0.014,0,1
"4930420G21Rik",0.129280366428633,0.735518715965448,0.014,0,1
"4930522L14Rik",0.129280366428633,0.735518715965448,0.014,0,1
"5830487J09Rik",0.129280366428633,0.735518715965448,0.014,0,1
"9330179D12Rik",0.129280366428633,0.735518715965448,0.014,0,1
"A830082N09Rik",0.129280366428633,0.735518715965448,0.014,0,1
"Abcg3",0.129280366428633,0.735518715965448,0.014,0,1
"Abhd1",0.129280366428633,0.735518715965448,0.014,0,1
"Acyp1",0.129280366428633,0.735518715965448,0.014,0,1
"Akt1s1",0.129280366428633,0.735518715965448,0.014,0,1
"Amz1",0.129280366428633,0.735518715965448,0.014,0,1
"Atl1",0.129280366428633,0.735518715965448,0.014,0,1
"BC028528",0.129280366428633,1.36933422001429,0.014,0,1
"Ccr9",0.129280366428633,0.735518715965448,0.014,0,1
"D030025E07Rik",0.129280366428633,1.36933422001429,0.014,0,1
"D130020L05Rik",0.129280366428633,0.735518715965448,0.014,0,1
"Dbndd2",0.129280366428633,0.735518715965448,0.014,0,1
"Dnaaf4",0.129280366428633,0.735518715965448,0.014,0,1
"ENSMUSG00000121346",0.129280366428633,0.735518715965448,0.014,0,1
"Gm10069",0.129280366428633,0.735518715965448,0.014,0,1
"Gm12107",0.129280366428633,0.735518715965448,0.014,0,1
"Gm15327",0.129280366428633,0.735518715965448,0.014,0,1
"Gm17354",0.129280366428633,0.735518715965448,0.014,0,1
"Gm17949",0.129280366428633,0.735518715965448,0.014,0,1
"Gm28403",0.129280366428633,0.735518715965448,0.014,0,1
"Gm29521",0.129280366428633,0.735518715965448,0.014,0,1
"Gm34276",0.129280366428633,0.735518715965448,0.014,0,1
"Gm34343",0.129280366428633,0.735518715965448,0.014,0,1
"Gm35217",0.129280366428633,0.735518715965448,0.014,0,1
"Gm35239",0.129280366428633,0.735518715965448,0.014,0,1
"Gm43480",0.129280366428633,0.735518715965448,0.014,0,1
"Gm43703",0.129280366428633,0.735518715965448,0.014,0,1
"Gm47200",0.129280366428633,0.735518715965448,0.014,0,1
"Gm5532",0.129280366428633,0.735518715965448,0.014,0,1
"Gm56741",0.129280366428633,0.735518715965448,0.014,0,1
"H3c2",0.129280366428633,0.735518715965448,0.014,0,1
"Habp2",0.129280366428633,0.735518715965448,0.014,0,1
"Ifi44l",0.129280366428633,0.735518715965448,0.014,0,1
"Mturn",0.129280366428633,0.735518715965448,0.014,0,1
"Nectin3",0.129280366428633,1.36933422001429,0.014,0,1
"Or51b4",0.129280366428633,0.735518715965448,0.014,0,1
"Or8b53",0.129280366428633,0.735518715965448,0.014,0,1
"Plek",0.129280366428633,0.735518715965448,0.014,0,1
"Plin3",0.129280366428633,0.735518715965448,0.014,0,1
"Ppt2",0.129280366428633,0.735518715965448,0.014,0,1
"Prss41",0.129280366428633,0.735518715965448,0.014,0,1
"Ptpn21",0.129280366428633,0.735518715965448,0.014,0,1
"Repin1",0.129280366428633,0.735518715965448,0.014,0,1
"Rsad2",0.129280366428633,0.735518715965448,0.014,0,1
"Rtl6",0.129280366428633,0.735518715965448,0.014,0,1
"Sapcd1",0.129280366428633,0.735518715965448,0.014,0,1
"Sez6",0.129280366428633,1.36933422001429,0.014,0,1
"Spring1",0.129280366428633,0.735518715965448,0.014,0,1
"Srrm3",0.129280366428633,0.735518715965448,0.014,0,1
"Tmem106c",0.129280366428633,0.735518715965448,0.014,0,1
"Tmem159",0.129280366428633,0.735518715965448,0.014,0,1
"Trav14d-3-dv8",0.129280366428633,0.735518715965448,0.014,0,1
"Trib1",0.129280366428633,0.735518715965448,0.014,0,1
"Trim34b",0.129280366428633,0.735518715965448,0.014,0,1
"Wdr55",0.129280366428633,0.735518715965448,0.014,0,1
"Hgsnat",0.129320466351384,-3.49208780769272,0,0.038,1
"Aacs",0.129470019260866,1.14923852664344,0.169,0.113,1
"Hes6",0.129486305716375,-3.76230613522688,0,0.038,1
"Cnot10",0.129488602072289,1.59086057614598,0.239,0.17,1
"Fkbp1a",0.130027935838399,0.39701352681686,0.296,0.283,1
"Srpr",0.130064802516088,-1.16077329918587,0.141,0.34,1
"Pbrm1",0.130161416829916,0.549031235040079,0.507,0.491,1
"Spred2",0.130755130383596,0.6228209102956,0.451,0.358,1
"Zfp595",0.130956699522368,-3.02763394771469,0,0.038,1
"Fgl2",0.13131887830508,-4.04778785134167,0,0.038,1
"Tmem138",0.131493894027267,2.14241731722624,0.07,0.019,1
"Plk1",0.13212524922121,-3.20430235366048,0.028,0.151,1
"Zfp593",0.132142985640944,-3.6155464061885,0,0.038,1
"Ccnb2",0.132144330558565,0.948748400575459,0.211,0.17,1
"Cux1",0.132172014747495,1.09431914160388,0.493,0.34,1
"Nedd9",0.132277013048525,0.742948992249518,0.606,0.585,1
"Reps1",0.132440351761134,0.608703066738591,0.324,0.245,1
"Fgf13",0.132523581570608,2.24511840475751,0.225,0.132,1
"Coa7",0.132837747037565,-3.68681464957823,0,0.057,1
"Crybg2",0.133139276474394,-2.91185873289416,0,0.057,1
"1700001G11Rik",0.133181048317074,-3.97538283930287,0,0.038,1
"Camk2d",0.133425207819196,-1.00807765933556,0.282,0.566,1
"Htatsf1",0.133539427292642,-2.81559491650381,0.028,0.17,1
"Rnpc3",0.133646419279527,1.03045659543336,0.197,0.151,1
"Traj18",0.133681240085362,-3.16687795033693,0,0.057,1
"S100pbp",0.133706797143442,-0.612594868016242,0.07,0.208,1
"Btla",0.133763388822436,1.62432809613139,0.127,0.057,1
"Gm10138",0.133955814029019,-4.08198693213822,0,0.038,1
"Pde6h",0.134142496897136,3.95960039615136,0.042,0,1
"Golim4",0.134289352712642,-1.60788168277737,0.042,0.17,1
"Zfp113",0.134314224833979,-3.63573935421344,0,0.057,1
"Amdhd2",0.134323034877043,-3.42403909305201,0,0.038,1
"Cdk14",0.134383587530625,3.9681159018867,0.042,0,1
"Rpp14",0.134491212948207,0.826677510396302,0.042,0.038,1
"9330151L19Rik",0.134656284621291,3.97103191597656,0.042,0,1
"Mrpl15",0.135240487120771,-0.951882065274314,0.07,0.208,1
"Ndufaf2",0.135426974328748,-2.43909508151357,0.042,0.189,1
"Unc45a",0.135476508512925,-3.02205897651508,0.014,0.094,1
"Klhl42",0.135670138984035,-3.1807053391146,0,0.038,1
"Samd3",0.135670138984035,-3.1807053391146,0,0.038,1
"Tmem242",0.13582166308715,3.59137780662518,0.056,0.019,1
"Samd10",0.135948034626572,0.561197161873316,0.042,0.019,1
"Zfp28",0.135954815818222,-3.44444825665181,0,0.038,1
"Fam120c",0.13602651649124,-1.17984073787655,0.085,0.226,1
"Mlycd",0.13604029233521,-3.77897954128273,0,0.038,1
"Pttg1ip",0.13604029233521,-3.77897954128273,0,0.038,1
"Pif1",0.136067141226771,2.37016718703929,0.042,0.019,1
"L2hgdh",0.136109615467383,2.15337769538695,0.07,0.019,1
"Senp8",0.136249307772787,-4.33550363847394,0,0.075,1
"Itm2c",0.136336338849931,-1.61064487228602,0.028,0.17,1
"Dubr",0.136351082345656,-0.762304741293861,0.056,0.208,1
"Ston2",0.136831428534073,3.98999124912251,0.042,0,1
"Psmd10",0.1368540181004,-3.84023977212686,0,0.038,1
"Itgb5",0.136878582721122,4.36645359214691,0.042,0,1
"Nptn",0.137029450111985,-0.607192312250079,0.465,0.717,1
"Gm10184",0.137223715942197,4.04240056379523,0.042,0,1
"Ap5s1",0.13724054538537,-3.70910004404878,0,0.038,1
"Edem1",0.137278699501958,1.6059784678446,0.169,0.132,1
"Snhg1",0.137291924282975,-1.02860406771156,0.085,0.283,1
"H2ac15",0.137488681042041,-4.49895595262645,0.014,0.113,1
"Ddx5",0.137537897658001,-0.480772688108222,0.437,0.717,1
"Tex264",0.137642125092997,-2.98037398650451,0,0.038,1
"Tdrd7",0.137910385407147,3.98814474922377,0.042,0,1
"Thg1l",0.137957024745152,3.96984212955385,0.042,0,1
"Dusp6",0.138022911735149,-2.62988599664065,0.028,0.132,1
"Nhsl1",0.138174366234338,3.94349395927892,0.042,0,1
"Ccnq",0.138205247940372,2.36937921932046,0.028,0,1
"Tjap1",0.138314096926469,-2.21372339365429,0.028,0.151,1
"Rflnb",0.138447547980809,-3.64285576302775,0,0.038,1
"Trappc6a",0.138553283824839,-4.13499735677373,0.014,0.132,1
"Gm16008",0.138735934494277,-3.27164447774988,0,0.038,1
"Fam219a",0.138761680598749,3.94271158694291,0.042,0,1
"Elob",0.138954468078096,0.629802344814252,0.254,0.245,1
"Cbx2",0.13930072090809,2.37763309884726,0.028,0,1
"Gle1",0.139407321508361,-1.70480045260112,0.042,0.17,1
"Cox16",0.139541557476434,0.410319226146164,0.465,0.396,1
"Rtel1",0.139551241204011,1.66747019480655,0.099,0.075,1
"Slc24a5",0.139666268123489,0.653795922890268,0.014,0.019,1
"Rccd1",0.139845485273492,-2.78707838928091,0.014,0.094,1
"Ift22",0.140212784264268,-2.91462311936607,0,0.038,1
"Gm17382",0.140288052843772,4.00339377500282,0.042,0,1
"Gm26542",0.140348502614995,4.06796736770391,0.042,0,1
"Prrc2b",0.140428842351416,-0.633786256745969,0.211,0.453,1
"Armc8",0.14049837824873,0.623189530893637,0.338,0.302,1
"1500009L16Rik",0.140600475325381,-4.14646067054333,0,0.057,1
"Irf2bpl",0.140751037634267,-3.61623957667098,0,0.038,1
"Srek1ip1",0.140961441936628,3.22759077757596,0.085,0.038,1
"Gpr179",0.141013382300225,-2.88938141743355,0,0.038,1
"Fbxo30",0.14118021833164,-1.95270040003597,0.014,0.075,1
"Odr4",0.141584093125828,-1.76786184679977,0.056,0.208,1
"Gm47469",0.141748363042691,-3.38967448292893,0,0.057,1
"Mlf1",0.141860917181389,-4.01099670241177,0,0.038,1
"Agbl3",0.14199273377486,-4.09911368481872,0,0.038,1
"Fus",0.142003086289301,-1.00139816885259,0.451,0.642,1
"Cradd",0.142087502881172,-0.269081022641089,0.296,0.547,1
"Slc35a2",0.142241356352998,-2.19173808902213,0.014,0.057,1
"Wdr83os",0.142350496685633,1.30709366818318,0.042,0.019,1
"Mgll",0.142384517468218,-2.76547897468343,0.014,0.057,1
"Rap1gap2",0.142418068084849,4.73338418973451,0.042,0,1
"Gm57182",0.142432712408889,-3.2249420445302,0,0.038,1
"Zfp938",0.142506130626368,-3.96175168397306,0,0.038,1
"Thra",0.142564529067412,4.55024349406598,0.042,0,1
"Ranbp3",0.142576646212696,-1.68247890623827,0.056,0.245,1
"Gm16638",0.142579574165546,-3.02623079950461,0,0.038,1
"Kdm3b",0.14278859630494,-0.96541536182156,0.099,0.321,1
"Parp3",0.142923017390974,1.54206529923629,0.042,0.019,1
"Cnep1r1",0.143034496965393,-1.974449572049,0.028,0.189,1
"5730471H19Rik",0.143311865995825,-4.04108455046552,0,0.057,1
"Rhobtb2",0.143356945509871,-1.33739255400905,0.014,0.057,1
"M6pr",0.143453087389317,-0.859605759998465,0.07,0.264,1
"Abhd18",0.143800142145055,-1.49228672111327,0.085,0.264,1
"Sdf4",0.143801465579349,-1.60404757402053,0.155,0.396,1
"Prkca",0.143902926056996,0.666654136454989,0.803,0.717,1
"Zbtb14",0.144092904743647,3.19676481012571,0.042,0.019,1
"Tnfsf4",0.144200846685957,-1.43266226335179,0.014,0.094,1
"Pmel",0.144309037206525,4.12854258031566,0.042,0,1
"Entpd7",0.144455070605739,-3.7958783523963,0.014,0.132,1
"Faap100",0.14453709078695,-3.97058526677559,0,0.057,1
"Tnfsf13b",0.144720538796972,-3.11058117211484,0,0.038,1
"Zswim9",0.144789670324457,4.12769011814578,0.042,0,1
"Gm11342",0.144958109094244,-3.79578046072908,0,0.038,1
"Rilpl1",0.145126315458596,4.13772419236516,0.042,0,1
"Cetn4",0.145136346033768,0.569038541126194,0.028,0.019,1
"Ift80",0.145286959265965,1.27847615393941,0.183,0.113,1
"S100a1",0.145717141917951,-3.3357620798356,0,0.038,1
"Atm",0.145771811286984,-0.28304266590165,0.239,0.472,1
"Ankrd13c",0.145950397550957,1.14702918007695,0.211,0.151,1
"Cetn3",0.145972242235673,-1.3746206806604,0.042,0.17,1
"Parp6",0.145980211956225,2.1564013988846,0.113,0.038,1
"Ptpn9",0.146035362761742,-0.328573442783554,0.239,0.509,1
"Bsdc1",0.146151718531553,-3.09470309244823,0.014,0.113,1
"Gm28404",0.146450487976247,4.46848202418812,0.042,0,1
"Ccdc191",0.146576539874423,1.48176993775581,0.113,0.038,1
"Slc31a2",0.146688484628812,-3.06608012201371,0,0.038,1
"Faf1",0.146689377332008,0.569131457992847,0.521,0.434,1
"Gm27184",0.146748404932444,-3.69269001644592,0,0.038,1
"Lrch1",0.14678490580624,-0.704582643844662,0.352,0.623,1
"Scrn3",0.146796511069615,-2.80259234918273,0.014,0.057,1
"Ankrd13b",0.146806530243482,2.15924033844726,0.028,0.019,1
"Akt2",0.146882940500745,-1.06208649585698,0.056,0.208,1
"Ctdp1",0.147064783865073,-1.45261233811539,0.07,0.189,1
"Aspm",0.147142931713241,0.842103494987512,0.254,0.208,1
"Usp32",0.147170798548471,-0.893358210975336,0.155,0.358,1
"Lrrc14",0.147197859235374,-2.93981195355809,0.014,0.094,1
"Decr1",0.147213361546829,-2.94377600391901,0,0.038,1
"Hrh2",0.147321492268767,1.24201232974085,0.155,0.094,1
"Nop53",0.14751409020643,-1.22406873750364,0.127,0.34,1
"Tial1",0.147578841956101,-1.63700108841525,0.141,0.377,1
"Rtraf",0.147844542508219,-2.84573468931052,0.028,0.151,1
"Crlf3",0.147884530614525,-0.722293816254598,0.268,0.528,1
"Dolk",0.148010653796606,-3.62567005806569,0,0.038,1
"Ankrd49",0.148096434526859,-0.942241871867443,0.07,0.189,1
"Atg5",0.14832889756243,-1.96051839526557,0.085,0.283,1
"Zfp207",0.148757259479446,0.284230536229092,0.507,0.472,1
"Rfwd3",0.148891543547574,-1.48211166047032,0.197,0.415,1
"Gm36496",0.149356277038797,-3.05354277163879,0,0.038,1
"Slc43a2",0.149427849020831,-1.90460863528305,0.014,0.057,1
"Yjefn3",0.149505039967692,3.02472227652391,0.028,0,1
"Gm20324",0.149523183963954,-2.82410111825346,0,0.038,1
"Acap3",0.149749370881637,3.03224629840232,0.028,0,1
"Dennd2b",0.149749370881637,3.03224629840232,0.028,0,1
"H3f3aos",0.149811787260899,-3.53971794489307,0,0.038,1
"Herc2",0.149914834200589,0.472287576487116,0.352,0.264,1
"Tpm3-rs7",0.150032159465185,-2.11236637629471,0.07,0.264,1
"Rab5a",0.150190699256762,1.34211411171724,0.183,0.151,1
"Chmp5",0.150441779958667,-1.26162392613814,0.028,0.113,1
"Ndufs1",0.150544394828459,-1.69008509124596,0.056,0.189,1
"Sharpin",0.15055549816181,1.84302648300469,0.099,0.057,1
"Commd7",0.1505862059608,-1.83575444866498,0.07,0.245,1
"Nt5m",0.150617283392762,-1.72365479527091,0.014,0.113,1
"Slc25a38",0.150664105106814,-1.77580314769427,0.014,0.094,1
"Ocel1",0.150784137059479,-3.61386055168703,0,0.057,1
"Nbr1",0.150941405883493,1.84846785636648,0.141,0.057,1
"Nedd4",0.151089874696815,-0.721688444620577,0.07,0.226,1
"Epg5",0.151207497127276,-1.68659828989183,0.028,0.17,1
"Zkscan1",0.151372676356886,-1.72317645520888,0.099,0.283,1
"Ddx43",0.151385836110355,1.89268690880685,0.07,0.038,1
"H2-D1",0.151676084718359,-0.57451305890956,0.408,0.66,1
"Dcaf6",0.151900533982647,1.41229559869335,0.183,0.075,1
"Sgta",0.151915882460477,-0.795197615855939,0.028,0.17,1
"Phtf1os",0.15212165988561,3.10870466466329,0.028,0,1
"Irf8",0.152411849488851,-1.52500618479088,0.07,0.226,1
"Bbc3",0.152443512963949,0.198370384178253,0.07,0.057,1
"Trps1",0.152548571787601,1.47028331119216,0.211,0.113,1
"Sccpdh",0.152565568304901,-2.98852256052363,0,0.038,1
"Ugdh",0.152878277561336,-1.91043867855308,0.028,0.151,1
"2310002F09Rik",0.15295087814878,-3.12488956695649,0,0.038,1
"Rfxank",0.15295087814878,-3.12488956695649,0,0.038,1
"Zkscan5",0.15295087814878,-3.12488956695649,0,0.038,1
"Ifngr1",0.153416250721977,1.13219890670306,0.183,0.151,1
"Swap70",0.153429435874099,1.78379018333641,0.042,0.019,1
"Smg8",0.153494438885717,-3.92982148024333,0,0.057,1
"Skp1",0.15359908109567,-1.2511391078324,0.07,0.245,1
"Gss",0.153878953452805,1.69043207549179,0.042,0.019,1
"Pbxip1",0.154047250999383,3.8922890630551,0.085,0.019,1
"Zfp287",0.154065049017375,1.95047649674447,0.099,0.057,1
"Gm29724",0.1542092604121,3.18161976160283,0.028,0,1
"Zfp414",0.15435933659162,-3.09101886608691,0,0.038,1
"Ptges3",0.154378627321317,-0.814751053963878,0.197,0.472,1
"Mknk2",0.154524812236533,-2.15189073467468,0.056,0.189,1
"Noc3l",0.154601038815987,-1.95528769427541,0.014,0.132,1
"Ift74",0.1547848585133,3.38443317530138,0.113,0.038,1
"Gm56935",0.154872410943936,-2.91304734639778,0,0.038,1
"Dync1h1",0.154955059091899,-0.796509124285136,0.183,0.358,1
"U2surp",0.155191455016321,-1.05559382218083,0.296,0.547,1
"Mrps36",0.15580076587101,-1.74858233026784,0.042,0.208,1
"Trerf1",0.155992311242257,-0.615472671746341,0.169,0.377,1
"Gm17259",0.156356390299148,-3.08572566459224,0,0.038,1
"Naif1",0.156356390299148,-3.08572566459224,0,0.038,1
"Setd6",0.156356390299148,-3.36196890351848,0,0.038,1
"Stk16",0.156409431941681,2.25106157898608,0.127,0.075,1
"Cnih1",0.15641978747455,3.35433540111683,0.042,0.019,1
"Ddx41",0.156525702692605,-1.45173508619929,0.056,0.208,1
"A530041M06Rik",0.15657595940071,-3.99812160321235,0,0.038,1
"Ebna1bp2",0.156690500714773,1.6605985239032,0.127,0.057,1
"9530018F02Rik",0.1568963153484,1.55763279947474,0.042,0.019,1
"Ankmy1",0.156905738122142,-3.03438976069188,0,0.038,1
"Tpbgl",0.156905738122142,-3.03438976069188,0,0.038,1
"Ccdc163",0.157125874602002,-3.71968877224704,0,0.038,1
"Ccnjl",0.157171949445928,2.54477992894419,0.028,0,1
"Nnat",0.157171949445928,2.54477992894419,0.028,0,1
"Aasdhppt",0.15732670916887,-3.42038596990056,0,0.057,1
"Sag",0.157424995529656,-2.90381884553165,0,0.038,1
"Ddit3",0.157448042662249,0.770618311067505,0.056,0.038,1
"Prnp",0.157628734995843,-0.917210130691744,0.056,0.226,1
"Mapk11",0.157647283818667,0.912561722258055,0.028,0.019,1
"Slc41a3",0.15786657196354,-2.89679747872458,0,0.038,1
"Trim65",0.15786657196354,-3.23335264601959,0,0.038,1
"Gm50410",0.157996474262001,2.00616188841488,0.099,0.038,1
"Plcxd2",0.158157368766866,-1.50186790422101,0.155,0.377,1
"Gm19710",0.158169878077061,-2.54614573282051,0.014,0.057,1
"Ube3b",0.158211249156319,-2.00168413575318,0.056,0.17,1
"L3mbtl3",0.15822213862104,1.27954641767315,0.254,0.132,1
"Gpc1",0.158229980922557,-3.25899509451211,0,0.038,1
"5730507C01Rik",0.158342843196574,0.817292842800414,0.014,0,1
"Cdkn3",0.158342843196574,0.817292842800414,0.014,0,1
"Dok1",0.158342843196574,0.817292842800414,0.014,0,1
"Fbxo36",0.158342843196574,1.47389801301471,0.014,0,1
"Frs3",0.158342843196574,0.817292842800414,0.014,0,1
"Gm37864",0.158342843196574,0.817292842800414,0.014,0,1
"Gm46440",0.158342843196574,0.817292842800414,0.014,0,1
"Gm48708",0.158342843196574,1.47389801301471,0.014,0,1
"Il4i1",0.158342843196574,0.817292842800414,0.014,0,1
"Lpar5",0.158342843196574,0.817292842800414,0.014,0,1
"Mef2b",0.158342843196574,0.817292842800414,0.014,0,1
"Mpst",0.158342843196574,0.817292842800414,0.014,0,1
"Neil1",0.158342843196574,0.817292842800414,0.014,0,1
"Pou5f2",0.158342843196574,0.817292842800414,0.014,0,1
"Ppm1e",0.158342843196574,0.817292842800414,0.014,0,1
"Tmem132c",0.158342843196574,0.817292842800414,0.014,0,1
"Trib3",0.158342843196574,0.817292842800414,0.014,0,1
"Zbtb45",0.158342843196574,0.817292842800414,0.014,0,1
"Gm29394",0.158353926999895,-1.02990987208652,0.014,0.057,1
"Slfn8",0.158413281104563,-0.744764132965267,0.07,0.226,1
"Lrrcc1",0.158481452894181,1.57010423085875,0.113,0.075,1
"Zfp946",0.158530656088873,-3.18264103211828,0,0.038,1
"Drc1",0.158926928000603,-3.02888425239786,0,0.038,1
"Usp27x",0.159149162084108,-3.02455802761876,0,0.038,1
"Cry2",0.159320525382505,-2.47838832317842,0.028,0.17,1
"Prxl2a",0.159944748682406,-4.18472798692816,0,0.038,1
"Ulbp1",0.159955699567878,-0.187598241053586,0.31,0.547,1
"1700010K24Rik",0.160056367627125,-3.18078332112717,0,0.038,1
"H2bc13",0.160059201492327,2.20470336004502,0.042,0.019,1
"Gm56743",0.160120176066242,-3.17904463822028,0,0.038,1
"Cdkn2aipnl",0.160336075150318,-1.56837640667915,0.042,0.208,1
"Lockd",0.160560757026621,0.508579955255863,0.338,0.302,1
"Psd3",0.16132012352794,-3.70008387791931,0,0.038,1
"Cd37",0.161335079494286,0.612071372600679,0.296,0.245,1
"Taf1c",0.161445406551881,2.15214886429237,0.042,0.019,1
"Nsd1",0.161520121535987,0.559209496863484,0.592,0.509,1
"Tmem38b",0.162073732960213,-3.85576962469294,0,0.057,1
"Pmm2",0.162489029502091,2.0159025455203,0.141,0.057,1
"Tjp3",0.1625107016051,-3.63362407405855,0,0.038,1
"Myo19",0.162614716603888,-1.54774806461219,0.028,0.132,1
"Tnfaip1",0.162712421389501,-2.6454653390981,0.014,0.057,1
"Ly75",0.162753980863573,1.51044337037515,0.239,0.17,1
"Tshz1",0.162771869011433,0.782887900482272,0.211,0.151,1
"Gm56874",0.162875301687904,3.90650015228665,0.085,0.019,1
"Sf3b1",0.162965375575723,-0.513845815964361,0.352,0.623,1
"Emg1",0.16302576331608,-1.17586762405468,0.056,0.226,1
"Trmt12",0.163120196774709,2.61177536879946,0.028,0,1
"Soat2",0.16322176079237,-3.60425947488317,0,0.038,1
"Cenph",0.163260008835526,1.20050933142064,0.197,0.151,1
"Fnbp1",0.16350489444072,0.450919887613924,0.732,0.66,1
"Uba6",0.163622985499007,1.2250065115352,0.31,0.264,1
"Sin3a",0.163699940960031,-0.780953474839409,0.197,0.396,1
"Cwc22",0.163977060987696,1.18974658820151,0.197,0.189,1
"Cplane1",0.164072364948837,-0.5139834527225,0.127,0.302,1
"Gm57070",0.165107736922566,-3.51907971957645,0,0.038,1
"Stoml1",0.165189402072146,-3.05440202196496,0,0.038,1
"1700016L21Rik",0.16522207680988,-2.79322136835044,0,0.038,1
"Mutyh",0.16522207680988,-3.40150732189178,0,0.038,1
"Gm47207",0.165254756508286,-3.51280346309232,0,0.038,1
"Cdpf1",0.165500012493845,-2.87776699486505,0,0.038,1
"Slfn10-ps",0.165555074254109,-1.40320086542701,0.042,0.17,1
"Krba1",0.165618823518098,-1.26621767977072,0.014,0.094,1
"Ikzf4",0.166014985563901,-1.59143629332224,0.056,0.245,1
"Parp2",0.166106764809338,-1.44508462835851,0.07,0.226,1
"Zfp952",0.16630254457857,2.65097909192917,0.028,0,1
"Triobp",0.166306281314094,1.65522521690762,0.056,0.019,1
"Rsl1",0.166615354659968,-2.75500599909126,0,0.038,1
"Ctif",0.16663887644442,-3.21818765744044,0.014,0.057,1
"Ikzf1",0.166986637280881,0.294806254550952,0.887,0.811,1
"Taf7",0.167040012142599,2.0051073190217,0.113,0.057,1
"Pigq",0.167066192208368,-1.22347333578968,0.014,0.094,1
"Atp5pb",0.167082378989725,-0.869418229359085,0.141,0.358,1
"Dazap1",0.167292531870919,1.03263485216612,0.268,0.208,1
"Gpt2",0.167317661072845,0.101754545676388,0.014,0.019,1
"Zfp551",0.167317661072845,0.101754545676388,0.014,0.019,1
"Naglu",0.167356632586436,-3.00810524749146,0,0.038,1
"Acrbp",0.167604291744616,-2.8716287990799,0,0.038,1
"Cog8",0.167670705377229,3.50816308557329,0.07,0.019,1
"Epop",0.167719963224862,-2.66858179591792,0,0.038,1
"Klrd1",0.167719963224862,-3.13932389733827,0,0.038,1
"Tnip3",0.16810407748707,2.64980938965729,0.028,0,1
"E2f3",0.168419303241099,-0.608915698810741,0.408,0.642,1
"Brsk1",0.168620269282605,3.07890774564594,0.028,0,1
"Serinc3",0.168839409559302,-0.344667528899931,0.225,0.434,1
"Gm47283",0.168874463574796,-0.6508657932981,0.169,0.415,1
"H4c3",0.169006651811259,3.55126568967246,0.042,0.019,1
"Aplp2",0.169069079239364,-1.88139849782445,0.07,0.226,1
"Snx25",0.169115066499845,0.525679944975915,0.239,0.208,1
"Fundc2",0.169579499634803,1.8707309391755,0.155,0.075,1
"Slc49a4",0.169712104755921,2.69598432948074,0.028,0,1
"4930523C07Rik",0.169904298130265,-0.257789415543038,0.085,0.226,1
"Polr1a",0.170811204956963,-0.421170701731295,0.155,0.321,1
"Dlg2",0.171404002690198,-4.29914912908834,0,0.038,1
"Pals1",0.171497654259787,-0.857498456713404,0.113,0.302,1
"Wdcp",0.171656330130374,-2.7192821497278,0,0.038,1
"Ccn3",0.171782805196308,-3.99473296693332,0,0.057,1
"Mtch1",0.171808046758715,-1.85317877981333,0.042,0.189,1
"Gm32401",0.172085239165621,2.28143740988424,0.042,0.019,1
"Dnaja3",0.172136610074462,-0.813876063567275,0.085,0.226,1
"Ano6",0.17217530783019,-0.557189070665957,0.239,0.434,1
"Odf2",0.172253177019479,-0.606772058529306,0.197,0.415,1
"Pip5k1b",0.172373894392698,-2.62793020805238,0.028,0.132,1
"Etv6",0.172481863868451,0.118213419303769,0.493,0.698,1
"Thy1",0.172502611398539,0.231291913621321,0.31,0.283,1
"Cdk6",0.17267223119479,0.105102634625093,0.803,0.925,1
"Max",0.172749457444322,-0.608578246002398,0.239,0.415,1
"Brd7",0.172894813865859,0.237228598806484,0.239,0.208,1
"Igf2bp3",0.172999918743904,-2.29264820936719,0.028,0.113,1
"Ddx52",0.173000135276769,2.28997955246729,0.169,0.075,1
"Elf1",0.173057264462909,0.584310558197689,0.479,0.453,1
"Trrap",0.173385569985831,-0.734519331094569,0.155,0.358,1
"Ica1",0.173515710378787,-3.97595977204487,0,0.038,1
"Pip5k1a",0.173944335319998,-1.54134778625486,0.099,0.302,1
"Cep89",0.17445752997999,1.94015773110031,0.113,0.057,1
"Stk17b",0.174519310708752,-0.275896667830878,0.423,0.66,1
"Cpne2",0.174542699512175,2.69270232482144,0.028,0,1
"Ankrd23",0.174621920145688,-3.19310251435294,0,0.038,1
"Vps45",0.174951400351887,-1.12310798330626,0.042,0.151,1
"H4c4",0.175266852349834,1.17011100964984,0.141,0.113,1
"Gm35507",0.175305452193016,-4.28397812058793,0,0.038,1
"2610044O15Rik8",0.175359465478437,-2.19322115773197,0.014,0.094,1
"Cfap68",0.176013350642663,-1.60561781738147,0.014,0.113,1
"Kmt2d",0.17639675069765,0.103795702268409,0.141,0.113,1
"9130019O22Rik",0.176437955064714,-3.79393169269178,0,0.038,1
"Pon2",0.176504304161839,-1.50497962719828,0.056,0.189,1
"Klhdc10",0.176679765772762,1.21814943527414,0.282,0.17,1
"Atp6v1f",0.176871013601164,1.44059812364011,0.085,0.057,1
"Zcwpw1",0.176928138920914,-3.21111165076556,0,0.057,1
"Trmt10b",0.177040900221408,-3.760476873689,0,0.038,1
"Exosc3",0.177254207579243,-2.02277546482464,0.028,0.132,1
"Poglut1",0.177331552426766,1.67933629583305,0.099,0.038,1
"Csnk1a1",0.177478180160465,0.344743383600568,0.62,0.585,1
"Arhgap19",0.177787218296794,0.787399774662327,0.141,0.094,1
"Gm17251",0.177853174415617,-2.71558490766731,0,0.038,1
"Arhgap35",0.177975681987299,-0.710476440685597,0.211,0.453,1
"Jak2",0.178175624208025,-0.203767485362488,0.254,0.453,1
"2410002F23Rik",0.178503339400553,-1.6505161709497,0.028,0.132,1
"Eva1b",0.178598470121814,1.11713787823481,0.028,0.019,1
"Capzb",0.178684057942197,0.857928232732433,0.479,0.396,1
"Fbl",0.178824633680163,-1.06692561074369,0.141,0.321,1
"Rarg",0.178939879597467,2.09942942193971,0.028,0.019,1
"Slc25a11",0.179045231206312,-2.91144986213274,0.014,0.113,1
"Rell1",0.179109587099683,2.27722661100705,0.085,0.038,1
"Oxsr1",0.179366856233849,2.07083853720409,0.07,0.038,1
"Cmtm4",0.17959341503575,-3.85258733805419,0.014,0.057,1
"Wdhd1",0.179638181000649,-0.874952060665364,0.099,0.283,1
"Gm14455",0.179656251785422,2.68479154869773,0.028,0,1
"Ddx19b",0.179862877173151,-1.39860950233285,0.028,0.17,1
"Slc48a1",0.17988955857019,-2.21662684647755,0.014,0.113,1
"Trbv1",0.180080591430319,-3.05815151133339,0,0.038,1
"Zxdc",0.18020604978329,2.09614751041816,0.085,0.019,1
"Git1",0.180441813210862,-2.93993599527651,0.014,0.075,1
"Srgap2",0.180623578522031,0.648377727516876,0.648,0.585,1
"Pan2",0.180764488579995,2.69726304448081,0.07,0.019,1
"Plpbp",0.181300443913336,3.70539328705466,0.085,0.019,1
"Neb",0.181364903830054,1.54332035356496,0.197,0.132,1
"Ncoa3",0.181699068529792,-0.678157060207399,0.38,0.623,1
"Eme2",0.181924677082768,1.73038217792239,0.042,0.019,1
"Bet1",0.182161922283767,-1.10586557234416,0.028,0.132,1
"Spata48",0.182777242607669,-3.06791252089094,0.014,0.132,1
"Adi1",0.182790432224959,-3.49322037612857,0,0.038,1
"Klf8",0.183383406018929,-0.393700099694855,0.014,0.057,1
"Ppp1r3f",0.183436499104883,-1.32835281312551,0.014,0.057,1
"Slc25a20",0.183584695209779,2.18294651513108,0.028,0.019,1
"Timm8b",0.183812835513175,-2.92648411008736,0.014,0.113,1
"Izumo4",0.184050954220541,-2.97512376666976,0,0.038,1
"Scpep1",0.184050954220541,-2.97512376666976,0,0.038,1
"Spred1",0.18409521630652,1.77462588157677,0.197,0.094,1
"Ccdc90b",0.184300348342859,-2.9706330324986,0,0.038,1
"Gm45267",0.184814820548564,2.84633024285406,0.028,0,1
"Psenen",0.184840752950958,2.14596167751448,0.113,0.075,1
"Zcchc24",0.185120772852758,-1.19114725139013,0.014,0.057,1
"Gm31356",0.185169975452377,2.73809468134016,0.028,0,1
"Iffo2",0.1851951758528,-1.05814075003799,0.028,0.132,1
"Raly",0.185599553654332,-2.08953799690693,0.099,0.264,1
"Anapc16",0.186076181451669,1.08101203439337,0.197,0.132,1
"Mov10",0.186317993801479,-1.60641074901755,0.085,0.283,1
"Wdr5b",0.186414299707185,2.92531217561444,0.028,0,1
"Klf11",0.186431464597629,-3.36019197123738,0,0.038,1
"Rab10",0.186775519233989,0.714584184420658,0.437,0.434,1
"A630072M18Rik",0.187239488740031,-2.57209812684669,0.014,0.094,1
"Ddit4",0.187250009470477,1.98263789396894,0.099,0.038,1
"Rab11b",0.188043874597025,1.02101045088299,0.183,0.132,1
"Ctss",0.188141835424475,-1.68255759703615,0.056,0.245,1
"H3c3",0.188228333595886,1.60713630325309,0.113,0.094,1
"Rcbtb2",0.188242244931634,1.48907214682928,0.141,0.075,1
"Lipt2",0.188395327784075,-3.33286202619413,0,0.057,1
"Brap",0.188709759997348,-1.98622503262878,0.042,0.132,1
"Mettl18",0.188938188605484,2.97456067398138,0.028,0,1
"Txnrd2",0.189079395798994,-1.15753844589676,0.014,0.057,1
"Zfp933",0.189248217385216,-1.85162219779672,0.042,0.17,1
"Gm4924",0.189275155432333,2.32134673557436,0.085,0.038,1
"B230354K17Rik",0.189362982446414,2.26649811812379,0.085,0.038,1
"Sec14l1",0.189383648296301,-2.68272578540806,0,0.038,1
"Lrrc8c",0.189440444049919,0.522401261115025,0.62,0.736,1
"Gm47096",0.189456580664633,-3.26494292861744,0,0.038,1
"Fgd6",0.189622289146065,3.30164527690342,0.028,0,1
"Rp9",0.189660036862136,-0.225926992350398,0.113,0.302,1
"Ube2d3",0.189684368952475,0.268205961934858,0.507,0.491,1
"Rdh14",0.190351907621497,-2.59758330939696,0,0.038,1
"Sh3glb2",0.190351907621497,-2.59758330939696,0,0.038,1
"Fasl",0.190491047530747,3.45738834593552,0.056,0.019,1
"Arhgap4",0.190647724469033,-1.09332870989547,0.183,0.396,1
"Gm20337",0.191408940758458,3.02646383109364,0.028,0,1
"H3c4",0.191408940758458,3.02646383109364,0.028,0,1
"Cebpb",0.191637314743462,1.86181762511934,0.141,0.113,1
"Micu2",0.191693404923891,-0.289363053644327,0.127,0.34,1
"Galnt6",0.191795133472991,0.992858309734198,0.408,0.321,1
"Sptssa",0.191872317356102,-1.99793523400709,0.028,0.132,1
"Impdh1",0.191998977309251,-1.07680729726386,0.056,0.17,1
"Dpcd",0.192029202838095,1.78711403564973,0.113,0.057,1
"Zfp850",0.192080391180752,-1.45106973637989,0.028,0.113,1
"C430049B03Rik",0.192315962122447,-2.62682561105353,0,0.057,1
"Pidd1",0.192474941686226,-1.01232664137817,0.014,0.057,1
"Psma5",0.192489791352389,0.934752125880386,0.197,0.132,1
"Tmem256",0.192519428284924,-1.59779351589164,0.028,0.17,1
"Cc2d1b",0.192720153925436,0.955221129110478,0.141,0.094,1
"A930029G22Rik",0.192948056693396,-3.16861998463611,0,0.038,1
"Mospd1",0.192959467969432,2.98987377623357,0.028,0,1
"Mcm9",0.193132659677374,0.643240767746192,0.324,0.245,1
"Gnb5",0.193300156861454,-2.53543528264739,0,0.038,1
"Ms4a6d",0.193337725436207,1.56790047724596,0.042,0.038,1
"Usp15",0.193417146525262,-0.27559935718737,0.479,0.717,1
"Sf3a3",0.193504244813482,1.06490744805624,0.197,0.113,1
"Mettl7a1",0.193801441370223,-2.81154642649082,0,0.038,1
"Or7d10",0.194093578763156,2.99463116448809,0.028,0,1
"Git2",0.194160109391079,-0.754614897368344,0.211,0.453,1
"Ccdc43",0.194272012337516,2.65395300357237,0.085,0.038,1
"Chek1",0.194649571249234,1.46234084474802,0.113,0.057,1
"Fbxl15",0.19492971048359,3.18299990192643,0.028,0,1
"Tceanc2",0.19508454600081,-0.975212274750129,0.099,0.264,1
"Rfng",0.195098180925559,2.27791030831041,0.028,0.019,1
"D730005E14Rik",0.195198541753521,2.82498970772324,0.028,0,1
"Znrd2",0.195277314943106,-0.973119028452442,0.014,0.057,1
"Gm16618",0.195527158209029,3.04501202822731,0.028,0,1
"Nol12",0.19601125972795,-1.65753640647134,0.042,0.132,1
"Hook1",0.196093923371855,-0.894607524001402,0.014,0.057,1
"Dus1l",0.19611122201683,-3.5927696541445,0.014,0.094,1
"Itgae",0.196166576896277,-1.93848225903679,0.014,0.057,1
"Cwf19l1",0.196191617325292,3.62521711065114,0.085,0.019,1
"Pcmt1",0.196503145084089,-0.82798360650081,0.127,0.34,1
"Fam3a",0.196714434801256,1.35078195236231,0.028,0.019,1
"Larp7",0.196946955957952,-1.50951585684303,0.099,0.245,1
"Arhgef7",0.196961134697447,-2.12919857849709,0.042,0.132,1
"Abcb1b",0.197090357579788,1.35372719052992,0.31,0.226,1
"Xpnpep1",0.197110393458267,-1.4423935625254,0.028,0.17,1
"Snhg6",0.197180889879552,2.82994631230209,0.099,0.057,1
"mt-Co2",0.197330843565136,-0.295085087148143,0.817,0.755,1
"Abhd17b",0.197511827855505,0.606161453978017,0.352,0.283,1
"Acbd5",0.197637068163168,1.3779543818509,0.155,0.113,1
"Map2k6",0.197681300645135,-2.54257547200866,0,0.038,1
"Pigp",0.197681300645135,-2.54257547200866,0,0.038,1
"Eif2b4",0.197949639530291,-1.47043493253266,0.028,0.094,1
"Nlrc5",0.198017713563563,0.10935940619832,0.577,0.528,1
"Zfp46",0.198127563961083,2.84298912791665,0.028,0,1
"Cd247",0.198133869191772,-0.43621411334207,0.563,0.792,1
"Pemt",0.198324838815907,-3.04260076167609,0,0.038,1
"D130040H23Rik",0.198431517897697,1.62201306141432,0.099,0.075,1
"Tcof1",0.198436682689432,-0.449449907439641,0.282,0.453,1
"Zbtb37",0.199110713769883,1.33718133951148,0.169,0.113,1
"A930006K02Rik",0.199204031797647,3.22046463420792,0.028,0,1
"Nin",0.199332370647424,-0.955104351792844,0.155,0.377,1
"Bckdk",0.199578798839694,-3.33212861806049,0,0.057,1
"Mfap3",0.199696641530354,-1.07756165001881,0.085,0.226,1
"Rgs16",0.200041338164778,2.86209480216199,0.028,0,1
"Traj40",0.200056056398403,-3.00671705074218,0,0.038,1
"Tm2d3",0.200072268093194,-2.74344910112659,0.014,0.094,1
"Gm26549",0.20048989039477,3.25887623388488,0.028,0,1
"Ociad1",0.200561459701416,-1.13900463178948,0.07,0.245,1
"Gga2",0.200643722864692,-3.30993830881175,0,0.057,1
"9430060I03Rik",0.200848721231773,2.8906162466367,0.028,0,1
"H2bc12",0.200848721231773,2.8906162466367,0.028,0,1
"Sptlc2",0.200892871634259,0.810875886721353,0.38,0.321,1
"Unc93b1",0.200904406175622,1.80394668122198,0.099,0.057,1
"Galnt6os",0.200938426764843,3.17062725429575,0.028,0,1
"Gm37982",0.200968328384488,2.88171372691487,0.028,0,1
"Ninj2",0.200968328384488,2.88171372691487,0.028,0,1
"Slc30a9",0.201128507444734,0.72286053924985,0.211,0.151,1
"H2ac8",0.201582734290925,1.17836279709219,0.127,0.132,1
"Thap4",0.201912279507162,-2.85801061856309,0.014,0.113,1
"Paqr8",0.201925102140729,3.1965913807831,0.028,0,1
"Zfp112",0.201925102140729,3.1965913807831,0.028,0,1
"Pfkfb3",0.202009947113293,-0.733755020678166,0.141,0.302,1
"Mpdu1",0.202234639440254,1.56614432666074,0.042,0.019,1
"Kctd4",0.202283841437675,2.88370531931494,0.028,0,1
"Gpr108",0.202313734833106,2.88281171966021,0.028,0,1
"Gm16310",0.202463197968919,3.32033379234972,0.028,0,1
"4930581F22Rik",0.202554931875397,1.75558516349649,0.141,0.057,1
"Cd96",0.202987703028391,-0.856611924767617,0.183,0.377,1
"Zfp335os",0.203128914059508,1.49190195048925,0.085,0.019,1
"Rmnd5a",0.203184295332987,0.899180027658447,0.239,0.189,1
"Lztr1",0.203397469714748,2.03168828452652,0.042,0.019,1
"Gm56812",0.203460505473776,-2.94202783849892,0,0.038,1
"Llgl1",0.203460505473776,-2.94202783849892,0,0.038,1
"Ap3s2",0.203780676767445,-3.83387660010176,0.014,0.113,1
"Gm56860",0.203828900989582,-2.5101073351764,0,0.038,1
"Vps4b",0.203884238264341,0.985182714355287,0.38,0.283,1
"Nup210",0.203927802656922,-0.795386615144618,0.268,0.509,1
"Naa30",0.203982383749196,-1.23284141265934,0.028,0.132,1
"Naa40",0.204294052252962,0.749473984336249,0.225,0.226,1
"4933404O12Rik",0.204324141320809,-2.24792940366833,0.014,0.094,1
"Ndufa3",0.204366852700405,1.93108244630496,0.099,0.057,1
"Ubl4a",0.204409811196918,-1.78038740082987,0.042,0.17,1
"Trim8",0.204462603592514,1.60608079345295,0.042,0.019,1
"Acot11",0.204524938169396,3.24093614076913,0.028,0,1
"Dhx34",0.204584669446603,3.27244014872323,0.028,0,1
"Slc23a2",0.204644369805717,-1.11415920254261,0.07,0.226,1
"Ttll3",0.204779860881743,-0.817635014363548,0.014,0.057,1
"Arf5",0.204863318938053,-1.99647081519107,0.099,0.321,1
"Cuta",0.20496417477745,0.958620454674485,0.07,0.057,1
"Hcfc2",0.205315505606823,-0.64885543167071,0.085,0.264,1
"Snrk",0.205352263875552,-1.50765771441223,0.056,0.208,1
"Mycbp",0.205437772315778,2.42767206786093,0.056,0.019,1
"1110065P20Rik",0.20557296791026,0.957964683943399,0.014,0,1
"A130051J06Rik",0.20557296791026,0.957964683943399,0.014,0,1
"Abhd14a",0.20557296791026,0.957964683943399,0.014,0,1
"Avpr2",0.20557296791026,0.957964683943399,0.014,0,1
"BC024063",0.20557296791026,0.957964683943399,0.014,0,1
"Ccdc141",0.20557296791026,0.957964683943399,0.014,0,1
"Csrp2",0.20557296791026,0.957964683943399,0.014,0,1
"F8a",0.20557296791026,0.957964683943399,0.014,0,1
"Glb1l",0.20557296791026,0.957964683943399,0.014,0,1
"Gm31897",0.20557296791026,0.957964683943399,0.014,0,1
"Gm33023",0.20557296791026,0.957964683943399,0.014,0,1
"Gm47404",0.20557296791026,0.957964683943399,0.014,0,1
"Gm49223",0.20557296791026,0.957964683943399,0.014,0,1
"Gm5148",0.20557296791026,0.957964683943399,0.014,0,1
"Gm57402",0.20557296791026,0.957964683943399,0.014,0,1
"Gm6525",0.20557296791026,0.957964683943399,0.014,0,1
"Hmga1b",0.20557296791026,0.957964683943399,0.014,0,1
"Hsdl1",0.20557296791026,0.957964683943399,0.014,0,1
"Itpkc",0.20557296791026,0.957964683943399,0.014,0,1
"Pacsin1",0.20557296791026,0.957964683943399,0.014,0,1
"Rpl10-ps3",0.20557296791026,0.957964683943399,0.014,0,1
"Spin2c",0.20557296791026,0.957964683943399,0.014,0,1
"Tmco6",0.20557296791026,0.957964683943399,0.014,0,1
"Zfp459",0.20557296791026,0.957964683943399,0.014,0,1
"Ctps",0.205934502550477,-1.76356991573413,0.085,0.208,1
"Ppp6r2",0.205986342161318,-0.664374379573626,0.042,0.189,1
"Gm16751",0.205992651087092,-2.48942952185154,0,0.038,1
"Sdhaf4",0.206166753233734,3.3200097843544,0.028,0,1
"Cdk19",0.206225513348474,0.549944948030196,0.239,0.189,1
"Ppm1h",0.206317800684025,0.971232598020109,0.606,0.604,1
"Mynn",0.206319127055385,1.87936252039143,0.113,0.038,1
"Pold2",0.206613897298384,-1.6434413295894,0.014,0.057,1
"Tyms",0.207001740027568,1.64538385281835,0.141,0.075,1
"1700056N10Rik",0.207072133367886,-2.46242365439088,0,0.038,1
"Cysltr1",0.207072133367886,-2.46242365439088,0,0.038,1
"Tmem230",0.207228221038587,-3.77387751860012,0,0.057,1
"Clk4",0.207335481803181,-1.06511019349218,0.127,0.302,1
"Gm4633",0.207448981667137,2.9794086044853,0.028,0,1
"AW112010",0.207503015075037,-1.89343780475491,0.07,0.208,1
"Zpbp",0.207545115156683,-1.982922661066,0.028,0.151,1
"Tatdn3",0.207564429272006,-2.87165300784766,0,0.038,1
"Macir",0.207566070086461,2.95832757884563,0.056,0.019,1
"Xpnpep3",0.207567781671805,2.2629242680234,0.127,0.075,1
"Txndc17",0.207760660344642,-1.50922828485219,0.042,0.151,1
"Mettl21a",0.207860295137482,-2.64127929490261,0,0.038,1
"Sdc3",0.207860295137482,-2.64127929490261,0,0.038,1
"Klhl32",0.207925721943762,2.94677093825157,0.028,0,1
"Dtx3",0.208059352769246,0.580074400130913,0.028,0.038,1
"Gm5165",0.208214336798268,2.67925818285208,0.113,0.038,1
"4930426I24Rik",0.208312944389083,0.966561935244575,0.014,0,1
"5830468F06Rik",0.208312944389083,0.966561935244575,0.014,0,1
"Abhd15",0.208312944389083,0.966561935244575,0.014,0,1
"C1qtnf9",0.208312944389083,0.966561935244575,0.014,0,1
"Carhsp1",0.208312944389083,0.966561935244575,0.014,0,1
"Ccdc166",0.208312944389083,0.966561935244575,0.014,0,1
"ENSMUSG00000121434",0.208312944389083,0.966561935244575,0.014,0,1
"Fam221b",0.208312944389083,1.66078136789507,0.014,0,1
"Gm28901",0.208312944389083,0.966561935244575,0.014,0,1
"Gm43774",0.208312944389083,0.966561935244575,0.014,0,1
"Gm50218",0.208312944389083,0.966561935244575,0.014,0,1
"Grhl2",0.208312944389083,0.966561935244575,0.014,0,1
"Irf2bp1",0.208312944389083,0.966561935244575,0.014,0,1
"Myh10",0.208312944389083,0.966561935244575,0.014,0,1
"Pwwp2b",0.208312944389083,0.966561935244575,0.014,0,1
"Qprt",0.208312944389083,0.966561935244575,0.014,0,1
"Rbm12b1",0.208312944389083,0.966561935244575,0.014,0,1
"Rnf227",0.208312944389083,0.966561935244575,0.014,0,1
"Slc2a12",0.208312944389083,0.966561935244575,0.014,0,1
"Stxbp1",0.208312944389083,0.966561935244575,0.014,0,1
"Zbtb12",0.208312944389083,0.966561935244575,0.014,0,1
"Zfp268",0.208312944389083,0.966561935244575,0.014,0,1
"Jmjd6",0.208372464898314,2.95457819887507,0.028,0,1
"Camkk2",0.208567123402616,-1.22888831810217,0.07,0.264,1
"Ercc4",0.208570326331056,2.69995088255643,0.127,0.057,1
"Scarb2",0.20863446274656,1.42796831763895,0.197,0.113,1
"Hmgn2-ps",0.208938041112806,3.37736141902987,0.028,0,1
"P2rx7",0.209245275736277,0.949434828443623,0.127,0.113,1
"mt-Nd2",0.209381412983809,-0.23938968729422,0.676,0.66,1
"Immp1l",0.209632471639084,-0.423385355348525,0.099,0.245,1
"Casp8",0.210154951004816,-0.224412748351515,0.254,0.453,1
"Scyl1",0.210159627443466,2.52900782481937,0.07,0.038,1
"Gm10501",0.21028035409806,-2.50547557458357,0,0.038,1
"Gm43061",0.210300291847828,-2.44979685576201,0,0.038,1
"Daxx",0.210479272412229,-1.22138989882779,0.042,0.151,1
"Bin3",0.210595107263395,0.817082071398692,0.127,0.038,1
"Nckap5",0.210639486639304,-5.37057641522479,0,0.038,1
"Pdia4",0.210789981395148,0.704881983708344,0.183,0.151,1
"Fmnl1",0.210883506195353,-1.16164401271278,0.127,0.321,1
"Znrf1",0.211045735841058,0.623582972901183,0.408,0.358,1
"C730034F03Rik",0.21119653899056,3.12012390686527,0.028,0,1
"Tollip",0.211306101803428,1.36923308186657,0.07,0.038,1
"Tab2",0.211371580083144,-1.15087759694265,0.239,0.491,1
"Rbm45",0.211626864449337,0.93862476938157,0.155,0.075,1
"Uhrf1bp1l",0.211697530289648,-1.07405874206607,0.099,0.264,1
"Casp9",0.211776574452828,2.39651539498402,0.042,0.019,1
"Smdt1",0.211960337281154,0.966497942801351,0.127,0.113,1
"Ccdc28a",0.2120618418211,-3.47013161614876,0,0.057,1
"Ptpn22",0.212125793113423,1.0720360394368,0.366,0.321,1
"Gabarap",0.212244318665923,-2.98359677284076,0.014,0.132,1
"Znrf2",0.21225194269881,0.857979714833246,0.423,0.34,1
"Kcnk10",0.212293528628407,3.00180706129611,0.028,0,1
"Carmil2",0.212368580523517,-1.33678483449569,0.014,0.094,1
"E430018J23Rik",0.212412010383013,3.05844356581886,0.028,0,1
"Tubgcp3",0.212642788846138,1.55339557398125,0.183,0.132,1
"Scnm1",0.212974484269251,3.01532972805222,0.028,0,1
"Cmah",0.213037856237261,1.22714685020545,0.127,0.113,1
"Prmt2",0.213063247337063,3.00827064523751,0.028,0,1
"Kcnq1ot1",0.213122188021782,0.366720719090954,0.592,0.528,1
"mt-Atp6",0.213144550714086,-0.364917742785416,0.746,0.717,1
"Ercc6l",0.213179338686444,0.252265416497788,0.042,0.019,1
"Patl1",0.213558772652323,0.824294519352466,0.239,0.17,1
"Cyb5r1",0.213595059166626,-2.30132816135126,0.028,0.113,1
"Vars2",0.213794784235838,-2.77956922157596,0,0.038,1
"Rmnd1",0.213835844824229,-1.35540028151236,0.028,0.132,1
"Tspyl1",0.213920658257632,1.58215605275389,0.056,0.019,1
"Klhl18",0.213942530079577,-1.2494127215893,0.014,0.132,1
"6820431F20Rik",0.213971333719125,0.316042785161583,0.507,0.491,1
"Atp6v0d1",0.21401315774678,1.95948087454904,0.042,0.019,1
"Axin2",0.214019129346962,0.251023638120549,0.014,0.019,1
"Mcat",0.214019129346962,0.251023638120549,0.014,0.019,1
"Riox1",0.214019129346962,0.251023638120549,0.014,0.019,1
"Dbp",0.214159177738067,-2.48024280643382,0,0.038,1
"Tmem19",0.214215877134112,2.42574061466914,0.085,0.038,1
"Zadh2",0.214216010730959,2.08619497304899,0.113,0.038,1
"Asnsd1",0.214279440021511,0.352376628202978,0.085,0.094,1
"D730045B01Rik",0.214361854774368,-2.77191467008895,0,0.038,1
"Tbck",0.214661517844407,-0.744522677651411,0.141,0.321,1
"Vipr1",0.214848875945056,2.31576465804375,0.042,0.019,1
"Gm16552",0.21498294087071,3.07922072233172,0.028,0,1
"Coq5",0.215069514104111,1.83705372252344,0.155,0.057,1
"Zkscan6",0.215109960891751,2.14690643904209,0.056,0.038,1
"Ppp3cc",0.215148463457278,-0.31178722138152,0.549,0.792,1
"Borcs8",0.215158566707979,-3.65351248142012,0.014,0.075,1
"Gm56686",0.215194598930735,-2.76087155764711,0,0.038,1
"Gm57273",0.215513277740007,3.21747498757321,0.028,0,1
"Capns1",0.21573410354014,1.30406383696364,0.085,0.057,1
"Oas3",0.215793900933392,1.5118745342893,0.099,0.075,1
"Dhx36",0.216144918239081,0.97390615262868,0.38,0.34,1
"Tbc1d10a",0.216145119342353,0.834809484922385,0.07,0.019,1
"Pnisr",0.216148354778199,0.77575035752655,0.352,0.396,1
"Slamf6",0.216303483657305,-2.77974684108683,0.014,0.075,1
"Comtd1",0.21639583783161,3.13159815519754,0.028,0,1
"Gm9725",0.217041933012584,3.06017860364928,0.028,0,1
"Agl",0.217077977328606,1.77131722574418,0.042,0.019,1
"Ggnbp2",0.217366284166847,-0.535913432506515,0.352,0.604,1
"Ifngr2",0.217774614177677,0.655986643451797,0.085,0.075,1
"Gm14410",0.217862792495196,3.061421105946,0.028,0,1
"Atp13a3",0.218014645677246,0.674133616133314,0.507,0.547,1
"Btf3l4",0.218015912972403,1.79530489223591,0.085,0.038,1
"Uba7",0.218166904672139,1.37607628374487,0.085,0.057,1
"Slc39a9",0.218184502123846,0.490951246070318,0.113,0.075,1
"Clcf1",0.218777386305866,-1.29389898637342,0.014,0.057,1
"Smg6",0.218994035786728,0.684376000642548,0.577,0.604,1
"Gm26885",0.219049758200778,-2.45091871034349,0,0.038,1
"Sephs1",0.219056456616628,0.66872868730607,0.155,0.113,1
"mt-Cytb",0.219171577223083,-0.27936424902679,0.718,0.698,1
"Itpr1",0.219415265532784,-0.948251955919002,0.423,0.509,1
"Mafk",0.219464281879719,3.16493336962189,0.056,0.019,1
"Dnajc19",0.219664839367281,1.80640402461725,0.141,0.094,1
"Arhgap5",0.219884886407351,-0.625592375795199,0.085,0.226,1
"B3gat3",0.220098769422727,1.77310723460857,0.07,0.038,1
"Dpysl2",0.220135985258379,-0.359821653016909,0.141,0.321,1
"Pbx3",0.220180908221924,1.07417006628921,0.183,0.113,1
"Stx8",0.220228198597184,0.926029007726635,0.394,0.321,1
"Ccdc58",0.220383554342204,1.13244942593232,0.239,0.189,1
"Ttc8",0.22051313077713,0.743614108668075,0.042,0.019,1
"Gm48876",0.22054234352975,-2.41398919364324,0,0.038,1
"Alms1",0.220632365925981,0.802314765549237,0.155,0.132,1
"Rpa3",0.220689516328455,-2.25545355512211,0.042,0.189,1
"Eef1akmt4",0.220779861031099,3.36090856377663,0.028,0,1
"Gm44148",0.221059753270782,1.83947809073552,0.113,0.038,1
"Ptrhd1",0.221070204587109,3.14543001052143,0.028,0,1
"Noct",0.221222476766912,0.129155367764365,0.338,0.283,1
"Ufsp2",0.221270968132924,-1.45151891982365,0.028,0.132,1
"Sell",0.221379364394577,1.2274520350298,0.197,0.17,1
"Cyb561a3",0.221416733199895,-0.110788194203556,0.042,0.019,1
"Zfp869",0.221655333375846,1.00346979756411,0.127,0.094,1
"Crtc2",0.221696607905749,-0.665730286152739,0.028,0.113,1
"Nbeal2",0.221761529251201,-0.675984235460644,0.056,0.17,1
"Ube2cbp",0.221900447797214,2.78151760441619,0.127,0.075,1
"Tmsb15b1",0.222171047835145,3.25812942151586,0.028,0,1
"Slc25a39",0.222357776164561,-3.77529357800781,0.014,0.113,1
"Adrb2",0.222431184502585,3.26453202231289,0.028,0,1
"Pcgf5",0.222482955469583,-0.30413796563076,0.296,0.547,1
"Ptges3l",0.222575604553486,3.17385637014688,0.028,0,1
"Lhfp",0.222719952214832,3.61517682661194,0.028,0,1
"Hectd3",0.222794102569898,-0.506793133455199,0.014,0.057,1
"Dnajc1",0.222834994144753,0.976533668073601,0.606,0.604,1
"Tbc1d22bos",0.222870949989388,-1.98512816937225,0.014,0.057,1
"Mta2",0.222980588476002,-0.695734750815753,0.099,0.283,1
"Gm50237",0.223197131008933,1.87561260397107,0.113,0.075,1
"F8",0.223218211046836,-2.40551686504167,0,0.038,1
"Ctbp1",0.223230614795529,-1.67990217659199,0.056,0.189,1
"Tnik",0.223275246609084,1.15137737165446,0.437,0.415,1
"Eif3i",0.223597805747908,-2.08268257188505,0.056,0.226,1
"Serac1",0.223711903880959,1.94501433349237,0.042,0.019,1
"Gm16023",0.22380897831475,-1.08336727823671,0.014,0.075,1
"Tmem107",0.223828475774537,-2.6585960999819,0,0.038,1
"Zc3h18",0.223885364088053,-0.452848802428067,0.169,0.34,1
"2010016I18Rik",0.224189393092668,-1.34687738370754,0.042,0.132,1
"Gm16549",0.22424543644599,3.19799064727359,0.028,0,1
"2510017J16Rik",0.224325584933691,2.38173909503536,0.028,0.019,1
"Furin",0.224487704541085,-1.17639511669637,0.014,0.057,1
"Impa2",0.224693927288563,1.69826126879384,0.169,0.132,1
"Sh3bp2",0.225305715632509,-1.00267337215995,0.085,0.226,1
"Csad",0.225362319018774,3.23096237310586,0.028,0,1
"Fam169b",0.225484412131204,-0.533534277568868,0.549,0.679,1
"Dennd4a",0.225877071341386,0.893313338078325,0.239,0.151,1
"Zdhhc12",0.225916698726346,-0.98747974580345,0.014,0.057,1
"Opa3",0.226302510251598,-2.88018008258789,0.014,0.113,1
"Trim16",0.226588224466507,1.5981491790304,0.085,0.038,1
"Gpank1",0.226775533813966,0.379015731467293,0.042,0.019,1
"Ndufs2",0.227215482690868,-2.96373135606329,0.014,0.113,1
"Chp1",0.227494606261376,1.0114293627692,0.155,0.113,1
"Itpr3",0.2275028002748,-1.13062690642763,0.028,0.151,1
"Gm11476",0.227580491185209,3.19976261829544,0.028,0,1
"Efnb2",0.227665366658344,3.41015702655544,0.028,0,1
"Skp2",0.227817766494858,-1.87349098387418,0.07,0.208,1
"Utp15",0.227829732147243,-0.943601413183586,0.028,0.132,1
"Pip4k2c",0.22784878302328,-2.92383279009126,0.014,0.094,1
"Cwc27",0.22790025997646,0.270294875524256,0.352,0.302,1
"Nop56",0.228209563242039,0.167016910023318,0.197,0.396,1
"Cacna1d",0.228230334316827,3.1686031574938,0.028,0,1
"Srsf11",0.228298300289935,0.611127398282741,0.521,0.491,1
"Atg14",0.228484069890899,3.30311974163778,0.028,0,1
"BC035044",0.228549617560685,1.59200673089409,0.183,0.075,1
"Tnf",0.228567891160437,1.10339679697682,0.225,0.189,1
"Tdg",0.228580861828178,1.76181479214993,0.183,0.113,1
"Uqcr11",0.228647308390827,-1.71365727224027,0.085,0.264,1
"Nup62",0.228972336016529,-2.78231180806547,0.014,0.094,1
"9530062K07Rik",0.22910873065625,-2.60524598808011,0,0.038,1
"Dynlt1c",0.22924336982636,3.40472611584254,0.028,0,1
"Grk5",0.229294008023972,-1.67065253434066,0.028,0.132,1
"Letm2",0.22980392628656,3.42209114288577,0.028,0,1
"Mpc2",0.229814173603096,-2.21392981656548,0.028,0.132,1
"Gm33037",0.229887868283661,3.22150479713066,0.028,0,1
"Plgrkt",0.229895882807302,1.11500921533362,0.099,0.075,1
"Mrpl39",0.229952696150573,-2.02955047976945,0.014,0.094,1
"Mphosph9",0.230373182942073,0.880709546041748,0.268,0.264,1
"Gm15788",0.230446521817922,3.44261061928768,0.028,0,1
"Pdlim2",0.230616238787567,-2.96387124167962,0.014,0.094,1
"Ndufb4",0.230747792461119,2.65598461225274,0.056,0.019,1
"Spats2",0.231126611364398,3.12423096309785,0.085,0.019,1
"Gm20457",0.231182631677065,-2.3694132582214,0,0.038,1
"B020010K11Rik",0.231221692442221,-0.899070551778682,0.014,0.075,1
"Gm43258",0.231447791394681,3.35250954033685,0.028,0,1
"Hnrnpul1",0.231611757172996,-0.926718074484204,0.268,0.491,1
"Gm8251",0.231890971919371,3.725709315487,0.028,0,1
"Aldoa",0.23195746582953,-0.474188317750525,0.169,0.358,1
"Rbm3os",0.232029230023833,3.26207067440274,0.028,0,1
"Cog2",0.232034753716306,2.18214443554563,0.099,0.038,1
"Nmb",0.232138830385607,-2.5772173882353,0,0.038,1
"Smap2",0.2321980140385,0.823176423063827,0.324,0.283,1
"Prkag2",0.23219924067549,-1.30969356823512,0.056,0.151,1
"Atp5b",0.232412434797691,-0.782647881683714,0.169,0.377,1
"Timm22",0.232527052670276,1.81191945784386,0.07,0.057,1
"Scaf4",0.232749304900096,-0.303120796728391,0.225,0.453,1
"Zfp384",0.232805352863422,1.25956830151608,0.099,0.057,1
"Gm36411",0.233021301756295,3.38140642769998,0.028,0,1
"Snapc4",0.233050675661803,-0.824454629660637,0.014,0.057,1
"Copb2",0.23317098616882,-1.72685039165049,0.056,0.208,1
"Cklf",0.233178702060401,-0.561313550689153,0.056,0.151,1
"Ccng2",0.233295801717664,3.33160596529014,0.028,0,1
"Mrs2",0.233305089789829,1.57629176807208,0.183,0.113,1
"Med13",0.233341231597345,0.81652756986583,0.465,0.434,1
"Mmd",0.233437055963394,1.13404910392598,0.099,0.057,1
"Ero1b",0.233465153508205,-0.590113773090267,0.07,0.17,1
"Nudt7",0.233870692152492,3.37016967568475,0.028,0,1
"Gm43140",0.233898014581535,3.25248829443155,0.028,0,1
"Kifbp",0.233974260347033,-2.36067426136806,0,0.038,1
"Arhgap11a",0.234108733843718,1.41369553092653,0.282,0.208,1
"Zbtb41",0.234206044767393,-0.74304892837912,0.056,0.208,1
"Gm37202",0.234413204385984,-2.37338165952241,0,0.038,1
"Angel1",0.234426139446191,-3.85659401022848,0,0.019,1
"Mettl21c",0.234426139446191,-3.85659401022848,0,0.019,1
"Stard13",0.234426139446191,-3.85659401022848,0,0.019,1
"Gm49761",0.234481869465982,-3.85274559583637,0,0.019,1
"Pias3",0.234481869465982,-3.85274559583637,0,0.019,1
"Ppcs",0.234481869465982,-3.85274559583637,0,0.019,1
"Piezo1",0.234537125272069,1.4537872336513,0.31,0.208,1
"2900009J06Rik",0.234556328755979,-3.84763353542554,0,0.019,1
"9130230N09Rik",0.234556328755979,-3.84763353542554,0,0.019,1
"Clip4",0.234556328755979,-3.84763353542554,0,0.019,1
"Col14a1",0.234556328755979,-3.84763353542554,0,0.019,1
"Crppa",0.234556328755979,-3.84763353542554,0,0.019,1
"Fam210b",0.234556328755979,-3.84763353542554,0,0.019,1
"Gm16001",0.234556328755979,-3.84763353542554,0,0.019,1
"Gm20139",0.234556328755979,-3.84763353542554,0,0.019,1
"Gm45885",0.234556328755979,-3.84763353542554,0,0.019,1
"Gm49479",0.234556328755979,-3.84763353542554,0,0.019,1
"Gm56656",0.234556328755979,-3.84763353542554,0,0.019,1
"Gm57091",0.234556328755979,-3.84763353542554,0,0.019,1
"Ier5l",0.234556328755979,-4.77889844580819,0,0.019,1
"Katnal1",0.234556328755979,-3.84763353542554,0,0.019,1
"Zfp874b",0.234556328755979,-3.84763353542554,0,0.019,1
"Fastkd2",0.234614431837844,-1.83353925575639,0.014,0.075,1
"Cby1",0.234677941523201,-2.73536321923951,0.014,0.075,1
"Ttc28",0.234759741454867,2.2392982379106,0.085,0.038,1
"Maml1",0.234851789579398,0.808134191859512,0.085,0.038,1
"Actl6a",0.23490081552641,1.37713725937606,0.197,0.151,1
"4930556J24Rik",0.234932599553409,3.43702840880511,0.028,0,1
"Grwd1",0.235068188979019,3.49440406730097,0.028,0,1
"Gm12592",0.235257799513371,3.30750452284008,0.028,0,1
"1700041G16Rik",0.235310522227663,-3.79768115062513,0,0.019,1
"Arhgef39",0.235310522227663,-3.79768115062513,0,0.019,1
"C030010L15Rik",0.235310522227663,-3.79768115062513,0,0.019,1
"Ddx28",0.235310522227663,-3.79768115062513,0,0.019,1
"Gm11541",0.235310522227663,-3.79768115062513,0,0.019,1
"Gm11639",0.235310522227663,-3.79768115062513,0,0.019,1
"Gm6598",0.235310522227663,-3.79768115062513,0,0.019,1
"Zbtb42",0.235310522227663,-3.79768115062513,0,0.019,1
"Ms4a6c",0.235315482845818,-1.1712905086883,0.014,0.057,1
"Phf1",0.235393025967359,-1.43667517033962,0.014,0.075,1
"2900076A07Rik",0.235752574387957,-1.18525776002476,0.014,0.075,1
"Ampd2",0.235798149047684,3.28514327164831,0.028,0,1
"Zfp692",0.235856376997843,1.58886748678632,0.141,0.075,1
"Erap1",0.235903664929628,-0.413633315486876,0.183,0.415,1
"Chac2",0.235951440113961,2.7685618980936,0.056,0.038,1
"Cnot6l",0.235983534767197,-0.16399738465976,0.479,0.509,1
"Ino80d",0.236214685600071,-0.591411189043047,0.225,0.472,1
"Ifi35",0.236321363569395,-1.14424572176524,0.07,0.245,1
"4930473H19Rik",0.236376076007609,-3.73225500267637,0,0.019,1
"4933424G05Rik",0.236376076007609,-3.73225500267637,0,0.019,1
"Bend6",0.236376076007609,-3.73225500267637,0,0.019,1
"Ccdc7b",0.236376076007609,-3.73225500267637,0,0.019,1
"Gm15764",0.236376076007609,-3.73225500267637,0,0.019,1
"Gm36279",0.236376076007609,-3.73225500267637,0,0.019,1
"Gm50350",0.236376076007609,-3.73225500267637,0,0.019,1
"Gm5106",0.236376076007609,-3.73225500267637,0,0.019,1
"Gm56755",0.236376076007609,-3.73225500267637,0,0.019,1
"Grb10",0.236376076007609,-3.73225500267637,0,0.019,1
"Igsf3",0.236376076007609,-3.73225500267637,0,0.019,1
"Lrrc24",0.236376076007609,-3.73225500267637,0,0.019,1
"Maff",0.236376076007609,-3.73225500267637,0,0.019,1
"St3gal6",0.236376076007609,-3.73225500267637,0,0.019,1
"Vcp",0.236569158481305,-0.238798690231351,0.183,0.377,1
"Utp25",0.236615076086207,-1.35951056490102,0.042,0.132,1
"Lpp",0.236621194316697,0.51568281436206,0.704,0.642,1
"Crip1",0.236857591987571,2.06941213009151,0.056,0.038,1
"Crygn",0.23692600206582,3.37058827758137,0.028,0,1
"Gm57297",0.23692600206582,3.37058827758137,0.028,0,1
"Rab33b",0.236980602018116,2.48808796834055,0.056,0.019,1
"Polr2c",0.237060308657264,2.24417139541374,0.056,0.038,1
"Gm12999",0.237086346036752,3.30122465016382,0.028,0,1
"Nagpa",0.237139750123032,3.30218009848964,0.028,0,1
"Mcm4",0.237178994470009,1.27719682932751,0.183,0.151,1
"AB124611",0.237321160890414,-1.09007615580757,0.014,0.113,1
"Eif4g2",0.237352587874741,-0.335877410584814,0.366,0.604,1
"Myo1h",0.237353145848329,3.85344460103179,0.028,0,1
"E330020D12Rik",0.237366878539961,-2.83986055805688,0,0.075,1
"AW046200",0.237902866319606,-3.64744385189456,0,0.019,1
"Amigo1",0.237902866319606,-3.64744385189456,0,0.019,1
"Ccn4",0.237902866319606,-3.64744385189456,0,0.019,1
"Cnpy4",0.237902866319606,-3.64744385189456,0,0.019,1
"Gm17041",0.237902866319606,-3.64744385189456,0,0.019,1
"Gpr83",0.237902866319606,-3.64744385189456,0,0.019,1
"Hps6",0.237902866319606,-3.64744385189456,0,0.019,1
"Rcn3",0.237902866319606,-3.64744385189456,0,0.019,1
"Stard10",0.237902866319606,-3.64744385189456,0,0.019,1
"Trav8n-2",0.237902866319606,-3.64744385189456,0,0.019,1
"4921524J17Rik",0.238037631393776,-1.31878963847412,0.056,0.189,1
"Zfp141",0.23814376604261,0.129252464483793,0.099,0.189,1
"Rbm38",0.238154734957475,0.911438639437532,0.141,0.094,1
"Ptpn14",0.238203152698136,3.44629256374142,0.028,0,1
"Nod1",0.238286703433194,-0.124606749610643,0.014,0.057,1
"Tpte",0.238414747234659,3.3642040627823,0.028,0,1
"Dctn5",0.238561365194026,-1.37442995941448,0.028,0.17,1
"2510039O18Rik",0.238590855617413,0.743850776306139,0.07,0.113,1
"Cln3",0.238614109137334,-2.3075979143545,0.028,0.17,1
"Acot2",0.238627172669739,-3.61036734455114,0,0.019,1
"BC046401",0.238627172669739,-3.61036734455114,0,0.019,1
"Col27a1",0.238627172669739,-3.61036734455114,0,0.019,1
"Gm56916",0.238627172669739,-3.61036734455114,0,0.019,1
"Msi1",0.238627172669739,-3.61036734455114,0,0.019,1
"Slc25a10",0.238627172669739,-3.61036734455114,0,0.019,1
"Zc4h2",0.238627172669739,-3.61036734455114,0,0.019,1
"Zfp628",0.238627172669739,-3.61036734455114,0,0.019,1
"Zxdb",0.238627172669739,-3.61036734455114,0,0.019,1
"Ppt1",0.238748285095184,1.12118776235039,0.141,0.094,1
"Gm57176",0.238915804060893,3.4670692976375,0.028,0,1
"Bud13",0.239050746473213,3.0294798887882,0.085,0.038,1
"Celf2",0.239083038606549,0.518403643666882,0.704,0.755,1
"Sun1",0.239209733043235,-0.380066590402314,0.042,0.132,1
"4930412C18Rik",0.239343525540072,-3.57545273175269,0,0.019,1
"Bace1",0.239343525540072,-3.57545273175269,0,0.019,1
"Dcst2",0.239343525540072,-3.57545273175269,0,0.019,1
"Gm43221",0.239343525540072,-3.57545273175269,0,0.019,1
"Hcn3",0.239343525540072,-3.57545273175269,0,0.019,1
"Pabpn1",0.239351017776461,-1.11201054837098,0.085,0.283,1
"Aqp11",0.239386053968633,-3.57343148317701,0,0.019,1
"Grm7",0.239386053968633,-3.57343148317701,0,0.019,1
"Patl2",0.239386053968633,-3.57343148317701,0,0.019,1
"Rpgr",0.239386053968633,-3.57343148317701,0,0.019,1
"Sertad3",0.239386053968633,-3.57343148317701,0,0.019,1
"Syt9",0.239386053968633,-3.57343148317701,0,0.019,1
"Tmem204",0.239386053968633,-3.57343148317701,0,0.019,1
"Wdr11",0.239542005351584,-0.815977854213002,0.028,0.132,1
"Gmds",0.239543523661053,0.802073629009567,0.563,0.566,1
"Disc1",0.239650344758589,3.39370211153288,0.028,0,1
"Hexdc",0.239661868167988,-0.559334874648466,0.042,0.019,1
"Cadps2",0.239706395555073,-3.55838430161326,0,0.019,1
"Gm16212",0.239706395555073,-3.55838430161326,0,0.019,1
"Gm43062",0.239706395555073,-3.55838430161326,0,0.019,1
"Gm57131",0.239706395555073,-3.55838430161326,0,0.019,1
"Gng3",0.239706395555073,-3.55838430161326,0,0.019,1
"Jam3",0.239706395555073,-3.55838430161326,0,0.019,1
"Moap1",0.239706395555073,-3.55838430161326,0,0.019,1
"Nphp4",0.239706395555073,-3.55838430161326,0,0.019,1
"Osbpl6",0.239706395555073,-3.55838430161326,0,0.019,1
"Pou1f1",0.239706395555073,-3.55838430161326,0,0.019,1
"Ptcd1",0.239706395555073,-3.55838430161326,0,0.019,1
"Sspo",0.239706395555073,-3.55838430161326,0,0.019,1
"Tkfc",0.239706395555073,-3.55838430161326,0,0.019,1
"Ucp3",0.239706395555073,-3.55838430161326,0,0.019,1
"Ctnna2",0.239899766665482,-5.4200109877057,0,0.019,1
"Gm15265",0.239899766665482,-3.54944972369725,0,0.019,1
"Gm27241",0.239899766665482,-3.54944972369725,0,0.019,1
"Gm47371",0.239899766665482,-3.54944972369725,0,0.019,1
"Gm47771",0.239899766665482,-3.54944972369725,0,0.019,1
"Or10d5j",0.239899766665482,-3.54944972369725,0,0.019,1
"Rnf225",0.239899766665482,-3.54944972369725,0,0.019,1
"Zfp467",0.239899766665482,-3.54944972369725,0,0.019,1
"Gm26901",0.240030987569576,-2.40212443959541,0,0.038,1
"Morn1",0.240030987569576,-2.95212508207509,0,0.038,1
"AU041133",0.240044990594535,-0.556753943762179,0.028,0.132,1
"Gde1",0.24008793754552,2.75305414548052,0.085,0.038,1
"1700029K24Rik",0.240158952937009,-3.53764426104434,0,0.019,1
"4930539J05Rik",0.240158952937009,-3.53764426104434,0,0.019,1
"Ache",0.240158952937009,-3.53764426104434,0,0.019,1
"Akap12",0.240158952937009,-3.53764426104434,0,0.019,1
"B430219N15Rik",0.240158952937009,-3.53764426104434,0,0.019,1
"Bach2os",0.240158952937009,-3.53764426104434,0,0.019,1
"Gm29443",0.240158952937009,-3.53764426104434,0,0.019,1
"Gm37933",0.240158952937009,-3.53764426104434,0,0.019,1
"Gm56789",0.240158952937009,-3.53764426104434,0,0.019,1
"Gm57145",0.240158952937009,-3.53764426104434,0,0.019,1
"Gys2",0.240158952937009,-3.53764426104434,0,0.019,1
"Magee1",0.240158952937009,-3.53764426104434,0,0.019,1
"Nrep",0.240158952937009,-3.53764426104434,0,0.019,1
"Pomt1",0.240158952937009,-3.53764426104434,0,0.019,1
"Ppp1r3e",0.240158952937009,-3.53764426104434,0,0.019,1
"Sco2",0.240158952937009,-3.53764426104434,0,0.019,1
"Spag4",0.240158952937009,-3.53764426104434,0,0.019,1
"Zbtb11os1",0.240158952937009,-3.53764426104434,0,0.019,1
"Fam171b",0.240354204197926,3.46464112971149,0.028,0,1
"Ndel1",0.240370149957895,-0.384790339094187,0.113,0.245,1
"Bcas1",0.240463295060879,-3.5240234320162,0,0.019,1
"Dyrk4",0.240463295060879,-3.5240234320162,0,0.019,1
"Fads6",0.240463295060879,-3.5240234320162,0,0.019,1
"Sertad1",0.240468771412594,1.8204015076254,0.056,0.019,1
"Rabgap1",0.240774296155496,0.392289122427999,0.31,0.283,1
"Rrp1",0.240906468719904,-1.28935450813164,0.099,0.245,1
"Traj4",0.241037611410335,-1.02904663660648,0.014,0.057,1
"Cops6",0.241085952300673,-2.7888333427385,0.014,0.094,1
"Lgals3bp",0.241090891558424,-2.04020393385418,0.028,0.113,1
"Macrod1",0.241208399634605,3.48998815212357,0.028,0,1
"0610012D04Rik",0.241211160915716,-3.49254648677745,0,0.019,1
"2510009E07Rik",0.241211160915716,-4.40403072696676,0,0.019,1
"A230072E10Rik",0.241211160915716,-3.49254648677745,0,0.019,1
"Dlx1as",0.241211160915716,-3.49254648677745,0,0.019,1
"Gm19967",0.241211160915716,-3.49254648677745,0,0.019,1
"Gm20300",0.241211160915716,-3.49254648677745,0,0.019,1
"Gm38336",0.241211160915716,-3.49254648677745,0,0.019,1
"Gm41556",0.241211160915716,-3.49254648677745,0,0.019,1
"Gm43017",0.241211160915716,-3.49254648677745,0,0.019,1
"Gm48860",0.241211160915716,-3.49254648677745,0,0.019,1
"Marveld1",0.241211160915716,-3.49254648677745,0,0.019,1
"Napb",0.241211160915716,-3.49254648677745,0,0.019,1
"Phf2os1",0.241211160915716,-3.49254648677745,0,0.019,1
"Slc5a10",0.241211160915716,-3.49254648677745,0,0.019,1
"Ttll1",0.241211160915716,-3.49254648677745,0,0.019,1
"Ube4bos1",0.241211160915716,-3.49254648677745,0,0.019,1
"Usp28",0.241288510266806,0.489948323152612,0.113,0.094,1
"H2-DMa",0.241418075439899,1.4815418516276,0.127,0.057,1
"Lilrb4a",0.241512457011977,-1.95096373847755,0.056,0.189,1
"Tubd1",0.241680329542401,-3.2444045090436,0.014,0.094,1
"Zfp51",0.242055740671414,3.51807898186997,0.028,0,1
"Slc16a6",0.242090388035528,1.42465476745179,0.169,0.075,1
"Tln2",0.242209052269677,3.41912110486295,0.028,0,1
"Pvt1",0.242225253083116,0.340557248161431,0.704,0.83,1
"Cpsf1",0.242370758669594,-3.58204345511419,0,0.057,1
"Cct6a",0.2425754606389,0.955575971797404,0.296,0.283,1
"Hectd4",0.242669419561653,-0.251007793936984,0.183,0.377,1
"Tysnd1",0.242821533088007,1.5093749693599,0.042,0.019,1
"Ecpas",0.24299514564042,0.580405305168842,0.563,0.528,1
"Atoh8",0.243111498650954,-3.41528153574953,0,0.019,1
"Fndc10",0.243111498650954,-3.41528153574953,0,0.019,1
"Gm48133",0.243111498650954,-3.41528153574953,0,0.019,1
"Gm50105",0.243111498650954,-3.41528153574953,0,0.019,1
"Hspb6",0.243111498650954,-3.41528153574953,0,0.019,1
"Jmjd4",0.243111498650954,-3.41528153574953,0,0.019,1
"Klhl17",0.243111498650954,-4.32173473182973,0,0.019,1
"Mcrip2",0.243111498650954,-3.41528153574953,0,0.019,1
"Pak4",0.243111498650954,-3.41528153574953,0,0.019,1
"Pdcd1",0.243111498650954,-3.41528153574953,0,0.019,1
"Raver2",0.243111498650954,-3.41528153574953,0,0.019,1
"Sh3bp4",0.243111498650954,-3.41528153574953,0,0.019,1
"Slc10a3",0.243111498650954,-3.41528153574953,0,0.019,1
"Tcea2",0.243111498650954,-3.41528153574953,0,0.019,1
"Tmem177",0.243111498650954,-3.41528153574953,0,0.019,1
"Trav7d-4",0.243111498650954,-3.41528153574953,0,0.019,1
"Rcsd1",0.243193561017056,0.758861473809843,0.577,0.528,1
"Timeless",0.243240461304296,-0.808817150995654,0.085,0.245,1
"Rack1",0.243396954598812,-0.136303858477876,0.324,0.547,1
"Slc29a3",0.243427047720632,3.43378353245296,0.028,0,1
"Arf1",0.243646515897873,-1.45002217767103,0.07,0.245,1
"Efl1",0.2437309229516,-0.720148366178731,0.211,0.434,1
"Grtp1",0.243805446877087,-3.17226607119215,0.014,0.057,1
"0610040J01Rik",0.243831535648893,-3.38837389122352,0,0.019,1
"4732491K20Rik",0.243831535648893,-3.38837389122352,0,0.019,1
"Acp4",0.243831535648893,-3.38837389122352,0,0.019,1
"Adam22",0.243831535648893,-3.38837389122352,0,0.019,1
"Astl",0.243831535648893,-3.38837389122352,0,0.019,1
"Atxn7l1os1",0.243831535648893,-3.38837389122352,0,0.019,1
"C79798",0.243831535648893,-3.38837389122352,0,0.019,1
"Gm11579",0.243831535648893,-3.38837389122352,0,0.019,1
"Gm14221",0.243831535648893,-3.38837389122352,0,0.019,1
"Gm17108",0.243831535648893,-3.38837389122352,0,0.019,1
"Gm20470",0.243831535648893,-3.38837389122352,0,0.019,1
"Gm2087",0.243831535648893,-3.38837389122352,0,0.019,1
"Gm31342",0.243831535648893,-3.38837389122352,0,0.019,1
"Gm42982",0.243831535648893,-3.38837389122352,0,0.019,1
"Gm57385",0.243831535648893,-3.38837389122352,0,0.019,1
"Trim3",0.243831535648893,-3.38837389122352,0,0.019,1
"Pdk3",0.244174348686789,-1.81282353869675,0.028,0.151,1
"Crlf2",0.244178892049879,1.94095782547386,0.07,0.038,1
"Gcnt2",0.244209185955622,1.79762860042885,0.155,0.057,1
"Pop5",0.244270049924434,2.04406718034447,0.099,0.057,1
"1700065D16Rik",0.244280455803297,3.40967471358507,0.028,0,1
"H3c13",0.244280455803297,3.40967471358507,0.028,0,1
"Cxxc1",0.24428855668653,-1.54887690809517,0.014,0.057,1
"Gm56767",0.244380337137188,3.47567290511016,0.028,0,1
"Cd93",0.244490454328605,-3.36461574146156,0,0.019,1
"Cdkl2",0.244490454328605,-3.36461574146156,0,0.019,1
"Fkbp11",0.244490454328605,-3.36461574146156,0,0.019,1
"Gm15632",0.244490454328605,-3.36461574146156,0,0.019,1
"Gm41386",0.244490454328605,-3.36461574146156,0,0.019,1
"Gm57061",0.244490454328605,-3.36461574146156,0,0.019,1
"Pecr",0.244490454328605,-3.36461574146156,0,0.019,1
"Tyro3",0.244490454328605,-3.36461574146156,0,0.019,1
"Alkbh6",0.244673018485233,-2.47743791694211,0,0.038,1
"Tmem106a",0.244878080904452,3.47091495800405,0.028,0,1
"Uso1",0.245080992414488,-1.25431859074596,0.113,0.264,1
"Ccr2",0.2451457164616,3.7544206153098,0.056,0.019,1
"Basp1",0.245377461412717,-0.689965175243478,0.014,0.057,1
"Dgke",0.245439875738936,-0.339844951350564,0.042,0.019,1
"Capn10",0.245657126848438,-2.32751277883948,0,0.038,1
"Ephx4",0.245657126848438,-2.32751277883948,0,0.038,1
"Dhrs4",0.24578715361755,-1.14681882991633,0.028,0.113,1
"Tpx2",0.245829725655832,0.722302399708115,0.408,0.377,1
"BC051537",0.245856630931521,-3.31776884964153,0,0.019,1
"Epb41l4a",0.245856630931521,-4.21744795821666,0,0.019,1
"Gm47214",0.245856630931521,-3.31776884964153,0,0.019,1
"Lypd6b",0.245856630931521,-3.31776884964153,0,0.019,1
"Piwil4",0.245856630931521,-3.31776884964153,0,0.019,1
"Ptges2",0.245856630931521,-3.31776884964153,0,0.019,1
"Smo",0.245856630931521,-3.31776884964153,0,0.019,1
"Tmem178b",0.245856630931521,-4.76735765913227,0,0.019,1
"4930590J08Rik",0.245929447323965,-3.31535743927851,0,0.019,1
"Car5a",0.245929447323965,-3.31535743927851,0,0.019,1
"Gm14963",0.245929447323965,-3.31535743927851,0,0.019,1
"Gm16153",0.245929447323965,-3.31535743927851,0,0.019,1
"Gm16214",0.245929447323965,-3.31535743927851,0,0.019,1
"Gm44366",0.245929447323965,-3.31535743927851,0,0.019,1
"Ifi213",0.245929447323965,-3.31535743927851,0,0.019,1
"Angptl1",0.246075351632534,-3.31055041556305,0,0.019,1
"Dnal1",0.246075351632534,-3.31055041556305,0,0.019,1
"Dpp10",0.246075351632534,-4.20970831440605,0,0.019,1
"Fuom",0.246075351632534,-3.31055041556305,0,0.019,1
"Gm15965",0.246075351632534,-3.31055041556305,0,0.019,1
"Gm26879",0.246075351632534,-3.31055041556305,0,0.019,1
"Gm47080",0.246075351632534,-3.31055041556305,0,0.019,1
"Gm47819",0.246075351632534,-3.31055041556305,0,0.019,1
"Tbc1d25",0.246075351632534,-3.31055041556305,0,0.019,1
"Tead1",0.246075351632534,-3.31055041556305,0,0.019,1
"Trav16d-dv11",0.246075351632534,-3.31055041556305,0,0.019,1
"Trgc1",0.246075351632534,-3.31055041556305,0,0.019,1
"Gm17344",0.246085648018704,3.50434576037019,0.028,0,1
"Ebi3",0.246134571743683,3.50575321009237,0.028,0,1
"Cog5",0.246637018053877,0.761265580353523,0.662,0.604,1
"B3galt2",0.246767934617679,3.51356531839816,0.028,0,1
"Cd5",0.24688639058062,0.450713454811283,0.352,0.302,1
"Atxn7l3",0.2470022672231,-3.12444589127821,0.014,0.132,1
"Adck1",0.247008956546801,3.79895219165286,0.056,0.019,1
"Ppp1r16b",0.247026508336798,1.11082201505651,0.38,0.302,1
"Irf4",0.247489379446629,-0.312363427479629,0.099,0.208,1
"Rab29",0.247506473615126,2.81229400242775,0.042,0.019,1
"Tjp1",0.247756576370353,3.49530586206088,0.028,0,1
"Gdi2",0.247878795769868,-0.824413569980336,0.254,0.491,1
"Slfn3",0.248088352708373,-0.500271045567841,0.099,0.283,1
"Whamm",0.248276913848787,-1.1186783244723,0.042,0.113,1
"Parpbp",0.248342689627251,0.994337487629242,0.239,0.17,1
"Nav2",0.248400742277918,3.48703790813988,0.028,0,1
"Gm38560",0.248543136733792,3.48985728630866,0.028,0,1
"Myl4",0.248543136733792,4.00543149612515,0.028,0,1
"Pms1",0.248683623547832,-0.281519632853025,0.099,0.245,1
"Gnl1",0.248747513619535,3.02764681137488,0.07,0.038,1
"Zfp33b",0.249015786854588,3.51887614240923,0.028,0,1
"Ctsw",0.249250267886787,-3.36036726535209,0.014,0.113,1
"Rnf43",0.249352195045616,-0.756688055410399,0.014,0.057,1
"Mfsd4a",0.249420858379526,-2.31364227026362,0,0.038,1
"Lbr",0.249705563174638,-0.223878108373535,0.239,0.453,1
"Grap2",0.249911997483968,0.809843690217821,0.761,0.736,1
"Ddx17",0.249985405744592,-0.611241705073147,0.366,0.623,1
"Etv1",0.250091068721562,4.65143997712034,0.028,0,1
"Fhl2",0.250206942968464,3.54970227665719,0.028,0,1
"Pars2",0.250299499311748,3.53686271484305,0.028,0,1
"Slc39a13",0.250438094830719,3.55730282300645,0.028,0,1
"Slain1",0.250540286468938,-2.78244580343991,0.028,0.151,1
"5430427G11Rik",0.250553371495644,3.5429532174421,0.028,0,1
"Nae1",0.250634211799429,-0.415097204684771,0.07,0.208,1
"F2r",0.250774793407445,-1.10197985967738,0.113,0.321,1
"Plagl2",0.250804913652644,-0.589526270679117,0.07,0.226,1
"H2-Q5",0.251011132560878,2.69680484191676,0.042,0.019,1
"Gm16364.1",0.251218014739434,3.54806891336714,0.028,0,1
"Akr1e1",0.251245194585532,-3.1585878968946,0,0.019,1
"Aldh1b1",0.251245194585532,-3.1585878968946,0,0.019,1
"Dxo",0.251245194585532,-3.1585878968946,0,0.019,1
"Gm12253",0.251245194585532,-3.1585878968946,0,0.019,1
"Gm56717",0.251245194585532,-3.1585878968946,0,0.019,1
"Magi1",0.251245194585532,-3.1585878968946,0,0.019,1
"Zscan2",0.251245194585532,-3.1585878968946,0,0.019,1
"Ube2d2a",0.25127547699628,0.748321178601758,0.408,0.415,1
"Fam161b",0.251422900280324,4.1239970375124,0.028,0,1
"Ddrgk1",0.25166410125633,-2.1003095596396,0.014,0.132,1
"Klhl7",0.251915846290375,-0.69520168923416,0.028,0.113,1
"Pde4a",0.251920949069,3.56580898249977,0.028,0,1
"Gm5817",0.25230308139735,3.57341890353148,0.028,0,1
"AI182371",0.252518293039212,-3.12575122924487,0,0.019,1
"Adap1",0.252518293039212,-3.12575122924487,0,0.019,1
"Amigo3",0.252518293039212,-3.12575122924487,0,0.019,1
"Apol7c",0.252518293039212,-3.12575122924487,0,0.019,1
"C030034L19Rik",0.252518293039212,-3.12575122924487,0,0.019,1
"Eci1",0.252518293039212,-3.12575122924487,0,0.019,1
"Fbxl7",0.252518293039212,-3.12575122924487,0,0.019,1
"Gm12166",0.252518293039212,-3.12575122924487,0,0.019,1
"Gm30091",0.252518293039212,-3.12575122924487,0,0.019,1
"Gm36457",0.252518293039212,-3.12575122924487,0,0.019,1
"Lrrn4",0.252518293039212,-3.12575122924487,0,0.019,1
"Plpp5",0.252518293039212,-3.12575122924487,0,0.019,1
"Sfxn3",0.252518293039212,-3.12575122924487,0,0.019,1
"Slc30a1",0.252518293039212,-3.12575122924487,0,0.019,1
"Stkld1",0.252518293039212,-3.12575122924487,0,0.019,1
"Tedc2",0.252518293039212,-3.12575122924487,0,0.019,1
"Tgif1",0.252518293039212,-3.12575122924487,0,0.019,1
"Thap1",0.252518293039212,-3.12575122924487,0,0.019,1
"Vsig10",0.252518293039212,-3.12575122924487,0,0.019,1
"Gm56530",0.252593686605094,3.5990094995783,0.028,0,1
"Eef1akmt2",0.252660549862677,3.62395340943832,0.028,0,1
"Gpr160",0.252660549862677,3.62395340943832,0.028,0,1
"Acp2",0.25268487487361,-0.79487378148831,0.014,0.057,1
"4831440D22Rik",0.25272733812667,3.58499940241538,0.028,0,1
"Sh2d3c",0.252853126524145,1.16943425974011,0.296,0.226,1
"Spata24",0.25328264686172,3.59579726669327,0.085,0.019,1
"Isoc1",0.253365427192755,0.61565845063336,0.085,0.057,1
"App",0.253828166137098,-2.41755248066027,0,0.038,1
"Zfta",0.253960178120268,3.61956598537447,0.028,0,1
"Gm56997",0.25406896229893,3.6217263413639,0.028,0,1
"Gm32702",0.254123771889769,-1.74005405854788,0.014,0.057,1
"mt-Nd6",0.254171717942397,-0.378862643144864,0.113,0.264,1
"Ctdsp1",0.254339519477896,-1.37782393718905,0.014,0.094,1
"Pard6a",0.254458817014624,3.63417692705426,0.028,0,1
"Itgb3bp",0.254482356408633,-1.04597159058866,0.028,0.113,1
"D030016M11Rik",0.254631194287272,3.66406041803408,0.028,0,1
"Naaladl2",0.254695693881001,3.63889757695266,0.028,0,1
"Adgrg5",0.25496871904859,-0.928866257155314,0.014,0.057,1
"Ssrp1",0.255055655177343,-1.13582427842599,0.141,0.321,1
"Slc9a8",0.2551425652342,1.21971205135077,0.225,0.189,1
"Gpr65",0.255265741189913,2.21244076366836,0.042,0.019,1
"Pqlc3",0.255265741189916,2.51769363872654,0.042,0.019,1
"Zfp626",0.255336415038123,3.64815292078535,0.028,0,1
"ENSMUSG00000121476",0.255705880093692,-3.04974795536863,0,0.019,1
"Gm10135",0.255705880093692,-3.04974795536863,0,0.019,1
"Gm15672",0.255705880093692,-3.04974795536863,0,0.019,1
"Gm34086",0.255705880093692,-3.04974795536863,0,0.019,1
"Gm45479",0.255705880093692,-3.04974795536863,0,0.019,1
"Gm57464",0.255705880093692,-3.04974795536863,0,0.019,1
"Prr33",0.255705880093692,-3.04974795536863,0,0.019,1
"Slc36a3",0.255705880093692,-3.04974795536863,0,0.019,1
"Slc5a4b",0.255705880093692,-3.04974795536863,0,0.019,1
"Sorcs3",0.255705880093692,-3.04974795536863,0,0.019,1
"Terb1",0.255705880093692,-3.04974795536863,0,0.019,1
"Thtpa",0.255705880093692,-3.04974795536863,0,0.019,1
"4930453C13Rik",0.2557613730135,-3.04849554844092,0,0.019,1
"Adck2",0.2557613730135,-3.04849554844092,0,0.019,1
"Dgkg",0.2557613730135,-3.04849554844092,0,0.019,1
"Dmd",0.2557613730135,-3.04849554844092,0,0.019,1
"Gm16068",0.2557613730135,-3.04849554844092,0,0.019,1
"Gm19412",0.2557613730135,-3.04849554844092,0,0.019,1
"Gm38948",0.2557613730135,-3.04849554844092,0,0.019,1
"Gm56719",0.2557613730135,-3.04849554844092,0,0.019,1
"H2-Oa",0.2557613730135,-3.04849554844092,0,0.019,1
"Lgr4",0.2557613730135,-3.04849554844092,0,0.019,1
"Rgmb",0.2557613730135,-3.04849554844092,0,0.019,1
"Xirp2",0.2557613730135,-3.04849554844092,0,0.019,1
"Glrp1",0.25596931489015,3.69359638781205,0.028,0,1
"Slf1",0.25597038289671,0.631998514393511,0.268,0.245,1
"Ccdc148",0.25607403308342,3.68247291214437,0.028,0,1
"Tcf7l2",0.25607403308342,4.17907910630584,0.028,0,1
"Supt20",0.256110448715603,-1.16150757228009,0.225,0.453,1
"Gm15601",0.256178531881025,3.66298591648459,0.028,0,1
"Gm47802",0.256199405287678,3.68668727598593,0.028,0,1
"Heatr3",0.256237542587755,-0.600470543228421,0.028,0.132,1
"Klhl3",0.256290876351779,-0.301716500286157,0.014,0.057,1
"Wdpcp",0.256306190467967,-1.73218117643683,0.028,0.132,1
"Pef1",0.25633576288745,-2.85713480112686,0.014,0.113,1
"Cdc25c",0.256468417629883,-0.609854901131226,0.042,0.17,1
"Setd2",0.256740612986725,-0.551251681428007,0.296,0.528,1
"Gm13008",0.25684211018236,3.6849362882128,0.028,0,1
"Tnrc6a",0.256856493684171,0.235228541159396,0.366,0.528,1
"Nod2",0.256857332200651,2.73248427063948,0.042,0.019,1
"Adam10",0.257062765133544,0.823373998982582,0.366,0.358,1
"Prdx3",0.257089626089362,-0.653512619582788,0.07,0.189,1
"Chrac1",0.257135163194967,-2.0294745447431,0.028,0.132,1
"Adam8",0.257229953047212,2.28904905312436,0.07,0.019,1
"Slc12a9",0.257252245441453,3.72393630425913,0.028,0,1
"Ada",0.257272658913499,3.693648279317,0.028,0,1
"Hspb11",0.25749964141493,1.91450579145646,0.07,0.038,1
"Arl13b",0.257644589008009,-1.3014883628444,0.014,0.132,1
"Zfp953",0.258020838454001,3.18823210682483,0.056,0.019,1
"Rnf4",0.258049242820414,1.30999726555161,0.254,0.208,1
"Tssc4",0.258149076910245,-1.51228615288043,0.028,0.151,1
"Nmnat3",0.258409251832583,1.99217857691701,0.099,0.038,1
"Syncrip",0.258511263493434,-0.232306026503029,0.479,0.698,1
"Rsl24d1",0.258518201612479,1.08696513652306,0.07,0.038,1
"Fbxo7",0.258729905977904,1.38356161822344,0.127,0.075,1
"A330035P11Rik",0.259033991424885,3.74911113254595,0.028,0,1
"Fancf",0.259053606045623,3.74255226108533,0.028,0,1
"Eloc",0.25911567862303,-0.607200668653272,0.099,0.245,1
"Gabpa",0.259527482251992,-0.69392113016354,0.085,0.226,1
"Gm57410",0.259541028551162,3.76679245130848,0.028,0,1
"Pi4kb",0.259726484048658,-0.457210989006455,0.07,0.17,1
"Dr1",0.260109658989027,-0.20966965359133,0.056,0.17,1
"Tmem223",0.260226638273492,-2.96379373078084,0.014,0.094,1
"Eif2s1",0.260232413444013,0.601928900136278,0.282,0.283,1
"Tmco1",0.260407804803872,-1.17311923426223,0.113,0.264,1
"Gm31504",0.260517763223969,3.787961802817,0.028,0,1
"Hexim2",0.260649974823248,3.79634810768992,0.028,0,1
"B130055M24Rik",0.260653094900535,-1.25444435111602,0.042,0.189,1
"Il2rg",0.260792656591061,-0.893406162438796,0.183,0.415,1
"Secisbp2l",0.261009141753533,1.64879656219115,0.127,0.113,1
"2900089D17Rik",0.261176317549054,-2.93595785123517,0,0.019,1
"9630014M24Rik",0.261176317549054,-2.93595785123517,0,0.019,1
"Gdpd1",0.261176317549054,-2.93595785123517,0,0.019,1
"Gm33524",0.261176317549054,-2.93595785123517,0,0.019,1
"Gm49584",0.261176317549054,-2.93595785123517,0,0.019,1
"Tktl1",0.261176317549054,-2.93595785123517,0,0.019,1
"Wnk4",0.261176317549054,-2.93595785123517,0,0.019,1
"Gm53681",0.261230101203565,3.81109698453434,0.028,0,1
"Sgms1",0.26139915990205,-1.21183944443427,0.169,0.358,1
"Npepps",0.26172478916756,0.430498285744169,0.408,0.415,1
"Eid3",0.261801432673336,3.83753373549359,0.028,0,1
"Kbtbd8",0.261933378564257,-1.2159443196753,0.014,0.057,1
"Snx18",0.262024622113132,2.76937646071829,0.056,0.019,1
"1110013H19Rik",0.262164451625728,1.14960630221672,0.014,0,1
"2010004M13Rik",0.262164451625728,1.88385069723645,0.014,0,1
"Amh",0.262164451625728,1.14960630221672,0.014,0,1
"C130060C02Rik",0.262164451625728,1.14960630221672,0.014,0,1
"Cplx3",0.262164451625728,1.14960630221672,0.014,0,1
"Cspg5",0.262164451625728,1.14960630221672,0.014,0,1
"Dock7",0.262164451625728,1.14960630221672,0.014,0,1
"Fbxw10",0.262164451625728,1.14960630221672,0.014,0,1
"Flacc1",0.262164451625728,1.14960630221672,0.014,0,1
"Fndc3c1",0.262164451625728,1.14960630221672,0.014,0,1
"Gm11722",0.262164451625728,1.14960630221672,0.014,0,1
"Gm17134",0.262164451625728,1.14960630221672,0.014,0,1
"Gm34961",0.262164451625728,1.14960630221672,0.014,0,1
"Gm39150",0.262164451625728,1.14960630221672,0.014,0,1
"Gm44199",0.262164451625728,1.14960630221672,0.014,0,1
"Gm45435",0.262164451625728,1.14960630221672,0.014,0,1
"Gm56665",0.262164451625728,1.14960630221672,0.014,0,1
"Gm56797",0.262164451625728,1.14960630221672,0.014,0,1
"Hmcn2",0.262164451625728,1.14960630221672,0.014,0,1
"Ifi207",0.262164451625728,1.14960630221672,0.014,0,1
"Iqsec2",0.262164451625728,1.14960630221672,0.014,0,1
"Kbtbd7",0.262164451625728,1.14960630221672,0.014,0,1
"Mocs3",0.262164451625728,1.14960630221672,0.014,0,1
"Nexmif",0.262164451625728,1.14960630221672,0.014,0,1
"Ogdhl",0.262164451625728,1.14960630221672,0.014,0,1
"Ormdl3",0.262164451625728,1.14960630221672,0.014,0,1
"Selenon",0.262164451625728,1.14960630221672,0.014,0,1
"Sez6l2",0.262164451625728,1.14960630221672,0.014,0,1
"Tarm1",0.262164451625728,1.14960630221672,0.014,0,1
"Tgm4",0.262164451625728,1.14960630221672,0.014,0,1
"Wdsub1",0.262164451625728,1.14960630221672,0.014,0,1
"Chtf18",0.262193965579501,1.16033573647071,0.042,0.019,1
"Bcl2a1d",0.262350295781745,-2.91376873139489,0,0.019,1
"Cntn5",0.262350295781745,-2.91376873139489,0,0.019,1
"Fah",0.262350295781745,-2.91376873139489,0,0.019,1
"Fam174c",0.262350295781745,-2.91376873139489,0,0.019,1
"Gm43057",0.262350295781745,-2.91376873139489,0,0.019,1
"Itga3",0.262350295781745,-2.91376873139489,0,0.019,1
"Mtg1",0.262350295781745,-2.91376873139489,0,0.019,1
"Neo1",0.262350295781745,-2.91376873139489,0,0.019,1
"Gatc",0.26236042860511,-2.68807261572847,0,0.057,1
"Exoc8",0.262680044809194,-1.48915975120905,0.028,0.094,1
"Nudt16l1",0.262753172981956,0.221053296634576,0.028,0.019,1
"Rapgef4",0.263322784264553,3.88314656825997,0.028,0,1
"Rbm5",0.263367768364114,0.551654424388342,0.352,0.34,1
"Cep19",0.263412027440711,-1.71461302238546,0.014,0.094,1
"Xrcc1",0.263470129752321,-2.47449294168474,0.028,0.113,1
"Rps6",0.263529195370245,-0.801532032384276,0.423,0.66,1
"Gm42531",0.263705100454345,0.434068005092695,0.014,0.019,1
"2410022M11Rik",0.26386296909827,-2.88616893600164,0,0.019,1
"4921514A10Rik",0.26386296909827,-2.88616893600164,0,0.019,1
"Calr3",0.26386296909827,-3.74915555942454,0,0.019,1
"Clcn1",0.26386296909827,-2.88616893600164,0,0.019,1
"Gm12735",0.26386296909827,-2.88616893600164,0,0.019,1
"Gm26636",0.26386296909827,-2.88616893600164,0,0.019,1
"Gm31416",0.26386296909827,-2.88616893600164,0,0.019,1
"Gm45235",0.26386296909827,-2.88616893600164,0,0.019,1
"Gm48383",0.26386296909827,-2.88616893600164,0,0.019,1
"Ipo13",0.26386296909827,-2.88616893600164,0,0.019,1
"Kcnk7",0.26386296909827,-2.88616893600164,0,0.019,1
"Scamp1",0.26386296909827,-2.88616893600164,0,0.019,1
"Txnrd3",0.26386296909827,-2.88616893600164,0,0.019,1
"4930401C15Rik",0.263982340810852,-2.88403605084571,0,0.019,1
"AV099323",0.263982340810852,-2.88403605084571,0,0.019,1
"Asb1",0.263982340810852,-2.88403605084571,0,0.019,1
"BC043934",0.263982340810852,-2.88403605084571,0,0.019,1
"Bbln",0.263982340810852,-2.88403605084571,0,0.019,1
"Cntf",0.263982340810852,-2.88403605084571,0,0.019,1
"Ctnna3",0.263982340810852,-2.88403605084571,0,0.019,1
"Eid2",0.263982340810852,-2.88403605084571,0,0.019,1
"Fbln2",0.263982340810852,-2.88403605084571,0,0.019,1
"Gap43",0.263982340810852,-2.88403605084571,0,0.019,1
"Gm13421",0.263982340810852,-2.88403605084571,0,0.019,1
"Gm16279",0.263982340810852,-2.88403605084571,0,0.019,1
"Gm16287",0.263982340810852,-2.88403605084571,0,0.019,1
"Gm32282",0.263982340810852,-2.88403605084571,0,0.019,1
"Gm56663",0.263982340810852,-2.88403605084571,0,0.019,1
"H2-T10",0.263982340810852,-2.88403605084571,0,0.019,1
"Robo2",0.263982340810852,-2.88403605084571,0,0.019,1
"Serpinc1",0.263982340810852,-2.88403605084571,0,0.019,1
"Ddx39a",0.26401641889895,0.682181184201832,0.127,0.113,1
"Etnk1",0.264022569350344,0.231486413646383,0.408,0.415,1
"Ppp3cb",0.264047178716977,0.704032603595534,0.338,0.321,1
"Fam207a",0.264078736231434,2.3566232390774,0.07,0.019,1
"Astn2",0.264232419200965,-2.35949743199782,0,0.038,1
"Zfp277",0.264275604723981,1.86331853260402,0.183,0.113,1
"Ubac1",0.264355576561475,1.64274799619508,0.099,0.057,1
"9530097N15Rik",0.264502493525384,-2.26490497519539,0,0.038,1
"Zfp367",0.264651658518186,-0.625254122939677,0.155,0.34,1
"A130023E24Rik",0.264743364646908,-2.66073647396494,0,0.057,1
"Elk4",0.265266687569483,0.705589140821161,0.183,0.208,1
"Retreg2",0.265313997466315,-0.284782608142745,0.042,0.019,1
"Kifap3",0.265475395559604,-0.739247706349292,0.042,0.151,1
"4930586N03Rik",0.265504193798011,-1.70748909047016,0.014,0.038,1
"Pnpla6",0.265742313163357,-1.15463762620255,0.014,0.057,1
"Myo9a",0.266121333629721,1.73373964955783,0.254,0.189,1
"Park7",0.266536306777595,0.405523126908965,0.141,0.132,1
"Polr2g",0.266551063645068,-2.46342725403069,0.014,0.113,1
"Dtd1",0.266565915506613,1.40536463843743,0.183,0.151,1
"Dclre1c",0.266771201991758,-1.12085206196703,0.056,0.208,1
"Tmem165",0.267173732624011,1.72656033393795,0.225,0.208,1
"Rps24",0.267333419051052,-0.137931144369,0.408,0.623,1
"Mtmr2",0.267343657071206,-0.751852999271385,0.113,0.283,1
"Rcn2",0.267578462189992,1.73462573056854,0.099,0.038,1
"Rps9",0.267662473768848,-0.27274713666063,0.394,0.604,1
"Nenf",0.267890630548809,1.90611673532744,0.042,0.019,1
"Zfp783",0.26790239322102,0.828522147588477,0.028,0.019,1
"H2bc8",0.268420695894476,-1.40357883105405,0.014,0.038,1
"5730419F03Rik",0.268432950665196,-0.42124559121919,0.07,0.17,1
"Ccdc125",0.268641986340386,0.993699733867726,0.028,0.019,1
"Rnf149",0.268647004937642,-1.23436737873181,0.042,0.132,1
"Emc9",0.268959053866019,-2.27427966211493,0,0.038,1
"Gnai2",0.269247852430051,-1.34196633984722,0.254,0.472,1
"Gm8909",0.269381376935211,-1.67056260158319,0.014,0.038,1
"Slc22a21",0.269421007762136,-2.9498409906275,0,0.057,1
"Tuba1a",0.269648169733745,-1.46715021855503,0.014,0.057,1
"Usp3",0.269702163119358,0.633292272194598,0.549,0.528,1
"A530013C23Rik",0.269828097781506,-2.7867072244145,0,0.019,1
"A830012C17Rik",0.269828097781506,-2.7867072244145,0,0.019,1
"C130026I21Rik",0.269828097781506,-2.7867072244145,0,0.019,1
"Cfap54",0.269828097781506,-4.17171487233561,0,0.019,1
"Fam81b",0.269828097781506,-2.7867072244145,0,0.019,1
"Galm",0.269828097781506,-2.7867072244145,0,0.019,1
"Glt8d1",0.269828097781506,-2.7867072244145,0,0.019,1
"Gm15775",0.269828097781506,-2.7867072244145,0,0.019,1
"Gm16740",0.269828097781506,-2.7867072244145,0,0.019,1
"Gm44877",0.269828097781506,-2.7867072244145,0,0.019,1
"Gm45311",0.269828097781506,-2.7867072244145,0,0.019,1
"Gm56571",0.269828097781506,-2.7867072244145,0,0.019,1
"Gm57474",0.269828097781506,-2.7867072244145,0,0.019,1
"Gzmm",0.269828097781506,-2.7867072244145,0,0.019,1
"Iqcg",0.269828097781506,-2.7867072244145,0,0.019,1
"Sowahc",0.269828097781506,-2.7867072244145,0,0.019,1
"Spsb1",0.269828097781506,-2.7867072244145,0,0.019,1
"Wls",0.269828097781506,-2.7867072244145,0,0.019,1
"Lta",0.270199409579784,-1.39214461698971,0.113,0.302,1
"Optn",0.270332283532231,0.945206500742891,0.042,0.019,1
"Ormdl2",0.270806539043112,1.88341609619202,0.085,0.075,1
"Dld",0.270830164107844,-2.4184087350739,0.042,0.151,1
"Chchd10",0.271094951692037,-1.1752515529799,0.099,0.283,1
"Rin3",0.271472795790851,1.18225243806123,0.31,0.226,1
"Dkc1",0.271514599676981,-0.243534692663882,0.211,0.189,1
"Sf3b6",0.271538589933554,-0.705744520466243,0.169,0.34,1
"Mettl26",0.271791945442945,-1.60956929541579,0.014,0.075,1
"Tom1",0.271887244919583,2.57356767729745,0.042,0.019,1
"Tigd2",0.27189651410415,-1.73508768038261,0.042,0.151,1
"Sae1",0.272241504217275,0.583138672331393,0.394,0.415,1
"Gm11110",0.27230832466827,1.56482456552689,0.07,0.019,1
"Gipc1",0.272341146840737,-3.49906934324263,0.014,0.075,1
"Alkbh7",0.272671085599743,-2.74375475982885,0,0.019,1
"Cpa6",0.272671085599743,-2.74375475982885,0,0.019,1
"Gm16098",0.272671085599743,-2.74375475982885,0,0.019,1
"Gm46516",0.272671085599743,-2.74375475982885,0,0.019,1
"Gm47257",0.272671085599743,-2.74375475982885,0,0.019,1
"Gm57034",0.272671085599743,-2.74375475982885,0,0.019,1
"Gstp1",0.272671085599743,-2.74375475982885,0,0.019,1
"Per3",0.272671085599743,-2.74375475982885,0,0.019,1
"Ptpdc1",0.272671085599743,-2.74375475982885,0,0.019,1
"Sema4c",0.272671085599743,-2.74375475982885,0,0.019,1
"Slc17a6",0.272671085599743,-2.74375475982885,0,0.019,1
"Tmem120b",0.272671085599743,-2.74375475982885,0,0.019,1
"Pih1d1",0.272876705167325,2.86273208352705,0.042,0.019,1
"Rasgrp1",0.273009292858434,-0.577117093808387,0.549,0.774,1
"Fbxl8",0.273055926324637,-2.65137286295096,0,0.038,1
"Gm53028",0.273055926324637,-2.25988518523718,0,0.038,1
"Rapgef6",0.273195352658083,0.444743814887477,0.803,0.849,1
"Creb5",0.273266138542396,-2.28510710168623,0.014,0.057,1
"1700001P01Rik",0.273649124316304,-2.72954880171475,0,0.019,1
"2810029C07Rik",0.273649124316304,-2.72954880171475,0,0.019,1
"4833413G10Rik",0.273649124316304,-2.72954880171475,0,0.019,1
"4933433G15Rik",0.273649124316304,-2.72954880171475,0,0.019,1
"Abca5",0.273649124316304,-2.72954880171475,0,0.019,1
"Bnc2",0.273649124316304,-2.72954880171475,0,0.019,1
"Cyp4f41-ps",0.273649124316304,-2.72954880171475,0,0.019,1
"Egr2",0.273649124316304,-2.72954880171475,0,0.019,1
"Gm26907",0.273649124316304,-2.72954880171475,0,0.019,1
"Htr1b",0.273649124316304,-2.72954880171475,0,0.019,1
"Mei4",0.273649124316304,-2.72954880171475,0,0.019,1
"Nhs",0.273649124316304,-2.72954880171475,0,0.019,1
"Slc15a3",0.273649124316304,-2.72954880171475,0,0.019,1
"Smyd1",0.273649124316304,-2.72954880171475,0,0.019,1
"Ssc4d",0.273649124316304,-2.72954880171475,0,0.019,1
"Vmn2r84",0.273649124316304,-2.72954880171475,0,0.019,1
"Zfp174",0.273649124316304,-2.72954880171475,0,0.019,1
"Zfp354c",0.273649124316304,-2.72954880171475,0,0.019,1
"Kctd13",0.273856040641777,1.38599424139337,0.042,0.038,1
"Hcls1",0.273943135991909,-1.21686630537678,0.211,0.358,1
"Zfp574",0.27442847885896,2.25970359792692,0.07,0.019,1
"Gm28198",0.274440046137537,2.92113234428799,0.042,0.019,1
"Pip5k1c",0.274456823800154,-1.7441804061377,0.056,0.17,1
"Hdac4",0.274662839654832,0.598407113622088,0.408,0.377,1
"Rps27a",0.274693454723511,-0.521317184378594,0.408,0.642,1
"Rbsn",0.275179084610247,-1.63391461862582,0.014,0.075,1
"Hspd1",0.275293012806328,-0.91651410728826,0.254,0.491,1
"Wscd2",0.275434828252438,2.82400544076247,0.042,0.019,1
"Pdhx",0.275580240146173,-1.27582395119676,0.042,0.151,1
"Klf12",0.275896359994297,-2.04273273547259,0.014,0.057,1
"Imp3",0.276559933816427,1.39924888922825,0.042,0.038,1
"Lrrc8a",0.276613146617061,3.24107996422587,0.042,0.019,1
"Pdcd10",0.276710552102599,-0.32550651667597,0.211,0.434,1
"Suclg2",0.276869910724935,0.89718389758543,0.282,0.264,1
"Gm46412",0.277021689391231,1.16349676989193,0.028,0.019,1
"Cycs",0.277060649572944,0.448671551711226,0.155,0.113,1
"Slc39a6",0.277098242134515,0.898134199003321,0.197,0.151,1
"Adpgk",0.27769405347883,-0.458753264269584,0.042,0.132,1
"Fbf1",0.277700852580277,-0.455785149746687,0.014,0.038,1
"Csk",0.277753430914612,-0.874761642017546,0.183,0.34,1
"4833403J16Rik",0.277863420009942,-2.67132156640971,0,0.019,1
"Crat",0.277863420009942,-2.67132156640971,0,0.019,1
"Gm29585",0.277863420009942,-2.67132156640971,0,0.019,1
"Gm36235",0.277863420009942,-2.67132156640971,0,0.019,1
"Gm47814",0.277863420009942,-2.67132156640971,0,0.019,1
"Pgghg",0.277863420009942,-2.67132156640971,0,0.019,1
"Sec14l2",0.277863420009942,-2.67132156640971,0,0.019,1
"Nox1",0.277915008599145,-0.634588381003062,0.014,0.094,1
"Inpp5k",0.277988437629592,-1.96195125400615,0.014,0.094,1
"Nol8",0.278053027039137,-1.08789086504035,0.099,0.208,1
"4930544D05Rik",0.2783148305348,-2.66577620868226,0,0.019,1
"Aloxe3",0.2783148305348,-2.66577620868226,0,0.019,1
"Esrp2",0.2783148305348,-2.66577620868226,0,0.019,1
"Fastkd5",0.2783148305348,-2.66577620868226,0,0.019,1
"Gm13270",0.2783148305348,-2.66577620868226,0,0.019,1
"Gm21060",0.2783148305348,-2.66577620868226,0,0.019,1
"Gm47428",0.2783148305348,-2.66577620868226,0,0.019,1
"Hilpda",0.2783148305348,-2.66577620868226,0,0.019,1
"Mex3d",0.2783148305348,-2.66577620868226,0,0.019,1
"Olfm1",0.2783148305348,-2.66577620868226,0,0.019,1
"Pigbos1",0.2783148305348,-2.66577620868226,0,0.019,1
"Sac3d1",0.2783148305348,-2.66577620868226,0,0.019,1
"Smim1",0.2783148305348,-2.66577620868226,0,0.019,1
"Suox",0.2783148305348,-2.66577620868226,0,0.019,1
"Tmem250-ps",0.2783148305348,-2.66577620868226,0,0.019,1
"Glrx",0.278334271622181,2.22156563877744,0.056,0.038,1
"Chek2",0.278390256903534,0.394870082384584,0.099,0.075,1
"Slc35b2",0.278428514418247,0.82271241469771,0.028,0.038,1
"Alg6",0.27842976417694,1.01535481345123,0.07,0.057,1
"Ptdss2",0.278705463539561,2.94586969254827,0.056,0.019,1
"Gm17201",0.278783459520987,-1.50130248452516,0.014,0.038,1
"Cactin",0.279378017927331,-1.1545369623625,0.014,0.038,1
"Shmt1",0.279560037143601,1.67013989236471,0.113,0.038,1
"Mrpl47",0.279712859259556,-0.891700695494628,0.014,0.038,1
"Scly",0.279842573641456,-3.22941670953946,0.014,0.113,1
"Bzw2",0.279844201599011,-0.546061902383781,0.239,0.453,1
"5730420D15Rik",0.279891276942301,2.75896646033136,0.042,0.019,1
"Gnb4",0.280132973397192,0.633113730934436,0.014,0.057,1
"Mylpf",0.280573883876245,0.817848648903284,0.028,0.019,1
"Lnpep",0.280737993886559,0.351788883989788,0.493,0.453,1
"Qrsl1",0.281024662720181,-2.0438155794669,0.042,0.132,1
"Slc36a1",0.281109728545496,-1.54656145236768,0.014,0.075,1
"Diaph1",0.281146227658666,0.707334780185293,0.437,0.453,1
"2810004N23Rik",0.281401879792305,-1.19646495018092,0.07,0.189,1
"Casd1",0.281586331222794,1.163658630223,0.155,0.113,1
"Cdk10",0.281691488318206,2.94211564924191,0.042,0.019,1
"Zfp280c",0.281853959619895,1.4714724935194,0.155,0.113,1
"Lsm4",0.281880783506634,-0.447593660132133,0.141,0.321,1
"Vrk3",0.282170025445907,-1.29895232289359,0.028,0.151,1
"Ubr1",0.282332852982437,0.629115234807093,0.38,0.358,1
"Ep300",0.28238662760848,-0.547137771473109,0.254,0.434,1
"Gm50394",0.282498664220505,-2.27673974693688,0,0.038,1
"Kif13a",0.282498664220505,-2.62878229181053,0,0.038,1
"Zfp790",0.282498664220505,-2.27673974693688,0,0.038,1
"Dnttip1",0.28257176008785,-1.51427238547462,0.028,0.132,1
"Kctd10",0.28299402876074,-2.84284796515358,0,0.057,1
"Tasp1",0.283007903511137,0.837980405506712,0.437,0.396,1
"Ankfy1",0.283096956829319,-0.243456374808815,0.239,0.472,1
"Ddx46",0.283125723556037,-0.494346952550931,0.38,0.585,1
"Mgat1",0.283220991305548,-1.58074998206626,0.056,0.189,1
"Capza1",0.283512296521256,0.534996826975219,0.563,0.509,1
"Slfn1",0.283864943255928,-1.94063734411544,0.113,0.321,1
"Zfp292",0.284266929184706,-0.600768252691053,0.465,0.698,1
"Prmt3",0.284298025684714,-1.24455755134354,0.141,0.321,1
"Cope",0.28441417688643,1.4863674513499,0.113,0.057,1
"Cmss1",0.284672195595877,0.47833527052576,0.887,0.811,1
"Cenpn",0.284758167579251,-1.8153593697708,0.056,0.189,1
"Map3k2",0.284783209506436,0.319306164179598,0.254,0.17,1
"Mlkl",0.284981833949305,3.85517520695593,0.07,0.019,1
"Mdh2",0.285128938771685,-1.53899756651187,0.127,0.264,1
"2810402E24Rik",0.285176180639354,-3.40871202083792,0,0.019,1
"4931413K12Rik",0.285176180639354,-2.58010010611301,0,0.019,1
"A730061H03Rik",0.285176180639354,-2.58010010611301,0,0.019,1
"Actn2",0.285176180639354,-3.40871202083792,0,0.019,1
"Cyp4v3",0.285176180639354,-2.58010010611301,0,0.019,1
"Gm14936",0.285176180639354,-2.58010010611301,0,0.019,1
"Gm16933",0.285176180639354,-2.58010010611301,0,0.019,1
"Gm21057",0.285176180639354,-2.58010010611301,0,0.019,1
"Gm29904",0.285176180639354,-2.58010010611301,0,0.019,1
"H2-Aa",0.285176180639354,-2.58010010611301,0,0.019,1
"Nipal1",0.285176180639354,-2.58010010611301,0,0.019,1
"Pard3",0.285176180639354,-2.58010010611301,0,0.019,1
"Pdp1",0.285176180639354,-2.58010010611301,0,0.019,1
"Pmm1",0.285176180639354,-2.58010010611301,0,0.019,1
"Pparg",0.285176180639354,-2.58010010611301,0,0.019,1
"Prox2os",0.285176180639354,-2.58010010611301,0,0.019,1
"Scamp5",0.285176180639354,-3.40871202083792,0,0.019,1
"Slc5a11",0.285176180639354,-2.58010010611301,0,0.019,1
"Slc9b2",0.285176180639354,-2.58010010611301,0,0.019,1
"Syt1",0.285176180639354,-2.58010010611301,0,0.019,1
"Tbc1d2",0.285176180639354,-2.58010010611301,0,0.019,1
"Tuft1",0.285176180639354,-2.58010010611301,0,0.019,1
"Acads",0.285373426421913,2.21383243407657,0.042,0.019,1
"Agap1",0.285505035880633,-1.76906724145267,0.014,0.038,1
"Ipp",0.285595619053706,1.95087747123126,0.099,0.075,1
"Atmin",0.285866430233964,2.07412287844746,0.042,0.019,1
"Kdm1b",0.28607660170818,-2.21896752431862,0,0.038,1
"Pkp2",0.28607660170818,-2.62028521577289,0,0.038,1
"4930594M22Rik",0.286222125353782,-2.14842855495176,0.014,0.038,1
"Unc119",0.286469612398922,0.796981147014303,0.028,0.019,1
"Phc2",0.286514513862031,-0.929382535309333,0.07,0.17,1
"Efcab7",0.287708310719911,-1.42421883975244,0.028,0.113,1
"Cers2",0.287907564658656,1.81817376839925,0.085,0.057,1
"Arnt",0.288077204818674,2.00723656967426,0.113,0.075,1
"Ercc1",0.288271026033181,1.66097939115032,0.07,0.019,1
"Gm11808",0.288513291706509,2.84170440732931,0.056,0.019,1
"Cdc16",0.28896444091768,-1.89925407465135,0.042,0.17,1
"Iars",0.28914699127844,-1.24853793053626,0.127,0.321,1
"Gm13091",0.289483862005125,-2.20926476703689,0,0.038,1
"Itga2",0.289483862005125,-2.68168614218833,0,0.038,1
"Krtcap3",0.289483862005125,-2.20926476703689,0,0.038,1
"Cyp20a1",0.290006223621076,-1.52929588814697,0.042,0.151,1
"Gbp3",0.290215861139028,-0.811238535468511,0.028,0.113,1
"Prune1",0.290446913516727,2.46634053287097,0.056,0.019,1
"Lrrc47",0.290525447245373,2.16562942751671,0.113,0.038,1
"Tmx4",0.290556258522883,-1.58494981398561,0.042,0.17,1
"Ppfibp1",0.290835401378901,2.2372079548824,0.07,0.038,1
"Nudt3",0.290988841211952,1.32758428449691,0.169,0.075,1
"Rpl22l1",0.291217094074123,0.191658372942238,0.183,0.17,1
"Ndst2",0.291477680141087,2.30487633305378,0.042,0.019,1
"Mrpl37",0.291515242783218,-2.29338215150124,0.014,0.075,1
"Tcf19",0.291833040383579,-2.57022201779458,0.014,0.057,1
"Mettl1",0.291850502851474,-0.930654250794317,0.042,0.132,1
"Fbxo11",0.292083720076928,-0.654315215891541,0.239,0.453,1
"Rundc1",0.29214687725135,-2.36183982525456,0.014,0.057,1
"Arntl2",0.292320104621694,1.00131229898527,0.042,0.019,1
"Secisbp2",0.292581109956503,1.49273669651385,0.211,0.132,1
"Rufy2",0.292980521134887,1.21312635288262,0.239,0.226,1
"Tmem120a",0.293070256564784,-2.784010053594,0,0.057,1
"Slc25a14",0.29330179175025,-1.5587792788406,0.014,0.038,1
"Slc16a2",0.293445210309431,-3.93618019399182,0,0.038,1
"Tacc2",0.293525656541696,0.852041271062132,0.028,0.019,1
"Sh3kbp1",0.293559537260805,-0.339923576261071,0.479,0.698,1
"Mapk8",0.293663821726424,0.540758998127217,0.141,0.113,1
"Tanc1",0.293778589531528,1.13304277765255,0.155,0.075,1
"Fxyd5",0.293959009830801,-0.386684637404209,0.338,0.547,1
"Zfand2a",0.294038663238559,1.62506433860591,0.07,0.019,1
"Ppp2r3d",0.294126768744611,1.33434779696603,0.056,0.038,1
"Tdp2",0.294145597998666,0.693141672909045,0.099,0.113,1
"Tagln2",0.29438676485785,-1.38241530221247,0.127,0.321,1
"A530017D24Rik",0.294417510691882,-0.828632020948146,0.014,0.057,1
"Ranbp6",0.294575307429659,-1.88324203600836,0.014,0.057,1
"Ercc6",0.294760297520474,-0.263006594976124,0.07,0.189,1
"Ube2o",0.295034919529735,1.64572717999594,0.141,0.094,1
"Sc5d",0.295503286439252,1.57275996156928,0.113,0.094,1
"Stk10",0.295607157885173,0.238905482693048,0.296,0.264,1
"1300014J16Rik",0.295631626551684,-2.46656239773996,0,0.019,1
"4930519P11Rik",0.295631626551684,-2.46656239773996,0,0.019,1
"9330020H09Rik",0.295631626551684,-2.46656239773996,0,0.019,1
"BC037704",0.295631626551684,-2.46656239773996,0,0.019,1
"D830050J10Rik",0.295631626551684,-2.46656239773996,0,0.019,1
"Ddr1",0.295631626551684,-2.46656239773996,0,0.019,1
"Ethe1",0.295631626551684,-2.46656239773996,0,0.019,1
"Gm20492",0.295631626551684,-2.46656239773996,0,0.019,1
"Gm45740",0.295631626551684,-2.46656239773996,0,0.019,1
"Gm49691",0.295631626551684,-2.46656239773996,0,0.019,1
"Gm56890",0.295631626551684,-3.2801963862568,0,0.019,1
"Gm57142",0.295631626551684,-2.46656239773996,0,0.019,1
"Gm57292",0.295631626551684,-2.46656239773996,0,0.019,1
"H2bc15",0.295631626551684,-2.46656239773996,0,0.019,1
"Klc3",0.295631626551684,-2.46656239773996,0,0.019,1
"Lonrf1",0.295631626551684,-2.46656239773996,0,0.019,1
"Meis3",0.295631626551684,-2.46656239773996,0,0.019,1
"Mical1",0.295631626551684,-3.2801963862568,0,0.019,1
"Nat9",0.295631626551684,-2.46656239773996,0,0.019,1
"Natd1",0.295631626551684,-2.46656239773996,0,0.019,1
"Ncf1",0.295631626551684,-3.2801963862568,0,0.019,1
"Pou6f1",0.295631626551684,-2.46656239773996,0,0.019,1
"Prdm9",0.295631626551684,-2.46656239773996,0,0.019,1
"Rims3",0.295631626551684,-2.46656239773996,0,0.019,1
"Rnf32",0.295631626551684,-2.46656239773996,0,0.019,1
"Rpusd3",0.295631626551684,-2.46656239773996,0,0.019,1
"Rundc3a",0.295631626551684,-3.2801963862568,0,0.019,1
"Slc37a2",0.295631626551684,-2.46656239773996,0,0.019,1
"Smpd2",0.295631626551684,-2.46656239773996,0,0.019,1
"Spdye4a",0.295631626551684,-2.46656239773996,0,0.019,1
"Srgap1",0.295631626551684,-3.2801963862568,0,0.019,1
"Stmn3",0.295631626551684,-2.46656239773996,0,0.019,1
"Tbc1d8",0.295631626551684,-2.46656239773996,0,0.019,1
"Traj49",0.295631626551684,-2.46656239773996,0,0.019,1
"Tubb4a",0.295631626551684,-2.46656239773996,0,0.019,1
"Ulk3",0.295631626551684,-2.46656239773996,0,0.019,1
"Zcchc3",0.295631626551684,-2.46656239773996,0,0.019,1
"Zfp273",0.295631626551684,-2.46656239773996,0,0.019,1
"Zfp516",0.295631626551684,-2.46656239773996,0,0.019,1
"Zscan18",0.295631626551684,-2.46656239773996,0,0.019,1
"Zc3hav1l",0.295645756866472,-3.49468513301262,0.014,0.075,1
"Tmem161a",0.2957040402919,-1.76988181322914,0.014,0.057,1
"1700084C06Rik",0.295877011666494,1.91563434967126,0.099,0.038,1
"Mfn1",0.296143535871523,-1.73520524705505,0.014,0.038,1
"Ccdc57",0.296450558262601,-0.375953910405295,0.014,0.057,1
"Asb14",0.296582745990348,-2.45704706479145,0,0.019,1
"Bicd1",0.296582745990348,-3.2693640096497,0,0.019,1
"C030029H02Rik",0.296582745990348,-2.45704706479145,0,0.019,1
"C430002N11Rik",0.296582745990348,-2.45704706479145,0,0.019,1
"Gm10451",0.296582745990348,-2.45704706479145,0,0.019,1
"Gm10690",0.296582745990348,-2.45704706479145,0,0.019,1
"Gm16043",0.296582745990348,-2.45704706479145,0,0.019,1
"Gm26652",0.296582745990348,-2.45704706479145,0,0.019,1
"Gm28982",0.296582745990348,-2.45704706479145,0,0.019,1
"Gm30275",0.296582745990348,-2.45704706479145,0,0.019,1
"Gm35166",0.296582745990348,-2.45704706479145,0,0.019,1
"Gm36723",0.296582745990348,-2.45704706479145,0,0.019,1
"Gm37305",0.296582745990348,-2.45704706479145,0,0.019,1
"Gm42948",0.296582745990348,-2.45704706479145,0,0.019,1
"Gm44040",0.296582745990348,-2.45704706479145,0,0.019,1
"Gm4673",0.296582745990348,-2.45704706479145,0,0.019,1
"Gm57236",0.296582745990348,-2.45704706479145,0,0.019,1
"Gm9917",0.296582745990348,-2.45704706479145,0,0.019,1
"Igsf6",0.296582745990348,-2.45704706479145,0,0.019,1
"Pde1c",0.296582745990348,-2.45704706479145,0,0.019,1
"Ppp2r5b",0.296582745990348,-2.45704706479145,0,0.019,1
"Slc66a2",0.296582745990348,-2.45704706479145,0,0.019,1
"Spdya",0.296582745990348,-2.45704706479145,0,0.019,1
"Zfp750",0.296582745990348,-2.45704706479145,0,0.019,1
"She",0.296654369110937,-2.06386236208523,0.014,0.057,1
"Zc3hc1",0.296795076926291,-0.411046628837525,0.014,0.113,1
"Lrp2bp",0.296926069594225,-2.05825388817163,0.014,0.038,1
"Gas2",0.297377283207015,1.10129419988333,0.085,0.075,1
"Gimap4",0.297560571102766,-0.791964972850759,0.324,0.566,1
"Adamtsl1",0.297978871607493,-2.44329769358382,0,0.019,1
"Adora2b",0.297978871607493,-2.44329769358382,0,0.019,1
"Apoe",0.297978871607493,-2.44329769358382,0,0.019,1
"Bach2it1",0.297978871607493,-2.44329769358382,0,0.019,1
"Ccdc134",0.297978871607493,-2.44329769358382,0,0.019,1
"Ccdc17",0.297978871607493,-2.44329769358382,0,0.019,1
"Ccnj",0.297978871607493,-2.44329769358382,0,0.019,1
"Erp27",0.297978871607493,-2.44329769358382,0,0.019,1
"Gm10603",0.297978871607493,-2.44329769358382,0,0.019,1
"Gm41396",0.297978871607493,-2.44329769358382,0,0.019,1
"Gm42742",0.297978871607493,-2.44329769358382,0,0.019,1
"Gm7967",0.297978871607493,-2.44329769358382,0,0.019,1
"Kcnk13",0.297978871607493,-2.44329769358382,0,0.019,1
"Lix1",0.297978871607493,-2.44329769358382,0,0.019,1
"Lmna",0.297978871607493,-2.44329769358382,0,0.019,1
"Senp7",0.298253748635541,-0.774318246377278,0.155,0.377,1
"A330023F24Rik",0.298466323240386,-1.60005125938139,0.085,0.189,1
"Pnpla2",0.298485897248161,-1.62430637280449,0.028,0.113,1
"Cnot7",0.29855202709011,-1.24551522259961,0.07,0.189,1
"Smim7",0.298582306337255,-1.44105477959686,0.014,0.113,1
"Mir155hg",0.298606714813382,0.756274990729765,0.099,0.075,1
"Abcg1",0.298668565120975,-3.64257007966927,0.014,0.075,1
"Papola",0.298715237110153,-0.380161624744426,0.282,0.509,1
"Tubgcp4",0.298758018536748,1.1648277682198,0.141,0.132,1
"Il6st",0.298789448622003,-1.31396023306075,0.085,0.226,1
"Crybg3",0.299212478930026,1.19780258048464,0.085,0.038,1
"Ppp1r7",0.299712390969308,1.60861901651855,0.211,0.132,1
"Psmc5",0.299835397568467,-1.34408605541786,0.056,0.151,1
"Kdm5c",0.299932642825371,-0.113093605919907,0.169,0.283,1
"Suv39h2",0.300042032957223,-1.92289646408692,0.014,0.057,1
"Mbd1",0.300319345942881,-0.939223882157768,0.07,0.17,1
"Tpst1",0.300322939979288,-1.33287367557606,0.042,0.113,1
"Fbxl6",0.30034412528499,2.3638833157411,0.056,0.019,1
"Gm11755",0.300386392193277,-2.21276842720555,0,0.038,1
"Gm2788",0.300386392193277,-2.21276842720555,0,0.038,1
"Gm44899",0.300386392193277,-2.21276842720555,0,0.038,1
"Pgap1",0.300386392193277,-2.57890503885602,0,0.038,1
"Gm56944",0.300608459914195,-3.66005224195727,0,0.038,1
"Mapkapk3",0.300679893529761,-1.39428373664131,0.07,0.17,1
"Hgs",0.300811078207663,-1.73383939926302,0.042,0.189,1
"Ccdc88b",0.300868545040108,-1.54127645113771,0.07,0.208,1
"Osbpl1a",0.300928927332502,-1.07207094325865,0.014,0.038,1
"Esyt2",0.301248080339397,0.174209208545555,0.38,0.547,1
"Serbp1",0.301513314971165,-0.643946584051266,0.521,0.755,1
"Nubp2",0.301581889046806,-3.62805558827794,0,0.038,1
"Gm56730",0.301867815349016,-0.666000290021829,0.014,0.038,1
"Arid4b",0.301874779771346,-0.82978670479021,0.423,0.585,1
"Kti12",0.302375146729933,0.951097493343393,0.028,0.019,1
"Prox2",0.302530449354702,-3.59879089544433,0,0.038,1
"Pdcd5",0.302630383915669,0.77429319649054,0.113,0.094,1
"Fdx1",0.302811910902096,-3.46035452342004,0.014,0.057,1
"Hmgcr",0.302831666955791,0.173758623099839,0.183,0.321,1
"Tagap1",0.303063184871946,-1.6640556463179,0.028,0.113,1
"Gm14858",0.303127780820763,-0.81625487844041,0.014,0.038,1
"Slc29a1",0.303327193586704,-1.22429487041438,0.028,0.113,1
"Tnpo1",0.303816424620282,0.782921181975174,0.394,0.415,1
"Lhfpl3",0.30393698981343,-0.174842122472622,0.056,0.132,1
"Nt5c3b",0.304282834018515,-1.45851061372798,0.056,0.189,1
"A930005H10Rik",0.304354464551052,-2.95827143305399,0.014,0.094,1
"Atp9b",0.304591978405529,0.248953362774783,0.423,0.566,1
"Jaml",0.30497032898936,-1.79276776482417,0.07,0.226,1
"Elof1",0.305275503692949,-1.41019190453535,0.014,0.057,1
"Zswim1",0.305760462036917,-3.50226746165532,0,0.038,1
"Abcb7",0.305905464601787,0.188237230211816,0.254,0.245,1
"Map3k5",0.305918145173739,0.838396499376688,0.324,0.377,1
"Ccdc85b",0.306024170947382,0.463537847651936,0.056,0.019,1
"Xrn1",0.306183996132402,0.422480871132979,0.408,0.396,1
"Ppp1r9b",0.306321688230153,2.08203098496147,0.056,0.038,1
"G3bp2",0.3063567124925,-1.21139349954153,0.183,0.396,1
"Tpt1",0.306397742352596,-0.292956645390868,0.577,0.774,1
"Zfp821",0.306408171756539,-0.760750264945544,0.014,0.057,1
"Tulp2",0.306551991831996,-3.48032656189833,0,0.038,1
"Mapre2",0.306816356746515,-2.76278596174623,0.042,0.113,1
"Gm45732",0.306833093423964,-1.04469589684591,0.014,0.038,1
"Mnt",0.306908738211751,-2.83223239857612,0.014,0.094,1
"Rad9b",0.307041047426176,-1.38577344224893,0.014,0.038,1
"Dtymk",0.307144750117005,0.901265963774854,0.155,0.17,1
"Ccdc62",0.307732167029305,1.07188899730666,0.028,0.038,1
"Bdp1",0.307928002083363,0.370731903485011,0.394,0.547,1
"Fbxo42",0.307932747577069,-0.517649587914041,0.141,0.321,1
"Ikbkg",0.307992946695844,2.1991333110283,0.127,0.075,1
"Nt5c2",0.308099755364656,-1.08949954676924,0.085,0.208,1
"Ntmt1",0.308254897845232,3.04056457347976,0.085,0.019,1
"Gm14966",0.308454894496205,-1.45525737644717,0.014,0.094,1
"ENSMUSG00000121430",0.308622481961707,-1.32097150348268,0.014,0.038,1
"Fads1",0.308775059713233,-1.06875680614114,0.014,0.057,1
"Mrps18b",0.308885263935949,-1.3905386521572,0.042,0.094,1
"Marcksl1",0.30889222600721,-1.90660084620743,0.014,0.038,1
"Ptpra",0.308909496347516,0.992005574525671,0.338,0.302,1
"Ralgds",0.309492841734109,-1.05639646747707,0.028,0.075,1
"Msantd2",0.309760869667414,-0.607959767747268,0.07,0.226,1
"Clybl",0.309893160179907,-3.39535331009856,0.014,0.057,1
"Exoc3",0.310109321415906,-0.268068169748738,0.155,0.113,1
"Srsf2",0.310425205474526,-1.06520040257419,0.225,0.472,1
"Tmem273",0.310594937307512,1.40677793120329,0.042,0.019,1
"Ppp4r3a",0.310641380861774,0.901533501398984,0.366,0.377,1
"Cd28",0.31090166126991,-0.515657864846519,0.239,0.453,1
"Cpne3",0.310906218762865,-1.38289679837991,0.085,0.189,1
"Ripor2",0.311285874631828,1.06872309956621,0.239,0.17,1
"Trappc12",0.311602406253674,-1.47176536273231,0.042,0.151,1
"Mrpl2",0.311738854710188,1.48005342784502,0.099,0.038,1
"Dph7",0.311760474428626,1.51948673126306,0.042,0.019,1
"Nsmce3",0.311997011327597,-3.21221708389593,0.014,0.057,1
"Eps15l1",0.312263187139295,-1.16018556066405,0.127,0.302,1
"1700087I21Rik",0.312386791736443,-2.31468557521137,0,0.019,1
"Ankrd9",0.312386791736443,-2.31468557521137,0,0.019,1
"Ccdc73",0.312386791736443,-2.31468557521137,0,0.019,1
"Ctnnbip1",0.312386791736443,-2.31468557521137,0,0.019,1
"Dlg3",0.312386791736443,-2.31468557521137,0,0.019,1
"Dnah7a",0.312386791736443,-2.31468557521137,0,0.019,1
"Gal3st2b",0.312386791736443,-3.98922813097819,0,0.019,1
"Gm12865",0.312386791736443,-2.31468557521137,0,0.019,1
"Gm16086",0.312386791736443,-2.31468557521137,0,0.019,1
"Gm17036",0.312386791736443,-2.31468557521137,0,0.019,1
"Gm17058",0.312386791736443,-2.31468557521137,0,0.019,1
"Gm34868",0.312386791736443,-2.31468557521137,0,0.019,1
"Gm42702",0.312386791736443,-2.31468557521137,0,0.019,1
"Sema4f",0.312386791736443,-2.31468557521137,0,0.019,1
"Slco5a1",0.312386791736443,-3.98922813097819,0,0.019,1
"Trp53i13",0.312386791736443,-2.31468557521137,0,0.019,1
"Zfp248",0.312386791736443,-3.10606381242781,0,0.019,1
"Pbdc1",0.312451987212212,1.1255752252998,0.183,0.189,1
"Tbc1d31",0.31292502027684,-1.31369796914744,0.056,0.226,1
"Ipo8",0.313264714062641,0.397168834261647,0.211,0.17,1
"Arpc5l",0.313559519929162,-0.69045620050581,0.056,0.189,1
"Atp2b1",0.313911263919946,0.274096043909966,0.493,0.509,1
"Ipmk",0.313945848123652,-2.12855677796524,0.014,0.057,1
"Zfp90",0.314034934421176,1.57314457652568,0.028,0.019,1
"Hnrnpa3",0.314209474549367,-1.07467626593973,0.479,0.698,1
"Tmem254",0.314288525024827,-3.29126740486649,0,0.038,1
"Tnpo3",0.314488230467032,0.828744434906429,0.324,0.358,1
"Osbpl7",0.31454099240811,-0.368353711509531,0.014,0.038,1
"2610307P16Rik",0.314665832770817,-2.17047227671787,0,0.038,1
"Zfp873",0.314665832770817,-2.17047227671787,0,0.038,1
"Mms19",0.314854554978296,0.90848709674844,0.254,0.17,1
"Hdgfl2",0.31514917128225,-0.355905138460544,0.113,0.245,1
"Syne2",0.315513441821226,-1.19460458833731,0.028,0.075,1
"Zap70",0.31568464331739,-1.14587832159407,0.099,0.264,1
"Recql",0.315719123014231,-2.23409956336266,0.042,0.132,1
"Timm44",0.3160296694855,1.51690097271616,0.225,0.189,1
"Arl8a",0.316186663277009,-2.09820938526287,0.014,0.057,1
"Ppan",0.316631784643096,-0.377898558791043,0.113,0.226,1
"Gpat4",0.316756323730702,-0.785498322181823,0.085,0.189,1
"Trib2",0.316938634833383,1.7903168418658,0.042,0.019,1
"Cdin1",0.317078959283649,0.450182351147377,0.254,0.189,1
"Gab3",0.317269122242791,2.44752048405582,0.155,0.075,1
"Stub1",0.317309195204125,-1.86637438308169,0.028,0.151,1
"Nrd1",0.317655907839392,0.372919725407697,0.394,0.377,1
"Itga6",0.317865383045965,-1.18649457469571,0.028,0.094,1
"Uap1",0.317940970505892,1.62520771219221,0.085,0.057,1
"Gm57354",0.318099696400738,-0.771781799339784,0.014,0.038,1
"Mettl22",0.318112560455762,-1.5511728379088,0.014,0.075,1
"Impact",0.318133102657913,-0.228300774877357,0.099,0.226,1
"Hyi",0.318153414900731,-0.262298148941596,0.014,0.057,1
"Fsbp",0.318404819378377,-2.16043666768563,0,0.038,1
"Scml2",0.318404819378377,-2.53846921349972,0,0.038,1
"Slc25a23",0.318404819378377,-2.16043666768563,0,0.038,1
"Prrg4",0.318449898072917,1.67674980632616,0.028,0.019,1
"Sesn2",0.318462184215573,3.05987193618699,0.07,0.019,1
"Dynlt1b",0.318478899298442,-2.54387491813929,0,0.057,1
"Jade3",0.318913930849217,-1.87899985064404,0.014,0.057,1
"Cstpp1",0.319112968161779,2.13563486052882,0.127,0.094,1
"Gm56868",0.319169649781622,-4.00607517649865,0,0.038,1
"Pxmp2",0.319169649781622,-3.19119203105928,0,0.038,1
"Ubxn11",0.319218490743913,1.7489685374558,0.141,0.075,1
"Zfp672",0.319290894134831,-0.868797393534153,0.028,0.113,1
"Smg5",0.319423902447217,1.33967641193492,0.183,0.132,1
"Polk",0.319500380017822,0.986132830463708,0.338,0.264,1
"Zfp827",0.319620893725707,-0.400265518992685,0.155,0.264,1
"Stmn1",0.319735793573656,-1.05492284426301,0.169,0.377,1
"Atg4a",0.319795079553486,-1.31665079323675,0.113,0.245,1
"D17H6S56E-5",0.319800823998167,1.0197125895517,0.31,0.283,1
"Itfg2",0.319811028574658,0.31906356173067,0.127,0.075,1
"H2-Q7",0.319875747473788,-1.32348687556528,0.113,0.302,1
"Cnot3",0.319939478679538,-0.906085386151665,0.155,0.321,1
"Fam220a.1",0.319974945745494,-0.726664529274942,0.014,0.038,1
"Zfp189",0.319974945745494,-0.668142253987249,0.014,0.038,1
"Mdp1",0.320009375326017,-1.27334867195902,0.014,0.057,1
"Tatdn2",0.320063044927135,-3.00659846384229,0.014,0.094,1
"Mtdh",0.32024983445782,0.448011999985281,0.563,0.604,1
"Diaph2",0.320324278300285,0.735535952931647,0.521,0.491,1
"Ice2",0.320393837720952,1.85981169723151,0.127,0.094,1
"Ube2m",0.320409782288595,0.316245334807645,0.099,0.075,1
"Pde4d",0.320469576643001,-1.17077508794757,0.169,0.358,1
"Tsg101",0.320501117283457,-0.109591346873595,0.085,0.075,1
"Myl6",0.320704481758639,-0.628310765593141,0.225,0.434,1
"2810013P06Rik",0.320891033259003,-2.58802095558233,0.014,0.075,1
"Dleu2",0.320939730506745,-0.237034657703477,0.437,0.66,1
"Ascc3",0.320996235514091,0.591646913618789,0.521,0.623,1
"Bola1",0.321117856985051,-2.24663050048474,0,0.019,1
"Camkk1",0.321117856985051,-2.24663050048474,0,0.019,1
"Ccn6",0.321117856985051,-2.24663050048474,0,0.019,1
"Chml",0.321117856985051,-2.24663050048474,0,0.019,1
"D730003I15Rik",0.321117856985051,-2.24663050048474,0,0.019,1
"Gipr",0.321117856985051,-2.24663050048474,0,0.019,1
"Gm20707",0.321117856985051,-2.24663050048474,0,0.019,1
"Gm33104",0.321117856985051,-2.24663050048474,0,0.019,1
"Gm43691",0.321117856985051,-2.24663050048474,0,0.019,1
"Gm48653",0.321117856985051,-2.24663050048474,0,0.019,1
"Gm57127",0.321117856985051,-2.24663050048474,0,0.019,1
"Gm9828",0.321117856985051,-2.24663050048474,0,0.019,1
"Igsf8",0.321117856985051,-2.24663050048474,0,0.019,1
"Ilvbl",0.321117856985051,-3.02712582348957,0,0.019,1
"Itgb1bp2",0.321117856985051,-2.24663050048474,0,0.019,1
"Ralb",0.321117856985051,-2.24663050048474,0,0.019,1
"Tfpi",0.321117856985051,-2.24663050048474,0,0.019,1
"Vmn2r26",0.321117856985051,-2.24663050048474,0,0.019,1
"Wdr17",0.321117856985051,-2.24663050048474,0,0.019,1
"Zdhhc23",0.321117856985051,-2.24663050048474,0,0.019,1
"Auh",0.321281724709942,0.61692947186892,0.296,0.245,1
"Gcn1",0.3213398141143,1.18594928528402,0.197,0.189,1
"Foxred2",0.321442133935355,-0.292924049902236,0.014,0.057,1
"H3c6",0.321516710115706,2.28874323294727,0.085,0.057,1
"Dsel",0.321737216153651,1.06687014935603,0.042,0.019,1
"ENSMUSG00000095041",0.321771996169911,-2.40585229550707,0.014,0.094,1
"Rnf216",0.321831023374139,1.33657476936383,0.169,0.113,1
"Lcor",0.321927548715617,0.644187532344814,0.479,0.491,1
"Ccne1",0.32211741658986,0.786704770370445,0.127,0.113,1
"Actr10",0.322208058273018,-1.08756310960755,0.042,0.17,1
"Ptpn11",0.322272549304528,-1.70905483316945,0.099,0.283,1
"Gngt2",0.322563156174303,-0.892047822993052,0.014,0.075,1
"Haghl",0.322623936563073,1.77871752357701,0.028,0.019,1
"Slc25a33",0.322884887579049,-1.14404186659069,0.028,0.094,1
"Bola2",0.323067229032049,1.15844349943407,0.113,0.075,1
"Znhit6",0.323428439432262,-0.797442596098197,0.07,0.151,1
"Trappc2l",0.323431462532736,-2.71205717850485,0.014,0.057,1
"Endod1",0.323575601127806,-1.89198736992493,0.014,0.057,1
"Nfkbie",0.323792828559985,-1.24634716326299,0.014,0.038,1
"Ms4a6b",0.323825378540814,-1.03047232705706,0.268,0.509,1
"Gins4",0.32387066659091,-1.72650206439291,0.014,0.075,1
"Pi4k2a",0.323888074588843,-0.720944937770744,0.014,0.038,1
"Prr14",0.323992210172937,0.983879377162678,0.07,0.075,1
"Fam118a",0.324013378545891,1.57337086285695,0.07,0.038,1
"Bcat2",0.324092982901884,0.27326133782481,0.099,0.113,1
"Actr2",0.324104965542708,-0.278495571725357,0.451,0.698,1
"Tsr3",0.324152603992537,-1.8938711003946,0.014,0.057,1
"Mcub",0.324303071842805,-1.51077892097127,0.028,0.094,1
"Gtf2f1",0.324345281811581,-0.585115168883459,0.099,0.264,1
"Ckb",0.324439615203091,-1.32764811991852,0.014,0.113,1
"Ranbp10",0.324591892983087,-2.09728875210873,0.056,0.189,1
"Tvp23b",0.324714236711103,2.79890754970315,0.099,0.057,1
"Arid3a",0.324727036802681,-3.35296494464945,0.014,0.094,1
"Polr2h",0.324802591135029,-1.40346129254924,0.014,0.057,1
"Baz2b",0.324878621813978,1.60708562237563,0.155,0.113,1
"Dcaf13",0.324997055294841,-1.75866688911145,0.056,0.189,1
"Inpp5b",0.325142309749776,1.11104267428379,0.155,0.151,1
"Fam13b",0.325490248197514,1.07606795656832,0.31,0.34,1
"Rps20",0.325549412914243,-0.248714372145702,0.437,0.642,1
"Ifi203",0.325559584554961,-0.830069064547658,0.197,0.415,1
"Erlin1",0.32578995200086,-1.05147865328362,0.028,0.094,1
"Rpn1",0.325851153449228,-0.550023872674983,0.085,0.226,1
"Sap130",0.325865941578046,-0.443432268478691,0.183,0.358,1
"1700093J21Rik",0.326097065445033,-2.21059285215521,0,0.019,1
"4833445I07Rik",0.326097065445033,-2.21059285215521,0,0.019,1
"Aldh6a1",0.326097065445033,-2.21059285215521,0,0.019,1
"B230217C12Rik",0.326097065445033,-2.21059285215521,0,0.019,1
"B230398E01Rik",0.326097065445033,-2.21059285215521,0,0.019,1
"Bmf",0.326097065445033,-2.21059285215521,0,0.019,1
"Ccdc78",0.326097065445033,-2.21059285215521,0,0.019,1
"Ccr8",0.326097065445033,-2.21059285215521,0,0.019,1
"Cldn12",0.326097065445033,-2.21059285215521,0,0.019,1
"Cpeb3",0.326097065445033,-2.21059285215521,0,0.019,1
"D130017N08Rik",0.326097065445033,-2.98507888852246,0,0.019,1
"Degs2",0.326097065445033,-2.21059285215521,0,0.019,1
"Eda2r",0.326097065445033,-2.21059285215521,0,0.019,1
"Fam120aos",0.326097065445033,-2.21059285215521,0,0.019,1
"Glb1l3",0.326097065445033,-2.21059285215521,0,0.019,1
"Gm22000",0.326097065445033,-2.21059285215521,0,0.019,1
"Gm44200",0.326097065445033,-2.21059285215521,0,0.019,1
"Gm56635",0.326097065445033,-2.21059285215521,0,0.019,1
"Gm8739",0.326097065445033,-2.21059285215521,0,0.019,1
"Hacd4",0.326097065445033,-2.21059285215521,0,0.019,1
"Hc",0.326097065445033,-2.21059285215521,0,0.019,1
"Itga9",0.326097065445033,-2.21059285215521,0,0.019,1
"Nlgn2",0.326097065445033,-2.21059285215521,0,0.019,1
"Rgs9",0.326097065445033,-2.21059285215521,0,0.019,1
"Sema3e",0.326097065445033,-2.98507888852246,0,0.019,1
"Tead2",0.326097065445033,-2.21059285215521,0,0.019,1
"Tmc2",0.326097065445033,-2.98507888852246,0,0.019,1
"Wdr31",0.326097065445033,-2.21059285215521,0,0.019,1
"Carnmt1",0.326818986975962,-0.287840433679468,0.099,0.245,1
"Ccs",0.327371562910027,-1.3388787550561,0.028,0.094,1
"D630039A03Rik",0.327552880528987,-3.04495575330162,0,0.038,1
"Mrps11",0.327552880528987,-3.04495575330162,0,0.038,1
"Spon1",0.327552880528987,-3.04495575330162,0,0.038,1
"Sv2a",0.327559425901392,-0.440694332529205,0.014,0.038,1
"Elovl4",0.327673781924039,-3.04304530889682,0,0.038,1
"Rbm14",0.327897385545269,-1.76394693093377,0.028,0.113,1
"Sh2b3",0.328408096313796,1.42312262378112,0.028,0.019,1
"AW554918",0.328557648214315,0.831276747544515,0.352,0.358,1
"Gbp6",0.328561126049753,-0.681697293120308,0.085,0.226,1
"Cul2",0.328779838035075,-0.836125804575992,0.169,0.302,1
"Kdm4c",0.328792794063439,0.981470515548525,0.338,0.264,1
"Tax1bp1",0.328976747270334,-0.401531299884467,0.211,0.415,1
"Mterf4",0.329393165385721,-1.55499231582588,0.014,0.038,1
"Orc5",0.329404897249755,1.03299786626722,0.169,0.113,1
"Brd9",0.329603880226226,1.64036381469566,0.113,0.094,1
"Taf1d",0.32966020995837,0.707149519781869,0.648,0.604,1
"Trmt1l",0.329726812110105,-0.337084380455994,0.07,0.226,1
"1810009A15Rik",0.330047498242825,1.57243039913492,0.127,0.057,1
"Ppp4r2",0.330452415778651,1.08863486683709,0.268,0.264,1
"Gm45620",0.330554836437977,0.843149980142747,0.042,0.019,1
"Ppm1d",0.330645721377493,1.44348035975586,0.169,0.132,1
"Zmynd8",0.330700525561945,-0.552489939132717,0.338,0.566,1
"A430093F15Rik",0.330862903265538,-1.45347691197355,0.113,0.283,1
"Med4",0.330996309721735,1.02110580355908,0.183,0.151,1
"Eftud2",0.331088845442894,-0.765525466168342,0.113,0.283,1
"Prkci",0.331133043484855,-1.8095007072119,0.014,0.057,1
"Mcm5",0.331167258150773,-0.765884641391164,0.113,0.283,1
"Aebp2",0.331182856811434,0.148280252458959,0.38,0.547,1
"Slc25a19",0.331338365296618,-2.1901211218963,0.028,0.113,1
"Rgs3",0.331745872595744,0.839023373951062,0.366,0.321,1
"Apex1",0.331772810390128,-2.47523429739631,0.014,0.075,1
"Nfu1",0.332017012076509,-1.14998892885572,0.042,0.151,1
"Srsf9",0.332189806364346,-1.05543537298675,0.07,0.226,1
"Ccdc137",0.332473749523981,0.157428815015549,0.07,0.057,1
"Slx4ip",0.33253067314461,-0.317339836370656,0.183,0.321,1
"Akr1c13",0.332537479625475,-1.06227689145169,0.028,0.094,1
"Fnta",0.332723251985343,2.20743045005553,0.07,0.057,1
"Zfp866",0.332854122717902,1.02181412335871,0.085,0.075,1
"Atp6v1e1",0.332950830092372,-0.613645665908074,0.07,0.208,1
"Npm1",0.333058394398798,-0.918663845915244,0.451,0.642,1
"Socs2",0.333454272682844,-0.202688466747682,0.296,0.358,1
"Unk",0.333480421265905,1.41396837561076,0.141,0.132,1
"Dcp1b",0.333505231496637,0.779103656148118,0.085,0.075,1
"Ube3a",0.333696006083461,0.129137592957437,0.408,0.604,1
"Pdpr",0.33371595080761,2.51134851822001,0.085,0.019,1
"Plod3",0.333965178540732,1.00014181132369,0.028,0.019,1
"Usp22",0.33396581666981,-0.900518123087196,0.028,0.094,1
"Sipa1l3",0.333980408942095,0.548666085347663,0.056,0.151,1
"4930509E16Rik",0.334084079919352,-2.12227200652711,0,0.038,1
"Armt1",0.334084079919352,-2.50919199643114,0,0.038,1
"Dhrs1",0.334084079919352,-2.12227200652711,0,0.038,1
"Fnbp4",0.334101665464344,0.666230078302077,0.437,0.453,1
"Hif1a",0.334171296750827,-0.427232278049048,0.648,0.679,1
"Lyrm2",0.33522590734006,-1.13082261100587,0.014,0.094,1
"Paox",0.335605218711784,0.977400734428184,0.028,0.019,1
"Rbm3",0.335901990743403,-1.1492436327275,0.239,0.491,1
"Tbl3",0.336285227929739,1.05245017414873,0.042,0.019,1
"Plxnd1",0.336341697756026,-2.91805782749949,0,0.038,1
"Shtn1",0.336341697756026,-2.91805782749949,0,0.038,1
"Plekha2",0.336627205859205,0.381178135797516,0.197,0.151,1
"Tcp11l1",0.336658017525122,2.1778831117813,0.042,0.019,1
"Galnt7",0.33667859806682,0.582607753977439,0.437,0.396,1
"Ddb2",0.336780258304543,-0.523931934111622,0.099,0.264,1
"Erf",0.336793637798962,2.45821243181264,0.042,0.019,1
"Oip5",0.336896323364367,-0.18935333741909,0.028,0.019,1
"Egln1",0.337562405013354,-1.11069446965511,0.141,0.34,1
"Slc9a1",0.337616309576785,-1.14425097149619,0.056,0.17,1
"Commd4",0.338007851847333,0.811433888304085,0.042,0.057,1
"Gm44777",0.338070408621177,-1.57521273946691,0.014,0.057,1
"Smarcd1",0.338078956758642,1.22662964136083,0.099,0.094,1
"Nup107",0.338445912842791,0.989242960377677,0.282,0.226,1
"Spg20",0.338738960045698,1.3435572498504,0.028,0.019,1
"ENSMUSG00000121307",0.33893518530383,-1.13301808183054,0.014,0.075,1
"Rnf144b",0.33901377567398,1.41965257285454,0.028,0.019,1
"Gna12",0.339018679120603,1.9012082424393,0.028,0.038,1
"Mob1b",0.339043417630381,0.59849149541863,0.183,0.151,1
"Tet2",0.339111641068155,0.260817271403137,0.408,0.377,1
"Kif22",0.33912147008671,-0.752752679058839,0.07,0.208,1
"Cables2",0.339170079121808,2.40871655786434,0.07,0.038,1
"Nr1h2",0.339242789046505,-1.06228490747644,0.014,0.094,1
"Adck5",0.339379599595307,-3.55936912763421,0.014,0.075,1
"Pdp2",0.339615040822164,2.12386369011304,0.042,0.019,1
"Ctnna1",0.339652027906558,-0.746492062911931,0.127,0.245,1
"Gm45902",0.339720896569991,1.49785608933312,0.028,0.019,1
"Nrm",0.339755962705635,-0.58962200485897,0.056,0.038,1
"Zfp36l2",0.339864466952554,-0.80968346710848,0.085,0.245,1
"Isg20l2",0.339974072989427,-0.943734130499266,0.056,0.151,1
"Isg15",0.340053882964203,-1.4975057417414,0.028,0.113,1
"Gm37876",0.340192671926021,1.66978254378015,0.028,0.019,1
"Abl2",0.340254406266858,0.587934240247684,0.268,0.245,1
"Sar1a",0.34026593702382,-1.07002604896286,0.085,0.208,1
"Bnip3l",0.340447705621941,0.99446937235711,0.169,0.151,1
"Zgrf1",0.340495441583214,-0.452588433025014,0.197,0.358,1
"Eml4",0.340508404599697,-0.217630085211539,0.507,0.604,1
"Washc4",0.340761958870357,0.577234688646528,0.324,0.302,1
"Rpl9-ps6",0.341438157070755,-2.85405362515837,0,0.038,1
"Zfp457",0.341438157070755,-2.85405362515837,0,0.038,1
"2610035D17Rik",0.341507185766362,1.07347053853516,0.155,0.132,1
"Tbc1d30",0.341659895755747,-1.93851574156479,0.014,0.038,1
"Tnrc6c",0.342370754505259,-0.327298424638987,0.254,0.453,1
"Tmem69",0.342895728672434,0.596454584575474,0.042,0.019,1
"Commd2",0.343027992538008,-1.40063463060658,0.014,0.057,1
"Wee1",0.343258200765844,-1.47924566537496,0.07,0.208,1
"A130014A01Rik",0.343702200377067,1.50877764771274,0.014,0,1
"Ap1m2",0.343702200377067,1.50877764771274,0.014,0,1
"Cd38",0.343702200377067,1.50877764771274,0.014,0,1
"E130102H24Rik",0.343702200377067,1.50877764771274,0.014,0,1
"Gm10353",0.343702200377067,1.50877764771274,0.014,0,1
"Gm17249",0.343702200377067,1.50877764771274,0.014,0,1
"Gm55330",0.343702200377067,1.50877764771274,0.014,0,1
"Gm56696",0.343702200377067,1.50877764771274,0.014,0,1
"Kif3c",0.343702200377067,1.50877764771274,0.014,0,1
"Nr2c2ap",0.343702200377067,1.50877764771274,0.014,0,1
"Orm2",0.343702200377067,1.50877764771274,0.014,0,1
"Pdia5",0.343702200377067,1.50877764771274,0.014,0,1
"Tgfbr3l",0.343702200377067,1.50877764771274,0.014,0,1
"Trim7",0.343702200377067,1.50877764771274,0.014,0,1
"Tspan32os",0.343702200377067,1.50877764771274,0.014,0,1
"Wnt2b",0.343702200377067,1.50877764771274,0.014,0,1
"Zfp94",0.343702200377067,1.50877764771274,0.014,0,1
"Pold1",0.34374646865271,0.414404748978925,0.085,0.057,1
"Polg",0.343801959359534,-2.51515337643838,0.014,0.094,1
"Asah2",0.343976300650553,-1.0360617120999,0.014,0.113,1
"Pde12",0.344104851244343,-1.54279479346411,0.028,0.113,1
"Nuf2",0.344118218126067,0.111996314092446,0.141,0.113,1
"Taf15",0.344459650840802,-0.452443298821399,0.31,0.547,1
"Mboat7",0.344604723714937,-0.511507375868026,0.028,0.113,1
"Gm27201",0.344773547399192,2.06952386345183,0.085,0.038,1
"Naxe",0.344775804093871,1.59192959944716,0.028,0.038,1
"Prpf39",0.344986446949851,-0.38821061114763,0.197,0.396,1
"Tsen15",0.345035663164794,-1.77424581070344,0.014,0.075,1
"Rab2a",0.345404028530961,0.823269161932938,0.521,0.528,1
"Cerkl",0.345616444974365,-0.255201868167001,0.014,0.038,1
"Hmgxb3",0.345648278306155,-0.77323430769263,0.113,0.226,1
"Hnrnpdl",0.345818031216684,-0.980803521345119,0.211,0.434,1
"Gm48855",0.345953920544628,2.80053576723316,0.042,0.019,1
"Spg21",0.346244318464459,-2.10263637133961,0.014,0.057,1
"Cox8a",0.346301657505368,-0.593438008678657,0.183,0.377,1
"Gm12655",0.346345178567562,-0.60383326977263,0.014,0.057,1
"Smn1",0.346348235292713,-1.63431404890212,0.085,0.245,1
"Gm30373",0.346421130170066,1.02536407291848,0.141,0.094,1
"1700102P08Rik",0.346455434721414,-2.0806081667247,0,0.019,1
"1810049J17Rik",0.346455434721414,-2.0806081667247,0,0.019,1
"BC051226",0.346455434721414,-2.0806081667247,0,0.019,1
"Catsper3",0.346455434721414,-2.0806081667247,0,0.019,1
"Cntnap2",0.346455434721414,-2.0806081667247,0,0.019,1
"Gm16230",0.346455434721414,-2.0806081667247,0,0.019,1
"Gm29358",0.346455434721414,-2.0806081667247,0,0.019,1
"Gm31363",0.346455434721414,-2.0806081667247,0,0.019,1
"Gm42064",0.346455434721414,-2.0806081667247,0,0.019,1
"Gm45552",0.346455434721414,-2.0806081667247,0,0.019,1
"Gm4793",0.346455434721414,-2.0806081667247,0,0.019,1
"Gm56624",0.346455434721414,-2.0806081667247,0,0.019,1
"Gm56816",0.346455434721414,-2.0806081667247,0,0.019,1
"Pard6b",0.346455434721414,-2.83189489262814,0,0.019,1
"Pramel12",0.346455434721414,-2.0806081667247,0,0.019,1
"Psme2b",0.346455434721414,-2.0806081667247,0,0.019,1
"Slc6a20b",0.346455434721414,-2.0806081667247,0,0.019,1
"Tent5d",0.346455434721414,-2.0806081667247,0,0.019,1
"Zfp704",0.346455434721414,-2.0806081667247,0,0.019,1
"Zfp784",0.346455434721414,-2.0806081667247,0,0.019,1
"Zbed5-ps",0.346630762935212,1.42007512055256,0.085,0.057,1
"Tmem168",0.347199975819586,-0.417041725912527,0.07,0.189,1
"Slc25a51",0.347404898857593,0.696048050409387,0.07,0.038,1
"Kantr",0.347425580876822,-2.36363459442925,0.042,0.189,1
"Ddx55",0.347453059933777,0.830038081632902,0.085,0.075,1
"Psma6",0.347611528931022,-0.709761651625677,0.099,0.245,1
"Slfn9",0.347804204129252,-3.18883408914306,0.014,0.075,1
"Hsf2",0.347987141003938,-1.78592242092078,0.014,0.057,1
"Flg",0.348569204876292,-2.77399168097024,0,0.038,1
"Tnfaip8l2",0.34886100761321,-1.7680644149751,0.014,0.038,1
"Ahcy",0.34886100761321,-2.37169976152285,0.014,0.038,1
"Nutf2",0.348900157481978,2.46699954458491,0.07,0.019,1
"Scaf8",0.349012489295977,0.785503458549933,0.451,0.453,1
"Dnaja1",0.349268022419001,0.220433177336029,0.31,0.283,1
"Ulk4",0.349431336454203,-2.16593220158992,0.014,0.038,1
"Kctd2",0.349444030745635,0.442960360620257,0.042,0.019,1
"4930403P22Rik",0.349901881537194,1.5426672022271,0.014,0,1
"Aoc2",0.349901881537194,1.5426672022271,0.014,0,1
"Atf3",0.349901881537194,1.5426672022271,0.014,0,1
"Atg4a-ps",0.349901881537194,1.5426672022271,0.014,0,1
"Cep131",0.349901881537194,1.5426672022271,0.014,0,1
"Ciao3",0.349901881537194,1.5426672022271,0.014,0,1
"Fhad1",0.349901881537194,1.5426672022271,0.014,0,1
"Gm14302",0.349901881537194,1.5426672022271,0.014,0,1
"Gm33318",0.349901881537194,1.5426672022271,0.014,0,1
"Gm47424",0.349901881537194,1.5426672022271,0.014,0,1
"Gm56704",0.349901881537194,1.5426672022271,0.014,0,1
"Gm56806",0.349901881537194,1.5426672022271,0.014,0,1
"Gm56936",0.349901881537194,1.5426672022271,0.014,0,1
"Ldlrap1",0.349901881537194,1.5426672022271,0.014,0,1
"Pcdhgb8",0.349901881537194,1.5426672022271,0.014,0,1
"Rbak",0.349901881537194,1.5426672022271,0.014,0,1
"Rnf113a1",0.349901881537194,1.5426672022271,0.014,0,1
"Trp53rka",0.349901881537194,1.5426672022271,0.014,0,1
"Scfd1",0.350137624423703,1.48201787615578,0.225,0.189,1
"Calr",0.350256480389979,-0.97469900890576,0.282,0.396,1
"Strbp",0.350345989668395,0.385992137160414,0.31,0.283,1
"Psmc1",0.351204649508582,-0.322273968994719,0.141,0.321,1
"Ogfr",0.35123823471539,1.54957082743069,0.07,0.038,1
"Rce1",0.351446850413012,0.444457372359719,0.056,0.038,1
"Pcnp",0.351662262589299,-0.579652213156639,0.197,0.415,1
"Gm17767",0.351666404386709,2.27942229586428,0.042,0.019,1
"Gm43560",0.351688929861606,0.869587798576259,0.014,0.019,1
"Sla",0.352519342699104,-1.3629809897905,0.113,0.264,1
"Traf1",0.35277712134155,1.79937617731814,0.183,0.132,1
"Lef1",0.353402463090741,0.400432390680124,0.704,0.66,1
"Sf1",0.353425833270331,-0.713865225889489,0.225,0.396,1
"Mydgf",0.353814367920649,-1.46769296127167,0.042,0.151,1
"Cyfip1",0.353890354192586,0.982219293114701,0.099,0.057,1
"Mzt2",0.353910021273261,0.883773403787036,0.014,0.019,1
"Ears2",0.354009573268812,3.53829871274414,0.07,0.019,1
"Lcmt1",0.354281472282726,2.58960404437959,0.042,0.019,1
"Junos",0.354719551784563,1.33680761063927,0.028,0.019,1
"Cd8b1",0.354847060077015,-0.987104082173537,0.056,0.132,1
"Zfp202",0.355092776553022,-0.346493504419708,0.014,0.038,1
"Ascc1",0.355130722048445,1.97187470368561,0.099,0.057,1
"Pop1",0.355191399165805,1.9572674650592,0.127,0.094,1
"Zfp81",0.355219201746929,0.717264023760325,0.085,0.038,1
"Matr3",0.355606656533965,-0.416866666866963,0.423,0.623,1
"Gm42743",0.355856085457646,1.07957858697782,0.042,0.019,1
"Surf2",0.356022447484995,0.753248979061645,0.056,0.038,1
"Ube2j1",0.356150205863061,1.03858362762369,0.127,0.094,1
"Mtcp1",0.356204870900951,-0.770919600153133,0.014,0.057,1
"Ncf4",0.356233673902589,-1.38706475574524,0.014,0.075,1
"Coq2",0.356487313687405,0.917976490510867,0.169,0.17,1
"1300002E11Rik",0.356724617677013,1.37333225883633,0.028,0.019,1
"Ap1b1",0.356759809811827,-1.35141437672823,0.085,0.208,1
"Strn3",0.357012820921702,0.316803344963189,0.577,0.566,1
"Samd9l",0.357067095016307,0.911757340308119,0.31,0.245,1
"Gm11944",0.357157812044763,0.561002098742667,0.056,0.019,1
"Med29",0.357192985830572,-2.12178360202236,0.014,0.038,1
"Rfc1",0.357255680552531,-0.951118624786598,0.268,0.491,1
"Slc38a7",0.357294381898271,2.75308246154903,0.042,0.019,1
"4930417O13Rik",0.357338502547526,1.58512609570028,0.014,0,1
"Aldh3b1",0.357338502547526,1.58512609570028,0.014,0,1
"Cfap300",0.357338502547526,1.58512609570028,0.014,0,1
"Crnde",0.357338502547526,1.58512609570028,0.014,0,1
"Ctnnd2",0.357338502547526,1.58512609570028,0.014,0,1
"Dnaaf3",0.357338502547526,1.58512609570028,0.014,0,1
"Fahd2a",0.357338502547526,1.58512609570028,0.014,0,1
"Gm17484",0.357338502547526,1.58512609570028,0.014,0,1
"Gm26590",0.357338502547526,1.58512609570028,0.014,0,1
"Gm37584",0.357338502547526,1.58512609570028,0.014,0,1
"Gm37768",0.357338502547526,1.58512609570028,0.014,0,1
"Gm39213",0.357338502547526,1.58512609570028,0.014,0,1
"Gm56810",0.357338502547526,1.58512609570028,0.014,0,1
"Gm5893",0.357338502547526,1.58512609570028,0.014,0,1
"Gm6710",0.357338502547526,1.58512609570028,0.014,0,1
"Hddc3",0.357338502547526,1.58512609570028,0.014,0,1
"Hunk",0.357338502547526,1.58512609570028,0.014,0,1
"Kcnab1",0.357338502547526,1.58512609570028,0.014,0,1
"Mdk",0.357338502547526,1.58512609570028,0.014,0,1
"Myo1b",0.357338502547526,1.58512609570028,0.014,0,1
"Naalad2",0.357338502547526,1.58512609570028,0.014,0,1
"Nlrc4",0.357338502547526,1.58512609570028,0.014,0,1
"Nsun4",0.357338502547526,2.3934715396237,0.014,0,1
"Sipa1l2",0.357338502547526,1.58512609570028,0.014,0,1
"Star",0.357338502547526,1.58512609570028,0.014,0,1
"Tmem150b",0.357338502547526,1.58512609570028,0.014,0,1
"Tmem40",0.357338502547526,1.58512609570028,0.014,0,1
"Zfyve19",0.357338502547526,1.58512609570028,0.014,0,1
"Cenpj",0.357354756304527,-1.57295623990298,0.07,0.208,1
"4930473A02Rik",0.357562175078361,1.58676374357356,0.014,0,1
"4933421O10Rik",0.357562175078361,1.58676374357356,0.014,0,1
"F13a1",0.357562175078361,1.58676374357356,0.014,0,1
"Gm28229",0.357562175078361,1.58676374357356,0.014,0,1
"Gm32486",0.357562175078361,1.58676374357356,0.014,0,1
"Gm44265",0.357562175078361,1.58676374357356,0.014,0,1
"Gm47920",0.357562175078361,1.58676374357356,0.014,0,1
"Gm7580",0.357562175078361,1.58676374357356,0.014,0,1
"Lcmt2",0.357562175078361,1.58676374357356,0.014,0,1
"Msrb2",0.357562175078361,1.58676374357356,0.014,0,1
"Nek10",0.357562175078361,1.58676374357356,0.014,0,1
"Onecut2",0.357562175078361,1.58676374357356,0.014,0,1
"Pigw",0.357562175078361,1.58676374357356,0.014,0,1
"Sh2d4a",0.357562175078361,1.58676374357356,0.014,0,1
"Slx1b",0.357562175078361,1.58676374357356,0.014,0,1
"Traj11",0.357562175078361,1.58676374357356,0.014,0,1
"0610040B10Rik",0.357667987785005,-0.845987064705627,0.014,0.038,1
"Atrx",0.357737845521085,-0.513927567248778,0.507,0.717,1
"Rmdn1",0.3578550673039,1.57773478537751,0.155,0.113,1
"1600012H06Rik",0.358009956082191,-0.905460159788255,0.014,0.057,1
"Bcap31",0.35840086212095,-0.785940770917429,0.197,0.377,1
"Cntrl",0.358656693019808,-0.338259654358555,0.394,0.623,1
"Pigv",0.358940900282679,-1.91700725229595,0.014,0.057,1
"Gm32250",0.358992643548868,-2.25441165568937,0.014,0.038,1
"Gna11",0.359020548092726,1.73995805032059,0.085,0.057,1
"Trappc6b",0.35918013852105,0.499231732391222,0.127,0.226,1
"2810403D21Rik",0.359225028062236,-1.38487354977508,0.014,0.094,1
"Gm56596",0.359502679706627,0.895042020026375,0.014,0.038,1
"Ezh1",0.359607077614265,-0.745756538394009,0.056,0.132,1
"Fuz",0.359652277372225,0.416297290618127,0.042,0.019,1
"1500002C15Rik",0.359686831594215,1.59931170091106,0.014,0,1
"Abtb3",0.359686831594215,1.59931170091106,0.014,0,1
"Ap5b1",0.359686831594215,1.59931170091106,0.014,0,1
"Cbx8",0.359686831594215,2.40966126418384,0.014,0,1
"Clec11a",0.359686831594215,1.59931170091106,0.014,0,1
"Dhrs13os",0.359686831594215,1.59931170091106,0.014,0,1
"Fam98c",0.359686831594215,1.59931170091106,0.014,0,1
"Gm14164",0.359686831594215,1.59931170091106,0.014,0,1
"Gm14508",0.359686831594215,1.59931170091106,0.014,0,1
"Gm56670",0.359686831594215,1.59931170091106,0.014,0,1
"Gm57271",0.359686831594215,1.59931170091106,0.014,0,1
"Map1lc3a",0.359686831594215,1.59931170091106,0.014,0,1
"Pard3bos3",0.359686831594215,1.59931170091106,0.014,0,1
"Plscr3",0.359686831594215,1.59931170091106,0.014,0,1
"Thap11",0.359686831594215,1.59931170091106,0.014,0,1
"Vps9d1",0.359829093742773,-0.929707393264316,0.042,0.094,1
"Rest",0.359917911569488,-1.37917816607396,0.07,0.208,1
"Clcn4",0.360252034495137,0.432091571072881,0.042,0.019,1
"Poldip3",0.360338283000622,-0.533207658217771,0.085,0.208,1
"Mtmr3",0.360372994830726,-0.383190032123749,0.366,0.604,1
"Bcl7a",0.360392563769561,-1.46524430198891,0.056,0.17,1
"Ccnf",0.360433133338742,0.897739388607319,0.183,0.132,1
"Usp39",0.36050598846676,-0.924828578669438,0.099,0.226,1
"Tmco4",0.360586662575877,1.10688623455143,0.225,0.189,1
"A730063M14Rik",0.361103712423716,-2.00123222477908,0,0.019,1
"Adam1a",0.361103712423716,-2.00123222477908,0,0.019,1
"Adamts17",0.361103712423716,-2.00123222477908,0,0.019,1
"Cfp",0.361103712423716,-2.00123222477908,0,0.019,1
"Gm26779",0.361103712423716,-2.00123222477908,0,0.019,1
"Gm26850",0.361103712423716,-2.00123222477908,0,0.019,1
"Lrp8os3",0.361103712423716,-2.00123222477908,0,0.019,1
"Pipox",0.361103712423716,-2.00123222477908,0,0.019,1
"Ppm1n",0.361103712423716,-2.00123222477908,0,0.019,1
"Prrg2",0.361103712423716,-2.00123222477908,0,0.019,1
"Reep6",0.361103712423716,-2.00123222477908,0,0.019,1
"Ryr3",0.361103712423716,-2.00123222477908,0,0.019,1
"Tmem81",0.361103712423716,-2.00123222477908,0,0.019,1
"Trbv13-3",0.361103712423716,-2.00123222477908,0,0.019,1
"Zfp974",0.361103712423716,-2.00123222477908,0,0.019,1
"Impdh2",0.361489408038141,-1.31507816760756,0.113,0.264,1
"Spcs3",0.361511919785756,-0.780081322078055,0.113,0.302,1
"Zscan25",0.361545811160521,-1.39616772825017,0.014,0.038,1
"Tmed8",0.361771756657039,2.55292506368626,0.042,0.019,1
"Rcan1",0.361822545971835,-1.28864616117415,0.014,0.057,1
"Kif15",0.361831207169266,0.565700935930445,0.493,0.472,1
"Lims1",0.361981827775494,0.521637249861799,0.535,0.453,1
"Hsd17b12",0.362001768890199,0.739064768285761,0.437,0.358,1
"Apbb3",0.362109041690471,-1.74006555982079,0.014,0.057,1
"Fpgs",0.362124911200835,2.50031870235988,0.056,0.038,1
"Cdk2ap1",0.362137165057856,1.84928537000653,0.07,0.057,1
"Gadd45g",0.362460604085079,0.105452001906765,0.085,0.189,1
"Zfp438",0.362567431943749,-0.902516295265588,0.042,0.132,1
"R3hcc1",0.362656453839651,0.169303810478659,0.014,0.057,1
"Sapcd2",0.36320333796202,0.423073756940302,0.028,0.038,1
"Thyn1",0.363425757203765,-2.21437634090542,0.042,0.132,1
"Il18r1",0.364064185166197,2.27451983285678,0.028,0.019,1
"Las1l",0.364392073435182,1.77324908959684,0.07,0.057,1
"Dnajb9",0.364755934737751,-0.698629674370693,0.014,0.038,1
"Sap30",0.364915188431996,-1.709055044425,0.028,0.019,1
"Smim10l1",0.364957037490884,-2.7116677162379,0.014,0.057,1
"Slc2a3",0.364974906942517,0.475961643115701,0.225,0.208,1
"Cdk13",0.365131480467473,0.585797948930573,0.577,0.566,1
"Mon1b",0.36520380564966,0.801684034490743,0.028,0.038,1
"H3c11",0.365214164240908,1.01935725639966,0.042,0.019,1
"Dand5",0.365361291531207,1.75935365760336,0.028,0.019,1
"Plscr1",0.365456381038326,-0.664962818210443,0.042,0.151,1
"Gm48796",0.365510238168679,-2.06072476009973,0,0.038,1
"Rock2",0.365674802533817,0.461702887630845,0.451,0.491,1
"Mtarc2",0.365784096071042,-0.598000776494552,0.056,0.208,1
"Rimoc1",0.365966533583076,0.895207962543732,0.127,0.113,1
"Prmt5",0.365967235988451,-0.803666690697068,0.085,0.226,1
"Exoc4",0.365997559099465,0.210740693496552,0.831,0.887,1
"Ttc5",0.366027618056111,-0.91523329167404,0.042,0.151,1
"Polr1h",0.366303954682929,2.84877069346899,0.07,0.038,1
"Smc2",0.366365651610521,-0.147511319371103,0.31,0.528,1
"Rnf44",0.366515613359311,-2.45526875984499,0.014,0.075,1
"Mrpl53",0.36662833812725,-1.17564502039324,0.028,0.151,1
"H2bc14",0.366734515035245,0.727751857462363,0.07,0.038,1
"Lrrfip1",0.366820656936784,-0.439530174838317,0.352,0.566,1
"Med14",0.367503746513322,-0.522240558985329,0.239,0.453,1
"P2ry14",0.367553286154245,1.58888432399157,0.254,0.17,1
"Szrd1",0.367602908943241,0.624270220269485,0.225,0.208,1
"Rdh10",0.367668830291173,1.3312778115325,0.07,0.038,1
"Ctsc",0.367683458884131,-0.669796760331787,0.056,0.151,1
"Gopc",0.36772473847237,-0.921875275342392,0.085,0.189,1
"Mpg",0.36790802627618,-1.17312378340136,0.014,0.038,1
"Ppp1r11",0.368016826941752,-1.05577012853868,0.085,0.208,1
"Clcc1",0.368286744787752,-1.17029518822566,0.056,0.132,1
"Avpi1",0.368401680851257,-1.96531022741374,0,0.019,1
"BC016579",0.368401680851257,-1.96531022741374,0,0.019,1
"Bmp1",0.368401680851257,-1.96531022741374,0,0.019,1
"Cd300lf",0.368401680851257,-1.96531022741374,0,0.019,1
"Comp",0.368401680851257,-1.96531022741374,0,0.019,1
"Ddah1",0.368401680851257,-1.96531022741374,0,0.019,1
"Gm15344",0.368401680851257,-1.96531022741374,0,0.019,1
"Gm29650",0.368401680851257,-1.96531022741374,0,0.019,1
"Inhca",0.368401680851257,-1.96531022741374,0,0.019,1
"Mrpl16",0.368401680851257,-1.96531022741374,0,0.019,1
"Msh4",0.368401680851257,-2.69383498211381,0,0.019,1
"Pex11a",0.368401680851257,-1.96531022741374,0,0.019,1
"Rbfox2",0.368401680851257,-1.96531022741374,0,0.019,1
"Rhoc",0.368401680851257,-1.96531022741374,0,0.019,1
"Shb",0.368401680851257,-1.96531022741374,0,0.019,1
"Smim36",0.368401680851257,-1.96531022741374,0,0.019,1
"Swsap1",0.368401680851257,-1.96531022741374,0,0.019,1
"Tusc2",0.368401680851257,-1.96531022741374,0,0.019,1
"Uchl4",0.368401680851257,-1.96531022741374,0,0.019,1
"Vmn2r18",0.368401680851257,-1.96531022741374,0,0.019,1
"Yif1a",0.368401680851257,-1.96531022741374,0,0.019,1
"Cdan1",0.368701022916201,1.42610673389762,0.056,0.057,1
"Ankrd17",0.369109176729572,0.32203621912168,0.606,0.566,1
"Klf3",0.36915628826936,0.373676888055464,0.211,0.208,1
"Cd101",0.369186878362375,-1.29085654491299,0.014,0.075,1
"Rnf215",0.369247146287307,-2.02379113342268,0.014,0.038,1
"Ipo5",0.369722361017045,1.18204996820233,0.225,0.17,1
"Xpr1",0.370043678868395,0.398483966018094,0.38,0.34,1
"Gm57204",0.370106435009608,-1.20737180488794,0.014,0.038,1
"Serpine2",0.370210434536776,3.71022007418301,0.056,0.019,1
"Gm15336",0.370381550023481,-0.41873362308931,0.014,0.038,1
"Spop",0.370465818580854,-1.15188048007403,0.211,0.377,1
"Nsmce2",0.370723190818019,-0.533552371288599,0.408,0.623,1
"Aste1",0.370738624724862,-2.57367901428505,0.014,0.075,1
"Arcn1",0.370766108260283,-0.615772140232231,0.211,0.396,1
"Sirt3",0.370791138024478,-2.34851101932407,0.014,0.075,1
"Mia3",0.371358376105763,-1.6692223391872,0.099,0.283,1
"Vamp5",0.371438793662806,0.806213947348216,0.042,0.019,1
"Mfsd12",0.371517119825646,-1.13669326910632,0.014,0.038,1
"Abhd13",0.371585979158617,-1.84915048347307,0.014,0.038,1
"Znfx1",0.371840727678153,-2.36649358140113,0.028,0.132,1
"Klhl28",0.371980123726918,-1.11165674220228,0.042,0.151,1
"C330018D20Rik",0.372075570959364,1.7770703846732,0.07,0.019,1
"2010315B03Rik",0.372112992482086,0.76949618591172,0.07,0.038,1
"Med25",0.372121612146914,1.05591080157555,0.028,0.019,1
"Zbp1",0.372145991490971,-0.990938748829008,0.042,0.132,1
"Ivns1abp",0.372335880777164,-0.631868442965954,0.197,0.377,1
"Rad1",0.3724563956203,2.70359031741939,0.056,0.019,1
"Fam72a",0.372662947466007,0.879930871657356,0.085,0.038,1
"Mrps25",0.372914842485224,0.996127769729084,0.042,0.019,1
"Top3a",0.37301519719402,-1.48745915202226,0.042,0.113,1
"Rprd1b",0.373412875444113,0.106272861868888,0.211,0.208,1
"Znhit1",0.373588145773834,-3.15381631612105,0.028,0.113,1
"Ly6c2",0.373672251283395,2.65305368214438,0.042,0.019,1
"Elmo2",0.37414300343876,2.00678276841757,0.155,0.132,1
"Gm57184",0.374274705631,-1.38379365947211,0.014,0.038,1
"Tpi1",0.374275952697973,0.521026964339548,0.282,0.283,1
"Asrgl1",0.374736276884501,1.11061952109775,0.141,0.113,1
"Zmym2",0.374981149056795,-0.604196618681961,0.141,0.283,1
"Crim1",0.375191148277971,0.356918228123394,0.31,0.472,1
"Ralgapa2",0.375215694036888,0.695918044059075,0.507,0.509,1
"Gm16973",0.375230698720229,-2.54476438033083,0,0.038,1
"Smndc1",0.375296697359707,-0.52927485362568,0.155,0.302,1
"Niban1",0.375438605375932,-1.87403369996008,0.099,0.189,1
"Pxmp4",0.375898338660945,-2.84179392299429,0.014,0.094,1
"Mpv17",0.376011243602475,1.04580269488803,0.056,0.019,1
"Pex1",0.376027151230252,-1.0458716936026,0.056,0.189,1
"Cap2",0.376061603191916,-2.73066362772314,0.014,0.075,1
"Paip1",0.376332321422843,1.6824553312771,0.127,0.132,1
"Gm55594",0.37648538076673,-1.54223604027262,0.014,0.038,1
"Brd3",0.377065798157187,0.92731319225077,0.169,0.151,1
"Chd7",0.377350689006571,0.492868487630519,0.62,0.623,1
"Acpp",0.377375012050008,0.350235444489414,0.113,0.057,1
"Eif2ak4",0.377401972129734,-0.470889090612758,0.014,0.057,1
"Nbn",0.377479194526553,0.881150928243608,0.113,0.057,1
"1700037H04Rik",0.377557769664232,-1.92322323718137,0,0.019,1
"1700085D22Rik",0.377557769664232,-1.92322323718137,0,0.019,1
"5033430I15Rik",0.377557769664232,-1.92322323718137,0,0.019,1
"Amd2",0.377557769664232,-1.92322323718137,0,0.019,1
"Apbb1",0.377557769664232,-1.92322323718137,0,0.019,1
"Cox7a1",0.377557769664232,-1.92322323718137,0,0.019,1
"E530011L22Rik",0.377557769664232,-1.92322323718137,0,0.019,1
"Fmnl2",0.377557769664232,-1.92322323718137,0,0.019,1
"Frat1",0.377557769664232,-1.92322323718137,0,0.019,1
"Gm45406",0.377557769664232,-1.92322323718137,0,0.019,1
"Gm56862",0.377557769664232,-1.92322323718137,0,0.019,1
"Hacd1",0.377557769664232,-1.92322323718137,0,0.019,1
"Limch1",0.377557769664232,-1.92322323718137,0,0.019,1
"Mfge8",0.377557769664232,-1.92322323718137,0,0.019,1
"Mmp17",0.377557769664232,-1.92322323718137,0,0.019,1
"Mypop",0.377557769664232,-1.92322323718137,0,0.019,1
"Nkd2",0.377557769664232,-1.92322323718137,0,0.019,1
"Pdxk",0.377557769664232,-1.92322323718137,0,0.019,1
"Plekhn1",0.377557769664232,-1.92322323718137,0,0.019,1
"Rabl2",0.377557769664232,-1.92322323718137,0,0.019,1
"Sox4",0.377557769664232,-1.92322323718137,0,0.019,1
"Tmem101",0.377557769664232,-1.92322323718137,0,0.019,1
"Tmem35b",0.377557769664232,-1.92322323718137,0,0.019,1
"Evi2a",0.37757595928052,1.41189754964112,0.028,0.019,1
"Ywhab",0.377664970176348,-0.654761343500381,0.183,0.377,1
"Mbd6",0.377805171789045,-1.53069730321305,0.014,0.057,1
"B4galt5",0.378173912080472,1.22553042562133,0.394,0.321,1
"Chic1",0.378509450745128,-0.401187473670721,0.056,0.151,1
"Zfp995",0.378632832748503,-2.24737698504584,0.028,0.113,1
"Spryd3",0.378771848289929,1.79258750742363,0.085,0.057,1
"Tmem214",0.379011717599356,-1.26201608814126,0.014,0.038,1
"Lyrm4",0.379478630468893,1.05810217976506,0.014,0.019,1
"Dpp3",0.379491809673477,-1.11703045628218,0.028,0.094,1
"Set",0.37961906670229,-0.842458592120678,0.296,0.528,1
"Smg1",0.379633769195011,-0.37948551856578,0.38,0.604,1
"Gstp3",0.379637080816162,-0.698823251542585,0.014,0.057,1
"Rbm28",0.379781029154942,-0.28003019157633,0.197,0.396,1
"Ski",0.380272353164995,-0.556208707332744,0.169,0.34,1
"Gm43813",0.380275918610425,2.80431074380234,0.042,0.019,1
"Cpeb4",0.380389004851994,-0.876322800529152,0.113,0.245,1
"Dock9",0.380565552431149,-0.23180333237299,0.085,0.208,1
"Cfap77",0.381404133648471,-0.754436796336678,0.014,0.038,1
"Adcy9",0.381708764981856,2.13436120655319,0.056,0.019,1
"Ddx18",0.382035731757369,-0.401154397981731,0.127,0.264,1
"Ptpn2",0.382142885214039,0.459617500686865,0.324,0.491,1
"Cyp51",0.382340545192071,1.06217316286271,0.239,0.226,1
"Azi2",0.382474156193244,-1.04070912890579,0.169,0.358,1
"Ppp1cc",0.382503698838455,-0.691988500121589,0.197,0.377,1
"Kat6b",0.382536169296421,-0.889899598920774,0.183,0.377,1
"Gm48099",0.382559570708682,1.76952356784051,0.07,0.019,1
"5830432E09Rik",0.382787552552807,2.22347684702465,0.056,0.019,1
"Clspn",0.382885826088988,1.07058609749638,0.296,0.226,1
"Ift20",0.382944633436069,0.97930649668945,0.042,0.019,1
"Arhgap10",0.383126158662129,0.112371575624491,0.239,0.396,1
"Zbtb34",0.383130732118204,-1.0302610654681,0.014,0.057,1
"Ehmt2",0.383181629539361,-1.04979087407586,0.07,0.208,1
"Ttc39b",0.383206737295802,0.733924460798087,0.254,0.302,1
"Gm16157",0.383314161437285,-1.62646636060453,0.014,0.038,1
"Spen",0.383314192404837,-0.565330754092376,0.155,0.321,1
"Scaf11",0.38333681534128,-0.476940752557072,0.324,0.509,1
"Glrx3",0.38335762058413,0.570639187856453,0.282,0.226,1
"Rbm18",0.383429300011204,-0.993560532045143,0.028,0.094,1
"Ostf1",0.383664016466361,0.904778134210142,0.169,0.17,1
"Akna",0.383816731629904,-0.636461086250282,0.155,0.321,1
"Foxj2",0.383937997011731,-2.48694540258229,0,0.038,1
"Sat1",0.384016152119728,1.4100668664222,0.028,0.019,1
"Ginm1",0.384028407145074,2.80437009943127,0.056,0.019,1
"Glo1",0.384053381509674,-0.893593016390257,0.07,0.208,1
"Rhno1",0.384244787967517,0.679962321870229,0.127,0.113,1
"Dnajc5",0.384330421739033,0.937573033381089,0.31,0.283,1
"Gatm",0.384530995812206,-0.830269670219606,0.014,0.038,1
"Tpm1",0.384828198783727,-1.46001269167554,0.056,0.151,1
"Slc25a28",0.384995402477961,2.5855837237022,0.07,0.038,1
"Shisa5",0.385008802898505,-0.136948370142773,0.282,0.472,1
"Anapc15",0.3855193079068,-1.49986315172656,0.028,0.113,1
"Nudt9",0.385588077036534,1.06982940883242,0.042,0.019,1
"Snapc5",0.385917965591296,-2.6612953581687,0.014,0.094,1
"Adcy3",0.386156025010623,-1.91300863983642,0.014,0.094,1
"1700042O10Rik",0.386169552106382,1.77364047688908,0.014,0,1
"1810059C17Rik",0.386169552106382,1.77364047688908,0.014,0,1
"2010109A12Rik",0.386169552106382,1.77364047688908,0.014,0,1
"4930429F24Rik",0.386169552106382,1.77364047688908,0.014,0,1
"9430014N10Rik",0.386169552106382,1.77364047688908,0.014,0,1
"C330013E15Rik",0.386169552106382,1.77364047688908,0.014,0,1
"Catsperd",0.386169552106382,1.77364047688908,0.014,0,1
"Cdnf",0.386169552106382,2.60687668002207,0.014,0,1
"Cpne5",0.386169552106382,1.77364047688908,0.014,0,1
"D430001F17Rik",0.386169552106382,1.77364047688908,0.014,0,1
"Dnajb3",0.386169552106382,1.77364047688908,0.014,0,1
"Fam227b",0.386169552106382,1.77364047688908,0.014,0,1
"G630030J09Rik",0.386169552106382,1.77364047688908,0.014,0,1
"Gm10053",0.386169552106382,1.77364047688908,0.014,0,1
"Gm10767",0.386169552106382,1.77364047688908,0.014,0,1
"Gm11963",0.386169552106382,1.77364047688908,0.014,0,1
"Gm12974",0.386169552106382,1.77364047688908,0.014,0,1
"Gm15492",0.386169552106382,1.77364047688908,0.014,0,1
"Gm16283",0.386169552106382,1.77364047688908,0.014,0,1
"Gm20652",0.386169552106382,1.77364047688908,0.014,0,1
"Gm26670",0.386169552106382,1.77364047688908,0.014,0,1
"Gm4285",0.386169552106382,2.60687668002207,0.014,0,1
"Gm44066",0.386169552106382,1.77364047688908,0.014,0,1
"Gm50068",0.386169552106382,1.77364047688908,0.014,0,1
"Gm56611",0.386169552106382,1.77364047688908,0.014,0,1
"Gm56708",0.386169552106382,1.77364047688908,0.014,0,1
"Gm56842",0.386169552106382,1.77364047688908,0.014,0,1
"Gm56955",0.386169552106382,1.77364047688908,0.014,0,1
"Gm57036",0.386169552106382,1.77364047688908,0.014,0,1
"Gm57144",0.386169552106382,1.77364047688908,0.014,0,1
"Gm57432",0.386169552106382,1.77364047688908,0.014,0,1
"Gtf2a1l",0.386169552106382,1.77364047688908,0.014,0,1
"H3c8",0.386169552106382,1.77364047688908,0.014,0,1
"Hesx1",0.386169552106382,1.77364047688908,0.014,0,1
"Hmx2",0.386169552106382,1.77364047688908,0.014,0,1
"Htr4",0.386169552106382,1.77364047688908,0.014,0,1
"Kctd12",0.386169552106382,1.77364047688908,0.014,0,1
"Lrrc45",0.386169552106382,1.77364047688908,0.014,0,1
"Mageb3",0.386169552106382,1.77364047688908,0.014,0,1
"Nfib",0.386169552106382,1.77364047688908,0.014,0,1
"Nkapl",0.386169552106382,1.77364047688908,0.014,0,1
"Nrarp",0.386169552106382,1.77364047688908,0.014,0,1
"Pcyox1l",0.386169552106382,1.77364047688908,0.014,0,1
"Pkd1l2",0.386169552106382,1.77364047688908,0.014,0,1
"Prkab2",0.386169552106382,1.77364047688908,0.014,0,1
"Rgs2",0.386169552106382,1.77364047688908,0.014,0,1
"Tmem203",0.386169552106382,1.77364047688908,0.014,0,1
"Zfp239",0.386169552106382,1.77364047688908,0.014,0,1
"Zswim5",0.386169552106382,1.77364047688908,0.014,0,1
"Micos10",0.38633095955118,0.901138869223314,0.268,0.264,1
"Med13l",0.386382205423615,0.16396492267192,0.394,0.415,1
"Nasp",0.386523555118514,0.797048746188977,0.352,0.34,1
"Ccdc34os",0.387374550158254,1.78256621507996,0.014,0,1
"Dock3",0.387374550158254,2.61689236867584,0.014,0,1
"Eepd1",0.387374550158254,1.78256621507996,0.014,0,1
"Efemp2",0.387374550158254,1.78256621507996,0.014,0,1
"Eml6",0.387374550158254,1.78256621507996,0.014,0,1
"Gm13561",0.387374550158254,1.78256621507996,0.014,0,1
"Nppa",0.387374550158254,1.78256621507996,0.014,0,1
"Prg4",0.387374550158254,1.78256621507996,0.014,0,1
"Rptoros",0.387374550158254,1.78256621507996,0.014,0,1
"Tmem176a",0.387374550158254,1.78256621507996,0.014,0,1
"Tnfrsf25",0.387374550158254,1.78256621507996,0.014,0,1
"Ncaph2",0.387485198960368,0.269631522547279,0.197,0.208,1
"Sgo1",0.387925191737836,0.176477181741003,0.127,0.283,1
"Baiap2",0.387953202159869,2.21422846220891,0.085,0.019,1
"Prkdc",0.387956452153344,-0.712514339982029,0.183,0.321,1
"Fam20b",0.388148779806297,-1.5780644520477,0.042,0.132,1
"Zfp24",0.388353958692277,0.860532666611865,0.07,0.075,1
"Rpl30",0.388437359362899,-0.111530671912635,0.338,0.528,1
"Fam193b",0.388526113259976,1.0323485320443,0.113,0.094,1
"Gm57206",0.388834587485367,1.95931519718527,0.028,0.019,1
"Tent5a",0.388854425278118,1.20579398684312,0.099,0.057,1
"Atp6v1g2",0.388946220386654,-2.45649615671918,0,0.038,1
"Idh1",0.388946220386654,-2.45649615671918,0,0.038,1
"Ccdc92",0.389007544330324,-1.25830083441983,0.014,0.057,1
"Epas1",0.389014084554954,-0.8780136597437,0.028,0.094,1
"Map4k1",0.389126688477932,-0.843720402808849,0.085,0.208,1
"Crtc1",0.389234084231096,-0.568975153673024,0.014,0.038,1
"Arid5a",0.389422207058249,1.16351015773831,0.197,0.264,1
"Gm57463",0.389537341545497,2.55544203830994,0.042,0.019,1
"Gm34102",0.389564798991517,1.62885660857923,0.099,0.038,1
"H1f4",0.38964740546913,0.626479429938285,0.254,0.377,1
"Cptp",0.3896484285508,2.86285081672862,0.042,0.019,1
"Pygo2",0.389751257259497,1.38748420959305,0.028,0.019,1
"Tgtp1",0.389918021106448,1.97477702955792,0.028,0.019,1
"Ik",0.390018874929242,0.345349571977253,0.169,0.189,1
"Dhdh",0.390043113489057,1.19056201624495,0.028,0.019,1
"Prdm10",0.390179553830649,1.21287929571981,0.169,0.113,1
"Creld1",0.390490737433891,-0.891364039458244,0.014,0.038,1
"Spata5",0.390535259075011,0.411256080850313,0.549,0.528,1
"Vav3",0.390640920383673,0.567125032152233,0.549,0.604,1
"Eif4b",0.390740150683343,-0.742611829332518,0.296,0.434,1
"Fem1a",0.390770086481973,-2.19082670790934,0.014,0.057,1
"Spata2",0.390908790937065,1.25792226143251,0.042,0.019,1
"Tmem116",0.391014645584861,-1.15173771595696,0.014,0.038,1
"Iqcb1",0.391092075094755,-2.27868405072752,0.014,0.075,1
"Birc6",0.39111112141525,0.219861247999462,0.704,0.83,1
"Usp10",0.391165577079011,-0.807550430238048,0.085,0.226,1
"Syce2",0.39146871375395,-1.38157711048662,0.014,0.075,1
"Pycrl",0.391473663845984,1.15144060305247,0.014,0.019,1
"Rpp30",0.391482138416453,-1.53583040791372,0.056,0.151,1
"Wdr3",0.391825011270965,0.867989615540137,0.085,0.094,1
"Gpd1l",0.391930059707961,-1.89745345409391,0.014,0.057,1
"Foxn2",0.391944134193168,-0.505560672746675,0.197,0.377,1
"Ctsa",0.391946912990387,-0.744656044527765,0.056,0.151,1
"Pdcd6",0.392176817473633,-0.192474138446531,0.056,0.17,1
"Insl6",0.392405609242845,-0.264264928458019,0.014,0.019,1
"Phlda1",0.392405609242845,-0.264264928458019,0.014,0.019,1
"Phldb1",0.392405609242845,-0.849155303442832,0.014,0.019,1
"Ccdc186",0.392529496487712,1.66000793939134,0.085,0.057,1
"Nemf",0.392579457860174,-0.156341875428704,0.268,0.434,1
"Ncoa7",0.392725560739708,0.290067134741081,0.197,0.208,1
"Utp11",0.392750585889632,1.21339393848786,0.169,0.151,1
"Gm2245",0.392976553304833,2.46343759430752,0.07,0.019,1
"Akap8",0.393059523958638,1.27175087566573,0.197,0.189,1
"Vps26b",0.393344707487902,-0.948704936811382,0.085,0.17,1
"Cep57",0.393543424428673,0.553136880100442,0.239,0.226,1
"Rtn3",0.393807918061597,-0.167712840978561,0.394,0.604,1
"Fam76b",0.394272156134964,0.483194826996825,0.225,0.245,1
"Cep78",0.394369007189878,-1.07824124708009,0.014,0.057,1
"Dnajc27",0.394623432675309,2.28484614893271,0.07,0.038,1
"Znrf3",0.394699666459673,0.611904749380089,0.62,0.585,1
"Ttc7",0.395290937022806,1.2442967543863,0.225,0.151,1
"Marchf5",0.395833293855547,-0.901062094690881,0.07,0.17,1
"Tug1",0.396261549537542,-0.905308701447987,0.07,0.208,1
"Sco1",0.396368442019819,0.548078981339629,0.014,0.038,1
"Septin10",0.396528340903619,-1.48369783772621,0.028,0.094,1
"Rad51b",0.396589761947097,-0.104285349460866,0.507,0.679,1
"Josd1",0.396781910713469,2.89089795693848,0.085,0.038,1
"Hic2",0.39681955267665,-2.80451607689474,0.014,0.057,1
"Sp100",0.396834700264592,-0.217178241220362,0.366,0.566,1
"Trbj2-7",0.396911467393753,-0.128564090416781,0.042,0.019,1
"Mettl6",0.397024505035621,0.295730444595637,0.127,0.132,1
"Ankrd28",0.397081648377261,0.5538128876209,0.324,0.283,1
"Heatr1",0.397175296919729,-0.501395514813803,0.169,0.302,1
"Stn1",0.39719957446562,2.76857769895908,0.07,0.019,1
"Marchf2",0.39735214515832,1.8886290672377,0.155,0.113,1
"H1f2",0.397363631459828,-0.376159356038431,0.211,0.189,1
"Dgat1",0.397411008836825,1.52252187347572,0.028,0.019,1
"Chic2",0.39742496751885,-0.90556699217751,0.141,0.321,1
"Tafa3",0.397594452723349,-0.672147243247207,0.028,0.075,1
"Cuedc2",0.397665810782745,-3.02820302280913,0.014,0.038,1
"1110020A21Rik",0.398105435111754,1.86697890017649,0.014,0,1
"A830035O19Rik",0.398105435111754,1.86697890017649,0.014,0,1
"Btbd19",0.398105435111754,1.86697890017649,0.014,0,1
"Erg",0.398105435111754,1.86697890017649,0.014,0,1
"Esyt3",0.398105435111754,1.86697890017649,0.014,0,1
"Fbxo15",0.398105435111754,1.86697890017649,0.014,0,1
"Gale",0.398105435111754,1.86697890017649,0.014,0,1
"Galnt13",0.398105435111754,1.86697890017649,0.014,0,1
"Gli3",0.398105435111754,1.86697890017649,0.014,0,1
"Gm16252",0.398105435111754,1.86697890017649,0.014,0,1
"Gm26629",0.398105435111754,1.86697890017649,0.014,0,1
"Gm30881",0.398105435111754,1.86697890017649,0.014,0,1
"Gm31458",0.398105435111754,1.86697890017649,0.014,0,1
"Gm56711",0.398105435111754,1.86697890017649,0.014,0,1
"Gm57002",0.398105435111754,1.86697890017649,0.014,0,1
"Gm57101",0.398105435111754,1.86697890017649,0.014,0,1
"Gm57291",0.398105435111754,1.86697890017649,0.014,0,1
"Gm57458",0.398105435111754,1.86697890017649,0.014,0,1
"Gm9949",0.398105435111754,1.86697890017649,0.014,0,1
"Hao1",0.398105435111754,1.86697890017649,0.014,0,1
"Hdac10",0.398105435111754,1.86697890017649,0.014,0,1
"Mblac1",0.398105435111754,1.86697890017649,0.014,0,1
"Myrfl",0.398105435111754,1.86697890017649,0.014,0,1
"Phpt1",0.398105435111754,1.86697890017649,0.014,0,1
"Rab26os",0.398105435111754,1.86697890017649,0.014,0,1
"Slc44a5",0.398105435111754,1.86697890017649,0.014,0,1
"Snai1",0.398105435111754,1.86697890017649,0.014,0,1
"Terc",0.398105435111754,1.86697890017649,0.014,0,1
"Traj5",0.398105435111754,1.86697890017649,0.014,0,1
"Uckl1os",0.398105435111754,1.86697890017649,0.014,0,1
"Wdr24",0.398105435111754,1.86697890017649,0.014,0,1
"Znhit2",0.398105435111754,1.86697890017649,0.014,0,1
"Fcho2",0.3981321638235,0.590587170118631,0.254,0.264,1
"Apobec3",0.398436097363059,-1.25026471833607,0.056,0.17,1
"Llph",0.398561143458844,0.948006445083737,0.155,0.132,1
"Mrps2",0.398683377114455,-2.10509106433138,0.014,0.038,1
"Ccnd3",0.399108336557971,-0.571621322464638,0.282,0.509,1
"Smim11",0.399185762838229,1.0121887345053,0.042,0.038,1
"H2-T22",0.399539222926344,1.25236394132642,0.056,0.057,1
"Arpc4",0.399600834729214,-0.486005146513665,0.127,0.245,1
"Rbm27",0.399697431915309,-0.12451966846893,0.211,0.396,1
"Cbfb",0.399791345248024,0.440275809980026,0.465,0.453,1
"Cenpi",0.399940433156382,1.26914413677981,0.169,0.132,1
"Rab43",0.399963686481475,-0.281494907057227,0.056,0.17,1
"Hsd11b1",0.400028392428683,3.15461128185213,0.042,0.019,1
"Kpna6",0.40026538436765,-1.55458308629141,0.042,0.132,1
"Chuk",0.400278538292446,-0.766347695143769,0.099,0.245,1
"Uvssa",0.400620263401214,-1.37376365330743,0.042,0.132,1
"Dohh",0.400662638750408,-1.98089713804866,0.014,0.075,1
"Sit1",0.400770335949889,-2.03871130781507,0.014,0.057,1
"Gmnn",0.400775257517232,0.927753996128926,0.113,0.132,1
"Lemd2",0.401106964594647,-0.150730454085683,0.014,0.038,1
"Cyfip2",0.401309849613459,0.210977364724938,0.479,0.472,1
"Zbed3",0.401503737152305,0.43639837956714,0.056,0.019,1
"Ppp1r21",0.401514780579758,1.93929837884564,0.127,0.075,1
"Vdac3",0.401766880309164,-0.917462795059506,0.085,0.208,1
"Large1",0.401973808489708,1.56774367311252,0.211,0.132,1
"Adgrb2",0.402158405069951,1.90148741520104,0.014,0,1
"C230013L11Rik",0.402158405069951,1.90148741520104,0.014,0,1
"Ccdc142os",0.402158405069951,1.90148741520104,0.014,0,1
"Chmp6",0.402158405069951,1.90148741520104,0.014,0,1
"Fam78b",0.402158405069951,2.74963823795819,0.014,0,1
"Gas7",0.402158405069951,1.90148741520104,0.014,0,1
"Gcnt4",0.402158405069951,1.90148741520104,0.014,0,1
"Gm13481",0.402158405069951,1.90148741520104,0.014,0,1
"Gm13977",0.402158405069951,1.90148741520104,0.014,0,1
"Gm14820",0.402158405069951,1.90148741520104,0.014,0,1
"Gm49974",0.402158405069951,1.90148741520104,0.014,0,1
"Gm56873",0.402158405069951,1.90148741520104,0.014,0,1
"Gm57078",0.402158405069951,1.90148741520104,0.014,0,1
"Iba57",0.402158405069951,1.90148741520104,0.014,0,1
"Kif9",0.402158405069951,1.90148741520104,0.014,0,1
"Lrrc19",0.402158405069951,1.90148741520104,0.014,0,1
"Ly6k",0.402158405069951,1.90148741520104,0.014,0,1
"Pelo",0.402158405069951,1.90148741520104,0.014,0,1
"Ptprd",0.402158405069951,1.90148741520104,0.014,0,1
"Zfp14",0.402158405069951,1.90148741520104,0.014,0,1
"Rrp9",0.402271582096127,0.712490847914433,0.056,0.038,1
"Utrn",0.40231340380335,0.744896359121849,0.592,0.566,1
"Gga1",0.402718722891377,-2.17053109761366,0.028,0.094,1
"Slc17a5",0.402726560996192,-1.53392173582337,0.014,0.075,1
"Cd48",0.40287753460692,-1.50641990929841,0.042,0.17,1
"Dnaja2",0.403027402012661,0.490593551041536,0.465,0.396,1
"Ppp2cb",0.4031215461101,1.60889740089168,0.099,0.038,1
"Cox7a2",0.403136462915291,-0.102565581742683,0.155,0.321,1
"Ran",0.403211423829673,0.226006192057783,0.352,0.472,1
"Ciao2b",0.403397434425469,-2.17354494537656,0.028,0.151,1
"Ptch1",0.40374050104985,-2.26930958856906,0.028,0.094,1
"Bbip1",0.403742389608614,-0.817463010108279,0.056,0.151,1
"Fosl2",0.403742709613033,1.4213175016152,0.113,0.057,1
"Pkmyt1",0.404045734969738,-1.53163963332572,0.028,0.094,1
"2700062C07Rik",0.404357807481156,-0.917079004736294,0.028,0.113,1
"Trim13",0.404529358471924,1.26339752896951,0.014,0.019,1
"Ints6",0.404750238789148,0.44460493001202,0.31,0.472,1
"Sec11a",0.405208372348392,0.625140656718893,0.254,0.208,1
"Prkch",0.405489483765715,0.825677116975498,0.437,0.377,1
"Gm14167",0.405506292769337,-1.18214246259099,0.014,0.038,1
"Mkln1",0.405558755076736,0.531107620929066,0.423,0.415,1
"Mrps22",0.405807036919347,-1.12527102119462,0.028,0.094,1
"Clptm1l",0.405935713526594,-0.584839344073928,0.07,0.208,1
"Ifnar2",0.405969657737094,0.683738321251947,0.268,0.264,1
"Zfp971",0.406028258966669,-1.02461632775912,0.014,0.057,1
"6330403K07Rik",0.40604161542611,-1.81007103304002,0,0.019,1
"AW146154",0.40604161542611,-1.81007103304002,0,0.019,1
"Abtb1",0.40604161542611,-1.81007103304002,0,0.019,1
"Arfip2",0.40604161542611,-1.81007103304002,0,0.019,1
"Arxes2",0.40604161542611,-1.81007103304002,0,0.019,1
"Cdk20",0.40604161542611,-1.81007103304002,0,0.019,1
"Chst14",0.40604161542611,-1.81007103304002,0,0.019,1
"Ctsz",0.40604161542611,-1.81007103304002,0,0.019,1
"Dynlt1f",0.40604161542611,-1.81007103304002,0,0.019,1
"Extl1",0.40604161542611,-2.50425641223114,0,0.019,1
"F730311O21Rik",0.40604161542611,-1.81007103304002,0,0.019,1
"Fzd6",0.40604161542611,-1.81007103304002,0,0.019,1
"Gm14399",0.40604161542611,-1.81007103304002,0,0.019,1
"Gm15518",0.40604161542611,-1.81007103304002,0,0.019,1
"Gm15762",0.40604161542611,-1.81007103304002,0,0.019,1
"Gm16085",0.40604161542611,-1.81007103304002,0,0.019,1
"Gm26797",0.40604161542611,-1.81007103304002,0,0.019,1
"Gm35330",0.40604161542611,-1.81007103304002,0,0.019,1
"Gm44767",0.40604161542611,-1.81007103304002,0,0.019,1
"Gm48357",0.40604161542611,-1.81007103304002,0,0.019,1
"Gm49144",0.40604161542611,-1.81007103304002,0,0.019,1
"Gm50196",0.40604161542611,-1.81007103304002,0,0.019,1
"Gm56654",0.40604161542611,-1.81007103304002,0,0.019,1
"Gm9750",0.40604161542611,-1.81007103304002,0,0.019,1
"Hdhd3",0.40604161542611,-1.81007103304002,0,0.019,1
"Lmo2",0.40604161542611,-1.81007103304002,0,0.019,1
"Nipa1",0.40604161542611,-1.81007103304002,0,0.019,1
"Or1ab2",0.40604161542611,-1.81007103304002,0,0.019,1
"Rab20",0.40604161542611,-1.81007103304002,0,0.019,1
"Rnft2",0.40604161542611,-2.50425641223114,0,0.019,1
"Runx2os2",0.40604161542611,-1.81007103304002,0,0.019,1
"Sft2d3",0.40604161542611,-1.81007103304002,0,0.019,1
"Slc27a4",0.40604161542611,-1.81007103304002,0,0.019,1
"Slc28a2b",0.40604161542611,-1.81007103304002,0,0.019,1
"Trav13d-4",0.40604161542611,-1.81007103304002,0,0.019,1
"Trpc4",0.40604161542611,-1.81007103304002,0,0.019,1
"Acp5",0.40611824923095,2.2480789805014,0.042,0.019,1
"Brca2",0.406162487856775,0.117513162198501,0.225,0.208,1
"Atp5h",0.406193805565985,-0.314717561401352,0.169,0.34,1
"Incenp",0.406262574852972,-0.930477825112524,0.211,0.358,1
"Gfm2",0.406509672084963,0.49217633102844,0.183,0.151,1
"Coro1a",0.406853974391533,-0.369296885934758,0.338,0.566,1
"Pak1ip1",0.40747223676197,0.632550764395666,0.085,0.057,1
"Nfrkb",0.407480785915183,1.30226235791703,0.155,0.113,1
"Gm12258",0.407693020101657,-1.66135974280014,0.028,0.075,1
"Abl1",0.407749119380482,1.02985536135685,0.169,0.151,1
"Nif3l1",0.407849832502368,2.45368404023247,0.07,0.038,1
"Dguok",0.407951399982169,0.952385603381379,0.07,0.038,1
"Prkar1a",0.408057691956555,-0.503762117197636,0.127,0.283,1
"Dffa",0.408127785332297,-2.07300639341393,0.014,0.094,1
"Ppp1r13b",0.40816332105789,-0.589398812514795,0.141,0.302,1
"Kdm7a",0.408291034779799,-0.247056819123564,0.127,0.094,1
"Cmtr2",0.408468902701468,-1.10928804179716,0.014,0.038,1
"ENSMUSG00000095742",0.408716012209338,-2.61905556086102,0.014,0.038,1
"Rnf41",0.408838160130698,-1.08339120181626,0.056,0.151,1
"Nopchap1",0.40889091577573,-0.950306636175237,0.056,0.151,1
"Polr1e",0.409122099609575,1.7235037092923,0.028,0.019,1
"Slc4a2",0.409210334929935,0.301038289806424,0.014,0.038,1
"Borcs6",0.409296630156103,1.96649884979982,0.014,0,1
"Ccl1",0.409296630156103,2.82168809636281,0.014,0,1
"Fcrla",0.409296630156103,1.96649884979982,0.014,0,1
"Gm43305",0.409296630156103,3.35495957812342,0.014,0,1
"Itpka",0.409296630156103,1.96649884979982,0.014,0,1
"Kcnb1",0.409296630156103,1.96649884979982,0.014,0,1
"Zfp341",0.409296630156103,1.96649884979982,0.014,0,1
"Zfp623",0.409296630156103,1.96649884979982,0.014,0,1
"Zfp791",0.409296630156103,1.96649884979982,0.014,0,1
"Pdcd11",0.409416919917168,-0.913468591561959,0.113,0.245,1
"Hspa5",0.40960288119031,0.117848982377327,0.507,0.453,1
"Slc39a1",0.409753799414322,-2.57293501513611,0,0.038,1
"Dek",0.40976558621071,0.378283792234499,0.394,0.434,1
"Gm19325",0.409845370502986,1.73561104963557,0.028,0.019,1
"Got1",0.409873954030108,-0.280896412219207,0.056,0.151,1
"Abce1",0.410088915964621,-0.557673418186032,0.211,0.377,1
"A530088E08Rik",0.410198787136683,2.7129280522305,0.056,0.019,1
"Chm",0.410225022338086,-0.711182256971436,0.183,0.396,1
"Sirt2",0.410364517321349,-1.09880477617618,0.014,0.057,1
"4933408J17Rik",0.41059087873386,1.97893582609353,0.014,0,1
"4933421A08Rik",0.41059087873386,1.97893582609353,0.014,0,1
"A430090L17Rik",0.41059087873386,1.97893582609353,0.014,0,1
"Cct6b",0.41059087873386,1.97893582609353,0.014,0,1
"Cd24a",0.41059087873386,1.97893582609353,0.014,0,1
"Chadl",0.41059087873386,1.97893582609353,0.014,0,1
"Dnajb2",0.41059087873386,1.97893582609353,0.014,0,1
"Gadd45b",0.41059087873386,1.97893582609353,0.014,0,1
"Gm15964",0.41059087873386,1.97893582609353,0.014,0,1
"Ppp1r13l",0.41059087873386,1.97893582609353,0.014,0,1
"Thnsl1",0.41059087873386,1.97893582609353,0.014,0,1
"Psd4",0.41061541561164,-0.679873531058351,0.141,0.302,1
"Rac2",0.411048964804758,-1.34157976173499,0.127,0.302,1
"Tlcd1",0.411328775483515,0.426715000561693,0.028,0.038,1
"Midn",0.411726623947299,-1.29141561670391,0.07,0.17,1
"Jarid2",0.411832295486843,0.675794359599321,0.746,0.755,1
"Eif2b1",0.411860842331808,-0.791573300188386,0.014,0.038,1
"5430402O13Rik",0.411930477804599,1.99203934012692,0.014,0,1
"Acox2",0.411930477804599,1.99203934012692,0.014,0,1
"Bend5",0.411930477804599,1.99203934012692,0.014,0,1
"E230001N04Rik",0.411930477804599,1.99203934012692,0.014,0,1
"Fosl1",0.411930477804599,1.99203934012692,0.014,0,1
"Gm12709",0.411930477804599,1.99203934012692,0.014,0,1
"Gm43625",0.411930477804599,1.99203934012692,0.014,0,1
"Gm45670",0.411930477804599,1.99203934012692,0.014,0,1
"Haao",0.411930477804599,1.99203934012692,0.014,0,1
"Mamdc2",0.411930477804599,1.99203934012692,0.014,0,1
"Pex11g",0.411930477804599,1.99203934012692,0.014,0,1
"Sprtn",0.411930477804599,1.99203934012692,0.014,0,1
"Pnma8c",0.412086049458294,-0.4685301340173,0.014,0.057,1
"Sumf2",0.412458227756731,2.05075767741704,0.042,0.019,1
"Mrrf",0.41300995888426,-1.29266137036623,0.028,0.094,1
"5430427M07Rik",0.413212178758251,2.00480512236261,0.014,0,1
"Arl6",0.413212178758251,2.00480512236261,0.014,0,1
"Flcn",0.413212178758251,2.00480512236261,0.014,0,1
"Ftl1-ps1",0.413212178758251,2.00480512236261,0.014,0,1
"Gm128",0.413212178758251,2.00480512236261,0.014,0,1
"Gm16337",0.413212178758251,2.00480512236261,0.014,0,1
"Gm48942",0.413212178758251,2.00480512236261,0.014,0,1
"H2-Q1",0.413212178758251,2.00480512236261,0.014,0,1
"Lhfpl1",0.413212178758251,2.00480512236261,0.014,0,1
"Rnaset2b",0.413212178758251,2.00480512236261,0.014,0,1
"Sgcz",0.413212178758251,2.00480512236261,0.014,0,1
"Slc37a4",0.413212178758251,2.00480512236261,0.014,0,1
"Tctn1",0.413212178758251,2.00480512236261,0.014,0,1
"Zfp773",0.413212178758251,2.8639802256131,0.014,0,1
"Prpsap1",0.41331186892819,-0.508638238242931,0.085,0.189,1
"Sod1",0.413586779922995,0.222412125987284,0.113,0.113,1
"Vti1a",0.413975884327801,0.724170351824566,0.662,0.679,1
"Hars2",0.414373630837583,-1.90718983804125,0.014,0.038,1
"Ddx19a",0.41472184607987,-0.891622002064837,0.056,0.151,1
"Leng9",0.414837304798177,1.92854086175618,0.028,0.019,1
"1700010I14Rik",0.415011237957961,-0.48542131490755,0.014,0.038,1
"Gcc2",0.415030497901717,0.652993803866552,0.268,0.245,1
"Med23",0.415181728269516,-1.12426474226375,0.085,0.226,1
"Ctdsp2",0.415488107920411,-0.183869050151974,0.014,0.057,1
"Arl15",0.41553586774788,0.626348426666227,0.507,0.509,1
"Nkiras1",0.41564958454221,2.23604603485689,0.014,0.019,1
"Uba5",0.415765336828455,1.13936566358967,0.07,0.019,1
"Ung",0.416340949570986,-0.739274941414674,0.028,0.075,1
"Cnn2",0.416373199984428,-0.864143680040832,0.155,0.34,1
"Cdk11b",0.416378223234316,0.62554165161148,0.352,0.321,1
"Agbl5",0.416463481173668,2.03878603852714,0.014,0,1
"Ak1",0.416463481173668,2.03878603852714,0.014,0,1
"Gabrb3",0.416463481173668,2.03878603852714,0.014,0,1
"Gm26910",0.416463481173668,2.03878603852714,0.014,0,1
"Gm36246",0.416463481173668,2.03878603852714,0.014,0,1
"Gm56602",0.416463481173668,2.03878603852714,0.014,0,1
"Plp1",0.416463481173668,2.03878603852714,0.014,0,1
"Dynll1",0.416841963793708,0.831802453874605,0.183,0.17,1
"Gorasp2",0.416938845200883,0.644307478861197,0.155,0.151,1
"Rsf1",0.417175520023513,0.638866699754436,0.465,0.434,1
"Tnfrsf4",0.417246552633267,0.391236709344124,0.127,0.132,1
"Pgam1",0.417273051728301,-1.20830433546419,0.155,0.302,1
"Tsr1",0.417571141159492,-0.455704074817638,0.127,0.245,1
"Itgav",0.417595725615422,0.586604169367505,0.423,0.491,1
"Bcor",0.417791892503304,-0.456577346709955,0.183,0.34,1
"Asf1a",0.418169764305276,-0.945610546001256,0.028,0.113,1
"Rdx",0.418179218879056,0.622905419276127,0.282,0.358,1
"Rasgrf2",0.418464146766066,2.4083182590855,0.127,0.075,1
"Irag1",0.418702281809642,2.19200676608791,0.042,0.038,1
"Rb1cc1",0.418725162912735,-0.846496951518302,0.127,0.321,1
"5430414B19Rik",0.418872241598066,2.06409801524143,0.014,0,1
"Abra",0.418872241598066,2.06409801524143,0.014,0,1
"Dcaf11",0.418872241598066,2.06409801524143,0.014,0,1
"Gk5",0.418872241598066,2.06409801524143,0.014,0,1
"Gm15879",0.418872241598066,2.06409801524143,0.014,0,1
"Gm17066",0.418872241598066,2.06409801524143,0.014,0,1
"Gm17203",0.418872241598066,2.06409801524143,0.014,0,1
"Gm17399",0.418872241598066,2.06409801524143,0.014,0,1
"Gm26586",0.418872241598066,2.06409801524143,0.014,0,1
"Gm47794",0.418872241598066,2.06409801524143,0.014,0,1
"Gm56493",0.418872241598066,2.06409801524143,0.014,0,1
"Gm56626",0.418872241598066,2.06409801524143,0.014,0,1
"Gm56790",0.418872241598066,2.06409801524143,0.014,0,1
"Ltbp1",0.418872241598066,2.06409801524143,0.014,0,1
"Smtnl2",0.418872241598066,2.06409801524143,0.014,0,1
"Spag6l",0.418872241598066,2.06409801524143,0.014,0,1
"Tenm1",0.418872241598066,2.06409801524143,0.014,0,1
"Usp9y",0.418872241598066,2.06409801524143,0.014,0,1
"Zfp78",0.418872241598066,2.06409801524143,0.014,0,1
"Senp6",0.418936026357676,0.691518542417935,0.479,0.566,1
"Ap1s1",0.418941065422149,-0.889168664164836,0.042,0.132,1
"9230116N13Rik",0.418972030058539,2.0651894123708,0.014,0,1
"Adamtsl4",0.418972030058539,2.0651894123708,0.014,0,1
"Epha6",0.418972030058539,2.0651894123708,0.014,0,1
"Gm10642",0.418972030058539,2.0651894123708,0.014,0,1
"Gm20089",0.418972030058539,2.0651894123708,0.014,0,1
"Gm39326",0.418972030058539,2.0651894123708,0.014,0,1
"Gm7854",0.418972030058539,2.0651894123708,0.014,0,1
"Sh3gl3",0.418972030058539,2.0651894123708,0.014,0,1
"Snx8",0.418972030058539,2.0651894123708,0.014,0,1
"Tagln",0.418972030058539,2.0651894123708,0.014,0,1
"Ttn",0.418972030058539,2.0651894123708,0.014,0,1
"Ptpre",0.419003352819354,0.969220594761704,0.225,0.151,1
"Ints7",0.41952722258136,-0.828221137015746,0.225,0.434,1
"Cndp2",0.419994430087582,-0.830542057116064,0.085,0.226,1
"Fut11",0.419996190253553,-1.06030547536364,0.014,0.075,1
"Pla2g12a",0.420011600177864,-0.583818821184962,0.028,0.094,1
"Eif3h",0.420070224433682,-0.551258044533043,0.352,0.528,1
"Atp6v1h",0.420078647184036,0.837471956163085,0.268,0.208,1
"Rhebl1",0.42023498764078,1.41563892107075,0.014,0.019,1
"Higd1a",0.420243818403168,-0.550874919890099,0.085,0.208,1
"Elf2",0.420415866452922,-0.62792618442597,0.183,0.377,1
"Tceal9",0.42054670207722,-0.850961676163018,0.014,0.038,1
"1700066M21Rik",0.420710633130905,2.084482773618,0.014,0,1
"4930540M05Rik",0.420710633130905,2.084482773618,0.014,0,1
"Frrs1l",0.420710633130905,2.084482773618,0.014,0,1
"Galnt16",0.420710633130905,2.084482773618,0.014,0,1
"Gm11127",0.420710633130905,2.084482773618,0.014,0,1
"Gm16206",0.420710633130905,2.084482773618,0.014,0,1
"Gm29050",0.420710633130905,2.084482773618,0.014,0,1
"Gm34189",0.420710633130905,2.084482773618,0.014,0,1
"Gm56584",0.420710633130905,2.084482773618,0.014,0,1
"Iftap",0.420710633130905,2.084482773618,0.014,0,1
"Trbj1-3",0.420710633130905,2.084482773618,0.014,0,1
"Ttll11",0.420710633130905,2.084482773618,0.014,0,1
"Vmn1r4",0.420710633130905,2.95158433198092,0.014,0,1
"Tbc1d12",0.420775890944734,1.51032117112774,0.085,0.057,1
"Dock11",0.42086413406824,0.571958545555379,0.521,0.491,1
"Tiparp",0.420876360031808,-0.899988407749885,0.056,0.151,1
"Noc4l",0.420918614797389,-0.942290905497361,0.028,0.075,1
"Rfc4",0.421088833620289,1.90482958434684,0.085,0.057,1
"Homer3",0.421150961529802,-0.784297351534553,0.014,0.038,1
"Ubxn1",0.421192526102924,0.925696960707831,0.155,0.151,1
"Acox3",0.421296507926831,-0.727741154325683,0.028,0.075,1
"Rlf",0.421535109567368,0.503218324160775,0.479,0.453,1
"Stim1",0.421722664899447,-0.121383442892639,0.338,0.34,1
"Foxp1",0.421734591496655,0.497441240132085,0.859,0.849,1
"Tpcn1",0.421897681804715,-0.871502902694175,0.014,0.038,1
"Afg3l1",0.42197334854636,-0.942331549694778,0.07,0.189,1
"Ubqln1",0.422005789530996,-0.819633536737453,0.127,0.302,1
"Trappc5",0.422072089763498,-1.19041230683385,0.028,0.075,1
"Nifk",0.422240798847485,-1.07457325353149,0.07,0.151,1
"Clstn1",0.422242326547865,-1.20457508954421,0.042,0.132,1
"Pcna",0.422457603357906,-1.61305106397737,0.099,0.245,1
"Foxred1",0.422798436669654,1.21507291221674,0.056,0.038,1
"Edaradd",0.422943098227054,0.952924200080774,0.042,0.019,1
"Trmt1",0.42304487064103,-0.336422184295631,0.085,0.17,1
"Galnt2",0.423075594143284,-0.762132851218719,0.113,0.208,1
"H2ac24",0.4230811172588,0.884791716692183,0.197,0.189,1
"Fadd",0.423142909872546,-0.323592882794076,0.014,0.038,1
"Adrm1",0.423276142591286,0.716049617914603,0.07,0.057,1
"AI467606",0.423538104091577,-2.95230301368492,0.014,0.075,1
"Zbtb24",0.424276722567824,0.318657186768881,0.056,0.019,1
"Nfat5",0.424366219700322,-0.181871792586441,0.296,0.453,1
"Hsd17b11",0.424495857091995,-1.11882450205228,0.014,0.038,1
"Otub1",0.424546013603353,1.70647998284775,0.113,0.094,1
"Rtn4",0.424571760161291,0.446618159544038,0.211,0.208,1
"Fmnl3",0.424664558850266,1.16396048620244,0.183,0.17,1
"4921531C22Rik",0.424724575739182,2.13117721819477,0.014,0,1
"AI847159",0.424724575739182,2.13117721819477,0.014,0,1
"Arhgef33",0.424724575739182,2.13117721819477,0.014,0,1
"Efcab12",0.424724575739182,3.00270559372336,0.014,0,1
"Gm12979",0.424724575739182,2.13117721819477,0.014,0,1
"Gm15787",0.424724575739182,2.13117721819477,0.014,0,1
"Gm16229",0.424724575739182,2.13117721819477,0.014,0,1
"Gm34235",0.424724575739182,2.13117721819477,0.014,0,1
"Gm37469",0.424724575739182,3.00270559372336,0.014,0,1
"Gm41031",0.424724575739182,2.13117721819477,0.014,0,1
"Gm45738",0.424724575739182,2.13117721819477,0.014,0,1
"Gm48683",0.424724575739182,2.13117721819477,0.014,0,1
"Gm5134",0.424724575739182,2.13117721819477,0.014,0,1
"Gm5432",0.424724575739182,2.13117721819477,0.014,0,1
"Gm5544",0.424724575739182,2.13117721819477,0.014,0,1
"Gm56588",0.424724575739182,2.13117721819477,0.014,0,1
"Gm56877",0.424724575739182,2.13117721819477,0.014,0,1
"Gm57369",0.424724575739182,2.13117721819477,0.014,0,1
"Gnaz",0.424724575739182,2.13117721819477,0.014,0,1
"Grhl1",0.424724575739182,2.13117721819477,0.014,0,1
"Ly96",0.424724575739182,2.13117721819477,0.014,0,1
"Lyzl4",0.424724575739182,2.13117721819477,0.014,0,1
"Map3k15",0.424724575739182,2.13117721819477,0.014,0,1
"Pgbd1",0.424724575739182,2.13117721819477,0.014,0,1
"Pirb",0.424724575739182,2.13117721819477,0.014,0,1
"Samd14",0.424724575739182,2.13117721819477,0.014,0,1
"Slc4a5",0.424724575739182,2.13117721819477,0.014,0,1
"Tgm7",0.424724575739182,2.13117721819477,0.014,0,1
"Trpm3",0.424724575739182,2.13117721819477,0.014,0,1
"Vat1l",0.424724575739182,2.13117721819477,0.014,0,1
"Arhgap15",0.424745823072585,0.125104845489402,0.859,0.943,1
"Mmut",0.425019041353992,-1.08477982907382,0.028,0.113,1
"Cmc4",0.425047187425248,-2.28201983054101,0,0.038,1
"Esco2",0.425096150269238,-0.676103358139276,0.113,0.245,1
"Nsfl1c",0.425244156753293,-1.73910118351757,0.014,0.075,1
"1700007L15Rik",0.425248412465269,-1.21565925376875,0.014,0.075,1
"Ythdc2",0.425307958282059,1.0354242706039,0.141,0.094,1
"Zbtb1",0.425363959694246,-0.338924276761784,0.197,0.34,1
"Brd1",0.425862347018937,-0.379697719592515,0.239,0.434,1
"Zfp318",0.426064117783298,-1.87800306936761,0.028,0.094,1
"Tceanc",0.426179953647294,-0.780270456879467,0.014,0.057,1
"Ece1",0.426317839634605,1.25319309198464,0.127,0.075,1
"2200002D01Rik",0.426669271492224,-1.74176704058546,0,0.019,1
"Alg11",0.426669271492224,-1.74176704058546,0,0.019,1
"Bbs5",0.426669271492224,-1.74176704058546,0,0.019,1
"Cabcoco1",0.426669271492224,-2.41934158767918,0,0.019,1
"Caskin2",0.426669271492224,-1.74176704058546,0,0.019,1
"Cyp4f18",0.426669271492224,-1.74176704058546,0,0.019,1
"Dnpep",0.426669271492224,-1.74176704058546,0,0.019,1
"ENSMUSG00000121485",0.426669271492224,-1.74176704058546,0,0.019,1
"Efnb1",0.426669271492224,-1.74176704058546,0,0.019,1
"Fcgrt",0.426669271492224,-1.74176704058546,0,0.019,1
"Fstl1",0.426669271492224,-1.74176704058546,0,0.019,1
"Gm20544",0.426669271492224,-1.74176704058546,0,0.019,1
"Gm32006",0.426669271492224,-1.74176704058546,0,0.019,1
"Gm43024",0.426669271492224,-1.74176704058546,0,0.019,1
"Gm45069",0.426669271492224,-1.74176704058546,0,0.019,1
"Jrkl",0.426669271492224,-1.74176704058546,0,0.019,1
"Mapk1ip1",0.426669271492224,-1.74176704058546,0,0.019,1
"Med18",0.426669271492224,-1.74176704058546,0,0.019,1
"Niban3",0.426669271492224,-1.74176704058546,0,0.019,1
"Nrg4",0.426669271492224,-1.74176704058546,0,0.019,1
"Ophn1",0.426669271492224,-2.41934158767918,0,0.019,1
"Phf21b",0.426669271492224,-1.74176704058546,0,0.019,1
"Pnpo",0.426669271492224,-1.74176704058546,0,0.019,1
"Sncaip",0.426669271492224,-1.74176704058546,0,0.019,1
"Spns1",0.426669271492224,-1.74176704058546,0,0.019,1
"Tbxa2r",0.426669271492224,-1.74176704058546,0,0.019,1
"Ticam1",0.426669271492224,-1.74176704058546,0,0.019,1
"Usp46os1",0.426669271492224,-1.74176704058546,0,0.019,1
"Wdr54",0.426669271492224,-1.74176704058546,0,0.019,1
"Zfp658",0.426669271492224,-1.74176704058546,0,0.019,1
"Zfyve21",0.426669271492224,-1.74176704058546,0,0.019,1
"Ric8b",0.426693992701901,1.11687526944402,0.239,0.189,1
"Rundc3b",0.427109980247975,-2.27007042933352,0.042,0.132,1
"Clk1",0.427325300938061,0.112026130923392,0.352,0.377,1
"Vim",0.42760884095143,-0.651056414732658,0.268,0.434,1
"5430416N02Rik",0.427701391939503,2.50685698715687,0.085,0.038,1
"Ammecr1l",0.427897422409509,-2.27655769105776,0.028,0.094,1
"Rngtt",0.427937989448526,0.614389884617445,0.563,0.509,1
"Mdn1",0.428086062942212,-0.165549119621491,0.239,0.396,1
"2810454H06Rik",0.428176172410444,2.17462087811493,0.014,0,1
"Amacr",0.428176172410444,2.17462087811493,0.014,0,1
"E130114P18Rik",0.428176172410444,2.17462087811493,0.014,0,1
"Gm15999",0.428176172410444,2.17462087811493,0.014,0,1
"Gm20632",0.428176172410444,2.17462087811493,0.014,0,1
"Gm28731",0.428176172410444,2.17462087811493,0.014,0,1
"Gm43566",0.428176172410444,2.17462087811493,0.014,0,1
"H2ac23",0.428176172410444,2.17462087811493,0.014,0,1
"H3c15",0.428176172410444,2.17462087811493,0.014,0,1
"Lrrn3",0.428176172410444,2.17462087811493,0.014,0,1
"Snhg10",0.428176172410444,2.17462087811493,0.014,0,1
"Bnip2",0.428216128190309,-0.194141588503182,0.056,0.132,1
"Cxcr3",0.428382406317805,-0.57532635255394,0.014,0.038,1
"Gpbp1",0.428393148853341,-0.609748596719576,0.352,0.566,1
"Mgrn1",0.428575765926017,-2.94022152354597,0.014,0.075,1
"Rab5if",0.428587235884366,-0.773353170874262,0.042,0.132,1
"Relb",0.428890151792193,0.772643772990366,0.07,0.094,1
"Coil",0.428994824073912,-1.07579683578736,0.07,0.189,1
"Psmb9",0.429001952124951,-1.60823004494928,0.099,0.283,1
"Rictor",0.429251775162799,0.726371450617355,0.338,0.377,1
"Gm56728",0.429330845425806,1.54080704339611,0.042,0.019,1
"Zfp944",0.429409380908782,-0.715353208186837,0.014,0.113,1
"Clcn6",0.429555453902782,1.18783383200525,0.07,0.038,1
"Coro1c",0.429750555061086,0.972216575919397,0.225,0.208,1
"2810449D17Rik",0.430062579534275,2.19860270301522,0.014,0,1
"4930431P03Rik",0.430062579534275,2.19860270301522,0.014,0,1
"BC049715",0.430062579534275,2.19860270301522,0.014,0,1
"Gm14634",0.430062579534275,2.19860270301522,0.014,0,1
"Gm17322",0.430062579534275,2.19860270301522,0.014,0,1
"Gm26512",0.430062579534275,2.19860270301522,0.014,0,1
"Gm3235",0.430062579534275,2.19860270301522,0.014,0,1
"Gm43514",0.430062579534275,2.19860270301522,0.014,0,1
"Gm47405",0.430062579534275,2.19860270301522,0.014,0,1
"Gm50368",0.430062579534275,2.19860270301522,0.014,0,1
"Intu",0.430062579534275,3.07625326170185,0.014,0,1
"Jdp2",0.430062579534275,2.19860270301522,0.014,0,1
"Lig4",0.430062579534275,2.19860270301522,0.014,0,1
"Morn2",0.430062579534275,3.07625326170185,0.014,0,1
"Nap1l5",0.430062579534275,2.19860270301522,0.014,0,1
"Spo11",0.430062579534275,2.19860270301522,0.014,0,1
"Tg",0.430062579534275,2.19860270301522,0.014,0,1
"Trpt1",0.430062579534275,2.19860270301522,0.014,0,1
"Vmn2r4",0.430062579534275,2.19860270301522,0.014,0,1
"Zfp87",0.430062579534275,2.19860270301522,0.014,0,1
"5430431A17Rik",0.430385781949893,-1.0387576794421,0.014,0.057,1
"Tut1",0.430655190353509,-1.12085994011792,0.028,0.094,1
"Scarb1",0.430690426768811,0.733875552581141,0.127,0.094,1
"Eif3k",0.430733328589393,-1.06348424602966,0.113,0.264,1
"Klhdc2",0.4311242902806,0.610551086995719,0.085,0.057,1
"Rab12",0.431246701883038,1.15817375448147,0.127,0.094,1
"Siae",0.431546606500569,-2.57018448072482,0.014,0.057,1
"Atp8b4",0.43172919237248,1.38317490792958,0.296,0.283,1
"Slc14a1",0.431978767297117,1.52498694961634,0.099,0.057,1
"Ino80",0.4320151894273,0.769048681288914,0.38,0.396,1
"Fam53a",0.432033264550163,-1.69069454856391,0.056,0.151,1
"6530402F18Rik",0.432099093217655,-0.719572084922649,0.028,0.094,1
"Tmem71",0.432332947853108,-0.2159248537901,0.042,0.151,1
"Ppp1r15a",0.432686308559827,0.928172428149605,0.099,0.057,1
"1110019D14Rik",0.432762697697283,-2.25251639805355,0,0.038,1
"Cacna2d4",0.432762697697283,-2.25251639805355,0,0.038,1
"Ngrn",0.432762697697283,-2.25251639805355,0,0.038,1
"Pank3",0.432996134559305,-1.27742565580787,0.099,0.264,1
"Mrps6",0.433248908924999,1.56901616969614,0.07,0.038,1
"1700026D11Rik",0.433539726019527,-1.72089953869648,0,0.019,1
"1700027I24Rik",0.433539726019527,-1.72089953869648,0,0.019,1
"1810010H24Rik",0.433539726019527,-1.72089953869648,0,0.019,1
"9330198N18Rik",0.433539726019527,-1.72089953869648,0,0.019,1
"A030005L19Rik",0.433539726019527,-1.72089953869648,0,0.019,1
"Abhd5",0.433539726019527,-1.72089953869648,0,0.019,1
"Ankrd61",0.433539726019527,-1.72089953869648,0,0.019,1
"Ciart",0.433539726019527,-1.72089953869648,0,0.019,1
"ENSMUSG00000079808",0.433539726019527,-1.72089953869648,0,0.019,1
"Gata5",0.433539726019527,-1.72089953869648,0,0.019,1
"Glyctk",0.433539726019527,-1.72089953869648,0,0.019,1
"Gm11201",0.433539726019527,-1.72089953869648,0,0.019,1
"Gm13483",0.433539726019527,-1.72089953869648,0,0.019,1
"Gm26724",0.433539726019527,-1.72089953869648,0,0.019,1
"Gm29010",0.433539726019527,-1.72089953869648,0,0.019,1
"Gm56488",0.433539726019527,-1.72089953869648,0,0.019,1
"Gm57387",0.433539726019527,-1.72089953869648,0,0.019,1
"Gm57457",0.433539726019527,-1.72089953869648,0,0.019,1
"Gpr62",0.433539726019527,-1.72089953869648,0,0.019,1
"Klhl24",0.433539726019527,-1.72089953869648,0,0.019,1
"Lzts2",0.433539726019527,-1.72089953869648,0,0.019,1
"Npb",0.433539726019527,-1.72089953869648,0,0.019,1
"Npsr1",0.433539726019527,-4.08695286951914,0,0.019,1
"Nr2f6",0.433539726019527,-1.72089953869648,0,0.019,1
"Ppp1r14c",0.433539726019527,-1.72089953869648,0,0.019,1
"Slc2a8",0.433539726019527,-1.72089953869648,0,0.019,1
"Srd5a1",0.433539726019527,-1.72089953869648,0,0.019,1
"Tgm2",0.433539726019527,-1.72089953869648,0,0.019,1
"Tm6sf2",0.433539726019527,-1.72089953869648,0,0.019,1
"Wdr90",0.433539726019527,-1.72089953869648,0,0.019,1
"Zfp629",0.433539726019527,-1.72089953869648,0,0.019,1
"Zpbp2",0.433539726019527,-1.72089953869648,0,0.019,1
"Ramp1",0.433567662386361,1.86918383403333,0.028,0.019,1
"Slco4a1",0.433698292605924,1.89178798100807,0.028,0.019,1
"Mtres1",0.433721298375341,-1.58948671953807,0.028,0.113,1
"Zfp213",0.434220971210739,2.67274110742217,0.028,0.019,1
"Fbxw7",0.434329399922724,-0.223670659333137,0.31,0.509,1
"Gas5",0.434376795792156,-0.116506924350733,0.338,0.509,1
"Rab11fip3",0.434426765852476,1.41011152970539,0.07,0.057,1
"Golm1",0.434505050904226,1.80299451877459,0.07,0.019,1
"Plekha1",0.434549839497863,-1.93662364994817,0.028,0.094,1
"Tmtc4",0.434623242539843,1.49065048620162,0.113,0.075,1
"Ak2",0.434876305835578,0.456787702669649,0.211,0.226,1
"4833447P13Rik",0.434992859658662,2.26738107294992,0.014,0,1
"4930532G15Rik",0.434992859658662,2.26738107294992,0.014,0,1
"B230312C02Rik",0.434992859658662,2.26738107294992,0.014,0,1
"Fam221a",0.434992859658662,2.26738107294992,0.014,0,1
"Gm16122",0.434992859658662,2.26738107294992,0.014,0,1
"Platr1",0.434992859658662,2.26738107294992,0.014,0,1
"Mnat1",0.435298108118665,0.136860440572315,0.254,0.396,1
"Romo1",0.435529254484521,-0.19566185602181,0.113,0.132,1
"Arhgap33",0.435605660504764,1.58833762022043,0.014,0.019,1
"Arf4",0.435637142249198,0.407079162989379,0.282,0.283,1
"Frg1",0.435714459198694,1.62479757245228,0.197,0.132,1
"Bbs4",0.435718842585972,-0.182490801623053,0.014,0.019,1
"Gm37571",0.435718842585972,-0.182490801623053,0.014,0.019,1
"Rgs19",0.435718842585972,-1.18238261166631,0.014,0.019,1
"Rnmt",0.435819239234278,-0.567952232207783,0.028,0.094,1
"Rsrc2",0.43609666076747,0.61802684857789,0.394,0.377,1
"Elmo1",0.436100969670245,0.280510098303719,0.915,0.887,1
"Fasn",0.436233772298744,-0.645756967110079,0.099,0.208,1
"Gm16541",0.436295172375037,3.11898135150722,0.07,0.019,1
"Zfp644",0.436892278061821,0.1432568225661,0.437,0.585,1
"Ube2k",0.436917656256814,0.537381457863829,0.451,0.528,1
"Chmp3",0.437038642915609,-1.68180187106642,0.042,0.17,1
"Afap1",0.437147169052798,2.29975836919687,0.014,0,1
"Arhgap29",0.437147169052798,2.29975836919687,0.014,0,1
"Ehhadh",0.437147169052798,2.29975836919687,0.014,0,1
"Gm13261",0.437147169052798,2.29975836919687,0.014,0,1
"Gm38804",0.437147169052798,2.29975836919687,0.014,0,1
"Tspoap1",0.437147169052798,2.29975836919687,0.014,0,1
"Zfp526",0.437147169052798,2.29975836919687,0.014,0,1
"Slc7a1",0.437160760165981,0.772358037602685,0.352,0.321,1
"Arid4a",0.437163518409057,0.381154709945057,0.366,0.321,1
"Cenpt",0.437277637276978,-1.38718192858888,0.014,0.075,1
"Rassf5",0.437324045126244,0.879106454043738,0.113,0.113,1
"4933421D24Rik",0.43741386852633,2.30387591734445,0.014,0,1
"Awat2",0.43741386852633,2.30387591734445,0.014,0,1
"Csrnp2",0.43741386852633,2.30387591734445,0.014,0,1
"Gm10643",0.43741386852633,2.30387591734445,0.014,0,1
"Gm47242",0.43741386852633,2.30387591734445,0.014,0,1
"Gm49216",0.43741386852633,2.30387591734445,0.014,0,1
"Gm56899",0.43741386852633,2.30387591734445,0.014,0,1
"Lrrc51",0.43741386852633,2.30387591734445,0.014,0,1
"Zfp58",0.43741386852633,2.30387591734445,0.014,0,1
"Nabp2",0.437459477967761,-0.851507597709569,0.056,0.057,1
"Cbwd1",0.437511743666037,1.42657080564928,0.197,0.151,1
"Tapbpl",0.437580821440213,0.662416584370869,0.028,0.019,1
"Rps18-ps6",0.437622682959683,0.896936127214241,0.254,0.245,1
"Lrr1",0.437900065206811,-2.50602390548001,0.014,0.057,1
"Stk35",0.43809557977209,2.40082660205368,0.056,0.019,1
"Ogn",0.438226372243017,-1.206101841,0.014,0.038,1
"Drp2",0.438298648506012,2.31771725388516,0.014,0,1
"Enpp2",0.438298648506012,3.20545137616518,0.014,0,1
"Gm48882",0.438298648506012,2.31771725388516,0.014,0,1
"Nanos3",0.438298648506012,2.31771725388516,0.014,0,1
"Rab26",0.438298648506012,2.31771725388516,0.014,0,1
"Smim5",0.438298648506012,2.31771725388516,0.014,0,1
"Stard5",0.438298648506012,2.31771725388516,0.014,0,1
"Uggt2",0.438298648506012,2.31771725388516,0.014,0,1
"Rps28",0.438562373563707,0.277179690093198,0.352,0.472,1
"Sec63",0.438577008765385,0.445030232362151,0.451,0.415,1
"Aco1",0.439049761677021,1.04568308989335,0.141,0.094,1
"Gm41077",0.439296298700217,3.07735725314371,0.056,0.019,1
"Zfp319",0.439375507197258,-0.222510691228985,0.014,0.038,1
"Thoc2l",0.439415394791035,0.729244040280602,0.155,0.132,1
"Shoc2",0.439522533172989,0.60001368288558,0.31,0.302,1
"Ttc27",0.439595315510485,0.631700810831828,0.183,0.132,1
"2310057M21Rik",0.439874701407775,2.34309299079572,0.014,0,1
"4930486L24Rik",0.439874701407775,2.34309299079572,0.014,0,1
"Col20a1",0.439874701407775,2.34309299079572,0.014,0,1
"Fhl3",0.439874701407775,2.34309299079572,0.014,0,1
"Gm12762",0.439874701407775,2.34309299079572,0.014,0,1
"Gm30411",0.439874701407775,2.34309299079572,0.014,0,1
"Gm42917",0.439874701407775,2.34309299079572,0.014,0,1
"Gm49602",0.439874701407775,2.34309299079572,0.014,0,1
"Llgl2",0.439874701407775,2.34309299079572,0.014,0,1
"Plch1",0.439874701407775,2.34309299079572,0.014,0,1
"Cbx7",0.440069232795443,-2.60267605204197,0,0.057,1
"Urb2",0.440213484291579,1.1136027905373,0.07,0.038,1
"Eml3",0.440325924985162,1.95665956822051,0.042,0.038,1
"Cct4",0.44045559370404,0.853577274208872,0.197,0.208,1
"Synj2bp",0.440661408616957,-0.374965293707212,0.141,0.283,1
"Bach1",0.440907183425181,1.41951587220328,0.028,0.019,1
"Fbxo33",0.441166900315092,0.428819063899977,0.141,0.113,1
"Ipcef1",0.44132669972574,0.666250279744917,0.197,0.151,1
"Tbl1xr1",0.441580854893686,0.697853007661292,0.408,0.358,1
"Ebpl",0.441587118787327,-2.7089097063652,0.014,0.075,1
"Hemgn",0.441850562343783,0.825995517889502,0.042,0.019,1
"Dennd1a",0.441879303749582,0.434324901854071,0.634,0.642,1
"Med28",0.441943942518286,1.88781821328676,0.07,0.075,1
"Dtl",0.442782098384793,-0.424088632384736,0.225,0.358,1
"Cep128",0.442988613739627,-0.132725344655539,0.366,0.566,1
"Anp32b",0.44301614346767,0.132865172098741,0.563,0.566,1
"Larp4b",0.443098197856995,0.314995295678664,0.479,0.491,1
"Ccnh",0.443416173608509,0.456794278201047,0.225,0.245,1
"Rbm26",0.443435069512669,0.665395679166402,0.479,0.434,1
"Pccb",0.443451477992014,-0.889704237210359,0.028,0.075,1
"Myb",0.444015887929444,-2.45120042603107,0.014,0.038,1
"Ints14",0.44410350860569,1.25407522872895,0.127,0.094,1
"Usp36",0.444206916031525,1.81960110282435,0.141,0.094,1
"1700124L16Rik",0.444221304432804,2.41842091932876,0.014,0,1
"2310026I22Rik",0.444221304432804,2.41842091932876,0.014,0,1
"2510046G10Rik",0.444221304432804,2.41842091932876,0.014,0,1
"Ccdc39",0.444221304432804,2.41842091932876,0.014,0,1
"Cdh11",0.444221304432804,2.41842091932876,0.014,0,1
"Cdo1",0.444221304432804,2.41842091932876,0.014,0,1
"Gm16853",0.444221304432804,2.41842091932876,0.014,0,1
"Gm26594",0.444221304432804,2.41842091932876,0.014,0,1
"Gm33460",0.444221304432804,2.41842091932876,0.014,0,1
"Gm56697",0.444221304432804,2.41842091932876,0.014,0,1
"Gm56952",0.444221304432804,2.41842091932876,0.014,0,1
"Mir133a-1hg",0.444221304432804,2.41842091932876,0.014,0,1
"Nckap5los",0.444221304432804,2.41842091932876,0.014,0,1
"Oplah",0.444221304432804,2.41842091932876,0.014,0,1
"Rab32",0.444221304432804,2.41842091932876,0.014,0,1
"Trim47",0.444221304432804,2.41842091932876,0.014,0,1
"5730522E02Rik",0.44438809402427,2.42148435150545,0.014,0,1
"9530082P21Rik",0.44438809402427,2.42148435150545,0.014,0,1
"Ahr",0.44438809402427,2.42148435150545,0.014,0,1
"BB557941",0.44438809402427,2.42148435150545,0.014,0,1
"Bag2",0.44438809402427,2.42148435150545,0.014,0,1
"Fosb",0.44438809402427,2.42148435150545,0.014,0,1
"Gm17135",0.44438809402427,2.42148435150545,0.014,0,1
"Gm22146",0.44438809402427,2.42148435150545,0.014,0,1
"Gm47827",0.44438809402427,2.42148435150545,0.014,0,1
"Gm48127",0.44438809402427,2.42148435150545,0.014,0,1
"Lurap1",0.44438809402427,2.42148435150545,0.014,0,1
"Prr5",0.44438809402427,2.42148435150545,0.014,0,1
"Stk32c",0.44438809402427,2.42148435150545,0.014,0,1
"Rai14",0.444411682752383,-1.47101236728402,0.028,0.075,1
"AA986860",0.444429747490623,2.42225155714912,0.014,0,1
"Ctns",0.444429747490623,2.42225155714912,0.014,0,1
"Fam184b",0.444429747490623,2.42225155714912,0.014,0,1
"Gm12905",0.444429747490623,2.42225155714912,0.014,0,1
"Gm26583",0.444429747490623,2.42225155714912,0.014,0,1
"Gm56813",0.444429747490623,2.42225155714912,0.014,0,1
"Gm57201",0.444429747490623,2.42225155714912,0.014,0,1
"Mllt6",0.444516835409392,0.594207314701542,0.183,0.151,1
"Zfp983",0.444580715862843,2.28046573835309,0.113,0.075,1
"Mideas",0.444638670067823,1.08907396512682,0.169,0.132,1
"Timm21",0.444725537665427,2.24263177789413,0.056,0.019,1
"Fbxl3",0.444777424713506,0.691629303124623,0.211,0.189,1
"Gm28529",0.444844593456022,-1.35372615345505,0.014,0.038,1
"Selenof",0.445140089905447,0.864450431694795,0.197,0.17,1
"Tspan14",0.445247975818566,0.975118910360172,0.254,0.226,1
"Miip",0.445287372459512,1.649850043587,0.099,0.057,1
"Slc35e2",0.445314037124481,-1.6745068514624,0.028,0.075,1
"Eif3d",0.445350861943274,-1.01890379683754,0.099,0.208,1
"Amigo2",0.445424137259328,2.44082819134256,0.014,0,1
"Gm17552",0.445424137259328,2.44082819134256,0.014,0,1
"Gm57404",0.445424137259328,2.44082819134256,0.014,0,1
"Dnaaf9",0.445539891830104,-0.364938929520823,0.056,0.151,1
"Plekhb2",0.445584566698245,-1.62313096349138,0.014,0.094,1
"Hint1",0.445751346527268,-0.613746526529313,0.225,0.377,1
"Gm28424",0.445876485724373,2.44944913458435,0.014,0,1
"Gm42529",0.445876485724373,2.44944913458435,0.014,0,1
"Gm56689",0.445876485724373,2.44944913458435,0.014,0,1
"Il17c",0.445876485724373,2.44944913458435,0.014,0,1
"Nthl1",0.445876485724373,2.44944913458435,0.014,0,1
"Tmcc3",0.445876485724373,2.44944913458435,0.014,0,1
"Ppp5c",0.445902127823783,-0.955199260663135,0.127,0.226,1
"Gm57295",0.445926135495475,-0.335104515054979,0.014,0.038,1
"Dlk1",0.446040441304273,2.45260092163127,0.014,0,1
"Fgd2",0.446040441304273,2.45260092163127,0.014,0,1
"Gm43445",0.446040441304273,2.45260092163127,0.014,0,1
"Gm49595",0.446040441304273,2.45260092163127,0.014,0,1
"Gm56855",0.446040441304273,2.45260092163127,0.014,0,1
"Gpr153",0.446040441304273,2.45260092163127,0.014,0,1
"Iah1",0.446040441304273,2.45260092163127,0.014,0,1
"Mthfd2l",0.446040441304273,2.45260092163127,0.014,0,1
"Rpp40",0.446040441304273,2.45260092163127,0.014,0,1
"Gm29170",0.446093963234108,0.182994951799408,0.028,0.038,1
"Rbm4",0.446343459434321,1.73010768913747,0.099,0.075,1
"Asns",0.446496671415965,-1.77545977875706,0.014,0.057,1
"Bcas3",0.446504238865507,-0.326431604679537,0.169,0.302,1
"Sap30l",0.446550864174451,0.396296179862686,0.085,0.038,1
"Snrpg",0.446558299267768,-0.719977062942412,0.254,0.302,1
"Wdr7",0.446926080769152,-0.255519716314755,0.155,0.283,1
"Ahcyl2",0.446988737674509,-0.558774573416825,0.38,0.491,1
"Dele1",0.447064450905555,1.56306063204951,0.07,0.057,1
"Hhat",0.447224183973016,0.784109885529377,0.056,0.019,1
"Smyd4",0.44729220181376,0.917474539072855,0.155,0.151,1
"Rpl26",0.447292529810146,0.256291421324174,0.338,0.453,1
"Pear1",0.447368334016057,0.140478234756425,0.042,0.019,1
"Tesc",0.447385125401921,0.192999541072294,0.014,0.057,1
"Sumo2",0.447496295420077,-0.323273850580895,0.254,0.415,1
"Cysltr2",0.447824986408967,2.48788077837132,0.014,0,1
"Gm11630",0.447824986408967,2.48788077837132,0.014,0,1
"Gm3055",0.447824986408967,2.48788077837132,0.014,0,1
"Gm43915",0.447824986408967,2.48788077837132,0.014,0,1
"Gm46367",0.447824986408967,2.48788077837132,0.014,0,1
"Hectd2os",0.447824986408967,2.48788077837132,0.014,0,1
"Morn3",0.447824986408967,2.48788077837132,0.014,0,1
"Phldb2",0.447824986408967,2.48788077837132,0.014,0,1
"Uckl1",0.447824986408967,2.48788077837132,0.014,0,1
"Cep41",0.44783749947187,0.360109975396455,0.028,0.038,1
"Amz2",0.448178881865337,0.408233303595463,0.085,0.075,1
"Per2",0.448271910798028,-0.505024880756525,0.014,0.038,1
"Rpl28",0.448302664323538,0.265851562592716,0.423,0.585,1
"Rpl39",0.448421056849286,-0.150926980220506,0.324,0.528,1
"Ak4",0.448475999177566,-1.38510755542163,0.014,0.075,1
"Ganc",0.448697250462539,2.73391150281536,0.042,0.038,1
"1700022N22Rik",0.448704108828777,2.50595325511231,0.014,0,1
"Acsf2",0.448704108828777,2.50595325511231,0.014,0,1
"Btbd6",0.448704108828777,2.50595325511231,0.014,0,1
"Ccdc157",0.448704108828777,2.50595325511231,0.014,0,1
"Crtam",0.448704108828777,2.50595325511231,0.014,0,1
"Derl3",0.448704108828777,2.50595325511231,0.014,0,1
"Dusp19",0.448704108828777,2.50595325511231,0.014,0,1
"Foxo4",0.448704108828777,2.50595325511231,0.014,0,1
"Gm48362",0.448704108828777,2.50595325511231,0.014,0,1
"Gsn",0.448704108828777,2.50595325511231,0.014,0,1
"H2bc3",0.448704108828777,2.50595325511231,0.014,0,1
"Ninj1",0.448704108828777,2.50595325511231,0.014,0,1
"Pik3r2",0.448704108828777,2.50595325511231,0.014,0,1
"Trip10",0.448704108828777,2.50595325511231,0.014,0,1
"Cln8",0.448783590927713,2.50761094021764,0.014,0,1
"D430020J02Rik",0.448783590927713,2.50761094021764,0.014,0,1
"Gm57050",0.448783590927713,2.50761094021764,0.014,0,1
"Polr1c",0.448783590927713,2.50761094021764,0.014,0,1
"Septin3",0.448783590927713,2.50761094021764,0.014,0,1
"Slc39a4",0.448783590927713,2.50761094021764,0.014,0,1
"Tamalin",0.448783590927713,2.50761094021764,0.014,0,1
"Tns2",0.448783590927713,2.50761094021764,0.014,0,1
"Emp2",0.448862999799012,2.50927110935717,0.014,0,1
"Fam229b",0.448862999799012,2.50927110935717,0.014,0,1
"Gm15915",0.448862999799012,2.50927110935717,0.014,0,1
"Gm56965",0.448862999799012,2.50927110935717,0.014,0,1
"Gm57092",0.448862999799012,2.50927110935717,0.014,0,1
"Gm57324",0.448862999799012,2.50927110935717,0.014,0,1
"Map3k19",0.448862999799012,2.50927110935717,0.014,0,1
"Pdgfa",0.448862999799012,2.50927110935717,0.014,0,1
"Pdzd2",0.448862999799012,2.50927110935717,0.014,0,1
"Pls3",0.448862999799012,2.50927110935717,0.014,0,1
"Tlcd3b",0.448862999799012,2.50927110935717,0.014,0,1
"Zfand1",0.448862999799012,2.50927110935717,0.014,0,1
"Setbp1",0.448965514294207,0.582224217723136,0.606,0.566,1
"Gm1976",0.449074184706236,-0.816297484094596,0.127,0.283,1
"Fkbp15",0.449221840022749,-0.709825787621021,0.141,0.302,1
"Zbtb6",0.449443154619735,-0.731711831973531,0.014,0.057,1
"Ubl7",0.44968443894481,-1.48450781272221,0.028,0.094,1
"Spcs2",0.449733982831563,-0.711273110899055,0.225,0.415,1
"Mlx",0.449808871973546,-1.65339071646457,0.028,0.094,1
"Eeig1",0.449868150968567,-0.10050918859519,0.423,0.604,1
"Stx4a",0.449909784284377,-1.53574486844535,0.042,0.113,1
"Aldh1l2",0.450158090946065,-0.344851532027808,0.014,0.019,1
"Bnip5",0.450824289711948,2.55160269567238,0.014,0,1
"C030006K11Rik",0.450824289711948,2.55160269567238,0.014,0,1
"Mcoln1",0.450824289711948,2.55160269567238,0.014,0,1
"Sap18",0.450838574580577,1.02169196523927,0.113,0.094,1
"Dnajb5",0.450843382465725,1.79041495798828,0.014,0.019,1
"Far1",0.450941401699007,-0.474741968050462,0.31,0.491,1
"Sphk2",0.450957624455961,1.31592726903656,0.014,0.019,1
"Nckap1",0.451282789298817,0.483230680514588,0.155,0.132,1
"Ss18l2",0.451438983543893,0.324122141719972,0.042,0.038,1
"Gm57218",0.451595828940713,2.56899577476549,0.014,0,1
"Gm57302",0.451595828940713,2.56899577476549,0.014,0,1
"Cfdp1",0.451777127331576,-0.413658906309148,0.211,0.358,1
"1700087M22Rik",0.451864103555788,2.57514775889008,0.014,0,1
"Dbn1",0.451864103555788,2.57514775889008,0.014,0,1
"Dram1",0.451864103555788,2.57514775889008,0.014,0,1
"Enthd1",0.451864103555788,2.57514775889008,0.014,0,1
"Gm14009",0.451864103555788,2.57514775889008,0.014,0,1
"Gm15713",0.451864103555788,2.57514775889008,0.014,0,1
"Gm19667",0.451864103555788,2.57514775889008,0.014,0,1
"Gm31323",0.451864103555788,2.57514775889008,0.014,0,1
"Gm43403",0.451864103555788,2.57514775889008,0.014,0,1
"Gm45359",0.451864103555788,2.57514775889008,0.014,0,1
"Gm4827",0.451864103555788,2.57514775889008,0.014,0,1
"Gm5577",0.451864103555788,2.57514775889008,0.014,0,1
"Pcyox1",0.451864103555788,2.57514775889008,0.014,0,1
"Soga1",0.451864103555788,2.57514775889008,0.014,0,1
"Zc2hc1a",0.451864103555788,2.57514775889008,0.014,0,1
"Zfp931",0.451864103555788,2.57514775889008,0.014,0,1
"Mgat5",0.451929501508291,0.914644379351685,0.338,0.321,1
"4930432B10Rik",0.452093323158608,2.58044788319858,0.014,0,1
"4933424G06Rik",0.452093323158608,2.58044788319858,0.014,0,1
"Arhgap27os2",0.452093323158608,2.58044788319858,0.014,0,1
"Cacna1b",0.452093323158608,2.58044788319858,0.014,0,1
"Cort",0.452093323158608,2.58044788319858,0.014,0,1
"Gm47375",0.452093323158608,2.58044788319858,0.014,0,1
"Gm56980",0.452093323158608,2.58044788319858,0.014,0,1
"Gsdmcl-ps",0.452093323158608,2.58044788319858,0.014,0,1
"Phf13",0.452093323158608,2.58044788319858,0.014,0,1
"Plcd3",0.452093323158608,2.58044788319858,0.014,0,1
"Plcg2",0.452093323158608,2.58044788319858,0.014,0,1
"A130010J15Rik",0.452283823952731,2.58488385109916,0.014,0,1
"Aph1b",0.452283823952731,2.58488385109916,0.014,0,1
"Fam169a",0.452283823952731,2.58488385109916,0.014,0,1
"Gm42893",0.452283823952731,2.58488385109916,0.014,0,1
"Greb1l",0.452283823952731,2.58488385109916,0.014,0,1
"Rpusd2",0.452283823952731,2.58488385109916,0.014,0,1
"Snx24",0.452283823952731,2.58488385109916,0.014,0,1
"Tlcd4",0.452283823952731,2.58488385109916,0.014,0,1
"Unc50",0.452297664073593,2.33863237684274,0.07,0.057,1
"Fam168a",0.452377633828731,0.152648630855484,0.296,0.302,1
"Prdx4",0.452448012631369,-1.92592697416873,0.028,0.113,1
"Dtnbos",0.452511805424058,2.59023023645134,0.014,0,1
"Elmod3",0.452511805424058,2.59023023645134,0.014,0,1
"Trav6-7-dv9",0.452511805424058,2.59023023645134,0.014,0,1
"Afmid",0.452645442762285,0.90495243345027,0.07,0.075,1
"Pcyt1a",0.452901999877433,1.54201661653143,0.113,0.094,1
"1700086O06Rik",0.452996769315814,-2.93981108689411,0.014,0.075,1
"Irak4",0.45330331501431,-0.459802892208451,0.056,0.132,1
"Med24",0.453480740028881,-2.47620388426498,0.014,0.075,1
"1700105P06Rik",0.453604160212246,2.61643517731245,0.014,0,1
"Accs",0.453604160212246,2.61643517731245,0.014,0,1
"BC048559",0.453604160212246,2.61643517731245,0.014,0,1
"Fam222a",0.453604160212246,2.61643517731245,0.014,0,1
"Gm11769",0.453604160212246,2.61643517731245,0.014,0,1
"Gm12802",0.453604160212246,2.61643517731245,0.014,0,1
"Gm13562",0.453604160212246,2.61643517731245,0.014,0,1
"Gm27188",0.453604160212246,2.61643517731245,0.014,0,1
"Gm28892",0.453604160212246,2.61643517731245,0.014,0,1
"Gm3830",0.453604160212246,2.61643517731245,0.014,0,1
"Gm56990",0.453604160212246,2.61643517731245,0.014,0,1
"Gmppb",0.453604160212246,2.61643517731245,0.014,0,1
"Serpina3i",0.453604160212246,2.61643517731245,0.014,0,1
"Tmem185a",0.453604160212246,2.61643517731245,0.014,0,1
"Zbtb4",0.453604160212246,2.61643517731245,0.014,0,1
"Cdh23",0.453682419130003,1.71391020738917,0.056,0.038,1
"Tmem87a",0.453784055954034,0.584746514239487,0.225,0.189,1
"Acot13",0.453930581526017,1.83606439854836,0.014,0.019,1
"G3bp1",0.453948599098385,0.374776964586556,0.38,0.358,1
"Srgap3",0.454411660570439,1.03944370187051,0.099,0.038,1
"Arg2",0.454496153006839,2.63859153468814,0.014,0,1
"Gm34917",0.454496153006839,2.63859153468814,0.014,0,1
"Gm56907",0.454496153006839,2.63859153468814,0.014,0,1
"Proser3",0.454496153006839,2.63859153468814,0.014,0,1
"Smad5",0.454496153006839,2.63859153468814,0.014,0,1
"Il12rb2",0.45463928908046,-0.360071331112237,0.394,0.472,1
"Hbp1",0.454826346575139,0.466101691675739,0.07,0.038,1
"Slc39a8",0.45488327174222,-0.627696631125132,0.042,0.132,1
"Ncald",0.454992896426752,-0.679015129725969,0.042,0.151,1
"Mthfr",0.455079399605154,0.621921273633899,0.085,0.075,1
"Tchp",0.455175868585446,0.562760721130687,0.042,0.019,1
"1700028K03Rik",0.455262842719096,-1.66105931622855,0,0.019,1
"1810006J02Rik",0.455262842719096,-1.66105931622855,0,0.019,1
"AI429214",0.455262842719096,-1.66105931622855,0,0.019,1
"Aldh2",0.455262842719096,-1.66105931622855,0,0.019,1
"Anxa11os",0.455262842719096,-1.66105931622855,0,0.019,1
"Apln",0.455262842719096,-1.66105931622855,0,0.019,1
"Ccdc136",0.455262842719096,-1.66105931622855,0,0.019,1
"Cd244a",0.455262842719096,-1.66105931622855,0,0.019,1
"Chrnb1",0.455262842719096,-1.66105931622855,0,0.019,1
"Cnga1",0.455262842719096,-1.66105931622855,0,0.019,1
"Emid1",0.455262842719096,-1.66105931622855,0,0.019,1
"Eng",0.455262842719096,-1.66105931622855,0,0.019,1
"Epn2",0.455262842719096,-1.66105931622855,0,0.019,1
"Gm10389",0.455262842719096,-1.66105931622855,0,0.019,1
"Gm10684",0.455262842719096,-1.66105931622855,0,0.019,1
"Gm10827",0.455262842719096,-1.66105931622855,0,0.019,1
"Gm14295",0.455262842719096,-1.66105931622855,0,0.019,1
"Gm32633",0.455262842719096,-1.66105931622855,0,0.019,1
"Gm43768",0.455262842719096,-1.66105931622855,0,0.019,1
"Gm4566",0.455262842719096,-1.66105931622855,0,0.019,1
"Gm49085",0.455262842719096,-1.66105931622855,0,0.019,1
"Gm49179",0.455262842719096,-1.66105931622855,0,0.019,1
"Gm5113",0.455262842719096,-1.66105931622855,0,0.019,1
"Gzmd",0.455262842719096,-1.66105931622855,0,0.019,1
"Hic1",0.455262842719096,-1.66105931622855,0,0.019,1
"Hid1",0.455262842719096,-1.66105931622855,0,0.019,1
"Hopx",0.455262842719096,-1.66105931622855,0,0.019,1
"Hsd3b7",0.455262842719096,-1.66105931622855,0,0.019,1
"Kctd11",0.455262842719096,-1.66105931622855,0,0.019,1
"Kdelr3",0.455262842719096,-1.66105931622855,0,0.019,1
"Lag3",0.455262842719096,-1.66105931622855,0,0.019,1
"Mfsd2b",0.455262842719096,-1.66105931622855,0,0.019,1
"Mmp24",0.455262842719096,-1.66105931622855,0,0.019,1
"Muc13",0.455262842719096,-1.66105931622855,0,0.019,1
"Ndufaf3",0.455262842719096,-1.66105931622855,0,0.019,1
"Pofut2",0.455262842719096,-1.66105931622855,0,0.019,1
"Pold4",0.455262842719096,-1.66105931622855,0,0.019,1
"Rpl39l",0.455262842719096,-1.66105931622855,0,0.019,1
"Rps18-ps4",0.455262842719096,-1.66105931622855,0,0.019,1
"Thsd1",0.455262842719096,-1.66105931622855,0,0.019,1
"Tirap",0.455262842719096,-1.66105931622855,0,0.019,1
"Tmem216",0.455262842719096,-1.66105931622855,0,0.019,1
"Tspan17",0.455262842719096,-1.66105931622855,0,0.019,1
"Zcchc18",0.455262842719096,-1.66105931622855,0,0.019,1
"Zfp566",0.455262842719096,-1.66105931622855,0,0.019,1
"Zfpl1",0.455262842719096,-1.66105931622855,0,0.019,1
"Ubtd2",0.45542767383301,-0.37635216091862,0.028,0.038,1
"Prmt6",0.455474730316108,-0.349880389202045,0.014,0.038,1
"Gin1",0.455569359916355,-0.424847865443978,0.014,0.057,1
"Cds2",0.455599797911854,-0.475761317686747,0.113,0.264,1
"Rmi2",0.455606062641996,0.517265627393974,0.183,0.189,1
"Pum1",0.455633439248412,0.595940818224267,0.535,0.604,1
"Il4ra",0.455764913579597,-0.184932709167955,0.366,0.396,1
"Cyp4f13",0.455818281509121,-2.3759857561238,0.014,0.057,1
"Ercc8",0.456059668547955,1.45041025693549,0.099,0.057,1
"Atxn7l1os2",0.456463055687499,2.69008267739161,0.014,0,1
"Gm29123",0.456463055687499,2.69008267739161,0.014,0,1
"Gm48914",0.456463055687499,2.69008267739161,0.014,0,1
"Gm56512",0.456463055687499,2.69008267739161,0.014,0,1
"Gm56968",0.456463055687499,2.69008267739161,0.014,0,1
"Fzd3",0.456534833633014,2.6920351351675,0.014,0,1
"Gm36198",0.456534833633014,2.6920351351675,0.014,0,1
"Hif3a",0.456534833633014,2.6920351351675,0.014,0,1
"Kifc3",0.456534833633014,2.6920351351675,0.014,0,1
"Myg1",0.456534833633014,2.6920351351675,0.014,0,1
"Stard9",0.456534833633014,3.60620629925421,0.014,0,1
"Ap4b1",0.456608517566156,1.11831352156786,0.042,0.019,1
"Triap1",0.456730690883944,1.55225147836586,0.07,0.038,1
"Lta4h",0.456930397490816,-0.337952036692259,0.141,0.264,1
"Hnrnpab",0.45693471702842,-0.382365273073028,0.437,0.604,1
"Mtss1",0.457132174923389,2.30034960921306,0.113,0.038,1
"Mrps18a",0.457173338994105,2.27074521656493,0.085,0.075,1
"Kif2c",0.457550959574406,0.714502094933771,0.169,0.17,1
"Gm26740",0.457615484817834,0.818071393625881,0.141,0.113,1
"Qdpr",0.457763348348285,-3.29176704782052,0.014,0.094,1
"Sh3rf1",0.457769187401199,-1.58656385124007,0.085,0.208,1
"Adgrd1",0.457848879654572,2.728768858615,0.014,0,1
"Chd5",0.457848879654572,2.728768858615,0.014,0,1
"Cxcl10",0.457848879654572,2.728768858615,0.014,0,1
"Gm36459",0.457848879654572,2.728768858615,0.014,0,1
"Gm38882",0.457848879654572,2.728768858615,0.014,0,1
"Gm57307",0.457848879654572,2.728768858615,0.014,0,1
"Hpse",0.457848879654572,2.728768858615,0.014,0,1
"Hyal1",0.457848879654572,2.728768858615,0.014,0,1
"P3h1",0.457848879654572,2.728768858615,0.014,0,1
"Pkhd1l1",0.457848879654572,2.728768858615,0.014,0,1
"Slc16a13",0.457848879654572,2.728768858615,0.014,0,1
"Slc6a9",0.457848879654572,2.728768858615,0.014,0,1
"Svopl",0.457848879654572,2.728768858615,0.014,0,1
"Wnt10b",0.457848879654572,3.64516156477744,0.014,0,1
"Zfp707",0.457848879654572,2.728768858615,0.014,0,1
"Anks1b",0.458129537565647,2.73686810167852,0.014,0,1
"Cables1",0.458129537565647,2.73686810167852,0.014,0,1
"Cdkn2b",0.458129537565647,2.73686810167852,0.014,0,1
"Gm10974",0.458129537565647,2.73686810167852,0.014,0,1
"Gm13833",0.458129537565647,2.73686810167852,0.014,0,1
"Klhl23",0.458129537565647,2.73686810167852,0.014,0,1
"Ntn1",0.458129537565647,2.73686810167852,0.014,0,1
"Pik3r6",0.458129537565647,2.73686810167852,0.014,0,1
"Ptprn",0.458129537565647,2.73686810167852,0.014,0,1
"Slc9a7",0.458129537565647,2.73686810167852,0.014,0,1
"Slc9b1",0.458129537565647,2.73686810167852,0.014,0,1
"Syngap1",0.458129537565647,2.73686810167852,0.014,0,1
"Fis1",0.458173775176458,0.145019313411991,0.056,0.075,1
"Arl14ep",0.458250991030536,-0.791042730332007,0.014,0.057,1
"Pds5b",0.458317007679901,0.150897817045713,0.324,0.491,1
"Mybbp1a",0.458429862381161,-0.952173782021298,0.183,0.321,1
"6820445E23Rik",0.458443804633144,2.7460483254406,0.014,0,1
"A330069E16Rik",0.458443804633144,2.7460483254406,0.014,0,1
"Aldh5a1",0.458443804633144,2.7460483254406,0.014,0,1
"Bmyc",0.458443804633144,2.7460483254406,0.014,0,1
"Elmo3",0.458443804633144,2.7460483254406,0.014,0,1
"F630040K05Rik",0.458443804633144,2.7460483254406,0.014,0,1
"Fam228b",0.458443804633144,2.7460483254406,0.014,0,1
"Gm11464",0.458443804633144,2.7460483254406,0.014,0,1
"Gm26698",0.458443804633144,2.7460483254406,0.014,0,1
"Gm43701",0.458443804633144,2.7460483254406,0.014,0,1
"Gm47271",0.458443804633144,2.7460483254406,0.014,0,1
"Gm48449",0.458443804633144,2.7460483254406,0.014,0,1
"Gm50340",0.458443804633144,2.7460483254406,0.014,0,1
"Gsg1l2",0.458443804633144,2.7460483254406,0.014,0,1
"Kif28",0.458443804633144,2.7460483254406,0.014,0,1
"Mapk10",0.458443804633144,2.7460483254406,0.014,0,1
"Metrnl",0.458443804633144,2.7460483254406,0.014,0,1
"Rasd1",0.458443804633144,2.7460483254406,0.014,0,1
"Selp",0.458443804633144,2.7460483254406,0.014,0,1
"Syngr3",0.458443804633144,2.7460483254406,0.014,0,1
"Syngr4",0.458443804633144,2.7460483254406,0.014,0,1
"Tsc22d3",0.458443804633144,2.7460483254406,0.014,0,1
"Zfp804a",0.458443804633144,2.7460483254406,0.014,0,1
"Usf2",0.458596228175639,1.06437795063169,0.07,0.038,1
"Prcp",0.458721306322124,0.221559290936942,0.028,0.038,1
"Gm13427",0.458721842847909,2.75427030330826,0.014,0,1
"Gm15478",0.458721842847909,2.75427030330826,0.014,0,1
"Gm27206",0.458721842847909,2.75427030330826,0.014,0,1
"Gm56536",0.458721842847909,2.75427030330826,0.014,0,1
"Mrnip",0.458721842847909,2.75427030330826,0.014,0,1
"Nrg1",0.458721842847909,2.75427030330826,0.014,0,1
"Opcml",0.458721842847909,2.75427030330826,0.014,0,1
"Paqr7",0.458721842847909,2.75427030330826,0.014,0,1
"Pskh1",0.458731038816776,1.26141328906838,0.085,0.057,1
"Dbr1",0.459046562624683,0.973823233395509,0.042,0.057,1
"Cdc42",0.459094573594313,-0.345682397991105,0.408,0.604,1
"Ndufb8",0.459137023667187,-1.23193409217007,0.042,0.132,1
"Slc9a9",0.45919972908779,0.459199080378882,0.549,0.566,1
"Helz",0.45922116716604,-0.326981541614681,0.254,0.453,1
"Atp13a1",0.459449899050671,-1.28365872612001,0.085,0.189,1
"Fdft1",0.459559567878289,-1.53396221618892,0.056,0.17,1
"Pitpnm2",0.459697017906782,1.30877195379997,0.211,0.189,1
"Fam117b",0.459719055771115,-0.773984127755995,0.028,0.075,1
"Dexi",0.459847238397227,-2.40239023746661,0.014,0.057,1
"6430710C18Rik",0.459855700322745,2.78881753446609,0.014,0,1
"Dnajc4",0.459855700322745,2.78881753446609,0.014,0,1
"Fbxl22",0.459855700322745,2.78881753446609,0.014,0,1
"Gm17089",0.459855700322745,2.78881753446609,0.014,0,1
"Mest",0.459855700322745,2.78881753446609,0.014,0,1
"Mettl5os",0.459855700322745,2.78881753446609,0.014,0,1
"Cstf3",0.459991539775142,-0.412836429308316,0.338,0.547,1
"Trac",0.460059201843661,0.249863469525927,0.268,0.358,1
"Abhd4",0.460088631612423,-2.32155060869566,0.014,0.038,1
"Lncenc1",0.460296597993141,2.80271460698272,0.014,0,1
"Oosp1",0.460296597993141,2.80271460698272,0.014,0,1
"Saysd1",0.460296597993141,2.80271460698272,0.014,0,1
"Dusp3",0.460330377947604,2.80379052201159,0.014,0,1
"Gm34894",0.460330377947604,2.80379052201159,0.014,0,1
"Gm43807",0.460330377947604,2.80379052201159,0.014,0,1
"Gm46430",0.460330377947604,2.80379052201159,0.014,0,1
"Ripor3",0.460330377947604,2.80379052201159,0.014,0,1
"Vmn1r81",0.460330377947604,2.80379052201159,0.014,0,1
"Sntb2",0.460589449122897,1.06018589611316,0.113,0.094,1
"Cacnb1",0.46080126803445,2.81895861998911,0.014,0,1
"Cfhr1",0.46080126803445,2.81895861998911,0.014,0,1
"Fcrl5",0.46080126803445,2.81895861998911,0.014,0,1
"Krt18",0.46080126803445,2.81895861998911,0.014,0,1
"St8sia2",0.46080126803445,2.81895861998911,0.014,0,1
"1700110K17Rik",0.460921108692301,-1.64675278825133,0,0.019,1
"9030025P20Rik",0.460921108692301,-1.64675278825133,0,0.019,1
"Acad9",0.460921108692301,-1.64675278825133,0,0.019,1
"Adcy5",0.460921108692301,-1.64675278825133,0,0.019,1
"Aipl1",0.460921108692301,-1.64675278825133,0,0.019,1
"Ankzf1",0.460921108692301,-1.64675278825133,0,0.019,1
"Arl11",0.460921108692301,-1.64675278825133,0,0.019,1
"Atg101",0.460921108692301,-1.64675278825133,0,0.019,1
"Atosb",0.460921108692301,-1.64675278825133,0,0.019,1
"Brd8dc",0.460921108692301,-1.64675278825133,0,0.019,1
"Clip3",0.460921108692301,-1.64675278825133,0,0.019,1
"Gatd1",0.460921108692301,-1.64675278825133,0,0.019,1
"Gm10392",0.460921108692301,-1.64675278825133,0,0.019,1
"Gm10640",0.460921108692301,-2.29951972288594,0,0.019,1
"Gm14286",0.460921108692301,-1.64675278825133,0,0.019,1
"Gm20663",0.460921108692301,-1.64675278825133,0,0.019,1
"Gm26708",0.460921108692301,-1.64675278825133,0,0.019,1
"Gm28307",0.460921108692301,-1.64675278825133,0,0.019,1
"Gm31005",0.460921108692301,-1.64675278825133,0,0.019,1
"Gm42699",0.460921108692301,-1.64675278825133,0,0.019,1
"Gm50240",0.460921108692301,-1.64675278825133,0,0.019,1
"Gm50322",0.460921108692301,-1.64675278825133,0,0.019,1
"Gm57069",0.460921108692301,-1.64675278825133,0,0.019,1
"Gm57390",0.460921108692301,-1.64675278825133,0,0.019,1
"Mast1",0.460921108692301,-1.64675278825133,0,0.019,1
"Me3",0.460921108692301,-1.64675278825133,0,0.019,1
"Nek8",0.460921108692301,-1.64675278825133,0,0.019,1
"Nlrx1",0.460921108692301,-1.64675278825133,0,0.019,1
"Pkp3",0.460921108692301,-1.64675278825133,0,0.019,1
"Prkn",0.460921108692301,-1.64675278825133,0,0.019,1
"Rbfox1",0.460921108692301,-1.64675278825133,0,0.019,1
"Shc3",0.460921108692301,-1.64675278825133,0,0.019,1
"Slc66a1",0.460921108692301,-1.64675278825133,0,0.019,1
"Snx21",0.460921108692301,-1.64675278825133,0,0.019,1
"Spx",0.460921108692301,-1.64675278825133,0,0.019,1
"Tex22",0.460921108692301,-1.64675278825133,0,0.019,1
"Tomm6os",0.460921108692301,-1.64675278825133,0,0.019,1
"Traj16",0.460921108692301,-1.64675278825133,0,0.019,1
"Trav5-4",0.460921108692301,-1.64675278825133,0,0.019,1
"Tstd1",0.460921108692301,-1.64675278825133,0,0.019,1
"Zfp300",0.460921108692301,-1.64675278825133,0,0.019,1
"Zfp612",0.460921108692301,-1.64675278825133,0,0.019,1
"Tmem128",0.460990323355771,0.743751199795367,0.099,0.057,1
"2310015A10Rik",0.461401131114042,2.83875472622671,0.014,0,1
"Atg4c",0.461401131114042,2.83875472622671,0.014,0,1
"Gm14010",0.461401131114042,2.83875472622671,0.014,0,1
"Gm16794",0.461401131114042,3.76145196372266,0.014,0,1
"Gm44214",0.461401131114042,2.83875472622671,0.014,0,1
"Gnao1",0.461401131114042,2.83875472622671,0.014,0,1
"Spata13",0.46141648264433,-0.309794040664575,0.197,0.34,1
"0610009E02Rik",0.461500499339139,2.84208691270433,0.014,0,1
"1700016P03Rik",0.461500499339139,2.84208691270433,0.014,0,1
"Dnajb13",0.461500499339139,2.84208691270433,0.014,0,1
"Gm10575",0.461500499339139,2.84208691270433,0.014,0,1
"Gm10851",0.461500499339139,2.84208691270433,0.014,0,1
"Gm43837",0.461500499339139,2.84208691270433,0.014,0,1
"Gm57008",0.461500499339139,2.84208691270433,0.014,0,1
"Gm6634",0.461500499339139,2.84208691270433,0.014,0,1
"Kmo",0.461500499339139,2.84208691270433,0.014,0,1
"Lrp8os2",0.461500499339139,2.84208691270433,0.014,0,1
"Snhg11",0.461500499339139,2.84208691270433,0.014,0,1
"Spata33",0.461500499339139,2.84208691270433,0.014,0,1
"4930487D11Rik",0.46156664816286,2.84431365176013,0.014,0,1
"C030037D09Rik",0.46156664816286,2.84431365176013,0.014,0,1
"Cox19",0.46156664816286,2.84431365176013,0.014,0,1
"Gm11365",0.46156664816286,2.84431365176013,0.014,0,1
"Gm12981",0.46156664816286,2.84431365176013,0.014,0,1
"Myo1e",0.46156664816286,2.84431365176013,0.014,0,1
"Schip1",0.46156664816286,2.84431365176013,0.014,0,1
"Tst",0.46156664816286,2.84431365176013,0.014,0,1
"6330562C20Rik",0.461566648162861,2.84431365176013,0.014,0,1
"Angptl3",0.461566648162861,2.84431365176013,0.014,0,1
"Erbb3",0.461566648162861,2.84431365176013,0.014,0,1
"Gm29994",0.461566648162861,2.84431365176013,0.014,0,1
"Kcnj9",0.461566648162861,2.84431365176013,0.014,0,1
"Plekhh1",0.461566648162861,2.84431365176013,0.014,0,1
"Plpp1",0.461566648162861,2.84431365176013,0.014,0,1
"Slc4a4",0.461566648162861,2.84431365176013,0.014,0,1
"Uchl1os",0.461566648162861,2.84431365176013,0.014,0,1
"Ifi211",0.461655234699809,2.43903262473272,0.028,0.019,1
"Nup43",0.461795857332342,-1.22746231813742,0.028,0.094,1
"3110082I17Rik",0.461850706582787,0.877777204962673,0.211,0.151,1
"Hadha",0.461919019101872,1.02534064292437,0.211,0.245,1
"Usp50",0.462155626408235,-0.94271090742894,0.028,0.094,1
"Inpp4a",0.462305023469389,-1.87519727701598,0.042,0.094,1
"Alkbh8",0.462394401622637,-0.864790316009399,0.085,0.226,1
"Pml",0.462418953150552,-0.341616924607156,0.183,0.358,1
"Rab3gap2",0.462487374966781,1.65780363776971,0.183,0.151,1
"Ndufab1",0.462596859677267,0.356127336256884,0.141,0.113,1
"Lage3",0.462707148499661,1.50035146398642,0.014,0.019,1
"Ppard",0.462766728417398,0.407445831205379,0.056,0.151,1
"Cpne4",0.46280878636196,2.8886016727934,0.014,0,1
"Fbxw9",0.46280878636196,2.8886016727934,0.014,0,1
"Gm11998",0.46280878636196,2.8886016727934,0.014,0,1
"Gm2396",0.46280878636196,2.8886016727934,0.014,0,1
"Gm50228",0.46280878636196,2.8886016727934,0.014,0,1
"Gm56688",0.46280878636196,2.8886016727934,0.014,0,1
"Irak1bp1",0.46280878636196,2.8886016727934,0.014,0,1
"Ldhb",0.46280878636196,2.8886016727934,0.014,0,1
"Polr3e",0.463018228890933,0.759390383608933,0.099,0.057,1
"Raph1",0.463241774392868,0.583947164956392,0.211,0.189,1
"1700017B05Rik",0.463290246855786,-2.1111819243804,0.014,0.075,1
"Dhx37",0.463314341083595,1.18723757281806,0.085,0.038,1
"Trmt61a",0.463366649063155,-1.80445866286586,0.014,0.038,1
"Yipf6",0.463407238746967,1.35046850668902,0.099,0.113,1
"Rnf170",0.463438894778298,-1.67481947485994,0.014,0.075,1
"Snhg8",0.463522339931196,0.853083349928415,0.155,0.17,1
"Cmya5",0.463674408688334,2.91908022765436,0.014,0,1
"D5Ertd615e",0.463674408688334,2.91908022765436,0.014,0,1
"Epha10",0.463674408688334,2.91908022765436,0.014,0,1
"Gm11335",0.463674408688334,2.91908022765436,0.014,0,1
"Gm17276",0.463674408688334,2.91908022765436,0.014,0,1
"Gm27017",0.463674408688334,2.91908022765436,0.014,0,1
"Gm42829",0.463674408688334,2.91908022765436,0.014,0,1
"Gm49521",0.463674408688334,2.91908022765436,0.014,0,1
"Pram1",0.463674408688334,2.91908022765436,0.014,0,1
"Sycp2l",0.463674408688334,2.91908022765436,0.014,0,1
"Mfsd13a",0.463767776976218,-1.77350680294473,0.014,0.038,1
"1700022I11Rik",0.463864858990061,2.92622674580099,0.014,0,1
"2610027K06Rik",0.463864858990061,2.92622674580099,0.014,0,1
"5830405F06Rik",0.463864858990061,2.92622674580099,0.014,0,1
"B130034C11Rik",0.463864858990061,2.92622674580099,0.014,0,1
"Flrt1",0.463864858990061,2.92622674580099,0.014,0,1
"Gm15886",0.463864858990061,2.92622674580099,0.014,0,1
"H2ac22",0.463864858990061,2.92622674580099,0.014,0,1
"Mctp1",0.463864858990061,2.92622674580099,0.014,0,1
"Or1af1",0.463864858990061,2.92622674580099,0.014,0,1
"Pkib",0.463864858990061,2.92622674580099,0.014,0,1
"Tifa",0.463864858990061,2.92622674580099,0.014,0,1
"Trav15-1-dv6-1",0.463864858990061,3.8535881628081,0.014,0,1
"Cyth1",0.463880702140479,0.305172827959503,0.352,0.509,1
"Cd46",0.463978870004265,2.31628182867706,0.028,0.019,1
"Ldlrad4",0.464184492177085,-0.759851919651099,0.028,0.094,1
"R3hdm1",0.464266841603237,0.306864301365819,0.549,0.547,1
"Slc17a9",0.464302748098312,1.0599630968273,0.127,0.113,1
"4930579K19Rik",0.46449468237776,2.95036446836492,0.014,0,1
"Acat3",0.46449468237776,2.95036446836492,0.014,0,1
"Ankrd42",0.46449468237776,2.95036446836492,0.014,0,1
"Azin2",0.46449468237776,2.95036446836492,0.014,0,1
"B230369F24Rik",0.46449468237776,2.95036446836492,0.014,0,1
"Calcoco1",0.46449468237776,2.95036446836492,0.014,0,1
"Cbs",0.46449468237776,2.95036446836492,0.014,0,1
"D130043K22Rik",0.46449468237776,2.95036446836492,0.014,0,1
"Drc3",0.46449468237776,2.95036446836492,0.014,0,1
"E030042O20Rik",0.46449468237776,3.87896141789235,0.014,0,1
"E230032D23Rik",0.46449468237776,2.95036446836492,0.014,0,1
"ENSMUSG00000121397",0.46449468237776,2.95036446836492,0.014,0,1
"Evpl",0.46449468237776,2.95036446836492,0.014,0,1
"Gm12718",0.46449468237776,2.95036446836492,0.014,0,1
"Gm31718",0.46449468237776,2.95036446836492,0.014,0,1
"Gm32934",0.46449468237776,2.95036446836492,0.014,0,1
"Gm45216",0.46449468237776,2.95036446836492,0.014,0,1
"Gm47507",0.46449468237776,2.95036446836492,0.014,0,1
"Gm6225",0.46449468237776,2.95036446836492,0.014,0,1
"Gstk1",0.46449468237776,2.95036446836492,0.014,0,1
"Il34",0.46449468237776,4.43931538390055,0.014,0,1
"Nectin4",0.46449468237776,2.95036446836492,0.014,0,1
"Pabpc1l",0.46449468237776,2.95036446836492,0.014,0,1
"Pls1",0.46449468237776,2.95036446836492,0.014,0,1
"Selenom",0.46449468237776,2.95036446836492,0.014,0,1
"Tgfb2",0.46449468237776,2.95036446836492,0.014,0,1
"Tmem236",0.46449468237776,2.95036446836492,0.014,0,1
"Trim69",0.46449468237776,2.95036446836492,0.014,0,1
"Ttc26",0.46449468237776,2.95036446836492,0.014,0,1
"Xist",0.46449468237776,2.95036446836492,0.014,0,1
"Ypel3",0.46449468237776,2.95036446836492,0.014,0,1
"Ubap2",0.464622240251579,-0.308585072596115,0.38,0.604,1
"Adgre4",0.464899937823976,2.96755745616756,0.014,0,1
"Gm16272",0.464899937823976,2.96755745616756,0.014,0,1
"Scd4",0.464899937823976,2.96755745616756,0.014,0,1
"4930484I04Rik",0.465209461560406,2.97874261088264,0.014,0,1
"4931403E22Rik",0.465209461560406,2.97874261088264,0.014,0,1
"Fgf2",0.465209461560406,2.97874261088264,0.014,0,1
"Gm49893",0.465209461560406,2.97874261088264,0.014,0,1
"Hs1bp3",0.465209461560406,2.97874261088264,0.014,0,1
"Spag17",0.465209461560406,2.97874261088264,0.014,0,1
"Sppl2b",0.465209461560406,2.97874261088264,0.014,0,1
"Surf1",0.465209461560406,2.97874261088264,0.014,0,1
"Sp4",0.465443330350736,0.733668864381798,0.225,0.17,1
"1700003F12Rik",0.465455697582852,2.98877377689233,0.014,0,1
"3200001D21Rik",0.465455697582852,2.98877377689233,0.014,0,1
"Acot6",0.465455697582852,2.98877377689233,0.014,0,1
"Gm17638",0.465455697582852,2.98877377689233,0.014,0,1
"Mybphl",0.465455697582852,2.98877377689233,0.014,0,1
"Ralgps1",0.465455697582852,2.98877377689233,0.014,0,1
"Rapgef3",0.465455697582852,2.98877377689233,0.014,0,1
"Nsmce1",0.465537735044466,0.941671497776071,0.085,0.094,1
"Myo16",0.465921091257101,0.474178584615364,0.014,0.038,1
"Eif4e2",0.465991547269524,0.893356238226854,0.155,0.132,1
"0610009B22Rik",0.46600524003161,3.01165650165818,0.014,0,1
"1700082M22Rik",0.46600524003161,3.01165650165818,0.014,0,1
"Angpt4",0.46600524003161,3.01165650165818,0.014,0,1
"Gm15903",0.46600524003161,3.01165650165818,0.014,0,1
"Smpd3",0.46600524003161,3.01165650165818,0.014,0,1
"Gm20735",0.466187041523078,3.01938229120606,0.014,0,1
"Osbpl5",0.466187041523078,3.01938229120606,0.014,0,1
"Phldb3",0.466187041523078,3.01938229120606,0.014,0,1
"Rps6kl1",0.466187041523078,3.01938229120606,0.014,0,1
"Syce1",0.466187041523078,3.01938229120606,0.014,0,1
"Zfp276",0.466187041523078,3.01938229120606,0.014,0,1
"3110040N11Rik",0.466245349625759,-2.09152829323829,0.014,0.057,1
"Slc37a1",0.466273520860266,1.19399389120799,0.141,0.151,1
"Ttc14",0.466350032513656,0.228908059514541,0.493,0.509,1
"Hrob",0.466372062021171,-1.54493713566301,0.028,0.075,1
"Bcdin3d",0.466552044648417,1.73977846348717,0.042,0.019,1
"Rnf14",0.466771221744404,-0.403773707120022,0.07,0.17,1
"Zfp266",0.466789532079076,-0.622328192977002,0.099,0.208,1
"Med22",0.466964953239875,-0.850445211640964,0.014,0.075,1
"Mtm1",0.467291477138596,0.812865615760837,0.085,0.038,1
"Tnfrsf8",0.467503555581465,2.02498995991691,0.07,0.019,1
"Chmp1a",0.467638645155267,-2.74679110169968,0.014,0.038,1
"Hdlbp",0.467650669579263,0.879387453196856,0.268,0.283,1
"Arhgap9",0.467733257420101,0.338080238212054,0.169,0.151,1
"Nhej1",0.467821479480787,-2.74663457793707,0.014,0.038,1
"Trim28",0.468162775366445,-2.34123182559823,0.056,0.151,1
"Abr",0.468200008845867,-0.760490387389652,0.085,0.17,1
"Ets1",0.468896460852609,-0.438723869406405,0.606,0.792,1
"Gm14325",0.468927870685258,2.0871763098587,0.014,0.019,1
"Cflar",0.468950912035133,-0.660334355960572,0.239,0.453,1
"Fgfbp3",0.468985566134568,2.08825222488756,0.014,0.019,1
"Serinc5",0.469009284480424,-0.574486932778525,0.014,0.057,1
"Als2",0.469143560643937,0.903728143306359,0.07,0.057,1
"mt-Nd5",0.469295179589954,-0.238145952806347,0.549,0.604,1
"Lcp2",0.469414756560311,-0.755771256387389,0.338,0.547,1
"Klhl36",0.469493445945892,2.36830433925718,0.028,0.019,1
"Asf1b",0.469595236950593,-1.33430341807012,0.085,0.208,1
"Lrrc8b",0.469648701270479,1.26389583134357,0.183,0.151,1
"Hdac8",0.469925173205734,0.871620374692587,0.296,0.321,1
"Dip2b",0.470000108215307,-0.416216908298864,0.282,0.453,1
"Hira",0.470122921074964,-0.318690985659589,0.225,0.377,1
"2510002D24Rik",0.470202207336678,-1.51687646604774,0.014,0.094,1
"Tcerg1",0.470282144610814,0.454903291315573,0.437,0.547,1
"Trp53bp2",0.470494679271674,0.52050495067097,0.155,0.132,1
"Vps13b",0.470750865278585,0.37917314513956,0.521,0.623,1
"Orc4",0.470769493309135,0.669880535143614,0.352,0.34,1
"Dlg5",0.47088734368775,2.89211544947503,0.028,0.019,1
"Ifi27l2a",0.470961167968822,0.418172058177728,0.254,0.358,1
"Rpl15",0.47102026517825,0.214009590101789,0.423,0.434,1
"Xrn2",0.471112472386159,-0.439825879889331,0.479,0.604,1
"Acp6",0.47112317774962,-1.44188081983706,0.014,0.075,1
"Eaf1",0.471212250383011,1.71140886996894,0.155,0.094,1
"Mis18a",0.471214124624719,1.38767749701067,0.056,0.019,1
"Svil",0.471333396323705,0.369674791312506,0.324,0.321,1
"Gm13830",0.471337334871618,2.50252527914481,0.028,0.019,1
"Cdk1",0.472189238399718,0.410383212840064,0.127,0.245,1
"Anp32e",0.472290379861602,-0.695266661883491,0.127,0.302,1
"Snd1",0.472329825990963,0.441364065413484,0.69,0.698,1
"Cd3g",0.472371703780042,-0.665590404750659,0.183,0.358,1
"Uqcr10",0.472382535801569,-0.10775028735885,0.099,0.226,1
"Usp18",0.472407683382524,1.46109745723893,0.113,0.075,1
"Ermard",0.472516979018716,1.16883352073107,0.042,0.019,1
"Gpalpp1",0.472558706773598,-0.364709015135562,0.042,0.113,1
"Gm20275",0.472787255873084,-0.246030443987661,0.141,0.283,1
"Tmem67",0.472876617934804,-0.763684023401688,0.014,0.038,1
"Zfp433",0.472950008551869,-1.2596520468687,0.014,0.038,1
"Hspa13",0.473274222568643,2.6471828978934,0.028,0.019,1
"Mitd1",0.473309297440852,0.997418812204602,0.155,0.151,1
"Gm56897",0.47340947079709,2.13710473957995,0.028,0.019,1
"Akap11",0.473637121019631,-0.825375183519602,0.113,0.264,1
"Mcee",0.473853384821857,2.45107872475324,0.056,0.038,1
"Fanca",0.473981188432879,1.12716253841046,0.127,0.094,1
"Smim14",0.473991288474638,-1.17475106949749,0.056,0.132,1
"Rbms2",0.474046690188923,1.30327222706145,0.042,0.038,1
"Slc35b4",0.474194347406094,1.06250699167082,0.127,0.094,1
"Hk1",0.474247959731411,0.218399705301514,0.183,0.34,1
"Ndufv2",0.474650432494858,-0.768385113815954,0.155,0.302,1
"Ssb",0.474673891378402,-1.01606735160251,0.225,0.434,1
"Hgh1",0.474712492834468,-1.52827257789699,0.014,0.038,1
"Cir1",0.474923699831749,-0.543417690247338,0.07,0.17,1
"ENSMUSG00000121479",0.47494334539524,2.49060296981149,0.028,0.019,1
"Map3k4",0.474960243426633,-1.18085968192078,0.07,0.226,1
"Sp140",0.47506048754776,0.223529445362612,0.085,0.057,1
"Ppme1",0.47531536727668,0.139413064384136,0.211,0.208,1
"Ppp2r5c",0.475332336271695,0.542927221581581,0.408,0.415,1
"Zfp395",0.475542905309797,-1.17301802412989,0.028,0.132,1
"Rbms1",0.475564513136612,0.516305638533786,0.746,0.717,1
"Kremen1",0.475707072474276,1.70867237423557,0.099,0.057,1
"Bcl11b",0.475771786752549,-0.163740816964412,0.563,0.736,1
"Pebp1",0.47581733732753,-1.13914267296634,0.07,0.189,1
"Ndufa9",0.475839743089335,-0.891566492212006,0.056,0.151,1
"Ppp2r1a",0.47596955983068,-0.934892779831843,0.042,0.151,1
"Raver1",0.476069047054993,-0.270085364653425,0.169,0.302,1
"Prkx",0.476201802244222,3.13103013413767,0.056,0.019,1
"Srbd1",0.476497043723678,0.66361747322764,0.366,0.358,1
"Arrb2",0.476542333580401,-0.701286464028063,0.113,0.264,1
"Ndufa4",0.476676981134896,-1.3452866279574,0.113,0.264,1
"Cab39",0.476682868397239,0.161794513778126,0.479,0.642,1
"Cyp11a1",0.476714296312203,-0.589293585731689,0.014,0.075,1
"Ubtd1",0.476811587532144,0.912092024250978,0.085,0.057,1
"Tmem238",0.47689639349801,-2.09285676371774,0.014,0.057,1
"Ccnc",0.476945151727373,-0.965865778347337,0.042,0.132,1
"Gm16062",0.477137867162104,2.25201915904353,0.014,0.019,1
"Pcnx4",0.477138059581415,2.65192873069189,0.042,0.019,1
"Igf1r",0.477187776193538,0.142493331557004,0.056,0.038,1
"Adam9",0.477428464366652,-0.976873215030275,0.042,0.094,1
"Hypk",0.477517399202977,1.49513267392939,0.042,0.019,1
"Plekho2",0.477572555021953,0.779803620454808,0.056,0.038,1
"Prc1",0.477641333531025,0.408292178600711,0.394,0.377,1
"Cybc1",0.477728376955735,-0.852680647035461,0.014,0.038,1
"Gm11655",0.477802014205279,0.159173027051699,0.014,0.038,1
"Kansl2",0.477810883627977,1.00419596768585,0.07,0.075,1
"Pfkp",0.477819827555696,0.657267771668115,0.493,0.472,1
"Plcb3",0.477835924619048,0.954503801251057,0.028,0.019,1
"Ttbk2",0.478094429556733,-1.66558588675729,0.014,0.075,1
"Kcnrg",0.47837905095492,-1.13268127896869,0.028,0.019,1
"Itgb1",0.478575376977244,0.699099826620823,0.296,0.321,1
"Nanos1",0.478575434385301,-2.49631749813689,0.014,0.038,1
"Rabggtb",0.47861813503931,-0.4102911873562,0.056,0.151,1
"Atp2a3",0.478661546183783,-1.15260301280284,0.085,0.17,1
"Mir142hg",0.478987263954297,0.277001017725754,0.775,0.736,1
"Gtpbp1",0.479185011056102,-0.701377312722911,0.07,0.132,1
"Trak1",0.479611559039822,1.17865438945617,0.211,0.189,1
"Sgo2a",0.479985985721926,0.797940089860096,0.155,0.151,1
"Irf7",0.480000831495749,-0.406013828810237,0.028,0.094,1
"Gm20274",0.480036144815694,1.46971008235116,0.028,0.038,1
"Gm17092",0.48004977783035,-1.00914830407761,0.014,0.038,1
"Ndufc2",0.480258560274455,-0.963491820826315,0.028,0.094,1
"a",0.480349418992523,-0.407519112831101,0.127,0.226,1
"Zfp39",0.480430974502196,0.369536648667768,0.085,0.038,1
"Gng5",0.480459311245935,0.500155448235227,0.113,0.132,1
"Phyh",0.48076247086201,-3.25594203222558,0.014,0.094,1
"Tmem184b",0.481192135522852,0.828694597498974,0.113,0.113,1
"Mbtps2",0.481261936986618,0.768584303803022,0.183,0.132,1
"Klhdc1",0.481393645819548,1.78294875485178,0.07,0.038,1
"Wdr89",0.481770674500068,1.58701763253831,0.099,0.057,1
"5430405H02Rik",0.482116333551959,-3.02662011507912,0.014,0.057,1
"Glod4",0.482150655590983,-2.18945510849137,0.014,0.075,1
"Gm50012",0.482460213553449,0.285525020844389,0.028,0.019,1
"Yipf5",0.482674547860317,0.192255183553112,0.113,0.113,1
"Msn",0.483175580794346,-0.298363808929655,0.479,0.679,1
"Klhl6",0.483219773933023,-0.56563142984041,0.183,0.34,1
"Slc20a1",0.483334060631501,-0.873995763319997,0.056,0.17,1
"Cdyl",0.483500284242401,-0.581919253960041,0.239,0.377,1
"Zc3h12d",0.483544873556581,-1.64697888891801,0.07,0.189,1
"Rps21",0.483635970267955,-0.289434762888286,0.408,0.623,1
"Napa",0.483654519541617,-0.812731280660594,0.085,0.189,1
"Sirt4",0.483687213968604,2.5227682787289,0.028,0.019,1
"Nip7",0.483728291112485,-1.41428062758761,0.028,0.094,1
"Gm10778",0.483869095776162,1.28850711329512,0.028,0.019,1
"Fads2",0.484488141389787,0.627680580801075,0.127,0.075,1
"1700097N02Rik",0.484524284682504,-1.59195207688058,0,0.019,1
"1810019N24Rik",0.484524284682504,-1.59195207688058,0,0.019,1
"4930520O04Rik",0.484524284682504,-1.59195207688058,0,0.019,1
"4930537H20Rik",0.484524284682504,-1.59195207688058,0,0.019,1
"A430046D13Rik",0.484524284682504,-1.59195207688058,0,0.019,1
"Armc5",0.484524284682504,-1.59195207688058,0,0.019,1
"Atp6v0e2",0.484524284682504,-2.22943925252475,0,0.019,1
"Atp8a2",0.484524284682504,-1.59195207688058,0,0.019,1
"Boll",0.484524284682504,-1.59195207688058,0,0.019,1
"C030013E06Rik",0.484524284682504,-1.59195207688058,0,0.019,1
"Cacna1e",0.484524284682504,-1.59195207688058,0,0.019,1
"Calhm6",0.484524284682504,-1.59195207688058,0,0.019,1
"Ccdc115",0.484524284682504,-1.59195207688058,0,0.019,1
"Ddah2",0.484524284682504,-1.59195207688058,0,0.019,1
"Fbn1",0.484524284682504,-2.22943925252475,0,0.019,1
"Fbxo10",0.484524284682504,-1.59195207688058,0,0.019,1
"Galnt9",0.484524284682504,-1.59195207688058,0,0.019,1
"Ggt7",0.484524284682504,-1.59195207688058,0,0.019,1
"Gm12536",0.484524284682504,-1.59195207688058,0,0.019,1
"Gm16069",0.484524284682504,-1.59195207688058,0,0.019,1
"Gm33044",0.484524284682504,-1.59195207688058,0,0.019,1
"Gm37035",0.484524284682504,-1.59195207688058,0,0.019,1
"Gm4013",0.484524284682504,-1.59195207688058,0,0.019,1
"Gm46378",0.484524284682504,-1.59195207688058,0,0.019,1
"Gm47689",0.484524284682504,-1.59195207688058,0,0.019,1
"Gm48265",0.484524284682504,-1.59195207688058,0,0.019,1
"Gm57017",0.484524284682504,-1.59195207688058,0,0.019,1
"Gm57175",0.484524284682504,-1.59195207688058,0,0.019,1
"Hotairm1",0.484524284682504,-1.59195207688058,0,0.019,1
"Hrh1",0.484524284682504,-1.59195207688058,0,0.019,1
"Kif5a",0.484524284682504,-1.59195207688058,0,0.019,1
"Mcmdc2",0.484524284682504,-1.59195207688058,0,0.019,1
"Mcoln3",0.484524284682504,-1.59195207688058,0,0.019,1
"Mtrf1",0.484524284682504,-1.59195207688058,0,0.019,1
"Pakap.1",0.484524284682504,-1.59195207688058,0,0.019,1
"Pde2a",0.484524284682504,-1.59195207688058,0,0.019,1
"Qpctl",0.484524284682504,-1.59195207688058,0,0.019,1
"Rab3d",0.484524284682504,-1.59195207688058,0,0.019,1
"Sh2d5",0.484524284682504,-1.59195207688058,0,0.019,1
"Smim35",0.484524284682504,-1.59195207688058,0,0.019,1
"Tdrkh",0.484524284682504,-1.59195207688058,0,0.019,1
"Timp2",0.484524284682504,-1.59195207688058,0,0.019,1
"Tmem79",0.484524284682504,-1.59195207688058,0,0.019,1
"Traj19",0.484524284682504,-1.59195207688058,0,0.019,1
"Tsnaxip1",0.484524284682504,-1.59195207688058,0,0.019,1
"Tyw3",0.484524284682504,-1.59195207688058,0,0.019,1
"Wdr38",0.484524284682504,-1.59195207688058,0,0.019,1
"Zfp688",0.484524284682504,-1.59195207688058,0,0.019,1
"Zfp882",0.484524284682504,-1.59195207688058,0,0.019,1
"Saal1",0.484975147780398,2.18704795892444,0.07,0.038,1
"Abcc1",0.485247840029052,0.719401720134646,0.155,0.132,1
"Slc30a2",0.485407228936716,-1.34070850599233,0.014,0.038,1
"Rnh1",0.485771312992438,1.17449915753321,0.042,0.038,1
"Gm20939",0.485917113657946,1.67144238427119,0.028,0.019,1
"Gm26520",0.485962622782733,-1.93651236116493,0.014,0.038,1
"Psmb10",0.486125170568602,1.06222126803881,0.113,0.057,1
"Lancl1",0.486332276758193,-1.06007792980497,0.014,0.057,1
"Ankrd12",0.486405204669273,0.371179137838821,0.437,0.434,1
"Mrpl22",0.486419650202735,-1.2500731055981,0.028,0.075,1
"Cacybp",0.48646805253643,-0.734037261849684,0.127,0.226,1
"Fyco1",0.486555184467686,-0.845699466516457,0.127,0.245,1
"Irs2",0.487147210639767,0.224785450653318,0.042,0.019,1
"Smarcal1",0.487217489712513,1.45307267317522,0.07,0.038,1
"Cfap20",0.487276875706188,-0.821869731542405,0.07,0.17,1
"Crls1",0.487407691244862,0.428415129387389,0.014,0.038,1
"Anks3",0.487908662117311,-1.77085194036628,0.014,0.057,1
"Ccr4",0.487974281107288,-1.16211264210491,0.028,0.113,1
"Ahnak",0.488103927984504,1.21927171885041,0.113,0.075,1
"Septin8",0.488287934761647,1.98378210515052,0.028,0.019,1
"Mtor",0.488367281557666,0.951847749872253,0.183,0.132,1
"Bst2",0.488381862784959,-0.385373751693864,0.085,0.075,1
"Diaph3",0.488424514788824,0.227791450185714,0.648,0.623,1
"Rnf125",0.488602042153242,1.15268817517085,0.127,0.075,1
"Atp5k",0.488634770470188,0.355069519507444,0.155,0.189,1
"Prdm2",0.488937944329674,0.561267118354149,0.282,0.283,1
"Reep4",0.48898517533296,-0.272445875478605,0.042,0.113,1
"Alg9",0.48906398068756,-0.824297151889056,0.042,0.113,1
"Prelid2",0.48917469350193,-0.387424447370426,0.324,0.528,1
"Dnaja4",0.489453911703015,-0.654252333771991,0.028,0.038,1
"Slc25a45",0.489497411078714,-0.972377724375073,0.028,0.038,1
"Camk2g",0.489839941499224,-0.314799950549913,0.183,0.321,1
"9630013D21Rik",0.489977618905063,1.24241717483027,0.028,0.019,1
"St6galnac4",0.490002133742379,-2.41702474663536,0.014,0.094,1
"Tlk1",0.490032111872803,-0.359614474345978,0.423,0.604,1
"Phf21a",0.490293588083249,-0.369487350504521,0.254,0.434,1
"Gpd2",0.490321805521153,1.25076982626086,0.183,0.151,1
"1600020E01Rik",0.490413286674764,1.32690320894342,0.099,0.057,1
"Actb",0.490435115768708,-0.567126029098985,0.606,0.774,1
"Ddx42",0.490560182694404,-0.415187278465539,0.268,0.453,1
"Cggbp1",0.490583377229274,-1.19544485466996,0.183,0.358,1
"Tnip1",0.491112347427753,-1.07714930056526,0.085,0.189,1
"Zfp451",0.491247025156591,0.341617238345102,0.169,0.17,1
"Slc30a7",0.491367974250504,-0.794733766885791,0.225,0.377,1
"St3gal4",0.491548197935138,0.378185444624514,0.296,0.302,1
"Tmem135",0.491823549870403,1.10364280879021,0.211,0.208,1
"Hmgxb4",0.491982520296211,-0.165653586357639,0.155,0.283,1
"Top2a",0.49206334930287,0.140662565713438,0.704,0.679,1
"Agap3",0.492101136035141,-0.482938401501282,0.127,0.113,1
"Wdtc1",0.492136670666989,1.06998084168396,0.099,0.057,1
"Eed",0.492185745273609,0.62143952939559,0.282,0.302,1
"Tank",0.49252117950975,-0.485882896517056,0.268,0.377,1
"Iscu",0.492527032691525,1.81019434855494,0.07,0.057,1
"Dhx15",0.492696291559877,0.332527603866182,0.408,0.396,1
"Zfp52",0.492773020033175,-0.533168715500828,0.042,0.113,1
"Hcst",0.493112063588274,-1.20349399839072,0.028,0.113,1
"Gapdh",0.493359001428711,-0.389854944434988,0.254,0.434,1
"Twnk",0.493446050837741,0.402471745317771,0.042,0.019,1
"Actr1a",0.493718573636901,-0.15941373955516,0.099,0.189,1
"Atp9a",0.493776309342722,1.04773103536354,0.028,0.019,1
"Xkr5",0.493824179886433,-0.200014538411186,0.014,0.057,1
"Tmem154",0.493832667180896,0.911942664851459,0.085,0.094,1
"Lmtk2",0.493846034599859,-0.61410287464384,0.113,0.264,1
"Acd",0.493890605472505,-0.965830981732761,0.014,0.057,1
"Ttc17",0.49401261735714,-0.356131983571883,0.211,0.358,1
"Sla2",0.494021645480181,-0.577636075396882,0.056,0.151,1
"Hdac6",0.494117358563223,-1.36608093890843,0.014,0.075,1
"Cd226",0.494194589641261,-0.505985115663513,0.197,0.226,1
"Actr5",0.494290567988308,-0.837969722416471,0.028,0.094,1
"Zbed4",0.494345373812,-0.961746000673979,0.042,0.132,1
"Ccng1",0.494638168509636,-0.808209526689129,0.169,0.321,1
"Thap2",0.495410999139772,-1.63124603023628,0.028,0.075,1
"Usp48",0.495461175368981,-0.681399270741187,0.155,0.34,1
"Rnf220",0.495490111239421,-0.177234708157054,0.099,0.094,1
"Fcf1",0.495838009514913,-1.6269065336376,0.042,0.132,1
"Tra2a",0.495867064310058,0.543252740208277,0.296,0.34,1
"Mfng",0.495900952223974,0.600894559265322,0.085,0.075,1
"Aggf1",0.496183935158642,0.121400528554403,0.197,0.34,1
"Rbm17",0.496435480228534,-0.551261951656807,0.211,0.245,1
"Zfp330",0.496577203183674,-0.886803485048741,0.07,0.17,1
"Stard6",0.496577724233512,1.35194560953389,0.056,0.019,1
"Jmjd8",0.496897053066552,-1.37700295310547,0.028,0.019,1
"Bmerb1",0.497080866173097,0.715458670319761,0.028,0.019,1
"Ttll12",0.497193697669781,-0.570985313306578,0.028,0.075,1
"Rmnd5b",0.497379566035402,-2.87720718248314,0.014,0.038,1
"Slc25a47",0.497839514519307,1.23981281555497,0.056,0.019,1
"Paxbp1",0.497847005520042,0.332736944601568,0.31,0.321,1
"Snx6",0.497932257629605,-0.206469955522671,0.183,0.358,1
"Tmem64",0.498409054140646,0.170339912959204,0.099,0.094,1
"Pdcd2",0.498520923179204,1.69140740637621,0.028,0.038,1
"Cpsf2",0.498580741448574,1.32356948574467,0.197,0.17,1
"Prkcq",0.49873841170446,0.525933650979714,0.746,0.736,1
"Canx",0.498806543823187,-0.672344702630231,0.408,0.604,1
"Rpl23",0.498852128141327,-0.461511452581181,0.479,0.679,1
"Pcmtd2",0.498946249686898,-0.870942713747115,0.042,0.132,1
"Npat",0.498955998507214,1.32890311365936,0.211,0.189,1
"Lrrc40",0.499158836219759,-0.959030811701529,0.07,0.17,1
"Rbm12b2",0.499196631742489,2.06680103762975,0.028,0.019,1
"Lmbr1",0.499350168302306,0.843185995607563,0.113,0.094,1
"Nphs1",0.499547454335502,-1.58705732456157,0.014,0.038,1
"Snrnp35",0.499760227275088,-1.30484600620396,0.028,0.075,1
"Eef1g",0.499851316580824,-0.453486484256882,0.465,0.623,1
"Arl3",0.500313263938118,1.39616456104033,0.042,0.019,1
"Tsr2",0.500382800803266,-0.450652249719408,0.07,0.151,1
"A430073D23Rik",0.500386059672868,-1.89512163382551,0.028,0.094,1
"Rad17",0.500680436754144,1.16398666411856,0.113,0.075,1
"Faah",0.500696645556162,-1.47040818470256,0.028,0.094,1
"Anapc1",0.500714279847482,-0.370447143988037,0.211,0.396,1
"H2-T24",0.500879546308894,-0.206714475368297,0.07,0.151,1
"Htt",0.50095340134332,0.775748348595648,0.366,0.358,1
"Ofd1",0.501109170530852,-1.4442182728302,0.07,0.208,1
"Zfand6",0.501240775062745,0.468223121058586,0.31,0.377,1
"Gm47167",0.501306806913931,-1.2018704613444,0.014,0.038,1
"Sec61a1",0.50138607299488,-0.397487365754248,0.099,0.208,1
"Ap3m2",0.501624564982065,1.27967064787263,0.028,0.038,1
"Casp4",0.501730973432436,1.14875581224574,0.028,0.019,1
"Tspan31",0.501821381123203,-2.29296770077582,0.014,0.075,1
"Sepsecs",0.501871035145064,-0.558790568281353,0.07,0.151,1
"Chmp1b2",0.501998737243011,0.96819394944967,0.042,0.038,1
"Fam193a",0.502173416339592,0.29404796252399,0.296,0.34,1
"Ap4s1",0.503081725392458,-0.183010030354412,0.127,0.132,1
"Gm57450",0.503115461839415,0.275414142424395,0.028,0.019,1
"Tmem63a",0.50350856317525,1.83703975311425,0.07,0.019,1
"C1qtnf1",0.503993078182276,2.41417077341038,0.028,0.019,1
"Prdm15",0.504050681178871,-0.141448928126009,0.056,0.132,1
"Atp6v0a2",0.504153711626574,1.10365024209881,0.169,0.17,1
"Cyb5r4",0.504358175325643,0.893146019794928,0.127,0.094,1
"Kif18b",0.504740950656302,-0.915038490782281,0.113,0.245,1
"Zdhhc6",0.50480585401155,0.566092926394992,0.197,0.208,1
"Dlgap5",0.504819568264602,0.160191727496491,0.282,0.283,1
"Gm35037",0.504950012009527,-1.56806118012417,0.042,0.113,1
"Eif4e3",0.504951127372024,-0.194656084100812,0.099,0.208,1
"Uqcrq",0.505119534639435,-0.152246860850842,0.127,0.132,1
"Fkbp5",0.505235806110394,0.523471142960929,0.268,0.358,1
"Mcm3ap",0.505362801669988,-1.6116213115841,0.042,0.151,1
"Psmg1",0.50563006441138,-1.66336189810504,0.07,0.094,1
"Gpr180",0.50563094665325,-1.15097777308365,0.028,0.075,1
"Ddx59",0.505657574988494,-0.292732458959017,0.028,0.019,1
"Ankrd26",0.505819407153118,0.281618364149156,0.085,0.17,1
"Phf11c",0.50597149030592,-1.20979105782105,0.042,0.17,1
"Rps27l",0.506013144420781,-1.26756759223076,0.211,0.34,1
"Cebpz",0.506029452550291,-0.947143801563907,0.127,0.283,1
"Nrp1",0.506233370603598,0.180600681818314,0.056,0.038,1
"Tmem163",0.506300474642184,1.81339495350556,0.254,0.208,1
"Mcmbp",0.5063244921043,0.248632076094155,0.324,0.321,1
"Zfp260",0.506514735354027,0.699783886885655,0.085,0.094,1
"Nfatc3",0.506568443661486,0.109021734309871,0.394,0.396,1
"Cox7c",0.506854501154424,-0.676333420503594,0.254,0.453,1
"Cox6a1",0.507027445517275,-1.46000746305431,0.099,0.264,1
"Srebf2",0.507089606114245,0.599737711023707,0.366,0.302,1
"Txndc11",0.507125445575441,-0.559648258617097,0.113,0.226,1
"Pttg1",0.507130518491416,1.31695985753887,0.099,0.113,1
"Vkorc1l1",0.507149404347061,-0.112913549270641,0.141,0.226,1
"Telo2",0.507188447061458,-1.34523577825578,0.014,0.057,1
"Hacd3",0.507220855084533,-0.313947770575639,0.099,0.245,1
"Arhgap21",0.507599601455605,-0.400747644841465,0.141,0.302,1
"H4c9",0.507674864711305,-0.622749079521748,0.028,0.075,1
"Slc35c1",0.507787564080514,2.20723600709077,0.028,0.019,1
"Fancm",0.507979843146899,0.711421545201282,0.169,0.189,1
"Rdm1",0.508021050738695,1.12901561616865,0.141,0.113,1
"Atic",0.508505417039828,1.20000165807878,0.155,0.151,1
"Gtf3c3",0.508643889726698,-0.912797960272079,0.085,0.17,1
"Pycard",0.508655117426678,0.228823717289485,0.056,0.038,1
"Lnpk",0.508683188419586,-1.1829190980866,0.127,0.283,1
"Selenot",0.508810472761722,-0.347351269119442,0.141,0.245,1
"Leprotl1",0.508962685919102,-0.446535246388643,0.127,0.283,1
"Ilkap",0.508969111525018,0.697233601677654,0.155,0.113,1
"Hal",0.509247492641203,0.690190302293846,0.042,0.019,1
"Larp4",0.509585816412473,-0.305814086460228,0.225,0.377,1
"Akr1a1",0.509860124976592,0.628628123444692,0.183,0.189,1
"F2rl2",0.51005090384551,-2.24610392284953,0.028,0.094,1
"Serhl",0.510094321863178,1.45370192729016,0.042,0.038,1
"Cox6b1",0.510142677563678,-1.44601848971651,0.085,0.226,1
"Bub1",0.510319857595428,-0.18645394278605,0.239,0.302,1
"Clic4",0.510531560561903,0.63408352489705,0.338,0.34,1
"4933406I18Rik",0.510539307982403,-0.521659644359483,0.366,0.528,1
"Abcb6",0.511035590365919,-1.01070153609749,0.028,0.019,1
"Rpl41",0.511408250988564,0.316985155242836,0.451,0.509,1
"Zmynd19",0.511545649444933,2.2293943757755,0.099,0.038,1
"Pabpc1",0.511568807207619,-0.678689951630352,0.423,0.585,1
"Hmgn3",0.511583558604539,-2.52294274210421,0.014,0.057,1
"Mad2l1bp",0.51164470048167,-3.32282245970934,0.014,0.075,1
"Spag1",0.511966708244374,1.71323484264738,0.042,0.019,1
"5031439G07Rik",0.511976655778138,0.938637642972535,0.042,0.038,1
"Bysl",0.512120690882686,-1.38395059372499,0.028,0.113,1
"Gpr55",0.512165311439414,-1.47324989522929,0.028,0.113,1
"Ddx3y",0.512387008665916,-0.256957008013526,0.113,0.283,1
"Sting1",0.512585619089711,-1.95033832663427,0.028,0.132,1
"Virma",0.512642666506591,0.493907601257142,0.211,0.321,1
"5031425E22Rik",0.513162482326881,0.247019149493544,0.127,0.113,1
"Rnls",0.513215582736367,1.1969813781592,0.085,0.075,1
"Pank4",0.513388156671302,-1.15323967912529,0.028,0.094,1
"Taldo1",0.513390036321789,0.738380009645875,0.099,0.075,1
"Rad51d",0.513472144210036,-1.52527052900293,0.028,0.094,1
"Nkrf",0.513597866832839,-0.740928132148217,0.028,0.038,1
"Wrn",0.513762549810005,0.493432784880385,0.183,0.17,1
"Borcs5",0.514210931510276,1.48462831713212,0.085,0.038,1
"Tada1",0.514221993999617,-0.880768434013058,0.014,0.057,1
"Nphp3",0.514325018078513,-1.93833713068392,0.014,0.057,1
"Eogt",0.514383284299032,-0.860515303305926,0.028,0.094,1
"Gorab",0.514388330545062,-2.0554890698043,0.028,0.075,1
"Styxl1",0.514825751972818,1.68013857523364,0.042,0.019,1
"Gm26827",0.51484914502826,1.4292613123009,0.113,0.038,1
"Ibtk",0.514975969680338,0.939021569774372,0.169,0.151,1
"Ube2e1",0.51497840251632,1.39607996988425,0.197,0.17,1
"Rnaseh2b",0.515050783614917,0.409521564926488,0.141,0.226,1
"Cetn2",0.515203235155801,-1.05989721603859,0.014,0.038,1
"Gm49959",0.515278968446612,-0.610740593693281,0.014,0.038,1
"Kat2a",0.515451122032951,-0.20981942579275,0.07,0.17,1
"Mcoln2",0.515635046985703,3.02400736325664,0.056,0.019,1
"Map4k3",0.515859222990348,-1.60217507071711,0.056,0.151,1
"Tnfaip8",0.5160491151099,-0.553624866759356,0.324,0.509,1
"Bckdhb",0.516138634163206,-0.321973466701333,0.141,0.245,1
"Gm26532",0.516251280459786,-2.49361543168404,0.014,0.057,1
"Mtg2",0.516490671826639,-1.10532200188183,0.028,0.151,1
"Mcrip1",0.516545713042906,1.53864349600054,0.028,0.038,1
"Tmem229b",0.516639608424,-0.484789454958665,0.056,0.151,1
"Map3k11",0.516721817680087,-0.581593905485842,0.028,0.038,1
"Jun",0.516867043213458,1.7603650370833,0.099,0.057,1
"Zfp868",0.516914834557479,-1.48796099161364,0.056,0.151,1
"Tcf3",0.517020332635018,-1.21997730586277,0.085,0.226,1
"Ubxn2b",0.517030979805322,-0.778189677348967,0.056,0.151,1
"Igsf23",0.517044157139344,-3.1443798622437,0.014,0.057,1
"Efhd2",0.517107612784647,-1.54069345797391,0.085,0.226,1
"Mllt1",0.517116018108264,-0.905242785644116,0.042,0.113,1
"Znhit3",0.517118099749658,0.828499025458612,0.028,0.038,1
"Tm6sf1",0.517467086232009,1.31657026159666,0.197,0.132,1
"Rlim",0.517482558380882,0.772745118340834,0.31,0.302,1
"Srfbp1",0.517491492435153,-0.475565033234515,0.099,0.17,1
"Gars",0.517519990891004,0.703447181079232,0.211,0.208,1
"Bloc1s4",0.517646576118175,-0.784477227317511,0.028,0.038,1
"Lrp6",0.517687746639934,-0.356539309358832,0.239,0.415,1
"Wdr66",0.517869752092709,0.492937639708014,0.042,0.019,1
"Pik3cd",0.517906429520563,-0.17858558072817,0.507,0.679,1
"Cep70",0.518058300021087,-1.10242042916839,0.085,0.208,1
"Strn4",0.518546201457553,-1.57176852633367,0.042,0.151,1
"Pelp1",0.518582223531899,0.679914038662808,0.07,0.057,1
"Acly",0.518790958028206,0.879453337329424,0.254,0.189,1
"Gm15489",0.518816095631386,2.03192811347385,0.07,0.057,1
"Tmem129",0.518817271749539,1.33701066999541,0.028,0.019,1
"Pigf",0.519113898671073,-0.923040495895664,0.07,0.151,1
"A330040F15Rik",0.519280669433445,-0.539116657625248,0.085,0.208,1
"H2-K1",0.519322262761475,-0.160145109403848,0.338,0.528,1
"Zfp599",0.519378214694252,2.26754695076597,0.028,0.019,1
"Tmem175",0.5197144804497,-0.803269895282022,0.056,0.113,1
"Cstf2",0.519716550277225,1.23451104219766,0.155,0.132,1
"Zyx",0.520313649888186,0.231393997388136,0.028,0.019,1
"H3f3b",0.520398443877195,0.562792323452846,0.507,0.547,1
"Nfkbib",0.520434557944584,-1.24720908017782,0.028,0.075,1
"Cyb5r3",0.520508197852225,-2.17332143432938,0.014,0.094,1
"Lamp2",0.520757443234883,0.482827942723054,0.127,0.094,1
"Zbtb7a",0.520960179701795,0.451515555615596,0.141,0.132,1
"Gm20257",0.520989025480309,-2.32532290463715,0.014,0.057,1
"Tspan3",0.521010086277924,-1.51566907913164,0.014,0.038,1
"D16Ertd472e",0.521092114061918,-0.524680163923186,0.239,0.434,1
"Dpp4",0.521287137108564,-1.53671516899076,0.056,0.17,1
"Aim2",0.521512282187012,1.00338591798693,0.268,0.283,1
"Eif3a",0.521667702416728,0.245883370711238,0.535,0.679,1
"Cct5",0.521892414653355,-0.812904365530758,0.141,0.245,1
"Fth1",0.52204601754451,-0.282372559226874,0.338,0.34,1
"Airn",0.522336881600197,0.928775458976846,0.352,0.302,1
"Sgpp1",0.522382593837852,-0.598739120001075,0.085,0.208,1
"Rrs1",0.522427165311686,-0.462235627474844,0.042,0.075,1
"Tmem29",0.522448514341379,1.42645991106241,0.07,0.057,1
"Metap1",0.522620871809883,0.314065033164072,0.155,0.132,1
"Gnaq",0.522835046050184,0.222143526184145,0.338,0.34,1
"Pick1",0.523097395350696,-0.480937659940118,0.042,0.094,1
"Zfp943",0.523154336339907,-1.21579612965305,0.014,0.094,1
"Polq",0.523254655708771,0.678374587255536,0.296,0.283,1
"Gm16196",0.523451421949985,1.2532319198933,0.042,0.019,1
"Tspan13",0.523478550108752,-0.229764441778032,0.056,0.151,1
"Phf20l1",0.523584479017738,-0.437361794054485,0.493,0.698,1
"Fam210a",0.523592731838158,-0.271520763788529,0.028,0.075,1
"Ciz1",0.523829903706931,-0.533568229356317,0.07,0.17,1
"Gucd1",0.523942769434243,-1.78439672874509,0.014,0.038,1
"Elf4",0.524222213229405,0.497759941051556,0.296,0.302,1
"Ubr5",0.524249146442825,-0.646025935184074,0.282,0.491,1
"Nadk2",0.524340045809876,0.597796381563114,0.042,0.019,1
"Csnk1g1",0.524671235373199,0.432030851408849,0.507,0.528,1
"St6galnac3",0.525563311202761,-0.182544325196203,0.07,0.038,1
"Ptpn1",0.525644618363085,0.688348342368942,0.352,0.34,1
"Pcgf2",0.525733850251421,-0.323380730658296,0.014,0.075,1
"Trim39",0.525948051418552,-0.998082644843891,0.028,0.094,1
"Ap2m1",0.525983359200934,-0.852820929620622,0.07,0.151,1
"Elac1",0.526067711708393,-0.684645606924707,0.056,0.113,1
"H1f1",0.526075625375657,-0.458456130646242,0.127,0.226,1
"Eef1akmt1",0.526107647991387,-0.55984255844109,0.056,0.094,1
"Phtf2",0.526207162578808,0.93219630769321,0.225,0.245,1
"Rbl1",0.526792624697466,-0.26704449807615,0.211,0.358,1
"Gid8",0.526793971394702,1.01885566295927,0.099,0.075,1
"Fxr1",0.52700284873797,0.265070127689721,0.296,0.434,1
"Ntan1",0.527006881250044,1.95359132648378,0.07,0.038,1
"Myo1g",0.527015885255828,-0.393409393305459,0.183,0.302,1
"Cnot11",0.527200836993603,1.88674091436728,0.056,0.038,1
"Ube2v1",0.527586057255801,-0.133684433963219,0.113,0.208,1
"Zfp386",0.52764444998695,-0.953592896546393,0.028,0.094,1
"Cdc42bpa",0.527679840637714,0.832165679987101,0.028,0.019,1
"Rnf111",0.527697134733756,-0.459975737594597,0.38,0.547,1
"Nfia",0.527878108445595,-0.993978424300221,0.042,0.113,1
"Ptger4",0.527913056906309,-0.763315700327073,0.169,0.34,1
"Rbm39",0.527918763742356,0.152681351965974,0.761,0.83,1
"Garre1",0.5281179338245,0.276064544872599,0.113,0.208,1
"Usp25",0.528254938014237,-0.178958338813998,0.366,0.547,1
"Arfgef1",0.528302952577534,-0.296477611420961,0.38,0.585,1
"Mob1a",0.528412829633571,0.431602203326132,0.127,0.132,1
"Pdcd4",0.528715922887215,-0.433389588881511,0.282,0.472,1
"Btbd9",0.528975375644561,0.791422866612686,0.423,0.396,1
"Srsf5",0.528980218174102,0.627023689436019,0.31,0.302,1
"Eps8",0.529054656365231,0.861371401049599,0.085,0.094,1
"Stag1",0.52908419818166,0.391053860260071,0.718,0.717,1
"Gm27010",0.529240641587187,-0.498811394047447,0.014,0.075,1
"Stxbp3",0.529260125334926,1.17715013479245,0.099,0.094,1
"4933407K13Rik",0.529267589834678,-1.16854540579568,0.028,0.094,1
"Nbeal1",0.529282149434976,1.42991049884918,0.211,0.208,1
"Snx1",0.52932761432544,0.981454528750811,0.197,0.17,1
"Caprin1",0.52950277177459,-0.423308518951789,0.408,0.604,1
"Tyw1",0.529636256408996,1.58309436577942,0.155,0.113,1
"Wac",0.530142175878418,0.134993531080304,0.521,0.528,1
"Rps2",0.530163708514459,-0.306768031068959,0.239,0.415,1
"H2ac13",0.53022287664607,0.230253431082705,0.028,0.019,1
"Vrk1",0.530273712129468,-0.170675402766063,0.225,0.396,1
"Calcrl",0.530492722588167,0.216199306806335,0.028,0.094,1
"Map7d1",0.530650703256211,-1.02253533251358,0.056,0.151,1
"Apobr",0.530712887836781,-1.53313138020635,0.014,0.094,1
"Pdcd7",0.530977297181034,1.71551800632828,0.028,0.019,1
"Rab8a",0.531100258964818,0.869392210941295,0.183,0.17,1
"Ncoa1",0.531205908675759,-0.301772968781033,0.183,0.321,1
"1700084E18Rik",0.531268730699459,-1.50219691293474,0,0.019,1
"9930104L06Rik",0.531268730699459,-1.50219691293474,0,0.019,1
"B4gat1",0.531268730699459,-1.50219691293474,0,0.019,1
"Bckdha",0.531268730699459,-1.50219691293474,0,0.019,1
"Bcl2l2",0.531268730699459,-1.50219691293474,0,0.019,1
"Cage1",0.531268730699459,-1.50219691293474,0,0.019,1
"Ccdc150",0.531268730699459,-1.50219691293474,0,0.019,1
"Commd9",0.531268730699459,-1.50219691293474,0,0.019,1
"Fam83g",0.531268730699459,-1.50219691293474,0,0.019,1
"Gm12631",0.531268730699459,-1.50219691293474,0,0.019,1
"Gm15503",0.531268730699459,-1.50219691293474,0,0.019,1
"Gm15892",0.531268730699459,-1.50219691293474,0,0.019,1
"Gm16302",0.531268730699459,-1.50219691293474,0,0.019,1
"Gm17032",0.531268730699459,-1.50219691293474,0,0.019,1
"Gm28941",0.531268730699459,-1.50219691293474,0,0.019,1
"Gm50023",0.531268730699459,-1.50219691293474,0,0.019,1
"Gm56834",0.531268730699459,-1.50219691293474,0,0.019,1
"Gm6213",0.531268730699459,-1.50219691293474,0,0.019,1
"Gm9975",0.531268730699459,-1.50219691293474,0,0.019,1
"Il3ra",0.531268730699459,-1.50219691293474,0,0.019,1
"Ism1",0.531268730699459,-1.50219691293474,0,0.019,1
"Jcad",0.531268730699459,-2.11298441981854,0,0.019,1
"Ms4a4d",0.531268730699459,-2.11298441981854,0,0.019,1
"Naaa",0.531268730699459,-1.50219691293474,0,0.019,1
"Or11i1",0.531268730699459,-1.50219691293474,0,0.019,1
"Penk",0.531268730699459,-2.87028225583447,0,0.019,1
"Rdh12",0.531268730699459,-1.50219691293474,0,0.019,1
"Rpusd1",0.531268730699459,-1.50219691293474,0,0.019,1
"Sh3d21",0.531268730699459,-1.50219691293474,0,0.019,1
"Slc1a4",0.531268730699459,-1.50219691293474,0,0.019,1
"Trav3-3",0.531268730699459,-1.50219691293474,0,0.019,1
"Usp11",0.531268730699459,-1.50219691293474,0,0.019,1
"Uxt",0.531268730699459,-1.50219691293474,0,0.019,1
"Zfp708",0.531268730699459,-1.50219691293474,0,0.019,1
"Zswim4",0.531268730699459,-1.50219691293474,0,0.019,1
"Chmp2b",0.531307489641933,1.34675712873306,0.028,0.019,1
"Eif2b3",0.531477189239434,0.839940488287359,0.155,0.151,1
"Med12",0.531497636112368,1.40854900119221,0.07,0.094,1
"Gm14798",0.531563356428267,2.01729412064691,0.07,0.019,1
"Bzw1",0.531727937073572,-0.51249558995698,0.225,0.396,1
"Tle1",0.531920919783413,-0.391876226957693,0.028,0.019,1
"Mrps30",0.531981375871105,0.514861798807661,0.113,0.094,1
"Lysmd3",0.532300928862741,-0.425394536129681,0.042,0.113,1
"Rps3",0.532320429660289,-0.837043292194098,0.366,0.528,1
"Heatr5a",0.532471480842298,0.231132888888133,0.197,0.17,1
"Rev3l",0.533042734934562,-0.266612080589988,0.38,0.566,1
"Ap2b1",0.533066292205757,0.141046117536046,0.268,0.377,1
"Kif3a",0.533203437072755,-1.54804607145134,0.028,0.094,1
"Hmgn1",0.533413916379761,0.909922962145635,0.169,0.189,1
"Ssr1",0.533737272690626,0.870029134750406,0.183,0.208,1
"Trim44",0.533775349664173,-0.226873445229197,0.225,0.358,1
"Cep290",0.534010047823944,0.672805084913963,0.07,0.057,1
"Usp20",0.534137395887222,-0.203158452517226,0.042,0.094,1
"Vegfa",0.534705358605472,1.41835138240725,0.085,0.038,1
"Med19",0.53480175080077,1.51107544102384,0.07,0.038,1
"Ddx39b",0.534830188044244,0.752430876117694,0.408,0.396,1
"Edem3",0.534841832672232,0.912403470171081,0.155,0.094,1
"Kbtbd2",0.534989838787989,1.86529506032037,0.183,0.113,1
"Rhbdf2",0.535012866637958,-1.9557442317907,0.014,0.038,1
"Slc35b3",0.535038015288182,1.0920405090262,0.141,0.113,1
"Cdk17",0.53509784089184,-0.331743766944385,0.451,0.66,1
"Mif4gd",0.535100645725396,1.87224254475523,0.042,0.019,1
"Mapk9",0.53518577650946,0.207010115725015,0.141,0.132,1
"Ganab",0.535392885209513,-0.507862609303665,0.099,0.264,1
"Cdc14a",0.535483112177679,0.261889638323759,0.225,0.321,1
"Scrib",0.535617611476393,-1.99691172941575,0,0.038,1
"Akap9",0.535630130614768,0.311815283801356,0.352,0.453,1
"Smc3",0.536082681655267,0.491927133305254,0.31,0.34,1
"Sec23ip",0.536103755505628,-0.600474819106671,0.085,0.17,1
"Diablo",0.536233583270667,-1.491194196261,0.028,0.075,1
"Ttpal",0.536414310442523,1.38021448013303,0.056,0.019,1
"Susd3",0.536518451309019,0.940813890114224,0.127,0.132,1
"Zmiz1",0.536701891304425,0.137318391991231,0.437,0.585,1
"Bud23",0.536708727742608,0.606464611128331,0.07,0.094,1
"Pcbd2",0.536723149184402,0.295849287784681,0.085,0.094,1
"Mtx1",0.53702678560476,-1.04076503900037,0.028,0.094,1
"Cd52",0.537362395957773,0.500494880552447,0.254,0.34,1
"Gm10505",0.537375235903079,-0.489407407344402,0.014,0.019,1
"Syp",0.537375235903079,-0.489407407344402,0.014,0.019,1
"Chchd5",0.537400998301252,-0.181247011171823,0.014,0.038,1
"Tmem184c",0.537652130219933,-1.1185206476416,0.042,0.132,1
"Csnk2a2",0.537865284112816,0.523870224358592,0.324,0.283,1
"Efr3a",0.537919070963642,-0.21448149994274,0.183,0.34,1
"Slc12a6",0.537960282964953,0.624679677592666,0.225,0.302,1
"Smim30",0.538191534033652,0.937338615100497,0.085,0.057,1
"Pik3cb",0.538288127449746,-0.50825415279199,0.014,0.038,1
"Ttc33",0.538355507865159,-0.724587181131441,0.014,0.075,1
"Rps15",0.538597162021135,0.191855466142732,0.394,0.547,1
"Arpc1b",0.538604013997709,-0.390045143759702,0.225,0.377,1
"Rsrc1",0.538728443813584,0.612961031278137,0.549,0.623,1
"Acaca",0.539058671670254,0.321148747394127,0.324,0.321,1
"Zfp955a",0.539080573289857,-3.13790647648744,0.028,0.094,1
"Ogfod2",0.539185884591247,2.19753262717312,0.042,0.038,1
"Rab21",0.539302887407342,-0.905752835220009,0.141,0.283,1
"Trim25",0.539506125029883,0.842970933709081,0.113,0.075,1
"Gosr1",0.539718381278572,-0.678981320624938,0.07,0.208,1
"Megf9",0.539755260894416,0.493959378207477,0.014,0.038,1
"Nck1",0.539776604841503,0.39497912941718,0.268,0.283,1
"Copg1",0.539810953462707,-0.149854041242255,0.099,0.226,1
"Mtpn",0.539920199518035,0.279849587180641,0.282,0.283,1
"Nme6",0.539947606649193,-1.60225228224177,0.014,0.075,1
"Tmed1",0.539968507495451,0.445985094900858,0.028,0.019,1
"Fdxacb1",0.539987078242018,-1.29251963758578,0.014,0.038,1
"H2ac12",0.540020205017763,-0.713755613451297,0.028,0.038,1
"Ddx6",0.540087878925981,-0.722096195442872,0.31,0.491,1
"Tlcd3a",0.540208957203988,1.77944722785732,0.028,0.038,1
"Rad23b",0.540210529229953,-0.144695415125521,0.338,0.528,1
"Cd9",0.540386741906411,-0.918760265594854,0.028,0.075,1
"Atp5l",0.540722330300463,0.29655527753868,0.169,0.226,1
"Nemp2",0.540791704587134,-0.842372900789356,0.028,0.094,1
"0610010K14Rik",0.541038532910453,2.13877777061149,0.099,0.057,1
"Gnai3",0.541102985057402,-0.264937242854599,0.155,0.302,1
"Dop1b",0.541170739005719,0.749268126777,0.127,0.094,1
"Ndufv3",0.541311483559924,-0.103328319180543,0.127,0.245,1
"Rap2a",0.54135278094605,-1.11126509428916,0.042,0.094,1
"Oma1",0.541366781993684,-0.623660878674104,0.07,0.151,1
"Eef1e1",0.541639186783417,0.583058967620785,0.127,0.132,1
"Ankhd1",0.54166069453252,0.377234340407961,0.479,0.472,1
"Cct3",0.541687481594845,-0.582095931475468,0.141,0.245,1
"4833418N02Rik",0.541727145725687,-0.959205676194543,0.014,0.038,1
"Tut4",0.541728532925391,0.279040675722672,0.423,0.566,1
"Dusp2",0.541773942748459,0.873045694427524,0.028,0.019,1
"Ezr",0.541949333546961,-0.736175581619919,0.282,0.472,1
"Dpy19l3",0.542017907756026,0.564246372658731,0.085,0.075,1
"Asap2",0.542033385975048,-1.44607369850811,0.028,0.057,1
"Ythdf1",0.542339921929101,-0.129164159622551,0.07,0.17,1
"Unc13a",0.542685154844325,1.76883279927637,0.056,0.019,1
"Il4",0.542778296475919,-2.57439924659208,0.028,0.094,1
"Gm28791",0.542788471699581,1.68430721705456,0.042,0.019,1
"Rfk",0.542850493541007,-2.8335138109546,0.014,0.057,1
"H2ac18",0.543097225920105,-0.490641523812833,0.085,0.113,1
"Psmc3ip",0.543198519109994,-0.815801126253324,0.014,0.038,1
"Atp6v1a",0.543973446111459,1.54407463671895,0.099,0.094,1
"Taf1",0.54429500003512,-0.19986865000607,0.211,0.415,1
"Fut10",0.544296436530427,-1.40004311682929,0.042,0.151,1
"Dapk1",0.544303787722819,-0.841061591166838,0.014,0.075,1
"Efcab2",0.544411368501313,-0.815359978119766,0.028,0.075,1
"Traj58",0.544411752080141,2.2366715174036,0.042,0.019,1
"Prex1",0.544592833435279,0.490070832315046,0.254,0.302,1
"Ppa1",0.544854921391753,1.28830920346593,0.183,0.132,1
"Prdm5",0.544859303872714,1.46204832030339,0.07,0.094,1
"Anapc13",0.544862834906215,-1.79179867193139,0.028,0.113,1
"ENSMUSG00000121374",0.544867753365237,1.43246319295158,0.028,0.019,1
"Gm48604",0.544988083392565,-0.50371393532162,0.014,0.019,1
"Gm48678",0.545107983042761,0.90856174986119,0.113,0.057,1
"Hipk1",0.545189790828567,-0.397018779827707,0.155,0.34,1
"Shcbp1",0.545502494368516,-1.05657477944718,0.141,0.264,1
"Dnaaf2",0.545562525858774,-1.08798479378161,0.028,0.113,1
"Mospd3",0.545723524232584,-0.663986026764551,0.028,0.038,1
"Nr3c1",0.545880667699857,-0.32914030188365,0.408,0.585,1
"Tecpr1",0.545997384731793,0.375486118570344,0.183,0.189,1
"Rps4x",0.546211228532082,-0.334480354174405,0.408,0.585,1
"Pstpip1",0.546389042239885,-0.201819663282028,0.197,0.358,1
"Snip1",0.546579552267357,0.925742286947703,0.085,0.075,1
"Actn1",0.546727414609038,0.65750161557589,0.028,0.019,1
"Hnrnpul2",0.546730929315759,-0.864761878799365,0.183,0.34,1
"Serpina3f",0.546775131535491,0.206286110017761,0.028,0.019,1
"Ppp1r12b",0.546818776077457,-0.552796241808082,0.211,0.34,1
"Ticrr",0.546976976042354,0.865985589893533,0.197,0.189,1
"Phf3",0.547194632164623,-0.669899590317022,0.239,0.396,1
"Yif1b",0.547390313084183,-0.764011890612922,0.014,0.038,1
"Mmadhc",0.547390945596269,2.071954145375,0.085,0.057,1
"Cers6",0.54739160043026,1.78886327293109,0.042,0.019,1
"Parp9",0.547496107194279,-0.803044040691864,0.183,0.377,1
"Map3k20",0.547583949191809,0.488554668741981,0.085,0.038,1
"Ftsj1",0.54815744649609,-0.612189046455756,0.056,0.113,1
"Rsph3b",0.548168205565405,-1.76886276702543,0.014,0.038,1
"Agpat1",0.548217253227323,1.00805641895177,0.056,0.057,1
"Ikzf5",0.548356746349511,1.85598171322071,0.056,0.038,1
"Card19",0.548407410113616,-2.98080794897646,0.014,0.057,1
"Tm9sf4",0.548603171532465,-0.844998782699487,0.155,0.302,1
"Pkig",0.548661432220544,-0.25998381481816,0.028,0.094,1
"Tbc1d15",0.548818083651103,0.652273242158164,0.113,0.151,1
"Topbp1",0.548885657734168,0.394328631670763,0.408,0.472,1
"Mlxip",0.548951195191289,-0.445031276893641,0.155,0.264,1
"Lcorl",0.54898604802534,0.669184248941889,0.479,0.509,1
"2310022A10Rik",0.549134156411461,-1.73017655010845,0.042,0.113,1
"Kat14",0.549265989007937,1.10801496626835,0.085,0.057,1
"Slc2a1",0.549324754461802,0.814295046454181,0.211,0.283,1
"Golm2",0.549369106764816,1.17871583893098,0.113,0.094,1
"Rabl6",0.549511480622421,1.18745475368897,0.211,0.208,1
"Utp20",0.549801122451667,0.209522929737528,0.225,0.208,1
"Ptpn18",0.549860062375518,-1.19797126179247,0.169,0.302,1
"BE692007",0.550127895651773,0.155688039155498,0.183,0.208,1
"Srprb",0.550310808785168,2.31872446881216,0.028,0.019,1
"Egln2",0.550626316220201,-0.982244657487709,0.028,0.094,1
"Ralbp1",0.550722540373129,-0.379797840082166,0.127,0.226,1
"Card6",0.55086832934787,-0.763060049691376,0.056,0.151,1
"Ptcd3",0.550948005332974,0.577972053335012,0.239,0.283,1
"H2bc18",0.55118762745777,0.349865886470205,0.07,0.038,1
"2500002B13Rik",0.551422236017059,-2.30818214768035,0.014,0.057,1
"Krtcap2",0.551537480777738,0.232533734961364,0.155,0.189,1
"Psmd4",0.551758185768938,-0.616951710678098,0.113,0.245,1
"Rhot1",0.551870748150475,-0.283931882137907,0.155,0.321,1
"Tomm40",0.552058022526407,-0.614452512912824,0.127,0.264,1
"Bod1",0.552322540045062,0.482883937013195,0.042,0.019,1
"Purb",0.55249451330705,0.163081707485242,0.239,0.264,1
"Acsf3",0.552494884677327,-0.523770599954524,0.014,0.038,1
"Ifi30",0.552619432583405,-0.352832569138685,0.014,0.019,1
"Ifitm3",0.552619432583405,-0.352832569138685,0.014,0.019,1
"Slc39a3",0.552619432583405,-0.352832569138685,0.014,0.019,1
"Rcor3",0.552821364421749,0.318706434097294,0.07,0.075,1
"Unc119b",0.552962296099099,0.644190689492214,0.07,0.038,1
"Rab35",0.552991897258593,1.58122021335596,0.099,0.094,1
"Prickle1",0.552998039414753,0.987306509353678,0.113,0.094,1
"Timm23",0.553045866301698,0.641779690866539,0.324,0.34,1
"Khdrbs3",0.553080796975312,-0.893484753513527,0.014,0.038,1
"Trit1",0.553257641413381,0.97345054696766,0.183,0.151,1
"Ralgps2",0.553616003534576,-0.562564477125567,0.099,0.226,1
"Ltn1",0.553829193472444,0.102706786437536,0.183,0.283,1
"Washc5",0.553863692733519,1.47196863999507,0.141,0.094,1
"Eif4a1",0.553906049283612,-0.510076351552616,0.408,0.528,1
"Aftph",0.554062232102164,-0.494104395965821,0.254,0.453,1
"Mrpl40",0.554305120402957,0.459702425729321,0.07,0.057,1
"Racgap1",0.554312072540739,-0.101177044932804,0.197,0.226,1
"Wdr75",0.554449157661689,1.02403133897994,0.155,0.151,1
"Mtx3",0.554566423150069,-0.887837700351922,0.014,0.038,1
"Luc7l3",0.554591235502301,-0.525655654461196,0.479,0.642,1
"Epn1",0.554683298729829,-1.20907378669135,0.07,0.189,1
"Rnf157",0.555060935331856,0.435762084587407,0.239,0.34,1
"Fbxo5",0.555076080839696,0.626610295236585,0.239,0.226,1
"Pspc1",0.555211556080707,-0.319876781913503,0.31,0.491,1
"Ech1",0.555312897409021,-1.09758290072596,0.07,0.17,1
"Prim2",0.555967368761782,-0.763513173556439,0.225,0.358,1
"Txn1",0.556068993575256,-0.38842390519674,0.239,0.415,1
"Inpp4b",0.556081921196431,-0.234886540534448,0.93,0.962,1
"Ripk2",0.556139443040557,1.76856871943629,0.07,0.019,1
"Vapb",0.556166800204184,1.37149224278638,0.127,0.094,1
"Polr2d",0.556370952573023,-2.15433652427799,0.042,0.151,1
"Nrf1",0.556450086498009,0.621524229448538,0.423,0.472,1
"Stard3nl",0.556496514388644,-3.04930342282874,0.028,0.132,1
"Camta2",0.55717264386036,0.626834964793771,0.042,0.019,1
"Ube2e3",0.557235913643709,-0.802112081161382,0.07,0.151,1
"Sp1",0.557336446468635,-0.706100534044453,0.113,0.245,1
"Tfap4",0.557582582588557,0.183074640113398,0.014,0.038,1
"Ubxn6",0.557977139079115,-2.05182485195044,0.028,0.094,1
"Mrpl38",0.558053337855494,-1.12511600952515,0.014,0.038,1
"Rps5",0.558058768070375,-0.326157468196428,0.394,0.566,1
"Sbf2",0.558094860225885,-1.98553873312479,0.042,0.151,1
"Bcl2a1b",0.558171056460253,-0.590639798843029,0.014,0.038,1
"Birc3",0.558267644218625,0.588336586106597,0.211,0.283,1
"Rab11fip2",0.558510155232959,0.19667482221659,0.169,0.283,1
"Khnyn",0.558906485506214,-0.270269721079289,0.085,0.075,1
"Mbd4",0.558925460279274,-1.00029458094761,0.014,0.094,1
"Rab31",0.558956152070108,-2.70044170398288,0.014,0.038,1
"Sft2d1",0.558975777217676,1.63907033750585,0.085,0.057,1
"Med30",0.559100670955223,0.978819361561056,0.07,0.075,1
"Dynlt3",0.559540502524094,-0.65167915570983,0.028,0.094,1
"9330159M07Rik",0.55970248486627,-0.361739943967916,0.014,0.038,1
"Tlk2",0.559799776586869,0.890161851653916,0.408,0.396,1
"Atxn7l1",0.560081228731103,0.793566738718626,0.38,0.321,1
"Kifc5b",0.560148899718747,-0.884408378929785,0.042,0.132,1
"Zwilch",0.560199985588383,0.602757087857871,0.225,0.226,1
"Zswim3",0.560292703315684,-1.02607277403436,0.014,0.057,1
"Tedc1",0.560349546365534,0.365207135612047,0.042,0.019,1
"Tmem245",0.560416742915145,1.66524456747344,0.113,0.075,1
"Mtif2",0.560475414577159,-0.648102887592526,0.099,0.226,1
"Syne1",0.560541216088454,-0.732785902552963,0.042,0.151,1
"Mrpl21",0.560600624545467,-0.376541937564456,0.085,0.189,1
"4632404H12Rik",0.56068715525627,-0.122405564049856,0.014,0.019,1
"Prkab1",0.56068715525627,-0.122405564049856,0.014,0.019,1
"Tmprss5",0.56068715525627,0.569776669925009,0.014,0.019,1
"Wdr35",0.560718951840641,1.62849548318208,0.028,0.038,1
"4930503L19Rik",0.560805242076469,0.769638992546271,0.099,0.113,1
"Gm43330",0.560828098461026,1.91392992396608,0.028,0.019,1
"Ric8a",0.561023542949624,-1.51860108991765,0.014,0.075,1
"H4c18",0.561026553480005,-0.373739068804292,0.028,0.075,1
"Hdgfl3",0.561125286799862,0.642248582449148,0.127,0.113,1
"Zfp664",0.561242502781316,-0.487630433755326,0.085,0.17,1
"Mdfic",0.561597599826216,-0.116743875392894,0.338,0.472,1
"Batf3",0.561620969477734,0.828372982369971,0.042,0.019,1
"Sptbn1",0.56173541921122,0.89030774748153,0.296,0.34,1
"Kdsr",0.561813453239528,-0.905895678028399,0.056,0.151,1
"Crkl",0.562031590966033,0.756173542126948,0.155,0.17,1
"Atp5a1",0.562208098545257,0.556050842265863,0.282,0.321,1
"Dhx35",0.562239665263937,-0.891328851007114,0.07,0.132,1
"Parp4",0.56261973965967,0.528137818279801,0.197,0.226,1
"Tmem201",0.562624128231722,2.32788649277183,0.07,0.038,1
"Arl5b",0.562753654030116,-0.474048071661,0.056,0.038,1
"Rftn1",0.56321674968727,0.43745551508456,0.239,0.34,1
"Mfsd4b4",0.563333311563626,-1.95409792557432,0,0.038,1
"Pink1",0.563333311563626,-1.95409792557432,0,0.038,1
"Tmem237",0.563333311563626,-1.95409792557432,0,0.038,1
"Cox7a2l",0.563407900872419,1.00235394791013,0.127,0.151,1
"Zfp65",0.563522660713606,-0.100152589788447,0.028,0.075,1
"Sec24a",0.563871086068112,0.581935061596168,0.338,0.377,1
"C1qbp",0.56400682647442,-1.17661905457429,0.056,0.17,1
"Ogt",0.564044772818446,-1.09259496112699,0.282,0.491,1
"Mapk6",0.564067052855061,1.24935994169245,0.211,0.189,1
"Tbx21",0.564267123945788,-1.46059412314462,0.042,0.132,1
"Fam3c",0.564280496934415,-1.2904119973143,0.07,0.17,1
"Gtpbp3",0.564400058403626,0.677630114813946,0.028,0.019,1
"Hsd17b8",0.564449871360567,-1.52104619301225,0.028,0.113,1
"Hmgcl",0.564586996303803,-2.3278095587247,0.014,0.075,1
"Rasa2",0.564777577749987,0.455287895873249,0.423,0.547,1
"Cipc",0.56489159465296,1.60518609157852,0.042,0.019,1
"Rapgef5",0.564991833164443,-0.787448658494441,0.042,0.094,1
"Plec",0.565134584640331,-1.01743183373459,0.155,0.245,1
"Scmh1",0.565296466531056,-0.224675687150256,0.183,0.208,1
"Gm28501",0.565345953436051,2.28802402035766,0.042,0.019,1
"Clcn7",0.565356595471896,-1.49267423302058,0.042,0.057,1
"Gramd1a",0.565398622552495,1.60516206099467,0.113,0.094,1
"G6pc3",0.565446198500135,-1.71272734137653,0.014,0.075,1
"Mtf1",0.565491876386169,-0.968343524870659,0.07,0.17,1
"Map2k5",0.565563197834572,-0.128442062882453,0.268,0.358,1
"Pigo",0.565572043727414,-1.11454943910499,0.014,0.038,1
"Slc12a4",0.565754012836116,0.724323772060163,0.028,0.019,1
"Zfp11",0.565843118309514,-1.54616676318414,0.028,0.057,1
"Tmem39a",0.565872617296532,0.684594992692655,0.113,0.151,1
"Xbp1",0.566113433359998,-0.544316642509073,0.296,0.358,1
"Sidt2",0.566131815744317,1.95874857195839,0.085,0.075,1
"Zscan21",0.566160735735635,1.04465495397196,0.07,0.057,1
"Sec24b",0.566252189637614,-0.673552320258901,0.254,0.321,1
"Trim68",0.566300805611536,0.732797273007626,0.042,0.038,1
"Klhl12",0.566342500879408,-2.07082243212413,0.056,0.132,1
"Ppil3",0.566596997854526,0.492821289614144,0.113,0.094,1
"Gm16093",0.566857721258417,1.42689683678418,0.056,0.019,1
"Dgkd",0.566991271228218,0.396740854539532,0.549,0.528,1
"Ssbp2",0.567154333224482,0.675874844392141,0.268,0.245,1
"Gm11713",0.567157715221937,2.02988617655266,0.028,0.019,1
"Sema7a",0.56723153668618,-2.46374932325244,0.042,0.151,1
"Atxn1l",0.567354514359008,1.63620189028769,0.056,0.057,1
"Smox",0.567548402197715,-1.21164551843816,0.014,0.038,1
"Hikeshi",0.56782687846525,0.7883543921684,0.014,0.057,1
"Gtf2h2",0.567997067737756,0.537252459777322,0.127,0.132,1
"Trpv2",0.568160676543438,-1.44628230520626,0.028,0.094,1
"Ttc7b",0.568167630486379,1.20623691478971,0.197,0.226,1
"Prdm11",0.568272004913687,2.09901728774435,0.028,0.019,1
"Rab18",0.568410252300055,-1.11645996852778,0.042,0.132,1
"Sfmbt1",0.568457723290645,0.621983346754166,0.197,0.264,1
"Hps1",0.568537855915537,0.750839678878725,0.014,0.038,1
"Rsrp1",0.568648198293602,-0.80142560502768,0.183,0.396,1
"Zfp808",0.568664675011559,-1.56579934846347,0.028,0.094,1
"Tmed2",0.568771171949363,0.581278402829141,0.254,0.302,1
"4833438C02Rik",0.56877545160774,-0.5445100555168,0.014,0.038,1
"Zfp830",0.56879146194417,1.18181057827119,0.127,0.075,1
"Rit1",0.568858004836851,0.203452745458591,0.028,0.094,1
"Abraxas1",0.569164225676325,1.28239122566332,0.113,0.094,1
"Dennd1c",0.569241076759281,-0.931856148080466,0.07,0.189,1
"Mettl15",0.569483212881638,0.74031560350777,0.141,0.113,1
"Anapc2",0.569545076329006,0.355371473303699,0.113,0.075,1
"Klc2",0.569731166034374,-2.99426255356921,0.014,0.075,1
"Mrgbp",0.56984195390509,0.940720061417237,0.07,0.038,1
"Cd86",0.569845240903356,-0.838203434990715,0.014,0.038,1
"Dars2",0.570545300012289,1.07829381320007,0.113,0.075,1
"Spag5",0.570964170237995,-1.70209548608312,0.085,0.226,1
"Gng2",0.571220324374137,0.359858020538278,0.31,0.321,1
"Hspbap1",0.571347497442069,1.76462446063263,0.042,0.038,1
"Ift43",0.571699119764937,1.13632357532909,0.028,0.038,1
"Cblb",0.571721882956323,-0.14290228229436,0.535,0.717,1
"Uspl1",0.57174948225057,-0.481563557390897,0.085,0.208,1
"Cers4",0.571816685684079,-1.51009791609743,0.042,0.113,1
"Camk2b",0.571828970102946,-0.321220043271131,0.014,0.038,1
"Vps18",0.571908390728948,-2.71528293668531,0.014,0.038,1
"Ccdc173",0.571911766262602,0.888360329715639,0.028,0.019,1
"Gabpb1",0.57196408474808,1.14322952982285,0.211,0.208,1
"Prlr",0.572027531994428,-0.935799214652122,0.014,0.038,1
"Snrpb2",0.572035348470782,-0.654892042025447,0.056,0.132,1
"Isca2",0.572103177713932,-1.19000670631372,0.028,0.038,1
"Slc33a1",0.572366719765693,-1.00189100177245,0.056,0.151,1
"Mpv17l2",0.572399016680746,-1.06077263165717,0.014,0.038,1
"Arl4a",0.572577878517806,-0.690691196079704,0.07,0.151,1
"Rsbn1l",0.572590557789601,0.118026764472437,0.38,0.509,1
"Gm12743",0.57266173699101,1.14421368907695,0.042,0.019,1
"Sos1",0.572819200631373,-0.247549861942131,0.169,0.358,1
"Ercc2",0.57311500129768,-1.22438845341474,0.028,0.094,1
"Polr1f",0.573245255210586,-1.10607527086046,0.056,0.132,1
"Bcl6",0.573411741333723,-1.0802908360506,0.014,0.057,1
"Atp11a",0.573547890886219,0.890327486786011,0.127,0.132,1
"Gtf3c1",0.573763274711892,-0.257928477781323,0.197,0.34,1
"Atp11b",0.573866050073327,0.429243208702736,0.549,0.566,1
"Nudt16",0.574054833179803,-1.80062786271658,0.014,0.038,1
"Nphp1",0.574293575603829,0.577937903447256,0.014,0.038,1
"Gm28375",0.574333370856251,-1.54271445448236,0.014,0.038,1
"Hat1",0.574479837547199,0.104896530651326,0.141,0.226,1
"Gfpt1",0.574664092349934,-0.709093563065786,0.07,0.17,1
"H2bc6",0.574754662119655,1.34468090483359,0.099,0.094,1
"Ube2b",0.574793288727238,-0.960972492422412,0.141,0.283,1
"Riok3",0.574837705527144,-0.219409932123641,0.225,0.415,1
"Gm26510",0.57495577115158,0.736938589522204,0.169,0.189,1
"Tcf12",0.574976322926552,0.285342361289162,0.662,0.679,1
"Nudt1",0.575074790782677,-1.23585523213832,0.014,0.019,1
"Rabgap1l",0.575138796360955,-0.353036883983734,0.606,0.774,1
"Emp1",0.575317469784069,0.920355174019027,0.028,0.019,1
"Ccz1",0.575466808941206,0.677429209460804,0.183,0.151,1
"Osbpl2",0.575537119551673,-2.8817954226284,0.014,0.075,1
"Slc22a5",0.575677425176236,-1.69603549195435,0.042,0.151,1
"Egr1",0.575755949223046,-1.23971391311366,0.028,0.019,1
"Pa2g4",0.576152253604127,-0.292044071750486,0.268,0.396,1
"Rtf2",0.576358617483676,-0.383670783867816,0.169,0.302,1
"Gpx4",0.576419458125209,0.39253486021174,0.07,0.094,1
"Urb1",0.576564820588524,1.17248031603312,0.127,0.094,1
"Ccser2",0.576790622412634,0.620769077197511,0.239,0.226,1
"Zfp513",0.576870786626873,-0.621149593614394,0.014,0.094,1
"Pkn1",0.576899307115587,0.259907806827518,0.296,0.302,1
"Col11a2",0.576923041054457,0.785248502961927,0.014,0.038,1
"Trmt2a",0.57715878633343,1.569200690291,0.099,0.057,1
"Xlr4c",0.577162384063339,-1.79916608279763,0.014,0.038,1
"Eif3l",0.57739678729423,-0.799595048810927,0.099,0.208,1
"Mocs2",0.5775770902169,-1.4570918883585,0.028,0.075,1
"Krr1",0.577603042489064,-0.35294369302606,0.028,0.113,1
"9930111J21Rik2",0.577625537188116,0.667790413845081,0.099,0.113,1
"Zfp426",0.578177665916008,0.26284284343094,0.099,0.113,1
"Suv39h1",0.578309158674188,-0.613750578405914,0.07,0.17,1
"Cd8a",0.578382875924883,-0.46836207031969,0.07,0.132,1
"Xrcc5",0.578397191801835,1.04223066118957,0.169,0.17,1
"Samd4b",0.57842359395234,1.24218222373263,0.127,0.075,1
"Ifi202b",0.578439729523006,0.40989947541016,0.014,0.038,1
"Wars2",0.578702711964116,0.119181171778755,0.056,0.132,1
"Mrpl19",0.57871689515785,1.14435883723707,0.056,0.019,1
"Arf4os",0.578879147978892,-0.79598739851872,0.014,0.038,1
"Mcts1",0.578895823710844,-0.373186204193455,0.07,0.189,1
"Rnf19b",0.579187453238552,-0.218552992750697,0.296,0.321,1
"Wbp11",0.579232550117475,-0.82252824281261,0.141,0.302,1
"Dapk2",0.579474356705842,-1.56672314762039,0.028,0.075,1
"Banf1",0.579566962507487,-1.27985390552854,0.085,0.208,1
"Pam16",0.580052430046805,-1.99220643255014,0.014,0.075,1
"Tmed4",0.580193595182173,2.80822300135464,0.056,0.038,1
"Mgat4a",0.58045843975801,0.20590394203999,0.211,0.358,1
"Golgb1",0.580697220619735,-0.739702710379774,0.183,0.264,1
"Fech",0.581302461810955,0.82222123303256,0.085,0.075,1
"Bri3",0.581376124734284,-1.37722861815178,0.042,0.132,1
"Dda1",0.581417014417292,1.09171705123083,0.085,0.094,1
"Mrpl58",0.58161907998236,-2.2917297347578,0.042,0.151,1
"Hycc1",0.581698503146182,0.590384616804652,0.197,0.208,1
"Zfhx2",0.58175289309024,-0.771210793002616,0.028,0.038,1
"Ptpn6",0.582002617747427,-0.506817421440491,0.113,0.245,1
"Siva1",0.582018511562604,-0.781427457834656,0.07,0.151,1
"Dot1l",0.582131420123522,1.23902609344664,0.141,0.113,1
"Mrps17",0.582187191093046,-0.987577738710325,0.056,0.17,1
"Gimap1os",0.582306733724542,0.891109923125996,0.099,0.113,1
"Epsti1",0.582416227889253,0.372249715245057,0.296,0.396,1
"Bpnt2",0.582559907109797,1.22203925542627,0.113,0.094,1
"Abtb2",0.582575999240186,-0.141363072695972,0.394,0.396,1
"Ptpn23",0.582714389401831,-0.515446804837436,0.085,0.151,1
"Vti1b",0.582810746258747,-0.68561176161123,0.141,0.264,1
"Mapkbp1",0.582973710529265,2.21543974269129,0.042,0.038,1
"Gm43254",0.583001958812945,-0.833417110567294,0.014,0.038,1
"Zfp709",0.583035265987882,1.14335163976153,0.028,0.019,1
"Nucb2",0.583133232766453,1.80834701268456,0.028,0.019,1
"Mapre1",0.583150919901424,-0.480980306911741,0.169,0.34,1
"Ddt",0.58323699518551,-0.139457647082022,0.028,0.075,1
"Car12",0.583296609875194,-0.418846958092988,0.155,0.264,1
"Prpf38a",0.58331335281246,0.332218528979773,0.155,0.17,1
"Mllt3",0.583460175206467,-0.275125056316495,0.69,0.811,1
"Snx30",0.583595517523598,1.2475957299763,0.042,0.019,1
"Tprgl",0.583614741038904,-0.347081224229958,0.028,0.113,1
"C2cd2",0.583674743683871,1.16252045875278,0.056,0.038,1
"Zfp456",0.583853411887334,-0.407633280509436,0.014,0.019,1
"Mthfsd",0.583864528912564,2.33917970866462,0.085,0.075,1
"Skic3",0.584256422140947,-0.672326516569706,0.197,0.302,1
"Stam2",0.58426177746629,-0.790130622076513,0.155,0.302,1
"Pard6g",0.584311871075828,1.26727003692017,0.113,0.057,1
"Gldc",0.584358395501995,2.44802321338501,0.028,0.019,1
"Gramd1b",0.584381215635963,-0.145205863163896,0.563,0.717,1
"A630023P12Rik",0.584634684237574,1.87436970995528,0.042,0.038,1
"1700055D18Rik",0.584788118650045,-1.42161030936495,0,0.019,1
"9130204K15Rik",0.584788118650045,-1.42161030936495,0,0.019,1
"A630066F11Rik",0.584788118650045,-1.42161030936495,0,0.019,1
"Art2b",0.584788118650045,-2.00650068434976,0,0.019,1
"B930046K06Rik",0.584788118650045,-1.42161030936495,0,0.019,1
"B930094E09Rik",0.584788118650045,-1.42161030936495,0,0.019,1
"C230037L18Rik",0.584788118650045,-1.42161030936495,0,0.019,1
"Ccdc142",0.584788118650045,-1.42161030936495,0,0.019,1
"Ccdc28b",0.584788118650045,-1.42161030936495,0,0.019,1
"Cdc42bpg",0.584788118650045,-1.42161030936495,0,0.019,1
"Cfap141",0.584788118650045,-1.42161030936495,0,0.019,1
"Crb1",0.584788118650045,-2.00650068434976,0,0.019,1
"Crmp1",0.584788118650045,-2.00650068434976,0,0.019,1
"Cyp4f16",0.584788118650045,-1.42161030936495,0,0.019,1
"Dab2ip",0.584788118650045,-1.42161030936495,0,0.019,1
"Decr2",0.584788118650045,-1.42161030936495,0,0.019,1
"Dipk1b",0.584788118650045,-1.42161030936495,0,0.019,1
"Eif4ebp3",0.584788118650045,-1.42161030936495,0,0.019,1
"Enpp3",0.584788118650045,-1.42161030936495,0,0.019,1
"Fam174b",0.584788118650045,-1.42161030936495,0,0.019,1
"Fbxl19",0.584788118650045,-2.00650068434976,0,0.019,1
"Garnl3",0.584788118650045,-1.42161030936495,0,0.019,1
"Gm13448",0.584788118650045,-1.42161030936495,0,0.019,1
"Gm26737",0.584788118650045,-1.42161030936495,0,0.019,1
"Gm28935",0.584788118650045,-1.42161030936495,0,0.019,1
"Gm29684",0.584788118650045,-1.42161030936495,0,0.019,1
"Gm44759",0.584788118650045,-1.42161030936495,0,0.019,1
"Gm56776",0.584788118650045,-1.42161030936495,0,0.019,1
"Gmppa",0.584788118650045,-1.42161030936495,0,0.019,1
"Hpn",0.584788118650045,-1.42161030936495,0,0.019,1
"Ifi204",0.584788118650045,-1.42161030936495,0,0.019,1
"Khk",0.584788118650045,-1.42161030936495,0,0.019,1
"Lrrc49",0.584788118650045,-1.42161030936495,0,0.019,1
"Map2k3os",0.584788118650045,-1.42161030936495,0,0.019,1
"Ncs1",0.584788118650045,-1.42161030936495,0,0.019,1
"Nhsl2",0.584788118650045,-1.42161030936495,0,0.019,1
"Nol4l",0.584788118650045,-1.42161030936495,0,0.019,1
"Npff",0.584788118650045,-1.42161030936495,0,0.019,1
"Nudt22",0.584788118650045,-1.42161030936495,0,0.019,1
"Orai3",0.584788118650045,-1.42161030936495,0,0.019,1
"Otud3",0.584788118650045,-1.42161030936495,0,0.019,1
"Oxld1",0.584788118650045,-1.42161030936495,0,0.019,1
"Plekha6",0.584788118650045,-1.42161030936495,0,0.019,1
"Poll",0.584788118650045,-1.42161030936495,0,0.019,1
"Rasgef1b",0.584788118650045,-1.42161030936495,0,0.019,1
"Rasip1",0.584788118650045,-1.42161030936495,0,0.019,1
"Rogdi",0.584788118650045,-1.42161030936495,0,0.019,1
"Sdr42e1",0.584788118650045,-1.42161030936495,0,0.019,1
"Slc12a5",0.584788118650045,-1.42161030936495,0,0.019,1
"Spaca6",0.584788118650045,-1.42161030936495,0,0.019,1
"Tektip1",0.584788118650045,-1.42161030936495,0,0.019,1
"Tex52",0.584788118650045,-1.42161030936495,0,0.019,1
"Thnsl2",0.584788118650045,-1.42161030936495,0,0.019,1
"Tmub1",0.584788118650045,-1.42161030936495,0,0.019,1
"Trim17",0.584788118650045,-1.42161030936495,0,0.019,1
"Trim32",0.584788118650045,-1.42161030936495,0,0.019,1
"Upp2",0.584788118650045,-2.00650068434976,0,0.019,1
"Zfp607b",0.584788118650045,-1.42161030936495,0,0.019,1
"Zfp667",0.584788118650045,-1.42161030936495,0,0.019,1
"Zfp775",0.584788118650045,-1.42161030936495,0,0.019,1
"Tubgcp6",0.584869999606658,-1.33610979942896,0.028,0.094,1
"Mx2",0.584876789310826,-0.584421659678526,0.014,0.019,1
"Mlec",0.584943629700089,0.817877778452713,0.296,0.302,1
"Epm2aip1",0.585098607218221,-0.14189256324673,0.056,0.057,1
"Casp8ap2",0.585198681579603,-0.626663812546061,0.225,0.377,1
"Chd9",0.585633965385155,-0.556742699138065,0.225,0.396,1
"C030034I22Rik",0.585718733878191,-0.471414660512902,0.014,0.057,1
"Sde2",0.585791251534535,-0.33515658598288,0.056,0.132,1
"Rab3gap1",0.585815818083057,-0.127321296128504,0.254,0.415,1
"Dnlz",0.585830005114293,1.88610683652824,0.028,0.019,1
"Tlnrd1",0.585933041035423,-2.43433599103721,0.014,0.038,1
"Ddx31",0.586013291138964,1.26375756075397,0.183,0.151,1
"Cln6",0.586075423549687,2.06500423725404,0.028,0.019,1
"Yju2",0.586306497082036,-1.06347013707641,0.042,0.113,1
"Thoc6",0.586320884921126,-0.756552616284229,0.028,0.019,1
"Yars2",0.586475270318336,1.8216391492967,0.07,0.019,1
"Rasgrp4",0.586536257973158,-3.45578497384187,0.014,0.038,1
"Clpp",0.586658693992951,-0.418586044161129,0.042,0.094,1
"Lamp1",0.587270814642232,-0.132825928569451,0.127,0.283,1
"Zranb3",0.588235666507604,-0.355149844674194,0.127,0.132,1
"Ttc13",0.588279278038039,1.163237884368,0.141,0.132,1
"Mss51",0.588415421585488,-1.10292630443562,0.042,0.094,1
"Cdv3",0.588421500450712,-0.103486424740184,0.225,0.358,1
"Uqcc1",0.588465117353566,0.75766782820088,0.169,0.208,1
"Uggt1",0.588519071885126,0.613410429763059,0.352,0.377,1
"Sbno1",0.588806541837806,0.662723419910966,0.437,0.434,1
"Ift140",0.58886997338577,0.14664955577323,0.056,0.132,1
"Zfp346",0.588976584094275,-0.365128365467672,0.169,0.302,1
"Tef",0.58912218305224,2.46619011857198,0.028,0.019,1
"Abt1",0.589199208020216,0.762595203415009,0.042,0.038,1
"2300009A05Rik",0.589342021820994,-0.351118768802202,0.028,0.038,1
"Ncapd3",0.589417154235422,0.13052252621838,0.324,0.472,1
"H2ac11",0.589559542622148,-0.43054666346184,0.028,0.038,1
"Rgs12",0.589609494919244,-0.660078110756674,0.056,0.132,1
"Mpnd",0.589713038733508,-0.317697586853463,0.028,0.057,1
"Irf9",0.589863405399339,1.26226830266979,0.113,0.113,1
"Gm12216",0.590203259416404,-0.951407462482244,0.07,0.189,1
"Glyr1",0.590272426490882,-0.376392969054842,0.155,0.34,1
"Dnajc9",0.590275739688146,-2.20000987605793,0.056,0.132,1
"Wdr41",0.590347130382803,-0.767776113777789,0.028,0.075,1
"Zkscan3",0.590382848926443,-1.21366491254361,0.085,0.208,1
"Rab14",0.590502738154295,0.655338241572886,0.324,0.377,1
"Ucp2",0.590534695412929,0.715044578502227,0.296,0.283,1
"Wasl",0.590589057721324,-0.23019349151593,0.197,0.358,1
"4930557K07Rik",0.59074654540053,2.09527997607677,0.028,0.019,1
"Slc39a14",0.590763127712867,0.771446588803314,0.07,0.057,1
"Gm57162",0.590966640258676,1.02753396302708,0.028,0.038,1
"Trmt13",0.591067593018469,-0.228694373885714,0.07,0.208,1
"Nfe2l1",0.591082964030871,0.549340250101503,0.127,0.113,1
"Krit1",0.591110025808728,0.303967894556257,0.268,0.34,1
"Vopp1",0.591156523098679,1.15859311248901,0.113,0.113,1
"Hp1bp3",0.591334207082149,0.36134730550836,0.268,0.34,1
"Akr1c12",0.591564781751353,-0.421939808486655,0.014,0.019,1
"D330041H03Rik",0.591564781751353,-0.421939808486655,0.014,0.019,1
"Zfp800",0.591619490030049,-0.127438146358193,0.197,0.358,1
"Mrpl46",0.591740039638665,1.7309628197643,0.07,0.038,1
"Casp1",0.591779213585005,0.647543012079808,0.028,0.038,1
"Fbln1",0.591877551003222,1.76839685694857,0.056,0.019,1
"Flt3l",0.592058244581182,0.7992301002848,0.113,0.151,1
"Nploc4",0.592062615855152,-0.418861465526883,0.141,0.245,1
"Pkn2",0.592164016955215,0.262089687096463,0.465,0.528,1
"Ttc38",0.59217556759206,1.93818904587188,0.028,0.019,1
"Cd69",0.59224179018902,0.377728397369927,0.155,0.151,1
"Eef1d",0.592410376176421,-0.472756195278082,0.113,0.208,1
"Lasp1",0.592525084668121,-0.33587619918403,0.239,0.377,1
"Sirt7",0.592548454305721,-0.354250310956344,0.07,0.132,1
"Plekhm2",0.592665306808928,-1.73219732563398,0.028,0.075,1
"Them4",0.592869305829103,-1.31776425087084,0.014,0.038,1
"Kif11",0.592988979665765,0.290820507057284,0.437,0.509,1
"Gm47015",0.593064541755223,1.09744124676096,0.141,0.094,1
"Gm42659",0.593243009358674,1.4337701233766,0.056,0.038,1
"Snx29",0.593566919986518,1.31735400641503,0.113,0.075,1
"Sobp",0.593793763825625,0.51681746125396,0.042,0.019,1
"Dynlt1a",0.593839705354337,2.30765375176983,0.056,0.019,1
"Ak6",0.594078297915012,-1.5120507638801,0.028,0.113,1
"Vps53",0.594466094031649,0.421814224021237,0.056,0.132,1
"Mif",0.594608579290366,0.12718304840933,0.268,0.302,1
"Fam98a",0.594742941712521,1.09039554810496,0.099,0.057,1
"Nek2",0.594865318858412,-0.311790697024131,0.07,0.132,1
"Arap1",0.595021363294875,-0.911912120509136,0.014,0.075,1
"Erbin",0.595140173958433,-0.464646546853243,0.366,0.509,1
"Ufc1",0.595158694658527,0.996734238528538,0.099,0.132,1
"2010001A14Rik",0.5953838366474,2.13599839034653,0.028,0.019,1
"Uevld",0.595653363387424,-0.719707881679329,0.07,0.189,1
"C920021L13Rik",0.595680354022161,2.2442470090233,0.028,0.019,1
"Tes",0.595783008391224,-0.424760598467974,0.296,0.453,1
"Serf2",0.595805193062073,0.21738541582143,0.282,0.396,1
"Abcb10",0.596075807816972,1.51632625577961,0.028,0.019,1
"Anxa5",0.596178487364444,1.47768757827123,0.085,0.038,1
"Lamtor5",0.596247127111513,1.26258108623853,0.085,0.075,1
"Dnajb6",0.5962872939104,0.3986121974215,0.366,0.396,1
"Gm11508",0.596438770748754,2.17419995565495,0.07,0.038,1
"Rab24",0.596486931187564,-1.59134708190774,0.042,0.132,1
"Wipf1",0.596780406865195,0.304069324757068,0.465,0.623,1
"H2-Q6",0.596816524552503,1.0996825557185,0.113,0.132,1
"Gm49539",0.596986184276632,-1.32495528423668,0.028,0.075,1
"Fancg",0.597082525274261,-0.648011272684125,0.014,0.057,1
"Pigl",0.597242759933728,-1.63001040771269,0.028,0.094,1
"Slc39a7",0.597265941894736,0.498404576361915,0.056,0.151,1
"Dnah8",0.597421823140524,0.441740073640351,0.338,0.434,1
"Zfp236",0.597485286110093,0.178628284237121,0.113,0.245,1
"Coasy",0.597757070400657,0.688157309991861,0.042,0.038,1
"Trmt44",0.598087903201915,1.05945672171639,0.07,0.038,1
"P2ry10b",0.598099618646385,-0.688634648697361,0.014,0.038,1
"Tm9sf1",0.598170206231209,1.08354403421917,0.07,0.075,1
"Melk",0.598186204158645,-0.219796940237889,0.127,0.226,1
"Fam104a",0.598261220597394,-0.350934699001331,0.113,0.226,1
"Mta1",0.598501105778727,-1.10822969179658,0.099,0.208,1
"Ccdc61",0.598528862543057,-0.839963294873338,0.07,0.075,1
"Cyb5d1",0.598648971647731,2.27267860673753,0.028,0.019,1
"Ncbp1",0.598760891080849,0.475850867855639,0.225,0.226,1
"Zdhhc5",0.598806073343221,-0.498071366610925,0.085,0.17,1
"Pcca",0.598899106740234,0.222145329217265,0.31,0.396,1
"Ngdn",0.599045632137553,-1.61887073478793,0.042,0.132,1
"Scoc",0.599295704900446,-1.04316374247085,0.028,0.094,1
"Taf13",0.599539068816664,0.399317877648601,0.07,0.057,1
"Map2k2",0.599563672009222,-0.433016428423649,0.127,0.226,1
"Ywhag",0.59957106854169,1.01027380996685,0.239,0.226,1
"Cdipt",0.599600424011354,-1.00702018380223,0.042,0.094,1
"Tnpo2",0.599665047579744,-0.162881916709052,0.141,0.264,1
"Ints12",0.599709430557177,-0.987636368023231,0.028,0.038,1
"Eid1",0.599728584183858,-0.766653427690944,0.056,0.132,1
"Ugp2",0.59992152055197,1.23107422302181,0.183,0.17,1
"Tmem86b",0.600004919522014,1.8999278656856,0.028,0.038,1
"Ppia",0.600186815202351,-0.173465225585737,0.493,0.547,1
"Il24",0.600198938446964,1.3001393089083,0.042,0.019,1
"Ap2a2",0.600209881089338,-0.58152753470997,0.169,0.283,1
"Trmt6",0.600272506567509,0.531836112651457,0.127,0.113,1
"Aida",0.600821822607448,-0.576679870596122,0.042,0.132,1
"Dnai4",0.600861751932944,1.09218586873169,0.099,0.075,1
"Pcbp1",0.601056873702177,0.468148133047304,0.197,0.264,1
"Exoc6b",0.601499346450877,-0.619993935574016,0.296,0.415,1
"Map3k7",0.601590875416702,0.288708108360967,0.296,0.302,1
"Hnrnpl",0.601642905748951,0.168848373655765,0.31,0.377,1
"Arhgef6",0.601984861617297,0.438180969789307,0.394,0.415,1
"S1pr1",0.602169948616196,2.28984849339098,0.028,0.019,1
"Rab4a",0.602252487515779,-1.444136346703,0.014,0.038,1
"Eif4e",0.602686139639224,-0.24561871085311,0.211,0.377,1
"Sox5",0.602823688429791,-0.78065983894094,0.014,0.038,1
"Elk3",0.602913571021769,-0.373327304155932,0.169,0.189,1
"Pias4",0.602918856234348,0.918983790614999,0.099,0.075,1
"Mrpl4",0.602959607733698,-0.45488151731216,0.056,0.151,1
"Card11",0.602987551278571,0.119488674414288,0.282,0.453,1
"Derl2",0.603105182031,1.0384357598967,0.113,0.132,1
"Prpf38b",0.603354347776226,-0.155335409805657,0.38,0.566,1
"E2f7",0.603579653122521,0.12085742832139,0.155,0.208,1
"Hsh2d",0.603743475258381,0.503973972908419,0.099,0.057,1
"Acss2",0.603844413101386,-2.40828482499496,0.014,0.038,1
"Havcr2",0.604248845425964,0.939669084263133,0.042,0.019,1
"Zfp36l1",0.6043932329515,-0.290951008825394,0.127,0.132,1
"Rnasek",0.604503671575011,-1.4295335056849,0.014,0.094,1
"Abi1",0.604704972731735,0.313265614226396,0.423,0.453,1
"Gpam",0.604778291501638,1.56892895382822,0.056,0.038,1
"Bbs9",0.605036374235045,-0.412827155478124,0.169,0.302,1
"Ubr2",0.605162346020407,-0.335539653048127,0.254,0.415,1
"Srsf7",0.605222847588833,-0.203090354375553,0.296,0.34,1
"Camk1d",0.605286965435772,-0.229209331630157,0.662,0.717,1
"Gadd45gip1",0.605525781480678,0.809694239490718,0.085,0.075,1
"Nadsyn1",0.605643145451579,-2.74928076484748,0.014,0.038,1
"Tgtp2",0.605888349262125,-0.615302494851705,0.056,0.151,1
"Ddx21",0.60613105523197,0.249698415450487,0.38,0.528,1
"Hsd17b10",0.606165809919395,-1.27717903449009,0.028,0.113,1
"Ahi1",0.606270638794365,0.200125339949804,0.141,0.113,1
"Prpf4b",0.606344856516747,-0.408692179655189,0.423,0.547,1
"Sgcb",0.606458137296579,1.24653917292087,0.056,0.038,1
"Rcbtb1",0.606626157357833,0.542639459147252,0.211,0.17,1
"Kctd9",0.606719132347626,-0.959755766496813,0.042,0.151,1
"Gdf11",0.606860230056058,-0.615188599181498,0.028,0.038,1
"Zfp748",0.607100698040149,-1.16445155431585,0.028,0.075,1
"Xpo4",0.607221085358751,-0.364834663065039,0.324,0.415,1
"Irf2bp2",0.607342712113508,-0.362041386045334,0.113,0.264,1
"Malt1",0.607346922792699,-0.338986098984359,0.338,0.509,1
"Sfxn2",0.607492911427187,1.31687892681558,0.028,0.019,1
"4833439L19Rik",0.607495724492793,0.764284461607269,0.085,0.113,1
"Hspe1-rs1",0.607567708896536,-1.83127642054818,0.014,0.038,1
"Abcc10",0.607607895730628,-1.2043168070862,0.028,0.057,1
"Coro7",0.607812753179551,-0.265088580701783,0.197,0.358,1
"Ncoa6",0.607903679745332,0.373722428536459,0.197,0.358,1
"Usp24",0.607909045443884,0.753105192921486,0.366,0.396,1
"Ezh2",0.608307251795217,-0.110034756715955,0.521,0.698,1
"Otud5",0.608345640802255,-0.216690346727879,0.127,0.226,1
"Gm47772",0.608372451421801,-0.243028482809065,0.028,0.038,1
"Slc20a2",0.608435472918925,-0.217285764912207,0.099,0.189,1
"Wrnip1",0.608600926472206,-1.07606410803352,0.042,0.038,1
"6330418K02Rik",0.608891284617933,1.9056615127631,0.042,0.019,1
"Nufip2",0.609209399339601,-0.139223366646908,0.394,0.547,1
"Pilrb1",0.609368605300013,-0.416772146751758,0.028,0.038,1
"Tmem126b",0.609463532837458,0.404263435040158,0.042,0.019,1
"Srcap",0.609537674683792,0.129188644257243,0.254,0.321,1
"Cst7",0.609717889087446,-0.932455688975823,0.028,0.075,1
"Eya3",0.609965242267299,-0.249011210774479,0.254,0.396,1
"Sars2",0.610121621442649,-1.87058227449826,0.028,0.075,1
"Zfand5",0.610337824371248,-0.665531049849753,0.169,0.321,1
"Gyg",0.610481306706789,1.66015297075651,0.014,0.038,1
"Ltv1",0.61051650443317,1.24181875456579,0.113,0.075,1
"Dennd2c",0.610564209094647,1.94272528847862,0.113,0.094,1
"Hmbs",0.610750008615757,-0.713160115873438,0.028,0.094,1
"Pmf1",0.610836263424115,2.30433445356286,0.028,0.019,1
"Gatad1",0.610995628543189,0.593526667857894,0.183,0.17,1
"Lrsam1",0.611086086182729,1.89722082083861,0.028,0.019,1
"Bltp1",0.611255412671666,0.335960177617124,0.507,0.528,1
"Mbd5",0.61125739095887,0.30467804311516,0.493,0.585,1
"Cops3",0.611483231338369,-0.393686366094657,0.07,0.189,1
"Gm56785",0.611796958241262,-1.64152114109463,0.014,0.038,1
"Zfp329",0.612021500099922,0.667617377047654,0.141,0.132,1
"Smim8",0.612161668006376,1.82279381155323,0.056,0.019,1
"Tmem179b",0.612190082878589,0.294854202640245,0.07,0.057,1
"Idnk",0.61226048561441,-0.255131858282498,0.085,0.17,1
"Mterf1b",0.61237304209922,0.133496206573646,0.014,0.038,1
"Ccdc88c",0.612576676378984,0.287498750292911,0.394,0.509,1
"Kat8",0.612585955148234,-0.158040727143595,0.028,0.019,1
"Cdc5l",0.612589205729528,-0.159762804585372,0.239,0.264,1
"Rfx7",0.612655065147598,-0.268164771308029,0.521,0.698,1
"Mtrex",0.612776213767635,0.47708691509562,0.338,0.321,1
"Prrc1",0.61303398917833,1.38636254804233,0.085,0.057,1
"Sugct",0.613035026570497,-1.69481415826575,0.014,0.075,1
"Ndufv1",0.613176140752348,-1.52562914396954,0.028,0.075,1
"Ndrg3",0.613285123699704,-1.11636097487316,0.056,0.151,1
"Vps8",0.613364686960298,1.92643173850475,0.141,0.113,1
"Usp14",0.613374271201406,0.447794339986109,0.211,0.245,1
"Fam162a",0.613391472797483,1.50273583113745,0.169,0.208,1
"Lbh",0.61343194190795,1.08271283008134,0.085,0.075,1
"Emc10",0.613463004875941,-1.08073271433487,0.056,0.132,1
"Lgals8",0.613484963661631,0.49365069337263,0.113,0.132,1
"Tbcel",0.613517859232416,0.588695227319726,0.169,0.151,1
"Akt3",0.613577336743891,0.288326128978482,0.338,0.453,1
"3110009E18Rik",0.613732127890077,-0.615822121659727,0.014,0.038,1
"Fndc3a",0.613916959324485,0.448457452844544,0.535,0.642,1
"Atp8a1",0.61416858238997,-0.198010363735669,0.169,0.34,1
"Tnrc6b",0.614197536084088,0.261588636078414,0.535,0.642,1
"Rpl36a",0.614267645918867,-0.713146970433714,0.268,0.34,1
"Ext1",0.614297952111849,1.22756886313349,0.183,0.189,1
"Ccdc82",0.61451322975137,-0.556740636694215,0.141,0.283,1
"Tmem60",0.614804086112674,-2.41464446337874,0.014,0.038,1
"Hirip3",0.615079586430766,-0.297281189024302,0.141,0.264,1
"Mmab",0.615092865759491,0.488622703946655,0.014,0.038,1
"Gtse1",0.615093491183896,-0.735028475975198,0.099,0.245,1
"Emsy",0.61523599948047,0.416388264808672,0.169,0.226,1
"Pias1",0.615310178745993,0.129493723902622,0.254,0.396,1
"Vps39",0.615314753731168,-1.32187439669014,0.028,0.113,1
"Traf2",0.615436776246294,-0.689158780737839,0.028,0.075,1
"Ankle2",0.615556865443599,-0.295298019166636,0.113,0.208,1
"Cog6",0.615734498222604,-0.54412635043475,0.028,0.038,1
"Zfp1",0.615890102998571,-0.336262958445816,0.056,0.132,1
"Uchl5",0.615913931928568,0.507991256285504,0.239,0.245,1
"Rpl29",0.616078918879486,0.115796246535625,0.141,0.17,1
"Ppm1f",0.61621208975455,-0.654821400103249,0.042,0.094,1
"1110059G10Rik",0.616242331524615,2.33418625224441,0.028,0.019,1
"Crtc3",0.616330414055924,-0.316535508739223,0.268,0.434,1
"Rpusd4",0.61636782507825,2.07492707910242,0.042,0.019,1
"Hmgn2",0.616713281812548,0.443633946080549,0.239,0.264,1
"Etfb",0.616923623465278,-1.50629524254951,0.056,0.113,1
"Fbxo31",0.616962832699531,-1.36706683753341,0.028,0.038,1
"Specc1l",0.616975855233139,0.194307861099348,0.211,0.189,1
"Riok2",0.617197820539655,-1.16107370022709,0.113,0.226,1
"Fryl",0.617259488374447,0.227763535606394,0.408,0.528,1
"Ndufs6",0.617309128919791,0.340702299730096,0.141,0.151,1
"Synj2",0.617508492844751,-1.58205870417803,0.028,0.075,1
"Gnas",0.617530449146571,0.179044693883895,0.408,0.509,1
"Emc1",0.617617195148964,-0.710817610591067,0.07,0.132,1
"Imp4",0.617666398145539,0.905602396503049,0.099,0.075,1
"Lmbrd2",0.617667146834205,-1.0392335236715,0.127,0.264,1
"Gm4951",0.617820680275841,-0.635967695023142,0.31,0.453,1
"6530409C15Rik",0.617883387686502,1.88047777290569,0.042,0.019,1
"Cdc14b",0.618059169071955,-1.44237472727911,0.056,0.132,1
"Fbrs",0.618261222712905,-0.908564889156229,0.042,0.113,1
"Acaa2",0.618356862263595,1.07277858659853,0.07,0.057,1
"Arpc1a",0.618617744900518,1.32893150664738,0.113,0.094,1
"Acat1",0.618816005120603,-0.47530315714837,0.099,0.189,1
"Setd4",0.619005497503101,0.257862160135371,0.028,0.038,1
"Fam136a",0.619210852560095,-0.609433673315829,0.085,0.132,1
"Zfp335",0.619565133227055,-0.48111560678059,0.056,0.132,1
"Gm9993",0.619601973812006,0.298188976245416,0.155,0.113,1
"Trp53bp1",0.619894275897902,0.764095211195459,0.169,0.151,1
"Dusp12",0.619930756239733,-1.95917791422507,0.042,0.132,1
"Rrm2b",0.619993237138222,-1.22417679462916,0.028,0.094,1
"Frmd8",0.620110401211112,-0.180327829415731,0.099,0.208,1
"Ilk",0.620165770508722,-1.88475558790751,0,0.038,1
"Zfp606",0.620165770508722,-1.88475558790751,0,0.038,1
"Gm41541",0.620425585369141,0.370271373062069,0.042,0.019,1
"Ocrl",0.620557734459431,-1.6845289002447,0.056,0.151,1
"Xylt1",0.620779468647778,-1.59904873222383,0.056,0.151,1
"Icam1",0.62087627732807,-0.31176816117187,0.085,0.132,1
"Mink1",0.620876918271569,-0.373893792905651,0.099,0.226,1
"Palld",0.621050077730739,0.899954599257501,0.014,0.038,1
"Pole4",0.621098004387548,0.217742526732083,0.113,0.132,1
"Cops4",0.621109552786013,0.648346315512492,0.141,0.17,1
"Stk38",0.62113069846514,-0.729981265869204,0.127,0.283,1
"Gstcd",0.62114557808815,0.789741650101801,0.254,0.226,1
"Ifi209",0.621206533496522,2.26833774055292,0.056,0.038,1
"Cep295",0.621259912115153,-0.34710036837824,0.239,0.396,1
"Myo5a",0.621291353337851,0.223548622385295,0.366,0.509,1
"Anxa6",0.621345939951154,-0.589222310684665,0.225,0.358,1
"Ndufa8",0.621431078946655,-1.64939589157883,0.014,0.075,1
"Zfp235",0.621497790611073,0.799270338128442,0.042,0.019,1
"Nvl",0.621499614197225,-0.389386617691597,0.254,0.377,1
"Mars2",0.621518235161317,-0.220148382797695,0.028,0.019,1
"H3f3a",0.621528816601871,-0.162241122335627,0.211,0.321,1
"Nfix",0.621881045604471,-0.920179987904491,0.042,0.132,1
"Gigyf2",0.621898544887982,0.510264770014374,0.296,0.377,1
"Gm44699",0.621988145047862,-0.481780030954579,0.014,0.019,1
"Ube2j2",0.622006653230575,0.660735676847215,0.141,0.113,1
"Clpx",0.622089361636002,0.599834646608373,0.239,0.264,1
"Shld3",0.622273555365617,1.50670139422474,0.028,0.019,1
"Zfand2b",0.622374295420892,0.321864149325539,0.028,0.019,1
"Fnip1",0.622543997056936,-0.820694341338341,0.394,0.547,1
"Cep72",0.622575797210685,-0.46255286455384,0.028,0.019,1
"Klrk1",0.622673884755161,-0.588369782538349,0.113,0.226,1
"Ndufaf4",0.622725611127498,0.563165015634418,0.155,0.151,1
"Krcc1",0.623005886045684,0.350566392842367,0.197,0.245,1
"Fam110b",0.623046203727099,1.36332502438783,0.042,0.057,1
"mt-Nd4l",0.623103121979287,-0.196372361231958,0.507,0.604,1
"Zdhhc21",0.623222233874207,0.308994388518089,0.239,0.264,1
"Rassf7",0.623249462562344,0.891481328631567,0.042,0.019,1
"Ifi47",0.623279964499066,1.14204713653457,0.099,0.094,1
"Adarb1",0.623815968876117,-0.925752567427094,0.042,0.094,1
"Snapin",0.62387427898054,-2.41833237620829,0.014,0.038,1
"Pam",0.62394352485711,-0.19499236371565,0.07,0.113,1
"Tap2",0.624009161705763,-0.816149272421742,0.197,0.377,1
"Zfp157",0.624282452506343,0.747839512124882,0.07,0.038,1
"Ctnnb1",0.624321441263996,0.251042417060149,0.127,0.245,1
"Zdhhc17",0.624383215632213,0.945844106856396,0.169,0.151,1
"Rassf1",0.624530185199708,-1.11732893810845,0.099,0.208,1
"Nckipsd",0.62466467174749,-0.161365855324822,0.014,0.038,1
"Dennd4c",0.624697411902224,-0.38181753765627,0.183,0.321,1
"Gsap",0.624891252790182,-1.19832180153551,0.042,0.113,1
"Hnrnpa0",0.624955698707304,-0.325351214239464,0.127,0.151,1
"Cop1",0.6250846926908,-0.597214945433644,0.31,0.453,1
"Uhmk1",0.625268344321238,0.944769826576381,0.141,0.151,1
"Eif2ak2",0.625271142415776,-0.492311163327432,0.113,0.226,1
"Edf1",0.625399534916666,-0.531539231603825,0.085,0.189,1
"Clhc1",0.625450343930813,1.41103836149998,0.028,0.019,1
"Psmc2",0.625463180684407,0.338081154334453,0.113,0.075,1
"Mia2",0.625476840114477,-0.255427590747603,0.352,0.528,1
"H2-K2",0.625994084798796,0.199013490171264,0.014,0.075,1
"Ccnt1",0.626059591352713,-0.125944634171331,0.211,0.377,1
"Tnfrsf18",0.626276047036688,-0.48609782939874,0.169,0.264,1
"6030443J06Rik",0.626906594810967,-0.872008710191083,0.028,0.075,1
"Kpna4",0.626942957046955,0.297549251222961,0.549,0.566,1
"Lars",0.626966051286308,-0.797868143251674,0.211,0.34,1
"Tep1",0.627159058123516,-0.389205473876312,0.085,0.189,1
"Ints4",0.627295901616295,1.26462049113643,0.099,0.075,1
"Ppip5k2",0.627410918065042,0.25632353368665,0.155,0.264,1
"Bbx",0.627911163414967,0.121740675507225,0.465,0.585,1
"Tubb4b",0.627978584671386,-0.549481775159349,0.099,0.245,1
"Fignl1",0.628007070840289,0.747782514231919,0.155,0.151,1
"Zfp62",0.62800754972805,0.647894015374574,0.183,0.226,1
"Trim24",0.628364976639854,-0.653875311796555,0.225,0.434,1
"Farsb",0.628532222614731,0.787167022619082,0.169,0.226,1
"Pglyrp2",0.628555692851598,-0.344910495642883,0.169,0.321,1
"Dnajc7",0.628617594554259,0.344888823328422,0.338,0.434,1
"E2f6",0.628666810765819,-0.723566914087851,0.014,0.038,1
"Man2a1",0.628697427171156,-0.465925676716413,0.239,0.302,1
"Ube2e2",0.628733789260026,-1.90272718910602,0.056,0.151,1
"Coa6",0.628779241086278,-0.129957063176764,0.042,0.038,1
"Pomgnt1",0.62923591741311,0.586581986036179,0.113,0.094,1
"Cd84",0.629844491887368,-0.965712071538953,0.099,0.264,1
"D830024N08Rik",0.62995270343363,-0.498972908695665,0.028,0.038,1
"Was",0.630034889008933,-0.94413609484015,0.113,0.245,1
"Gm57286",0.630296786250666,-1.51022770000096,0.014,0.038,1
"Tbc1d5",0.630407416985382,-0.290422195661561,0.31,0.491,1
"Helq",0.630496069009435,-0.820826015258328,0.07,0.189,1
"Entpd1",0.630561825714794,0.508971854912631,0.211,0.189,1
"Ap3d1",0.63062502410929,0.880449126856638,0.085,0.113,1
"Ciao2a",0.630675213510163,1.10532392981091,0.099,0.094,1
"Dach2",0.630827492672968,-1.01757123302869,0.014,0.075,1
"Phip",0.630828277941676,0.166361636206086,0.507,0.509,1
"Il10rb",0.630852501726589,0.283689240593468,0.127,0.094,1
"Rps27",0.631039390252492,0.184281955640757,0.31,0.34,1
"Ddhd2",0.631039995469768,0.981882842989419,0.183,0.208,1
"Ube2v2",0.631060165043717,1.20969598448713,0.254,0.245,1
"Dctn6",0.631153577677463,-0.828901553582972,0.014,0.075,1
"Utp14b",0.631217956691144,1.68063058187053,0.042,0.038,1
"Orc1",0.631325315209369,0.298291214321839,0.113,0.189,1
"Zmat2",0.631412109554213,-1.09698765891398,0.113,0.226,1
"Aptx",0.631677647379263,-1.49947266984362,0.028,0.075,1
"Snx13",0.63180263168291,1.16564867991348,0.169,0.208,1
"Insr",0.631838153732246,0.6587211190103,0.07,0.075,1
"Dcaf4",0.631876291742168,0.50374583836967,0.028,0.019,1
"Ppox",0.63188270401946,-0.50264753284356,0.014,0.019,1
"Actg1",0.631950115639699,-0.626614152519112,0.423,0.604,1
"Tesk1",0.631971032090141,-0.704087928749342,0.014,0.038,1
"Itch",0.631975378616961,-0.255651391672972,0.408,0.566,1
"Mapk1",0.632153576386666,0.529820987464645,0.479,0.547,1
"Atf7ip",0.632177882146449,0.2525064601656,0.408,0.453,1
"Cdkal1",0.632374145903392,0.395534481994558,0.577,0.604,1
"Flna",0.632530260363999,-1.0999016298156,0.141,0.17,1
"Snhg16",0.632533343917982,-0.748093476499301,0.028,0.075,1
"Snhg7",0.632588058229384,0.714314965968742,0.254,0.245,1
"Snx3",0.632675547169246,0.191884262071191,0.239,0.245,1
"Zfp408",0.632733553076407,-0.998029536682599,0.028,0.113,1
"Cog4",0.632763589282825,0.294811495480559,0.155,0.17,1
"Rabggta",0.633043202689014,1.30331086802964,0.028,0.019,1
"Efcab5",0.633101772459212,-2.71245714029183,0.014,0.075,1
"Lin52",0.633105653602875,0.232916878510956,0.127,0.226,1
"Tstd2",0.633395228182707,0.308878016889425,0.113,0.113,1
"Mbd2",0.633618632971595,-0.193331157241711,0.366,0.509,1
"Gclc",0.633828740177896,0.658392309623167,0.169,0.189,1
"Smarcb1",0.633912218215147,0.298579656307899,0.099,0.113,1
"Lin54",0.634069434903398,-0.466329672064066,0.141,0.302,1
"Selenop",0.634151313234031,-0.410020578331211,0.014,0.038,1
"Polr2l",0.634160288675063,2.17186736579277,0.028,0.019,1
"Mta3",0.634246665874533,0.694019086532631,0.31,0.358,1
"Ubl5",0.634296999307289,-1.02386525898066,0.127,0.264,1
"Arhgap39",0.63433176029033,-0.16399915612999,0.056,0.151,1
"Lamc1",0.634408403575617,0.470223978536786,0.113,0.113,1
"Zc3h8",0.634500840398108,1.15618546535321,0.099,0.057,1
"Ly9",0.634895127886312,-0.770531389975049,0.056,0.17,1
"Cstb",0.635109838272756,-1.10352145195776,0.028,0.075,1
"Psmb3",0.635229513290788,0.879216495514052,0.197,0.17,1
"Katna1",0.635238977918009,0.73948700554809,0.099,0.113,1
"Ktn1",0.635239637919576,0.535478892359106,0.38,0.453,1
"Prpf4",0.635276345981456,1.31548063855988,0.113,0.113,1
"Ate1",0.63580206468806,1.48300530941729,0.155,0.113,1
"Mecr",0.635806937922433,-0.46210173976957,0.085,0.189,1
"Ptma",0.636035511825466,-0.590901102552191,0.676,0.755,1
"A930037H05Rik",0.636125623801983,-1.0860251563157,0.014,0.038,1
"Glud1",0.636153173979226,0.576328704888937,0.31,0.321,1
"Naxd",0.636622869660038,-0.59561696507573,0.113,0.226,1
"Tbl2",0.637002698255097,-0.425478762257545,0.014,0.038,1
"Adh5",0.637020922145138,-2.03304388368804,0.014,0.075,1
"Inppl1",0.637138795984885,0.629426730652726,0.042,0.038,1
"Nme1",0.637203680361685,-0.45595089230824,0.197,0.226,1
"Ube2w",0.637224174726875,-0.244577010470325,0.225,0.358,1
"Ptdss1",0.637239668749467,-0.200453424990919,0.127,0.208,1
"Atp1a1",0.637410201503207,0.291041397977304,0.282,0.321,1
"Cebpg",0.637413749277444,-0.576615331904645,0.07,0.075,1
"Dock10",0.637465654563866,0.239918492826583,0.831,0.887,1
"Bin2",0.637564731264231,-0.567871194745369,0.197,0.302,1
"Synj1",0.63775260660284,-0.709779476784609,0.141,0.245,1
"Dbnl",0.637831097787774,-0.109511558480454,0.141,0.283,1
"Tut7",0.638625967972998,-0.170881323116905,0.338,0.491,1
"Atg3",0.638667990804561,0.796763183733394,0.183,0.189,1
"Ube2d1",0.638696259532157,0.438091738164914,0.056,0.075,1
"P2rx4",0.638803101694541,2.44825225938829,0.056,0.038,1
"Sfxn1",0.639932816533106,0.589565080600382,0.324,0.321,1
"Zfx",0.639964968984618,0.731496670468562,0.225,0.245,1
"Lipa",0.640376842787597,1.48650959738174,0.07,0.057,1
"BC055324",0.640380333523389,-0.902675662008428,0.028,0.094,1
"Sorcs2",0.640628087909778,0.772812407618587,0.099,0.094,1
"Zfp553",0.640675618577606,-0.81410096728617,0.014,0.038,1
"Setx",0.64070815686819,-0.570826708751095,0.296,0.491,1
"Dnajc24",0.640739831817913,-0.646764593499808,0.07,0.17,1
"Wdr53",0.64096158870098,-0.876238008491242,0.028,0.038,1
"Gm28707",0.641013394575633,-0.487176345890372,0.014,0.038,1
"Kcnmb4",0.64120395059807,0.229189472954889,0.07,0.057,1
"Cd4",0.641247553756729,-0.404888859737092,0.225,0.396,1
"Rad50",0.641347020484138,0.21871688169657,0.352,0.358,1
"Espl1",0.641483068142742,0.59107083747417,0.141,0.132,1
"Kif3b",0.641844457282348,-0.318153234277905,0.085,0.189,1
"Vps37b",0.642092933462339,1.04198413218968,0.197,0.226,1
"Dido1",0.642228317391946,-0.488573057785181,0.254,0.302,1
"Scamp2",0.642317148422713,-0.942687747419131,0.042,0.132,1
"Rpl12",0.642648948788757,0.227178227178208,0.479,0.585,1
"Erlec1",0.642660401147457,-0.794698730273564,0.07,0.17,1
"Emc2",0.642763571798752,-0.600872866387907,0.085,0.189,1
"Immp2l",0.642764628769076,-0.598510080695741,0.479,0.604,1
"Gm12353",0.643026983861523,0.720336210405071,0.028,0.019,1
"Fez2",0.643038173382573,-0.531170768045971,0.099,0.151,1
"Auts2",0.643192366405387,-3.74567126255723,0.014,0.075,1
"Gfer",0.643224860094,-1.6992240833429,0.042,0.094,1
"Gem",0.643478758744023,0.835872293284466,0.085,0.038,1
"Tbc1d17",0.643780744977253,2.5851121196672,0.056,0.038,1
"Zfp934",0.643820723657116,-0.741053138209088,0.07,0.189,1
"Cpne1",0.643822103042759,0.668701886918422,0.225,0.226,1
"Ist1",0.643958475463037,-0.268800801848409,0.07,0.17,1
"Rasal3",0.644145488133911,-0.877719775935142,0.169,0.321,1
"Elovl1",0.644304841528099,1.787563746929,0.085,0.075,1
"Hsf1",0.64457529513418,0.912363941454104,0.099,0.094,1
"Gm5141",0.644693327629445,-0.942706838055872,0.014,0.038,1
"AI837181",0.644758723478888,-0.746772423407799,0.014,0.038,1
"Gm2682",0.644779291026591,-0.245127307693711,0.634,0.679,1
"C1d",0.644828097533177,0.74427920617153,0.099,0.094,1
"Mrps21",0.644850755487595,0.400918724369903,0.127,0.151,1
"Cog7",0.644910618012052,-0.356874969099615,0.028,0.038,1
"Ctbp2",0.6451167370719,2.0134063285521,0.056,0.019,1
"Cemip2",0.645278020638705,0.789914201780552,0.07,0.075,1
"Gm57047",0.645375341364234,-1.31112801602593,0.028,0.094,1
"Terf1",0.645650304859752,0.297253413189188,0.239,0.34,1
"Tmem219",0.645675816639998,-0.418496318690065,0.028,0.075,1
"Fkbp4",0.645727680561471,-0.248326940069055,0.127,0.113,1
"Bin1",0.646108907983434,1.8533902974221,0.085,0.057,1
"E2f4",0.646406910729131,-1.52514755018252,0.127,0.226,1
"Pgrmc1",0.646572756920168,-1.76226980161126,0.028,0.075,1
"Adprm",0.646606674942417,-0.798613120118719,0.056,0.113,1
"Tmem167",0.64662822089639,-0.562706480273957,0.239,0.415,1
"Akap7",0.646698819222454,2.88264155896086,0.07,0.038,1
"Oprm1",0.646712483295309,2.55337109519705,0.028,0.019,1
"Polr2e",0.646965269898199,0.65723127253741,0.099,0.113,1
"Mios",0.647078238624829,-1.40037113569435,0.056,0.151,1
"Tmsb10b",0.647242767541806,-1.81607633076725,0.042,0.132,1
"Phax",0.647257164048731,0.904968938965505,0.085,0.057,1
"Eif4ebp1",0.64746895267711,-0.782089775552674,0.056,0.057,1
"Dcaf10",0.647563815834009,-0.418192383031862,0.169,0.283,1
"Mgmt",0.647699341475378,0.566614684763812,0.211,0.283,1
"Pfn1",0.647744936200741,-0.423499483790153,0.437,0.623,1
"Hsp90aa1",0.647867793149656,-0.252947459053112,0.366,0.528,1
"Rock1",0.647909386713904,0.148531818206283,0.62,0.736,1
"Wdr74",0.648046424420968,-0.954547049169552,0.028,0.057,1
"Brpf3",0.648084903334806,0.340501270959962,0.099,0.094,1
"Btaf1",0.648109263691516,0.275958439628379,0.38,0.415,1
"Brpf1",0.648186712682718,-0.44960789241117,0.127,0.151,1
"Kif1c",0.648270855251794,0.196754874784681,0.028,0.038,1
"Rnf122",0.648291566797323,-1.96324393025576,0.014,0.057,1
"Gm10101",0.648329188937251,1.90215584070322,0.056,0.019,1
"Zfp146",0.648329311666088,0.350105532934869,0.028,0.075,1
"Exosc1",0.648424056163412,0.759104332738623,0.211,0.189,1
"Chchd4",0.648811248612622,-0.910673945767937,0.028,0.057,1
"Yeats2",0.648968682020669,0.525048895277228,0.183,0.17,1
"Prdm4",0.64907238318427,1.56887969830431,0.056,0.019,1
"Jkamp",0.649093755901922,-0.849797331665727,0.028,0.038,1
"Ndufa1",0.64914985844501,-1.39173581966461,0.042,0.132,1
"Phf12",0.649326024661528,-0.658588281137904,0.211,0.358,1
"R3hcc1l",0.64949186542102,-0.739143929591718,0.197,0.302,1
"Maea",0.649492265588579,-0.624682590878292,0.127,0.226,1
"Vdac2",0.649640287754457,-0.244576945974732,0.169,0.245,1
"Magt1",0.649840182881166,-0.20977918034734,0.197,0.34,1
"Chd6",0.649947654003797,0.19856015911445,0.268,0.396,1
"Fktn",0.650184818485391,0.436173301240949,0.127,0.113,1
"Man2a2",0.650188957785902,-0.5498295253423,0.113,0.264,1
"Ripk1",0.650754787820018,-0.377344407287487,0.141,0.283,1
"Med9",0.650766781197697,-0.27200785714583,0.042,0.057,1
"Fan1",0.650877119245873,0.665281118321027,0.028,0.038,1
"Itfg1",0.650912218884557,0.434233375352784,0.211,0.34,1
"Tradd",0.650922853875492,0.884660273004706,0.028,0.038,1
"Smim33",0.651044878572674,-0.26696143936645,0.014,0.019,1
"Il17ra",0.65146041767568,1.45276455450079,0.113,0.132,1
"Gas2l3",0.651483724277434,0.600924707817775,0.113,0.094,1
"Ube2z",0.651513306900823,1.75239947988267,0.141,0.113,1
"Cnot4",0.651596349474976,0.556109170915463,0.507,0.547,1
"Neil3",0.651665015527529,-1.10769377635326,0.183,0.34,1
"Txndc5",0.651771016364683,-0.204146682421798,0.056,0.094,1
"Kif13b",0.651843225155703,0.868609797633284,0.141,0.151,1
"Snrpa1",0.651854305698589,-0.696220325996799,0.099,0.208,1
"Zc3h7b",0.651856037791134,-1.64698712748183,0.085,0.17,1
"Ranbp2",0.651966394353608,-0.41664493540011,0.437,0.585,1
"Tmem11",0.652052383536159,-0.40434400760373,0.07,0.151,1
"Csrnp1",0.652209764315284,-1.48194880811619,0.042,0.113,1
"Trim12c",0.652317262416076,-0.315773157068192,0.085,0.208,1
"Sigirr",0.652346236042392,-0.262470216702072,0.028,0.094,1
"Syne3",0.652374810181058,-0.215246069700072,0.169,0.151,1
"Ap4e1",0.652541609599439,0.649631743770514,0.113,0.094,1
"Ntng2",0.65294363375761,1.24791499500173,0.127,0.075,1
"Rpl8",0.65296663020973,-0.161943650385938,0.394,0.566,1
"H60b",0.653007760809691,-1.6434961384752,0.028,0.113,1
"Rb1",0.653257951088431,0.556096353789688,0.31,0.377,1
"Iqgap1",0.653368723160034,-0.389685081064412,0.394,0.566,1
"Csrp1",0.653444708428567,0.978199353010864,0.07,0.094,1
"Gm57397",0.653547405252338,0.255344848043672,0.056,0.038,1
"Pabpc4",0.653830639912166,-0.124679597846445,0.127,0.208,1
"Sart1",0.653941032357516,-0.169803293154967,0.056,0.132,1
"Akap10",0.654199412864623,-0.453849009938768,0.31,0.472,1
"Gm28187",0.654212905899392,-3.59319363945228,0.014,0.075,1
"Dnmt3a",0.654499872936264,-0.534354586468347,0.31,0.415,1
"Msra",0.65458723571487,0.656448369528034,0.254,0.226,1
"Steep1",0.65460595968189,-0.22982817565317,0.07,0.132,1
"Pfkm",0.6546988282105,0.530324919066267,0.07,0.057,1
"Padi2",0.654865397706739,-1.54029091886196,0.028,0.057,1
"Pgpep1",0.654885976370075,0.44188856538055,0.028,0.019,1
"Tomm70a",0.654914216986918,0.128967431173625,0.352,0.358,1
"Zwint",0.655053871069899,-0.19047288753699,0.169,0.283,1
"Ifi44",0.655267757848726,0.711450627444415,0.042,0.057,1
"Scand1",0.655699482882613,0.511085436026531,0.141,0.226,1
"Il7r",0.655798021078224,-0.710562745053931,0.239,0.321,1
"Nefh",0.655844370904212,-0.903598208873645,0.042,0.094,1
"Sdad1",0.655920674924621,1.45524272640397,0.183,0.17,1
"Nop2",0.656026001916835,0.843958115193838,0.127,0.094,1
"Mafg",0.656277219227529,1.55380625147975,0.07,0.038,1
"Zfp280b",0.656288841503815,-0.94792049144128,0.042,0.113,1
"Xpo6",0.656318689716631,0.177657485114215,0.268,0.377,1
"Hacd2",0.656475755329589,0.261724763885054,0.127,0.226,1
"Tk2",0.656588392649066,0.472258766539792,0.028,0.019,1
"Rgl2",0.656627682585286,-0.972411068753316,0.028,0.057,1
"Itgal",0.656667694237594,-0.217723955399017,0.254,0.415,1
"Oscp1",0.656919674903773,-2.49631559971067,0.014,0.038,1
"Kpnb1",0.656985532653481,-0.702758113957613,0.296,0.472,1
"Zbtb26",0.657001413730329,1.51669504117702,0.028,0.019,1
"Mlst8",0.657219558661964,-0.487258643577489,0.014,0.038,1
"Agfg1",0.657283398533896,-0.243706851073032,0.324,0.509,1
"Ptbp2",0.657346018477936,-0.260254515913852,0.183,0.321,1
"Nt5c",0.657520376315457,-0.807296742038147,0.07,0.151,1
"Ntpcr",0.657648103874593,-0.389023955362671,0.014,0.038,1
"Ero1a",0.657683098119654,0.813961630893687,0.225,0.226,1
"Ftx",0.657949762650413,0.559458805333157,0.141,0.132,1
"Tesk2",0.657989444062427,-0.429374105565736,0.028,0.038,1
"Tmem192",0.657992994223541,-1.33616480766762,0.042,0.17,1
"Gns",0.658037642360158,-0.818749190361152,0.014,0.057,1
"Cnnm3",0.658038401144165,0.719009292578624,0.042,0.038,1
"Nfatc1",0.658127242606076,0.689509539040167,0.254,0.34,1
"Akirin1",0.658354446203717,-0.96627597747182,0.07,0.151,1
"Zfp518a",0.658555676817587,0.284576723074966,0.07,0.057,1
"Zfp846",0.658569119599355,0.937343725049259,0.085,0.057,1
"Commd3",0.658659320990112,-0.724048028851284,0.099,0.17,1
"Ggcx",0.658860013084583,2.2448864110845,0.07,0.038,1
"Fam50a",0.658966794644473,-0.765877856274435,0.014,0.019,1
"Ttc23",0.658966794644473,-0.765877856274435,0.014,0.019,1
"Ap2s1",0.658970906342603,-0.535176503550967,0.042,0.132,1
"Dnhd1",0.658996374850182,-1.18642498736422,0.028,0.038,1
"Bccip",0.659081991588363,0.918459272368843,0.042,0.019,1
"Appbp2os",0.659430394670641,0.94034459782134,0.028,0.019,1
"Rps6ka3",0.65979696533726,0.344631001874296,0.465,0.491,1
"Gvin1",0.659902131116137,-0.309345798770216,0.028,0.075,1
"Dlg1",0.660011082993455,0.242528432011422,0.437,0.491,1
"Kdm1a",0.660054841889867,1.16503206653307,0.239,0.264,1
"Asah1",0.66009260410018,1.46204199167758,0.085,0.057,1
"Bicra",0.660183063664071,-0.408478252012069,0.113,0.208,1
"Nme7",0.660267441398051,0.152877464525462,0.099,0.189,1
"Hsd17b7",0.660361768589111,0.546773893858313,0.028,0.019,1
"Oxct1",0.660374407803455,-0.226616890842804,0.366,0.453,1
"Kifc1",0.660699382644389,-0.426036064305528,0.141,0.264,1
"Myc",0.661013864822924,0.715229637708007,0.155,0.208,1
"Tmem156",0.66109522274125,1.43125082873559,0.169,0.151,1
"Dennd6b",0.661190181289337,1.61821439113675,0.028,0.019,1
"Ddx11",0.661209523587293,0.548161419451285,0.099,0.189,1
"Prr5l",0.6614513074782,1.24500203179977,0.028,0.038,1
"Qser1",0.661477629457927,2.18036400732148,0.085,0.075,1
"Trio",0.661568189428596,0.480928720954397,0.31,0.377,1
"St6galnac6",0.661616429489049,0.795797860639838,0.056,0.057,1
"Sypl",0.661663130712363,-1.2232020876957,0.056,0.132,1
"Suco",0.661668230182816,-0.246644984090208,0.296,0.453,1
"Dcp1a",0.661674116904205,0.507312469181995,0.183,0.208,1
"Atg2b",0.661733138950754,0.690637993875145,0.141,0.151,1
"Zfp740",0.662013808925895,-2.32892402318604,0.028,0.113,1
"Stil",0.662036247750611,-0.229132525788159,0.141,0.189,1
"ENSMUSG00000121399",0.662072360833467,-0.345651010211651,0.113,0.245,1
"B930036N10Rik",0.662097083180613,0.177500979605885,0.113,0.151,1
"Tet3",0.662125501235387,-0.161424576968384,0.366,0.396,1
"Gm41333",0.662381503639533,-0.570951525298123,0.014,0.019,1
"Zfp7",0.662381503639533,-0.570951525298123,0.014,0.019,1
"Laptm4a",0.662600485881143,-0.732894143041936,0.07,0.208,1
"Creb3",0.662642634649076,0.390173874629999,0.028,0.038,1
"Scaf1",0.662753734690923,1.22893558333713,0.113,0.113,1
"Tbc1d22a",0.662765771152742,-1.07673689200685,0.169,0.283,1
"Gps1",0.662843794038657,2.30700010812597,0.042,0.038,1
"Chaf1b",0.662971799468252,0.358634801979527,0.085,0.094,1
"Hnrnpa2b1",0.663226442250004,0.241698486788585,0.803,0.83,1
"Styx",0.663356621670021,-0.173141587565837,0.042,0.094,1
"Vamp2",0.663363458830085,-1.49262945762399,0.014,0.038,1
"Mtln",0.663945010729727,-1.67813955948518,0.028,0.094,1
"D530033B14Rik",0.664249233638633,1.71998679042084,0.028,0.019,1
"Angpt2",0.664496937021081,0.281189238913687,0.028,0.057,1
"Wrap53",0.664681399244937,-0.456194801137014,0.028,0.038,1
"Elp4",0.664710220857112,0.401782289848373,0.352,0.321,1
"Rrp7a",0.665163494621187,0.767413388995454,0.028,0.038,1
"Efcab11",0.665279588938645,-0.649403484698934,0.268,0.415,1
"Etv5",0.665345159811927,2.05810851807566,0.056,0.019,1
"Bax",0.665395776923032,-1.06489203178736,0.183,0.358,1
"Gm17435",0.665495526571903,-0.436827720630227,0.028,0.019,1
"Arglu1",0.665529140107523,-0.148027129073338,0.352,0.528,1
"Zfp771",0.665599750532456,0.554495854435712,0.028,0.038,1
"Rnf214",0.665600184235977,0.486899446994145,0.127,0.132,1
"Cpsf4",0.665666226002372,2.17319559883411,0.07,0.057,1
"Hmgcs1",0.665707542918645,0.487940538298677,0.169,0.17,1
"Gigyf1",0.665882697152928,-0.415410652586309,0.042,0.113,1
"Recql5",0.665893383200415,-0.69546339562566,0.07,0.132,1
"Stambpl1",0.666229663962288,-0.44588734373222,0.268,0.415,1
"Esf1",0.666537552692827,0.990164248002799,0.268,0.264,1
"Rnaseh1",0.666538929881459,0.210503598207894,0.028,0.038,1
"Nr4a1",0.666586952566097,1.34659997309595,0.028,0.019,1
"Med6",0.66675506621873,-0.865135604479284,0.085,0.208,1
"Nup133",0.667011585737635,-1.09954663854613,0.07,0.132,1
"Gon7",0.667048017568196,-0.360924011911437,0.056,0.094,1
"Cdk8",0.667079468248396,0.591664346780678,0.535,0.528,1
"Capn7",0.667212566365452,0.371869573857166,0.113,0.189,1
"Sipa1l1",0.667245091833616,0.585749554974545,0.408,0.453,1
"Usp1",0.667380209730899,-0.116454960316522,0.141,0.264,1
"Asb8",0.667400145170073,-1.10016651791817,0.056,0.132,1
"BC025920",0.667505878035548,0.542883557803632,0.014,0.019,1
"E430024I08Rik",0.66771000507887,1.36708684367391,0.056,0.038,1
"Gm10785",0.667887390718532,2.12192741080509,0.028,0.019,1
"Echs1",0.668009978731414,1.24236951767126,0.042,0.038,1
"Aimp2",0.66810307141809,2.37070088791634,0.056,0.038,1
"Trp53",0.668166682101716,-1.26977183773596,0.141,0.283,1
"Fbxo21",0.668284026806982,-1.0829702967569,0.028,0.075,1
"Hdac2",0.668414397012087,0.821826070925704,0.141,0.132,1
"Stau2",0.66847440112615,1.27542299530773,0.07,0.075,1
"Fam110a",0.66856410114492,1.64917773739012,0.028,0.019,1
"Cpeb2",0.668590436796116,1.38940954755453,0.099,0.057,1
"Cct8",0.66864228578175,-0.848215686802313,0.127,0.245,1
"Chordc1",0.668654325179298,0.283010225169377,0.169,0.226,1
"Commd10",0.668714589067908,0.178852344151395,0.169,0.264,1
"Atxn1",0.668921117070914,0.346582561266387,0.634,0.66,1
"Iigp1",0.668997402516105,-0.698343938768877,0.324,0.415,1
"Rnf34",0.669013981684812,0.202871515559568,0.127,0.094,1
"Slc7a5",0.669454301215682,-0.375185569981066,0.155,0.264,1
"Acin1",0.669542813590329,-0.298114408938964,0.451,0.623,1
"Snx32",0.66963938892297,2.01621205051621,0.07,0.057,1
"Gm57117",0.669710056930806,2.06437886153009,0.028,0.019,1
"Slfn2",0.669761962706134,-0.751493235752092,0.141,0.283,1
"Serpinb9",0.669812550323402,1.31915444496531,0.127,0.094,1
"Ap3b1",0.669858307498855,0.486688389778555,0.394,0.472,1
"B4galt4",0.669935553247636,-2.30299238867277,0.014,0.075,1
"Cnbp",0.670006596884885,0.345607568822964,0.423,0.509,1
"Gtf2e2",0.670136643521879,-0.103527722414291,0.113,0.094,1
"Vps28",0.670162407559594,-0.651577771772181,0.042,0.113,1
"Gcat",0.670234724055821,-1.57088218016801,0.014,0.038,1
"Zfp369",0.670234724055827,-1.6314010155475,0.014,0.038,1
"Apc",0.67027000500504,-0.106687466782555,0.352,0.509,1
"Pcif1",0.670392057014414,-0.884571692777612,0.127,0.17,1
"Ess2",0.670491934333734,1.10050834007119,0.028,0.019,1
"Pcmtd1",0.670541516151486,-0.995673817836909,0.099,0.208,1
"Hmgb3",0.670624230269672,0.884608833128494,0.07,0.057,1
"Cyth4",0.670650207351757,0.71725813378929,0.07,0.057,1
"Gm16754",0.671152431822415,-0.93986368162108,0.014,0.057,1
"Ola1",0.671273068373586,-0.373712894540565,0.324,0.491,1
"Sil1",0.671276607148531,0.423932240121265,0.31,0.283,1
"Tbc1d1",0.67150036320339,0.135746129311528,0.676,0.66,1
"Kdm5a",0.671829772387359,0.951482662267173,0.31,0.321,1
"H4c6",0.671898262274585,0.773101872127651,0.014,0.038,1
"Got2",0.672215123759867,-0.160641112711397,0.155,0.264,1
"Asb7",0.67238246613762,0.414256767357015,0.099,0.113,1
"Kbtbd3",0.672491135743935,0.392392306103452,0.014,0.038,1
"Hmga1",0.672593446533237,0.67683628633037,0.056,0.019,1
"Prkar2a",0.672825060437061,0.558679224636544,0.127,0.132,1
"Clptm1",0.672863469012386,1.20781884256336,0.141,0.17,1
"Ppil1",0.67288012645626,0.97007569393289,0.085,0.094,1
"Daglb",0.672897120671585,-0.453236541599212,0.042,0.075,1
"Fuca1",0.67298472558821,-0.766412438219852,0.042,0.132,1
"Ak3",0.672991339104821,0.663514769397746,0.07,0.057,1
"Trbv20",0.673055951554503,-2.16550144279487,0.014,0.038,1
"Heg1",0.673124413801032,0.697270012741788,0.141,0.151,1
"U2af1l4",0.673328637049955,1.31485979413718,0.028,0.038,1
"Mndal",0.673336627789651,-0.434620625326269,0.225,0.34,1
"Srebf1",0.6734019089065,-0.889014819321294,0.113,0.189,1
"Ptpn5",0.673465353515862,0.318223946552646,0.028,0.038,1
"Zfp809",0.673600775639923,-1.31151086125651,0.099,0.226,1
"Zrsr2",0.673623663097725,-0.262687440262557,0.183,0.302,1
"Zgpat",0.673773730150984,-2.25271617628221,0.028,0.057,1
"Hnrnph1",0.673775527268179,-0.697692682162067,0.183,0.358,1
"Armc10",0.673775680499242,1.65489550450632,0.07,0.094,1
"Sarnp",0.673798557458977,-0.711689975427563,0.239,0.396,1
"Uqcc5",0.673819378193227,0.940693857480139,0.099,0.057,1
"Bcl10",0.673966321253001,-1.26691459499339,0.042,0.113,1
"Ncapg2",0.673972132719123,-0.114911740438826,0.239,0.283,1
"Ubb",0.674008945723798,-0.688099828013197,0.38,0.547,1
"Zc3h4",0.674027969794896,0.30308591970769,0.169,0.189,1
"Aspscr1",0.674135342121933,-1.11309062102572,0.028,0.075,1
"Yme1l1",0.674223288560527,-0.818230906209511,0.183,0.321,1
"Taf4b",0.674353573436844,-0.450825567859299,0.141,0.208,1
"Rnft1",0.674370057464501,-2.08502181294514,0.042,0.113,1
"Polb",0.674505691228994,-2.42154543762125,0.056,0.17,1
"Rpl13",0.674534938862307,0.229719278892925,0.577,0.698,1
"Dhx57",0.674543671718161,0.129291537109474,0.127,0.113,1
"Tsnax",0.674883060916416,0.677863430109462,0.113,0.113,1
"Tmed7",0.674940498781625,0.557895399064706,0.127,0.151,1
"Ap2a1",0.675021822507384,-0.628600378614616,0.07,0.17,1
"Mknk1",0.675193792458946,1.88852421618786,0.085,0.057,1
"Gapvd1",0.675210478498889,0.224523418242993,0.366,0.472,1
"Pdha1",0.675269657791805,-0.241451094149222,0.099,0.094,1
"Inpp1",0.675471340900677,-1.11322755878525,0.056,0.132,1
"Gm48086",0.675624748422942,0.585342451276818,0.014,0.019,1
"Mctp2",0.675633050871807,1.08051335629272,0.239,0.226,1
"Asap1",0.675662173495201,0.487264869115976,0.437,0.491,1
"Ndc80",0.675839146054737,-0.375895465837198,0.169,0.226,1
"Pde7a",0.675874715114488,0.444862868298213,0.423,0.453,1
"Rab10os",0.675911177105674,0.940337223448881,0.099,0.057,1
"Tmem63b",0.675974621814016,0.894051104646386,0.07,0.038,1
"Ubr4",0.676246092335958,0.670432427171487,0.254,0.245,1
"Sub1",0.676253921685045,0.531943192171859,0.31,0.321,1
"Mbnl2",0.676286750953887,-0.205561193130037,0.394,0.491,1
"Chpf",0.676460819828375,-0.619101138364936,0.028,0.038,1
"Rpa1",0.676583149395615,0.434925872995014,0.268,0.264,1
"Atpif1",0.676661502379699,0.154671845267746,0.141,0.264,1
"Cyld",0.67707168012572,-0.463329965723353,0.239,0.396,1
"Setd5",0.677074001803909,-0.197260533475414,0.676,0.755,1
"Sfswap",0.677147220453788,0.251712632969004,0.282,0.321,1
"Apbb1ip",0.677238631208707,0.249434830821741,0.521,0.509,1
"Top2b",0.677447381742229,-0.154241348430037,0.31,0.472,1
"Gk",0.67744937756711,-0.221816582445413,0.028,0.075,1
"Nit2",0.677548773959356,0.937670217862057,0.028,0.019,1
"Faap24",0.677711757431259,-0.621048565287712,0.014,0.057,1
"Appl1",0.677734166432766,0.229314153835126,0.239,0.358,1
"Fmo5",0.677782101361676,-0.537205197690656,0.014,0.019,1
"Zdhhc9",0.677846626566762,0.419291910886527,0.014,0.038,1
"Frmd4a",0.678218497163409,-0.456774258029293,0.014,0.019,1
"Ppp2ca",0.678340499430103,0.476052193165821,0.225,0.302,1
"Lman2l",0.67841491379121,2.35799467161777,0.056,0.038,1
"Cfap97",0.67859730453642,-0.198510090321155,0.085,0.189,1
"Txlng",0.678776694347608,0.484976637862305,0.169,0.151,1
"Jakmip1",0.679033496404133,-1.19741535338319,0.113,0.226,1
"Amy1",0.679109377497537,-0.314773416098807,0.042,0.057,1
"Tor2a",0.679113051195164,0.323483609180589,0.014,0.038,1
"Pcnx",0.679250360172259,0.854573614615955,0.155,0.132,1
"Azin1",0.679416009903566,-0.139554975203157,0.197,0.34,1
"Mcm6",0.679687868167665,-0.521002719848384,0.183,0.283,1
"Pou2f1",0.679830229862963,0.237344461147685,0.324,0.358,1
"Stambp",0.680076351888256,0.677531681650404,0.07,0.075,1
"Rtn4ip1",0.680088484964915,2.41549539681457,0.085,0.057,1
"Tmem263",0.680171578339492,-0.741068981992129,0.042,0.094,1
"H2ac20",0.68034913323259,-0.967930386619198,0.099,0.208,1
"Sntb1",0.680372044331414,-0.623092263501333,0.014,0.019,1
"Specc1",0.680451102581359,1.60681714960344,0.127,0.094,1
"Vps4a",0.680492658978293,0.30862969097505,0.028,0.038,1
"Adhfe1",0.680612617031615,-0.386833739487771,0.028,0.038,1
"Rrp1b",0.680791854260786,-0.168717242583576,0.239,0.264,1
"Stat1",0.680791891450825,0.403372270200794,0.606,0.66,1
"Cdk2ap2",0.680816434639762,-0.744282247124928,0.07,0.094,1
"Cdkn2d",0.680924867661638,-0.196340457333362,0.042,0.113,1
"Mast2",0.681135432523885,0.213415792104327,0.254,0.358,1
"Erp29",0.681193133099877,1.24574673723419,0.169,0.151,1
"Tpm4",0.681285770668652,-0.494254249790659,0.239,0.34,1
"Fam120a",0.681331275973153,-0.417563507118839,0.366,0.528,1
"Exoc6",0.681392698738296,0.629200070373905,0.197,0.189,1
"Lrch3",0.681789157828579,0.385515065712434,0.352,0.396,1
"Traf6",0.681789707459303,0.404832415718694,0.211,0.226,1
"Dhx8",0.681797948068831,0.789203043571039,0.282,0.302,1
"Kdm6a",0.681874586626461,-0.223131280964754,0.282,0.434,1
"Smad7",0.682004709400507,-0.42708253439977,0.113,0.226,1
"Nf1",0.682011721730225,-0.137494044182278,0.225,0.34,1
"A630091E08Rik",0.682058753068568,-0.299877718970262,0.042,0.094,1
"Ptbp3",0.682143543236732,0.255723118113163,0.507,0.604,1
"Gm15987",0.682192871589153,0.838667111306283,0.028,0.038,1
"Ccno",0.682269033588785,-0.679758545043459,0.014,0.019,1
"Tmem126a",0.682543593537346,0.970393059427561,0.085,0.075,1
"Dcaf12",0.682581852944281,-1.30321979321261,0.07,0.17,1
"Ppm1a",0.682815246346101,-0.934189756702771,0.07,0.151,1
"Cwc25",0.682830536449309,0.330705334181387,0.141,0.132,1
"Ctdnep1",0.682945233618091,-1.97153996701682,0.042,0.151,1
"Lyrm7",0.683199207200714,-0.491469717745772,0.014,0.019,1
"Metap2",0.68327345314095,-0.176905101444467,0.31,0.472,1
"Ehd1",0.683426356477219,-1.40797661391361,0.028,0.057,1
"Brd8",0.683456343817545,0.776329028171422,0.366,0.34,1
"H2aj",0.683580849792242,0.51216816359444,0.239,0.283,1
"Alg10b",0.683674008103702,-1.29686483560071,0.028,0.075,1
"Mavs",0.683709608493663,0.303089420638282,0.028,0.038,1
"Gnptg",0.683901943057453,-2.52453899841164,0.014,0.075,1
"Minpp1",0.683985817814843,-0.582226225160554,0.099,0.189,1
"Smarca2",0.684334991256344,-0.804666242587629,0.239,0.377,1
"Rpl21",0.684397958442181,-0.689036774836963,0.352,0.528,1
"Trafd1",0.684474049048614,-1.12035183895741,0.042,0.113,1
"Tmem170",0.684632168815611,0.831466819357606,0.014,0.038,1
"Sirt5",0.684895664763234,-0.139109574248362,0.014,0.038,1
"Tasor",0.685074613884407,-1.10242481839192,0.127,0.283,1
"Ncapg",0.685191501591139,0.427347954780363,0.211,0.283,1
"Zfp3",0.685276588128946,-0.234545839156851,0.014,0.019,1
"Mid1",0.685338410981873,-0.843886843872146,0.014,0.019,1
"Chfr",0.685452404184844,-0.207426467411934,0.155,0.264,1
"Zfp280d",0.685518003959417,0.521402868372352,0.451,0.453,1
"Spopl",0.685852101790547,-0.545238220371309,0.211,0.396,1
"Atf1",0.685853188891863,0.550569756317965,0.225,0.302,1
"Eif2a",0.685916696853317,1.06966102940012,0.197,0.189,1
"Dennd1b",0.686120973341727,0.41265215533024,0.479,0.566,1
"Mrps18c",0.686251869566357,-0.993766861160443,0.042,0.075,1
"Gm27162",0.686284167767204,0.204645137167871,0.028,0.038,1
"Fdps",0.686721584219863,1.09986654865422,0.099,0.094,1
"Tbpl1",0.686750434695318,1.83140659900184,0.028,0.019,1
"Dnajb11",0.686919247250038,0.543902308693263,0.183,0.151,1
"Sh3bgrl3",0.687123663535599,-0.439294295643562,0.141,0.245,1
"Man1c1",0.687137890761997,0.10632355575531,0.014,0.038,1
"Kpna3",0.687392199749843,0.607808607356663,0.324,0.358,1
"Ube2c",0.687426089104902,-0.859685596900956,0.141,0.283,1
"Dyrk1a",0.687465506120446,0.233739189383436,0.408,0.528,1
"Zbtb5",0.687818621428707,-0.996743753804114,0.028,0.038,1
"Ncaph",0.687920639314743,-0.65432819720604,0.113,0.226,1
"Rpl36al",0.687940173587126,0.115714217921225,0.183,0.302,1
"Il21r",0.688067925950787,-0.38570673411425,0.225,0.264,1
"F2rl3",0.688356637393379,-0.399723145143571,0.014,0.019,1
"Gpatch3",0.688356637393379,-0.399723145143571,0.014,0.019,1
"Urod",0.688356637393379,-0.399723145143571,0.014,0.019,1
"Spr",0.688373728910926,-0.762756795878906,0.042,0.094,1
"Tasor2",0.688460168240386,-0.241055578684751,0.338,0.453,1
"Ptrh2",0.688533186814539,-0.722430304281309,0.042,0.094,1
"Ppcdc",0.688610958724017,-0.40261882761206,0.085,0.075,1
"Sdhaf1",0.688701235801699,-0.759419308371199,0.014,0.019,1
"Adprh",0.688747383939189,-2.28635791769232,0,0.038,1
"Bbs7",0.688747383939189,-1.82334567092876,0,0.038,1
"Gm26782",0.688747383939189,-1.82334567092876,0,0.038,1
"Gpc2",0.688747383939189,-1.82334567092876,0,0.038,1
"Gstm4",0.688747383939189,-1.82334567092876,0,0.038,1
"Gm2453",0.688777988338637,-0.285536146051434,0.014,0.019,1
"Ei24",0.688891131666974,-0.272583956469968,0.113,0.17,1
"Ndufc1",0.688903876286866,-1.00063388831868,0.07,0.151,1
"Sbf1",0.689137390439735,0.3292914705708,0.085,0.094,1
"Topors",0.689203357523599,-0.424481684931589,0.099,0.189,1
"Taf1b",0.689369121964393,0.637783211613347,0.085,0.094,1
"Mapk3",0.689556098584579,-0.341108189811593,0.014,0.019,1
"Tigar",0.689556098584579,-0.341108189811593,0.014,0.019,1
"Aar2",0.689618158389401,1.23266695648416,0.085,0.075,1
"Syvn1",0.689633416200358,1.96264313441544,0.056,0.038,1
"Tango6",0.689665425578045,0.709871101488369,0.113,0.094,1
"Rbfa",0.689672269963995,-0.611228301141765,0.042,0.075,1
"Aph1a",0.689676830776932,-1.33029927284695,0.014,0.057,1
"3110056K07Rik",0.689855050738232,-0.74542272270796,0.099,0.17,1
"Rcl1",0.689987577338002,1.37459517675871,0.099,0.094,1
"N4bp2",0.690035510634559,-0.928566984618231,0.085,0.208,1
"Tiam1",0.690075835657064,-0.990754350377822,0.127,0.245,1
"Hycc2",0.690425354849314,0.390444798932076,0.183,0.208,1
"Ephx1",0.690656578835858,0.713725285297353,0.014,0.019,1
"Pole3",0.690666887032038,-0.297692644137994,0.056,0.113,1
"Bcas3os1",0.690952827787489,-0.399355763502949,0.014,0.019,1
"E2f2",0.691019172339488,0.58722875373443,0.155,0.132,1
"Phf8",0.691128393349833,0.161151323282119,0.127,0.094,1
"Setdb1",0.691216147607121,0.694554371391829,0.099,0.075,1
"Ptprv",0.69124199687634,1.61636748680081,0.028,0.019,1
"Gm49741",0.691346409402317,-0.405556492794924,0.014,0.019,1
"Bora",0.691569202177013,0.519297621998632,0.254,0.283,1
"Fermt3",0.691601482707859,-0.668854644908166,0.282,0.415,1
"Atp10d",0.691734393023393,0.135647915105465,0.056,0.075,1
"Heca",0.691750423252286,-0.142025624713211,0.197,0.189,1
"Tob1",0.691877275773113,1.12407229513891,0.028,0.019,1
"Eif4h",0.691978224067206,0.326285471268153,0.239,0.226,1
"Tbc1d7",0.69208910021012,1.07961500040431,0.028,0.019,1
"Mrps12",0.692166239887924,-1.7251301095316,0.014,0.038,1
"Tapbp",0.692217347282914,-0.805257775259855,0.155,0.34,1
"Uvrag",0.692356500391784,-0.298026671152911,0.437,0.528,1
"Tatdn1",0.692442790950682,1.32681614151271,0.141,0.113,1
"Rab8b",0.692494152270809,-0.323266761686711,0.366,0.528,1
"Zfr",0.692499895959659,0.458130288102585,0.408,0.491,1
"Myef2",0.692773836158267,0.514856194081834,0.239,0.283,1
"Smarcad1",0.692914409250203,-0.131942831937628,0.239,0.34,1
"Gm50232",0.692936722203929,1.10591060198446,0.028,0.019,1
"Uchl3",0.692958344220047,0.452945433695587,0.141,0.208,1
"Brd2",0.692990576875655,0.388032201165483,0.211,0.34,1
"Gm45250",0.69300650010575,0.677587580885874,0.014,0.038,1
"Rhof",0.693009623415837,-0.441147693700344,0.042,0.094,1
"Rbm42",0.693068300826256,-0.566630183693374,0.028,0.094,1
"Fbxw11",0.693118827435753,0.724698179481925,0.296,0.302,1
"1810014B01Rik",0.693224695940842,-0.332510938510418,0.014,0.019,1
"Snx5",0.693369801151491,-0.275854696550548,0.338,0.415,1
"Tlr1",0.693456360528588,-1.38258317531823,0.028,0.094,1
"H4c11",0.693539168474327,-0.866583376326478,0.014,0.019,1
"Dpp9",0.693720027293813,-2.06985735387333,0.028,0.075,1
"Rab40c",0.693770330388081,-0.66958349136506,0.07,0.132,1
"Ptprcap",0.694103844396338,-0.92686135808952,0.225,0.358,1
"Dclre1b",0.694303473687663,0.386038246486269,0.014,0.057,1
"Mea1",0.694580467729718,1.8972146534561,0.028,0.019,1
"2410006H16Rik",0.69464625837652,-0.747844515523324,0.183,0.34,1
"Spata6",0.694695220078866,0.155081516000398,0.155,0.151,1
"Gramd1c",0.694714351654374,-0.324671496395372,0.014,0.019,1
"2700038G22Rik",0.694755107802385,-0.973205948852788,0.014,0.019,1
"Cbx3",0.694829514626823,0.229871379850289,0.479,0.547,1
"Clcn3",0.694977809614283,-0.132503331631646,0.38,0.566,1
"Aimp1",0.694984347626377,-0.487601164611577,0.127,0.245,1
"Mrps34",0.695034169330469,1.44149213030698,0.042,0.038,1
"Dhx9",0.695175420905125,-0.100790738492949,0.408,0.566,1
"Rnf126",0.695189023117655,0.722173332229974,0.113,0.075,1
"Kmt5a",0.695262517764649,0.391569063895609,0.31,0.358,1
"Rwdd3",0.695398059641371,-1.48296905480676,0.014,0.038,1
"Ccny",0.695496345895692,0.546941536222199,0.38,0.377,1
"Ruvbl2",0.695497052409539,1.61357349451717,0.056,0.019,1
"Fen1",0.695503264779978,-0.706157309909552,0.056,0.132,1
"Mettl5",0.695795930681546,1.31968216362543,0.07,0.057,1
"Jak1",0.696004080641686,-0.254330088038006,0.563,0.698,1
"Cap1",0.696053509195282,-0.200712668648468,0.324,0.453,1
"Rusc1",0.696063290021321,0.501862541304429,0.014,0.038,1
"Gata3",0.696173659031212,-1.05784322109393,0.113,0.151,1
"Cic",0.696353485394056,-0.359203817591816,0.127,0.208,1
"Atf2",0.696455818325615,0.574162835050551,0.38,0.453,1
"Itprip",0.696480789939845,-0.598310443158323,0.014,0.019,1
"Insyn2b",0.696556606298186,0.720504723949053,0.141,0.113,1
"Arid1b",0.696641126397331,-0.346920149890249,0.465,0.623,1
"Armc9",0.696672464884142,0.232350998706617,0.014,0.057,1
"ENSMUSG00000121393",0.696745935214755,-0.585371235710444,0.028,0.038,1
"Fdx2",0.696792071867753,-0.444474953587779,0.07,0.113,1
"Patz1",0.697198278308566,1.32061122718503,0.085,0.094,1
"Cdc37",0.697277125635157,-0.198639245043149,0.254,0.283,1
"Supt4a",0.69744592273665,-1.19451370738195,0.042,0.113,1
"Vps33b",0.697471226171329,0.164860431598131,0.07,0.038,1
"Atrn",0.697588101991711,0.447416119114084,0.225,0.226,1
"Srek1",0.697701783522336,-0.158713157970156,0.352,0.434,1
"Nckap1l",0.698129550783807,0.235487406686973,0.211,0.264,1
"Cox4i1",0.698299476601406,0.674270044875011,0.225,0.321,1
"Cks2",0.698525549135881,-0.211981687467806,0.169,0.226,1
"9530056K15Rik",0.698570363775255,-0.256586769129532,0.014,0.019,1
"Mmaa",0.698755112097091,-0.279599455460518,0.028,0.038,1
"Srp72",0.69878312646566,0.901636185523284,0.225,0.283,1
"Qsox2",0.698932520364422,-1.42578091969582,0.042,0.094,1
"Zfp82",0.698992827125835,-0.537392822304432,0.014,0.019,1
"Ergic1",0.69908857016408,0.551504789219824,0.239,0.208,1
"Pik3r5",0.699147632226852,0.283675559723136,0.155,0.17,1
"S100a13",0.699178931430767,-1.41928638294117,0.099,0.264,1
"Gm16565",0.699239527285296,-0.529575195386649,0.07,0.113,1
"A930007I19Rik",0.699257235062039,-0.998052054816589,0.028,0.019,1
"Gm27008",0.699287897667286,-0.840963717479037,0.042,0.075,1
"Acvr1b",0.699405009286622,-0.153922068453747,0.028,0.075,1
"Ulk2",0.699430861879341,-0.255442890192805,0.155,0.189,1
"Bcs1l",0.699501770922163,-0.220498900841442,0.014,0.019,1
"Lipo3",0.699524546789606,-1.0395502387943,0.014,0.019,1
"Lmnb2",0.699621678852106,-1.14947928241693,0.028,0.094,1
"Taf4",0.699638204185676,-0.82564885928071,0.042,0.151,1
"Garin1a",0.699757053760406,0.376403110488009,0.014,0.019,1
"1500015A07Rik",0.699769485753444,-0.186407538830925,0.028,0.075,1
"Irf3",0.69984529164735,-0.453214918499883,0.042,0.075,1
"Tsc1",0.699949087143465,-1.48525168300117,0.028,0.075,1
"Pnrc1",0.699973801275304,0.329142307496284,0.169,0.189,1
"Zfp780b",0.700010529326978,0.114168635186951,0.056,0.113,1
"Slc25a4",0.700096114745611,0.736698665939611,0.113,0.132,1
"Lin37",0.70013478270564,-0.671200163693831,0.014,0.038,1
"Golga3",0.700161772513128,1.2403326936982,0.085,0.113,1
"Scamp3",0.700169539937264,-1.38021796851621,0.028,0.094,1
"Dhrs11",0.700294792982534,-0.908628396849525,0.042,0.075,1
"Rhoh",0.700489089369273,0.285896280395865,0.352,0.358,1
"Thoc1",0.700602298508788,-0.485809387029337,0.225,0.34,1
"Ppp1r15b",0.700707135509449,-1.77269553300084,0.099,0.208,1
"Lpin1",0.700907149185419,-2.40805713409474,0.042,0.132,1
"Parp12",0.700965944838939,-2.07021123560617,0.028,0.038,1
"Tcp1",0.700970756734911,-0.547845024559628,0.211,0.358,1
"Sbno2",0.700976233711344,0.955509326127502,0.169,0.151,1
"Marchf7",0.701013899678873,0.231919157749372,0.31,0.34,1
"Foxj3",0.701079932485518,0.598754848747228,0.268,0.264,1
"Lrp5",0.701226335172908,0.233758103145751,0.042,0.094,1
"Fbh1",0.701314904037345,-1.22716621833157,0.028,0.094,1
"Fbxw17",0.701326999260114,-0.802811143721482,0.042,0.094,1
"Rpl23a",0.701399318638896,0.103295750327195,0.423,0.472,1
"Txnrd1",0.701402345185164,0.380532153511445,0.211,0.245,1
"Mad2l1",0.701438951166713,-0.358278567432106,0.056,0.132,1
"Gzmb",0.701463626678886,-0.130885379677131,0.437,0.453,1
"Sap25",0.701703013983324,0.593651349952689,0.028,0.038,1
"Agpat4",0.701833237228422,1.54496651205317,0.085,0.038,1
"Zbtb25",0.701899792746549,0.590718814661163,0.113,0.132,1
"A630089N07Rik",0.701928812187521,0.453028486772545,0.282,0.358,1
"Mast3",0.702018371217005,-0.154681794689987,0.07,0.151,1
"Ppp1r12a",0.702083073805835,0.197546120623996,0.62,0.642,1
"Wapl",0.702144192485958,0.365688840878543,0.535,0.566,1
"Gm50469",0.702298267401229,-1.24155384547228,0.028,0.057,1
"Ppp2r2d",0.702413537188356,-0.754381150583447,0.113,0.226,1
"Arl6ip1",0.702418318654147,-0.33494816824418,0.338,0.491,1
"Dmac2l",0.70246970621689,1.3991632741054,0.014,0.038,1
"Gm35188",0.702561720816316,1.82737750421149,0.028,0.019,1
"Cox10",0.702568616674221,-0.351149589526024,0.169,0.321,1
"Gbp2",0.702594852441712,-0.72654074385316,0.07,0.189,1
"Zmym4",0.702749426939363,0.565073098895768,0.338,0.377,1
"Cltc",0.702795026086808,0.18546510182869,0.366,0.415,1
"Pik3cg",0.702830590966807,1.6381541560747,0.127,0.151,1
"Atp5c1",0.703342031559976,-0.118334754707975,0.225,0.321,1
"Mrps5",0.70354462357545,-0.702122057452941,0.085,0.17,1
"Gm12764",0.703562632179982,-0.142675425180969,0.014,0.019,1
"Ndrg1",0.703618952114156,-0.431029012690338,0.028,0.094,1
"Gm20404",0.703694373699118,-0.156662672658514,0.014,0.019,1
"Gimap8",0.703777686522989,-0.516905686079964,0.239,0.396,1
"Gm29642",0.703958249096478,-0.377019693495597,0.014,0.019,1
"Mvp",0.703987699986973,0.370130660605238,0.014,0.038,1
"Elp1",0.70415064310796,-0.183666512754958,0.099,0.189,1
"Arid1a",0.704256375538473,0.12516462232613,0.394,0.472,1
"Syngr2",0.70440853728942,-1.08196390781476,0.028,0.094,1
"Rasa3",0.704454493491214,0.249403964107674,0.197,0.226,1
"Pianp",0.70450337982797,-1.22004755701829,0.042,0.038,1
"Rab3ip",0.704640056119535,-0.405459964432011,0.099,0.189,1
"Xpo1",0.704858716609007,-0.326177502831278,0.465,0.623,1
"Pdcl3",0.704945755814445,1.21432746407801,0.042,0.038,1
"Strap",0.704954290469258,-0.48283115489425,0.099,0.189,1
"Gm4221",0.704971029757291,-0.999764290100415,0.014,0.038,1
"Abi2",0.705224167821997,0.331276650663574,0.127,0.132,1
"Cenpq",0.705274303603925,0.478831672092292,0.127,0.094,1
"Nufip1",0.705344296463798,0.65997973032829,0.183,0.17,1
"Egf",0.705376033681797,-0.507911445139175,0.014,0.038,1
"Psap",0.705461726194943,-0.514227934361869,0.099,0.189,1
"Ptger2",0.705507893248506,-0.304197541831939,0.014,0.019,1
"Epb41l2",0.705610673065808,-0.482590211189466,0.225,0.377,1
"Tom1l2",0.70581179830306,1.04001647422143,0.141,0.132,1
"Klhl9",0.705952256401391,0.321794240955277,0.099,0.113,1
"Unc13d",0.705993493019072,0.726420593270555,0.113,0.075,1
"Snrnp70",0.70616624055323,0.236205726391173,0.507,0.566,1
"Snx27",0.706232755318151,0.447652889947588,0.155,0.264,1
"Med15",0.706242100796195,0.725320519467492,0.268,0.264,1
"Zbtb43",0.706299319947802,0.940319436928137,0.056,0.075,1
"Pggt1b",0.706328714764389,0.569809936968701,0.183,0.208,1
"Fam98b",0.706470482002571,0.558650914166011,0.113,0.113,1
"Psma4",0.706729595146776,-1.46346897700282,0.085,0.17,1
"Wdr25",0.706774977869922,-1.54708275393244,0.042,0.094,1
"Rph3al",0.706895491265152,0.127354518243108,0.014,0.038,1
"BC005537",0.707002412853247,0.19266102310702,0.211,0.208,1
"Twf2",0.707311964810294,-0.459160627547956,0.028,0.094,1
"Seh1l",0.707329789245282,-0.395247216992922,0.07,0.113,1
"AW011738",0.707356808567687,0.773856832465617,0.014,0.019,1
"Gm57240",0.707356808567687,0.773856832465617,0.014,0.019,1
"Mycn",0.707356808567687,0.773856832465617,0.014,0.019,1
"Nol6",0.707417822931363,0.250568138689992,0.056,0.094,1
"2310022B05Rik",0.707441230066119,0.565056897675437,0.028,0.038,1
"Gm45890",0.707526030585224,-0.715073285166326,0.014,0.019,1
"Brwd3",0.707704108538364,-0.824255399564713,0.099,0.226,1
"Rpl35a",0.707724134395876,0.354236746895896,0.38,0.415,1
"Uqcc3",0.708100771233782,0.124929926157423,0.056,0.057,1
"Prkcb",0.708178956283568,-0.143530876839691,0.282,0.321,1
"Bod1l",0.708189336496726,0.441057431314585,0.31,0.415,1
"Prkcz",0.708240101751522,-1.52681824739621,0.014,0.038,1
"Lrrc42",0.708372776546872,1.25771735394467,0.056,0.038,1
"Man2b2",0.708552765416308,-0.855812216949653,0.028,0.038,1
"Mcm7",0.708737618127083,-1.84012833527963,0.056,0.17,1
"Plekhm3",0.708831984429018,-0.826134020969818,0.085,0.151,1
"Mppe1",0.708923344218718,1.35797632235755,0.056,0.057,1
"Spacdr",0.708953706047566,-0.366820056431847,0.155,0.302,1
"Hook3",0.709091527962057,0.239000195398105,0.155,0.189,1
"Nop58",0.709125550319803,0.478189579708872,0.408,0.434,1
"Dcaf5",0.709306609291455,0.348989908671797,0.296,0.321,1
"Toe1",0.709454285098072,1.58843498885111,0.042,0.038,1
"Elovl6",0.70949604307091,-0.13029409511919,0.366,0.396,1
"Lpgat1",0.709506206138174,-0.647734762995213,0.169,0.302,1
"Dynlrb1",0.709528800664271,0.772532235188723,0.113,0.113,1
"Chtf8",0.709664260512812,-0.492009901068829,0.014,0.019,1
"Slc25a22",0.709664260512812,-1.39395481177593,0.014,0.019,1
"Tpk1",0.70978038861023,0.476119284641351,0.211,0.302,1
"Armh3",0.709792183116725,0.561280259674262,0.211,0.208,1
"Mrpl18",0.709939177555946,-0.394053569343432,0.183,0.226,1
"Med21",0.710024633533131,0.416078003971435,0.056,0.057,1
"Cdc45",0.71005171495087,-0.937514152091796,0.042,0.113,1
"Nrbf2",0.710091792707431,1.08780043811753,0.07,0.057,1
"Cirbp",0.710095013339615,-0.115655276358554,0.07,0.113,1
"Sec23b",0.710234465301308,-0.854543446435183,0.042,0.113,1
"Bard1",0.710278891394571,-0.607565311761788,0.239,0.34,1
"Ift88",0.710402487203883,1.52287003504314,0.085,0.038,1
"Phykpl",0.710407239567376,1.15771363609467,0.127,0.094,1
"Zfp956",0.710417905467452,-0.720129451285325,0.028,0.075,1
"Zfp511",0.710437576520045,-0.442774358589813,0.042,0.038,1
"Acot9",0.710563903775109,-0.254842927267463,0.07,0.094,1
"Stard3",0.710773996326296,-0.545569864047913,0.014,0.057,1
"Ap1ar",0.710813286528898,0.315655736155494,0.127,0.151,1
"BC004004",0.710853147088057,-0.524518324786375,0.225,0.283,1
"Dipk1a",0.710877672414719,0.205802682436005,0.099,0.094,1
"Cul7",0.710998826722096,0.352073727383199,0.014,0.019,1
"Per1",0.711091289402187,-0.460593971169731,0.014,0.019,1
"Dynlt2a2",0.711179538904377,1.06069880596811,0.028,0.019,1
"Atp6v1b2",0.711234201045349,-0.750496711553982,0.099,0.226,1
"Jund",0.711294340159111,0.367671355951683,0.211,0.264,1
"Lrig2",0.711354101562775,0.171861398059495,0.113,0.113,1
"Bloc1s6",0.711373849581746,0.789815783736695,0.07,0.075,1
"Nars2",0.711426913912461,0.52470322122565,0.268,0.245,1
"Gabbr1",0.711428732292463,1.00903673344623,0.028,0.038,1
"Gnb1",0.711485582897112,-0.381556992139869,0.493,0.642,1
"1700037C18Rik",0.711487577736639,1.11684043056144,0.056,0.019,1
"Hipk2",0.711958021610987,-0.118723948539365,0.324,0.377,1
"Disp1",0.712107931947859,-0.179129059064878,0.155,0.264,1
"Plod2",0.712164238110421,-0.874718249990407,0.056,0.132,1
"Zfp930",0.712377517392252,2.29680741326695,0.07,0.038,1
"Tox",0.712500254198904,-0.216358269082479,0.254,0.377,1
"Bcl2l13",0.712860792912684,-0.682243999427198,0.099,0.189,1
"Ptp4a2",0.712861499229418,0.235742537609014,0.507,0.547,1
"Mrpl42",0.712867686220688,-0.168051738460891,0.07,0.151,1
"Araf",0.713332292563984,-0.132369286437948,0.085,0.208,1
"Eme1",0.713429269045063,-0.443609685576996,0.028,0.113,1
"Zbtb33",0.713453494091471,1.32701731275932,0.07,0.038,1
"Anln",0.713484117473593,0.372994889761085,0.31,0.34,1
"Golt1b",0.713612517563922,0.174633270231112,0.07,0.057,1
"Spidr",0.713869250055547,0.821388261706077,0.338,0.377,1
"Tfb2m",0.714175716953608,-0.512194285660194,0.042,0.132,1
"Atf5",0.714267053654904,-0.325724914454024,0.014,0.019,1
"Ppargc1b",0.7145418663546,1.33811048582853,0.099,0.075,1
"Ythdf2",0.714581762471233,-0.172652748181593,0.239,0.415,1
"Zbtb40",0.714753604227208,0.231015565118375,0.056,0.132,1
"Ptprk",0.71502321377955,-0.384259664979858,0.014,0.019,1
"Ncapd2",0.715078904260961,-0.710788458950394,0.268,0.358,1
"Mid1ip1",0.715122976343021,1.70606436715667,0.042,0.038,1
"Tpr",0.715234119874193,0.23924960701352,0.563,0.566,1
"Elavl1",0.715295170164935,-0.262162906924168,0.225,0.358,1
"Parp8",0.715476000144686,-0.598457233379145,0.085,0.151,1
"ENSMUSG00000121482",0.715497513227395,-0.382770495509257,0.014,0.019,1
"Dus4l",0.71560899673934,-1.88826398508542,0.028,0.057,1
"Slirp",0.715694833796317,1.78187333712925,0.056,0.038,1
"Dpy19l1",0.715937408601702,-0.116164135163111,0.141,0.245,1
"Ndufs7",0.715986513786159,-2.91805239492499,0.028,0.094,1
"G2e3",0.716013148833776,0.406494945713655,0.268,0.283,1
"Tbc1d22b",0.716103390665304,0.738854170034915,0.183,0.245,1
"Cep95",0.716344655373981,-0.494954113097863,0.113,0.17,1
"4921511C10Rik",0.716380328133832,-0.272877776163017,0.028,0.038,1
"Smurf1",0.716498376356685,0.963029523724671,0.155,0.208,1
"Pros1",0.716613591950442,0.233240563649354,0.197,0.226,1
"Ppp2r5a",0.716616251954325,0.588238377956133,0.282,0.321,1
"Nde1",0.716808847853713,0.336785437565667,0.127,0.208,1
"Atp6v1g1",0.717059175702247,0.103849471827528,0.099,0.113,1
"Afg3l2",0.717142297993911,-0.704062104330003,0.07,0.151,1
"Zfp948",0.717359633609329,0.191037329561966,0.014,0.019,1
"Usp33",0.717594069348116,0.200987683158977,0.028,0.075,1
"Atp5mpl",0.71761787094969,-0.255364341770572,0.113,0.151,1
"Hdac1",0.717639787414672,-0.341574157053872,0.155,0.302,1
"Grk2",0.71768449159852,0.125202830084476,0.183,0.34,1
"Hipk3",0.717892942289744,-0.273712282651454,0.183,0.151,1
"Spint2",0.717990348840281,-1.14378608106505,0.056,0.132,1
"Rmdn3",0.718045545803364,1.23124454107534,0.127,0.132,1
"Zfp655",0.718122211335456,0.898493984033485,0.085,0.094,1
"Arhgef10",0.718249754420859,1.10232052207832,0.085,0.075,1
"Ap1g1",0.718425150843018,0.488347524087504,0.324,0.358,1
"Vps37c",0.718529804456035,0.391505563046924,0.042,0.038,1
"Aopep",0.718572446825093,0.432626008564159,0.394,0.415,1
"Nek3",0.718608714188511,-0.875247345284959,0.028,0.019,1
"Gpr34",0.718611828561512,-0.770961452639101,0.014,0.019,1
"Mtr",0.718645548397996,0.796007320483901,0.099,0.094,1
"Ercc6l2",0.718748157647792,-0.971542317833813,0.169,0.264,1
"Endov",0.718871619813477,0.270290927948617,0.056,0.038,1
"Psip1",0.719253713144344,0.266541438042677,0.352,0.396,1
"Mccc1",0.719386635026906,-1.350284571669,0.014,0.019,1
"Morc2a",0.719466407120564,0.513592173563741,0.225,0.245,1
"Gnpda2",0.719478624586055,0.924286281715247,0.014,0.038,1
"Lmbrd1",0.719615189615731,-0.506878389353747,0.099,0.151,1
"Itm2b",0.719631313966998,0.126875768038983,0.296,0.358,1
"Zfp35",0.71996415112313,-1.61712156671092,0.028,0.075,1
"Gcdh",0.720006918806031,0.451999688217005,0.014,0.038,1
"Cdt1",0.720046189591952,0.35089304843979,0.07,0.075,1
"Tefm",0.720554807100034,-1.05099630883814,0.014,0.019,1
"Prpsap2",0.720792103618799,-0.520556195468338,0.056,0.113,1
"Grn",0.720825721815208,0.867195255753026,0.014,0.019,1
"Plp2",0.720847412253848,-0.782965928377279,0.07,0.132,1
"Rwdd4a",0.720875482144858,-0.353017003184508,0.099,0.151,1
"Dnajc6",0.720945773415397,-3.64467942748233,0.014,0.019,1
"Slc7a11",0.720945773415397,-0.803338748886052,0.014,0.019,1
"Zfp275",0.721011813495023,0.233626213231829,0.028,0.038,1
"Oas2",0.721093835954304,1.27641690181789,0.028,0.019,1
"Septin2",0.721104437672586,-0.170255443726062,0.028,0.038,1
"Zcchc9",0.721126991537713,-0.28730907737317,0.113,0.189,1
"Smyd3",0.721145447323438,0.50308210086211,0.535,0.623,1
"Tnfrsf1b",0.721245562464074,-0.976453130055346,0.056,0.132,1
"Rpia",0.721300052679204,0.535135556244597,0.085,0.075,1
"Cox11",0.721344738032902,0.690570695335905,0.099,0.057,1
"Cept1",0.721356545378927,-0.348752393134413,0.211,0.358,1
"Irf1",0.721366331292371,0.172346779280787,0.268,0.396,1
"Zkscan7",0.721435580286536,-0.16161347306304,0.014,0.019,1
"Aldh9a1",0.72149385263164,-0.613470346767794,0.056,0.094,1
"Dph6",0.72163078635528,0.581257993600549,0.254,0.283,1
"Stimate",0.721804833869645,0.363656703409072,0.099,0.113,1
"5830428M24Rik",0.721902867167682,0.651479203014687,0.028,0.038,1
"Eldr",0.721979641500004,-2.10998452834366,0.042,0.094,1
"Spata7",0.722072207481855,2.30051375175052,0.099,0.075,1
"Arhgap31",0.722079218549111,0.816726954351518,0.042,0.075,1
"Hdac5",0.722127749184096,0.671422488868723,0.056,0.038,1
"Tuba1c",0.722155887156643,1.10907927781348,0.155,0.132,1
"Lrrc28",0.722318340755638,1.26807458615452,0.155,0.17,1
"Neurl1b",0.72241883030873,0.404949041360665,0.014,0.019,1
"Paip2b",0.722432568810705,0.401721588571061,0.099,0.075,1
"Tcirg1",0.72244213306473,1.82691567486531,0.042,0.057,1
"Gpr171",0.722492094679903,-0.558608812606441,0.07,0.17,1
"Kdm3a",0.722512524432058,0.467898783254496,0.225,0.283,1
"Cyba",0.722604912031609,-0.467439371419015,0.169,0.34,1
"Pdcd6ip",0.722667119599863,-0.478111460618976,0.282,0.434,1
"Slc44a1",0.722674139645569,1.13212080685323,0.042,0.038,1
"Zfp251",0.722809888462833,1.48603738866213,0.042,0.038,1
"Cdc26",0.722817414218983,-1.01449182103939,0.042,0.113,1
"Gm10602",0.72293347087895,-0.818210329681283,0.028,0.019,1
"Senp1",0.722988655541176,-0.390036834498681,0.225,0.396,1
"Cit",0.723031172038724,-0.217880244674856,0.31,0.453,1
"Alcam",0.723116494939298,0.496729072992602,0.169,0.208,1
"Gstz1",0.72317364973903,1.5247461076452,0.056,0.038,1
"Snx10",0.723195950719472,0.903496398342372,0.056,0.038,1
"Taf6",0.723227131506826,-0.479755111812837,0.028,0.075,1
"Yipf3",0.723274849751633,-0.178614200776015,0.014,0.038,1
"Ppm1k",0.723645726768742,-0.92170038896167,0.028,0.075,1
"Dmap1",0.723800527450509,-0.688870284274306,0.028,0.057,1
"Cnih4",0.723883728825536,-0.638957290712892,0.028,0.094,1
"Abca2",0.723997257637104,0.77623312520819,0.099,0.113,1
"Farp2",0.724361675710012,2.16616272150441,0.056,0.038,1
"Psme4",0.724481812077151,0.391818587209914,0.38,0.453,1
"Lncpint",0.72473734173697,0.319725832201441,0.282,0.34,1
"Phactr2",0.7247716523146,1.17280875456149,0.085,0.094,1
"Trim33",0.72479883543209,0.351182929952089,0.366,0.472,1
"Fem1c",0.724897155119736,-1.18271403814082,0.099,0.17,1
"Gpx1",0.724903968615828,0.816467286010139,0.085,0.113,1
"Zfp945",0.724939752470648,0.486498348993598,0.042,0.038,1
"Ptgr2",0.724951868686276,1.303005168139,0.042,0.038,1
"Prmt1",0.725258821114349,-0.485828288098085,0.07,0.151,1
"Smap1",0.725359674445195,0.285829960869912,0.183,0.189,1
"Mrps16",0.725379352047099,0.276560876714909,0.127,0.151,1
"Mpc1",0.725444332664747,-1.10727681549136,0.07,0.151,1
"Xylt2",0.725596687434683,0.429062681866977,0.028,0.038,1
"Nr1d2",0.72564724949966,0.486022197304764,0.014,0.019,1
"Emd",0.725703918129727,-0.951844675503283,0.028,0.075,1
"D230022J07Rik",0.725847533162127,-0.941196717987934,0.014,0.019,1
"Thumpd2",0.725852755560993,0.153332315557571,0.085,0.075,1
"Rplp1",0.726175707803282,-0.332056189792858,0.521,0.679,1
"Mtmr14",0.726192335046458,-0.197451681556955,0.07,0.132,1
"Ankrd44",0.726364892099433,-0.118656292228437,0.789,0.811,1
"Dcaf8",0.726482261624191,0.689149452729873,0.155,0.189,1
"Mrpl45",0.726648326189739,-0.387341394612162,0.042,0.132,1
"Gm49797",0.726759143954915,-0.864204614367462,0.099,0.208,1
"Csgalnact1",0.726769475699827,0.179421738812457,0.113,0.189,1
"Apmap",0.726825929837273,0.516565443251118,0.014,0.038,1
"Atxn10",0.727031003882813,0.25304349112738,0.31,0.321,1
"Atp5o",0.727413753005945,-0.506218968993865,0.099,0.208,1
"Slc6a6",0.727453800163286,0.594992684719974,0.169,0.208,1
"Fzr1",0.727553043607383,0.234918987253635,0.07,0.132,1
"Cep350",0.727585141882376,0.116305517701485,0.254,0.302,1
"Utp6",0.727624900948569,-0.107743471659883,0.099,0.17,1
"Ambra1",0.727712391141103,0.672169139418398,0.563,0.566,1
"Pin1",0.728076223869789,-0.930635031430172,0.028,0.057,1
"Rnf115",0.728127005105344,0.170154511397998,0.31,0.377,1
"Mark2",0.728140551005596,-0.336017904175702,0.225,0.358,1
"Gm56517",0.728168240651115,0.965846449599506,0.042,0.075,1
"Spindoc",0.728276931554843,0.279910192203999,0.028,0.075,1
"Vps51",0.728428315018385,-1.21471832103534,0.028,0.075,1
"Dpagt1",0.728429654351723,-0.997672418878167,0.028,0.075,1
"Zfp763",0.728560043398768,-1.25918383127447,0.014,0.038,1
"Psen2",0.728605847569663,-0.295295195671612,0.028,0.038,1
"Icos",0.728667658437838,-0.339884992406704,0.268,0.377,1
"Rnf8",0.728684982687721,1.14951839956951,0.085,0.057,1
"mt-Atp8",0.7288250346099,-0.576287773586471,0.31,0.472,1
"Acsl5",0.728972349068847,-0.379344860373031,0.282,0.358,1
"Cdc123",0.729138690830867,-0.462246443088405,0.127,0.245,1
"Ncdn",0.729290187240339,-0.918184071988103,0.028,0.075,1
"Arfgap2",0.72930389752221,0.443154730481381,0.056,0.057,1
"Mettl14",0.729346576359125,0.143838065672814,0.028,0.038,1
"Mon2",0.729407843096856,0.651496070032056,0.225,0.245,1
"Napepld",0.729483650470249,-0.984640377908091,0.014,0.019,1
"Tdrp",0.729483650470249,-0.984640377908091,0.014,0.019,1
"Rnasel",0.729681251246497,-1.41114006507074,0.042,0.094,1
"Kif24",0.729692144059913,1.18224737350568,0.155,0.151,1
"Gm26771",0.729720256021357,-0.283435273303547,0.113,0.208,1
"Itgb3",0.729914865614213,-0.929062383582941,0.07,0.151,1
"Pibf1",0.729965289402502,0.797560454051988,0.268,0.245,1
"Slc16a1",0.730004688915105,0.374722497610516,0.169,0.132,1
"Ythdf3",0.73033686156432,0.182732738656561,0.282,0.396,1
"Neurl3",0.730380824059325,-0.74626192380698,0.014,0.019,1
"Ift27",0.730503892795636,0.374412455166555,0.014,0.019,1
"Frs2",0.730642253170198,0.107343207949851,0.225,0.321,1
"Gm29666",0.730642401856274,1.2610970112578,0.028,0.019,1
"Ndufaf1",0.730691838473261,0.411529379274736,0.028,0.075,1
"Armcx5",0.730810812125434,-0.315276880447663,0.014,0.019,1
"Rsph10b",0.730810812125434,-0.315276880447663,0.014,0.019,1
"Slu7",0.730923482518365,-1.055601645245,0.042,0.113,1
"Nedd8",0.73104935744775,-1.43726348034694,0.085,0.208,1
"Zfp687",0.731228776192481,-0.539130666687129,0.07,0.151,1
"Stat5a",0.731384505939006,0.224599157471208,0.113,0.075,1
"Rptor",0.731413519382853,0.335340520358531,0.366,0.434,1
"Gm47350",0.731425812805684,-0.621342677671648,0.014,0.019,1
"Adam19",0.731484335877243,0.187508787715303,0.282,0.302,1
"Agps",0.731626220533085,0.629758657759275,0.38,0.472,1
"Kif20b",0.73164441127432,-0.512021495247819,0.282,0.358,1
"Tmem62",0.731669042766279,-1.81967753557421,0.028,0.094,1
"Rgp1",0.731753716673031,-0.252232420177376,0.028,0.038,1
"Gm56906",0.731814628849984,0.289036799574646,0.169,0.208,1
"Ranbp1",0.731898412539416,-0.119456960281178,0.254,0.415,1
"Fam117a",0.731975139630859,-0.423113353842958,0.07,0.17,1
"Agap2",0.731977040255889,-0.847578479069044,0.056,0.132,1
"Gm37233",0.732058387791484,1.97560066319503,0.028,0.019,1
"Med26",0.732077863762349,0.623103977784991,0.197,0.189,1
"Blm",0.732306400847576,-0.393808560070878,0.296,0.415,1
"Nagk",0.732320715890817,0.839878077946302,0.056,0.057,1
"Chmp1b",0.732518058733811,1.52155121785067,0.07,0.057,1
"Rps6kc1",0.732608039535072,-1.31056631554168,0.07,0.132,1
"Trim27",0.732736120772824,0.20609870280328,0.127,0.151,1
"Rnf25",0.73280311793144,0.942652779659432,0.028,0.038,1
"Mief1",0.73284201154913,0.512437622116755,0.056,0.113,1
"Polr2j",0.73301161075429,-0.13118897808634,0.085,0.094,1
"Thoc2",0.733028802394672,-0.293080176738715,0.38,0.566,1
"Map4k5",0.73303374222719,1.86815203080221,0.07,0.057,1
"Ubr3",0.733052091801503,-0.269795656159315,0.352,0.509,1
"Zfp941",0.733073301228111,-1.04314028513777,0.014,0.019,1
"Kdelr1",0.733078250119813,-1.13077359363644,0.056,0.151,1
"Psph",0.733151710974401,1.18262225379061,0.085,0.075,1
"Pgm2l1",0.733304596738345,-0.655975584379882,0.028,0.057,1
"Rc3h1",0.733358564886027,0.243325238110877,0.338,0.34,1
"Usp38",0.73350619929491,-0.482005758922337,0.169,0.264,1
"Cul5",0.733558996974733,0.445305061136608,0.254,0.283,1
"Atg4d",0.733560735510038,1.64392811279359,0.042,0.038,1
"Nlrp1b",0.73360589853511,-0.546142372188594,0.028,0.075,1
"Fam111a",0.733632460500859,-1.29665962855999,0.127,0.226,1
"Mterf1a",0.733747687147728,1.46260172299733,0.042,0.038,1
"Snx2",0.733795162962758,-0.370749587698261,0.155,0.283,1
"Snhg9",0.733811575933254,0.966715205376349,0.014,0.019,1
"Ikzf3",0.73386568085022,0.664764803564276,0.239,0.245,1
"Oxsm",0.733872842394504,-0.421682432853962,0.014,0.019,1
"Tmem161b",0.733881953834577,0.950107812816746,0.211,0.226,1
"Neat1",0.733932317989894,-0.194697136931803,0.07,0.132,1
"Tango2",0.733990251039527,-0.172066123093029,0.113,0.132,1
"Pgm2",0.734283458300684,0.398189803446453,0.014,0.038,1
"Fam234b",0.734412740217441,-1.31566554150263,0.028,0.075,1
"Cox6c",0.734550025713284,0.142837950376036,0.155,0.208,1
"Upf2",0.73465408518633,0.822381157415509,0.296,0.321,1
"Ccdc102a",0.734726957582877,-0.132490090363468,0.028,0.057,1
"Stx11",0.73483992364152,-0.749882024647477,0.028,0.019,1
"Agrp",0.735199741121509,0.283838939536373,0.014,0.019,1
"Sap30bp",0.735247364077538,0.411802882685547,0.099,0.113,1
"Cep152",0.735438717330002,-0.387748399642255,0.183,0.302,1
"St3gal2",0.735514127550134,0.14860704867814,0.085,0.113,1
"Dusp7",0.735538701987535,-3.54280302125625,0.028,0.075,1
"Srl",0.735616658882146,-1.05171958086144,0.014,0.019,1
"Ctr9",0.735660269194286,0.797312067080322,0.113,0.113,1
"Lmnb1",0.735665983204303,0.245407809166887,0.437,0.491,1
"Traf5",0.735680411368438,0.791095590821608,0.155,0.17,1
"Fam83d",0.735768275296406,0.247013952170152,0.042,0.038,1
"Zfp444",0.735922565369899,0.116437940466347,0.056,0.075,1
"2610206C17Rik",0.736237061779963,-1.25195839989133,0.028,0.057,1
"Zfp91",0.736398008807211,0.129586203471204,0.282,0.302,1
"Sec22a",0.736421233307209,0.721723425526611,0.169,0.132,1
"Ccdc9",0.736490182066476,-1.09189209483218,0.056,0.113,1
"Patj",0.73666176559436,-0.694928071321809,0.014,0.019,1
"Tmem147",0.736698364981137,1.09702562055798,0.056,0.075,1
"Agtrap",0.7367393372899,-0.601463284926863,0.028,0.057,1
"Gltp",0.736930272074118,-0.225901928137636,0.113,0.113,1
"Cntd1",0.736936292628627,0.992255695703451,0.014,0.019,1
"Wdr83",0.737243953758158,1.40894144622645,0.028,0.019,1
"Socs3",0.737298636712226,1.13375352734989,0.028,0.019,1
"Etaa1",0.737510362250696,-0.635296083809499,0.113,0.208,1
"Gm15706",0.737547496425824,-1.88238269200486,0.014,0.038,1
"Yy1",0.737786610347534,0.544999093602016,0.296,0.302,1
"Adam4",0.738026329266349,0.229825749263278,0.014,0.019,1
"Zbtb21",0.738026329266349,-1.52431945528302,0.014,0.019,1
"Ccdc97",0.738033735142446,0.794169397752198,0.056,0.038,1
"Slbp",0.738054037502975,-0.349479000186215,0.183,0.321,1
"Dnah11",0.738186241329379,0.362468067014318,0.028,0.038,1
"Faf2",0.738292059196526,0.805258468957679,0.141,0.189,1
"Zfp729b",0.738330630066584,0.630478594654023,0.07,0.075,1
"Mapk14",0.738387049959943,-0.61108352087091,0.155,0.264,1
"Paics",0.73839379450093,0.790522118128524,0.141,0.151,1
"Crk",0.738657081871321,0.447826698337543,0.197,0.226,1
"Dnajc25",0.738721108318546,0.151925775352957,0.028,0.019,1
"Cd53",0.738726039981122,-0.165881837625969,0.352,0.528,1
"Rragb",0.738767601431532,0.362024028646221,0.042,0.075,1
"Bid",0.739221710270441,0.354044089141528,0.056,0.094,1
"Ap1s3",0.739320967153007,0.18766688686936,0.127,0.226,1
"Sf3b2",0.739323573730759,0.200245145741327,0.296,0.377,1
"Lrrc61",0.739397468087512,-0.811611858325305,0.014,0.019,1
"Ptk2",0.739404019065411,-1.06115971144341,0.07,0.17,1
"P2rx3",0.739620402506054,-1.37096827006875,0.028,0.038,1
"Gm20045",0.73969022553354,-1.68741583512606,0.028,0.038,1
"Gm7072",0.739875166107196,1.18838887898117,0.028,0.038,1
"Cenpl",0.740020593327585,0.816592928743052,0.127,0.132,1
"Fancb",0.740032566223981,-1.18253638531568,0.028,0.075,1
"Prpf8",0.740249834594872,-0.964159863031597,0.127,0.245,1
"Gm48027",0.740268032832483,-0.304694967163087,0.028,0.038,1
"Gm11529",0.740528532125407,1.41972025229412,0.028,0.019,1
"Gm10130",0.740737569534866,0.886220242240773,0.07,0.038,1
"Tuba4a",0.740924115646571,-0.415511558094059,0.099,0.189,1
"Tada3",0.740968106889094,-2.62395693555254,0.028,0.094,1
"Ndufb3",0.741290774039714,1.09369528343586,0.085,0.094,1
"Maml2",0.741341817760277,-0.495971872557754,0.437,0.585,1
"B3galnt2",0.741412448728774,-0.43381835836066,0.099,0.17,1
"Snrpd2",0.741448601349422,0.324482510445157,0.141,0.151,1
"BC049762",0.741519445752372,-2.5805261183071,0.014,0.019,1
"Gimap6",0.74165327111682,0.141155020815166,0.268,0.34,1
"Cnot1",0.741828180268098,-0.287857424001435,0.423,0.623,1
"Elp6",0.741964989830484,1.51286287071699,0.042,0.038,1
"Trp53i11",0.742035823109987,-0.471673815453811,0.07,0.132,1
"Atxn2",0.74216328764697,0.309671643793278,0.211,0.321,1
"Aamp",0.74221142477863,-1.77558886598327,0.028,0.094,1
"Smc1a",0.742281201426685,-0.290246794302562,0.296,0.453,1
"Hps3",0.742424812894978,-0.354120410437173,0.07,0.132,1
"Gm12758",0.742586001846955,-0.762353556142258,0.014,0.019,1
"Tacc1",0.742660102313808,-0.717257526238021,0.085,0.17,1
"Gpatch4",0.742723621919626,0.586064831947202,0.183,0.17,1
"Stim2",0.742764442692864,-0.258689542249711,0.254,0.415,1
"Sh2d1a",0.74291373450978,-0.780884987685501,0.113,0.226,1
"Tmem265",0.742958077346979,-0.189143567627686,0.056,0.113,1
"Zscan22",0.742996757074062,1.36401731355588,0.028,0.019,1
"Wwox",0.743123251835101,-0.121631289625079,0.38,0.491,1
"Ppp6r1",0.743247222344223,-0.473154372384271,0.141,0.302,1
"Gm17477",0.743254592407817,1.3968282506198,0.056,0.019,1
"Kcmf1",0.743278298051947,0.233287642489955,0.408,0.434,1
"Cdca8",0.743387926366664,-0.245133952887437,0.183,0.302,1
"Atp7a",0.743587514977312,-0.785157489791499,0.085,0.151,1
"Uap1l1",0.743656189192695,-1.18510596843571,0.014,0.019,1
"Rnpep",0.743757554239542,-1.29802614471062,0.014,0.094,1
"Slc39a10",0.74381736383601,0.448059048775758,0.042,0.113,1
"Akap17b",0.74386051695201,-1.05324747124828,0.014,0.019,1
"Mfap1b",0.744082880493762,-1.66838444904597,0.014,0.075,1
"Tm9sf3",0.744354352681986,0.166586591818519,0.31,0.415,1
"Zfp182",0.744725653609243,0.802591201728942,0.099,0.17,1
"Psma1",0.74479833997259,-0.985259796016074,0.113,0.264,1
"Cd55",0.74494512275592,-0.265530261198049,0.014,0.019,1
"Fbxo32",0.74494512275592,0.580879536020137,0.014,0.019,1
"Vps50",0.744954123624219,-0.305731574000972,0.183,0.245,1
"Chid1",0.745139190647435,0.419220117084151,0.028,0.019,1
"Gm17590",0.745160437722841,-0.283575892703715,0.014,0.019,1
"Nelfb",0.745200556678806,0.867017582727951,0.07,0.038,1
"Slc38a2",0.745221237257665,-0.179012531800125,0.239,0.34,1
"Phf14",0.745244940382646,0.421691181066692,0.437,0.434,1
"LTO1",0.74532201551996,0.52238555687277,0.014,0.019,1
"Zfp992",0.745375892188138,0.381167765967581,0.014,0.019,1
"Ankrd27",0.745386516756993,-0.621956474431035,0.07,0.151,1
"Ythdc1",0.745429393868199,-0.164526847191874,0.366,0.509,1
"Alg5",0.745537339542241,-2.35691072457125,0.028,0.132,1
"Hemk1",0.745863159972211,-1.28079748926405,0.141,0.245,1
"Hagh",0.745979654660887,0.951398035288405,0.028,0.038,1
"Acox1",0.746105363037789,-0.254406976676411,0.028,0.057,1
"Phf7",0.746249769082547,-0.129586348272712,0.028,0.057,1
"Rnf146",0.746268478178027,0.259955255387904,0.056,0.132,1
"Hook2",0.746293118855336,0.363888299141983,0.014,0.019,1
"Rfesd",0.746294074729292,0.683946623019086,0.028,0.019,1
"Tbrg1",0.746336709290035,-1.55117538159035,0.07,0.151,1
"Slc35a5",0.746395969841241,0.827591517019414,0.028,0.038,1
"Kif16b",0.746439476435963,0.316666576753848,0.239,0.245,1
"Prpf18",0.746461220650375,-0.224356268076901,0.141,0.264,1
"Sod2",0.74652850740377,1.03711364348463,0.056,0.057,1
"Mkrn1",0.746621058235847,0.78290047272493,0.085,0.075,1
"Champ1",0.746640600206822,0.298211782624588,0.056,0.038,1
"Sp110",0.746875905598765,-0.706787782518899,0.211,0.396,1
"Mrm1",0.747185792950239,-1.52995127136188,0.028,0.075,1
"Sipa1",0.747242275621674,0.711123252834157,0.155,0.151,1
"Bmp2k",0.747329753349718,0.444495410774127,0.155,0.17,1
"Rft1",0.7473904663779,1.46552396891293,0.056,0.038,1
"Gm56613",0.747598779622313,1.08469912919453,0.014,0.019,1
"Cep250",0.747740209306256,-0.435270946593884,0.254,0.321,1
"Snrnp27",0.747819970111612,0.128447489304145,0.085,0.057,1
"Map9",0.748175407239207,-0.363985619259219,0.028,0.038,1
"Zfp322a",0.748349870625766,0.161704532292951,0.155,0.208,1
"Mindy2",0.748376907636019,-0.493565333009124,0.169,0.264,1
"Spty2d1",0.748404532564229,-0.793482394963786,0.042,0.113,1
"Hbs1l",0.748473728994158,-0.881104480277309,0.254,0.34,1
"Cnot6",0.74865537436816,-0.825752197202226,0.169,0.34,1
"Mfsd8",0.748662791821672,-0.627093646177062,0.028,0.038,1
"BC024978",0.749005049535686,0.496068385238325,0.014,0.019,1
"Rpl22",0.749127908635556,0.138506494711496,0.38,0.491,1
"Ksr1",0.749142212184626,0.763135148304285,0.183,0.245,1
"Zfp69",0.749277384280636,0.723607912426785,0.014,0.019,1
"Pigyl",0.749396659430798,-1.49797564598017,0.014,0.038,1
"Scaper",0.749504909052546,0.306593020526707,0.324,0.321,1
"Il18rap",0.749653285689347,-0.22507939179963,0.07,0.132,1
"Golga1",0.749730828490844,0.241284410182223,0.225,0.245,1
"Bmpr2",0.749731460434407,0.279437863216743,0.07,0.132,1
"Tnfaip8l1",0.749812163510096,1.48255172911275,0.056,0.019,1
"Ect2",0.749885174428146,0.18458935778315,0.31,0.415,1
"P2ry10",0.749925616266311,0.248000350952405,0.085,0.094,1
"Pde5a",0.749984595460404,1.55923367681751,0.028,0.019,1
"C630028M04Rik",0.749986406547529,0.706414924624146,0.014,0.019,1
"BC147527",0.75004100334979,-0.56214035383819,0.014,0.019,1
"Amer1",0.750173175449721,0.934253469422325,0.042,0.038,1
"Gga3",0.750291289419907,1.10973235966538,0.113,0.075,1
"Tpgs1",0.750314108010802,-0.423876676001714,0.014,0.019,1
"Lsm8",0.750358962622697,0.256269959633098,0.113,0.151,1
"Mkrn2",0.750438027423247,-0.574880209058834,0.099,0.17,1
"Zfp950",0.750457029320855,0.746193461479167,0.085,0.094,1
"Fance",0.750526927308742,-1.16202234555469,0.042,0.132,1
"Fbxl2",0.750671266181852,0.210538985248493,0.028,0.038,1
"Prxl2c",0.751025115781194,-0.360540217477229,0.014,0.019,1
"Wdr95",0.751025115781194,-0.360540217477229,0.014,0.019,1
"Tk1",0.75102907490018,0.516984618608846,0.085,0.132,1
"Tbc1d19",0.751144634494726,1.26200974797564,0.085,0.075,1
"Mtap",0.751252275361753,-0.193614634932068,0.07,0.151,1
"Ndufa2",0.751495473709324,-0.202280642158904,0.169,0.189,1
"Ptcd2",0.751519126725022,0.223610807443783,0.056,0.057,1
"Pced1b",0.751580914388598,0.344305491391577,0.338,0.34,1
"Dyrk3",0.75181907782856,-0.399377546724304,0.014,0.038,1
"Rrbp1",0.752300510636362,0.486914988995621,0.394,0.453,1
"Traj9",0.752396187391298,-1.65220113020704,0.014,0.019,1
"Lrrc57",0.752440483388752,-1.08928511957781,0.014,0.019,1
"Tnfrsf9",0.752531025312973,0.674534752706076,0.211,0.226,1
"Pik3ca",0.752573118480692,-0.288218242900113,0.254,0.396,1
"Arrdc3",0.752624352363242,1.1313935737713,0.014,0.019,1
"Ptpa",0.75266459850195,0.520382185031078,0.254,0.245,1
"P4ha1",0.752684717276961,0.418368027064823,0.338,0.434,1
"Stx5a",0.752696071097729,-0.138431558056018,0.042,0.094,1
"Sri",0.752776711513924,0.727396886695421,0.169,0.17,1
"Kcna3",0.75278095921206,-1.02695602100823,0.014,0.019,1
"Thap7",0.75278095921206,-1.02695602100823,0.014,0.019,1
"ENSMUSG00000121395",0.752807501395903,-1.4253968273196,0.042,0.113,1
"Prep",0.752907063814384,0.834984088602832,0.113,0.17,1
"Depdc5",0.753088065656756,0.478828039420842,0.268,0.283,1
"Appl2",0.753111063618946,-0.987611400188507,0.014,0.019,1
"Ddx23",0.753129971900698,-0.202785157413199,0.183,0.321,1
"Dcps",0.753176288294275,1.09760735364463,0.169,0.189,1
"Grina",0.753221159668977,-1.32156177943317,0.014,0.019,1
"Pea15a",0.753263538535145,-0.215262030412649,0.042,0.075,1
"Frrs1",0.753298784861963,0.620607038964552,0.113,0.057,1
"Atp11c",0.753412357628226,0.828853989331204,0.239,0.245,1
"Tmem109",0.753519571022318,-0.787064319140273,0.056,0.132,1
"Smarcd2",0.75356951274123,0.285266316914215,0.042,0.113,1
"Mkks",0.753578910460212,-0.541049645680145,0.014,0.075,1
"mt-Nd3",0.753617359986124,-0.422871950893193,0.268,0.453,1
"Ubac2",0.753732366784165,0.214971804600198,0.423,0.547,1
"Mphosph10",0.753852957130428,0.289610435491004,0.211,0.208,1
"8030456M14Rik",0.753992683577455,-0.818930190461989,0.014,0.019,1
"Syk",0.753992683577455,0.265944361770247,0.014,0.019,1
"Ftl1",0.754074984093418,-0.349336535270479,0.169,0.283,1
"Tnfrsf21",0.754080999644806,1.62025478014064,0.085,0.057,1
"Arpc2",0.75412447617072,-0.438645552316419,0.479,0.623,1
"Atg2a",0.754402946120924,1.42096823357569,0.042,0.038,1
"Evi2b",0.754495146949778,-0.640280533092943,0.113,0.245,1
"Khsrp",0.75465057158628,0.16751337308452,0.085,0.189,1
"Serp2",0.754834616657976,-0.432782312712276,0.028,0.075,1
"Prim1",0.754902439469288,0.718759259460338,0.141,0.151,1
"Gm14023",0.754986809198443,-1.59328827060368,0.014,0.019,1
"Vdac1",0.755172412189786,0.290639627922653,0.099,0.094,1
"Rela",0.755233799788906,-0.39546528736066,0.056,0.075,1
"Txnl1",0.755296481863527,0.551742842402572,0.169,0.189,1
"Zfp652",0.755501440721652,0.283285474366913,0.268,0.302,1
"Hmg20a",0.755507454316375,-0.562858595457217,0.127,0.264,1
"Nudt4",0.755516076793925,-0.816497702421613,0.085,0.132,1
"Fam78a",0.755770883736436,-0.36929500739823,0.099,0.189,1
"Herc3",0.756108723360864,0.544087643386282,0.268,0.321,1
"Bloc1s1",0.756205104724037,-1.60221400879457,0.014,0.019,1
"Tgds",0.756567245888999,-0.722690726898765,0.042,0.094,1
"Cmtr1",0.756605546237571,0.558324952380158,0.225,0.245,1
"Cep170b",0.756704513551462,0.186722136199367,0.014,0.019,1
"Dnajc14",0.756812453907732,-1.39987068402044,0.028,0.113,1
"Gm43773",0.756914151891058,0.37420038023321,0.014,0.038,1
"Ttk",0.756925494504368,-0.110752102203948,0.239,0.283,1
"Pmpca",0.75703528880599,-0.864418570210078,0.056,0.113,1
"I730030J21Rik",0.757037336556342,1.17483723369146,0.014,0.019,1
"Lrrc1",0.75740141932602,-1.35782599693751,0.042,0.113,1
"Med20",0.757462110555775,0.955491996362739,0.014,0.038,1
"Mphosph6",0.757517631014366,-0.605540981148079,0.07,0.075,1
"E130308A19Rik",0.757558928912732,1.26562324809741,0.127,0.094,1
"Elac2",0.757594245660521,-1.43880345019124,0.028,0.057,1
"Eapp",0.757595283156727,0.518150498648427,0.127,0.151,1
"Castor1",0.757733597424322,-0.807356629038729,0.028,0.038,1
"Mbtd1",0.757879455394397,-0.426214598951504,0.296,0.453,1
"Thada",0.758233442042358,0.177596945873121,0.366,0.509,1
"Fgd3",0.758288297851273,-0.999863034099367,0.07,0.132,1
"Stx6",0.758293806719188,-0.801968576195075,0.085,0.17,1
"Psmd6",0.758374617619813,-0.267442821218816,0.113,0.113,1
"Rttn",0.758383179454433,0.681246096562698,0.211,0.245,1
"Zkscan17",0.758460602890261,-2.2828762680847,0.014,0.075,1
"Tnks2",0.758504813788568,0.38769055828226,0.394,0.491,1
"Mphosph8",0.758552836312296,-0.18664185905423,0.127,0.226,1
"Nlk",0.758609955814291,-0.354794531955614,0.31,0.472,1
"Zfp935",0.758759330237008,-0.724337603735854,0.028,0.075,1
"Wdr43",0.758894035137907,0.450564837897067,0.451,0.472,1
"Dazap2",0.759061764306752,-1.22282920079869,0.042,0.132,1
"Strada",0.759067028679379,1.20514043379831,0.099,0.094,1
"Rfc5",0.759124015664463,-2.11630179969363,0.056,0.132,1
"Tpst2",0.759194251990393,0.450862698087044,0.155,0.151,1
"Slc2a6",0.759210183126996,-0.929443334900229,0.014,0.019,1
"Gm11491",0.759266025006982,-0.452048005384512,0.014,0.019,1
"Gm56606",0.759266025006982,-0.452048005384512,0.014,0.019,1
"2610020C07Rik",0.759333432535519,0.599659175275755,0.155,0.151,1
"Ccdc93",0.759350376615953,-0.2264839080589,0.113,0.17,1
"Psat1",0.75940003911863,-0.784922258424574,0.113,0.226,1
"Susd1",0.759444525918568,0.267366936767861,0.099,0.094,1
"Trappc3",0.759561990844653,0.362961241125016,0.042,0.038,1
"Mrps33",0.759601164253172,-0.867700494623355,0.085,0.132,1
"Cpe",0.759616788408123,-0.222224209548661,0.056,0.094,1
"Robo3",0.759713006505399,0.141072695639292,0.014,0.019,1
"Farp1",0.759768909896478,-0.174224812568246,0.014,0.019,1
"Plcl1",0.759795624886543,1.04954687691675,0.056,0.038,1
"Tbc1d14",0.759814770318534,0.470423023165869,0.169,0.151,1
"Hsp90b1",0.759856442549685,-0.339751559258069,0.521,0.698,1
"Dnajc21",0.759887737775325,0.158676671028869,0.183,0.208,1
"Cspp1",0.759941672672319,0.309680871592696,0.366,0.415,1
"9930014A18Rik",0.760104472803634,0.502098781699825,0.014,0.019,1
"Cpsf6",0.760110654389551,-0.535024651175358,0.282,0.434,1
"Pfdn4",0.760167711790949,0.733332531435297,0.056,0.057,1
"Ndufa7",0.760179363085253,-1.13732959029555,0.056,0.17,1
"Rhot2",0.760198692155207,-1.95772517950082,0.014,0.038,1
"Clip1",0.760249925449586,0.160819705123429,0.225,0.358,1
"Fip1l1",0.760478951119788,0.333567958039553,0.394,0.453,1
"Arid2",0.760553300953649,0.10420733018183,0.366,0.415,1
"Rplp0",0.760765789544031,0.154878578929302,0.408,0.491,1
"Ilf3",0.760772071652325,0.726513119160156,0.155,0.226,1
"Eefsec",0.760786004639713,-0.399166950806157,0.268,0.415,1
"Terf2",0.76078615995552,0.140518473911802,0.169,0.226,1
"Tm2d2",0.760857537414483,0.117090901919596,0.056,0.057,1
"Tonsl",0.760966731193084,1.52927682855405,0.07,0.057,1
"Igflr1",0.760997850453148,-2.39654466207399,0.014,0.038,1
"Tspan9",0.760998040927859,0.761965898166868,0.028,0.019,1
"Slc35a3",0.761039436395442,0.294533397007772,0.183,0.208,1
"Mrps23",0.761056550805163,0.484819314874228,0.014,0.019,1
"Mms22l",0.761105264534799,-0.313074175735609,0.324,0.472,1
"Arrb1",0.761205350177759,-0.149466571538272,0.014,0.019,1
"Fer",0.761205350177759,-0.149466571538272,0.014,0.019,1
"Stxbp5",0.76148006868074,-0.326704289198848,0.141,0.264,1
"Gsdmd",0.761483803480646,-0.434547329781888,0.028,0.038,1
"Smim13",0.761483803480646,1.74791937328061,0.028,0.038,1
"Leo1",0.761489467119989,-0.522316611720166,0.056,0.113,1
"Gm36445",0.761553497813563,-0.244963092770871,0.028,0.019,1
"Mark3",0.761740646914063,-0.675379730127906,0.183,0.321,1
"Nxt1",0.761918482397544,-0.980511398265032,0.028,0.057,1
"Dip2a",0.761928859719319,0.251691972212353,0.099,0.094,1
"Bex3",0.761936232903102,0.149320260441995,0.042,0.057,1
"Smcr8",0.762079569387822,-0.540853438281822,0.028,0.038,1
"Npc1",0.762109144445429,0.269639764692633,0.028,0.019,1
"Eea1",0.76235214278088,-0.418368789182445,0.183,0.264,1
"Exosc4",0.762403921231699,0.261273637992226,0.014,0.019,1
"BC031181",0.762476887751782,0.72907849006139,0.085,0.057,1
"Eif5b",0.762641602684603,0.326064533163502,0.366,0.453,1
"Ms4a4b",0.762675997676564,0.104656483539651,0.451,0.491,1
"Ccdc69",0.762699470123035,0.386403888858462,0.113,0.113,1
"Ivd",0.762884182488553,-0.661492002928507,0.028,0.094,1
"Itprid2",0.763103064979944,1.57921782628676,0.099,0.075,1
"Faim",0.763259839066621,0.861307918380922,0.085,0.057,1
"Usp37",0.763371992304179,-0.299810989278911,0.183,0.34,1
"Naa12",0.763377532760348,0.59001522755658,0.099,0.094,1
"Fam219b",0.763681639924683,-0.142727546306965,0.014,0.038,1
"Rsu1",0.763699858701355,-0.80674454849786,0.183,0.302,1
"Zfp719",0.76370945834591,-2.33991751242073,0.028,0.057,1
"1600014C10Rik",0.763739738760304,1.35744189739942,0.085,0.094,1
"Gm57341",0.763755024033226,-0.160466353715703,0.014,0.019,1
"Pde3b",0.763822812299805,-0.364830867729465,0.479,0.642,1
"Cd3d",0.763854365745165,-0.128945804646883,0.197,0.283,1
"Emc6",0.764009228691021,-1.68420143881714,0.07,0.113,1
"Mxi1",0.76403929286232,0.650869549078551,0.141,0.113,1
"Upf3b",0.764117075196518,-0.558388034140273,0.127,0.17,1
"Ldlr",0.764123419418429,0.425478160714577,0.183,0.245,1
"Nsa2",0.764357865069594,-0.514141382353066,0.211,0.34,1
"Atf7",0.764365916016904,-0.154250732070337,0.31,0.358,1
"Zfp68",0.764461710640955,1.49393595752534,0.07,0.075,1
"Rbx1",0.764526163274551,0.239747937030148,0.113,0.226,1
"Pym1",0.764636851084555,0.441965649671009,0.169,0.151,1
"Eif3g",0.764768865429909,0.433913884097645,0.099,0.094,1
"Mblac2",0.76485040983387,0.370893290433845,0.056,0.057,1
"Slc25a25",0.764862890161708,0.980071217057103,0.099,0.094,1
"D5Ertd579e",0.764905520041414,0.507193604072464,0.099,0.075,1
"Zfp608",0.764975617207973,0.611668894954723,0.239,0.245,1
"Fam168b",0.765102944109621,0.571646777130006,0.169,0.189,1
"Arfgef2",0.765207906019811,0.814865355246136,0.155,0.151,1
"Gsk3b",0.765231016063254,0.110183105046277,0.493,0.623,1
"Lilrb4b",0.765282229507492,-1.42989978633745,0.042,0.094,1
"Zfp597",0.765328179223132,-0.2590104134356,0.042,0.075,1
"Vps26c",0.765462949976441,-1.48873169320407,0.028,0.075,1
"Coa8",0.76552971926971,-0.449124130414692,0.056,0.132,1
"Pigt",0.765581560022714,1.42760920550188,0.099,0.094,1
"Usp9x",0.765840715569866,0.299149163985555,0.296,0.34,1
"Plin2",0.766047783517851,0.682707053541639,0.014,0.019,1
"Mdm4",0.76624106705316,0.180656226318149,0.549,0.585,1
"Rbis",0.766288342996209,-0.383013944273157,0.113,0.17,1
"Gm12279",0.766449641724582,-0.458944453036514,0.028,0.019,1
"F730043M19Rik",0.766513810567428,0.100223734804781,0.014,0.038,1
"Eif3e",0.76658420798008,-0.516665609042388,0.254,0.321,1
"Cox20",0.766718912472836,0.334370023993468,0.042,0.094,1
"Tm9sf2",0.766794836408821,0.110664662987955,0.282,0.358,1
"Acot7",0.76688990031012,0.194442309525066,0.197,0.208,1
"Aven",0.767017366117947,0.857877285782922,0.239,0.226,1
"Pcm1",0.767017501415528,0.24965886090802,0.465,0.472,1
"Mettl3",0.767051231952671,-0.552068014686066,0.056,0.094,1
"Tomm22",0.767095421310607,-1.13116623276444,0.028,0.075,1
"Rchy1",0.767136969334586,-0.413253950742983,0.099,0.226,1
"Gemin8",0.767160720104911,1.03676495096909,0.042,0.038,1
"Kmt2e",0.767179507521493,0.223032849013462,0.282,0.377,1
"Sacm1l",0.76724041421261,0.487246999826309,0.211,0.283,1
"Slc25a32",0.767480584263877,0.207507665519304,0.07,0.113,1
"Zc3h7a",0.767722583241377,0.118008435900357,0.324,0.377,1
"Hmgb1",0.767732494850448,-0.381118166962052,0.394,0.566,1
"Gm26839",0.767847677230531,-2.1631644595015,0.028,0.075,1
"Pecam1",0.767971763736005,-0.574076524716457,0.155,0.264,1
"Mrtfa",0.768052041256377,0.573281050881757,0.437,0.415,1
"Zbtb20",0.768230167472635,0.242791526215784,0.408,0.453,1
"Simc1",0.7683555156996,0.514684847382136,0.169,0.208,1
"Nsdhl",0.768400843431652,0.667835108470686,0.056,0.057,1
"Kcnj13",0.768511947899236,0.340735334983105,0.014,0.019,1
"Scyl2",0.768769463179721,1.00624700566266,0.085,0.094,1
"Ndufb2",0.768834675381976,1.06551164051544,0.056,0.075,1
"Atxn2l",0.768944644634043,-0.972907332948496,0.113,0.245,1
"Gpcpd1",0.769011815857423,-0.871476788906457,0.155,0.283,1
"Ggact",0.769054427146655,0.27445143356277,0.113,0.151,1
"Ier3ip1",0.769066014440785,0.267074571708362,0.113,0.132,1
"Nup98",0.769132743843989,0.261188320240709,0.268,0.358,1
"Marf1",0.76948928513658,-0.937034551957187,0.113,0.226,1
"1110035H17Rik",0.769593702302441,-0.508940916080793,0.014,0.019,1
"Mfsd3",0.769593702302441,-1.34217711921378,0.014,0.019,1
"Tmem208",0.769703768690787,-0.208017610803227,0.042,0.094,1
"Ints11",0.769750292598522,0.181418670885276,0.07,0.113,1
"Qtrt2",0.769912380793082,0.752221928145464,0.07,0.038,1
"Ints1",0.76991896480059,-0.93106465321952,0.028,0.094,1
"Vapa",0.76994324675008,0.555668490100846,0.225,0.245,1
"Entr1",0.770086418270639,0.606467590345215,0.042,0.075,1
"Cish",0.770183177986213,-0.187361234756772,0.338,0.453,1
"Ap5m1",0.77022733368256,-1.70361546552296,0.056,0.113,1
"Rgs10",0.770280451224561,-0.128556453606637,0.085,0.094,1
"Ciapin1",0.770386175357968,-0.210941948934555,0.056,0.094,1
"Sars",0.770518007830276,0.361026988695499,0.197,0.226,1
"Zfp473",0.770522562292247,0.693270228895828,0.014,0.019,1
"H2az1",0.770735177189664,-0.762523472302547,0.296,0.415,1
"Slc22a15",0.770792748804307,1.23310268103648,0.042,0.057,1
"Gdi1",0.770920622770256,-1.94374258097433,0.042,0.17,1
"Bad",0.771108101314535,0.362087602140533,0.014,0.038,1
"Tor1aip1",0.771128349743778,0.425158009429624,0.211,0.264,1
"Entpd6",0.771139606977803,-0.739494248073139,0.028,0.075,1
"Cplane2",0.771196851672471,-0.170334073427253,0.014,0.019,1
"Tia1",0.771446915204968,0.132222063030146,0.239,0.396,1
"Tmem176b",0.771535361433812,-1.01034618035719,0.014,0.038,1
"Hsph1",0.771656455798835,-0.110615436119621,0.127,0.151,1
"Trmt61b",0.771805934545238,-1.38108982102209,0.056,0.132,1
"Gm19522",0.771807205098732,-0.544284307446155,0.028,0.019,1
"Ptpn3",0.77180962113578,0.759818299975587,0.085,0.094,1
"Cacul1",0.771810127463576,-0.505135735032574,0.113,0.226,1
"H2-DMb2",0.771871142660373,0.702195967086709,0.014,0.019,1
"Dync2h1",0.77199730459396,0.172337229011402,0.169,0.189,1
"Ctso",0.772055238728872,1.06625726164892,0.056,0.057,1
"Spata1",0.772233681524376,1.18068758348062,0.056,0.038,1
"ENSMUSG00000121495",0.77253398849809,1.62900021731341,0.028,0.019,1
"Bptf",0.772575467909272,0.165511189165938,0.408,0.472,1
"Mlh1",0.772597392697197,-0.252911474320602,0.169,0.226,1
"Lrrfip2",0.772602205119574,-0.300535047151874,0.141,0.189,1
"Cep68",0.772714019320085,-0.406382843463211,0.113,0.245,1
"Zc3h3",0.772743479726239,-1.21247279686476,0.056,0.094,1
"Setd1a",0.772893535240844,-1.6042028259508,0.07,0.17,1
"Irf2",0.772930250448513,0.445161363000494,0.31,0.377,1
"Pikfyve",0.772962941718978,-0.556249329095135,0.099,0.189,1
"Msh3",0.77310324766301,-0.240287490402778,0.141,0.245,1
"Arv1",0.773110189071504,1.64573506744511,0.07,0.094,1
"Wdr70",0.773168470433179,0.174569119193131,0.324,0.415,1
"Limd1",0.773179015038321,-0.323058571752618,0.169,0.283,1
"Pigc",0.773202782272447,0.90502195765234,0.028,0.038,1
"Hlcs",0.773230754708426,0.441092765895186,0.183,0.17,1
"Ipo9",0.773603518300748,0.339951969519449,0.183,0.264,1
"D030028A08Rik",0.773664362404747,0.324283064859058,0.099,0.075,1
"Hprt",0.773756316273217,0.269504016496373,0.183,0.283,1
"Slc35d2",0.773807177134624,-0.596614168132801,0.042,0.038,1
"Gmpr2",0.774040612061263,-0.631290391821574,0.028,0.075,1
"Zdhhc2",0.774218473896145,-0.402307729515597,0.127,0.226,1
"Tmc6",0.774225013447746,0.894877063839108,0.042,0.038,1
"Slc25a5",0.77425531625002,-1.20240424286919,0.169,0.302,1
"Erlin2",0.774268524817271,-1.06022249802576,0.028,0.038,1
"Selenow",0.774382263950191,0.268095096815765,0.169,0.226,1
"Anks6",0.77438442106033,-0.543431888296483,0.014,0.019,1
"Glrx2",0.774557678582737,-1.03259075467007,0.028,0.057,1
"Thrap3",0.774567800319788,0.165362246809037,0.521,0.585,1
"Gm37529",0.774592893285261,-1.35188002387161,0.028,0.038,1
"Nprl3",0.774608707156611,1.20036204692922,0.141,0.113,1
"Dglucy",0.774641858314234,0.174244934818576,0.254,0.358,1
"Gm10033",0.774650068652368,0.906647157878284,0.085,0.094,1
"Socs5",0.774940554592984,0.164501780865143,0.085,0.151,1
"Pfas",0.774971589001004,0.563578204517365,0.07,0.132,1
"Ikzf2",0.775096760231313,1.94806277157301,0.085,0.038,1
"Gnl2",0.775341469025137,0.634380798684384,0.211,0.208,1
"Rfxap",0.775367095596414,0.323006046347159,0.042,0.057,1
"Uba52",0.775718339493419,0.592075665480437,0.225,0.283,1
"Gcsh",0.775719209991944,0.268419093609679,0.028,0.094,1
"Dap",0.77572301045948,-0.336733755063647,0.099,0.189,1
"Dync1li2",0.775729438376427,1.26659033381707,0.042,0.057,1
"Atxn7l3b",0.775901442229512,-0.795501668140662,0.169,0.208,1
"Fam53b",0.775905489220708,1.69297848463653,0.056,0.057,1
"Pkd2",0.776118837046554,-0.716504931343193,0.028,0.057,1
"Dgkh",0.776315422948424,-0.695315671965318,0.042,0.113,1
"Aktip",0.77635384771412,0.305912255932997,0.028,0.038,1
"Rbms3",0.776355985827524,-0.623116168064535,0.014,0.019,1
"Gtf2h4",0.776424729255708,0.101379461222095,0.028,0.038,1
"Ywhah",0.776523948078121,-0.490392416359005,0.155,0.321,1
"Wdr1",0.776840392183731,-0.631637113438735,0.183,0.302,1
"Ly6a",0.777158711534935,-0.405209210073343,0.155,0.189,1
"Rbbp4",0.777164092776246,-0.30831387387088,0.268,0.415,1
"Asxl1",0.777224345605448,0.42957161322523,0.479,0.528,1
"Fbxo48",0.777293371308816,-0.193424202372242,0.028,0.019,1
"Hjurp",0.777629147201154,-0.347051631977128,0.31,0.415,1
"Capn1",0.777762650341502,0.205788427090026,0.085,0.132,1
"Snhg5",0.777821744904354,0.111179198937528,0.07,0.151,1
"Taf2",0.777828746406617,-0.484417698646038,0.155,0.245,1
"Exoc2",0.777962390424871,-0.180997834238775,0.338,0.491,1
"Gpr137c",0.778086550159558,0.120372889567324,0.014,0.019,1
"Tsc22d1",0.778279611244691,0.61216172163785,0.127,0.189,1
"Resf1",0.778289720063923,1.01198000997082,0.113,0.151,1
"Timm17a",0.778396434804077,0.407543505931304,0.183,0.17,1
"AI506816",0.778418236909251,0.839734316427572,0.113,0.17,1
"Fbxo22",0.77853831875551,-0.229775963408499,0.042,0.038,1
"Plekhg2",0.77856292039087,-2.72672128794841,0.014,0.094,1
"Man1b1",0.778643405580614,-0.612835685875864,0.07,0.17,1
"Zc3h6",0.778705244155002,0.523780108938977,0.085,0.094,1
"Pptc7",0.778799190518536,0.264061321197158,0.085,0.17,1
"Psma2",0.778887464069294,-0.149163002253012,0.183,0.283,1
"Anapc10",0.778896350069069,-0.317185120476948,0.155,0.17,1
"Cenpk",0.779040559130465,1.0902635106773,0.127,0.132,1
"Fcsk",0.779043213832744,1.4186372749053,0.014,0.019,1
"Depdc1a",0.779068645785188,0.917540515568324,0.141,0.17,1
"Zfp787",0.779137081398907,0.162279225974983,0.07,0.057,1
"Pex7",0.779658171907032,0.1613400868335,0.07,0.075,1
"Psmb2",0.779684599239846,0.330489875581733,0.211,0.321,1
"Zfp605",0.779970024993185,1.53387791851098,0.056,0.038,1
"Itsn2",0.780228373924173,0.407668687396085,0.493,0.528,1
"Son",0.780451763857005,-0.17720793404672,0.521,0.679,1
"Aagab",0.78047540662106,1.56532004960821,0.127,0.075,1
"Zbed6",0.780516968455826,0.317350423725944,0.099,0.189,1
"Clec2i",0.780531387135925,-2.87488012404887,0.014,0.075,1
"Cnppd1",0.780587211694944,-1.47322657340096,0.028,0.057,1
"Septin1",0.780651839395289,-0.485120812745882,0.169,0.34,1
"Pias2",0.780698006732867,0.269161222414683,0.254,0.283,1
"Mettl16",0.780745100185064,0.770798328156381,0.225,0.189,1
"Nprl2",0.780786484819995,0.873855776619601,0.014,0.038,1
"Id2",0.780898914533261,-0.455659600766118,0.352,0.453,1
"Cog1",0.780917511451605,-1.0122838902586,0.056,0.075,1
"Maf1",0.780964934146591,-0.132470565373947,0.056,0.057,1
"Gypc",0.781507050696282,0.602604972328456,0.113,0.113,1
"Tmub2",0.781585680866648,0.68370914710792,0.028,0.038,1
"AI987944",0.781637789190123,-2.31554694099655,0.028,0.094,1
"Safb2",0.78164401968523,-0.743763452201899,0.225,0.358,1
"Wnk1",0.781675688470077,0.107771701545492,0.761,0.774,1
"Utp4",0.78184557501203,0.450929110155085,0.141,0.226,1
"Alas2",0.78202478191113,0.422174442027049,0.014,0.019,1
"Junb",0.782046572761601,0.460961780804574,0.099,0.094,1
"Cherp",0.782377688375705,0.510113538334061,0.099,0.132,1
"Gm45155",0.782391922423887,0.214185751967031,0.028,0.057,1
"4932422M17Rik",0.782458646148153,0.716376353063095,0.028,0.019,1
"Xrcc4",0.78249203114824,-0.206417891109373,0.239,0.358,1
"Vps13c",0.782506177163213,0.571285832737477,0.197,0.283,1
"Gatb",0.78252967777728,1.37827205059993,0.07,0.057,1
"Impg2",0.782780038039938,-2.01046986196793,0.014,0.019,1
"Gpatch2",0.783036260163415,0.69632957891079,0.113,0.132,1
"Gm20234",0.783060680990486,0.370931992958126,0.07,0.038,1
"Desi1",0.783188110480508,1.0752245152857,0.155,0.151,1
"Hk2",0.783209671604499,0.547159008750315,0.296,0.321,1
"Kcnh2",0.783361500421003,-1.77654278477259,0.014,0.019,1
"2610507I01Rik",0.783419670150243,0.92889343972258,0.014,0.019,1
"Dnajc16",0.783456819078476,0.338652235773644,0.014,0.019,1
"Zfhx2os",0.783456819078476,0.338652235773644,0.014,0.019,1
"Chd1",0.783475352654384,-0.341576126444785,0.31,0.434,1
"Gm14636",0.783566421857434,-0.128564637072127,0.028,0.038,1
"Gimap9",0.783607098574427,0.285574325854612,0.211,0.283,1
"Gm10509",0.783634987111061,-0.193471281213121,0.056,0.094,1
"Spag7",0.784000055307678,-1.47964844397682,0.014,0.038,1
"E130317F20Rik",0.784008519200787,0.786608652183237,0.014,0.019,1
"Rhob",0.784008519200787,1.63087789341084,0.014,0.019,1
"Abhd17c",0.784055271147561,0.796290342617446,0.113,0.113,1
"2900052L18Rik",0.784118036853434,0.85338127294344,0.014,0.019,1
"Haus8",0.784259831162942,-0.355845095326152,0.028,0.057,1
"Vav1",0.784365054753945,0.388629147252779,0.296,0.302,1
"Smad2",0.784382962736458,-0.184371394087794,0.254,0.358,1
"Yod1",0.784395457177555,-0.819662757644362,0.028,0.038,1
"A630035G10Rik",0.784409201406882,-1.11508327373248,0.014,0.019,1
"Rheb",0.784600601589031,0.180711910392702,0.141,0.226,1
"Hps4",0.7846597951853,0.224861612417003,0.042,0.094,1
"Ctla2b",0.78467277159711,-1.27992418513177,0.014,0.038,1
"C2cd3",0.784874975095708,0.499174994111392,0.169,0.208,1
"Ddx47",0.785006192254106,0.705122462615018,0.07,0.113,1
"Kif23",0.785037586717757,-0.74553635401426,0.141,0.264,1
"Gm41331",0.785121317795156,-0.744303472435981,0.042,0.075,1
"Kpna1",0.785163123390194,0.539364856908034,0.296,0.302,1
"Tet1",0.785294897529817,0.884376670764739,0.042,0.038,1
"Nat10",0.785399367697266,0.116661360052984,0.099,0.17,1
"Pigk",0.785556316637986,-0.102894565547191,0.099,0.208,1
"Poln",0.785640531964962,-0.77563200114775,0.028,0.094,1
"Zfp984",0.785738335067566,-0.725874644789808,0.056,0.075,1
"Ar",0.785768923099797,0.540904191205432,0.169,0.283,1
"Pomt2",0.785856457909893,1.53667564216075,0.028,0.038,1
"Gm20628",0.785874244977777,-2.29868092926487,0.014,0.075,1
"Eno1",0.786055627739039,0.20891223808798,0.408,0.434,1
"Il15ra",0.786101477569881,1.15194665502924,0.113,0.17,1
"Herc4",0.786138600408457,0.357670202263695,0.282,0.34,1
"Ube2d-ps",0.786213068454019,1.74512345932679,0.056,0.038,1
"S100a11",0.786275089085082,-0.836945664126891,0.014,0.019,1
"Gm56560",0.786309676801114,-1.66714948844119,0.042,0.075,1
"5330438D12Rik",0.786507369006648,1.43892401197638,0.127,0.094,1
"Nln",0.786613899844357,0.430776471195119,0.197,0.226,1
"Zfp760",0.786625403341105,0.803534326376748,0.014,0.019,1
"Kctd1",0.786651945939972,-0.774359764016896,0.028,0.038,1
"Lin9",0.786854331688708,0.500197096169143,0.239,0.245,1
"2310001H17Rik",0.786950255509433,-0.809089320128435,0.113,0.189,1
"Dcaf15",0.786954236125205,-2.04137404388763,0.028,0.075,1
"Golga5",0.787051478855984,-0.279476774898757,0.042,0.113,1
"Pan3",0.787053824839129,0.285629931566521,0.592,0.623,1
"Mosmo",0.787066943738947,0.503304481919826,0.282,0.302,1
"Foxp3",0.787092710718439,0.347679813940781,0.014,0.019,1
"Retreg3",0.787147863707646,0.159864302105803,0.056,0.151,1
"Dhdds",0.787150646153597,-0.243643530586489,0.155,0.245,1
"Creb1",0.787158568415673,0.463370386363064,0.366,0.453,1
"Zfp654",0.787229053360512,-0.349159072294699,0.394,0.528,1
"Kcnab2",0.78729417464165,-0.417712752503945,0.211,0.34,1
"Reep5",0.787468348001823,-0.203271754207391,0.155,0.17,1
"Gpn1",0.787469582748112,-0.452295005016631,0.028,0.057,1
"Ifi214",0.787490235043591,-0.739310395750276,0.028,0.094,1
"Traf3",0.787560060045219,-0.253093599997887,0.366,0.453,1
"1110002L01Rik",0.787569066456774,0.608270627602403,0.056,0.057,1
"Sesn1",0.787654378392489,0.470428948320697,0.296,0.321,1
"Phf23",0.787700203657566,-1.01641357817733,0.056,0.132,1
"Zdhhc15",0.78772736338599,-0.609161591385376,0.113,0.245,1
"Gpm6b",0.787767516971733,-1.5240790349042,0.042,0.094,1
"Ccar1",0.787839942434616,0.156501858383879,0.31,0.377,1
"Tmem33",0.787897735442424,0.954004372080039,0.099,0.113,1
"Lrch4",0.787936385693169,-1.15113269081806,0.042,0.075,1
"Coq3",0.787941154952222,-0.898017560608524,0.028,0.038,1
"Prickle3",0.787988290562251,1.05748303415556,0.042,0.038,1
"Pphln1",0.78801504916098,0.723995688820934,0.183,0.189,1
"0610030E20Rik",0.788062624178614,0.153118861954766,0.085,0.113,1
"Gm56829",0.788074023125831,0.980283714895623,0.056,0.038,1
"Leng1",0.788107683164666,-0.822690475649709,0.07,0.094,1
"Zdhhc24",0.788166168081219,1.15895034516473,0.042,0.038,1
"Hs2st1",0.788417205188772,0.593626030130829,0.127,0.226,1
"Gm5127",0.788667305490317,0.821117167207782,0.014,0.019,1
"Slc10a7",0.788748641305741,0.381872915533297,0.423,0.453,1
"Trim37",0.788932920294871,0.589978936633717,0.155,0.226,1
"Gm45894",0.78896442431153,-0.522091846166773,0.014,0.019,1
"Tmem115",0.78896442431153,-0.522091846166773,0.014,0.019,1
"Sdha",0.788974917007561,0.370934512774594,0.183,0.226,1
"Ids",0.78903510290865,0.106663355446011,0.014,0.019,1
"Nanp",0.78903510290865,-0.585518878528855,0.014,0.019,1
"Zfp940",0.78903510290865,-0.585518878528855,0.014,0.019,1
"Zscan20",0.789096402452653,1.55181905124892,0.014,0.019,1
"Vmac",0.789138141283554,-0.8629904028575,0.028,0.038,1
"Bclaf1",0.78919622274116,-0.511527024060787,0.437,0.585,1
"Gbp4",0.789395296615042,-0.601529649736568,0.197,0.377,1
"Tmf1",0.789405085775672,-1.41296313951751,0.07,0.17,1
"Tcf7",0.789704968077063,0.123669028560725,0.042,0.075,1
"Gm42869",0.789731775902588,-2.46096437017741,0.014,0.038,1
"Frmd6",0.7897605965842,0.421853260826018,0.127,0.208,1
"Zeb1",0.789990548188755,-0.170901844947514,0.479,0.642,1
"Arap2",0.790056526478125,-0.314040249784705,0.338,0.377,1
"Zfc3h1",0.790207174683754,-0.462969783497844,0.268,0.453,1
"Ubn1",0.790237546144744,-0.23747692530829,0.197,0.226,1
"Plaat3",0.79031800747357,-0.726869379607204,0.056,0.094,1
"H1f0",0.790354763168632,-1.10617604195608,0.099,0.113,1
"Nkapd1",0.79045587514855,0.996800291175912,0.113,0.113,1
"1600010M07Rik",0.790615068726102,-0.846388059743748,0.085,0.113,1
"Sympk",0.790689338894957,0.180554213232121,0.141,0.132,1
"Ggps1",0.790695404419247,0.892519760044126,0.155,0.226,1
"Skil",0.790762959382532,-0.536651551312936,0.085,0.17,1
"Klhdc4",0.790861600803844,-0.720382232913261,0.085,0.151,1
"Avil",0.79089866190591,0.782319493369251,0.014,0.019,1
"Rbmxl1",0.79102301944934,-1.12025388505303,0.141,0.226,1
"Kyat3",0.791078998375418,1.70837301490652,0.028,0.019,1
"Tspan4",0.791309464752059,-0.499902726326488,0.014,0.019,1
"Phf11b",0.79131191222795,-0.302547066831494,0.042,0.075,1
"Grhpr",0.791322329989451,1.02326797384647,0.042,0.038,1
"Sft2d2",0.791453524002398,-1.42628227126101,0.042,0.094,1
"Limk1",0.791623778865549,-0.434293641307556,0.028,0.038,1
"6720427I07Rik",0.791750878416401,0.303698681249352,0.183,0.151,1
"Iffo1",0.791788265053067,1.35934126773575,0.056,0.038,1
"Pqbp1",0.79185368249637,-0.514198150495001,0.099,0.113,1
"Gm47071",0.791853902907482,-0.236012491345818,0.028,0.038,1
"Sar1b",0.791945364849779,0.241232138273316,0.113,0.208,1
"2610318N02Rik",0.79195052084632,0.778886024341438,0.113,0.113,1
"Gm9856",0.791957652265314,-0.328839356826118,0.042,0.038,1
"Nfya",0.792086696215617,0.821361822497165,0.085,0.075,1
"Clec16a",0.792232442569621,0.268881598790637,0.366,0.377,1
"Ldha",0.792400925382385,-0.24905396454277,0.324,0.377,1
"Fh1",0.792441527310401,0.116443797263483,0.07,0.132,1
"Gsr",0.792488016004369,-0.737618202090682,0.07,0.17,1
"Sart3",0.792546229050988,0.779374873528303,0.169,0.17,1
"Irak2",0.792560584211816,-1.72723319626462,0.028,0.113,1
"Tnfrsf26",0.792735343682856,-0.832268949241034,0.028,0.094,1
"Dnmbp",0.792767606878386,0.701331949399588,0.07,0.057,1
"Cand1",0.792887601227601,0.155102885138121,0.141,0.151,1
"Uri1",0.793047658458797,0.296233152261806,0.324,0.358,1
"Tent5c",0.793069513023103,0.278724221021319,0.014,0.038,1
"Bcl3",0.793102813428809,1.0140389946519,0.07,0.057,1
"Pla2g4c",0.793248434478818,0.647299402369029,0.014,0.019,1
"Jade2",0.793358881133547,-0.200402892258839,0.085,0.132,1
"Cmtm6",0.793391609371324,1.05212591103777,0.085,0.075,1
"Nsun6",0.79384349640095,1.16403818208369,0.113,0.094,1
"Gm49625",0.793846514305046,-0.231854830407984,0.028,0.075,1
"Foxk1",0.793879297398039,0.827794388777287,0.113,0.113,1
"Snhg4",0.793898333058415,0.826497779491529,0.225,0.302,1
"Mier3",0.794008415385295,0.942987684864639,0.056,0.057,1
"Mex3c",0.794273485474617,-0.345933396751119,0.07,0.113,1
"Nmd3",0.794338443221432,0.262828496702382,0.268,0.283,1
"Elp2",0.794561249757356,0.556691192224606,0.127,0.132,1
"Mrpl9",0.794621718739178,-0.910036983021744,0.07,0.113,1
"Gzma",0.794650993344713,0.273544732005759,0.085,0.057,1
"Trappc13",0.794674491222227,0.65429038634701,0.113,0.151,1
"Ufl1",0.794731445824663,-0.887802567547616,0.07,0.132,1
"Pafah1b1",0.794843273928544,-0.424275977977999,0.437,0.585,1
"Helz2",0.794877121064958,-1.18331167917363,0.07,0.132,1
"Id3",0.7950126601474,0.642349617482095,0.014,0.038,1
"Adam15",0.795042417542724,1.63880789026467,0.014,0.019,1
"Pot1a",0.795164795491662,1.10767411551685,0.169,0.189,1
"Zfpm1",0.79522168325105,0.289858909440344,0.099,0.057,1
"Ppp1r3b",0.795254853193428,1.4799894895865,0.141,0.113,1
"Cep170",0.795284406968339,-0.102162359554612,0.127,0.245,1
"Xkr6",0.795300590067808,1.14455281575039,0.014,0.038,1
"Cstad",0.795317547134346,0.407411467454868,0.028,0.019,1
"Hells",0.795420565622955,0.484050140344368,0.408,0.434,1
"Ptger3",0.79559487355244,-0.853809261371362,0.028,0.057,1
"Gm16576",0.795716702225556,-1.29970168388452,0.014,0.019,1
"Txndc16",0.795811103292052,-1.05697575950405,0.113,0.189,1
"Nxpe3",0.795884201929911,0.284168093336304,0.239,0.34,1
"Gins1",0.796061220869279,0.590347099613874,0.099,0.113,1
"Ndufb5",0.79620316624472,0.946535263175372,0.113,0.132,1
"Adamts6",0.796302379419556,0.567338084271371,0.254,0.264,1
"Nxf1",0.796442897856418,-0.725930034546942,0.141,0.208,1
"Pcbp2",0.797056194937628,-0.515878886392871,0.296,0.472,1
"Cdyl2",0.797061150280061,0.510350700050409,0.225,0.302,1
"Prf1",0.797071795808865,-0.786146251242905,0.028,0.019,1
"Dnajc17",0.797218853311291,-1.43917033636668,0.042,0.094,1
"Cfap20dc",0.797354861869822,0.708772528541033,0.028,0.019,1
"Oas1c",0.7974330575239,-1.48903550130102,0.014,0.019,1
"Ndufa10",0.797523320123576,0.766562271799604,0.141,0.189,1
"Plxdc1",0.79758133895859,0.193107583792271,0.028,0.019,1
"Chst2",0.797731103476415,-2.27554763833144,0.014,0.038,1
"Apaf1",0.797763657042508,0.517352175090578,0.225,0.226,1
"6030442K20Rik",0.797821930008996,0.608666109662646,0.056,0.057,1
"Banp",0.797953364112827,-0.193797332516736,0.141,0.151,1
"Grin2d",0.797964075911054,-0.176544918578494,0.014,0.019,1
"Uqcc2",0.798005041455676,-0.767613872841963,0.056,0.113,1
"Sgsm2",0.798040360692485,-1.47851252949315,0.042,0.094,1
"Heatr5b",0.798074947050861,0.416169756657273,0.113,0.132,1
"Izumo1r",0.798095279424289,0.265789072618004,0.07,0.075,1
"Dcaf17",0.798149759079524,-0.20074939873399,0.085,0.113,1
"Bpgm",0.798200390260315,0.603371134838175,0.014,0.019,1
"Zfp568",0.798276923652742,-0.830841449683311,0.028,0.075,1
"Klhl22",0.798387559882426,-0.780338111606936,0.028,0.038,1
"Zdhhc13",0.798409454716427,0.307612363167592,0.056,0.113,1
"Pals2",0.798411609242359,0.274717024889041,0.254,0.358,1
"Ppp1r2",0.798420505274282,0.779406769030161,0.155,0.17,1
"Cebpzos",0.798530417642272,-0.279895644270918,0.028,0.057,1
"AA467197",0.798656193264915,-1.18684326020716,0.014,0.038,1
"Pes1",0.798717997599571,0.321046334121623,0.07,0.113,1
"Cluap1",0.798814230663922,-0.360613835077336,0.099,0.17,1
"Orai1",0.798827417365448,0.299270656083746,0.099,0.132,1
"Mrpl24",0.798848907585221,-0.801500098498277,0.085,0.17,1
"Abhd12",0.798882948326918,0.633088876371266,0.183,0.245,1
"Plcb4",0.798966788206284,-2.05114807365624,0.028,0.075,1
"Nceh1",0.798983155752624,0.708716050668843,0.056,0.057,1
"Lats2",0.799002031619566,-1.14476520372391,0.028,0.057,1
"Erp44",0.799009926468786,0.515285869721525,0.239,0.321,1
"Kptn",0.799491498807754,0.158129318883432,0.028,0.038,1
"Pdrg1",0.7996022493916,0.327484312772861,0.056,0.113,1
"Selenok",0.799718006473963,-1.00206804229377,0.085,0.151,1
"Shld1",0.799733236961634,1.92592543825764,0.042,0.038,1
"Bicdl1",0.79976193384995,0.556651402188642,0.296,0.321,1
"Mroh1",0.799976617335309,0.608404951453303,0.056,0.057,1
"Ap5z1",0.800068872566767,-1.00751099274284,0.014,0.019,1
"Kank3",0.800068872566767,-1.00751099274284,0.014,0.019,1
"Zfp758",0.800068872566767,-1.00751099274284,0.014,0.019,1
"Lysmd4",0.800094673151132,1.80665635802297,0.07,0.038,1
"Orc6",0.80015457621312,0.746780581977416,0.169,0.208,1
"Mfsd14b",0.80037692486173,-0.216132456308871,0.099,0.151,1
"Gm11613",0.800481717087358,-0.971352231181417,0.028,0.094,1
"Vps36",0.800794683986854,0.622124758201137,0.141,0.17,1
"Gpkow",0.800842404211279,1.3927329706196,0.056,0.075,1
"Tbc1d24",0.800865742975492,-0.621440875894194,0.014,0.019,1
"Dnajc2",0.800932236136094,-0.366539332606016,0.282,0.434,1
"Dctn3",0.800991001080792,-0.493609761861308,0.028,0.057,1
"Brip1os",0.801081918079626,0.504097440454366,0.183,0.245,1
"Tcf25",0.801107633906589,-0.403121314276337,0.282,0.434,1
"Ccnl2",0.801112239976877,-0.178408601888713,0.268,0.34,1
"Mis12",0.80122340211668,0.906237266795735,0.127,0.151,1
"Psmd7",0.801269881443746,-0.454221502340074,0.211,0.321,1
"Pole2",0.801495499143,-0.251725881118369,0.056,0.075,1
"Rabif",0.801518589032779,0.195961082241959,0.155,0.151,1
"Sdccag8",0.801737596095088,0.305370547169186,0.225,0.321,1
"Casp7",0.801907801574442,-0.238638065881816,0.014,0.019,1
"Cdc25a",0.802063261206897,0.474390054851399,0.225,0.302,1
"Ube2g2",0.802120106976762,-0.262680334195118,0.042,0.094,1
"Serpinb6b",0.802136659705118,-0.121158108040655,0.028,0.038,1
"Mlh3",0.802308984486273,0.627445061672603,0.113,0.113,1
"Tmem131",0.802578140776594,0.192993938519593,0.31,0.415,1
"Ppip5k1",0.802612203031553,-0.38991982237887,0.042,0.113,1
"Fbxo28",0.802722382127969,0.257431065039015,0.183,0.208,1
"A530072M11Rik",0.802803786975707,0.121763729785336,0.042,0.075,1
"Gm16341",0.802897102511295,0.747013801545971,0.056,0.038,1
"Atad2b",0.802921718246555,-0.131152350882231,0.437,0.566,1
"St6gal1",0.802972574793713,0.618170300495112,0.239,0.302,1
"Slc38a6",0.803066975049415,1.51822965491927,0.127,0.132,1
"Traf3ip3",0.803099602351254,0.444385033224819,0.352,0.34,1
"Wtap",0.803120493910378,0.524979788708961,0.239,0.302,1
"Zcchc2",0.80317993038911,-0.284790425692147,0.085,0.17,1
"Socs4",0.803210790743281,0.132942263805062,0.127,0.245,1
"Hs6st1",0.803298668473151,-0.950884541023568,0.028,0.057,1
"Fam185a",0.803315666079802,0.588383399778078,0.282,0.283,1
"Drosha",0.803324580025226,-0.191842417619141,0.155,0.245,1
"Gm33994",0.803411145937157,-1.64587347738256,0.014,0.019,1
"Smchd1",0.803494698807891,0.242201541472916,0.732,0.774,1
"Dpy19l4",0.803525182441299,-0.290844597839749,0.042,0.094,1
"Ptk2b",0.8035769802531,0.151932178964711,0.437,0.528,1
"Ccdc47",0.803690326709251,-0.743222115449713,0.113,0.226,1
"Rnf141",0.803721176155247,0.707499134669519,0.141,0.151,1
"Mrpl10",0.80377316520074,0.668308361903256,0.07,0.057,1
"Vegfb",0.803814378030213,0.267678104623567,0.028,0.038,1
"Axin1",0.803863654535663,0.262595224669704,0.113,0.151,1
"Dtwd2",0.804014689593383,-0.629807523128223,0.07,0.057,1
"Ldb1",0.804084967393558,0.741348242458629,0.141,0.189,1
"Polr2b",0.804300644047045,-0.326776337911108,0.099,0.189,1
"Gm26533",0.804420248668432,-0.360075437110405,0.014,0.019,1
"Gbp11",0.804485557196956,0.535479871446425,0.028,0.057,1
"Pnpt1",0.804501486194926,0.163048587040159,0.169,0.17,1
"Akap8l",0.8046779252608,-0.397214101909458,0.099,0.17,1
"Sync",0.804835982646192,-0.845355075347184,0.014,0.019,1
"Slc39a11",0.804844063050768,1.02336004790848,0.197,0.17,1
"Stx1a",0.805095256592681,1.80293096255926,0.014,0.019,1
"Nupl2",0.805156553545996,1.80400687758812,0.014,0.019,1
"Usp49",0.805213707249823,0.949213546656061,0.085,0.094,1
"H2ac25",0.805251843675539,0.464535376558695,0.014,0.019,1
"Tmem104",0.805376232689429,-0.811826832745649,0.028,0.057,1
"Itpripl1",0.805515570744135,-1.17998460299462,0.028,0.038,1
"Ccdc18",0.805582125591337,0.700954660845168,0.099,0.17,1
"Tnfrsf14",0.805585631960329,0.958415790533886,0.014,0.019,1
"Slamf1",0.805619878121348,-0.913531133908005,0.07,0.151,1
"Socs7",0.805789465755733,-0.503638637002584,0.056,0.094,1
"Spout1",0.805804936757611,-0.113788166261864,0.028,0.019,1
"Hmmr",0.805834225560024,0.379666093123605,0.254,0.302,1
"3830406C13Rik",0.805849726043494,0.67804105935213,0.141,0.189,1
"Huwe1",0.805885684390534,-0.172104066747019,0.577,0.698,1
"Gm10804",0.805905593189131,-0.372841219346101,0.014,0.019,1
"Tagap",0.80602448971778,1.11557015252762,0.014,0.019,1
"Dffb",0.806102680825991,-1.68423923098582,0.042,0.094,1
"Smarcc2",0.806231178424508,-0.115218724182633,0.239,0.302,1
"Birc2",0.806252365953002,-0.835729812181243,0.085,0.189,1
"Zfp119b",0.806262312968221,-0.853028406610357,0.014,0.019,1
"Htatip2",0.806539210611847,-0.672664628017803,0.028,0.057,1
"Aldh18a1",0.80657361921391,0.192541976109748,0.113,0.151,1
"Gm56577",0.806799506418846,0.92683239808654,0.056,0.038,1
"Gm46336",0.806916532775631,0.474050709507208,0.014,0.019,1
"Rnf11",0.806917301055306,1.33568305876273,0.042,0.038,1
"Cyria",0.806931892959031,-0.633291987023386,0.085,0.151,1
"Cul9",0.807154505058473,0.470732855262348,0.014,0.019,1
"Smpd5",0.80730194127895,1.84230326828087,0.014,0.019,1
"Emilin2",0.80730974113753,-0.35487523927407,0.085,0.132,1
"Zfp942",0.807347647669785,-0.2146072034164,0.07,0.189,1
"Adora2a",0.807424534549162,1.84453000733667,0.014,0.019,1
"Ptprm",0.807424534549162,1.84453000733667,0.014,0.019,1
"Sanbr",0.807469039902407,0.80923543530216,0.085,0.075,1
"Arpp19",0.807713721821114,-0.492417942269553,0.282,0.396,1
"Rps3a1",0.808046769988198,-0.326321439549486,0.479,0.623,1
"Dhodh",0.808154566297448,0.628973175415904,0.056,0.038,1
"Polr3g",0.808171388905825,-1.05891242909026,0.113,0.189,1
"Shkbp1",0.808523599241712,-1.55952956484762,0.014,0.019,1
"Ankrd50",0.808532718153708,0.870814425700766,0.028,0.019,1
"Dock8",0.808572344583464,0.192799367787293,0.493,0.585,1
"Erg28",0.808639952174122,-1.30697187858976,0.056,0.189,1
"Nacc1",0.808980329641206,0.237635045771511,0.056,0.113,1
"Dag1",0.808986412389456,-0.425945844404651,0.028,0.075,1
"Crebrf",0.809177606420426,-1.60259884914302,0.056,0.132,1
"Atox1",0.809196208664407,0.377230638204893,0.127,0.189,1
"Gm15952",0.809236571280338,0.903966908325604,0.056,0.057,1
"Irgm2",0.809272989621049,0.394689924075755,0.099,0.208,1
"Supt16",0.809360756639719,0.171675976552184,0.437,0.491,1
"Sclt1",0.809536844127173,0.256100969949417,0.169,0.189,1
"Polr3gl",0.809595940253175,0.484482226469971,0.014,0.019,1
"Tarbp1",0.809748139321377,-0.408940074508229,0.028,0.057,1
"Nucks1",0.809766730145025,-0.729643916092762,0.324,0.472,1
"Cacna1c",0.809799769518376,-1.25720515232473,0.085,0.151,1
"Gm43331",0.809925685272076,-1.34654682461288,0.028,0.057,1
"Npc2",0.809946636700011,-0.330199582703833,0.211,0.34,1
"Dzip1",0.809999092458574,0.457389746257625,0.028,0.057,1
"Wdr26",0.81001027983762,-0.227371423783666,0.225,0.283,1
"Polr3k",0.810028201090687,-0.325375683735361,0.113,0.17,1
"Ccr7",0.810069159467399,-2.3816125338537,0.014,0.038,1
"Fnip2",0.810321729802128,0.401493392454323,0.141,0.189,1
"Ppid",0.810321760470347,0.56730622120894,0.141,0.189,1
"Pfdn5",0.810375501177075,0.479026539545109,0.113,0.17,1
"Usp47",0.810527127533514,-0.302043640227731,0.268,0.415,1
"Ddi2",0.810573334042704,-0.868566170015404,0.127,0.283,1
"Mboat1",0.810723510442455,-0.709415484358899,0.239,0.415,1
"Dsn1",0.810763857995026,-0.874402693191882,0.042,0.113,1
"Mterf3",0.810899326959494,0.272507025662277,0.085,0.17,1
"Hexb",0.810904980322789,0.337761700708272,0.197,0.189,1
"Timm13",0.811279146144734,0.157113634417559,0.127,0.151,1
"Spg7",0.811301339176392,-0.8749661801191,0.056,0.151,1
"Mcrs1",0.811329999305853,-0.556121665229071,0.056,0.113,1
"Eomes",0.811347187463848,0.179485802710268,0.099,0.113,1
"Scyl3",0.811362453245475,0.477924572208616,0.07,0.057,1
"N4bp2l2",0.811373861248022,0.398314196058041,0.408,0.453,1
"Sqstm1",0.811374904192787,0.148659105686065,0.113,0.208,1
"Traf3ip1",0.811411090739401,-1.08786793842646,0.042,0.094,1
"Eif3m",0.811663319788661,-0.570536200561847,0.127,0.226,1
"Dst",0.811706947748999,0.640109423925206,0.113,0.151,1
"Rpp38",0.811981566380145,0.405607791492595,0.014,0.019,1
"Ncor2",0.812054866825236,0.527827001744196,0.225,0.245,1
"Psmd11",0.812135283253408,0.307931758066487,0.296,0.396,1
"Tgs1",0.812195506535255,-0.313939287432775,0.183,0.283,1
"Gemin6",0.812207413341619,-0.559728039580341,0.028,0.038,1
"2700049A03Rik",0.81224149675553,-0.63698466109533,0.07,0.132,1
"Gne",0.812461846491958,-0.258298695564463,0.085,0.151,1
"Edc3",0.812491285230924,-0.298280287103851,0.099,0.132,1
"Rps15a",0.812515802224079,-0.318439859767259,0.465,0.642,1
"Usp45",0.812539502068229,0.993021292067468,0.099,0.094,1
"Ptpn12",0.81257129471187,-0.183578062460538,0.127,0.189,1
"Eif1a",0.812683150152507,0.45714204148727,0.268,0.34,1
"Nrip1",0.812813584200562,0.475639450837965,0.296,0.302,1
"Rexo5",0.812880321266695,0.117180488655477,0.225,0.321,1
"Slc30a4",0.812880914625506,-1.87763231801233,0.014,0.038,1
"Dhx32",0.812922790304024,1.30426033419815,0.042,0.038,1
"Gmcl1",0.812945526064078,-0.223694913814702,0.113,0.189,1
"Gm26749",0.812965767310033,1.49862196728289,0.07,0.038,1
"Map4k2",0.812990373406866,-0.579959900595203,0.113,0.208,1
"Paip2",0.813014304387479,-0.723255598039063,0.113,0.226,1
"Ypel1",0.813056244778419,-1.62777998895904,0.014,0.019,1
"Gm36975",0.813064428599611,0.431550224157108,0.07,0.094,1
"Ell",0.813197797473765,0.666653232296498,0.197,0.17,1
"Cenpu",0.813254280491203,-1.2511555204899,0.042,0.075,1
"Phka2",0.813466430937922,0.443870174797705,0.042,0.075,1
"Socs6",0.813571045039874,-0.404627998268418,0.028,0.075,1
"Gm39214",0.813593842058774,-1.61884541104303,0.014,0.019,1
"Ireb2",0.813701681682046,0.729748720477491,0.183,0.226,1
"Trim14",0.81377077167789,-0.828953057393676,0.183,0.245,1
"Ide",0.813832333748023,-0.379783119303834,0.225,0.264,1
"Zfp53",0.813867632472876,-0.556295534085832,0.099,0.226,1
"Zbtb8a",0.813876695840341,-0.83388036009823,0.028,0.075,1
"S1pr4",0.81391837048474,-1.3439377700491,0.014,0.057,1
"Ramac",0.813918832081099,-1.021648427684,0.014,0.038,1
"Rfc3",0.814010943227085,-0.602937966191478,0.042,0.132,1
"Pdk1",0.814242743252652,-0.195610892527538,0.099,0.189,1
"Gm12610",0.814369630563399,0.457097651796804,0.155,0.17,1
"Cd200",0.814370669181809,-0.355429245087548,0.014,0.019,1
"Bpnt1",0.814528471148163,1.22856456637345,0.028,0.038,1
"Rims2",0.81453610400531,-1.2222636399053,0.056,0.113,1
"Tmpo",0.814653748153859,-0.137556368912352,0.38,0.528,1
"H4c16",0.814665289877172,0.955218426618735,0.07,0.038,1
"4930549G23Rik",0.814857413787662,0.540114048824586,0.07,0.057,1
"Gm36043",0.81490267881349,1.98899013246887,0.014,0.019,1
"Csnk2b",0.815044168178946,-0.770407807633894,0.056,0.094,1
"Arl2bp",0.815119766361593,-0.722322141843583,0.113,0.208,1
"Crybg1",0.81522235662375,0.743529551802216,0.225,0.208,1
"Lncppara",0.815302335268872,0.704450220256215,0.07,0.094,1
"Phb",0.815331875669992,1.50914039901819,0.07,0.094,1
"Eif3c",0.815415485858399,0.182540078569054,0.31,0.34,1
"Lars2",0.815429161675836,-0.555499652327036,0.507,0.585,1
"C2cd5",0.815433806095493,-0.16962405723781,0.239,0.264,1
"4930558J18Rik",0.815476430567386,0.881474066107956,0.028,0.019,1
"Zfp961",0.815515121389883,-0.347815830168259,0.07,0.151,1
"Dnajc11",0.815569588151442,0.155591432642538,0.056,0.132,1
"Copa",0.815576931025782,0.951019537980065,0.127,0.151,1
"Mtfr2",0.815591149531226,0.19363078304308,0.028,0.075,1
"Stk4",0.815748002920681,0.119597789204711,0.352,0.434,1
"Emc8",0.815833487701479,-1.79650683373894,0.056,0.132,1
"BC005624",0.815911845125509,0.83321164318999,0.141,0.132,1
"Tti1",0.815969311621516,-0.963176680325841,0.042,0.094,1
"Rpap3",0.815973370161618,-0.391180637449945,0.042,0.075,1
"Selenoo",0.816006007767288,2.01187285723471,0.014,0.019,1
"4833417C18Rik",0.816046195665278,1.39463319807157,0.028,0.019,1
"Med10",0.816079330033992,0.418484650207027,0.014,0.038,1
"Foxm1",0.816112042047546,-0.825142427568339,0.099,0.132,1
"Cdkn2aip",0.816121533613579,-0.31262646660536,0.056,0.151,1
"Pja2",0.816200603521061,0.468942385836799,0.113,0.208,1
"Tfam",0.816259146124965,-0.61768804426261,0.07,0.132,1
"Amd1",0.816276149360753,0.770684304145179,0.113,0.17,1
"Stk11ip",0.816373784132193,2.01959864678259,0.014,0.019,1
"Bhlhe40",0.816543780701523,0.930889046680149,0.099,0.132,1
"4930595D18Rik",0.816557672334275,-1.42275472520608,0.014,0.019,1
"Cd74",0.816557672334275,-2.25136663993099,0.014,0.019,1
"Gm40528",0.816557672334275,-1.42275472520608,0.014,0.019,1
"Pik3r4",0.81655872696456,-0.484858602407159,0.056,0.132,1
"Tmem260",0.816608931109112,-0.872738900780545,0.141,0.302,1
"Sec31a",0.816821998115807,0.751908528613033,0.141,0.189,1
"Ccdc77",0.816870647144947,0.215596832371594,0.141,0.189,1
"Snx33",0.816901000000717,0.13969301758081,0.028,0.019,1
"Arfgap3",0.816920225029298,0.964565144038605,0.056,0.057,1
"Paf1",0.817077403249831,-0.574773438411673,0.056,0.151,1
"Rps6kb1",0.817220004248725,-0.501753376763017,0.211,0.358,1
"Calm1",0.817261904820889,-0.356860839678775,0.352,0.509,1
"Gm12940",0.81765350575067,-0.520696650213537,0.056,0.113,1
"Kdm2a",0.817761639633436,0.178090478112408,0.352,0.472,1
"Prkcsh",0.817895525324327,-0.236869945701995,0.099,0.17,1
"Uqcrh",0.81792858351509,0.283650751453194,0.085,0.17,1
"Zhx2",0.817986327861398,0.866440628937413,0.169,0.151,1
"Mri1",0.818016230829925,-1.28235707168712,0.028,0.038,1
"Adam17",0.818086483342752,-0.680626210312684,0.141,0.189,1
"Dck",0.8183575175756,-0.22699120913684,0.085,0.132,1
"Rpap2",0.81842774871183,1.04841503300875,0.155,0.132,1
"Klf2",0.818497118386288,-0.263228503995217,0.028,0.019,1
"G6pdx",0.818592100589693,-1.00623739417561,0.056,0.094,1
"Cmtm7",0.818648571585235,0.775887021541911,0.085,0.075,1
"Rbm7",0.818748620042907,-0.727225789172406,0.056,0.151,1
"Galnt11",0.818766060375567,0.986477157401477,0.141,0.132,1
"Med16",0.818797254454838,-0.733006981368908,0.028,0.038,1
"Pus1",0.818801259424642,0.137091423515796,0.042,0.094,1
"Maf",0.818952096578904,-1.03713331873442,0.028,0.075,1
"Vps11",0.819078948626305,0.431681757327421,0.056,0.057,1
"Rad54l",0.819335697807539,-0.175840496425566,0.113,0.17,1
"Prpf3",0.81942343573983,0.564866713694443,0.099,0.17,1
"Zmym6",0.819458143829176,0.844009191408628,0.014,0.019,1
"Cd6",0.81948262704318,-0.2884040284351,0.239,0.396,1
"Luc7l",0.819534348422162,-0.271631024951902,0.268,0.396,1
"Cd3e",0.819602486419411,0.164180180326246,0.366,0.434,1
"Nup214",0.819626913077615,0.377727334962002,0.338,0.34,1
"Themis",0.819825483345867,-0.133353059061063,0.761,0.792,1
"Mbnl3",0.819941912444324,0.355150381936319,0.282,0.358,1
"Psme1",0.819980929995578,-0.316924576583591,0.169,0.321,1
"Hspe1",0.82000763969254,-0.772940207160624,0.141,0.264,1
"Ints13",0.820077135574765,0.306725311550879,0.099,0.132,1
"Zfp119a",0.820092022016467,-0.830458615089124,0.056,0.075,1
"Stk24",0.820251353915613,-0.206120716687294,0.394,0.509,1
"Adnp",0.820337022409792,-0.308038552516823,0.254,0.34,1
"Adss",0.820597540510904,0.137001595920757,0.169,0.208,1
"Ano8",0.820667272806125,-0.344142061064746,0.014,0.038,1
"Lsm5",0.820771860196809,0.383203715492964,0.113,0.151,1
"Naa20",0.820846124748156,0.201732695501168,0.197,0.264,1
"Tac4",0.821076966718381,-0.257455561341314,0.014,0.019,1
"Asb6",0.821089071786488,0.682730292819544,0.056,0.075,1
"Cep76",0.821103508037832,-0.778325005351855,0.07,0.113,1
"Fkbp3",0.821349669616219,-0.422777946999447,0.141,0.189,1
"Dctn4",0.82137573836597,-0.224728996267444,0.169,0.17,1
"Parg",0.821493211094987,0.15061919228136,0.324,0.34,1
"Panx1",0.821643378232618,0.147671525818767,0.099,0.094,1
"Scp2",0.821733718118589,0.530549411618704,0.056,0.057,1
"Ahcyl1",0.821777900794719,-0.611299274062832,0.113,0.17,1
"Rrm2",0.821953774370921,-0.13914082229679,0.113,0.208,1
"Tub",0.821976380483617,2.16909939855337,0.028,0.019,1
"Abhd17a",0.822024987867247,-1.32246468768545,0.042,0.113,1
"Tsc22d2",0.822066359729465,0.377427939254964,0.141,0.17,1
"Cd27",0.822117915556233,-0.171276888557034,0.042,0.038,1
"9430015G10Rik",0.822315225090021,-0.918642165685672,0.042,0.075,1
"Gm56783",0.822346922629317,0.556092153720505,0.014,0.038,1
"Tbc1d23",0.822448106617009,-0.334225562156048,0.113,0.226,1
"Rp2",0.822568453337935,-1.45461343237961,0.042,0.132,1
"Mrps7",0.822701506058165,-1.14578162067077,0.028,0.075,1
"Csnk1g2",0.822962975061314,-0.442338484900723,0.127,0.245,1
"Gm42984",0.823057231181116,-1.34605654839447,0.014,0.019,1
"Slc35a4",0.823060336430328,-0.780776951322191,0.014,0.038,1
"Tcaim",0.823094282283179,0.202626108204145,0.056,0.057,1
"Traf7",0.823239208741186,-0.139800099917564,0.085,0.132,1
"2310010J17Rik",0.823359890473994,-1.14704668246134,0.014,0.038,1
"Gpatch2l",0.82351727917065,0.756076505908281,0.113,0.17,1
"Pwp2",0.823816256665613,-0.353567935007393,0.028,0.057,1
"Sorbs1",0.824003861019223,1.64127010595208,0.056,0.057,1
"Men1",0.824009247525873,-0.329731038341844,0.014,0.038,1
"Chd8",0.824012773974763,-0.342867924193879,0.197,0.302,1
"Septin6",0.82410350230376,0.387485905243912,0.31,0.358,1
"Ndufs5",0.824208211532502,-0.600209094721255,0.07,0.151,1
"Tsc2",0.824325860325432,-0.851584648557654,0.028,0.038,1
"Cd44",0.82452074713672,0.524303486172209,0.197,0.208,1
"Mitf",0.824700017990774,0.66425345621612,0.056,0.094,1
"Etf1",0.824792478712464,-0.16542025171202,0.31,0.34,1
"Fbxo38",0.824881779664938,0.663166275061607,0.239,0.245,1
"Dhrs7b",0.824913618393209,0.679995679086051,0.085,0.057,1
"6430590A07Rik",0.824936839463282,0.749130402902847,0.07,0.094,1
"Kbtbd4",0.825023296447804,0.49974228501209,0.056,0.057,1
"Tapt1",0.825129078569943,0.306447633477602,0.254,0.302,1
"Clock",0.825362697519285,0.120604018158307,0.183,0.245,1
"Rps23",0.825418405170616,-0.443924914517504,0.394,0.566,1
"Usp12",0.825480527109767,0.774640812048777,0.085,0.113,1
"Atp6v0b",0.82553205412611,-0.320464881900644,0.085,0.208,1
"Ndufb6",0.825620941852121,-0.928287574522779,0.042,0.094,1
"Qsox1",0.825736216686923,-0.44194893950068,0.07,0.075,1
"Zfp442",0.825760454125349,-1.43401142880733,0.014,0.019,1
"Prrg1",0.825761154064191,0.89034174187281,0.183,0.17,1
"Pde4dip",0.82577018858132,0.626108166250591,0.042,0.038,1
"Thrb",0.825868563085046,0.367881171640045,0.085,0.075,1
"Acacb",0.826000893881926,1.06379783725015,0.014,0.019,1
"Pfdn1",0.826068761504099,0.532420293946883,0.254,0.302,1
"Snx14",0.826117072812813,-0.78067601252902,0.056,0.094,1
"Tmem41b",0.826135906977083,0.548566936364469,0.056,0.094,1
"B230307C23Rik",0.826175270163676,0.371294900573623,0.211,0.226,1
"Ifrd2",0.826196567347632,-1.09830700846223,0.042,0.057,1
"Gm57413",0.826200283275234,-0.645283604772638,0.028,0.019,1
"Pdia3",0.826206989675143,-0.309408650673763,0.493,0.623,1
"Rgs11",0.82631448386079,1.80146616592489,0.028,0.019,1
"Slc25a15",0.826360640477956,-1.15564393376251,0.014,0.038,1
"Esr1",0.826415889579733,0.658590142414213,0.028,0.038,1
"Ryk",0.82653204737964,1.07043790904238,0.056,0.075,1
"Slc19a1",0.826652631993272,1.05803192986579,0.085,0.057,1
"Map3k8",0.826662294339747,0.393742703015591,0.239,0.302,1
"Adat1",0.826739488638538,0.333452406899411,0.028,0.057,1
"Tcf20",0.826803390019946,0.319468387633319,0.549,0.623,1
"Cyb5a",0.827006432757641,-0.911718452854596,0.141,0.264,1
"Gm36756",0.827131243428974,1.25339891884122,0.085,0.057,1
"Ckap2l",0.827183377939169,0.439052376799189,0.225,0.283,1
"Cep44",0.827339479853552,-0.50059528875785,0.028,0.057,1
"Itgb1bp1",0.827378911320906,0.40194674973593,0.042,0.075,1
"Myd88",0.827530651396135,-0.510484180537791,0.028,0.038,1
"Map6",0.827543727890035,-0.53683112241518,0.028,0.057,1
"Prag1",0.827572811260441,0.185328197720459,0.042,0.075,1
"Slc25a13",0.827726830353037,-0.337847011030397,0.127,0.208,1
"Stk26",0.827800840366227,0.100203248539826,0.254,0.302,1
"Jpt1",0.827809792704012,-0.186605577334776,0.211,0.245,1
"E2f8",0.827837996742513,-0.22878081030023,0.099,0.189,1
"Galnt1",0.827881677188945,0.210629549428004,0.338,0.434,1
"1700025G04Rik",0.827970832874231,0.280457177361233,0.507,0.528,1
"Dhx29",0.827999969688289,0.950160436903538,0.113,0.151,1
"Enc1",0.828029491737945,-0.274668676173305,0.028,0.057,1
"Stam",0.828175063121661,-0.644961697096819,0.113,0.208,1
"Nosip",0.828434206651663,0.464797316080412,0.085,0.057,1
"Msl2",0.828441454694869,-0.305428975034949,0.197,0.302,1
"Stk39",0.82853280262425,0.351582979694448,0.648,0.717,1
"Psmg3",0.828589642001299,1.68558501190359,0.056,0.075,1
"Kdm8",0.82860969728006,-0.539768890392859,0.028,0.057,1
"Usp2",0.828694475843749,-0.692219566538646,0.014,0.019,1
"Zfp512",0.828706365321355,-0.612060770670793,0.099,0.208,1
"Sppl2a",0.828745906564266,-0.320464422063647,0.155,0.17,1
"Gm11973",0.828768874573538,-0.164101110460299,0.028,0.075,1
"Smyd2",0.82878842723186,-0.350267333758627,0.127,0.208,1
"Vezt",0.828795142008577,-0.263706809979732,0.169,0.226,1
"Sun2",0.828845771808158,0.277223486189621,0.127,0.151,1
"Extl3",0.828935704198048,-1.42527087995643,0.056,0.151,1
"Aasdh",0.828961762592175,2.20058976807976,0.042,0.038,1
"Zfp810",0.829057563017591,0.957625764988069,0.085,0.075,1
"Pus3",0.82917363581723,1.18936428859858,0.056,0.094,1
"Gm56682",0.829246166038909,1.18701082495666,0.014,0.019,1
"Vsir",0.829272131960951,-0.829785633628105,0.127,0.189,1
"Kcnip1",0.829574355104855,0.209529417559149,0.028,0.057,1
"Sos2",0.829674091447465,0.56515343301444,0.183,0.245,1
"Wwp2",0.829699787923069,0.157561324065301,0.211,0.302,1
"Wdfy2",0.829773451997979,-1.16151481709345,0.042,0.075,1
"Snap23",0.829974276258472,-0.848126630881856,0.042,0.075,1
"Ahsa1",0.829995352502,0.267487716936645,0.07,0.132,1
"Cep83os",0.830026546129794,1.32124143156366,0.099,0.075,1
"Gramd4",0.830033000381299,0.425365396899941,0.127,0.208,1
"Gm7292",0.830043056211841,0.303434550940031,0.014,0.019,1
"Lias",0.830312759411549,0.432903732475224,0.07,0.151,1
"Pgm3",0.830373760095428,-0.776669737784081,0.028,0.075,1
"Lig3",0.83064934592749,0.541988427170702,0.085,0.094,1
"Fig4",0.830792409247105,0.918921382201612,0.07,0.057,1
"Galns",0.83081246985022,-0.340802015466664,0.028,0.057,1
"Ap4m1",0.830906466307192,-0.32898675349193,0.028,0.057,1
"AI662270",0.831177784197231,-0.367406971738915,0.197,0.34,1
"Zfp472",0.831236239060614,1.1615982811512,0.014,0.019,1
"Btg2",0.831377224828231,0.704027823176007,0.085,0.057,1
"Batf",0.831401911828457,-1.05906825276424,0.085,0.151,1
"Gm41555",0.83157555312862,0.612440803140866,0.014,0.019,1
"Suz12",0.831578535739489,-0.351112704401087,0.423,0.528,1
"Pvr",0.831743708809593,0.380275454728349,0.07,0.094,1
"Iqce",0.831799831280629,0.888823355797383,0.099,0.094,1
"Stxbp4",0.832010377190582,0.926206865595237,0.085,0.113,1
"Brf1",0.832071488068685,0.988873712044221,0.155,0.132,1
"Fubp3",0.832085229708076,1.24786681438154,0.099,0.094,1
"Aurkb",0.832120045708837,0.622786349143163,0.085,0.113,1
"Parvg",0.83224711798287,0.312351755702544,0.07,0.057,1
"Csnk2a1",0.83229441488359,-0.662250573251044,0.155,0.321,1
"Samd1",0.832320007209503,-0.243658191399071,0.056,0.075,1
"Morf4l2",0.832377358018253,0.661966208365708,0.113,0.189,1
"Acadl",0.832378023838338,0.802100202491733,0.183,0.208,1
"Sdhd",0.832478244809726,-1.87431363573993,0.028,0.113,1
"Timm10b",0.832493139015193,-0.806815008055931,0.085,0.17,1
"Agfg2",0.832600348973648,0.17269392554519,0.127,0.17,1
"Gm44649",0.832802847680662,1.13031404044063,0.014,0.019,1
"Gm48719",0.832802847680662,1.13031404044063,0.014,0.019,1
"Il2rb",0.83291938068912,-0.456667092160852,0.394,0.509,1
"Atp2a1",0.832924169687559,0.374385577601211,0.014,0.019,1
"Timm17b",0.83300152954401,-1.53592824364493,0.028,0.075,1
"Uba1",0.833014720921981,-1.1466735802378,0.099,0.189,1
"Retreg1",0.833033309389152,-0.566591934119753,0.197,0.34,1
"Tpd52",0.833078664338684,1.81037321480837,0.07,0.057,1
"Sec62",0.833136357753749,0.427671702625503,0.141,0.189,1
"D330050I16Rik",0.833164497224954,-0.342462128539736,0.014,0.019,1
"Mib1",0.833237580903092,0.249267691511831,0.211,0.283,1
"Aga",0.833244697574236,1.44515859853896,0.028,0.038,1
"Camsap1",0.833282287251204,-0.337139580022298,0.056,0.094,1
"Gstt2",0.833519501948421,-1.08899689888845,0.07,0.113,1
"Rreb1",0.833654504583885,-0.198584169807015,0.268,0.377,1
"Slc16a3",0.833662343072216,0.333058775916265,0.085,0.094,1
"9430091E24Rik",0.83378239069047,1.2373470058919,0.014,0.019,1
"Gys1",0.833904982045619,0.30272686258173,0.014,0.038,1
"Dcun1d5",0.833974183230278,0.444514701273244,0.169,0.226,1
"Dus3l",0.834092227556744,-0.664743267885046,0.028,0.038,1
"Tbce",0.834159327727094,-0.145572647101177,0.183,0.321,1
"Srsf6",0.834234825864611,-0.521371673070022,0.183,0.283,1
"Ccdc71",0.834308281265972,-1.13577317166783,0.028,0.075,1
"Wdr37",0.834384117658437,-0.662624402397699,0.169,0.302,1
"Tns1",0.834438842084272,-0.565438388251664,0.028,0.057,1
"Lrrc58",0.834523315253762,-0.216843977720478,0.141,0.264,1
"Dctn2",0.834555043181724,-0.76216599359946,0.056,0.094,1
"Kdm4b",0.8347191487599,1.92501704192893,0.099,0.094,1
"Necab3",0.834732169436118,-1.02860958951609,0.014,0.019,1
"Ncor1",0.834763400873532,0.208568154963573,0.746,0.774,1
"H2-T23",0.834791389097396,-0.125581100617233,0.056,0.113,1
"Cct7",0.834832275720986,-0.591487040667382,0.169,0.226,1
"Gm15446",0.834937715703687,1.24143608273541,0.056,0.057,1
"Zmpste24",0.835006359498459,0.267523738428091,0.056,0.113,1
"Cdca4",0.835101261657909,-0.880329427463064,0.085,0.132,1
"Lgals1",0.835345158570941,0.601561672823169,0.197,0.245,1
"A930015D03Rik",0.835376770077761,0.438266848590662,0.169,0.189,1
"Tec",0.835706653995741,1.0176574559599,0.056,0.038,1
"Ndufs3",0.835714406719105,-0.148067918619499,0.042,0.075,1
"Epc2",0.835768586495002,0.14241508078155,0.254,0.321,1
"Copz1",0.836054156214024,-0.128290118094895,0.07,0.113,1
"Man2b1",0.836105410559911,0.234753702586801,0.056,0.113,1
"Myl12b",0.836241869567053,-1.34717697748208,0.113,0.264,1
"Slc7a6",0.836254471537027,-0.914545143242308,0.07,0.113,1
"Gpatch1",0.836384426009566,0.587151808425609,0.099,0.075,1
"1500011B03Rik",0.836480263462114,0.873047684244083,0.028,0.038,1
"Stk40",0.836515042638322,0.967220389726397,0.113,0.094,1
"Il10ra",0.836570971842689,-0.26692194588169,0.085,0.17,1
"Ankrd37",0.836661654716783,-0.815645519083335,0.028,0.075,1
"Gm49164",0.836723095712081,0.281061428179152,0.014,0.019,1
"Ddx24",0.836958563549069,0.558333973197651,0.352,0.396,1
"Ankrd34b",0.837085220711726,0.867231299624247,0.014,0.019,1
"Cd40lg",0.837126536973519,-1.35310434245574,0.07,0.075,1
"Sec61g",0.837239616489001,0.469882228892538,0.169,0.226,1
"Cdk7",0.837349862552901,0.946684717214943,0.113,0.17,1
"Lsm6",0.837701052495789,-0.987893726911158,0.127,0.245,1
"Gm57320",0.837749224528729,0.153149849472589,0.014,0.019,1
"Tmem65",0.837785897952345,0.824113287996159,0.085,0.132,1
"Cdk16",0.837841810950703,0.264649355242243,0.042,0.038,1
"Farsa",0.837875467721163,-0.905967714542421,0.085,0.151,1
"Rad51ap1",0.837994860826009,0.224111142001032,0.183,0.245,1
"Wdr59",0.838004321619751,1.7873175850069,0.085,0.094,1
"Pkm",0.838034129963525,-0.143049258878226,0.479,0.528,1
"Arhgef2",0.838090449116543,0.428365993113075,0.127,0.132,1
"Sh3pxd2a",0.838196252693396,0.345893444413217,0.014,0.019,1
"Efna5",0.838380170021496,-1.03843054462479,0.014,0.019,1
"4833419F23Rik",0.838441475924591,0.34753109228649,0.014,0.019,1
"Zup1",0.838458591478174,-0.17654357486679,0.352,0.396,1
"Cuedc1",0.838548275172782,0.910400180463097,0.099,0.151,1
"Cacfd1",0.838754022073216,0.801733466825638,0.042,0.038,1
"Ap3m1",0.838904717071339,-1.0276797821393,0.085,0.189,1
"Pfkfb4",0.838956856022151,1.01502433479787,0.014,0.019,1
"Trappc8",0.839148782455852,0.226858259499528,0.296,0.358,1
"Mier2",0.839517682163585,-0.756140339154078,0.028,0.057,1
"Tex9",0.839603980507976,0.319079073021756,0.169,0.264,1
"Zfp64",0.839674296260549,0.105330530783733,0.127,0.151,1
"Mat2b",0.83989113063961,-0.589288097443578,0.056,0.132,1
"Zfp683",0.839970432745035,0.367618736481493,0.028,0.019,1
"Dcun1d3",0.839985785318244,0.190875459551431,0.197,0.208,1
"Atp5j2",0.840128578692355,0.180332878466238,0.141,0.17,1
"Cant1",0.840153882700095,-1.38648775131511,0.028,0.075,1
"Sp2",0.840178951132664,0.452730771538018,0.113,0.094,1
"Jpx",0.840217727509184,0.718437358140939,0.07,0.075,1
"Prelid3b",0.840238519092065,-0.835609874658678,0.07,0.113,1
"Eid2b",0.840280684009979,-0.95259387487307,0.014,0.019,1
"Xlr4a",0.840280684009979,-1.58640937892192,0.014,0.019,1
"Med7",0.84030259312269,-0.59898861430982,0.042,0.113,1
"Pitrm1",0.840379826567808,-0.842909442284456,0.085,0.17,1
"Ccdc66",0.840421183625898,-1.00304461534202,0.099,0.132,1
"Trmt10c",0.840443666093095,-2.0488633121333,0.014,0.057,1
"Ermp1",0.840466309324334,1.41538958971417,0.042,0.038,1
"Arih2",0.840556348433658,0.689338932851544,0.183,0.208,1
"Dnaaf5",0.840647214352709,-1.40119548548298,0.014,0.038,1
"Jtb",0.840666392798994,-0.852022342414306,0.028,0.075,1
"Nek1",0.840726562776769,-0.432813106243194,0.085,0.17,1
"Gtf2ird1",0.840771150187751,0.360079049623993,0.014,0.019,1
"H2-Q2",0.840771150187751,0.360079049623993,0.014,0.019,1
"Rora",0.840832458793304,-1.20417818584193,0.014,0.019,1
"Ankrd46",0.840921569529465,1.24148006794225,0.056,0.038,1
"Hus1",0.840935851943659,0.294194754263377,0.028,0.075,1
"Flnb",0.841010840400026,0.528625441235568,0.014,0.019,1
"Clk2",0.841549504297403,0.709907761380985,0.155,0.17,1
"Osgin2",0.84155014790251,-0.250555434495,0.042,0.038,1
"Gtf3c2",0.841551427355157,0.127450649291107,0.239,0.283,1
"Colgalt1",0.841658676496388,-0.863870373878145,0.07,0.132,1
"Gm49961",0.841796513578218,0.965504116094535,0.014,0.019,1
"Timm29",0.841893340357223,0.896564914164488,0.042,0.038,1
"Ndufaf6",0.842000786975879,-0.909237281916908,0.042,0.094,1
"Stx2",0.842010960025528,1.17890925850866,0.042,0.057,1
"Elapor2",0.842038294648379,-0.430820547537043,0.014,0.019,1
"Pnkp",0.842107514135841,-1.28561836769294,0.056,0.094,1
"Mrpl17",0.84221730567131,-0.171606444941826,0.042,0.038,1
"Zc3h14",0.842239925154394,-1.32269376853305,0.099,0.226,1
"Gm43581",0.842242578046643,1.33805067133551,0.014,0.019,1
"Baz1b",0.842249554588381,-0.489523601005943,0.366,0.491,1
"Tpra1",0.842436098048982,1.38504325296203,0.042,0.038,1
"Gpr21",0.842549131326165,1.34188130915586,0.014,0.019,1
"Mthfsl",0.842549131326165,1.34188130915586,0.014,0.019,1
"Slc37a3",0.842762028840318,-0.593933219132885,0.169,0.283,1
"Erich1",0.842898402408834,-0.122011265440928,0.127,0.189,1
"Uck1",0.842909650444351,-0.73292561253717,0.028,0.094,1
"Sema4b",0.842938657623487,0.387872549806071,0.085,0.075,1
"H6pd",0.842942243449578,1.28304104078872,0.028,0.019,1
"Senp5",0.842953776762213,0.432919173612705,0.254,0.302,1
"Cst3",0.843018554657819,0.777028549660773,0.042,0.057,1
"Snrpd1",0.843020461803512,0.483997811857669,0.352,0.396,1
"Gm30455",0.843056535578145,1.60979471576265,0.028,0.019,1
"Nt5c3",0.843160219523289,0.304005916241777,0.155,0.17,1
"Actr6",0.843224790982001,-0.319058175870563,0.056,0.113,1
"Pigg",0.84328302654744,0.818777629773551,0.099,0.132,1
"Ube2f",0.843295133764961,0.194527751771919,0.113,0.113,1
"Ddhd1",0.843453942529334,0.614953251825186,0.183,0.264,1
"Pafah1b2",0.843476819910823,0.503920471656796,0.127,0.208,1
"St13",0.843554452681745,-0.32488162815481,0.197,0.34,1
"Cdc34",0.843575297483784,-0.173715005546947,0.127,0.151,1
"Mrps9",0.843605696600885,-0.156721872886696,0.169,0.226,1
"Map3k12",0.84378341956951,0.766602932013557,0.042,0.057,1
"Cep57l1",0.843785426725621,0.378848257202379,0.169,0.208,1
"Map3k1",0.843855855631249,-0.114860395833165,0.31,0.415,1
"Prkd3",0.8438725834165,-0.254983904504412,0.099,0.17,1
"Prpf40b",0.843874124553087,0.455551724333082,0.028,0.038,1
"Inafm2",0.844020616888923,1.3604579433493,0.014,0.019,1
"4930453N24Rik",0.844109945299626,-0.51335511475102,0.155,0.226,1
"Sh3gl1",0.844124132822188,0.607241065136208,0.225,0.245,1
"Pclaf",0.844127132399514,0.109131523736843,0.239,0.321,1
"Hip1r",0.844142267785291,1.56614164109881,0.028,0.019,1
"Snx19",0.844245473011198,1.2200546304313,0.099,0.075,1
"Sgpl1",0.844346418260442,-1.12478206285144,0.042,0.113,1
"E4f1",0.844369171622272,1.70164810220541,0.056,0.057,1
"Tmem9",0.844523347074898,-1.6269257018573,0.014,0.038,1
"Tnk2",0.844662316146008,0.93212617014497,0.07,0.057,1
"Rcc1",0.844701574191532,0.198081763868123,0.141,0.151,1
"Rbm41",0.844883258200845,0.694865806789189,0.099,0.17,1
"Alkbh5",0.844936937668837,-0.329285375390245,0.127,0.208,1
"Pcgf1",0.844940933214284,-1.19514691659064,0.014,0.019,1
"Trim30a",0.844983850769489,-0.151215695693441,0.197,0.358,1
"Rrp8",0.845000043479832,-0.95172663359586,0.028,0.075,1
"Mindy3",0.845029988399343,-0.606562666616172,0.155,0.264,1
"Polrmt",0.845062950779914,-1.38447170830061,0.014,0.019,1
"Eif4a3",0.845121793744968,-0.541052323736955,0.127,0.208,1
"Malsu1",0.84516957324462,0.687165886565767,0.127,0.113,1
"Exosc9",0.84538053617938,-0.785704266625593,0.042,0.094,1
"Zfyve1",0.84548158859093,0.925778041305493,0.028,0.038,1
"Dhfr",0.845568552403433,-0.37113519370638,0.099,0.17,1
"Sh3bgrl",0.845620380123794,-0.394045773357046,0.113,0.208,1
"Cib1",0.845627856705817,0.981209349736055,0.028,0.019,1
"4632427E13Rik",0.845913118767417,0.180621264865426,0.155,0.17,1
"Gdpd5",0.845932863830403,1.45856894151804,0.028,0.038,1
"Qrich1",0.846003299145996,-0.833884783082605,0.183,0.321,1
"Galnt3",0.846027788132894,0.642550045779239,0.028,0.019,1
"Dnph1",0.846105312790067,-0.351790270023162,0.014,0.019,1
"Mtrfr",0.846105312790067,-0.351790270023162,0.014,0.019,1
"Ubr7",0.846452007564417,-0.109603760331279,0.07,0.132,1
"Myo10",0.846568489516605,0.77720271949819,0.197,0.208,1
"Dap3",0.846673476788167,0.165496628570005,0.099,0.151,1
"Mrpl36",0.846713345994206,0.258876840214824,0.028,0.019,1
"Osm",0.84673082677823,-0.281389180876723,0.099,0.094,1
"Abhd6",0.846744059093156,0.955478240194261,0.07,0.057,1
"Tardbp",0.846807629044493,-0.321919986638929,0.38,0.547,1
"Churc1",0.846859296301281,-0.971491282886349,0.042,0.094,1
"Nubpl",0.846865460724965,0.329497421579002,0.07,0.094,1
"Actn4",0.846983919635343,-0.208571068855161,0.254,0.415,1
"Ndfip1",0.847058523043716,0.109179399508697,0.563,0.604,1
"Wdr76",0.847208476763463,0.188618676529985,0.155,0.245,1
"Dusp16",0.847220536314152,-0.342612913071917,0.042,0.057,1
"Ints10",0.847248944732209,0.318139717135032,0.085,0.113,1
"Cdc73",0.847315362665515,-0.320593650137675,0.296,0.434,1
"Ints15",0.847318768495909,0.804676411744054,0.028,0.038,1
"Dlst",0.847423234607297,-0.585995107383791,0.155,0.245,1
"Arel1",0.847468965078346,0.268999566043507,0.127,0.151,1
"Ppm1j",0.847478076875302,-0.755406273540278,0.028,0.075,1
"Sptlc1",0.847563216630472,-0.371514308762558,0.141,0.189,1
"Hivep3",0.847576311890685,0.403528412769906,0.338,0.358,1
"Tsga10",0.847638252858601,0.796723023494266,0.014,0.019,1
"Gm20342",0.847717483886706,1.34744568120274,0.042,0.038,1
"Mtmr1",0.847823218671512,-0.274851029889004,0.07,0.151,1
"Tgfbr3",0.847890358905695,0.10475144575719,0.141,0.208,1
"Mdm2",0.848015922998368,1.04207875586072,0.211,0.226,1
"Mapk1ip1l",0.848036485974375,0.296486022013975,0.282,0.264,1
"Gimap1",0.848151898781506,0.635225465981338,0.211,0.264,1
"Lats1",0.848199414931944,-0.233601250054207,0.127,0.264,1
"Orai2",0.848205421583911,-0.46859953080498,0.07,0.094,1
"1110004F10Rik",0.848369105831819,-0.666247525008642,0.127,0.208,1
"Mcf2l",0.848374088727609,2.11008673688505,0.014,0.019,1
"B2m",0.848455682003029,-0.234680640109049,0.451,0.566,1
"Abcf2",0.848465228414536,-0.833405455676398,0.085,0.113,1
"Zfp282",0.848482868162678,0.105705981597088,0.113,0.17,1
"Atxn3",0.848582701792501,1.31672502699736,0.056,0.075,1
"Gm20732",0.848681105492521,0.317546345366834,0.099,0.132,1
"Fsd1l",0.848759192059297,-0.839541199447848,0.099,0.189,1
"Zfp715",0.848826795292531,1.32876446696835,0.028,0.019,1
"Carm1",0.84893268612086,0.254657707570808,0.127,0.094,1
"Zbtb44",0.84893553668397,-0.472194303801957,0.085,0.17,1
"Nucb1",0.84895463163506,-0.551436676080648,0.225,0.34,1
"Cep162",0.84899930598876,-0.43978229400603,0.085,0.17,1
"Vamp3",0.849009563053392,-0.232409599130563,0.07,0.094,1
"Ndufa5",0.849123824674671,-0.446750182529142,0.056,0.113,1
"Nek9",0.849157365862368,-0.384275160625626,0.169,0.283,1
"Slc25a42",0.84921209877301,0.175415866327436,0.056,0.094,1
"Leprot",0.849363111478821,-1.37270617847857,0.028,0.113,1
"Tnp2",0.849373677505838,-0.690343004267906,0.028,0.038,1
"Mrpl13",0.84939060225585,-0.941466294716312,0.056,0.094,1
"Rcor1",0.849461139894132,0.181188689758064,0.296,0.396,1
"Phb2",0.849492391957281,0.598655752070564,0.085,0.132,1
"Inf2",0.849504968848113,1.25598385520752,0.07,0.057,1
"Capn15",0.849539316311976,0.439600015985548,0.085,0.151,1
"Metap1d",0.84954291900828,0.506727039939419,0.127,0.151,1
"Pycr2",0.849924641822504,-1.61084936294257,0.028,0.057,1
"Eloa",0.8502976842788,0.670671643378769,0.127,0.17,1
"Sfi1",0.850305499020595,-0.394882140066802,0.183,0.283,1
"S100a6",0.85032807033414,1.65426829451854,0.113,0.151,1
"Tctn3",0.850422548520832,0.258286362626895,0.014,0.038,1
"Dctpp1",0.850585694295262,-0.90771758175309,0.056,0.113,1
"Wbp2",0.8506056133425,0.348826886310396,0.042,0.038,1
"Taf12",0.850720463307021,-0.52060200720418,0.085,0.113,1
"Zmat3",0.850755877850489,-0.779238389075966,0.099,0.151,1
"Phf6",0.850964613672206,0.242313040082837,0.366,0.377,1
"1700113A16Rik",0.850999056118402,-0.174513342084297,0.028,0.057,1
"Creg1",0.851040029972004,-0.549606895814995,0.028,0.057,1
"Arhgdib",0.851074498204841,-0.366545766385459,0.352,0.434,1
"Rap1b",0.851192103107264,-0.313069331692683,0.296,0.415,1
"Flywch1",0.851454363395731,-0.805187608509561,0.028,0.057,1
"Ing3",0.851458650436113,0.918943743763254,0.028,0.057,1
"Arid3b",0.851481256304735,0.346729779427288,0.099,0.151,1
"Dimt1",0.851483365268309,0.540591116157963,0.099,0.094,1
"Gm6712",0.851517815488252,1.68589167695783,0.085,0.075,1
"Bub1b",0.851590868184567,-0.803119038669243,0.155,0.264,1
"Eny2",0.851597731806936,0.679873736923297,0.113,0.151,1
"Pigu",0.851754781798189,-0.181138984440049,0.113,0.208,1
"Pgm1",0.851764467055875,0.599343126425997,0.155,0.151,1
"Rbmx2",0.851834991034348,-1.83731108607093,0.028,0.057,1
"Pgap3",0.851853018393586,1.22330373477557,0.028,0.019,1
"Elk1",0.852020029697123,-0.695381198640079,0.014,0.038,1
"Wdr4",0.85208509533559,0.310643744694867,0.028,0.057,1
"Ccnb1",0.852161288488503,0.54201141731278,0.085,0.094,1
"Suds3",0.852197645077311,0.648515783703021,0.113,0.094,1
"Vps13d",0.852340042066979,0.168686299375027,0.282,0.283,1
"Gm15283",0.852412174295795,0.313117641894386,0.169,0.132,1
"Cyb5rl",0.852537976690587,0.772577095743505,0.028,0.019,1
"Tmem209",0.852657069685802,-0.24326182783372,0.155,0.226,1
"Tubg1",0.852722201159155,0.465015668049702,0.028,0.038,1
"Spg11",0.852783561900174,0.656662694358752,0.099,0.094,1
"Ube2l3",0.852808530297366,-0.327135378818042,0.254,0.377,1
"Rsph3a",0.852813146249515,0.791681695984855,0.014,0.019,1
"Itga5",0.853155651129937,-1.56240527513391,0.014,0.038,1
"Tkt",0.853268142890834,-0.49313332254731,0.211,0.283,1
"Pcbp3",0.853317376944495,0.526823496919542,0.042,0.057,1
"Cul4b",0.853318591448248,0.160669453650565,0.113,0.094,1
"Psmd12",0.853351965426252,0.319270818230207,0.141,0.226,1
"Zbtb49",0.853451770675011,-0.728755107840797,0.028,0.057,1
"Nop9",0.853531076746664,0.960874374633409,0.07,0.075,1
"Rtf1",0.853568454650036,-0.509521505062302,0.254,0.396,1
"Gm42658",0.85356900495629,-1.19422786069069,0.014,0.038,1
"Pde4c",0.853601182319745,-0.656385970628494,0.014,0.019,1
"Zfp975",0.853601182319745,0.627797086088012,0.014,0.019,1
"Rfx3",0.853629833860597,0.450010594129712,0.254,0.283,1
"Lysmd2",0.853652445281265,-0.287513699909871,0.014,0.038,1
"Rtp4",0.853743333757802,-0.256622964195841,0.028,0.075,1
"Marchf8",0.853795767320347,0.919906107485586,0.028,0.038,1
"Lmf1",0.853799866339735,-0.147785643013935,0.07,0.075,1
"Cotl1",0.853897296894696,-0.890188332860163,0.239,0.396,1
"4732471J01Rik",0.854025482046046,-1.30523717033985,0.028,0.038,1
"Akr1b3",0.854026356345972,-0.528485933025077,0.028,0.075,1
"Wdr19",0.854077443594446,0.20970477395775,0.014,0.019,1
"Cisd3",0.854195077326387,-0.161750419813787,0.042,0.057,1
"Sestd1",0.854303704557973,0.75130626032396,0.028,0.038,1
"Ergic3",0.854489774989493,-0.651758298251491,0.028,0.038,1
"Anxa11",0.854571502726953,0.564153146335455,0.042,0.094,1
"Arhgef18",0.854809343031852,0.231277241495915,0.239,0.34,1
"Gen1",0.854822770841631,0.150820224776306,0.099,0.17,1
"Nfkbid",0.854836227938488,0.89475977885381,0.085,0.094,1
"Lrba",0.85496287902109,-0.388868300076104,0.408,0.528,1
"AA386476",0.855094520478168,0.893322819932596,0.028,0.038,1
"Marchf3",0.85510961649643,-0.159445732461157,0.056,0.075,1
"1110059E24Rik",0.855166640661724,-0.175811191986605,0.197,0.226,1
"Rbmx",0.855207809595775,-0.419336430992116,0.141,0.226,1
"Litaf",0.855221737886581,-0.636608679081403,0.028,0.075,1
"4933434E20Rik",0.855277691116289,-0.777467489319906,0.127,0.208,1
"Odf2l",0.855442600871869,-0.376653399678487,0.056,0.132,1
"Ndufb10",0.855445438558537,-1.01022653908837,0.042,0.132,1
"Bnip3",0.855616248712942,-0.576306181663268,0.07,0.17,1
"Psmc3",0.855686983562782,-0.30554022577394,0.099,0.151,1
"Gpld1",0.855725458566113,-1.32681066529505,0.028,0.038,1
"Ppm1g",0.855799609664368,0.34608991357197,0.211,0.264,1
"Gm50013",0.855906822654876,0.724378695834131,0.113,0.075,1
"Slc25a24",0.856134109528367,-0.318632302367599,0.042,0.094,1
"Cd160",0.856157378177483,1.5694772680001,0.014,0.038,1
"Eci2",0.856219568174642,-0.419232289310108,0.028,0.075,1
"Usp5",0.856255808410634,0.100560293139913,0.085,0.132,1
"Trnt1",0.856285418936158,0.777670708988288,0.127,0.132,1
"Rxrb",0.856562854900412,0.216269741169932,0.042,0.038,1
"Hcfc1r1",0.856714917784453,0.796373437860717,0.014,0.019,1
"Saraf",0.856726373454307,-0.612103657514534,0.07,0.132,1
"Larp1",0.856779374393731,0.154351301404885,0.563,0.679,1
"Nr6a1",0.85690064542703,0.919821471372157,0.113,0.151,1
"Slc44a2",0.856911505493782,-0.208331908868768,0.296,0.415,1
"Pik3c3",0.857087917993458,1.33666092715777,0.085,0.075,1
"Ccl25",0.857114532792573,-0.734020577902851,0.113,0.245,1
"Arf6",0.857231078594442,-0.762455790895044,0.085,0.189,1
"Cops9",0.857300717188668,-0.136619281514097,0.127,0.208,1
"Prmt9",0.857446064191794,2.44661248175652,0.042,0.038,1
"Apool",0.857472590764115,0.609784323495079,0.056,0.075,1
"Tomm5",0.857618071438719,-0.794345657450045,0.07,0.132,1
"Ppp4r1l-ps",0.857624198054582,-1.51397951084209,0.056,0.113,1
"Gm32856",0.857655364266417,0.52996886764139,0.028,0.038,1
"Itsn1",0.857694692082304,0.161066772639558,0.042,0.057,1
"Mat2a",0.857770160902727,0.157591690762491,0.338,0.434,1
"Cep20",0.857838372951639,0.32895158710488,0.113,0.226,1
"Sh3glb1",0.857854281480554,0.149775882251353,0.352,0.396,1
"Gm52870",0.857862008128168,0.276172990608445,0.056,0.075,1
"Kdm2b",0.857905753201887,-0.454477777540285,0.183,0.264,1
"Rps10",0.85793866362622,-0.452238701718422,0.394,0.547,1
"Thoc5",0.858027909951574,0.179565819107121,0.07,0.094,1
"Smu1",0.858093368517938,0.29410683915753,0.099,0.151,1
"Dtnb",0.858189314430374,0.1059375961342,0.31,0.358,1
"Ppp1r14b",0.858440360796166,0.218371742326058,0.183,0.226,1
"Mier1",0.858479876929031,0.225472096579109,0.493,0.547,1
"Nsrp1",0.858543484276989,-0.399556183945628,0.197,0.264,1
"Dnajb12",0.858570926747322,1.50731425411255,0.056,0.075,1
"Mospd2",0.858600067742884,0.498923081360786,0.056,0.057,1
"Nsf",0.85862612637062,-0.555667060753823,0.197,0.34,1
"Lrrc41",0.858655166908697,-0.955493511687926,0.042,0.094,1
"4833420G17Rik",0.858718340317473,-0.800119874304335,0.127,0.208,1
"Gm4876",0.858729774281191,-1.30127967729152,0.028,0.057,1
"Vma21",0.858776823877761,-0.984731191805588,0.056,0.113,1
"Vav2",0.858864524016127,1.11717158195694,0.056,0.057,1
"Abhd10",0.85907758472968,0.48643439913054,0.085,0.094,1
"Snrnp40",0.859168300307773,-0.463632164495507,0.169,0.208,1
"Snx11",0.859250153476878,1.5613307884509,0.07,0.038,1
"Comt",0.859428442219227,0.366672247846035,0.085,0.094,1
"Mapk7",0.859666519414546,0.22373535221866,0.028,0.019,1
"Mesd",0.859690412132985,-0.830871519274216,0.028,0.057,1
"Whrn",0.859700757689042,1.06476829131137,0.028,0.038,1
"Rpgrip1",0.859763799597157,0.835632625434846,0.028,0.057,1
"Cdc7",0.859766040803867,-0.611871494196325,0.141,0.189,1
"Ppil4",0.859952364408364,0.283042528460042,0.155,0.208,1
"Myl12a",0.86009343916078,-0.441575490528788,0.155,0.208,1
"Ndrg2",0.860160467798236,1.27829726929701,0.014,0.038,1
"Gm35113",0.860182988898298,0.13228688959641,0.028,0.038,1
"Tcea1",0.860645792154253,0.328548440908723,0.239,0.34,1
"Akt1",0.860743024041543,0.314059217496896,0.085,0.094,1
"Tprn",0.860763794228804,-0.393877260255533,0.014,0.019,1
"Dpf2",0.860769527330843,0.524458674186534,0.07,0.113,1
"Nsl1",0.860841297163915,-0.449003507667915,0.056,0.094,1
"Tfdp1",0.860901212405621,0.305648489537411,0.282,0.34,1
"Abitram",0.860930904941557,0.801202954371486,0.028,0.057,1
"Glipr1",0.861008922801509,0.602589742764816,0.127,0.151,1
"Cfl1",0.861061554500481,-0.69881805189996,0.366,0.528,1
"Rtca",0.861420247653126,0.593761029857097,0.056,0.057,1
"Lyrm1",0.861457228252158,1.35194035154627,0.113,0.132,1
"Ccdc106",0.861561406032216,1.60971242939835,0.014,0.019,1
"Haspin",0.861708427860006,-0.148097238312293,0.099,0.132,1
"Pcyt2",0.861713803994218,0.335066679257903,0.127,0.151,1
"E2f1",0.861758111818461,-1.0779451991767,0.056,0.132,1
"Rbm8a",0.861768066784452,0.453210665272655,0.183,0.226,1
"Atp6v1d",0.861848538050759,1.05088268372148,0.099,0.151,1
"Chchd7",0.861929619534297,-1.38363286941483,0.028,0.038,1
"Gm19605",0.861936621379952,1.21308416773976,0.056,0.057,1
"Washc1",0.861973123580727,0.596798042522397,0.042,0.038,1
"Pcsk7",0.861973266952841,0.115519979438903,0.085,0.113,1
"Stx17",0.862219948918395,-0.180991683382105,0.127,0.17,1
"Zswim6",0.862227771714472,0.568622510598314,0.296,0.321,1
"Cd2bp2",0.862239263812661,-0.174821299658854,0.07,0.132,1
"4933412E12Rik",0.862287073023613,-0.451452027040306,0.028,0.075,1
"Grk6",0.862333289335193,-0.771918310530339,0.197,0.34,1
"Usp31",0.862514929104812,-0.673637966458012,0.099,0.189,1
"Ddx60",0.862534212127818,-1.11106327231955,0.042,0.113,1
"Polh",0.862598869280932,-0.217792332132537,0.141,0.17,1
"Parp14",0.862647716848899,0.163638681495085,0.31,0.377,1
"Sema4a",0.862714886067531,-0.725497828706311,0.085,0.151,1
"Dse",0.862758438370181,0.884973801834816,0.028,0.057,1
"Cited2",0.862827286574751,-0.494987952998339,0.042,0.094,1
"Gm9887",0.862912276810448,1.76859464980807,0.028,0.019,1
"Lsg1",0.862926896615059,0.573815152011291,0.141,0.17,1
"Snu13",0.862977127505579,-0.10975726653447,0.141,0.189,1
"Trbc1",0.863077744276257,-0.427295034766824,0.183,0.321,1
"Hcfc1",0.863113893905095,-1.12914592228817,0.113,0.151,1
"Srgn",0.863126318131294,-0.268450864299895,0.169,0.245,1
"Ccdc12",0.863150450383544,-0.117283775074767,0.254,0.358,1
"Pbk",0.863204672446961,-1.28470308998301,0.028,0.113,1
"Chchd1",0.863227011301374,-0.243347181305719,0.113,0.189,1
"Arfip1",0.863243461392622,-0.292256331001726,0.07,0.17,1
"Dnmt1",0.863247740390816,-0.176523241279797,0.352,0.472,1
"Klhl2",0.863301324495112,-0.476957121102822,0.155,0.208,1
"Dtnbp1",0.863348650894197,0.425792807004044,0.155,0.226,1
"Ubash3b",0.863365302303106,-0.618622930205234,0.127,0.17,1
"Ppif",0.863383520335029,-1.10713761460967,0.028,0.057,1
"Ppp1cb",0.863435121459116,-0.357996192858813,0.211,0.34,1
"Dmtf1",0.863667976836745,0.529889554772806,0.254,0.283,1
"Mxd1",0.863738291928123,-0.552389001778367,0.028,0.057,1
"Tab3",0.863797232960176,-0.322062269180669,0.099,0.189,1
"Cdca2",0.863837593051674,0.519492573618865,0.225,0.245,1
"Or2v1",0.863877377981876,0.312831312513258,0.07,0.075,1
"Cul4a",0.863888211311359,-0.329857662160761,0.141,0.226,1
"Rassf3",0.86406451710165,-0.171502663139279,0.085,0.151,1
"Slk",0.86407631865906,0.431472042687353,0.225,0.226,1
"Pacc1",0.864090267907701,1.27221170095012,0.028,0.038,1
"Gm20559",0.864146298011693,1.50326296030711,0.113,0.075,1
"Prepl",0.864199938227108,-1.34098059837112,0.014,0.019,1
"Psmb1",0.86453918845499,-0.462369637025106,0.211,0.34,1
"Ppp3r1",0.864582555595074,-1.61244573901363,0.056,0.113,1
"Agk",0.864713212452436,-0.196742361504573,0.183,0.264,1
"Rnf38",0.864749397972689,0.572931829391518,0.183,0.189,1
"Gtf3a",0.864808363907076,-0.401310276559015,0.028,0.057,1
"Fbxl12",0.864833143881734,0.228094468038969,0.056,0.113,1
"Ecsit",0.864959185645711,-0.134349761615928,0.042,0.057,1
"Slc26a2",0.864997723416376,1.66567807744734,0.014,0.019,1
"Cdc37l1",0.864999780973522,-0.159072024518122,0.211,0.321,1
"Ccnt2",0.865108050627184,0.275940728059801,0.211,0.264,1
"Prdm1",0.865181817496238,0.28731719440132,0.056,0.075,1
"1700052K11Rik",0.865255528029661,2.22017991610913,0.014,0.019,1
"Chd2",0.865376167556204,0.21789104983783,0.521,0.547,1
"Snhg20",0.865504187178856,0.620001531728495,0.042,0.113,1
"Sec16a",0.865565406003223,0.232978374924133,0.141,0.189,1
"Bivm",0.865565669002465,-0.469368346867857,0.028,0.038,1
"Zfp110",0.865574530581143,-0.545132838842075,0.085,0.113,1
"Ppig",0.865815044470096,-0.737364213360474,0.225,0.396,1
"Bcat1",0.865853301276235,0.815994791637168,0.155,0.151,1
"Bdh1",0.865863199424695,-0.528452404446637,0.028,0.057,1
"Fbxw4",0.86588201413532,1.21787656571486,0.113,0.132,1
"Cep192",0.865886402518222,-0.325084505206458,0.31,0.396,1
"Ypel5",0.865999146978589,-0.290095801499012,0.028,0.057,1
"Phkb",0.866007639930805,0.323976065675386,0.254,0.34,1
"Gm57084",0.86604564099613,-0.778116815899459,0.014,0.019,1
"Nsun5",0.866073393640707,-0.807378903653616,0.028,0.057,1
"Osgep",0.866103752488338,-1.46658538257627,0.028,0.075,1
"Smpd4",0.866130363535412,-0.837138286851089,0.042,0.075,1
"Rnf213",0.866159980662199,-0.330831772574684,0.239,0.377,1
"Etfdh",0.866196309599946,0.988525727600106,0.07,0.075,1
"Mybl2",0.86628079508214,-0.502841064690663,0.113,0.151,1
"Acaa1a",0.866288777964873,-0.779754463772733,0.014,0.019,1
"Cdc42bpb",0.86632475447273,1.4933514278101,0.028,0.019,1
"Clnk",0.866471138492965,-0.133732984648925,0.014,0.019,1
"Fli1",0.866534291217246,0.245095765186272,0.676,0.717,1
"St8sia1",0.866775256972627,0.50038768028576,0.211,0.245,1
"Nol7",0.866872434132815,-0.681326616986965,0.141,0.245,1
"Synrg",0.866880365495573,-0.127957659070243,0.197,0.245,1
"Fkbp2",0.866882474542483,1.06498734159441,0.056,0.094,1
"Oxa1l",0.866966872378464,0.779485515527115,0.085,0.094,1
"Rpl7",0.867022619132434,-0.414719903378209,0.423,0.547,1
"Pogz",0.867199002735852,0.686724742430447,0.141,0.132,1
"Sec11c",0.867208742574672,-1.01749813987077,0.085,0.17,1
"Mttp",0.867389265032722,0.187994063829463,0.014,0.038,1
"Cmc2",0.867693808386993,0.419557763854466,0.042,0.057,1
"Spryd7",0.867788324429746,-0.708734511577993,0.042,0.075,1
"Map7",0.867865389117669,-0.649826622740416,0.056,0.132,1
"Cab39l",0.867881499468741,0.556565248230376,0.169,0.189,1
"Pgls",0.867937499436395,0.929846687705893,0.07,0.075,1
"Aurkaip1",0.867945241761151,-0.943048374920673,0.07,0.151,1
"Epb41l4aos",0.868056826764702,0.999147452818197,0.07,0.094,1
"5730480H06Rik",0.868057155556561,0.296560877264799,0.07,0.057,1
"Klhl15",0.868085142085494,-0.402936050365269,0.042,0.094,1
"Prpf6",0.868194061432614,0.361767074374124,0.141,0.226,1
"Dcaf1",0.868260223329325,0.401784016444674,0.268,0.34,1
"Bet1l",0.868354211512509,0.394037177698345,0.028,0.057,1
"Tgfbr2",0.868409919412631,0.462777730911611,0.38,0.434,1
"Exosc8",0.868463925950164,0.741390820782323,0.07,0.113,1
"Skic8",0.868766506183635,-0.283521151221934,0.085,0.151,1
"Mapk8ip3",0.868860443292675,0.748591366136064,0.254,0.264,1
"D630008O14Rik",0.868880971921036,-0.137008572800638,0.028,0.019,1
"Cdca5",0.868940250773744,0.112519120227911,0.042,0.057,1
"Ifit2",0.868964838099962,-2.33389414213889,0.042,0.094,1
"Mul1",0.869048731702488,0.286053221945292,0.014,0.019,1
"Rhog",0.869052165982292,-0.297882581734898,0.042,0.094,1
"Rnf187",0.869126558375973,-0.323146554344251,0.085,0.132,1
"Cip2a",0.869137110247873,-0.63263488623465,0.127,0.245,1
"Cryzl1",0.869182573097893,-0.861978301099567,0.028,0.075,1
"Tmem59",0.869228645337322,0.154784150113601,0.056,0.075,1
"Rinl",0.86925956887854,0.460159065493557,0.366,0.415,1
"Tm7sf2",0.869294288596268,0.287690869818566,0.014,0.019,1
"Zc3h10",0.869294288596268,0.287690869818566,0.014,0.019,1
"Platr25",0.869300820711078,-0.468361384363261,0.07,0.17,1
"Arl1",0.869309122250573,-1.01022023764037,0.042,0.094,1
"Hdhd2",0.869339350109057,-0.377003218877616,0.113,0.151,1
"Gm56700",0.869389815158394,-0.177756832621982,0.014,0.019,1
"Rec114",0.869698075079958,0.173834864403047,0.042,0.057,1
"Wdfy1",0.869746167344625,0.39229443062055,0.169,0.17,1
"Ubtf",0.869747950342347,-0.275287157609826,0.183,0.302,1
"Cenpb",0.869834919470923,-1.94622975284689,0.028,0.075,1
"Sytl2",0.869889029757646,0.478264094648685,0.254,0.226,1
"Gm56791",0.870030989609969,0.534407825602015,0.014,0.019,1
"Polr1has",0.870030989609969,0.534407825602015,0.014,0.019,1
"Oard1",0.870087596902921,0.563167762727429,0.042,0.038,1
"Akr1c18",0.87023274597834,0.172905536457308,0.014,0.038,1
"Edc4",0.870374191171432,-1.04205655198831,0.028,0.057,1
"Enpp4",0.870466977225836,0.232927137157743,0.028,0.057,1
"Aldh7a1",0.870640197994582,1.31602360079832,0.028,0.019,1
"Mrps27",0.870727081811881,0.730445131821091,0.085,0.075,1
"Prcc",0.870781472836866,0.464574731811847,0.113,0.17,1
"Taf11",0.870831966580454,0.564851347157678,0.056,0.075,1
"Ing5",0.870983377782844,-1.28076329119751,0.056,0.075,1
"Rbm34",0.871053793707779,0.752744518993492,0.141,0.113,1
"Agtpbp1",0.871142043452162,0.437868981578346,0.197,0.226,1
"Ufd1",0.871196241867324,0.772391367734261,0.113,0.17,1
"Agpat3",0.871206183284967,0.209974096877488,0.268,0.34,1
"Spc25",0.871334330607129,0.557881203132479,0.127,0.151,1
"Prkd2",0.871470797787292,0.365366312387618,0.211,0.264,1
"Ube2i",0.871477258487555,-0.671042993021387,0.211,0.358,1
"Ncoa4",0.871588625165645,-0.271806742386338,0.056,0.094,1
"Plac8",0.871631962584443,-0.265585858925583,0.085,0.113,1
"C1galt1",0.871728176627773,-0.57679262737551,0.141,0.226,1
"Insig2",0.871744338338624,-0.806191918011784,0.042,0.094,1
"Wdr47",0.871828642237833,-2.0698588361951,0.028,0.075,1
"Mrps24",0.871933493028386,0.469672908437654,0.056,0.094,1
"Exoc7",0.871987577458788,0.115352334887305,0.056,0.075,1
"Rxylt1",0.871988038781415,-0.2534910308687,0.085,0.151,1
"Ttc3",0.871999141270964,0.296583433925933,0.155,0.264,1
"Klk8",0.872054890704356,0.345806888282601,0.042,0.057,1
"Khdrbs1",0.872063145104002,0.139562173333156,0.352,0.491,1
"Fanci",0.87225581478482,-0.120306530257887,0.056,0.094,1
"Cilk1",0.872261880199673,-0.256399413997352,0.056,0.094,1
"Ubc",0.872373489707869,0.584809372639059,0.268,0.283,1
"Celsr1",0.872521636363361,1.45760754434739,0.127,0.094,1
"Gm4316",0.872609819774764,-0.429799257620873,0.014,0.019,1
"Pgd",0.872636485602714,-0.356375526051553,0.07,0.17,1
"Gm614",0.872756329765666,-1.61871900349936,0.042,0.038,1
"Tbl1x",0.873069815264666,0.196980081994554,0.423,0.566,1
"Ipo11",0.873096556857677,0.327439988013498,0.338,0.377,1
"Dph3",0.873156008022221,0.432536833307757,0.042,0.094,1
"Orc3",0.873235051782197,0.491851992404126,0.225,0.264,1
"Bloc1s5",0.873470722180046,-0.947909040154436,0.014,0.038,1
"Rps11",0.873471503854343,-0.283833817828893,0.394,0.547,1
"Fbxo3",0.873488457733326,0.469614208392639,0.07,0.151,1
"mt-Nd1",0.873554192046084,-0.140033528881617,0.761,0.774,1
"Nudt2",0.873626724748828,-0.95936233927187,0.028,0.057,1
"Igfals",0.873710167158025,-0.72259604107298,0.014,0.019,1
"Npas2",0.873842330364225,-0.155407250143792,0.056,0.132,1
"Cog3",0.874031880144925,0.201028308125764,0.155,0.245,1
"Phyhd1",0.874108516770588,-2.21828851742528,0.014,0.038,1
"Togaram1",0.87435289061433,-0.158094152499779,0.169,0.245,1
"Cdh24",0.874379856041357,-0.822213357245919,0.014,0.019,1
"Rfx5",0.874379856041357,-0.822213357245919,0.014,0.019,1
"Rcc2",0.874463569655964,-0.10514451711791,0.225,0.358,1
"Nhp2",0.874514046628346,0.277329193954499,0.127,0.132,1
"Tomm6",0.874753557550936,-1.03143783497408,0.056,0.151,1
"Brip1",0.874774664261484,-0.3606393072554,0.254,0.358,1
"Cerk",0.874785043564353,-0.445497063665578,0.028,0.057,1
"Noa1",0.874826468229772,-0.491897127488174,0.056,0.075,1
"Cdca3",0.87486634375496,-1.84874469052305,0.085,0.17,1
"Pla2g6",0.875075048474507,-1.25270035249702,0.028,0.075,1
"Gm42722",0.87512786176973,-1.89115016753399,0.014,0.019,1
"Eif4g1",0.875175441668141,0.270202952376602,0.366,0.453,1
"Pi4ka",0.875261787844178,-0.71242443805865,0.155,0.226,1
"Snrpd3",0.875381384031214,-0.255959676986372,0.197,0.302,1
"Prkcd",0.875491001075254,-0.337320198875953,0.056,0.113,1
"Rskr",0.875557836546104,0.961051806255672,0.014,0.019,1
"Trmo",0.875557836546104,0.961051806255672,0.014,0.019,1
"Pacs1",0.875559469126396,-0.505900868217065,0.169,0.283,1
"Pomp",0.875626193604556,-1.0015015554529,0.099,0.189,1
"Ablim1",0.875675903850423,0.22460917601423,0.634,0.717,1
"Extl2",0.875683199583453,0.558341486893411,0.028,0.038,1
"Nisch",0.875690020364691,0.135801716906833,0.211,0.245,1
"Ift52",0.875738396780208,-1.18681835887392,0.07,0.151,1
"Psmd14",0.875821304985848,-0.348404776756224,0.324,0.434,1
"Hspa4l",0.875838124133398,0.230820303208507,0.113,0.151,1
"Dennd5a",0.875886058140599,0.221432205985369,0.211,0.264,1
"Haus6",0.875904228607684,-0.256253417987769,0.211,0.264,1
"Dhx38",0.875997079367785,-0.810099946717922,0.07,0.132,1
"Rabgef1",0.876116743935695,0.294765169714833,0.155,0.189,1
"Adipor2",0.876141781821418,0.207423543378865,0.197,0.245,1
"Cnr2",0.876210585332425,-0.404103282512439,0.042,0.057,1
"B4galnt1",0.876307490528115,-0.587759436469119,0.141,0.208,1
"Gm28875",0.876326516358472,0.167426277966622,0.028,0.038,1
"Emc7",0.876572976672857,0.470428983746671,0.085,0.132,1
"Pip4p2",0.8767460304259,1.98724745171619,0.028,0.038,1
"Anapc5",0.876750450771201,0.179193355531613,0.254,0.302,1
"Gm4841",0.876770204379796,0.217494834443162,0.042,0.038,1
"Dars",0.876783966202392,0.287883449121833,0.268,0.302,1
"Tmem186",0.876809844764604,1.26700184823007,0.014,0.038,1
"Haus4",0.876900501516897,0.10351229189107,0.085,0.151,1
"Arhgap27os3",0.876939745124328,-0.229565443365599,0.056,0.094,1
"Cinp",0.877011682855829,1.18950456245517,0.085,0.075,1
"Slc3a2",0.877132848897978,0.357804749899328,0.254,0.226,1
"Zfp362",0.877143264416659,0.259058556335025,0.056,0.075,1
"Ppa2",0.877308947937265,-0.599253934631587,0.07,0.151,1
"Efcab14",0.877431227205901,0.381087944000481,0.141,0.189,1
"Xpc",0.877569817690639,0.517075280763605,0.085,0.113,1
"Plekhj1",0.877576653394721,0.440122423090113,0.028,0.094,1
"Atpsckmt",0.877601652065507,1.70962959555271,0.07,0.057,1
"Ssx2ip",0.877672129685448,-0.973648919463658,0.014,0.038,1
"Nkg7",0.87772281843195,1.01085874497316,0.07,0.094,1
"Chchd3",0.877771547146776,-0.10814174599506,0.62,0.736,1
"Mpp7",0.877781638823665,-0.27469480452942,0.07,0.113,1
"Zpr1",0.877823130000418,-1.75856242468713,0.042,0.075,1
"Nop14",0.877836711949837,0.790839450454097,0.183,0.189,1
"Dcp2",0.877905939560594,0.339743934613758,0.282,0.302,1
"Tgoln1",0.877934031287386,-0.477113206241458,0.141,0.208,1
"Gm46218",0.878000168205262,0.578146343844092,0.028,0.019,1
"Nr4a2",0.87805666393307,0.904989918569255,0.028,0.019,1
"2810036E18Rik",0.878095267028446,1.22532573568637,0.014,0.019,1
"Abcd3",0.87819119160469,-0.117441942381362,0.028,0.038,1
"Pus7",0.878192573888046,0.760908413573733,0.141,0.132,1
"Lsp1",0.878196172257623,-0.331164802728512,0.169,0.245,1
"Snx17",0.878217256660594,-0.564726937386715,0.042,0.094,1
"Zfp994",0.878228158176846,1.23727170661235,0.07,0.057,1
"Creb3l2",0.878315846351911,-0.422937360783605,0.028,0.057,1
"Ehbp1l1",0.878322921562181,0.116946927663753,0.085,0.094,1
"Actr3",0.878383050012074,-0.156246959592207,0.563,0.698,1
"Ahctf1",0.878418717479709,0.332181721031038,0.31,0.321,1
"Tmem160",0.878422656538449,-0.285297153900224,0.042,0.075,1
"B630019A10Rik",0.878483921142306,-0.775687459170209,0.014,0.038,1
"Sik2",0.878524826344048,0.254764166817168,0.296,0.377,1
"Prdx2",0.878587522243846,0.902643813897927,0.042,0.038,1
"Lamtor3",0.878705919712068,1.4867495903913,0.085,0.075,1
"Dcun1d1",0.87876155560093,-0.200296822028676,0.183,0.245,1
"Pgs1",0.878984317200986,-0.599167820318053,0.085,0.151,1
"Runx3",0.879001668031269,0.568324570744652,0.437,0.472,1
"Zmym5",0.879003475604827,-0.475977220099141,0.07,0.151,1
"Tbc1d4",0.8790271073993,1.03801046987296,0.056,0.057,1
"Gm7160",0.879108878628931,1.88583229489837,0.056,0.038,1
"Adcy7",0.879128018493053,0.489263048708844,0.239,0.264,1
"Gm28610",0.879192172031056,-0.650183200557171,0.014,0.019,1
"Nap1l1",0.879241776637972,-0.333014540461305,0.366,0.472,1
"Uimc1",0.879278857726924,-0.487580172807163,0.211,0.34,1
"Tcta",0.879305640090107,0.266823367929585,0.014,0.019,1
"Nampt",0.879374719335038,-0.214612140415817,0.239,0.415,1
"Rab11fip1",0.879479482710117,-0.44705654744659,0.028,0.057,1
"Stag3",0.879502138636948,-2.69658984457296,0.014,0.038,1
"D3Ertd751e",0.879543565560743,-0.636589675654568,0.028,0.057,1
"Asph",0.879683253762923,1.1011399917009,0.028,0.038,1
"Gps2",0.879751861804134,-0.798721650759953,0.056,0.113,1
"Mob3c",0.879801675092512,1.03130117560839,0.014,0.019,1
"Wwp1",0.879973969920501,0.382668715184499,0.197,0.283,1
"Hpcal1",0.88004374394599,0.357078524565301,0.183,0.189,1
"Serinc1",0.880183949068748,-1.30975802447532,0.056,0.113,1
"Gtf2h1",0.880205363391833,-0.51173067662308,0.197,0.226,1
"Slc15a1",0.880253500021323,0.880002541612951,0.014,0.038,1
"Gtpbp4",0.880327268151327,0.361925864627622,0.225,0.264,1
"Ube2h",0.880447313812811,0.258198644908845,0.268,0.321,1
"Prmt7",0.880507537260655,0.432644072815995,0.113,0.17,1
"Ep400",0.880568753780709,0.262529203792694,0.394,0.453,1
"Smim26",0.880575799993263,-1.77048068312641,0.014,0.038,1
"Dad1",0.880744843796532,0.17618694754411,0.099,0.094,1
"Ptprs",0.880799719178143,-0.20541706387351,0.113,0.17,1
"Xpo5",0.880838763246605,-0.201365727151709,0.099,0.132,1
"Rbbp8",0.880953749832545,0.1459727450958,0.324,0.34,1
"Nmt2",0.88104692683227,0.234434516655887,0.169,0.283,1
"Lsm12",0.881048778952759,0.434227780105235,0.183,0.245,1
"Nsun3",0.881237656118685,-0.308185893928738,0.07,0.057,1
"Spryd4",0.881447736758653,-0.262169517718511,0.014,0.019,1
"Oxr1",0.881541016016328,0.135692574341939,0.155,0.208,1
"Zfp267",0.881641208509263,0.279371325267087,0.014,0.019,1
"Vps35l",0.8816850161477,-1.08442976529484,0.099,0.17,1
"Abca3",0.881936918804813,-0.736237522933787,0.042,0.075,1
"Vipas39",0.882252884989724,-0.478139137697767,0.042,0.075,1
"Wdr77",0.882305955105554,1.66341090172939,0.028,0.057,1
"Ebp",0.882315857843756,-1.08795671006188,0.028,0.038,1
"Psma7",0.882341313309619,-0.330663818063056,0.197,0.34,1
"Gng5c",0.882362473774964,-0.657185800167215,0.014,0.019,1
"Ifih1",0.882371499854741,-0.379180495046026,0.099,0.151,1
"Kiz",0.882371712712079,-0.412028651892896,0.085,0.113,1
"Aarsd1",0.88238741234486,-0.525225482612989,0.056,0.094,1
"Cops2",0.882463128836265,0.810437436754409,0.155,0.189,1
"4930405A21Rik",0.882484452842895,0.306373382651514,0.014,0.019,1
"Rnaseh2c",0.882484824355683,-2.59391786146394,0.014,0.038,1
"Acot8",0.882485556209393,-0.606547488905034,0.028,0.057,1
"Fbxo17",0.882575322494651,0.313800104956855,0.155,0.226,1
"Pwwp3a",0.882591112702254,-1.03067749974374,0.099,0.189,1
"Rbm33",0.882623605309706,0.372769032169689,0.437,0.491,1
"Ddx49",0.882661319190792,-0.64476949091953,0.07,0.094,1
"Klhl8",0.882682415261144,1.44086240097469,0.028,0.019,1
"Wdr81",0.882682415261144,1.00562362757299,0.028,0.019,1
"Mau2",0.882792293007716,-0.721057318433467,0.141,0.226,1
"Oaz1",0.882947262297825,0.221323220755252,0.296,0.34,1
"Pygb",0.882956249534294,0.593688602502284,0.127,0.132,1
"Eprs",0.882979808327461,0.212664530721348,0.338,0.377,1
"Ern1",0.883034790362994,0.235008150350026,0.099,0.113,1
"Ska3",0.883121052745065,-0.3141255178447,0.07,0.094,1
"Sucla2",0.88313972776085,-0.561505395454536,0.056,0.075,1
"Fgfr1op2",0.883152188450567,-0.611607474102048,0.225,0.283,1
"Nap1l4",0.883158324777837,-0.212784243057743,0.239,0.321,1
"Supt7l",0.883171590999665,-1.41214568665747,0.028,0.075,1
"Ift172",0.883417788872857,-0.244465530955545,0.042,0.057,1
"Fyb",0.883427285839741,0.177224882008208,0.592,0.642,1
"Spata5l1",0.883438998169977,-1.02182914976671,0.028,0.057,1
"Clns1a",0.883509076432491,-0.244189214328759,0.127,0.151,1
"Smg9",0.88351421286046,-0.857478509719197,0.028,0.038,1
"Ly6c1",0.883547090491395,0.627746248889425,0.014,0.019,1
"Nudt18",0.883547090491395,0.627746248889425,0.014,0.019,1
"Pex13",0.883630930397525,-0.86819141988359,0.028,0.057,1
"Chd3",0.883724228805205,-0.747253198200863,0.239,0.377,1
"Itpk1",0.883766890313204,0.619404955815205,0.169,0.17,1
"Ggta1",0.883880723990836,0.278339038438495,0.183,0.208,1
"Reep3",0.883885372127785,-0.411300147709078,0.155,0.283,1
"Arfgap1",0.883956673529596,0.407818133615977,0.056,0.132,1
"Slmap",0.884044978947788,0.109016906807333,0.394,0.472,1
"Ccdc34",0.884211558884144,-0.443762354551381,0.113,0.226,1
"Nup160",0.884306448910403,-0.898637001971454,0.197,0.321,1
"Hnrnph3",0.884332801809512,-0.636040759722834,0.141,0.264,1
"Lamtor1",0.884360266201709,0.568155471660288,0.113,0.151,1
"Rpl32",0.88445102451532,-0.508560788957066,0.465,0.604,1
"Cops8",0.884580360705448,-0.417172270696836,0.056,0.113,1
"Trub2",0.884733251364348,1.56794873237348,0.056,0.057,1
"Rybp",0.884749065068382,0.651198222600894,0.141,0.189,1
"1190005I06Rik",0.884836027404233,0.309525666399973,0.014,0.038,1
"Tomm20",0.884841614655486,-0.371477921035569,0.225,0.264,1
"Ncbp3",0.884930737732601,0.11141571073778,0.254,0.264,1
"Ndufb9",0.884957607287633,-0.580477229258699,0.127,0.17,1
"Nek4",0.884989889078717,0.737995636744862,0.028,0.019,1
"Rnf40",0.885038216333256,-0.25793232260154,0.028,0.057,1
"Borcs7",0.88504310425379,-1.8845563647035,0.028,0.057,1
"Fbxl5",0.885058123499217,-0.155522107771988,0.183,0.208,1
"Tnip2",0.885354974969236,-0.610339519613877,0.028,0.075,1
"Exd2",0.885412221071862,-2.21239185508531,0.028,0.075,1
"Mks1",0.885495898712384,-0.141522487547116,0.028,0.019,1
"Otulinl",0.885524939690571,-0.475808065003618,0.169,0.226,1
"Cnksr3",0.885811198452563,0.500878909218809,0.056,0.075,1
"Pcid2",0.885822541989804,0.493452141586919,0.099,0.132,1
"Gm45871",0.88583313443743,1.01987462597675,0.028,0.019,1
"Polr3h",0.885865652112288,0.131161232663116,0.07,0.094,1
"Gimap5",0.88587523718264,-0.857735291025594,0.085,0.17,1
"Rps6kb2",0.885976734968405,1.02690428857964,0.028,0.057,1
"1500004A13Rik",0.886068601920052,-1.49042929397285,0.014,0.019,1
"Cobll1",0.886191333532784,-0.172397333762447,0.197,0.321,1
"Gm20186",0.886359588881721,0.652544468460683,0.085,0.094,1
"Acad10",0.886419053720252,1.21762281920455,0.028,0.038,1
"Vwa8",0.886552394917953,0.333575529254335,0.282,0.377,1
"Atg7",0.886554899037897,0.199335375766902,0.127,0.189,1
"Ddost",0.886647071883158,-0.906725078119027,0.099,0.17,1
"Nit1",0.886695793213823,0.251045568881127,0.028,0.038,1
"Ccm2",0.886802094531979,-0.535791271193,0.225,0.377,1
"Chd1l",0.887051430755472,1.13066619002013,0.099,0.132,1
"Adar",0.887060955663649,-0.152307761318606,0.239,0.245,1
"Cs",0.887083501326662,-0.17455179635164,0.183,0.302,1
"Dera",0.887211608912573,0.39725325682569,0.127,0.189,1
"Casc3",0.887217561248027,0.489857884792777,0.155,0.264,1
"Slc25a37",0.887223569404236,-0.774383068344407,0.028,0.094,1
"Mogs",0.88732059275754,-0.308506183592845,0.056,0.132,1
"Mtfr1l",0.887380112939236,-1.4996944054915,0.028,0.075,1
"Runx1",0.887519233887128,-0.228877480862994,0.465,0.604,1
"9430038I01Rik",0.887526107684128,0.340808928686389,0.028,0.038,1
"Shq1",0.887547057010603,-0.314281708423405,0.085,0.132,1
"Micu3",0.887565051884226,1.31703288492414,0.07,0.057,1
"St8sia4",0.887599024182905,0.225864589787225,0.211,0.302,1
"Pak2",0.887691861364224,-0.256129674199123,0.451,0.566,1
"Prkacb",0.887738664614719,-0.692128917487566,0.127,0.245,1
"H2ac4",0.887793881465573,0.91021427298227,0.014,0.019,1
"Pdap1",0.88785628609024,0.748351401617577,0.183,0.245,1
"Mnd1",0.887910689496153,-0.469920566343908,0.056,0.113,1
"Wdr46",0.888063615175296,-0.770279983775652,0.042,0.075,1
"Oat",0.888187353854856,-1.43262030564109,0.042,0.038,1
"Ccdc124",0.888254188424583,0.75351448632975,0.085,0.094,1
"Me2",0.888286959394797,-0.214904283760671,0.239,0.358,1
"Dip2c",0.888303037045061,-0.11775542347607,0.352,0.491,1
"Coro1b",0.888365572559612,-1.50416399135454,0.014,0.038,1
"Rbm10",0.888514136503863,0.56447278135351,0.127,0.208,1
"Trap1",0.888520682472028,0.62908961455198,0.141,0.151,1
"Uck2",0.888689811631528,0.408311211458489,0.282,0.358,1
"Cluh",0.888720558351938,-1.82798682667084,0.042,0.038,1
"Zzz3",0.888795639089042,0.578945101327311,0.296,0.302,1
"2210408I21Rik",0.888899215128597,-1.14935368981887,0.014,0.075,1
"Ube2r2",0.888905560950046,0.370177226246429,0.225,0.264,1
"Dut",0.888962407965538,-0.192902117468119,0.239,0.358,1
"Mapkapk2",0.888974069025349,-0.1105830448331,0.268,0.396,1
"Elp5",0.88898674920384,0.902272515564791,0.056,0.075,1
"Lat",0.88914363657879,-0.625832927796157,0.197,0.34,1
"Ift122",0.88919866329267,-2.27620056826734,0.014,0.019,1
"Capza2",0.889543279651041,-0.298404005101788,0.254,0.358,1
"Chtop",0.889622453940553,0.435408194537205,0.197,0.264,1
"Arhgap45",0.889753481861064,-0.472875692983617,0.296,0.396,1
"Lrrc32",0.889824616793812,0.193751617351421,0.085,0.075,1
"Dapp1",0.889902358716291,-0.374855829684713,0.183,0.283,1
"Emb",0.889919992103808,-0.47635510696096,0.197,0.283,1
"Eif4enif1",0.889964781196663,0.435172954276558,0.268,0.321,1
"Ppm1b",0.8903061853199,0.487717831094024,0.239,0.302,1
"Os9",0.890685893023126,0.112360352325977,0.169,0.226,1
"Fam76a",0.890753066270083,0.760452363761729,0.056,0.113,1
"Dbf4",0.890957748146122,0.116576103790056,0.211,0.302,1
"Mga",0.891006773531782,0.628146835875555,0.239,0.283,1
"Mterf2",0.891106896805637,0.816921057096381,0.07,0.075,1
"Atp2a2",0.891340045128613,-0.307271745309361,0.31,0.472,1
"Madd",0.891377673660779,0.286360260160834,0.127,0.208,1
"Psmb7",0.891377958106657,0.289378420900298,0.183,0.245,1
"Dusp1",0.891415496657564,0.334048931175943,0.014,0.038,1
"Lig1",0.891558360744442,-0.204772367755114,0.155,0.226,1
"Espn",0.891604295050676,-0.760220308850968,0.042,0.094,1
"Cacna2d2",0.891642972884226,-2.22624818346693,0.014,0.019,1
"H2-Bl",0.891642972884226,-2.22624818346693,0.014,0.019,1
"Strip1",0.891762833362046,0.890011664086299,0.042,0.038,1
"Psmd9",0.891764189318483,0.170373894048462,0.113,0.113,1
"Grsf1",0.89182667233561,0.250683655752909,0.056,0.057,1
"Myo3b",0.891853700538604,0.767113216817068,0.014,0.019,1
"Lsm7",0.892087918585669,0.373071756467405,0.211,0.245,1
"Pnn",0.892196955060836,-0.20739646221428,0.479,0.623,1
"Prpf19",0.892209285786569,0.580971008988222,0.085,0.094,1
"Akip1",0.892465045961333,-0.178682276749523,0.028,0.038,1
"Cracr2a",0.89255283149436,0.612049034173046,0.099,0.113,1
"1700123O20Rik",0.892566384764961,-0.642092735699307,0.028,0.038,1
"Nudt13",0.892638016807743,-0.332423398229853,0.042,0.113,1
"Xrcc2",0.892666377340552,-0.395008664055812,0.042,0.057,1
"P4hb",0.892668658244471,-0.447013112812338,0.183,0.264,1
"Scml4",0.892725039781344,0.434114154259605,0.085,0.094,1
"Nol9",0.892742685679747,0.464039085911941,0.141,0.132,1
"Cep135",0.892855637895284,0.465584432514573,0.127,0.226,1
"C2cd2l",0.892865727407228,-0.558961740260468,0.014,0.019,1
"ENSMUSG00000121513",0.892865727407228,-0.558961740260468,0.014,0.019,1
"Snhg17",0.892998441298509,-0.315930324889365,0.056,0.132,1
"Plekha7",0.893066719271158,0.488396904152656,0.085,0.113,1
"Ruvbl1",0.893134596809549,-0.85762621837786,0.042,0.057,1
"H2bc11",0.893188559148959,-2.02345816963305,0.028,0.057,1
"Dhx40",0.89320645778937,-1.62076485826011,0.056,0.094,1
"Mob3b",0.893328483929955,0.861026155886459,0.085,0.094,1
"Gm36220",0.893359725118507,1.20382822102566,0.07,0.057,1
"Gm42047",0.893420477151419,0.546529576976536,0.141,0.189,1
"Slc25a1",0.893435058559061,-1.62925096769315,0.028,0.038,1
"Thoc3",0.893481851125045,0.18666768490885,0.099,0.113,1
"Itgb7",0.893577966036545,0.995767741584248,0.056,0.075,1
"Ccne2",0.89361108509005,0.70123581009802,0.056,0.094,1
"Adnp2",0.893628191865425,-1.43661914560056,0.056,0.075,1
"Atg13",0.893640208930687,0.197050843281891,0.085,0.151,1
"Donson",0.893707897266543,0.377589692027042,0.085,0.075,1
"Cmpk1",0.893943395082427,0.409971398660363,0.085,0.132,1
"Ppib",0.894234304788682,-0.664566830950977,0.155,0.283,1
"Shld2",0.894289428160098,-0.276302176784101,0.099,0.113,1
"Hnrnpf",0.894322889977008,-0.139082759600538,0.423,0.566,1
"Tomm40l",0.894408528631577,0.359360907890227,0.014,0.038,1
"Plekhg3",0.894451523330559,0.445972953136369,0.028,0.038,1
"Tbcb",0.89458452559702,-0.758862627996989,0.028,0.057,1
"Zfp729a",0.894653064650046,-0.146475272883902,0.042,0.094,1
"Slc4a8",0.89472878852255,-0.946117351637915,0.028,0.038,1
"Nxn",0.894853780417575,0.567249440858891,0.211,0.245,1
"Fbxl9",0.894862513225523,-0.809570080338891,0.056,0.075,1
"Lrrc75aos2",0.894871938680621,0.120533279614206,0.014,0.019,1
"Srr",0.895015590111126,0.680216262179878,0.07,0.151,1
"Gm43328",0.895190118228536,-0.57150969759797,0.014,0.019,1
"Zbtb18",0.89520782903705,2.13286885280891,0.042,0.038,1
"Ubash3a",0.895223068197094,0.282469997958952,0.225,0.321,1
"Flad1",0.895239721429206,1.55659445105797,0.028,0.019,1
"Arl6ip5",0.895241736483594,0.293820243350522,0.296,0.34,1
"Sppl3",0.895349579524632,0.110764344484897,0.324,0.453,1
"Tubb5",0.89538845678959,-0.667577740227758,0.296,0.453,1
"Elovl5",0.895398951366801,0.133191162000176,0.282,0.358,1
"Gm11999",0.895407028866292,0.441005037249244,0.028,0.019,1
"Epb41l5",0.895434882077748,-0.573147345471244,0.014,0.019,1
"Tmem258",0.895492256166909,1.10220362090168,0.07,0.075,1
"Kat6a",0.895587268646018,-0.211816274183597,0.352,0.491,1
"Carf",0.895587445196149,-0.571494414079716,0.028,0.057,1
"Rasa1",0.895627804468334,-0.337165943715124,0.324,0.434,1
"Tmem9b",0.895723215911968,0.674810438193883,0.07,0.094,1
"Preb",0.895877650335818,1.27027066753289,0.099,0.094,1
"Naa50",0.896061474073441,0.202471379353475,0.239,0.321,1
"C1qtnf6",0.896230488088401,1.23955306015152,0.014,0.019,1
"Knstrn",0.896233959422018,0.154577193805477,0.113,0.151,1
"Larp1b",0.89635308122616,-0.130939824924834,0.127,0.151,1
"Bicral",0.89639259609023,-0.337867953779537,0.099,0.17,1
"Mgat2",0.896502123550137,-0.315545626264519,0.099,0.208,1
"Rnf138",0.896528084457629,0.235757411724759,0.183,0.226,1
"Hps5",0.896553805684377,0.229811825622851,0.042,0.075,1
"Golga4",0.896559502837648,-0.139836891447508,0.296,0.453,1
"Cchcr1",0.896638747884695,-0.117029735320996,0.056,0.113,1
"AI504432",0.896709413934875,0.468289607084197,0.141,0.226,1
"Stard7",0.896747521171626,0.517712804038984,0.07,0.132,1
"Mettl23",0.896884351681233,-1.3728180726989,0.014,0.075,1
"BC002059",0.896953521978276,-0.112604939107994,0.07,0.057,1
"Dbi",0.897105437091172,0.163464563425571,0.099,0.17,1
"Ttc9c",0.897302299836756,0.142923422498194,0.127,0.151,1
"Tmem243",0.897346541711824,-0.645480321555386,0.028,0.075,1
"Dock4",0.897399843521317,0.114072429130785,0.085,0.094,1
"Phf10",0.89746479644033,-0.529254681523029,0.099,0.151,1
"Acadm",0.89748168407429,-0.648403215780238,0.042,0.075,1
"Rpap1",0.897521980383656,0.238917800004756,0.085,0.075,1
"Pmpcb",0.897547722561366,0.286695206659045,0.042,0.057,1
"Gm15558",0.897848131873079,-0.684371487816483,0.113,0.132,1
"Ptar1",0.897963966999802,0.246209951762395,0.155,0.094,1
"Rcn1",0.898050243803394,-0.636740606436811,0.169,0.264,1
"Uqcrfs1",0.898076537728297,-0.561745844966893,0.099,0.17,1
"Map1lc3b",0.89809833284517,-1.0079607098232,0.028,0.075,1
"Gtpbp2",0.898250021709526,-0.138165385830723,0.099,0.113,1
"Oser1",0.898507523875577,0.83603413308992,0.127,0.132,1
"Pcnt",0.898511311994213,0.212688820119333,0.268,0.358,1
"Sgk3",0.898570142810307,0.931193044698053,0.07,0.132,1
"Galk1",0.898893467713217,0.514922783244045,0.099,0.094,1
"Zranb2",0.898954153975333,0.206503723771181,0.338,0.453,1
"Nfil3",0.899022856261309,0.27020883173506,0.183,0.17,1
"Arf3",0.899025613644383,0.114075625268727,0.099,0.132,1
"Lpar6",0.8990472811466,0.818389231134207,0.014,0.019,1
"Rars2",0.899096532915442,1.60601696335269,0.099,0.094,1
"Lonp1",0.89910213971691,-0.105352260384366,0.113,0.094,1
"Il16",0.899105086772041,0.961725017124909,0.056,0.094,1
"Rpl27a",0.899108771193619,-0.334682176800041,0.493,0.623,1
"Sdhc",0.899203753284376,0.252990730897305,0.085,0.151,1
"Hscb",0.899225050221453,0.144517233463235,0.028,0.075,1
"Stx18",0.899259424680247,-0.162274008850878,0.141,0.245,1
"Ubox5",0.899344601477071,1.04529535262464,0.042,0.057,1
"Rpl27",0.899368278152243,-0.382806281597425,0.394,0.491,1
"Atad3a",0.899482116167761,0.809894809556739,0.183,0.151,1
"Nup188",0.899539945681584,0.474561488646054,0.155,0.189,1
"Mecp2",0.899581440872055,0.382637254788607,0.282,0.377,1
"Plbd2",0.899581448252893,-0.746651786641742,0.028,0.038,1
"Rapgef1",0.899627125423032,-0.174683546951832,0.282,0.34,1
"Rpe",0.899668744480503,0.297508365671488,0.141,0.189,1
"Apip",0.899677015649366,0.760927502969561,0.028,0.038,1
"Tmem97",0.899758972148858,0.235129792125919,0.113,0.132,1
"Lrig1",0.899799891457345,0.96159206865598,0.07,0.057,1
"Eml5",0.899845488179323,0.683637791616441,0.127,0.132,1
"Psmd2",0.899845822068285,-0.542823926659289,0.07,0.151,1
"Arhgap27",0.899870699434446,0.821098952004952,0.07,0.075,1
"Prdx6",0.899956413730615,-0.764142126619235,0.07,0.151,1
"Acsbg1",0.900106133046646,-0.512395404262596,0.014,0.038,1
"Pdcd2l",0.900106133046646,0.253429337382773,0.014,0.038,1
"Scai",0.900111659208401,-0.330258717796297,0.127,0.189,1
"Adprs",0.900131298456389,0.131604248864917,0.099,0.132,1
"Uprt",0.900139844158477,0.710239611011624,0.028,0.038,1
"Ip6k1",0.900348691236293,0.327011084778056,0.141,0.208,1
"Atl3",0.900465340163439,0.212875525059648,0.127,0.17,1
"Gbe1",0.900638308760156,-0.630321554609016,0.169,0.283,1
"Cep164",0.90088051320684,1.13614478478949,0.028,0.038,1
"Zmiz1os1",0.90097659990178,0.474567603134091,0.014,0.019,1
"Prr7",0.901019408598775,-0.899434616646244,0.028,0.038,1
"Nudcd2",0.90113359248099,-1.03528760962863,0.099,0.17,1
"Zfand4",0.901238435542708,0.199736964315871,0.056,0.075,1
"Lsm14b",0.901250915087471,-0.653602995452655,0.028,0.038,1
"Nfyc",0.901343067257608,0.458531126788092,0.282,0.34,1
"Hip1",0.901380528214977,-0.320658360613769,0.282,0.377,1
"Gm13067",0.901389827529867,-0.601652910147827,0.028,0.038,1
"Pfdn6",0.901438904362276,0.124454136941501,0.056,0.038,1
"D130009I18Rik",0.901469359324453,-0.58766099698411,0.085,0.094,1
"Ccdc138",0.901474642943734,0.425855244683714,0.085,0.113,1
"Rmi1",0.901485490404452,1.53960383408039,0.042,0.038,1
"St3gal3",0.901603787031671,0.548319992675523,0.141,0.151,1
"Dcaf7",0.901697596809035,0.530714571241086,0.127,0.189,1
"Fbxo46",0.901758314322053,-0.39829700499448,0.028,0.057,1
"Tmem43",0.901805360500057,-2.03893437739294,0.014,0.019,1
"Il12rb1",0.902039752404385,-0.210379317247964,0.155,0.226,1
"Oip5os1",0.902134910345961,-0.197725515402224,0.225,0.283,1
"Phrf1",0.90230677978495,0.200200154764184,0.211,0.245,1
"Idh2",0.902354512625942,-1.30616091446494,0.028,0.057,1
"Hmox2",0.902548662502572,0.653186010991125,0.127,0.17,1
"Nmi",0.902564885737798,-0.403506563515762,0.085,0.094,1
"Pim1",0.902567159297853,-0.162101757501274,0.338,0.509,1
"Itgb2",0.902678175951358,0.161825691902797,0.141,0.208,1
"Acad11",0.902688192863161,0.265648756256301,0.028,0.019,1
"Gch1",0.902758848806951,-0.10664982225544,0.042,0.038,1
"Skap2",0.902799132459067,0.703753519724332,0.169,0.189,1
"Cd81",0.902819302841143,-1.20877066149142,0.056,0.132,1
"Nup85",0.902837068968548,0.752121560568218,0.127,0.17,1
"Sumo3",0.902863511441772,0.415074016432486,0.085,0.094,1
"Gpbp1l1",0.90293078486959,0.229649678484911,0.211,0.302,1
"Rsbn1",0.902947240224316,0.246370011292496,0.282,0.358,1
"Snx12",0.902961419489058,-0.628450656942005,0.085,0.132,1
"Sumf1",0.903004401522349,0.410317412472927,0.127,0.151,1
"Ldah",0.903072513375705,0.306390113566298,0.113,0.189,1
"Inpp5f",0.903106971970939,-0.500287421015713,0.042,0.094,1
"Rhoa",0.90313971096532,0.207470307608587,0.268,0.358,1
"Kmt5c",0.90316962063497,-0.69948605108086,0.028,0.057,1
"Tent4a",0.903177001254617,0.706139398619336,0.127,0.151,1
"Gata1",0.903188506930745,-0.877277923021708,0.042,0.075,1
"Gxylt1",0.903229245057813,0.83658973045924,0.141,0.189,1
"Pitpnm1",0.903234088856238,0.843871413707909,0.028,0.038,1
"Slc35c2",0.903268043873704,-0.676151158953621,0.042,0.057,1
"Phlda3",0.90328094171356,-1.03132822458294,0.028,0.038,1
"Ctdspl2",0.903368386518521,0.268288239534067,0.352,0.377,1
"B4galt7",0.903381629182988,-1.12797316129688,0.028,0.038,1
"Zfp382",0.903408057380832,-0.226544818241171,0.028,0.019,1
"Dnajc18",0.903492509776427,0.134558309906722,0.07,0.094,1
"Trim56",0.903549780631079,-0.590096559814885,0.113,0.189,1
"Mepce",0.903558250610529,1.08413031272222,0.056,0.094,1
"Gm11457",0.903613162143897,1.40194771647711,0.056,0.038,1
"Casp6",0.903638636582071,-1.76322700254856,0.014,0.075,1
"Oga",0.903658188219709,-0.429072940489389,0.225,0.358,1
"Snupn",0.903749869970339,-0.192355245213556,0.014,0.038,1
"Rnf130",0.903842914512081,-0.717811686773126,0.042,0.075,1
"Coq10b",0.903843442882348,0.484209148351459,0.042,0.038,1
"ENSMUSG00000121456",0.903891026937773,-2.00401976459449,0.014,0.019,1
"Hddc2",0.904137164340682,0.855574207852689,0.07,0.094,1
"Klhl25",0.904142121303321,0.599793141803622,0.07,0.094,1
"Trim35",0.904177231792421,0.341124344355269,0.099,0.189,1
"Exosc10",0.904177970006406,0.475058862949919,0.183,0.226,1
"Prr3",0.904242360263768,-1.97567452905925,0.014,0.057,1
"Ap1m1",0.904311373487918,-0.285447386996538,0.099,0.151,1
"Zfp26",0.904379060327957,-0.79113737526013,0.113,0.17,1
"Tada2a",0.90441426365739,0.585769374523742,0.07,0.075,1
"Cyhr1",0.904426081355857,-0.802866516317978,0.014,0.038,1
"Deaf1",0.904448687136914,0.543109678479486,0.07,0.075,1
"Crem",0.904502996238457,-0.984330388959226,0.113,0.189,1
"Trak2",0.904516035442337,0.792501425378829,0.169,0.189,1
"Gpn2",0.904651430987377,0.859125241834171,0.014,0.038,1
"Cep63",0.904663596074395,-0.459953554170906,0.056,0.075,1
"Ikbkb",0.904719574587346,-0.208878114929764,0.155,0.245,1
"Sdf2",0.904773584948318,-1.02787521895419,0.028,0.094,1
"Stat2",0.904787624851685,-0.638189245346259,0.141,0.283,1
"Rbbp5",0.904916348691468,0.285951548733685,0.085,0.113,1
"Immt",0.904938911526473,0.281736989086376,0.324,0.377,1
"Srf",0.904962149019501,-0.610511020040148,0.028,0.075,1
"Isy1",0.904976393526234,0.264489252554702,0.141,0.17,1
"Fam114a1",0.905180050026901,0.21603893514889,0.014,0.019,1
"Gm9929",0.905180050026901,0.21603893514889,0.014,0.019,1
"Cdc40",0.905182142385794,0.140447320736973,0.169,0.226,1
"Gm17655",0.905257802786331,-1.50250945941391,0.056,0.075,1
"Purg",0.905339245700056,2.18204323810449,0.042,0.038,1
"Slc19a2",0.905409564474592,0.527154610397751,0.056,0.113,1
"Gm40304",0.905422951332816,-1.64491654310381,0.014,0.019,1
"Pglyrp1",0.905422951332816,-1.64491654310381,0.014,0.019,1
"Isca1",0.905423401242982,1.20345831601531,0.042,0.038,1
"Cenps",0.905445292470275,0.153479401964689,0.07,0.132,1
"Ino80e",0.90545170577774,0.322843578442962,0.056,0.075,1
"Sec22c",0.9054870559358,-1.97801675653905,0.014,0.019,1
"Atrip",0.90562465710597,-0.604908985074697,0.113,0.113,1
"Ndufs8",0.905931359244047,1.34515055138266,0.028,0.038,1
"Gm57409",0.905951769375077,-0.244770899868309,0.014,0.038,1
"H2ac6",0.905957517356577,1.547180478283,0.056,0.038,1
"Bcl2l11",0.906075503361637,0.224797663551817,0.169,0.208,1
"Pex6",0.906148415335845,-0.210133477539424,0.028,0.057,1
"Klf9",0.906208230933539,0.382470896781645,0.028,0.057,1
"Lmln",0.90624063789494,1.21214117773653,0.056,0.094,1
"Mmgt1",0.906253779015918,-0.343315373462327,0.028,0.057,1
"Btf3",0.90630105388043,-0.579046979942238,0.169,0.302,1
"Pcgf3",0.906342061778754,-0.569432139068323,0.07,0.113,1
"Hnrnpm",0.906350573357427,0.139108634598544,0.493,0.585,1
"Wiz",0.906401998123087,-1.4239713908346,0.056,0.094,1
"Crebl2",0.906436968842627,-0.329860860696065,0.085,0.094,1
"Vps37a",0.906479074640726,0.809320078029888,0.197,0.189,1
"Hectd2",0.906485255561361,0.385478974183782,0.07,0.094,1
"Hsdl2",0.906541462509815,1.12586670710995,0.042,0.057,1
"Nadk",0.906646434968501,-0.60715597954791,0.113,0.189,1
"Kcnn4",0.906701284398797,0.863630907144562,0.113,0.151,1
"Pik3ap1",0.906706700756019,0.117062602467644,0.07,0.094,1
"Parp11",0.906781554468812,-0.536051187487933,0.211,0.34,1
"Gfi1",0.906802067319364,-1.33806953965886,0.028,0.057,1
"Fmr1",0.906863077689397,-0.264288087130295,0.155,0.283,1
"Tube1",0.906893861107421,-0.145194913379197,0.155,0.264,1
"Thap3",0.906984712949037,0.805296964052047,0.07,0.094,1
"Atad1",0.907046892906899,0.569392110018206,0.197,0.189,1
"Sdhaf2",0.907072180383845,-0.678294783510524,0.099,0.189,1
"Lss",0.907123416468632,-0.362323807739685,0.056,0.113,1
"Gm12248",0.907206993805356,1.05918597485054,0.014,0.019,1
"Pdik1l",0.907398526407958,0.37589658525914,0.056,0.094,1
"Traj27",0.907483480065949,-1.27886929224351,0.014,0.038,1
"Smyd5",0.907490081060747,-0.409801202851138,0.07,0.057,1
"Mef2a",0.907573862891439,0.197174453113727,0.507,0.566,1
"Hormad2",0.907648581193536,3.83921953699273,0.014,0.019,1
"Lactb",0.907879238857499,1.21848568484219,0.042,0.057,1
"Tbk1",0.907912466894592,0.182400508201144,0.183,0.264,1
"Parp1",0.907976561223523,-0.372231041366984,0.127,0.226,1
"Nudc",0.907979933938292,0.222541895427329,0.127,0.17,1
"Stk3",0.9080865640916,-0.683995569735814,0.155,0.226,1
"Taf10",0.90814968109828,-1.48677999618829,0.07,0.151,1
"Myo6",0.908161459684862,-0.273064933564014,0.056,0.113,1
"Cc2d1a",0.908172636531174,-0.275728504520816,0.056,0.075,1
"Lypla2",0.908172958973782,0.409514100706735,0.07,0.132,1
"Slc35d1",0.908212611461697,0.610376106189466,0.113,0.132,1
"AU022252",0.908212719999533,-0.110407074467689,0.028,0.019,1
"Hmces",0.90827895740783,-0.588544526193902,0.028,0.057,1
"Dapk3",0.908419451912375,-0.756346604112248,0.028,0.057,1
"Usp19",0.908723959916174,-1.46939098046424,0.056,0.113,1
"Pofut1",0.908827377659654,-0.380065145001436,0.085,0.094,1
"Commd8",0.908875841320044,0.246435112723304,0.113,0.151,1
"Csf2ra",0.908885825539688,1.33582784317321,0.014,0.019,1
"Sms",0.908892483022274,-0.112458622681023,0.197,0.302,1
"Asl",0.908969454381283,0.234466170198839,0.014,0.038,1
"Sdf2l1",0.909032331894776,-0.762934489718955,0.056,0.132,1
"Stk25",0.909248554501866,0.842089801031337,0.07,0.057,1
"Nup35",0.909255270967304,0.819507061754636,0.099,0.151,1
"Cenpx",0.909314338231891,-0.413026708202815,0.042,0.057,1
"Rbl2",0.909657101402687,0.244645753567111,0.394,0.453,1
"Gtf2a1",0.90975042383137,-0.316981535286511,0.07,0.113,1
"Sinhcaf",0.909800582711484,0.300231644536394,0.141,0.189,1
"Mipol1",0.909844545392356,0.478096542133467,0.113,0.132,1
"Pacs2",0.909864825155713,-0.705690683431348,0.113,0.17,1
"Mylip",0.909902876365061,-0.441554640677163,0.07,0.113,1
"Fkrp",0.909937950074625,0.196881727601748,0.014,0.019,1
"Phf20",0.909982560247536,0.287110502721095,0.324,0.434,1
"Ncbp2",0.910052946164463,0.522115873088438,0.085,0.094,1
"Angel2",0.910098082834952,0.981526395020592,0.113,0.151,1
"Gm15326",0.910185573261295,0.198519375475022,0.014,0.019,1
"Ifitm2",0.910477194222773,0.123273192608763,0.056,0.038,1
"Dvl1",0.910573857203828,-0.133671725636403,0.028,0.038,1
"Fam149b",0.910574628381973,0.457444586311939,0.099,0.113,1
"Chchd2",0.910589246316955,-0.387938970004667,0.141,0.189,1
"Ptgfrn",0.910659846417214,1.82008886657514,0.056,0.038,1
"Setd1b",0.910763363429179,0.245703887453531,0.07,0.113,1
"Bcl7b",0.91077604209137,0.200425123300535,0.028,0.057,1
"Maml3",0.910812239844934,0.366608746686347,0.31,0.358,1
"Fam83e",0.910835320421469,1.00547829126156,0.014,0.019,1
"Pinx1",0.91088225344274,0.501625025396944,0.113,0.151,1
"Hccs",0.910907156180337,-1.64780251160191,0.028,0.057,1
"Cmip",0.910911833375733,-0.140633236090794,0.366,0.491,1
"Nbas",0.910963965781986,0.151375479243407,0.197,0.245,1
"Ghitm",0.910994020758025,-0.425149988581576,0.113,0.132,1
"Tma7",0.911104329809348,-0.470205045015438,0.183,0.264,1
"Ssr2",0.911155527751969,-1.07580598963474,0.042,0.094,1
"Bcl2l1",0.911205988041171,0.24998632146946,0.38,0.434,1
"Phgdh",0.911227896044409,-1.08019751954077,0.042,0.075,1
"Lmbr1l",0.911330471381244,-0.838573012595244,0.056,0.113,1
"Cul1",0.911333207673254,-0.228056597608636,0.225,0.358,1
"Tbccd1",0.911381500193582,-0.282251137756908,0.042,0.057,1
"Pold3",0.911407780811267,-0.453219960154628,0.141,0.226,1
"Nsmce4a",0.911502776530893,-0.867939008444112,0.07,0.113,1
"Ccni",0.911514306847957,0.500441202276448,0.127,0.17,1
"Cenpw",0.911530230737752,-0.898716829288904,0.042,0.132,1
"Rnf135",0.911556571640385,-2.5620367774618,0.028,0.094,1
"Trp53cor1",0.911666253793328,-0.799248870194859,0.07,0.075,1
"Cers5",0.911853691707777,0.176818239617386,0.197,0.321,1
"Nfyb",0.91187769519512,-0.705193872807895,0.07,0.151,1
"Stap1",0.911935136465956,-0.334973427793558,0.085,0.151,1
"Epo",0.912105522383059,0.949694754805078,0.014,0.019,1
"Zfp598",0.91228180771156,0.445498730837993,0.028,0.057,1
"Dcxr",0.912312999842279,1.20256476296835,0.014,0.019,1
"B3gntl1",0.912343826367584,0.339284646146902,0.085,0.075,1
"Btg1",0.912351353956122,-0.216378466667118,0.113,0.17,1
"Bbs10",0.912559384416427,-0.119218433380804,0.014,0.019,1
"Fbrsl1",0.912587536214018,0.941437110618611,0.127,0.151,1
"Norad",0.912620999053229,0.133497643147581,0.07,0.113,1
"Pus7l",0.912621564371749,0.853842889618435,0.042,0.038,1
"Pip4k2b",0.912695375083475,-0.499848652501641,0.099,0.113,1
"Spdl1",0.912725063004382,0.709628360387373,0.099,0.151,1
"Zglp1",0.912744192921012,1.5102599294183,0.014,0.019,1
"Mbip",0.912766936614955,0.438229918403633,0.141,0.17,1
"Zfp746",0.912854435241161,0.547965577564208,0.169,0.17,1
"Dusp5",0.912901247726822,-1.36798480648047,0.056,0.094,1
"Pds5a",0.912926030053874,-0.15336998397251,0.549,0.679,1
"Cd164",0.913069183357939,-0.79417430871643,0.085,0.132,1
"Coq7",0.913148596413546,1.53315940079858,0.042,0.057,1
"Mrps14",0.913278742039126,-0.294089768301978,0.113,0.132,1
"3830408C21Rik",0.913360347106159,1.18528529614275,0.014,0.019,1
"Fyn",0.913382906336801,0.124806334218452,0.718,0.811,1
"Ppm1m",0.913449482654026,-1.88155469393736,0.014,0.038,1
"Runx2",0.913673141452497,0.975076438657421,0.099,0.094,1
"Gfod2",0.913746212550558,1.67536660323266,0.056,0.038,1
"Ankib1",0.913771552740315,0.207372684377557,0.563,0.642,1
"Afg1l",0.913818290903547,0.599661234361149,0.197,0.245,1
"Pex16",0.913841065296823,-2.38029888013741,0.014,0.019,1
"4930417H01Rik",0.91390307471837,1.40502234695098,0.014,0.019,1
"Dusp10",0.914032414152671,0.657910947898906,0.099,0.113,1
"Gbp7",0.914128844693397,-0.190763027965701,0.141,0.264,1
"Mre11a",0.914199330530368,0.364586283698095,0.268,0.283,1
"B4galt1",0.914288906285725,-0.526572504906679,0.169,0.302,1
"Eif3b",0.914330583845163,-0.38617350445221,0.197,0.245,1
"Coro2b",0.914346605259594,-1.27160597774176,0.014,0.019,1
"Zfp580",0.914346605259594,1.47734603864276,0.014,0.019,1
"Cyth2",0.914346605259607,-1.84384856859133,0.014,0.019,1
"Mrpl57",0.914358349259693,0.448853870478949,0.07,0.132,1
"Csnk1d",0.91436637993842,-0.714056677923524,0.085,0.151,1
"Gpatch11",0.914411394257674,-0.124322965612214,0.113,0.151,1
"Cytip",0.914447843518973,-0.161603060765249,0.197,0.264,1
"Yeats4",0.914574497442211,0.552824141730779,0.07,0.075,1
"Zfp963",0.914585299541304,0.973676579705371,0.014,0.019,1
"Cxxc5",0.914593250715205,-0.459609637098191,0.014,0.019,1
"Pusl1",0.914620741499671,-0.734671211357303,0.028,0.038,1
"Ebag9",0.914638047455929,-0.191103308337233,0.07,0.075,1
"Chka",0.914868392073567,1.76680199618738,0.07,0.094,1
"Acvr2a",0.914875825059663,0.215199033301224,0.07,0.075,1
"Dtd2",0.915031650596285,0.29756934141728,0.056,0.038,1
"Dnttip2",0.915032551579688,0.285659015102926,0.169,0.17,1
"Eef1b2",0.915035520134037,-0.190103494794459,0.366,0.434,1
"ENSMUSG00000121477",0.915203766610097,-0.871619442205986,0.028,0.057,1
"Nfatc2ip",0.915479646199996,0.381277930471128,0.056,0.094,1
"Smc4",0.915545124875871,-0.112542845238663,0.662,0.717,1
"Klf16",0.915578032702332,0.891944566907703,0.014,0.019,1
"Mccc2",0.915579754778812,0.894647220883655,0.056,0.038,1
"Ptpn4",0.915711098070232,0.595982033702872,0.338,0.34,1
"Ddx3x",0.915770493021534,-0.785400555024255,0.155,0.226,1
"Zfp512b",0.915853986702008,0.14154918470229,0.042,0.075,1
"Rps17",0.915870257802945,-0.171082506639497,0.352,0.434,1
"Pprc1",0.91587791650049,0.229472110001273,0.099,0.094,1
"Zfp507",0.915892522886364,-0.350911706125551,0.225,0.245,1
"Utp3",0.915945037139268,-0.129986357119555,0.155,0.226,1
"Trub1",0.915980864854403,-0.767581235970843,0.042,0.075,1
"2610021A01Rik",0.916095564354953,-1.02869805514084,0.028,0.075,1
"Cwf19l2",0.916140804877641,-0.482072704166843,0.239,0.377,1
"Mvb12a",0.916191236339252,-0.606093531112774,0.028,0.057,1
"Tor1a",0.916196048320665,-0.210031995947757,0.085,0.094,1
"Il1rapl1",0.916226787026485,0.438060601335303,0.07,0.094,1
"Ppih",0.91631643507591,-0.392617455318576,0.042,0.113,1
"Rsf1os2",0.916320708717271,-0.450094304149678,0.014,0.019,1
"Rgs1",0.916370389611791,0.210092803866735,0.099,0.113,1
"Npepl1",0.916397600053206,-0.439735928029178,0.056,0.075,1
"Rnpepl1",0.916560085717753,-0.580632719097388,0.07,0.094,1
"Slc35e1",0.916586585907241,-1.20491276560749,0.028,0.075,1
"Gatad2a",0.91666086345985,0.109421191001326,0.282,0.377,1
"Aqr",0.916698080057625,0.407303191204341,0.296,0.283,1
"Ccdc171",0.917021842079414,0.279684553145616,0.056,0.094,1
"Usp42",0.917454748993544,-1.60789258734857,0.042,0.075,1
"Zfp738",0.917478871544032,0.503758329824642,0.07,0.075,1
"Atf4",0.917526648093608,-1.06380246657084,0.099,0.17,1
"Rbm19",0.917533954966127,0.532123056528742,0.07,0.057,1
"Psmf1",0.917543704143344,0.326445587871334,0.141,0.151,1
"Snw1",0.917602663837165,0.384907096394668,0.211,0.245,1
"Prps2",0.917614482662935,0.518695737203635,0.099,0.075,1
"Pyroxd1",0.917797298578877,1.71592630672431,0.056,0.057,1
"Vps72",0.917842606019986,-0.349226680317366,0.056,0.094,1
"Trim62",0.917864534013358,0.908475218533728,0.014,0.019,1
"Lama5",0.91791401173914,0.584003817116053,0.042,0.075,1
"Pet100",0.917965644158647,-0.962397906926263,0.042,0.113,1
"Zmym3",0.918050028261149,-1.02625732769001,0.014,0.075,1
"Kmt5b",0.918222033728884,-0.275457218964413,0.197,0.302,1
"Gdpd3",0.918235265424408,0.112721227987314,0.014,0.019,1
"Foxp4",0.918355872816817,0.459146320319577,0.113,0.113,1
"Slc25a46",0.918419802387061,0.670129712855098,0.127,0.17,1
"Mrps10",0.918439002009727,0.353713414269013,0.085,0.132,1
"Unkl",0.918463162864887,-0.588212123667032,0.085,0.17,1
"Guk1",0.91846487696143,0.276510810966723,0.056,0.038,1
"Brwd1",0.91851898853866,-0.20937692968036,0.197,0.283,1
"Cd1d1",0.918682018833374,0.480414571715464,0.028,0.019,1
"Narf",0.918695234527588,2.16564027696423,0.056,0.057,1
"Pter",0.918822303954777,1.19646924874218,0.07,0.057,1
"Bltp2",0.918923904762861,-0.18522877975792,0.225,0.321,1
"Pde4b",0.918937943666504,0.270407300420304,0.127,0.151,1
"Zfp668",0.918947084357384,0.595021261845671,0.014,0.038,1
"Wdr18",0.918953641643752,0.575598866689081,0.113,0.094,1
"Anp32a",0.918954034143006,0.144955633598107,0.296,0.321,1
"Arl8b",0.918957654279943,0.484973164781683,0.169,0.226,1
"Smad4",0.918982922354092,0.384213226833559,0.254,0.302,1
"Tfeb",0.919001165420448,-0.101423920542958,0.085,0.132,1
"Ifrd1",0.919034747565194,0.400862525468199,0.183,0.226,1
"St7",0.919037020857237,-0.286706815836727,0.141,0.245,1
"Stt3a",0.919043203269857,0.334446475730462,0.225,0.264,1
"Ttc1",0.919234307794107,0.211528639489808,0.085,0.094,1
"Atp23",0.919329657453235,0.981959347543046,0.028,0.038,1
"Dnmt3b",0.919687884098769,-0.99591655205282,0.07,0.113,1
"9330175E14Rik",0.919724767599194,0.10410790239255,0.042,0.057,1
"Rgs14",0.919793722255803,-0.996640948226463,0.042,0.075,1
"Fancl",0.919827619307358,0.844019175348085,0.085,0.094,1
"Tarsl2",0.919918039088332,0.153436093921674,0.042,0.075,1
"Slc25a17",0.919997011008649,-0.416523562171749,0.085,0.113,1
"Mib2",0.920055380378236,0.810096587404747,0.014,0.038,1
"Atp6ap1",0.92009894870457,-1.11684595080807,0.042,0.094,1
"Arf2",0.920141042906123,-2.06107313814707,0.014,0.075,1
"Tubgcp5",0.920183638140041,-0.128152541529962,0.141,0.264,1
"Pde6d",0.920232885982531,-1.71150345813635,0.028,0.094,1
"Rad21",0.920280300810205,-0.476019167223039,0.282,0.415,1
"Map2",0.920338559108881,0.30402255347748,0.042,0.075,1
"Kars",0.920412933766856,-0.513015906524408,0.085,0.151,1
"Rspry1",0.920427226805427,-0.178359987866087,0.197,0.302,1
"Dnah12",0.920487388747257,-0.382417434085877,0.014,0.019,1
"2810001A02Rik",0.920491154803872,-1.2263322346765,0.014,0.075,1
"Gm15564",0.920598218066233,-0.521682828958625,0.085,0.113,1
"Dlg4",0.92061232539823,-0.585522157553888,0.099,0.17,1
"Pdss1",0.920683628038758,0.21544461031856,0.282,0.358,1
"Gimap7",0.920850440152025,0.374585736551828,0.197,0.226,1
"Gvin2",0.920873600993123,-0.609876013522575,0.07,0.132,1
"Ext2",0.921054121422136,0.624793755478627,0.141,0.17,1
"Ddx20",0.921135538575659,-0.706561828869704,0.042,0.075,1
"B230219D22Rik",0.921234212071434,0.286706793198266,0.254,0.283,1
"Acap2",0.9213160187776,0.147225008682439,0.211,0.34,1
"Eef1a1",0.921349775118234,-0.274677623679192,0.606,0.717,1
"Ccdc71l",0.921350187282695,-1.25031001410964,0.014,0.038,1
"Prkag1",0.92139305697128,-0.175630662669666,0.155,0.208,1
"Zfp326",0.921447772366933,-0.270474453182402,0.197,0.321,1
"Colec12",0.921513894450345,-1.74633588248332,0.014,0.019,1
"Arl6ip6",0.921522998324143,0.241685146831761,0.127,0.17,1
"Senp2",0.921607403693448,0.230575438347308,0.296,0.377,1
"4930509G22Rik",0.921699693801806,-1.74392447212031,0.014,0.019,1
"Ccnb1ip1",0.921723592757131,0.931140600999837,0.042,0.038,1
"Ubp1",0.921782189652727,0.596170549134736,0.211,0.245,1
"Map3k14",0.921834758715789,0.820398274628765,0.099,0.151,1
"Ing2",0.921871369746081,-0.313637197298722,0.042,0.094,1
"Zfp523",0.921946285141522,1.20553378178877,0.028,0.038,1
"Aup1",0.922097477468902,-1.05397000259879,0.085,0.151,1
"Haus5",0.922108904256579,-0.631970618473668,0.028,0.075,1
"Pld3",0.922222335688407,-1.70380900260598,0.042,0.094,1
"9930021J03Rik",0.922402311512656,-0.158519251082246,0.197,0.302,1
"Net1",0.922432660276903,-0.316326112919345,0.085,0.17,1
"Coq10a",0.922766297001069,-0.480318407653861,0.028,0.057,1
"Gm57192",0.922815007395394,-0.502068530571377,0.014,0.019,1
"Zfp418",0.922815007395394,-0.502068530571377,0.014,0.019,1
"Strn",0.922815533630763,-0.394355165562487,0.211,0.321,1
"Rnf114",0.922817328097099,-0.320609752031,0.085,0.151,1
"Rpl10",0.9230008477352,-0.252953805686246,0.282,0.396,1
"Dvl3",0.923000980977437,0.842845997311523,0.014,0.019,1
"Sin3b",0.923008280403895,1.25922178260236,0.085,0.075,1
"Fam204a",0.923108942985965,0.114526176307051,0.183,0.226,1
"Alad",0.923139284866133,-1.72698253653554,0.028,0.057,1
"Ccdc130",0.923163329474304,0.217503621228265,0.028,0.057,1
"Zfp169",0.923175071515459,-1.33389616219583,0.028,0.057,1
"Nudt21",0.9233874180863,0.20688299456192,0.141,0.208,1
"Tdp1",0.923496487159415,-0.190706711242368,0.099,0.113,1
"Klf13",0.923517108717251,0.112367304653787,0.225,0.264,1
"Babam1",0.923553541228108,0.320144339726041,0.07,0.057,1
"Abcb9",0.923565593434046,0.236992321650582,0.127,0.189,1
"Tmem199",0.923674625985174,0.306596506081842,0.07,0.075,1
"Tfdp2",0.923704844341163,-0.539100013536715,0.085,0.151,1
"Gna13",0.923781480761225,-0.200224204612438,0.239,0.34,1
"Alkbh3",0.923817106879729,-0.243752831317705,0.07,0.151,1
"Micall1",0.924001777652609,0.805539059905383,0.113,0.113,1
"Trbv13-2",0.924038716329851,1.5586434466759,0.014,0.019,1
"Raf1",0.924050844261001,0.17028404068463,0.239,0.358,1
"Armc1",0.924144775600323,-0.204138268695231,0.085,0.132,1
"Snrpa",0.924385300116186,0.124154996807901,0.099,0.151,1
"Camsap2",0.924468014617237,0.235700635794024,0.113,0.113,1
"Epb41",0.924637142929811,0.420665470584205,0.352,0.377,1
"Gpsm3",0.924657284597626,0.508873067678118,0.056,0.075,1
"Maco1",0.924752982659139,-0.883358144719036,0.099,0.189,1
"Gm26982",0.924787245384133,1.15364465448859,0.014,0.038,1
"Gm16278",0.924882127137191,0.19059619371226,0.028,0.019,1
"Get4",0.924883809109582,-0.877853319793717,0.07,0.151,1
"Kin",0.9248912709015,-0.209881297988257,0.099,0.132,1
"Psme2",0.924896434015613,-0.855694242575035,0.099,0.189,1
"Rnf123",0.924954419822952,0.395446699323347,0.127,0.132,1
"Wdr44",0.924969218161079,-0.175683621914265,0.239,0.34,1
"Gm15563",0.924990614080788,0.551062285694365,0.028,0.019,1
"Atp2b4",0.925046174947987,0.19874592520457,0.085,0.132,1
"Zdhhc4",0.925070982865599,1.19624768909381,0.056,0.057,1
"Polr3c",0.925075407634526,1.15210459377105,0.169,0.17,1
"Rpl37",0.925086953806687,-0.518647326858759,0.437,0.528,1
"Sugt1",0.925094896579599,0.347722893246159,0.141,0.226,1
"Nob1",0.925140742299289,0.23279637172134,0.155,0.208,1
"Zscan12",0.925224442027694,-2.57490962176944,0.014,0.019,1
"Dnm2",0.925284924694817,0.148741613758772,0.366,0.434,1
"Hbegf",0.925326495184843,0.404867151194106,0.07,0.113,1
"1110038B12Rik",0.925388394353469,0.469801336143844,0.042,0.094,1
"Cenpc1",0.925421610098331,0.367671590868862,0.31,0.377,1
"Tmem87b",0.92545801704438,-2.30835459107457,0.042,0.132,1
"Rufy1",0.925473928610588,0.413071974330699,0.056,0.057,1
"Rcan3",0.925548166813817,-0.613874862687982,0.07,0.132,1
"Mcl1",0.925579935151718,-0.182004774109731,0.254,0.358,1
"Pex2",0.92561112967158,-0.645354881400033,0.07,0.094,1
"Pknox1",0.92562659128181,0.119489658744584,0.085,0.113,1
"Spc24",0.925691689357671,-1.56899201402442,0.028,0.057,1
"Limk2",0.925728327781737,0.396273447537739,0.141,0.189,1
"Fbxo34",0.925813496442442,-0.977292398744265,0.099,0.189,1
"Tmed9",0.925862263096672,-0.289999571183943,0.169,0.283,1
"Dis3",0.925876943313775,0.485934649087336,0.099,0.132,1
"Adamts10",0.925904554933548,0.389129993491289,0.099,0.132,1
"Aaas",0.925919119428648,-0.53393227568886,0.07,0.151,1
"Nlrc3",0.925934488225043,0.430125313056256,0.296,0.321,1
"Entrep3",0.926010901368087,-0.158536974374502,0.042,0.094,1
"Mettl8",0.926033906519582,0.13064353398065,0.056,0.094,1
"Als2cl",0.926228629075835,0.636767801597672,0.042,0.038,1
"Gtpbp8",0.926291160416674,0.129262133002968,0.056,0.075,1
"Prpf31",0.926303604732551,-0.346705619115173,0.141,0.189,1
"Pole",0.926341554095067,0.300926324856442,0.268,0.302,1
"Amfr",0.926362795309134,-0.158322585607813,0.155,0.189,1
"Cdk5rap3",0.926423302220547,-0.269774333540831,0.056,0.057,1
"Tmem164",0.926542701273241,-0.281440419424347,0.394,0.547,1
"Polr2k",0.926554390534191,-0.191901100864261,0.056,0.075,1
"Zfat",0.926667520451089,-0.153087605157534,0.056,0.057,1
"Mad1l1",0.926874700722902,0.358557633605527,0.394,0.434,1
"Pdzd11",0.926921281914669,1.13629210761298,0.042,0.057,1
"Ppil2",0.92700293448971,0.267453557279074,0.141,0.226,1
"Ankrd13a",0.927050204928959,0.76571621842736,0.113,0.113,1
"Zfp712",0.927099250159818,-0.47880382641524,0.014,0.019,1
"Cdk5rap2",0.927108145629996,-0.125838853786705,0.155,0.17,1
"Fbxl14",0.927208638454706,-2.06400617608386,0.028,0.075,1
"Rnaset2a",0.927229742967668,0.855473861614487,0.056,0.094,1
"Myt1l",0.927272672475585,0.552505253808091,0.113,0.113,1
"Gtpbp6",0.927344571262453,-2.48148833148417,0.014,0.057,1
"Herpud2",0.927438408639129,1.4856911481716,0.085,0.094,1
"Cdkn2a",0.927514323292398,-1.42450096975782,0.056,0.057,1
"Pkd1",0.927530207063088,-2.07144948809843,0.042,0.075,1
"Blmh",0.927582081808452,-0.248053746865477,0.197,0.208,1
"Tmem181a",0.927615706705049,0.209156490553034,0.099,0.17,1
"Alkbh4",0.927659191082826,0.515816080314214,0.014,0.019,1
"Vcpip1",0.927679577868686,0.106794947033884,0.099,0.189,1
"Inpp5a",0.927790177696716,0.763968921548022,0.085,0.113,1
"Zfp865",0.927829869783474,-0.353925470028375,0.056,0.057,1
"Ccdc122",0.927948839781358,-0.186704171079704,0.07,0.094,1
"Slc28a2",0.928030401964204,-1.39043290089146,0.028,0.057,1
"Trdmt1",0.928089922637527,-0.111742412159315,0.042,0.057,1
"Nolc1",0.928095374572857,0.20062676982157,0.239,0.321,1
"Arfrp1",0.928122070248742,0.236617037569707,0.042,0.075,1
"Dtwd1",0.928191591879106,-1.06001680208004,0.028,0.038,1
"H4c8",0.928276551849281,0.97501948999566,0.042,0.075,1
"Zc3h12b",0.928369393412128,0.381572210674603,0.028,0.057,1
"Treml2",0.928415680510348,-0.296728191090451,0.155,0.283,1
"Mcm10",0.928453499453438,-0.226570299430644,0.099,0.17,1
"Pigb",0.928471190946781,0.410223196392279,0.085,0.132,1
"Agpat5",0.928488247646805,-0.169808589833645,0.183,0.245,1
"Rmc1",0.928511889543236,1.424895592343,0.07,0.057,1
"Gm12167",0.928565870694327,0.389610974362023,0.028,0.019,1
"Atg4b",0.928588736608324,-0.371133276238248,0.099,0.189,1
"Usp46",0.928655344013151,0.277793116116157,0.07,0.132,1
"Rbks",0.928657647496825,0.353526018142399,0.183,0.245,1
"Mff",0.928681914901796,-0.530002953927931,0.113,0.151,1
"Dcun1d4",0.928761108569264,0.385807415755426,0.042,0.038,1
"Fkbp8",0.929020511597175,0.248292313685605,0.127,0.151,1
"B230217O12Rik",0.929106829592012,1.11164436455052,0.028,0.019,1
"Mical3",0.929129135990237,0.235949812834805,0.127,0.189,1
"A630001G21Rik",0.929281067578589,-0.43515672652489,0.113,0.17,1
"Cnpy3",0.929458454679503,0.649561565896657,0.07,0.113,1
"Sav1",0.929466516367265,-0.684989764760092,0.099,0.113,1
"Hibch",0.92948736310016,0.269134856297443,0.042,0.094,1
"Kdm4a",0.929634655524727,-0.675224679862452,0.085,0.132,1
"Etfbkmt",0.929639013383069,0.372100998620414,0.056,0.057,1
"Pnpla7",0.929727471478685,-0.541544904610194,0.042,0.075,1
"Zfp638",0.929757603317918,-0.387123346776317,0.338,0.472,1
"Xndc1",0.929771877864122,-0.775129837735466,0.085,0.113,1
"Tubgcp2",0.929788629982554,0.95416674339085,0.113,0.113,1
"Nle1",0.93002316036381,0.810399456537699,0.042,0.038,1
"Zfp407",0.930060949235172,0.321160668545393,0.549,0.623,1
"Msh6",0.930102835440083,0.590368264995129,0.085,0.113,1
"Utp23",0.930131583617917,1.30918604022515,0.042,0.038,1
"Poc5",0.93022414017742,-0.620572619692805,0.07,0.151,1
"Spast",0.930254466195912,0.464170119605522,0.141,0.189,1
"Pnldc1",0.930296749872473,-0.341623213926032,0.028,0.038,1
"Rasgrp2",0.93031063675369,0.289687248361634,0.056,0.038,1
"Wipi2",0.93033028732643,-0.311919822479621,0.07,0.094,1
"Ptpn7",0.930380804968806,-0.347321904069727,0.183,0.302,1
"Gid4",0.930400869443252,0.150485081312233,0.099,0.17,1
"Mrps26",0.930463681880978,-0.34583400539088,0.113,0.17,1
"Bap1",0.930542864878205,-1.88663172150297,0.014,0.019,1
"Rnf26",0.930542864878205,-1.88663172150297,0.014,0.019,1
"Aplf",0.930579251827576,0.274424270611917,0.028,0.038,1
"Gm17491",0.930588041904791,1.18868610515173,0.014,0.019,1
"Cenpm",0.930671988235354,-0.319332651052483,0.07,0.075,1
"Ctsb",0.930699629421621,-1.13675710458543,0.085,0.132,1
"Rprd1a",0.930754539862159,-0.167159344985123,0.127,0.226,1
"Med17",0.93077628794312,-0.96534463204076,0.056,0.075,1
"Dhcr7",0.930933067885303,0.453874693685787,0.042,0.038,1
"Hspa14",0.931011044924488,0.164238520775957,0.113,0.189,1
"Pola1",0.931083241631696,0.212303830057181,0.493,0.566,1
"Hspbp1",0.931091550736293,-1.72112397179358,0.042,0.094,1
"Fbxo25",0.93111953539915,-0.226901654770195,0.056,0.094,1
"Clk3",0.931121891784964,0.536699157953133,0.099,0.113,1
"Pdlim5",0.93114992683571,0.591085142269751,0.07,0.132,1
"Tsacc",0.93117022061578,-2.05647265046976,0.014,0.019,1
"Surf6",0.931209807044389,0.445999927180118,0.099,0.132,1
"Ing4",0.931282513983524,0.872642895831534,0.099,0.113,1
"Gtpbp10",0.93130575807243,0.482434242345551,0.085,0.075,1
"F830016B08Rik",0.931351319590649,-0.777619314712309,0.056,0.094,1
"Gm42941",0.931421270317945,-2.69540021492944,0.014,0.019,1
"Gm19585",0.931454830124239,0.132235614316612,0.07,0.094,1
"Slc12a7",0.931735170381657,-0.639159884997003,0.014,0.019,1
"Avl9",0.931841211296266,-0.25778135730657,0.197,0.283,1
"U2af2",0.931914225743576,-0.611549811663239,0.155,0.226,1
"Pdxdc1",0.931935938479823,0.652949697700473,0.183,0.208,1
"Rere",0.931979894494687,0.175180680578704,0.394,0.434,1
"Aatf",0.932041350408543,0.205186164790433,0.282,0.358,1
"Rps19bp1",0.932168931662775,-0.54257607649407,0.042,0.075,1
"Rap1a",0.932200093135138,-0.198793872798575,0.479,0.528,1
"Rbm6",0.932219609908069,0.109158222363804,0.479,0.585,1
"E2f5",0.932252591937401,-0.145915210750508,0.07,0.132,1
"Exo5",0.932331656432543,-1.92765776898461,0.028,0.057,1
"Babam2",0.932524956975887,0.116533689496127,0.507,0.547,1
"Hmbox1",0.932529784033933,-0.182802567543703,0.268,0.377,1
"Bfar",0.932535633545987,0.513360214354039,0.183,0.189,1
"Lair1",0.932593414901054,0.438585289963829,0.085,0.075,1
"Sfmbt2",0.932649629748592,0.363460713180356,0.099,0.17,1
"Slc35f2",0.932650791242882,0.437668989056698,0.07,0.075,1
"Prr12",0.932882469663314,-0.228501076144428,0.07,0.132,1
"Kansl1l",0.932937719028431,0.122219003789515,0.085,0.113,1
"Ubap2l",0.932938635963743,-0.243570839452526,0.38,0.509,1
"Myo9b",0.93298181462059,-0.309982642709599,0.282,0.396,1
"Ap3s1",0.933020407580358,-0.140029187273202,0.127,0.17,1
"Pts",0.933086846245802,-0.35549388123284,0.056,0.057,1
"Stat4",0.933087187576141,0.164610649135914,0.507,0.604,1
"Slx4",0.933169271620653,0.624008873822362,0.056,0.038,1
"Ints3",0.933181259233891,0.710057694739771,0.042,0.057,1
"Lrp1b",0.9332432962551,1.7184762608543,0.014,0.019,1
"Pcf11",0.933398905657092,-0.175307055409919,0.239,0.302,1
"Xpa",0.933468693425779,0.508346110788546,0.056,0.113,1
"Pck2",0.933501753004105,-2.4973058698586,0.028,0.057,1
"Phf19",0.93357094155751,0.382166959806583,0.056,0.075,1
"Cat",0.933642132413155,0.469577179394068,0.042,0.075,1
"Rdh11",0.933674452993749,-0.136793465781498,0.056,0.057,1
"Map3k10",0.933675239972301,-0.117807686293147,0.042,0.038,1
"Riok1",0.933687921294971,0.33144015656067,0.296,0.34,1
"Rab6a",0.933718279072194,0.127877568605215,0.155,0.245,1
"Mtpap",0.93377244432379,0.153435091261176,0.169,0.208,1
"Esyt1",0.93396488221639,-0.135607987640333,0.197,0.283,1
"Ttyh3",0.934027932501206,-1.80583085550537,0.028,0.094,1
"Calu",0.934055848922995,0.51940754512329,0.127,0.151,1
"Psma3",0.934056196402604,0.236011202372476,0.268,0.34,1
"Lfng",0.934187747459106,0.384052010516718,0.141,0.151,1
"Errfi1",0.934224148223383,1.04989207669178,0.113,0.113,1
"Neurl4",0.934254524380816,0.754593699150351,0.042,0.038,1
"Cep43",0.934261840403927,-0.597560157001955,0.141,0.264,1
"Wbp1l",0.934325351227777,-0.439239493782063,0.099,0.208,1
"Cdca7",0.934347791068756,0.902877447660066,0.085,0.132,1
"Nup153",0.934404881822962,-0.129574334637564,0.366,0.509,1
"Ccnk",0.934561131444226,0.432276586497954,0.099,0.132,1
"Nr4a3",0.934633770834375,-1.26731922045859,0.056,0.057,1
"Tbc1d13",0.934677718148351,1.74746002657743,0.042,0.038,1
"Fbxo8",0.934682050775378,0.169965642614869,0.056,0.057,1
"Mtif3",0.934745131340359,-0.436159787407896,0.042,0.057,1
"Sh3bp5l",0.934753876246682,1.19655822819561,0.014,0.019,1
"Tpmt",0.934816873034144,1.19732543383927,0.014,0.019,1
"Ranbp9",0.934895681487795,-0.141330830174796,0.324,0.453,1
"Nelfe",0.934976018551824,-0.260564226532638,0.085,0.094,1
"Pop4",0.935015586397163,-0.656444743230031,0.028,0.038,1
"Dym",0.935018774575467,0.227184505855775,0.197,0.283,1
"Coa4",0.93506289493265,0.377273218901742,0.028,0.038,1
"Igfbp4",0.935076205023258,-0.395366785555161,0.099,0.094,1
"Glrx5",0.935275734847893,0.34731562288291,0.085,0.113,1
"Gm44174",0.935290464867622,-0.402246506883137,0.085,0.075,1
"Mef2d",0.935447372692031,-0.228631166760642,0.155,0.208,1
"Zfp219",0.935468491624051,0.395383155948148,0.014,0.019,1
"Lancl2",0.935479623689955,0.168845333590094,0.014,0.038,1
"Rtkn2",0.935490622282448,0.49428685942842,0.042,0.075,1
"Adgre5",0.935548612480912,0.574879447037601,0.113,0.151,1
"Uba3",0.935570876091612,-0.237555070902175,0.085,0.151,1
"Trmt10a",0.935612347192713,0.309459993042907,0.085,0.094,1
"Pcnx3",0.935662812900799,0.807557531206601,0.028,0.057,1
"2410004B18Rik",0.935670090519639,-0.355429664330398,0.085,0.132,1
"Gm6034",0.935723181537208,-2.20750958873254,0.014,0.075,1
"2700097O09Rik",0.935805051609505,0.299995980586101,0.042,0.057,1
"Atp5g3",0.935819026171465,-0.654997497522538,0.099,0.208,1
"Eif6",0.935928043786545,0.750355855840384,0.042,0.075,1
"Poldip2",0.935955856737749,-0.397252770088358,0.07,0.132,1
"Polr2a",0.936010627159203,0.162892888223804,0.268,0.358,1
"Clcn5",0.936040634066317,0.309460205717619,0.155,0.226,1
"Ostc",0.936081488151226,-0.463700641648069,0.127,0.151,1
"Gm13546",0.936113953561756,-0.980882912483176,0.014,0.038,1
"Cdadc1",0.936186616289585,-0.224172690391661,0.099,0.151,1
"Samd8",0.936268695715412,-0.138403963511974,0.07,0.113,1
"Gatd3a",0.936340273309364,-0.980118601821756,0.042,0.057,1
"Phf5a",0.93636323894731,0.13557568440778,0.07,0.132,1
"Nelfcd",0.936525682581043,-0.105811225707377,0.028,0.057,1
"Atp5g1",0.936634420378186,-1.22301047283796,0.07,0.151,1
"Gm56507",0.936661610278887,0.818110492808346,0.014,0.019,1
"Cwc15",0.936728199062482,0.305597195199262,0.141,0.208,1
"Aff1",0.936906016017804,-0.398965063443788,0.141,0.208,1
"Rps6ka1",0.936957292348642,-0.328130396223656,0.085,0.132,1
"Fntb",0.936961639148834,0.419880794168487,0.169,0.208,1
"Pgrmc2",0.936994469637636,0.351155367459657,0.056,0.094,1
"Gm14326",0.937024761326431,1.2245230112745,0.014,0.019,1
"Nt5dc3",0.937033038709419,0.275790764428832,0.085,0.075,1
"Ppp2r5d",0.937147079704298,1.71602974702472,0.028,0.038,1
"Smim19",0.937197695455976,-1.06240791577032,0.028,0.057,1
"Tulp3",0.937230978534984,0.595613058123783,0.042,0.075,1
"Cdon",0.937360249306571,-1.32443502197601,0.085,0.17,1
"Nrde2",0.937362602469339,1.32995971953506,0.056,0.038,1
"Rexo2",0.937418723714702,-0.611419248541842,0.127,0.245,1
"H1f3",0.937432409671274,-0.182912058248002,0.169,0.245,1
"Cdc23",0.937509017748401,0.505909388049055,0.099,0.113,1
"Snrnp200",0.93753094887631,0.471234338599023,0.183,0.226,1
"Sec61a2",0.93755912083957,-0.24607319878795,0.056,0.094,1
"4930509H03Rik",0.937619840220766,1.20375480534865,0.028,0.038,1
"Nrgn",0.937667797606645,1.08348727885927,0.014,0.019,1
"Ost4",0.937815301170959,-0.831108935926455,0.085,0.17,1
"Msl3",0.93800270920912,0.231446257519292,0.085,0.094,1
"Gm57006",0.938032838686947,0.177892620576254,0.042,0.057,1
"Atl2",0.938203002929144,0.407575857931773,0.141,0.151,1
"Msh2",0.93843249763958,0.651115198336136,0.169,0.189,1
"Tmem183a",0.938522443888593,-0.277142421806881,0.113,0.113,1
"Sephs2",0.938658333722496,-0.130186198378477,0.056,0.094,1
"Flii",0.938756059374973,-1.48714935249043,0.056,0.113,1
"Tmbim4",0.939037043432577,0.577052141501686,0.07,0.113,1
"Mrpl43",0.939054060195336,0.418257767453806,0.085,0.094,1
"Primpol",0.939126610665197,-0.954463945229777,0.099,0.189,1
"Firre",0.939139254841348,1.58905028832931,0.056,0.057,1
"Zfyve27",0.93920891653753,-0.149407122473263,0.028,0.057,1
"Srpk2",0.939230805008275,0.525431760192204,0.183,0.264,1
"Cbx1",0.93926881925819,-0.473059641118117,0.254,0.377,1
"Shmt2",0.939279059816454,0.82627344883221,0.056,0.075,1
"Apoo",0.939309408269494,0.133651662244622,0.07,0.094,1
"Heatr6",0.939322837784564,0.336064359426284,0.099,0.151,1
"Guf1",0.939498748131949,0.539870502312672,0.07,0.075,1
"Gdap2",0.939564438295191,0.6675950696481,0.028,0.075,1
"Gm46652",0.939619200360555,0.765025141486433,0.014,0.019,1
"Prrc2a",0.939683261783751,-0.314019797539186,0.183,0.283,1
"Gm13832",0.939693255658359,0.385612718620147,0.141,0.17,1
"Rbck1",0.939833978318049,-0.695648726303948,0.07,0.151,1
"Ssbp1",0.939911297625575,-0.226569496778933,0.183,0.208,1
"Pms2",0.939932892057624,0.184880383033854,0.127,0.189,1
"Ubfd1",0.940109270337373,0.199202539808174,0.113,0.132,1
"Wdr5",0.940162039536477,-0.348347891945561,0.099,0.189,1
"Trip4",0.940177935676743,0.579463292284659,0.113,0.17,1
"Gm2a",0.940207923059407,0.143573103198049,0.07,0.113,1
"Capg",0.940283754747704,1.17169584081119,0.028,0.038,1
"Psmg4",0.940377172749631,-0.804151438257079,0.085,0.113,1
"Tle5",0.940379069592463,-0.165674033054875,0.183,0.302,1
"Abhd11",0.940389464495646,0.734430614220261,0.028,0.019,1
"Mtfr1",0.940494231013302,-0.282062148851284,0.113,0.17,1
"Sufu",0.940528850178913,-0.613627405858492,0.085,0.132,1
"Zfp646",0.940595269923646,0.415065937017234,0.085,0.113,1
"Zfp74",0.940619653580715,0.495996592141423,0.085,0.094,1
"Scd2",0.940657835050481,-0.499048346128401,0.197,0.321,1
"Nup50",0.940674874421538,0.237459257491487,0.127,0.17,1
"Ppp1r8",0.940715351319791,-0.579257417310646,0.085,0.132,1
"Klc1",0.940740235300825,-0.143484502622572,0.113,0.189,1
"Ngly1",0.940812816438466,0.129258022626684,0.197,0.264,1
"Satb1",0.940935243180663,-0.201633227010056,0.775,0.849,1
"9230114K14Rik",0.940941044789282,0.664295466405312,0.028,0.057,1
"ENSMUSG00000121500",0.940943862625552,-1.38807557940629,0.028,0.075,1
"Lsm1",0.940953020079508,0.208413056688437,0.099,0.113,1
"Peds1",0.940978234367296,-0.658623186207402,0.169,0.245,1
"Ppp6c",0.940978561231256,0.492119933132114,0.169,0.17,1
"Ube2a",0.940994766126151,-0.273131888808734,0.085,0.132,1
"Aig1",0.941013181108683,1.55825400934041,0.056,0.057,1
"Msantd4",0.941026628754224,-0.681422464921651,0.042,0.057,1
"Gm56714",0.94119718611806,-0.130256203711072,0.239,0.358,1
"Ccar2",0.941246232750864,0.792504426015257,0.099,0.113,1
"Sirt1",0.941252255012973,0.577871508417481,0.141,0.17,1
"Lrwd1",0.941267763052634,-0.673468137415945,0.028,0.057,1
"Sertad2",0.941318002157846,-0.694491233325302,0.085,0.151,1
"Mrpl34",0.941332377904184,-0.66388558449881,0.028,0.038,1
"Samsn1",0.941397633816174,-0.421455367879341,0.169,0.264,1
"Tespa1",0.9414100651988,-0.207705220110177,0.366,0.491,1
"Tle3",0.941495206547559,-0.519688780436994,0.07,0.057,1
"Psmc6",0.941583027657148,0.158692505319985,0.183,0.283,1
"Mgme1",0.941607853472326,-1.00526864799969,0.042,0.094,1
"Uxs1",0.941728413261604,0.286045192435072,0.155,0.245,1
"Zfp60",0.941761836303322,-0.539251903646072,0.028,0.038,1
"Drg2",0.9417706324078,0.799609428323471,0.014,0.019,1
"Fam114a2",0.941783266376517,-1.20831398829402,0.07,0.132,1
"Btg3",0.941825283084368,0.312750739662019,0.141,0.208,1
"Ankle1",0.941852265819497,-0.696884939300185,0.056,0.094,1
"Atg16l2",0.941881222180485,0.207963458083971,0.085,0.113,1
"Rpgrip1l",0.941929577849733,-0.642316191055639,0.042,0.057,1
"Tram2",0.941940870709424,0.300129490954602,0.07,0.094,1
"Rab19",0.941958742296414,0.563860678635401,0.099,0.132,1
"Arrdc1",0.942063341097045,0.198815410812506,0.042,0.057,1
"Ctc1",0.942067134122997,-1.00410338670086,0.056,0.151,1
"Ybx3",0.942080586896806,-0.362664956476969,0.211,0.321,1
"Nras",0.942100552424219,0.384162965213116,0.155,0.189,1
"Tmem134",0.942101272846867,-1.30045795469803,0.042,0.094,1
"Gm44686",0.942181275435791,-1.00591916439728,0.028,0.057,1
"Tmod3",0.942197878972107,0.223374872968717,0.211,0.264,1
"Ier3",0.942219165446311,1.50475884498747,0.056,0.057,1
"Kmt2a",0.942266412523895,0.194873953468178,0.479,0.547,1
"Stat3",0.942293466320096,0.31840222343834,0.239,0.321,1
"Cep85",0.94236931250435,-0.120068857405015,0.099,0.151,1
"Sec22b",0.942376843888503,-0.923262764592877,0.085,0.151,1
"Dph1",0.94241449319705,0.385396108790546,0.014,0.019,1
"Gpn3",0.942735261152766,-0.269192091848925,0.042,0.075,1
"Selenoh",0.942749380595893,-0.140640013529024,0.127,0.208,1
"Sf3b3",0.942941221440509,0.140478932322598,0.324,0.396,1
"Ctnnbl1",0.943004904814976,0.22252304049275,0.268,0.264,1
"Derl1",0.943051194091056,0.122604646814435,0.113,0.151,1
"Hif1an",0.943065834477071,0.698371625550135,0.07,0.113,1
"Pstk",0.943071797355034,1.34666066359216,0.028,0.057,1
"Yipf2",0.943079609171086,0.154318984884018,0.042,0.038,1
"Tsen54",0.943103373973348,0.198383614295358,0.042,0.038,1
"Adsl",0.943187406653558,-0.393126650871889,0.085,0.132,1
"Ttc21b",0.943216172821926,-0.363494851718517,0.056,0.094,1
"Polr2m",0.943276388514324,0.136143250775423,0.155,0.226,1
"Eef2k",0.943292425652981,0.320154324310314,0.014,0.019,1
"Gm57170",0.943355922722751,1.00621436797775,0.014,0.019,1
"Gm56549",0.943435469691724,0.487873989397187,0.07,0.113,1
"Gt(ROSA)26Sor",0.943442063977634,-0.125394454515218,0.085,0.17,1
"Spn",0.943470203035337,-0.455980887856967,0.169,0.226,1
"Lsm3",0.943472538101602,-0.438642700058426,0.07,0.151,1
"Taok1",0.943494498644303,-0.306409715969455,0.268,0.396,1
"Mrpl20",0.943528074249734,0.273918159621205,0.127,0.17,1
"Dgka",0.943629141099125,-0.194725438976548,0.239,0.245,1
"Dlgap4",0.943632118019686,-0.183663714280747,0.07,0.094,1
"Setdb2",0.943639424791973,0.359639990391762,0.155,0.17,1
"Zfp639",0.943658045151536,-0.298812780881212,0.056,0.075,1
"Zfp36",0.943966760937702,0.377749548591699,0.056,0.057,1
"Sh2b1",0.944112077829519,-1.63386225411076,0.028,0.057,1
"Stk38l",0.944154997122517,1.30378468318808,0.028,0.038,1
"Slc2a9",0.944227269387476,-0.179023414772161,0.155,0.208,1
"Luzp1",0.944233014217444,0.123024395210711,0.113,0.189,1
"Slc1a5",0.944352801802153,0.438839478912723,0.268,0.321,1
"Appbp2",0.944432320026228,0.347489922976088,0.197,0.208,1
"Rsf1os1",0.944509686101671,-0.599166517708613,0.042,0.057,1
"Zzef1",0.944651571775114,0.322095496674752,0.31,0.377,1
"Spin1",0.944798602650377,0.528289980515801,0.127,0.151,1
"Anapc4",0.944897383498967,-0.191922874240872,0.127,0.17,1
"Atp6v1c1",0.944898465620014,-0.535883233921921,0.07,0.132,1
"Mthfd1",0.944995149832544,0.355387146966841,0.239,0.264,1
"Tmem222",0.945005453767444,0.118734786394068,0.056,0.113,1
"Slc8b1",0.945114995978963,-0.354237822966142,0.028,0.057,1
"Lzts1",0.945137151059668,-1.88525538076916,0.014,0.038,1
"Flot2",0.945265400165159,0.116618549508534,0.056,0.075,1
"Twsg1",0.94528933919151,-0.162069520225066,0.028,0.057,1
"Ago3",0.945367688194469,0.196636295340179,0.141,0.208,1
"Srp54a",0.945387119815935,-0.285466307591673,0.056,0.075,1
"Adipor1",0.945397407348293,-1.18951909556463,0.042,0.057,1
"Notch2",0.945482236359402,0.41223014051276,0.268,0.302,1
"Abca7",0.945515482803913,0.422501883310616,0.042,0.075,1
"Trbc2",0.945612985863576,-0.512177723076476,0.254,0.434,1
"Mad2l2",0.945673460869688,0.761805520001713,0.07,0.075,1
"Zfp422",0.945725327490011,-0.854163184776638,0.028,0.075,1
"Fancc",0.945750123182645,-0.629032000813265,0.085,0.151,1
"Taf1a",0.945878117706404,0.835807622868114,0.099,0.094,1
"Rab4b",0.945927971109317,-1.28914677470068,0.07,0.132,1
"Ccdc127",0.945929641283679,0.563932404309519,0.085,0.113,1
"Ccdc85c",0.945959197914496,1.39742856060811,0.042,0.038,1
"Zbtb7b",0.94602125947652,0.142706154810097,0.056,0.075,1
"Rpl3",0.946087153434915,-0.307523432282316,0.437,0.528,1
"Ets2",0.946166060169216,-2.04399086536,0.028,0.057,1
"Rnf6",0.946170027258374,0.155906691612131,0.141,0.151,1
"Ccdc174",0.94617016017894,0.54157033741101,0.127,0.189,1
"Ccdc167",0.946252406128857,-1.39042825178665,0.042,0.094,1
"Rabac1",0.946265625460921,0.519405689651272,0.028,0.038,1
"Gbp9",0.946293754130035,-0.204259361399369,0.042,0.094,1
"Myo1f",0.946352125693485,0.108319935133251,0.127,0.132,1
"Gm38190",0.946622623997391,-0.158345786368964,0.028,0.038,1
"Ap1g2",0.946656565559221,1.79256110328487,0.056,0.038,1
"Ppp2r5e",0.946831367718827,-0.103100152966807,0.338,0.396,1
"Poc1b",0.946844914695172,-0.528424904055376,0.056,0.113,1
"Podnl1",0.946908963302225,0.528785953633379,0.056,0.113,1
"Nom1",0.946911761829777,0.199339273231961,0.099,0.189,1
"Pxn",0.946987239067785,0.737350928282333,0.113,0.132,1
"Atpaf1",0.947042497582223,1.08126877535847,0.085,0.094,1
"Srp14",0.947072383730214,0.234354602310667,0.113,0.17,1
"Itpa",0.947138875326117,0.984447819364143,0.028,0.057,1
"Lif",0.947185612963845,0.328812064068279,0.141,0.208,1
"Puf60",0.947206302816755,0.385287413077388,0.056,0.094,1
"Srsf3",0.94721970680049,-0.166107361150148,0.394,0.491,1
"Rubcn",0.947233524589664,0.908807886320466,0.042,0.075,1
"Blzf1",0.94741266645956,-0.521157311534595,0.042,0.075,1
"Bak1",0.947664662791099,-0.713468640894715,0.028,0.057,1
"Add3",0.947699498031266,0.19455270153757,0.225,0.321,1
"Zfp932",0.947725140673629,1.36530411314149,0.014,0.019,1
"Gfm1",0.947750666674727,0.423660775800652,0.07,0.113,1
"Gbp5",0.947779012018504,-0.431849575337079,0.056,0.075,1
"Cep97",0.947785208547896,-0.909765574405487,0.085,0.113,1
"Supt5",0.947882688817883,-0.244301853544696,0.197,0.264,1
"Cep55",0.948028235459366,-0.479049722078417,0.155,0.189,1
"Gm13571",0.948240066152553,1.24864812708425,0.014,0.019,1
"Nfkbil1",0.948271148207056,-0.122274602182776,0.085,0.094,1
"Nckap5l",0.948322592261829,1.07539311722683,0.028,0.038,1
"D6Wsu163e",0.948322989234107,1.06855267077453,0.028,0.057,1
"Fas",0.948448692489496,0.920704275469322,0.127,0.189,1
"Dnajc3",0.948532743427793,0.123619632489868,0.324,0.434,1
"Gm47467",0.948676813396516,-0.64776592232921,0.028,0.038,1
"Gm35417",0.949004287397579,0.557887827796733,0.028,0.019,1
"Cfl2",0.949110370745496,-0.385377215721297,0.113,0.132,1
"Nfkb2",0.949165803726574,0.674582787412394,0.056,0.038,1
"Chchd6",0.949191396731895,0.559413810451608,0.085,0.094,1
"Gbf1",0.949192145713446,-0.127189282410942,0.366,0.509,1
"Pithd1",0.949246871301728,-0.858624097908127,0.028,0.057,1
"Manea",0.949317293393032,-0.352591000352135,0.042,0.075,1
"Pde1b",0.949330915587297,-0.41018223971202,0.028,0.057,1
"Zfp281",0.949414702880017,0.569866848481615,0.113,0.113,1
"Lin7c",0.949420358473662,-0.381242232473396,0.028,0.075,1
"Ilf2",0.949450982038582,-0.743773997854853,0.113,0.208,1
"Psen1",0.949472630976054,0.233933333229514,0.197,0.245,1
"Gm12840",0.949517317174783,0.900794848920677,0.07,0.094,1
"Ssr4",0.94959674250349,-0.391088474040598,0.127,0.189,1
"Galt",0.94965929451403,1.26672060382524,0.014,0.019,1
"Pou2f2",0.949766491231643,0.747444936231775,0.042,0.057,1
"Otud7b",0.949787983322696,0.139204243459564,0.127,0.189,1
"Abcb1a",0.949821127656822,-0.70838978447425,0.042,0.075,1
"Jpt2",0.949834579354927,0.61061753170903,0.099,0.075,1
"Ndufaf8",0.950066870194944,-0.455544575715191,0.056,0.075,1
"Cltb",0.9501663979002,0.230009780926445,0.028,0.075,1
"Pnp",0.950172620857331,0.527498281844878,0.085,0.113,1
"Zfp40",0.950176593712755,0.745249036726829,0.014,0.019,1
"Med8",0.950207771170718,0.411729610184394,0.056,0.057,1
"Lpxn",0.950220939076503,0.103979883154042,0.169,0.245,1
"Erh",0.950224328579031,0.564371870900477,0.155,0.208,1
"Dnajc8",0.950337421247163,-0.653401937548092,0.113,0.208,1
"Zfp958",0.95038719840907,0.238881283735895,0.113,0.151,1
"Parn",0.950483714639308,0.369963326788976,0.197,0.226,1
"Pign",0.950484446022374,0.504128343579207,0.254,0.245,1
"4930444A19Rik",0.950519729258081,0.530040184052293,0.127,0.113,1
"Bcr",0.950526562022922,0.973536666221161,0.099,0.075,1
"4931414P19Rik",0.950540901476277,0.491980769406878,0.042,0.038,1
"Ccdc25",0.950542175968454,0.204698447184896,0.085,0.094,1
"Rpf2",0.950630942982834,0.504013201063891,0.155,0.17,1
"Ifi27",0.950664803227274,-0.153611886898389,0.056,0.094,1
"Pura",0.950724623762812,-0.303545112493578,0.141,0.245,1
"Ubl3",0.950750672335106,-0.278910705219099,0.169,0.264,1
"Zranb1",0.950775356595463,-0.418157032466432,0.169,0.264,1
"Dhps",0.950822199999711,0.745412709811372,0.099,0.094,1
"Lipe",0.950824179090867,-1.28293296622366,0.014,0.019,1
"Rffl",0.950832984106978,0.616276932854055,0.07,0.094,1
"Ppie",0.951004713760045,-0.115086513376943,0.085,0.113,1
"Rbm4b",0.951081960867137,-0.448500927734876,0.028,0.075,1
"Ube4a",0.951180671319841,0.157075843843482,0.211,0.283,1
"Atrnl1",0.951197935412764,-0.103378440906433,0.127,0.132,1
"Golph3",0.951226996304283,-0.978512184635804,0.099,0.132,1
"Klhl5",0.951293497958492,-0.194184329302897,0.056,0.113,1
"Ssh1",0.951345829904851,0.419270716629055,0.042,0.075,1
"Bbs12",0.951351817830544,-1.05256933883261,0.056,0.094,1
"Wsb1",0.951372734475309,-0.113648059896586,0.211,0.283,1
"Gar1",0.951405433027184,-0.791558636732417,0.085,0.17,1
"Nek6",0.951428027498769,0.703288744696442,0.085,0.057,1
"Kat5",0.951441336056547,0.105357729557706,0.028,0.038,1
"Ube2g1",0.951458759529203,0.260031315620262,0.338,0.396,1
"4732440D04Rik",0.951472188464813,0.476451277369306,0.042,0.075,1
"Slf2",0.951477491440627,-0.178988262716596,0.268,0.377,1
"Alas1",0.95158735320634,-0.682190313050018,0.028,0.038,1
"Sec24c",0.951644073526958,0.430920393714538,0.127,0.189,1
"Zfp951",0.951712445163473,0.198860220154486,0.07,0.094,1
"Eri2",0.951825397915919,0.420939942987599,0.056,0.075,1
"Gsto1",0.951995363798999,-1.12684423605834,0.028,0.057,1
"Rab9",0.952002083747554,0.440259600934302,0.07,0.094,1
"Clec2d",0.952124439571222,-0.375613683407014,0.113,0.208,1
"Zmym1",0.95213093820596,0.511604138154509,0.07,0.057,1
"Mast4",0.9521999459214,0.752533047057922,0.056,0.075,1
"Arhgef12",0.952214409066772,0.603672870980959,0.056,0.094,1
"Zfp142",0.952260901393695,0.363897535906269,0.07,0.094,1
"Rnf20",0.952263306195215,-0.702209919280486,0.183,0.302,1
"Lsm2",0.952263875784229,0.281406143316825,0.085,0.113,1
"Sdcbp",0.95231449946521,-0.105212646314821,0.183,0.189,1
"Cisd1",0.952361320203975,0.556503759249786,0.07,0.113,1
"Sash3",0.952391736295166,-0.48313423488601,0.169,0.283,1
"Srrt",0.952395823317905,-0.740788137535255,0.169,0.302,1
"Btrc",0.95239896863271,0.305081270537091,0.07,0.132,1
"Pwp1",0.952570632234865,0.554701394056785,0.056,0.038,1
"Sh2d4b",0.95257833184037,-2.14925438348163,0.014,0.019,1
"Ikbke",0.952658508164975,-0.182482172582396,0.113,0.151,1
"L1cam",0.952791003689403,-0.130080097900158,0.042,0.057,1
"Hspa4",0.952840192224604,-0.213613068037821,0.352,0.509,1
"Ppp1ca",0.95315141884623,-0.782216076063204,0.169,0.264,1
"Prdx5",0.953176463599165,-0.621964503601668,0.056,0.075,1
"Marchf6",0.953425050308714,0.326388130196372,0.225,0.264,1
"Plekhf2",0.953455291101894,0.245758004880946,0.07,0.057,1
"Gripap1",0.953479630158768,0.874165904597088,0.085,0.132,1
"Rnf7",0.953555926091932,0.479589916747658,0.085,0.132,1
"Cnbd2",0.953797018498024,-0.14377012190094,0.056,0.075,1
"Hacl1",0.953931435636868,0.692973910682546,0.028,0.038,1
"Cyc1",0.953951069057746,-0.761503089724987,0.056,0.113,1
"Tpm3",0.95408212236295,0.176434192794905,0.437,0.509,1
"Gpr18",0.954117554636553,0.354749023131846,0.056,0.038,1
"Smarce1",0.954133995173985,-0.241821676558172,0.183,0.245,1
"Rabep2",0.954365014296207,0.46653714116004,0.056,0.075,1
"Golga2",0.954365019861202,-1.19076488858956,0.056,0.132,1
"Rad9a",0.954387093409692,-0.521303718014583,0.028,0.075,1
"Gpr183",0.95442599978217,0.253305387261144,0.141,0.132,1
"Paxip1",0.954486599820105,-0.227860149214619,0.07,0.17,1
"Mtmr9",0.954581220690592,0.242855672186406,0.07,0.094,1
"Sdhb",0.954662302000355,-0.368965126873134,0.169,0.302,1
"Morf4l1",0.954665247598767,0.136023430695806,0.324,0.415,1
"Kdm4d",0.954747239052499,0.346796964685329,0.056,0.057,1
"Parp16",0.954800272712369,1.46710901185765,0.014,0.019,1
"Gtf3c6",0.954873099748103,-0.974792513758028,0.028,0.057,1
"Gzf1",0.954928434691788,-0.824379827019497,0.014,0.038,1
"Zfp12",0.954928434691788,-0.824379827019497,0.014,0.038,1
"Tasl",0.954931468774879,1.33591510760301,0.014,0.019,1
"Bop1",0.954968286367722,0.621266491798378,0.085,0.094,1
"Rps16",0.954968578004264,-0.438134492330638,0.366,0.491,1
"Ifnar1",0.954977716700826,-0.768030624402043,0.113,0.245,1
"Polr2f",0.955042340464872,0.21921847326525,0.056,0.057,1
"Kpna2",0.955126313791897,-0.127221420050831,0.099,0.151,1
"Zfp106",0.955168458060034,-0.109482795303221,0.239,0.358,1
"Vgll4",0.955295343630949,0.285051927854317,0.099,0.151,1
"Trim36",0.955325406728179,1.34121523191151,0.014,0.019,1
"Cep104",0.955384869844016,-0.915950742201189,0.056,0.094,1
"Gmfb",0.955438012668754,-0.188146509788149,0.155,0.208,1
"Mfsd1",0.955457196407194,0.137465566959677,0.07,0.094,1
"Gsdme",0.955470046840772,1.09158365995645,0.085,0.057,1
"Akap13",0.955588227527912,-0.173468280805663,0.704,0.792,1
"Ippk",0.955620673313932,-0.470445997075154,0.113,0.151,1
"2310033P09Rik",0.955637658194711,-0.531677930565538,0.042,0.075,1
"Usb1",0.955695847837029,0.767757685001763,0.056,0.075,1
"Cdc25b",0.955700438177961,0.552152274181373,0.085,0.113,1
"Fndc3b",0.955857419768085,0.915211951742979,0.042,0.057,1
"Ecm1",0.955864291790305,-0.551051095275182,0.056,0.132,1
"Suclg1",0.955897850328578,-0.539927470929185,0.07,0.132,1
"Chkb",0.955933505428648,1.30328308748983,0.07,0.057,1
"Setd7",0.956034584146593,0.228607806968431,0.211,0.283,1
"Armc3",0.956049028335531,1.35099758516427,0.014,0.019,1
"Med12l",0.956074548239317,-0.365963193706204,0.07,0.075,1
"Rabl3",0.956130578869722,-2.13180850063279,0.028,0.038,1
"Acer3",0.956246432192488,0.488856386347297,0.113,0.113,1
"Grap",0.956264364123809,0.318243923552615,0.183,0.208,1
"Trappc9",0.956413097330182,0.138066513134773,0.324,0.434,1
"H2-M3",0.956451666042539,0.296006946602731,0.056,0.075,1
"Arl6ip4",0.956528850196966,-0.153554258788347,0.099,0.151,1
"Actr8",0.95653603716278,1.0109623284379,0.028,0.057,1
"Ier2",0.956580997491787,-0.261729843524029,0.085,0.094,1
"Wdr62",0.956603077468318,0.591960498280445,0.028,0.057,1
"Nus1",0.956728400000253,0.389120483077755,0.099,0.151,1
"Sec61b",0.956737483900316,-0.50100585451828,0.099,0.208,1
"Fam120b",0.956762198329348,0.295746425675608,0.169,0.245,1
"Tmem123",0.956800431430457,0.267253808616455,0.183,0.208,1
"Ing1",0.95687604635132,0.335087598707264,0.042,0.113,1
"Sel1l",0.956919695889302,-0.690392550148521,0.113,0.245,1
"Ykt6",0.956980360415725,-0.53511123817692,0.042,0.075,1
"Etfa",0.957061272371244,0.190462481743274,0.141,0.208,1
"Tyw5",0.957072356146998,1.64079218832631,0.056,0.038,1
"Zdhhc18",0.957181479687665,0.144186629119702,0.282,0.34,1
"Gm4890",0.957330430534425,1.25890416204064,0.042,0.038,1
"Acbd6",0.957341572648102,0.128644689402652,0.254,0.34,1
"Serp1",0.957410431135488,-0.632483375415382,0.113,0.132,1
"Mrpl32",0.957450355623223,-1.12866930428923,0.042,0.057,1
"Igf2r",0.957471134563802,0.150899457431698,0.197,0.208,1
"Dclre1a",0.957523713596337,0.503618966425588,0.056,0.057,1
"Zfp764",0.957568288664817,-1.36396341094396,0.014,0.019,1
"2810001G20Rik",0.957833420783981,0.811236842550797,0.014,0.019,1
"Smarca4",0.957883525074836,0.124254120738705,0.31,0.377,1
"Acp1",0.957902297573653,0.273712770122374,0.042,0.094,1
"Fancd2",0.958040893219698,0.294948918459605,0.099,0.151,1
"Ppp1r37",0.958113886533818,0.777251775597551,0.056,0.057,1
"Atcay",0.958158884825342,0.719340459809746,0.042,0.057,1
"Fem1b",0.958260460564712,0.751536016336046,0.07,0.057,1
"Gna15",0.958283374487799,-0.849802330918436,0.042,0.038,1
"Rrp12",0.958383542108094,0.411516947292719,0.07,0.113,1
"Wdr82",0.958402683514384,0.122531813375302,0.268,0.34,1
"Spcs1",0.95847399880579,-1.15293615815622,0.042,0.075,1
"Ppp1r18",0.958525157315897,-0.666277491494256,0.141,0.245,1
"Rab11a",0.958532670836239,0.917295717474638,0.056,0.057,1
"Tubb6",0.958543349217196,0.289304246088795,0.042,0.038,1
"Mbd3",0.958576685177593,0.213802184672487,0.07,0.113,1
"Rap2b",0.958590260634117,0.545229607958152,0.028,0.057,1
"Pex3",0.958606443350172,-1.0638275011924,0.07,0.094,1
"Ddias",0.958719099697149,0.730305694767864,0.042,0.057,1
"Ppat",0.958894035044121,0.128096449595969,0.141,0.208,1
"2610005L07Rik",0.9589085241314,0.689991988224039,0.099,0.132,1
"Vps41",0.958960166220514,0.235558188018522,0.127,0.17,1
"Necap2",0.958992289349012,-0.186689116725088,0.07,0.113,1
"Eif2s2",0.959091700462508,0.235408801182744,0.38,0.453,1
"R3hdm4",0.959171042349612,0.128263824013531,0.056,0.094,1
"Polr1b",0.959194463990676,-0.596467692473523,0.056,0.132,1
"Zfp524",0.959423553179138,0.773813973045327,0.056,0.057,1
"Zcrb1",0.959575224179152,0.378838657194048,0.197,0.245,1
"Nhlrc2",0.959699299170485,0.178994155474543,0.324,0.415,1
"Fam8a1",0.959775429552876,-2.40887551686342,0.028,0.094,1
"Arhgap18",0.959802938010681,-0.154291399357571,0.197,0.245,1
"Cenpv",0.959811369552079,0.372498951985779,0.056,0.075,1
"Atp5md",0.959852164794856,-0.39952599060574,0.085,0.17,1
"Lrrc20",0.959892356536977,-0.385721759069107,0.07,0.094,1
"Acad8",0.959899572502105,0.169731729369157,0.042,0.038,1
"Zswim8",0.95991781698713,1.47684118244475,0.056,0.057,1
"Csf1",0.96008521233999,0.234499679258738,0.014,0.038,1
"Rexo4",0.960117575458124,0.381615052972337,0.085,0.132,1
"Shc1",0.960167855360207,-0.339390120780045,0.056,0.075,1
"Cnnm2",0.960185090720783,-0.113250308507467,0.085,0.094,1
"Upf3a",0.960219185552195,0.375329180560935,0.113,0.151,1
"Gnb1l",0.960242753313878,-0.565860873903296,0.042,0.075,1
"Mtch2",0.960284285248842,-0.108750346975534,0.113,0.189,1
"Brix1",0.960284588967223,0.291397083444334,0.141,0.189,1
"Dram2",0.960304243856608,-0.14265376148643,0.113,0.132,1
"Mybl1",0.960337495011268,-0.61444130182228,0.042,0.075,1
"Acap1",0.960352346942468,-0.475060427923137,0.127,0.208,1
"Zer1",0.960384579473959,-0.145535197799014,0.042,0.075,1
"Ppwd1",0.960547367002233,0.295328869208103,0.127,0.17,1
"Cask",0.960566741128799,0.397971142368774,0.056,0.057,1
"Washc3",0.960624317737259,-0.37404951083235,0.07,0.113,1
"Gins2",0.960674951161162,0.660347037593533,0.056,0.075,1
"Gimap3",0.960692726392381,-0.283991066187866,0.423,0.547,1
"Piga",0.96075436333999,0.157167616064855,0.085,0.113,1
"Bend3",0.960820683094879,0.570537866353711,0.014,0.019,1
"Man2c1os",0.96082190715927,1.4087825317388,0.028,0.038,1
"Sh3bp5",0.960947602217874,-0.481902840957566,0.155,0.226,1
"Atp6v0c",0.961012650508242,-0.504734952738462,0.028,0.075,1
"Cldnd1",0.961065628092816,0.327930653250269,0.042,0.057,1
"Rpf1",0.961107586654225,0.548176651880591,0.07,0.132,1
"Lpcat4",0.961226717019365,-1.03403683842089,0.028,0.057,1
"Dnajb14",0.961292032838603,2.01104044219437,0.028,0.038,1
"Cep120",0.961365202748657,-0.119351037970324,0.155,0.226,1
"Clasrp",0.961386547015202,-0.606597069753353,0.056,0.113,1
"Stoml2",0.961507473207635,-0.636527742297648,0.056,0.094,1
"Sytl3",0.96154099001827,1.03465596197862,0.085,0.057,1
"Tbc1d16",0.961577809797934,-1.35536615964279,0.014,0.019,1
"Mtbp",0.961828320589112,-0.558883647592505,0.127,0.189,1
"Slc5a3",0.961879692118611,1.28693643637108,0.028,0.038,1
"2610037D02Rik",0.961928953622865,0.345761067533181,0.042,0.057,1
"Gemin5",0.961957534314252,0.742604889337031,0.127,0.17,1
"Ppfia1",0.962000859715112,-0.203591913561426,0.155,0.264,1
"Zc3h13",0.962039258033059,-0.180573457229304,0.324,0.434,1
"Rps13",0.962059940089477,-0.131922274033039,0.437,0.547,1
"Txnl4a",0.962079908991002,-0.842555544044379,0.042,0.075,1
"Flot1",0.962117101988457,0.413324814858477,0.028,0.057,1
"Gm43462",0.962206697194727,0.216860442885001,0.056,0.057,1
"Apba3",0.962297456445482,-1.57224455512927,0.028,0.057,1
"Rnf121",0.962423786561602,0.162097668488433,0.113,0.17,1
"Csgalnact2",0.962465146964902,1.06257859798175,0.07,0.075,1
"Mdm1",0.962500320813548,0.197438173294042,0.042,0.057,1
"Zfp212",0.962532459072605,0.338304993940126,0.028,0.057,1
"Cstf1",0.962549672209207,-0.14075047140437,0.07,0.094,1
"Ndst1",0.962651927527273,-0.160133297496089,0.056,0.094,1
"Trp53inp1",0.962680424806386,0.622751189878049,0.169,0.208,1
"Abi3",0.962716966114504,-1.19901004604309,0.042,0.075,1
"Bmi1",0.962742661481004,-2.37140832835412,0.028,0.057,1
"Smarcc1",0.962782276758469,-0.138043012509818,0.437,0.547,1
"Slc31a1",0.962795670556448,1.00033107695015,0.056,0.075,1
"Soat1",0.962969841950914,0.387013141692984,0.085,0.113,1
"Psmb5",0.963083816704996,-0.372173579502817,0.085,0.132,1
"Filip1l",0.963093300226433,0.546408172902857,0.38,0.377,1
"Kctd20",0.963133105341733,0.400425988756495,0.07,0.113,1
"1110038F14Rik",0.963287958716121,-1.23120263767757,0.056,0.113,1
"Kif20a",0.963301317586427,-0.458894676379272,0.07,0.094,1
"Lrrc59",0.963342461410784,-0.587604694636783,0.099,0.189,1
"Nudt19",0.963351224605003,-0.94320098252369,0.042,0.057,1
"Mrpl3",0.96343271117498,-0.187162594365341,0.197,0.302,1
"Il1rap",0.963520131074156,-0.819291344967658,0.056,0.094,1
"Ccp110",0.963523830901026,-0.810605359929975,0.042,0.075,1
"Alg8",0.963856695915975,-0.14471099315941,0.085,0.132,1
"Ptprj",0.963947941519684,0.204445503924053,0.127,0.189,1
"Slc11a2",0.963986174829992,0.251489279073288,0.07,0.075,1
"Sf3b5",0.964127698373283,-0.936003053860085,0.085,0.17,1
"Cks1b",0.964248059063868,-0.860830201551175,0.07,0.132,1
"Tufm",0.964284335877242,1.09633184949711,0.042,0.038,1
"Szt2",0.964342782681463,1.11965806096187,0.07,0.057,1
"Gm32036",0.964526280456049,-0.272669940959315,0.056,0.075,1
"Gpr155",0.964570936178275,1.61938752845028,0.014,0.019,1
"Fastkd1",0.964692411004154,0.433797368248194,0.028,0.057,1
"Mdc1",0.964797164095308,0.185632585911373,0.07,0.113,1
"Psme3ip1",0.964802726618103,-1.06904420989694,0.056,0.132,1
"Ms4a4c",0.964803495629862,0.492207205811139,0.042,0.057,1
"Entpd5",0.964862767044292,0.138641938548593,0.085,0.113,1
"Ncoa5",0.96497283711816,0.917504386409495,0.169,0.189,1
"Atp5d",0.965017129345547,0.307388647361387,0.127,0.17,1
"Irak1",0.965130136889981,0.231162006256388,0.085,0.132,1
"Adcy6",0.965172518242782,-1.78468245759199,0.014,0.038,1
"Ecd",0.965206749441228,0.394725668514456,0.155,0.226,1
"Supv3l1",0.96527542975353,0.111607824729835,0.113,0.132,1
"Pgp",0.965373828854157,-0.375757228479174,0.127,0.151,1
"Ndor1",0.965376826729683,1.35888097462933,0.042,0.057,1
"Jmy",0.96547364494245,0.834149072116007,0.056,0.075,1
"Rara",0.965523067183359,0.718491908712231,0.056,0.038,1
"Nab1",0.965615204475214,0.165687284737776,0.141,0.208,1
"Ube4b",0.965656158691862,0.165906226948565,0.239,0.302,1
"Mrto4",0.965669585101744,0.694584804188952,0.085,0.094,1
"Phactr4",0.965764879398557,-0.923961009259036,0.07,0.113,1
"Aldh3a2",0.965838909274259,0.59576524517437,0.028,0.057,1
"C1galt1c1",0.96586055616536,1.14563596940701,0.028,0.038,1
"Gm43848",0.965880648546251,-2.33431197543511,0.014,0.019,1
"Rae1",0.965993827486891,0.3647565358467,0.155,0.226,1
"Tbc1d2b",0.9660043024475,0.293252983204404,0.183,0.208,1
"Wipf2",0.966012964090914,-0.981299286664304,0.099,0.208,1
"Yipf4",0.966073578901746,-0.734877729898391,0.056,0.113,1
"Gclm",0.96609540496648,-0.275860217225413,0.07,0.17,1
"Abraxas2",0.966184630156542,0.481017351062369,0.056,0.094,1
"Prkaa1",0.966191973233317,0.696603860413697,0.042,0.057,1
"Cops5",0.966272185174341,0.713999981571859,0.099,0.151,1
"Hspa8",0.966315520528382,-0.351029817347942,0.338,0.472,1
"Stt3b",0.966386688891188,-0.191907355029017,0.394,0.509,1
"Dnajc15",0.966397233812665,0.802822727692059,0.099,0.113,1
"Gm47664",0.966431405040369,0.798961133646047,0.07,0.075,1
"Naa38",0.966440398305105,0.307749594449275,0.028,0.057,1
"Ccdc86",0.966482915820635,0.389918952646398,0.042,0.038,1
"Parp10",0.966716196469703,0.511003878662343,0.056,0.094,1
"Snhg12",0.966727639337175,0.102501854644664,0.113,0.17,1
"Phlpp1",0.96679700404376,0.313748145970007,0.225,0.283,1
"Marcks",0.96689687984357,1.18578759653819,0.028,0.038,1
"Pdhb",0.966899345569986,0.372202139626095,0.099,0.151,1
"Exog",0.966914373959857,-0.550975680405951,0.056,0.132,1
"Ahsa2",0.967036471170675,0.184100198907329,0.028,0.057,1
"Manba",0.967059972436763,-0.144788908447651,0.042,0.057,1
"Polr1g",0.967061490162321,-0.292485004095115,0.056,0.113,1
"Cdkn2c",0.967192774101384,0.771133928852911,0.028,0.057,1
"Rab7",0.967259917121762,0.185834966469376,0.211,0.264,1
"Plk4",0.967310971216999,-0.39407242476904,0.169,0.283,1
"Ndufa6",0.967322144153633,-0.453281799870624,0.085,0.113,1
"Alg3",0.967358612805605,0.29138843539139,0.028,0.057,1
"Ipo4",0.967380901182029,0.365001477637947,0.028,0.057,1
"Cd82",0.967417136325528,-0.296194461044391,0.225,0.358,1
"Rbm43",0.967463120362113,-0.920642926095638,0.042,0.075,1
"Tfb1m",0.967469247290593,1.49727468029582,0.028,0.038,1
"Ghdc",0.967514535095601,0.412633780289324,0.014,0.019,1
"Hsd17b4",0.967544555218881,0.583042972474065,0.099,0.094,1
"Phlpp2",0.967663392607284,0.876493531740876,0.07,0.075,1
"Gtf2ird2",0.967700068643068,-0.146983798360566,0.056,0.094,1
"Cd80",0.967701789947866,0.680893593385,0.042,0.057,1
"Nup205",0.967704543632664,-0.439546793718991,0.225,0.377,1
"Uqcrc1",0.967827729805456,-0.584908135258502,0.113,0.151,1
"Dgcr2",0.967827848201272,0.533398146675462,0.127,0.151,1
"Klhl20",0.967883017116317,0.154494861503602,0.099,0.17,1
"Ccsap",0.967923159796741,0.368504680548341,0.099,0.132,1
"Ska1",0.968006098314326,-0.251964463098806,0.07,0.094,1
"Rpl18",0.968020635476511,-0.372363884011775,0.38,0.491,1
"Zfas1",0.968137235828812,-0.375045996438417,0.169,0.283,1
"Gm2000",0.968241264653419,0.251963365805445,0.07,0.094,1
"Pdcd1lg2",0.968308434084203,0.103813034819926,0.056,0.075,1
"Helb",0.968476565475428,0.383265683735846,0.113,0.113,1
"Map4k4",0.968515071320701,0.362776056775673,0.423,0.472,1
"A430033K04Rik",0.968650655001774,-0.636820707955355,0.028,0.057,1
"Ankra2",0.968691514745665,1.07575409416902,0.056,0.075,1
"Slc25a30",0.968848505714008,0.744817654284684,0.042,0.038,1
"Timmdc1",0.968858343802741,-0.264729965795323,0.113,0.151,1
"Mir17hg",0.968873724365708,0.415026337361726,0.085,0.113,1
"9530068E07Rik",0.968990525983858,-0.517025640625704,0.042,0.094,1
"Evi5l",0.968995474028701,-0.338587879188048,0.042,0.057,1
"Aifm1",0.969088386567185,0.17330581563276,0.141,0.226,1
"Zfp759",0.969105110862501,1.69415410434451,0.014,0.019,1
"Cyb561d1",0.969132972127183,-2.35246365379149,0.014,0.019,1
"Samm50",0.969193168843919,-0.259459326239131,0.085,0.132,1
"N4bp1",0.969203552129564,-0.205650228033694,0.169,0.264,1
"Nomo1",0.969280205239587,0.519784588592893,0.07,0.075,1
"Il20rb",0.969345776288582,0.399530266255941,0.014,0.019,1
"Gspt1",0.969484452356185,0.310288599502933,0.352,0.434,1
"Apex2",0.969493433800689,0.63379148752474,0.155,0.208,1
"Ilrun",0.969557649830123,0.147154215546113,0.169,0.245,1
"Rfx1",0.969578878421758,1.08090403583699,0.056,0.075,1
"Hars",0.969693930859851,-0.324361034949867,0.099,0.151,1
"Gabarapl2",0.969708451465749,-0.282135240293418,0.042,0.113,1
"Zfp710",0.969724173759506,0.239162455987643,0.07,0.094,1
"Pfkfb1",0.969832013824178,0.95597872306733,0.056,0.057,1
"Atp1b3",0.970012936958794,0.151589814864004,0.324,0.453,1
"Osbp",0.970084365612104,-0.626060495979481,0.099,0.208,1
"Arhgdia",0.97011402362233,-0.554522252165161,0.155,0.245,1
"Atp5j",0.970134439942334,-0.338527712552456,0.113,0.208,1
"Rragc",0.970143728787673,0.841400710399481,0.042,0.057,1
"Arhgap25",0.97017011541053,0.196976624822128,0.155,0.189,1
"Pcx",0.970209948448903,0.135396536088292,0.113,0.189,1
"Mtmr4",0.970223089023355,1.52615489634682,0.042,0.057,1
"Tbc1d8b",0.970236664500466,0.442286735629523,0.042,0.038,1
"Plod1",0.97027289310639,-2.2590552517085,0.014,0.019,1
"Prkra",0.97027289310639,-0.282136633316158,0.014,0.019,1
"Numb",0.9703367161543,0.157543350486161,0.296,0.377,1
"Ogdh",0.970340892874132,-0.236602977161312,0.268,0.415,1
"Oas1b",0.9703414652732,1.27858357750823,0.042,0.057,1
"Stc2",0.970342805532375,-0.120589304133844,0.127,0.17,1
"Mpv17l",0.970419985143842,0.974266420720732,0.056,0.057,1
"Aldh16a1",0.970441141541399,-0.529766226799733,0.028,0.057,1
"Fxr2",0.9704471605499,0.239392936680807,0.099,0.151,1
"Napg",0.970667754259162,0.209804610779802,0.042,0.075,1
"Srsf1",0.970687475486815,-0.278932213002932,0.197,0.34,1
"Gm26692",0.970775639753261,-0.203640091513438,0.014,0.019,1
"D8Ertd738e",0.970820470173203,-1.06312365099079,0.056,0.132,1
"Ccdc107",0.970838260872689,1.07870759127014,0.056,0.057,1
"Det1",0.970877278368986,-0.58075380103397,0.042,0.075,1
"Eif3j1",0.970883419285574,0.36471925739914,0.211,0.264,1
"Rrad",0.970896286522297,-2.40832434415266,0.014,0.019,1
"Abcc5",0.970903448509937,-0.306457334075787,0.028,0.075,1
"Cacnb4",0.97096860183776,2.6540352945825,0.014,0.019,1
"Gm57133",0.97096860183776,1.72543834505507,0.014,0.019,1
"Ammecr1",0.971072523966236,0.392172103546737,0.197,0.208,1
"Mrpl35",0.971132136994261,-1.32605833746836,0.028,0.075,1
"Bcas2",0.97118432547773,-0.730675916889851,0.056,0.075,1
"Get1",0.971353445243587,0.521705849898548,0.014,0.019,1
"Zfp777",0.971461255402117,-0.412480751240851,0.113,0.132,1
"Aen",0.971473210154758,-0.524619878992712,0.056,0.075,1
"Def6",0.971493332481421,-0.283874442473468,0.155,0.208,1
"Lztfl1",0.971506656962728,0.922083747843625,0.042,0.057,1
"Slc25a3",0.971549362070631,-0.178458918341595,0.155,0.208,1
"Fbxo45",0.971609003958921,-0.442235143696033,0.042,0.094,1
"Bud31",0.971641285750964,-0.163983269058066,0.042,0.094,1
"Asb3",0.97165620581244,-0.256939002662865,0.155,0.226,1
"Morrbid",0.971719745211431,0.413988656321911,0.183,0.245,1
"2610008E11Rik",0.971730621465388,-0.969096696495788,0.028,0.075,1
"Vps29",0.971732087518653,-1.62182003761153,0.056,0.075,1
"Cmas",0.971779905321404,0.132352384973366,0.113,0.17,1
"Zscan29",0.971790196538112,-1.13791830686147,0.028,0.057,1
"Mapkapk5",0.971912640829658,1.0233482223187,0.099,0.094,1
"Fhod1",0.971913849674761,1.74263133285771,0.014,0.019,1
"Zscan26",0.971925194760621,0.969368283788282,0.141,0.113,1
"Ankrd40",0.972029552218093,-0.243285313596439,0.085,0.113,1
"Kri1",0.972037326079385,0.772255130631962,0.141,0.17,1
"Cry1",0.972154439311915,0.357958987802859,0.099,0.113,1
"Ctse",0.972189545846638,-0.33138227859741,0.113,0.151,1
"Dusp4",0.972197157933525,0.689892986639069,0.07,0.057,1
"Bclaf3",0.972286632145886,-0.680466931900762,0.127,0.226,1
"Pex19",0.972319210478202,-0.562124093487596,0.056,0.075,1
"Por",0.972380775004551,-0.345672851889856,0.07,0.113,1
"Drg1",0.972416730693395,0.114892862072419,0.254,0.302,1
"Smim20",0.972425602449338,-1.50982792472752,0.042,0.094,1
"Homer1",0.972509792314422,1.00486920911869,0.028,0.057,1
"Ehd3",0.972516529179582,-0.928296087859424,0.056,0.113,1
"Klhl11",0.972745138970686,-0.334483456293773,0.042,0.057,1
"Tab1",0.972816725054269,0.27743605734476,0.042,0.075,1
"Nfxl1",0.972849788797182,1.34614956374419,0.056,0.075,1
"Atp5g2",0.972867788259275,-0.327456741136031,0.169,0.245,1
"Umps",0.973001672679944,0.295162538457988,0.099,0.113,1
"Ascc2",0.973059498366344,0.285417484144224,0.155,0.189,1
"Srpk1",0.97306618431236,-0.202008946603104,0.338,0.434,1
"Ppp2r3a",0.973098229277349,-0.880685552126579,0.042,0.038,1
"Nek7",0.973126172179383,0.116751857904225,0.507,0.566,1
"Gpsm2",0.973128557580812,0.500184536543107,0.07,0.132,1
"Tgfbr1",0.973182470009323,0.210914320994543,0.183,0.264,1
"Naa60",0.973282112254118,-0.888187574724123,0.028,0.057,1
"Sptan1",0.973551989699799,0.199473734226688,0.239,0.283,1
"Plcg1",0.973588189624872,-0.218377140360107,0.127,0.151,1
"Tmco3",0.973719516088933,0.477617473984827,0.141,0.17,1
"Tprkb",0.973732208821593,-1.07400120002101,0.056,0.094,1
"Tnfaip3",0.973746929677999,-0.424132221541951,0.07,0.094,1
"Slc25a40",0.973754167232002,-0.314665905516397,0.127,0.208,1
"Wdr45",0.973927607328193,0.114858975105863,0.014,0.019,1
"Ddx10",0.97406643211702,0.146005410684773,0.282,0.34,1
"Brox",0.97415196087317,-0.925912655179097,0.042,0.075,1
"Prkaca",0.974212560944413,0.17036189982577,0.028,0.057,1
"Cad",0.974338775566546,-0.193421906915022,0.056,0.075,1
"Dpy30",0.974353083254513,-1.09252902881097,0.113,0.189,1
"Elmod2",0.974377517426712,1.35780395734206,0.014,0.019,1
"Gm56494",0.974377517426712,1.35780395734206,0.014,0.019,1
"Kctd18",0.974391883771634,0.574863029996603,0.113,0.132,1
"Slc30a6",0.974410251379705,0.421141529884709,0.028,0.057,1
"Eif2b2",0.974455228475926,1.07117411919014,0.042,0.038,1
"Cpd",0.974480912471076,-0.321793327586541,0.028,0.057,1
"Mtmr12",0.974549931107403,-0.372742689764189,0.141,0.226,1
"Fhip1b",0.974563348036129,0.278943915594722,0.085,0.113,1
"Dhx33",0.974584770134714,-0.508825483834568,0.056,0.075,1
"H2-Q4",0.974724141595174,-0.125150618484053,0.169,0.283,1
"Fcho1",0.974805240764373,0.516173647087734,0.085,0.132,1
"Slc9a6",0.974808051622367,-0.239867964063646,0.014,0.038,1
"Pimreg",0.974875555497709,-1.36156509961591,0.056,0.094,1
"Zfp871",0.97491554918623,-0.169429406753923,0.141,0.245,1
"Ddx54",0.975227111112241,0.265458814776272,0.056,0.094,1
"Cdk9",0.975302160316268,0.340358556482665,0.056,0.075,1
"Sdr39u1",0.975375458619768,0.932696758630015,0.042,0.057,1
"Zfp160",0.975397559735321,-0.451837537165538,0.042,0.075,1
"Naa16",0.975422132229285,0.106752596122554,0.282,0.34,1
"Btbd2",0.975423511749824,-0.352124640603036,0.028,0.057,1
"Rpp21",0.975592852821684,-0.457993542112111,0.056,0.094,1
"Rab22a",0.975610538588938,-0.412127511387735,0.197,0.321,1
"Pi4k2b",0.975613984942775,0.898034412564939,0.028,0.057,1
"Arrdc2",0.97566841189462,1.34052449051646,0.014,0.019,1
"1700123M08Rik",0.975726133056242,-0.805411688214574,0.028,0.057,1
"Cnot8",0.975848566471004,-0.324288298077805,0.07,0.094,1
"Coa5",0.975864831786749,1.12031699173893,0.028,0.038,1
"Zbtb32",0.975998427543329,0.741311593267659,0.042,0.038,1
"Dpm1",0.976021397887694,0.301595874845114,0.225,0.264,1
"Tfcp2",0.976059401261512,0.498299271917134,0.07,0.094,1
"Etv3",0.976149129072746,-0.261855223780472,0.127,0.189,1
"Ddb1",0.976315741523909,-0.294175854534932,0.127,0.17,1
"Rpl18a",0.976360266360815,-0.354367802749497,0.366,0.509,1
"Ubap1",0.97637188689658,0.182408080595301,0.099,0.151,1
"Hdac3",0.976511091230551,-1.60963827598129,0.042,0.094,1
"Fbxl4",0.97654393046173,1.13463948915231,0.056,0.057,1
"AI480526",0.976555444062535,-0.643065895410149,0.056,0.075,1
"Brf2",0.976585011129721,-2.49313549493447,0.014,0.019,1
"Gm11210",0.976585011129818,1.64936902150633,0.014,0.019,1
"Osbpl9",0.976609048778665,-0.216387068393324,0.141,0.245,1
"Cse1l",0.976634700943478,-0.197913995789018,0.169,0.245,1
"Sorl1",0.976635101656414,-0.473486345732389,0.127,0.132,1
"Cfap418",0.97669327894315,0.775628990405427,0.042,0.057,1
"Phf2",0.976806625823729,0.232463548028031,0.113,0.132,1
"Gm21781",0.976918328114024,0.410894700084629,0.028,0.038,1
"Gnl3l",0.97696175612852,0.871527298496397,0.056,0.094,1
"Txnip",0.976988764722294,-0.401536161654664,0.113,0.17,1
"Mmgt2",0.97702312001398,0.125771651532538,0.042,0.075,1
"Usp54",0.977043886079026,0.464018847288254,0.028,0.057,1
"Chst11",0.97705441731857,0.407847029047682,0.042,0.038,1
"Ank",0.977114028259623,0.542794910080407,0.056,0.075,1
"Rsl1d1",0.97719087941231,-0.295284655765297,0.197,0.302,1
"Golph3l",0.977194125999356,-0.535776148953367,0.07,0.113,1
"Ube2t",0.977250572090861,-0.292780722224252,0.07,0.094,1
"Tmem259",0.977467715779797,-0.993401115806671,0.042,0.075,1
"1810037I17Rik",0.977590341361363,-0.151030934497672,0.113,0.17,1
"Mtfmt",0.97759336177155,1.46153483158527,0.042,0.057,1
"Atg9b",0.977608787601489,-1.50424470196083,0.014,0.019,1
"Rbm22",0.977612697047666,-0.432296061976218,0.099,0.189,1
"Syap1",0.977630499889692,-0.595424564320279,0.085,0.151,1
"Fra10ac1",0.977633876956049,0.448221866946342,0.127,0.151,1
"Psmd3",0.977634890828769,-0.454945929477503,0.127,0.208,1
"Arpc3",0.977703218399537,0.258655974940501,0.254,0.302,1
"Tmtc2",0.977723069628701,0.200820435897936,0.127,0.094,1
"Gusb",0.977809859543199,-0.424612537910454,0.056,0.094,1
"Tulp4",0.977820320459039,-0.411393462836304,0.225,0.302,1
"Gmip",0.97805101566954,-0.299956856060793,0.099,0.151,1
"Zmat5",0.978228884977825,0.328312617037137,0.042,0.057,1
"Stmp1",0.978237271947265,-0.788881648099987,0.042,0.075,1
"5730455P16Rik",0.978246814917627,-0.175376858542662,0.085,0.17,1
"Tusc3",0.978260332758534,-0.203009405640246,0.113,0.17,1
"Usp6nl",0.978310641427243,-0.175926578808779,0.07,0.132,1
"Gtf2h3",0.978318158286342,1.96878992690727,0.028,0.038,1
"Galnt10",0.978358209826738,0.601767024630434,0.056,0.057,1
"Ints9",0.97842719910794,0.373438359647954,0.141,0.189,1
"Tomm34",0.978487252165958,-0.339825704515979,0.113,0.151,1
"Prkrip1",0.978496396916267,0.502025134802427,0.07,0.132,1
"Snapc3",0.978534680052034,-0.17133865927933,0.169,0.208,1
"Bach2",0.978569693643456,-0.183230297488663,0.62,0.717,1
"Denr",0.978646730827772,-0.51930659379023,0.141,0.208,1
"Pgap2",0.978649942871163,0.741228019508623,0.028,0.057,1
"Rad18",0.978658332275408,-0.100147469225683,0.225,0.321,1
"Cenpe",0.978681876676154,0.1246410440345,0.352,0.434,1
"Prorp",0.978700450430089,0.67660810300419,0.113,0.151,1
"E230016M11Rik",0.978734104266471,1.02321200163066,0.014,0.019,1
"Echdc1",0.978754944268922,-0.579028038347717,0.042,0.094,1
"Peli1",0.978780279662762,0.168491368886273,0.423,0.547,1
"Snx16",0.978918138449296,0.557376181334192,0.056,0.057,1
"Zfp867",0.978981709669195,0.68420928554618,0.028,0.057,1
"Tbca",0.979060384171936,-0.107768633509293,0.169,0.283,1
"Tecpr2",0.979123579355571,0.890567050221514,0.07,0.075,1
"Klhl26",0.979131449389925,0.559570243527733,0.07,0.094,1
"Kdm5b",0.97917364824457,0.508281653047637,0.099,0.132,1
"Gtf2e1",0.979190947956879,1.12717038803961,0.042,0.057,1
"Aprt",0.979205180541813,-0.589323149976553,0.07,0.113,1
"2310009B15Rik",0.979228321618024,1.08658032921189,0.042,0.038,1
"Mrps15",0.979271864202306,-0.624738445609528,0.099,0.151,1
"Tfg",0.979280177214038,0.397752254052394,0.07,0.094,1
"Zbtb2",0.979290935567176,1.12439091242465,0.056,0.057,1
"Acsl1",0.979345550130419,0.471610175753514,0.056,0.057,1
"Eif3j2",0.979363296381684,-1.73440534397312,0.042,0.057,1
"Mars1",0.979467784833397,-0.729777501614371,0.07,0.113,1
"Sec24d",0.979543981365386,1.07940248929,0.085,0.094,1
"Ndufa13",0.979736028486645,-0.417277440559959,0.141,0.189,1
"Gm15834",0.979749987542218,0.611821313938173,0.042,0.075,1
"Asb5",0.979822197419472,0.117085143727612,0.042,0.057,1
"Desi2",0.979887434168006,0.20587519806759,0.211,0.321,1
"Pank2",0.979919698642154,0.13642456887976,0.141,0.208,1
"Cdkl5",0.979919905017404,-0.381940692322454,0.028,0.057,1
"Twf1",0.979950086828737,-1.82249093784309,0.028,0.057,1
"Tnfsf9",0.9799704547552,1.15037626082936,0.014,0.019,1
"Lypla1",0.980015882349588,-0.135886836427136,0.141,0.226,1
"Tmem50b",0.980023646732624,-0.708105194260874,0.028,0.057,1
"Gpaa1",0.980081640177628,0.288133227444833,0.056,0.094,1
"Dennd10",0.980102301077358,0.162631987666485,0.099,0.151,1
"Pot1b",0.980195373498527,0.481591718249942,0.028,0.057,1
"Magoh",0.980280534273224,0.429304283353752,0.099,0.094,1
"Eif1ad",0.980334994532576,-0.153849343512432,0.042,0.094,1
"Dctd",0.98047850102961,0.944540404639435,0.042,0.038,1
"Alg14",0.980529545706039,0.195800544143225,0.099,0.132,1
"Trmt2b",0.980543376575015,1.10729163828056,0.085,0.094,1
"Zfp397",0.980702495913244,-0.514019157843194,0.113,0.208,1
"Nmt1",0.980736208906528,-0.38054351390027,0.141,0.189,1
"Rraga",0.980901422894681,0.113561985815742,0.028,0.057,1
"Tmx2",0.980928611016714,0.612894012460917,0.056,0.075,1
"Rap2c",0.980934452255141,-0.52510869983821,0.056,0.075,1
"Dcun1d2",0.980965820612866,0.412089146526971,0.155,0.189,1
"Ndufb1",0.981102936678937,-0.71691351588542,0.113,0.226,1
"Gm57198",0.98114489441407,-0.516490471316788,0.028,0.038,1
"Idi1",0.98116628012623,-0.287891692825611,0.113,0.189,1
"Fabp5",0.981238455556097,-0.235988927558504,0.07,0.132,1
"Usf3",0.981353592027764,0.343886942798538,0.141,0.151,1
"Depdc1b",0.981378192638101,-0.28250580786923,0.155,0.245,1
"Ostm1",0.981407498933956,0.7531230656067,0.07,0.113,1
"Brms1l",0.981440532241704,0.566775846050303,0.056,0.094,1
"Traf4",0.981556366750081,-0.205954150269459,0.07,0.094,1
"Antkmt",0.981836443631521,0.521806763693756,0.056,0.094,1
"8030462N17Rik",0.982069992974128,0.367213588452895,0.225,0.264,1
"Sh3bp1",0.982083054624857,-0.370832263330966,0.127,0.17,1
"Rnf185",0.982135976689509,1.03323945907031,0.042,0.057,1
"Dcakd",0.982160458722603,1.18915910816612,0.042,0.057,1
"Cnpy2",0.982177915343609,-0.945863644814785,0.056,0.094,1
"Smim29",0.982180546475965,0.101818082773752,0.028,0.057,1
"Rnf2",0.982184639107173,-0.344232258849556,0.085,0.132,1
"H2az2",0.982210564685162,-0.205497338534881,0.099,0.17,1
"Gtf3c4",0.982299525787505,0.315475917568496,0.056,0.094,1
"Ash2l",0.982351813665832,-0.65910435601725,0.085,0.151,1
"Rbm15",0.982421151733523,-0.14420777141219,0.127,0.189,1
"Amn1",0.982435820234915,-0.32830913718657,0.085,0.132,1
"Opa1",0.982478495045339,0.130775513156603,0.31,0.434,1
"Ube2q1",0.982553566302815,-0.492781678436664,0.099,0.189,1
"Acsl3",0.982558155305555,0.359730907148144,0.056,0.075,1
"Tex14",0.9826439864642,0.1113022538021,0.07,0.075,1
"Lrp12",0.982685151571129,0.197714617148472,0.099,0.113,1
"Zcchc10",0.98269705799769,-0.935861264455592,0.056,0.075,1
"Psmd8",0.982845091925684,-0.137827085142423,0.085,0.132,1
"Crocc",0.982850850230139,0.729248687052578,0.042,0.057,1
"Slc12a2",0.982951063300607,-0.28085090442484,0.028,0.057,1
"Trappc14",0.982953236750386,-1.508073192051,0.028,0.057,1
"Klhl21",0.983017246310457,-1.49778033581558,0.014,0.019,1
"N6amt1",0.983043448656966,1.03004634925428,0.07,0.075,1
"Mthfs",0.98311016604318,0.426214880895636,0.056,0.075,1
"Camta1",0.983219328042499,-0.294465734566105,0.183,0.226,1
"A930024E05Rik",0.983242923923846,0.233039140120813,0.042,0.038,1
"Nab2",0.983252282665899,-0.905589168931809,0.042,0.094,1
"Mplkip",0.983300700044655,0.17548479220322,0.155,0.189,1
"Pim3",0.983396824250962,0.521354887469165,0.042,0.057,1
"Synpo",0.983472757529396,-2.15785291215946,0.014,0.019,1
"Acbd3",0.983536596689357,-0.374464557391849,0.113,0.189,1
"Gse1",0.983683849030674,0.212295179138633,0.169,0.189,1
"Katnip",0.983738407791179,0.393467661813259,0.127,0.113,1
"Polr1d",0.983747075512548,-0.195734825211702,0.197,0.321,1
"Adgra3",0.98383727011581,-0.2741746624389,0.028,0.038,1
"Samhd1",0.9838531107704,-0.278366167102076,0.239,0.358,1
"Alyref",0.983888762182116,-0.232861093862363,0.113,0.17,1
"Herpud1",0.983900939512082,0.135228691060207,0.056,0.075,1
"Icmt",0.983970806674804,-1.87437764794936,0.028,0.075,1
"Zmiz2",0.984028237033718,0.455767287945791,0.07,0.075,1
"Zfp617",0.984064501132646,-0.126099298629739,0.042,0.057,1
"Higd2a",0.98417391436088,0.180348425508976,0.028,0.075,1
"Ssr3",0.984242196652159,0.162244230801621,0.211,0.226,1
"Vps52",0.98424561714325,0.59828122773888,0.056,0.038,1
"Scap",0.984355393523454,0.124943720967525,0.113,0.17,1
"Ier5",0.984395515519982,-0.117772526040721,0.056,0.132,1
"Abcd4",0.984485547707307,-0.158490624466025,0.028,0.075,1
"Ttc4",0.984584494533337,0.498598680707916,0.07,0.094,1
"Trabd",0.984627797435413,-0.503852120130523,0.07,0.151,1
"Lamtor2",0.984685531504554,-0.7921319099514,0.042,0.094,1
"Dennd4b",0.984766113272797,-2.27133360101929,0.028,0.075,1
"Eif4a2",0.98476963926551,-0.274448313168713,0.225,0.34,1
"Rbm15b",0.984794639799228,-1.13566244775712,0.042,0.075,1
"Fry",0.984796570885182,0.121786543547751,0.07,0.094,1
"Ppdpf",0.984837256381441,-0.649675830421735,0.056,0.094,1
"Tor1b",0.984878083284362,-0.30589266397079,0.042,0.075,1
"Gprasp1",0.984900552398973,-0.84273977776151,0.07,0.151,1
"Stat6",0.984910259913013,-0.207166757320995,0.07,0.113,1
"Arhgef11",0.984911547279281,-0.116279742777583,0.056,0.113,1
"Mthfd2",0.98491893640149,-0.3425627180173,0.169,0.264,1
"Dusp11",0.984919434164333,0.150466062932325,0.268,0.358,1
"Anapc7",0.985045614172247,1.25217101181842,0.042,0.038,1
"Tnrc18",0.9850949781506,-0.177914967401585,0.099,0.17,1
"Cyth3",0.985220576623517,0.333861648142258,0.056,0.075,1
"Smco4",0.985260731365887,0.47520478014438,0.042,0.075,1
"Hdgf",0.985294682346512,-0.403180811792437,0.183,0.302,1
"Vars",0.98540534603095,-0.135708447102002,0.183,0.226,1
"Rnf139",0.98540755596869,0.358835977304271,0.085,0.113,1
"Nars",0.985414467497707,-0.109888667110392,0.169,0.264,1
"Cnot2",0.98543697717639,0.111992763675331,0.324,0.415,1
"Rala",0.985454621660125,-0.182840322911442,0.099,0.17,1
"Sys1",0.985479428579365,-1.05315947281037,0.056,0.094,1
"Ywhaq",0.985514607485457,-0.146256266098275,0.197,0.264,1
"Nub1",0.985755356066975,-0.530904945920053,0.141,0.208,1
"Haus2",0.985759385537107,0.277317775978346,0.056,0.075,1
"Esrra",0.985761974240984,0.779254924761279,0.056,0.075,1
"Cryz",0.985818784254895,1.27039823475557,0.042,0.057,1
"Khdc4",0.985867456247028,-0.191924207192539,0.197,0.283,1
"Nans",0.98586902669772,-0.18575982215615,0.113,0.151,1
"Arpc5",0.985877641486117,-0.812292020560693,0.183,0.34,1
"Eya2",0.986130160136463,0.16452525542752,0.113,0.17,1
"Zfyve16",0.986204760390733,-0.192017558288553,0.085,0.113,1
"Cenpo",0.986213252690446,-0.27568323154784,0.099,0.113,1
"Dctn1",0.986313320963732,0.319898451779922,0.099,0.132,1
"Shprh",0.986325261222806,-0.233415909133009,0.183,0.208,1
"Gcfc2",0.986325382828325,0.6920841477445,0.085,0.075,1
"Exosc5",0.986390605777505,0.127475856039799,0.042,0.057,1
"Rnps1",0.986501636287477,-0.385688631095699,0.169,0.264,1
"Kmt2b",0.986565398131706,0.269706941969598,0.099,0.151,1
"Keap1",0.986576733211679,-1.0648805597458,0.042,0.113,1
"Impa1",0.986580068623951,-0.26338513711242,0.042,0.075,1
"Rab11fip4os1",0.986625348384594,1.20853806646265,0.014,0.019,1
"Gm39323",0.986625355742751,0.256965533789665,0.268,0.34,1
"Sergef",0.986834021774751,0.391494524795375,0.07,0.094,1
"Cutc",0.986837782521656,1.21019823560218,0.014,0.019,1
"Gm29488",0.986837782521656,1.21019823560218,0.014,0.019,1
"Mbtps1",0.986945970417179,0.659658110465426,0.113,0.113,1
"Mlf2",0.986947722888442,0.843783177022907,0.042,0.057,1
"Otud4",0.986964876029154,-0.115799591783769,0.268,0.377,1
"4921511I17Rik",0.987047738976546,0.701833521742005,0.028,0.057,1
"Stx7",0.987182541590519,-0.141064040656743,0.042,0.038,1
"Ifi206",0.987207886690629,-1.50238297661081,0.028,0.057,1
"Mprip",0.987226255189899,-0.133491487869631,0.155,0.245,1
"Rab27a",0.987226761166213,0.288083192608153,0.197,0.208,1
"Pik3c2a",0.987249713695782,-0.31507589260721,0.155,0.226,1
"Trp53rkb",0.987257864013559,1.27820453389055,0.014,0.019,1
"Aunip",0.987302220484804,0.537809236480784,0.042,0.057,1
"Vrk2",0.987374123568238,-0.131354010216256,0.282,0.34,1
"Nipal3",0.987427719390559,-0.124223312758779,0.085,0.132,1
"Clta",0.98750007193659,-0.185159413455211,0.225,0.321,1
"Pigx",0.987666281849686,-1.06249724977436,0.042,0.075,1
"Vcpkmt",0.987746029571001,0.761195990371568,0.085,0.094,1
"Mzt1",0.987754027842856,-0.210531501817811,0.113,0.17,1
"Bcl9",0.98780065805725,0.368358490367714,0.056,0.094,1
"Ndufa12",0.987819451005943,-0.365769790416997,0.099,0.17,1
"Zfp263",0.98784136824976,-0.592557692581023,0.042,0.075,1
"Hnrnpll",0.987874433711522,-0.158628546730594,0.225,0.302,1
"Leng8",0.987907718993211,-0.192595807941433,0.085,0.132,1
"Abcb8",0.987958868215381,0.337842251876879,0.028,0.057,1
"Trappc11",0.987967699140818,0.134274014561467,0.07,0.132,1
"Gart",0.988024830562888,0.251429705909503,0.127,0.189,1
"Abcf1",0.988073646104879,0.31842566830929,0.282,0.358,1
"Kics2",0.988098232480021,-0.10554506453089,0.042,0.057,1
"Hsbp1",0.98814455491544,-1.34263346142723,0.028,0.075,1
"Tnfsf10",0.988168168623478,0.252679131340878,0.07,0.094,1
"Dis3l",0.988238296580483,0.151173789703448,0.042,0.057,1
"Idh3b",0.988245865327583,-0.981051548137231,0.07,0.113,1
"Psme3",0.988274881661054,-0.362254077922591,0.141,0.189,1
"Ap1s2",0.988281290169944,0.258275759443241,0.056,0.057,1
"Ndufaf5",0.988334320453731,-0.193797086924459,0.07,0.113,1
"Ppm1l",0.988338257199235,0.531225705315327,0.07,0.113,1
"Fbxl18",0.988373235420233,0.132825111626681,0.056,0.075,1
"Aco2",0.98837651762649,-0.188565827150188,0.197,0.245,1
"Tarbp2",0.988383448169149,-0.428732439719318,0.028,0.057,1
"Rangap1",0.988461028932315,-0.493590176288189,0.239,0.34,1
"Crot",0.988475073116981,0.439927437139933,0.127,0.132,1
"Pitpna",0.988486415325112,-0.241440412485302,0.282,0.377,1
"Lamtor4",0.988557997537967,-0.974783592380265,0.042,0.094,1
"Gnasas1",0.988596093425982,0.391994107124829,0.099,0.113,1
"Tnfrsf1a",0.988628007675648,-0.601229597578858,0.042,0.057,1
"Psmg2",0.988659181018803,-0.242333027302298,0.085,0.132,1
"Trip12",0.988772102933185,-0.205269858569092,0.394,0.528,1
"Dph5",0.988901527398443,0.256735997725015,0.127,0.151,1
"Brk1",0.988916768064613,-0.214637321679864,0.155,0.264,1
"Nol11",0.98894242278622,0.35945326933238,0.099,0.132,1
"Yaf2",0.989024409783786,0.127588594292981,0.141,0.151,1
"Zfp217",0.989041756192586,-0.16140111315954,0.155,0.17,1
"Cpsf7",0.989058145839294,-0.230594383043585,0.183,0.245,1
"Zhx1",0.989061757231028,-0.728746894484855,0.042,0.113,1
"Cox18",0.989079645052508,-1.58319103929826,0.042,0.057,1
"Cntln",0.989127385090681,-0.315518589723127,0.085,0.151,1
"Ppp6r3",0.989130297522463,0.168155532515806,0.408,0.491,1
"Bicd2",0.989131721676073,-0.545049412389558,0.056,0.113,1
"Pom121",0.989169785429177,-0.272321269722957,0.113,0.208,1
"Psmb4",0.98926012581667,-0.213764130192336,0.113,0.151,1
"Gm57315",0.989262148633747,0.605685737721277,0.042,0.038,1
"Api5",0.989311531099539,-0.524223661564523,0.113,0.151,1
"Ice1",0.989393456820122,0.127472247273639,0.155,0.189,1
"Sgk1",0.989401234400515,0.94904721413517,0.028,0.057,1
"Casp3",0.989415255926616,-0.268024026009781,0.113,0.17,1
"Mfsd2a",0.989521654282273,0.57186410841244,0.056,0.038,1
"Gm29243",0.989595991230081,1.19663948300062,0.014,0.019,1
"Gbp10",0.989648538632177,-0.165910476596178,0.056,0.094,1
"Rpl5",0.989712319063057,-0.303910058802216,0.549,0.642,1
"Cd2ap",0.989726270906928,-0.46335990405729,0.211,0.283,1
"6430571L13Rik",0.989745657194803,0.618939305925544,0.028,0.057,1
"Stx12",0.989783657286291,0.320033460754787,0.113,0.151,1
"Slc7a6os",0.989847365623009,0.344406997682059,0.085,0.094,1
"Hexim1",0.989902841763554,0.56874757998179,0.07,0.057,1
"Ptms",0.989921618536316,-0.23505058052955,0.056,0.094,1
"Cox5a",0.990010074020321,-0.306614055176011,0.155,0.245,1
"Lclat1",0.990103571211759,0.549203156937117,0.141,0.151,1
"Prr11",0.990109265747211,-0.562819232075159,0.113,0.17,1
"Smim3",0.990146373407069,0.78166000989356,0.056,0.057,1
"Cars2",0.990192213885527,-0.374851581432807,0.07,0.132,1
"Tmem70",0.990194205248939,-0.389286417592983,0.042,0.075,1
"Nrbp1",0.990204501137633,-0.450423428213102,0.07,0.094,1
"Dedd",0.990265130665549,-0.689472410529419,0.042,0.075,1
"Dhrs7",0.990296988963155,0.413671818488757,0.028,0.057,1
"Nudcd1",0.990320947590311,0.446705071866031,0.085,0.094,1
"Ten1",0.990351814496068,0.934937904065219,0.028,0.057,1
"Eaf2",0.990352736816061,0.876613150626173,0.042,0.057,1
"Peak1",0.990354946526207,-0.110439514356049,0.423,0.528,1
"Shfl",0.990363335760529,0.890111623821221,0.056,0.057,1
"Kctd5",0.99041217924544,-0.374944025088429,0.085,0.075,1
"Tamm41",0.990438194923353,-0.250500932028031,0.042,0.038,1
"Gm14091",0.990443984554299,0.686412023208621,0.085,0.057,1
"Hibadh",0.990458786109286,-0.323883515616736,0.211,0.283,1
"Hinfp",0.990484659269414,0.13944011137419,0.07,0.075,1
"Rrp36",0.990485305785485,0.22747415340045,0.042,0.057,1
"Kcnk5",0.990491073985455,-0.13583127243146,0.254,0.34,1
"Cdc20",0.990569581669998,-1.44519437789379,0.042,0.075,1
"Bloc1s2",0.99057327265675,-0.166035688059053,0.099,0.113,1
"Cript",0.990609017395167,-0.810597853046528,0.056,0.132,1
"Miga2",0.990612783144703,-1.05034452540158,0.042,0.075,1
"Stat5b",0.990643546234611,-0.114255752475918,0.31,0.453,1
"Idh3a",0.990698055466514,0.516031116030303,0.056,0.094,1
"Plxdc2",0.99070991865545,0.266020752023433,0.141,0.208,1
"Grcc10",0.990734713659229,-0.576675758229139,0.056,0.113,1
"Ensa",0.990806145150211,-0.401240133867773,0.127,0.189,1
"Cbx6",0.990822800889639,-0.543090768681364,0.07,0.094,1
"Ip6k2",0.990835896395084,-0.305473903744023,0.07,0.151,1
"Zfp365",0.990907758265835,0.276928342575545,0.056,0.075,1
"Nup210l",0.99091030316756,-0.144615271089121,0.056,0.057,1
"Cox17",0.990922347281449,-0.259356799660725,0.169,0.226,1
"Sf3a2",0.990980726863776,-0.59697802546874,0.042,0.057,1
"Gm10373",0.991071947133014,1.18690339079154,0.014,0.019,1
"Cars",0.991158968235053,-1.10120107841001,0.042,0.057,1
"Pnkd",0.991169631222765,0.371245224483793,0.028,0.057,1
"Nol10",0.991201877311182,0.255893824235242,0.268,0.34,1
"Asb13",0.991361506401391,-0.229179785774096,0.07,0.075,1
"Limd2",0.991383075438755,-0.460018704686938,0.169,0.264,1
"Tmem18",0.991419425501623,-0.256812516864888,0.028,0.057,1
"Slc25a26",0.991443121230332,-0.227229010857758,0.085,0.132,1
"Snx15",0.991445903442851,-0.760008513127147,0.028,0.075,1
"Ctu2",0.991505878685944,-0.30337734508037,0.042,0.038,1
"Smug1",0.991510001771659,-2.02689293556347,0.014,0.019,1
"Eef2",0.991597242979914,-0.182857208792426,0.366,0.491,1
"Uqcrc2",0.99160598771015,-0.171380054695505,0.113,0.17,1
"Aqp9",0.991651118075901,0.507655439725073,0.099,0.094,1
"Tcf4",0.991778556186853,0.449270158610953,0.07,0.113,1
"Rnf167",0.991902197279644,-0.121311680530276,0.141,0.17,1
"Tfpt",0.991930740751299,0.628325209804963,0.042,0.057,1
"Il31ra",0.991996705146124,0.126204766059461,0.155,0.208,1
"Gm27003",0.992066995135501,-0.621560914219902,0.07,0.094,1
"Gbp2b",0.992116711402993,-0.483812384969248,0.085,0.132,1
"Sfr1",0.992127444197043,-0.224720829523714,0.113,0.17,1
"Rabep1",0.992158669593284,0.148499060394438,0.296,0.377,1
"Rnf103",0.992181675221666,0.159220250924962,0.042,0.075,1
"Mrps28",0.992210155283699,0.425297563721351,0.141,0.189,1
"Rps12",0.992231510225068,-0.157649764918464,0.493,0.585,1
"Sike1",0.992279590549609,-1.82749833363379,0.028,0.075,1
"Trim21",0.992280488090166,-0.194206548555811,0.056,0.094,1
"Coq8b",0.992289934060211,-0.123016696075463,0.056,0.075,1
"Dnajc30",0.992329615402582,0.960710833018587,0.042,0.057,1
"Pisd",0.992373184310587,0.451648550207166,0.085,0.113,1
"Nelfa",0.992445982091877,0.688113717019218,0.07,0.075,1
"Nipbl",0.992572676911599,-0.180457676924431,0.549,0.66,1
"Fbxw8",0.992573670436077,0.15167399296124,0.113,0.151,1
"Pex14",0.992598685926277,0.323400607970372,0.31,0.358,1
"Rrnad1",0.992601099581048,-0.224912792501367,0.056,0.094,1
"Gm40630",0.992635557017665,1.22717522650506,0.042,0.038,1
"Slc25a36",0.992639300292774,0.366382044508143,0.155,0.208,1
"Mfap1a",0.99274182587665,0.189799146273058,0.085,0.113,1
"Rpa2",0.992760224501862,-0.18567332533235,0.056,0.113,1
"Grik5",0.992772239931865,-0.934405345974337,0.042,0.075,1
"Wdr73",0.992851846204338,-0.376460614869733,0.028,0.057,1
"Commd1",0.992914748724604,0.218080247899367,0.169,0.208,1
"Serpinb6a",0.992993551916676,0.589261254839274,0.07,0.094,1
"Dnm3",0.993098045335093,0.289517216152822,0.07,0.075,1
"Ric1",0.993110849978703,0.147992086152802,0.155,0.208,1
"Nfatc2",0.993141766485022,0.317971705687069,0.366,0.415,1
"Nepro",0.99326457959518,-0.626050340941865,0.056,0.075,1
"Arsg",0.993388947158376,-0.272242221243418,0.028,0.038,1
"Mrpl1",0.993414764467457,-0.102075427853745,0.183,0.226,1
"Vps26a",0.993435602498022,0.377265135199602,0.085,0.113,1
"Cibar1",0.993475495830321,-0.460612750395032,0.056,0.113,1
"Mtx2",0.993507683399408,-0.450982337361961,0.085,0.151,1
"L3mbtl2",0.993693294231086,0.315326280017821,0.056,0.075,1
"Bhlhb9",0.993698477582928,0.246957685338343,0.028,0.057,1
"Sdk1",0.993736524819917,0.717671590792165,0.042,0.038,1
"Sra1",0.993804250702624,-0.525023734316516,0.099,0.113,1
"Cxcr6",0.993806885021917,-0.137022086686121,0.056,0.057,1
"Nfe2l2",0.993830627040088,-0.269894272256372,0.099,0.151,1
"Cdr2",0.993847612554456,0.648145552631941,0.056,0.075,1
"Alg1",0.993886508635624,0.550684080493234,0.056,0.057,1
"Sass6",0.993920370859249,-0.847318490688562,0.113,0.226,1
"Rprd2",0.993930539350022,0.286429526300012,0.282,0.377,1
"Arntl",0.993985230749328,-0.306766234349083,0.113,0.17,1
"Rnf168",0.993988802334483,0.163625204906648,0.183,0.245,1
"Arl4c",0.993991885803059,0.299226908059212,0.113,0.132,1
"C87436",0.994008502059367,-0.236383801944327,0.07,0.132,1
"Poc1a",0.994056105171347,-1.08676646719058,0.028,0.057,1
"Rex1bd",0.994059306139451,0.136565402867006,0.042,0.075,1
"Septin9",0.994094626970433,0.104311229108831,0.324,0.377,1
"Kntc1",0.99414417811828,-0.212532393029239,0.127,0.17,1
"Slc25a53",0.994310845511166,0.877911125560985,0.056,0.057,1
"Dtx2",0.994341632080896,1.10231118150514,0.014,0.019,1
"Eif2ak1",0.994397300866932,-1.29930609242998,0.056,0.094,1
"Ncbp2as2",0.994425139035009,0.126835111881783,0.042,0.075,1
"Gnpat",0.994472707039412,0.665174339401075,0.099,0.113,1
"Timm8a1",0.994517904646697,-0.541366419481192,0.028,0.057,1
"Crcp",0.994539078117546,0.977484915192089,0.042,0.057,1
"Tm2d1",0.994560032223529,0.224220058649872,0.085,0.094,1
"Trappc4",0.994598433755236,-0.698600870797212,0.056,0.094,1
"Mrm3",0.994612014304978,0.703701586989713,0.042,0.038,1
"Abcf3",0.994613297315253,0.839709977047043,0.056,0.057,1
"Chpf2",0.994627721603813,-0.290378108461061,0.028,0.057,1
"Chst12",0.994639865445945,0.140072439020852,0.042,0.057,1
"Rilpl2",0.994684244134117,-0.261100163313644,0.056,0.057,1
"Cops7a",0.994759465757676,0.902425777592011,0.099,0.113,1
"Plxnc1",0.994825771051943,-0.312946188227164,0.085,0.113,1
"Rel",0.994832710420978,-0.47185558935989,0.141,0.226,1
"Tiprl",0.994979795621115,0.104965228098813,0.141,0.189,1
"Dyrk2",0.994998723948915,-0.164282338698239,0.056,0.075,1
"Mrfap1",0.995081831876198,-0.431333605529155,0.113,0.17,1
"Gan",0.99509650120427,0.428848586664564,0.07,0.094,1
"Gmps",0.995192320264633,-0.176694371603556,0.197,0.283,1
"Gmfg",0.995199655224326,-0.36748940750837,0.099,0.151,1
"Psrc1",0.995218760914698,0.264996945374393,0.085,0.113,1
"Gm57146",0.995229964001561,0.379792758662812,0.028,0.057,1
"Mpp1",0.995334657437202,0.700893488713866,0.085,0.075,1
"Nhlrc3",0.995568447610392,-0.676586919475512,0.028,0.057,1
"Zc3h12a",0.995583407298716,-0.23131734307651,0.042,0.057,1
"Gab2",0.995651282218236,-0.251451389780143,0.07,0.075,1
"Atg12",0.995723827776631,-0.666725246326761,0.07,0.075,1
"Snap29",0.995742005486007,-0.413187072998953,0.042,0.075,1
"Kdm6b",0.995800573432394,-0.441795132633211,0.056,0.057,1
"Taf3",0.99582060715932,-0.175599242410651,0.268,0.377,1
"Ccdc14",0.995825235723017,0.69377349473854,0.07,0.094,1
"Nabp1",0.995827289903414,-0.252064826703221,0.183,0.283,1
"Dna2",0.995862297035201,0.278810034125917,0.113,0.151,1
"Actr1b",0.995956936642021,0.412972295970108,0.042,0.075,1
"Bag4",0.995971314322952,-0.234328572769229,0.07,0.113,1
"Zfp560",0.996043295509161,0.701964397643918,0.042,0.057,1
"Svbp",0.996094706228045,0.569836226579495,0.042,0.057,1
"Rigi",0.996151318647326,-0.272941018089831,0.113,0.208,1
"Obi1",0.996175753032868,0.4216719234401,0.211,0.208,1
"Naa10",0.996216537886929,-0.297943605652779,0.028,0.057,1
"Cyb5d2",0.996224799560853,0.387888485428835,0.042,0.038,1
"Tsen2",0.996232908759792,-0.622656537666607,0.056,0.094,1
"Trmt11",0.996262068302313,0.269892577107268,0.211,0.264,1
"Ankrd10",0.996262345866926,0.525309157271007,0.225,0.283,1
"Pxylp1",0.996280695011581,-0.432279339367992,0.07,0.094,1
"Cbx5",0.996322545314837,-0.33600254544048,0.423,0.566,1
"Oaz2",0.996329214494468,0.765238387973782,0.042,0.038,1
"Atxn7l2",0.996342014764785,1.16335832757385,0.014,0.019,1
"Dgcr6",0.996342014764785,1.16335832757385,0.014,0.019,1
"Gsk3a",0.996351134410524,-2.09330012493784,0.028,0.075,1
"Troap",0.996434769344838,-0.493767542277692,0.07,0.094,1
"Iars2",0.996470410567245,0.186574951056528,0.127,0.132,1
"Mrpl41",0.996496694294954,-0.409983541795428,0.042,0.075,1
"Dync1i2",0.996538855386759,-0.112262416757497,0.282,0.34,1
"Rev1",0.99654332514788,0.341271177501875,0.282,0.321,1
"ENSMUSG00000121501",0.99677831292341,-0.83344968334215,0.113,0.208,1
"Galnt12",0.996830299459843,0.577427790296168,0.056,0.057,1
"Zfp959",0.996988801141527,0.673836405668562,0.042,0.057,1
"Mfsd11",0.997000842811511,-1.00072313447164,0.056,0.075,1
"Abhd16a",0.997108416515543,-0.701043758508982,0.056,0.057,1
"Casp2",0.997171721770809,0.19274943241651,0.099,0.113,1
"Rpl34",0.997254302028113,-0.357235711959752,0.352,0.453,1
"Rnf31",0.997263623210273,0.309271842291776,0.042,0.075,1
"Wdr12",0.997348793937048,0.681794977048602,0.197,0.208,1
"Emp3",0.997356468298285,-0.439285353997954,0.042,0.057,1
"Mrps35",0.997390249964492,-0.335642476270934,0.07,0.094,1
"Tmem50a",0.99740291843132,0.386597693647998,0.113,0.151,1
"Tex261",0.997439987927737,-0.348047062131546,0.07,0.151,1
"Pip4p1",0.997488012283058,0.389563237784261,0.056,0.094,1
"Thoc7",0.997510447160538,0.100870353409689,0.113,0.151,1
"Sigmar1",0.997557708846048,-0.641432057854949,0.028,0.057,1
"Mrpl50",0.997561829071353,1.14147245611812,0.042,0.038,1
"Cnot9",0.997568712873207,-0.283607821311591,0.099,0.17,1
"Naf1",0.997575935974256,-0.759541043334454,0.085,0.113,1
"Tyk2",0.997766585567198,-1.92986212825628,0.042,0.075,1
"Tmed10",0.997981191080465,-0.158189403317758,0.31,0.396,1
"St14",0.997984775447698,-1.29866137893855,0.028,0.057,1
"Mcm8",0.998036094939709,0.312391006456619,0.042,0.075,1
"Spire1",0.998078739556611,0.804156846126711,0.056,0.057,1
"Gtdc1",0.99814105547972,-0.120153100928706,0.155,0.189,1
"Lgals3",0.998144357588548,0.555046047882047,0.042,0.038,1
"Zdhhc14",0.998161113094173,0.326512503689923,0.099,0.113,1
"Nop10",0.998229979101212,-0.839094292750723,0.07,0.094,1
"Ctps2",0.998272609886858,-0.514184055314369,0.056,0.075,1
"Tmem106b",0.998368444463992,-0.202889748295711,0.028,0.057,1
"Pigm",0.998410792746266,-0.537473841588525,0.042,0.075,1
"Crebzf",0.998539307629014,-0.121284972333135,0.113,0.17,1
"Polr3a",0.998553440213741,-0.251487660535158,0.099,0.094,1
"Xpot",0.998609497307447,0.168764744434986,0.183,0.226,1
"Ccpg1",0.998620327585842,0.751148503888877,0.028,0.057,1
"Rbm48",0.998662313431137,-0.453307436326221,0.042,0.057,1
"Gm15232",0.998730409288892,0.416178472029099,0.07,0.094,1
"Cct2",0.998817036841966,-0.267704174362361,0.225,0.302,1
"Rfc2",0.998877348354115,0.173849410143487,0.127,0.151,1
"Vbp1",0.998927024971029,0.979597243373743,0.085,0.094,1
"Naip2",0.998927597420598,-0.19239649668709,0.028,0.057,1
"Nr2c1",0.99893945497911,0.525166734751435,0.07,0.094,1
"Bnip1",0.99904241192053,0.30139570172319,0.056,0.075,1
"Fbxo9",0.999131493640855,-0.653445423999265,0.042,0.038,1
"Cntrob",0.999179685871039,0.46677218975469,0.042,0.057,1
"Rhbdd3",0.999186371835274,-0.682191929792434,0.028,0.075,1
"Zdhhc7",0.999213534187201,-1.06818254473892,0.028,0.075,1
"Ubxn2a",0.999258582908697,0.52995939191577,0.099,0.151,1
"Usp53",0.99927661392729,0.309000745429663,0.085,0.113,1
"Tars2",0.999364048543092,-0.237646389665774,0.07,0.113,1
"Zfp770",0.99938171692645,-0.181484597323373,0.07,0.094,1
"Tsen34",0.9994106824721,0.647408586396018,0.042,0.038,1
"Rab1b",0.99943663741014,-0.435744491230813,0.085,0.132,1
"Zfp143",0.999447787748686,-0.33984880510495,0.099,0.17,1
"Nop16",0.999451391418714,-0.549548354659803,0.042,0.038,1
"Bcorl1",0.99951243892447,0.40481081261384,0.07,0.075,1
"Nkap",0.99962882005417,-0.251313299509283,0.056,0.094,1
"Lpcat1",0.999714362248317,0.334208994382384,0.056,0.094,1
"Gm17106",0.999732943676541,0.464089545390785,0.042,0.038,1
"Mob2",0.999806036929034,-0.162730614860007,0.085,0.113,1
"Dus2",0.999924955841182,0.46720908688826,0.085,0.094,1
"Hax1",0.9999299332612,0.178066410790227,0.028,0.057,1
"Ppp1r12c",0.999949865238132,0.100986504088545,0.127,0.151,1
"Yipf1",0.99995345307504,-0.309637434236896,0.085,0.151,1
"Traip",0.999976695712936,0.270102527248412,0.07,0.094,1
"Rps8",0.999996776331338,-0.169753933462977,0.69,0.736,1
"Lsm14a",1,-0.389040526464734,0.239,0.396,1
"AU020206",1,-0.233939469866196,0.31,0.434,1
"Gskip",1,-0.710734335161291,0.042,0.094,1
"Gosr2",1,-0.645694103323211,0.028,0.075,1
"Aamdc",1,0.415903065618834,0.014,0.057,1
"Pfn2",1,-1.4479590488034,0.014,0.057,1
"Pop7",1,-2.80259259902134,0.014,0.057,1
"Cdkn1b",1,-0.638473027762008,0.07,0.113,1
"Fibp",1,-0.521841643253021,0.028,0.057,1
"Pbx2",1,-0.232291175665003,0.028,0.057,1
"Ccndbp1",1,-0.497867181481026,0.014,0.038,1
"Gm16091",1,-0.656205350397811,0.014,0.038,1
"Gm3550",1,-1.32404466200696,0.014,0.038,1
"Stk19",1,-1.50125071907497,0.014,0.038,1
"Tinf2",1,-0.291478260751723,0.014,0.038,1
"Zfp317",1,1.12993539817838,0.014,0.038,1
"0610038B21Rik",1,-1.13736496206551,0,0.019,1
"4930423K06Rik",1,-1.13736496206551,0,0.019,1
"4930517N10Rik",1,-1.13736496206551,0,0.019,1
"4930578M01Rik",1,-1.13736496206551,0,0.019,1
"4933427D14Rik",1,-1.13736496206551,0,0.019,1
"Alpk1",1,-1.13736496206551,0,0.019,1
"B530045E10Rik",1,-1.13736496206551,0,0.019,1
"Bcl2l12",1,-1.13736496206551,0,0.019,1
"Capn5",1,-1.13736496206551,0,0.019,1
"Cfap410",1,-1.13736496206551,0,0.019,1
"Chmp7",1,-1.13736496206551,0,0.019,1
"Dynlt2a3",1,-1.13736496206551,0,0.019,1
"Etohd2",1,-1.13736496206551,0,0.019,1
"Gm12319",1,-1.13736496206551,0,0.019,1
"Gm13856",1,-1.13736496206551,0,0.019,1
"Gm15738",1,-1.13736496206551,0,0.019,1
"Gm16045",1,-1.13736496206551,0,0.019,1
"Gm16536",1,-1.13736496206551,0,0.019,1
"Gm17023",1,-1.13736496206551,0,0.019,1
"Gm17586",1,-1.13736496206551,0,0.019,1
"Gm56607",1,-1.13736496206551,0,0.019,1
"Gm57275",1,-1.13736496206551,0,0.019,1
"Gm6133",1,-1.13736496206551,0,0.019,1
"H2ac21",1,-1.13736496206551,0,0.019,1
"H4c12",1,-1.13736496206551,0,0.019,1
"Hmox1",1,-1.13736496206551,0,0.019,1
"Klhl10",1,-1.13736496206551,0,0.019,1
"Mrc2",1,-1.13736496206551,0,0.019,1
"Myh11",1,-1.13736496206551,0,0.019,1
"N4bp3",1,-1.13736496206551,0,0.019,1
"Nqo1",1,-1.13736496206551,0,0.019,1
"Nudt8",1,-1.13736496206551,0,0.019,1
"Otud1",1,-1.13736496206551,0,0.019,1
"Pex11b",1,-1.13736496206551,0,0.019,1
"Pld2",1,-1.13736496206551,0,0.019,1
"Plekha4",1,-1.13736496206551,0,0.019,1
"Pogk",1,-1.13736496206551,0,0.019,1
"Rapsn",1,-1.13736496206551,0,0.019,1
"Rftn2",1,-1.13736496206551,0,0.019,1
"Ribc1",1,-1.13736496206551,0,0.019,1
"Rnf5",1,-1.13736496206551,0,0.019,1
"Rsph1",1,-1.13736496206551,0,0.019,1
"Slc52a2",1,-1.13736496206551,0,0.019,1
"Txlnb",1,-1.13736496206551,0,0.019,1
"Zfp428",1,-1.13736496206551,0,0.019,1
"Zfp618",1,-1.13736496206551,0,0.019,1
"Zfp677",1,-1.13736496206551,0,0.019,1
"Zfp703",1,-1.61351033612256,0,0.019,1
"2310039H08Rik",1,0.349545036186416,0.028,0.038,1
"Bahd1",1,0.559075933417455,0.028,0.038,1
"Ccdc126",1,1.01870190570703,0.028,0.038,1
"Dhx58",1,0.118451375023077,0.028,0.038,1
"Ino80dos",1,0.552411743871381,0.028,0.038,1
"Jak3",1,-0.496391681730183,0.028,0.038,1
"Myo15a",1,0.970276098175648,0.028,0.038,1
"Ogfrl1",1,-0.109135213085547,0.028,0.038,1
"Pkd2l2",1,0.863516603327737,0.028,0.038,1
"Trim34a",1,1.08950945635262,0.028,0.038,1
"Ubqln4",1,-1.10808798555829,0.028,0.038,1
"Zfp563",1,1.40391387096459,0.028,0.038,1
"Zfp947",1,0.996445377852385,0.028,0.038,1
"4930579G24Rik",1,-2.03549018686465,0.014,0.019,1
"4933439C10Rik",1,1.03400718905058,0.014,0.019,1
"Actr3b",1,-1.93797750075664,0.014,0.019,1
"C2",1,0.490642767887035,0.014,0.019,1
"C9orf72",1,0.731253935877307,0.014,0.019,1
"Caml",1,1.27028986080736,0.014,0.019,1
"Cyb561d2",1,-0.242116195270767,0.014,0.019,1
"Endog",1,0.36558232793661,0.014,0.019,1
"Gm20033",1,1.39100980363662,0.014,0.019,1
"Gm34983",1,1.03017655123023,0.014,0.019,1
"Gm35035",1,1.69944191556208,0.014,0.019,1
"Gm43661",1,1.51881435058274,0.014,0.019,1
"H4c1",1,0.36558232793661,0.014,0.019,1
"Hk1os",1,-0.274422743935077,0.014,0.019,1
"Htra2",1,1.05258382324402,0.014,0.019,1
"Iqck",1,1.39100980363662,0.014,0.019,1
"Letmd1",1,1.18767056457366,0.014,0.019,1
"Lgalsl",1,1.12088781569858,0.014,0.019,1
"Mapre3",1,0.810358334916683,0.014,0.019,1
"Pafah2",1,-1.92938024945547,0.014,0.019,1
"Phaf1",1,1.03400718905058,0.014,0.019,1
"Plekhm1",1,1.06435655353273,0.014,0.019,1
"Ppp1r16a",1,0.203160655242371,0.014,0.019,1
"Pradc1",1,-1.09434324152405,0.014,0.019,1
"Siah3",1,1.52437327611616,0.014,0.019,1
"Wrap73",1,1.56866129714943,0.014,0.019,1
"Zfp27",1,1.27028986080736,0.014,0.019,1
"Zfp429",1,0.786376510016391,0.014,0.019,1
"Zfp825",1,1.59913985201038,0.014,0.019,1
"2900060B14Rik",1,-0.327170675121177,0.042,0.038,1
