"","baseMean","avg_log2FC","lfcSE","p_val","p_val_adj"
"Serpina3g",700.522651595507,-1.45653477266876,0.168648498097461,1.35247643741623e-19,9.16167538705756e-16
"Gbp2",680.113884522928,-1.02298916230327,0.172771840681544,3.60443769397663e-10,1.22082304694989e-06
"Gbp2b",1002.63574601031,-0.818995477540437,0.150239997955629,1.14415121260692e-08,2.58349343806642e-05
"Nfkbia",1607.19921258869,-0.728760234983051,0.14476922443106,1.14811807880207e-07,0.000194433796645131
"Eomes",277.191852408396,-1.0424343399111,0.240603266451584,4.13261200229283e-07,0.000559886274070632
"Gm4951",1446.03579339833,-0.729344350291439,0.163173235071798,7.56044714052059e-07,0.000853574482164774
"Trim30c",122.527479178161,1.22249338456668,0.369868206179912,1.00475132521457e-06,0.000972312211000503
"Ifi202b",167.743454869207,-1.10802803489535,0.392955643953924,2.99793706331239e-06,0.00253850320835976
"Sell",661.904659853728,-0.692749545619719,0.203505546490483,5.73768989177309e-06,0.00431856792520788
"Polr2g",703.869463104588,0.656591602702895,0.235124922644071,1.35424445857001e-05,0.00917365196235321
"Ifi47",1270.58673393154,-0.576037783069022,0.221538056215701,1.90303842713745e-05,0.0117192566412992
"Ifi203",1210.80352813149,-0.485649235244571,0.235526542347854,4.10003155364919e-05,0.0231446781203497
"Igtp",1754.52748975578,-0.469135400957224,0.246194019239646,5.15091608558076e-05,0.0232615370424827
"Ccl5",811.756696578917,0.572018971527106,0.627950753345039,5.12339666667948e-05,0.0232615370424827
"H1f0",722.193600166697,-0.543131325284055,0.286245723056667,4.9044221316726e-05,0.0232615370424827
"Cd82",555.880760300527,-0.556589222287571,0.317972363001034,5.84986054299819e-05,0.0247668470739186
"Ar",369.290325793157,-0.584893163438041,0.353159236494485,6.23844633071564e-05,0.0248583737907457
"Bst2",1701.03840733344,-0.405145693439356,0.274858633555964,0.00010362322091831,0.0389968721389239
"Gab2",127.819148948466,0.50877704045157,0.532136270136708,0.00012294073934565,0.0416400284163717
"Mx1",164.521036346626,-0.529799400876029,0.491483723240513,0.000121275703300471,0.0416400284163717
"Erp29",520.440484821688,-0.381789412481614,0.343619335750483,0.000200957131956294,0.0648230291367588
"Irf1",1186.93355881161,-0.292524894519131,0.2691388056801,0.000225598487606876,0.069463825229499
"Psma5",1242.53335011444,-0.29759092810378,0.288790720700365,0.000257776439069787,0.0713073150632096
"Xdh",106.252910123288,-0.334485218594402,0.497207160377609,0.000266101445821033,0.0713073150632096
"Gm4841",116.101429656131,-0.323136654824182,0.495563735168728,0.000273692086159352,0.0713073150632096
"Ms4a4c",121.974607768161,-0.363086135784214,0.491295633280592,0.000257445942598718,0.0713073150632096
"Tube1",178.465321160884,-0.36108432859547,0.465229657145514,0.000287270946258446,0.0720730885168413
"Slfn1",1739.06080177283,-0.260717319988078,0.275907282731715,0.000319664816388269,0.0773360523647905
"Mndal",1396.03482442296,-0.227377044153278,0.269926207000416,0.00042387942653643,0.095443271372624
"Morf4l1",1449.0931974194,-0.208799292278046,0.251773447458047,0.000436779068873833,0.095443271372624
"Iigp1",2426.57508039592,-0.304865141225399,0.406710583258823,0.000416154155483021,0.095443271372624
"Jaml",510.922583049051,-0.271204454515846,0.339691489665557,0.000450927611490713,0.0954557387574404
"P2ry14",83.001846247221,-0.22432725622588,0.43580411018161,0.000487082571987693,0.0999847679589283
"Zbp1",641.356790712796,-0.227427124766864,0.303056984161002,0.000551658458298085,0.109909835191507
"Gbp4",1424.94210925626,-0.179743153206696,0.242949613689084,0.000576857715459384,0.111646690414911
"Tap1",588.23292356204,-0.214570428008826,0.295985600627177,0.000602773182188481,0.113421820448466
"Serpina3f",100.239209863972,-0.192535530451503,0.401510857033174,0.000682760846077681,0.125000593819736
"Irgm1",627.412395706664,-0.187029103187182,0.280683383504665,0.000744924818497438,0.132792650539517
"Klrk1",153.405448627691,-0.19545330770704,0.380238638894839,0.0008164805701129,0.140200011830503
"Gm19585",353.933182465092,-0.191985796508297,0.307067806153722,0.000827871342370849,0.140200011830503
"Junb",660.231078456661,-0.161645606197201,0.258731940585736,0.000879249701055154,0.145269206706039
"Oasl1",93.2857185998495,0.140674610212443,0.352052927687215,0.00106096636375221,0.171118717810892
"Flna",272.88168011803,0.164310939739872,0.302826189717967,0.00111912339822413,0.17630097440861
"Gm10076",2261.78601572127,-0.0933718653559512,0.175844820895794,0.00122930894658821,0.189257700095194
"Mcl1",650.420888331543,-0.131828428491717,0.244774359088898,0.0012611238779137,0.189841181088609
"Irf8",397.053596079659,-0.129550438153732,0.255372227691856,0.00143138208788213,0.210786570941599
"Ms4a6b",2184.34678537887,-0.0841444644538498,0.171311926418095,0.00150520639439393,0.21694187480052
"Atf3",194.332893714959,-0.110917398271047,0.27819985172058,0.00205651808424505,0.290226114639083
"Gm50237",187.776594066526,-0.10649938573792,0.26708381013735,0.00218459550579762,0.302009182781084
"Cxcl10",278.089957806608,0.0977860742821075,0.242892286336421,0.00237763876026799,0.322122499241107
"Birc3",376.841412143895,-0.0866027999821129,0.214999427766296,0.00254184229164142,0.336126876422797
"Lif",265.450722323959,-0.092541851574167,0.238084813611427,0.00258024764894972,0.336126876422797
"Snhg6",465.257996396883,-0.0828505793748387,0.208877967776059,0.00265537674547235,0.339387208940183
"Itgb3",177.323952257257,-0.0902723842750684,0.247652630148623,0.00275153949865416,0.345165343775616
"Tnfrsf4",861.183260760493,-0.0703667593164989,0.180775738660063,0.00282515382069594,0.347956217843533
"Fhit",279.551113004161,-0.083924020937539,0.229533997104259,0.00297593554486985,0.353666445279796
"Cd274",276.291869678888,-0.0829112375119178,0.221791156225471,0.0029306671679898,0.353666445279796
"Chd7",885.211960511779,-0.0571912659212976,0.156281453054462,0.00326097247455983,0.380859095563246
"Ube2l6",108.08240331278,-0.0702674072952521,0.242075793381704,0.00345060999857133,0.383187411972495
"Ostc",947.700598569584,-0.0574903849547574,0.159847205251064,0.00342742189260853,0.383187411972495
"Trim30a",1140.83651365382,-0.055137575250668,0.152951348720323,0.00338087573050613,0.383187411972495
"Gimap7",799.156417915807,-0.0539789949992916,0.15497698234362,0.00371446041585695,0.390555261780715
"Ifitm3",340.982974184343,-0.0679735164254658,0.198482603488795,0.00373617415842617,0.390555261780715
"Psma4",1314.32326382111,-0.0523625288239729,0.148759136868236,0.00358519481663691,0.390555261780715
"Sub1",1944.05129094155,-0.0434785568389583,0.127455670672223,0.00374757779978542,0.390555261780715
"Ptms",198.194805660992,0.066630462773171,0.207181354676271,0.00409423715887927,0.420217613852245
"S100a6",434.258441035029,0.0591092379302447,0.181328864264007,0.00431975160246613,0.424086918189936
"Gbp10",210.432391297743,-0.0646661611537716,0.203780930540955,0.00425451878632464,0.424086918189936
"Ppa1",863.211522245114,-0.0456939789352638,0.139573704579353,0.00430927996950033,0.424086918189936
"Gbp6",390.04200088953,-0.0528426245938947,0.165591309997237,0.00463961775677083,0.443742411228845
"Tgtp2",207.67823792338,-0.0602695389479176,0.195852898059543,0.00465097596652612,0.443742411228845
"Ifi44",561.196815081194,-0.0486479713272844,0.153460765034134,0.00474112454268226,0.446060800724023
"Fas",376.582592158894,-0.0495148310867098,0.160912398055638,0.00508690613631328,0.472037015991591
"Lyst",886.395962930124,-0.0375967894607808,0.123834072436516,0.00516951502380838,0.473220199611864
"Myh9",1224.22899119331,0.0342952830193388,0.115847560677317,0.0054588405154887,0.493042475358939
"Prelid2",1074.3520214304,-0.0332515255913381,0.114363462030868,0.0057272714497139,0.503851127277428
"mt-Co1",12256.6047581624,0.0244726012785477,0.0862064079493323,0.005656059343704,0.503851127277428
"Epsti1",629.685595191717,-0.0362198654928778,0.12701695141601,0.00617647515552784,0.536403111583918
"Ifi208",233.560629367927,-0.0470605873581178,0.171252256549026,0.00636724151559171,0.539146175332728
"Slc9a9",657.712868959985,0.0386703505724977,0.136706625573035,0.00634707979552206,0.539146175332728
"Zfp608",139.54419378851,-0.0464528653513846,0.181891337099209,0.0067764147350566,0.566709054509548
"Gramd3",388.076334418178,-0.0389997710922108,0.143741465038079,0.00702386226652765,0.580239548700711
"Fh1",216.759294915751,-0.0424184965088128,0.162456354313506,0.00729195836921526,0.58199646430882
"H3f3a",3349.2691701164,-0.0244022506845102,0.0934853783349446,0.00743009344911764,0.58199646430882
"Myo6",219.56803917511,-0.0413449392741197,0.159745973258742,0.00750147944635644,0.58199646430882
"Shisa5",2324.40399201361,-0.0219608211414235,0.0862259910906982,0.0078346025511601,0.58199646430882
"Atxn7l3b",366.868961417036,-0.0380247836466968,0.147445391633178,0.00785968419272851,0.58199646430882
"Xbp1",1570.36459869172,-0.0235484313455072,0.0918255597433452,0.00779310533389723,0.58199646430882
"Pitpnc1",999.534420475927,0.0258305872438344,0.10119060551294,0.00807612454163406,0.58199646430882
"H1f2",812.162171693045,-0.0287563563824391,0.109500300775384,0.00756888485911945,0.58199646430882
"Lgals1",2323.60127107833,0.0221876622826836,0.0847456803723601,0.00718485266034674,0.58199646430882
"Rtp4",494.011596167315,-0.0345556101047803,0.129589207692101,0.00739492546265557,0.58199646430882
"Trat1",223.415840885384,0.0391635112799448,0.154186933531007,0.00795918074565863,0.58199646430882
"Eif2ak2",507.742723166914,-0.0334668721274914,0.12946453901752,0.00801210606341172,0.58199646430882
"H2ax",699.257334744706,-0.0303867974727552,0.119656826462276,0.00839090414799491,0.598315628405448
"Gprin3",508.96441642185,-0.0298918639974518,0.118892142840515,0.00861516648078639,0.60790768480049
"P2rx7",158.455390630522,0.0376905132424788,0.160080266793572,0.00890017256289763,0.615201723888455
"Kif23",334.758069699271,0.0331621407403941,0.133596318355471,0.00883137772562542,0.615201723888455
"Txn1",3685.02126069715,-0.0201978230902141,0.0836096122180612,0.00910458201454879,0.616744385665535
"Batf",223.431346823714,-0.0354861022238693,0.147019079473869,0.00908608830118011,0.616744385665535
"Cebpb",710.765429119815,-0.0249296764492351,0.103943391329524,0.00967873047093718,0.639736222167999
"Trafd1",212.192295321638,-0.033469295155985,0.142660345499155,0.00980301763304772,0.639736222167999
"Mx2",120.584552598851,-0.0357895287311981,0.161155654854,0.00959983199113245,0.639736222167999
"Polr2d",256.229159209884,-0.0321273998693417,0.135651499732118,0.00982175481332623,0.639736222167999
"Lef1",2260.24005130694,0.0182792848229545,0.0784561998923364,0.0100153819715396,0.646135214049612
"Gadd45b",210.630101970886,-0.0323379144268155,0.140845765761576,0.0103277492561496,0.660001636426011
"Gm20275",316.771003254558,-0.02982454556343,0.130588260436105,0.0108162579569846,0.671575060061844
"Lars2",718.623513289695,0.0214681840625062,0.0938611856264215,0.0109054113679957,0.671575060061844
"Tapbp",709.201246650361,-0.0232402769253099,0.100849385429282,0.0107786745860061,0.671575060061844
"Tap2",740.510897050305,-0.0214958160547425,0.0938843246393736,0.0108735640784855,0.671575060061844
"Cdkn1a",822.558523599398,-0.020221690116518,0.0891204944550037,0.011067754611808,0.67543215982331
"Tmem176b",147.527352415163,-0.0316401998578239,0.146277647751011,0.0112198553760594,0.678600895691305
"Irgm2",272.107894753996,-0.0279354850725443,0.12439406842635,0.0114189793134334,0.684532441320336
"Il4ra",422.842104106888,-0.0250813381495533,0.111741458653136,0.0116176343707598,0.690332063399359
"Ankrd44",1436.39473956075,0.0172916817479661,0.0786822050968675,0.0119089690828992,0.696151243323816
"Psma7",2525.50750044863,-0.0163199360762788,0.0744824353507688,0.0119211018933514,0.696151243323816
"Rgs1",266.16766381369,-0.0249531864459833,0.149248846689979,0.0120781007076192,0.699291061482156
"Gbp7",1129.66140056884,-0.0169787999208145,0.0794304419167601,0.012933845453091,0.712412095610302
"1500011B03Rik",191.735217612809,-0.0281549304542095,0.132717671147258,0.0125892889756838,0.712412095610302
"Irf7",222.551909239618,-0.0275410456888198,0.129366309843825,0.0126872433839254,0.712412095610302
"Themis",2464.94868180302,0.0143184591861198,0.067112827658844,0.012763148455864,0.712412095610302
"Tbx21",86.8420405591404,-0.0279040536131198,0.147577065209279,0.0130381687942552,0.712412095610302
"Pdia6",960.635594392516,-0.0189162790568499,0.0883184320016006,0.0130409063855443,0.712412095610302
"Ifit1",399.642414059384,0.0236884672994694,0.1088461184212,0.0126085236872878,0.712412095610302
"Ubald2",621.144044812771,-0.0191102534553494,0.090095614748541,0.0134345948477724,0.721105731732821
"Emb",671.714631878509,-0.0183687386017188,0.0869114657426241,0.0135194018202049,0.721105731732821
"F830016B08Rik",118.415538910871,-0.0277952596554657,0.142772095603961,0.0134572774302128,0.721105731732821
"Irf4",172.252861933977,-0.0266899927130833,0.131128419308413,0.0137731744621641,0.728902217239839
"Bcl3",138.554531373708,-0.0267715344028419,0.134992360800161,0.0140601003458959,0.733970090835736
"H2ac24",621.355883191662,-0.0204681219715442,0.0982524994518192,0.0141939890610395,0.733970090835736
"Ms4a4b",3083.84036262702,-0.0241101166194825,0.116711923505568,0.0141745914782036,0.733970090835736
"Uba52",848.765409475065,-0.0178694441109692,0.0862995668855588,0.0143196446549088,0.734858127972365
"Psmb7",613.294370075272,-0.0179583383230033,0.0881282481953271,0.0150086730758419,0.742107674567539
"AA467197",97.8950507798608,-0.025781437567489,0.139017399781449,0.0148095057065019,0.742107674567539
"Luzp1",167.799343630234,-0.0258382589371258,0.131429342078323,0.0146499090458907,0.742107674567539
"Gm56906",457.435726864052,-0.018948552501585,0.0927994532587776,0.0149695591501372,0.742107674567539
"H2-Q7",610.038454177259,-0.0187521570792388,0.0915925959153723,0.0148505491033274,0.742107674567539
"Icos",388.663991068703,-0.0194078793500631,0.0967537599526676,0.0157142334625817,0.746566145008929
"Exoc4",1616.50757316725,0.013989087171922,0.0700986874411918,0.0155994152288269,0.746566145008929
"Nptn",568.99251876989,-0.0181555911831097,0.0898401563812602,0.0153800006413491,0.746566145008929
"Zup1",414.223261139576,-0.018861623270823,0.0941208456034599,0.0157601061021962,0.746566145008929
"Akr1c13",354.661472051409,-0.0211467853490527,0.105228128581758,0.0155272842752565,0.746566145008929
"Banf1",1009.59943293909,-0.0158911779646508,0.0791194220815482,0.0154855146350163,0.746566145008929
"Tgtp1",154.246378390137,-0.0239789907927565,0.124704713788185,0.0159587063000841,0.750248207248748
"Ly6a",2852.04793724584,-0.0165313415722441,0.12486547427391,0.0160593430840077,0.750248207248748
"Snrpc",644.972964542639,-0.0170439396947444,0.0865022852560751,0.0164695688001736,0.764142870221756
"Slfn5",90.4176756466435,-0.0140339584984282,0.116274184091721,0.0169686365355562,0.781942475454816
"Kcnq5",1325.40756338337,0.0116271325006809,0.0611188415576649,0.0178593739600014,0.804131313444575
"Isg15",1436.910527101,-0.0127935773350465,0.0672943576825492,0.0179307922277346,0.804131313444575
"Rfc5",236.590879988466,-0.0199110994824003,0.106223259251593,0.0183768863576539,0.804131313444575
"Wnk1",1486.92041267791,0.0109962470530058,0.0584968562085633,0.0185185244903091,0.804131313444575
"Ncoa7",484.166807715766,-0.0172429798601797,0.09040243386874,0.0180216917745319,0.804131313444575
"Atxn1",703.321097566439,0.0139434409977216,0.0738777112852632,0.0184154928064347,0.804131313444575
"Psme2",2110.9041657793,-0.0119169703865917,0.0632867870241134,0.0184043227676453,0.804131313444575
"Frmd8",132.20185607134,0.0218978173879303,0.121265992908067,0.0183359764680261,0.804131313444575
"Pim2",474.786694706503,-0.0168715690386614,0.0879798427805164,0.0177615522612207,0.804131313444575
"Id2",1314.94997246328,-0.0112160209186419,0.0611771060778461,0.0198979633795395,0.858527413585992
"Clec2i",96.7716031922136,0.0206416369831474,0.122556407268973,0.0201240858758667,0.862788340019755
"Stat4",747.869805512021,-0.0133552804247923,0.0739427210733587,0.0208833516865961,0.878657293944112
"Rabgap1l",1637.13674640776,0.00996186335616579,0.0550781046578972,0.0208184771565153,0.878657293944112
"BC147527",87.7287788369454,-0.020058394249671,0.122885134319937,0.0207532579324598,0.878657293944112
"Ifi209",216.41118595331,-0.0180477657673604,0.10140375797302,0.0211003111872699,0.882305604830655
"Nmi",436.345038777531,-0.0145055439505095,0.0807982525418978,0.0212859512020506,0.88460756713307
"A330040F15Rik",323.581843629675,-0.0161984753487496,0.0906424734198068,0.0214204564768565,0.884769342525767
"Rps27a",15495.9155856192,-0.00838758545824324,0.0466780097280036,0.0219126506761295,0.894194552289768
"Slfn2",1315.90295067801,-0.00986876197094055,0.0554854696216064,0.0218421626402613,0.894194552289768
"Samhd1",1411.35219716281,-0.00941222416115904,0.0534871630879787,0.0226202822797246,0.917543665645834
"Arhgap5",134.738826504643,-0.0184571582168258,0.109637097580949,0.022774741914105,0.918310129322306
"Smg6",525.170790146101,0.0124118310008709,0.0713060079138347,0.0231677964006396,0.928631081762915
"Add3",573.219436048074,0.0133062500843872,0.0768852155415847,0.0235621584857341,0.93888271519037
"Mrpl20",840.179498131052,-0.0104248012426734,0.060813259438694,0.0241826463108555,0.945993305742254
"Uqcrfs1",597.650661095846,-0.0115414432346586,0.0674319671673402,0.0242830503984308,0.945993305742254
"Dnah8",386.828950349539,0.0146011432213439,0.0855118854429259,0.0242992080305805,0.945993305742254
"Ndfip1",1390.98036160682,-0.00924417920043199,0.0537463780688596,0.0241504724276318,0.945993305742254
"Icam1",207.415228552579,-0.015887189531772,0.0946158523678163,0.0248099200642119,0.960356562942692
"Trbv2",84.7371171086837,-0.0174624726300232,0.114136887113921,0.0251333039184413,0.967346595133643
"Lncpint",254.051939352309,0.0153975666150974,0.0921499255929338,0.025308831311187,0.968599001706106
"Skap1",2984.89013078151,0.00750655640392583,0.0439042459259695,0.0257606413952395,0.976688482819199
"Plaat3",481.564132027474,-0.0122363405343096,0.0730459050494399,0.0258085678217651,0.976688482819199
"Mrpl15",567.557826186718,-0.000356010346373953,0.0139964127105103,0.730227783704891,0.999960136967505
"Lypla1",225.893852723396,0.000739246926237705,0.0199449334202946,0.577296528352138,0.999960136967505
"Tcea1",1079.69611044101,-1.43730424484384e-05,0.0120535273103817,0.988209421427307,0.999960136967505
"Atp6v1h",208.973192413346,0.000824020441069787,0.0209549615533347,0.550391238120383,0.999960136967505
"Rb1cc1",289.531600276445,-0.00013450872328963,0.0162011679739365,0.905787980691641,0.999960136967505
"Pcmtd1",250.880555910655,-0.000252713984184853,0.0175147336289998,0.83427368502841,0.999960136967505
"Rrs1",324.394054638141,-8.92206316184217e-06,0.0157978238277621,0.993617486890886,0.999960136967505
"Vcpip1",227.360888907225,-0.000821694580628568,0.0204209871965252,0.542581540464884,0.999960136967505
"Sgk3",185.890864203437,-0.000458577817863813,0.0198733785587427,0.731647086483376,0.999960136967505
"Cops5",339.716681748671,-0.00156092308764497,0.0235422045924301,0.300609353794872,0.999960136967505
"Cspp1",267.584681183831,-0.000746727304860019,0.0190163396033762,0.55787440604063,0.999960136967505
"Arfgef1",638.840359961826,-0.000380297912676995,0.013754261276329,0.710654802352293,0.999960136967505
"Ncoa2",680.749087812388,0.00116839200043364,0.0174392872867162,0.338411289177988,0.999960136967505
"Tram1",703.648146576303,-0.00275858927689452,0.0284546755371106,0.135228080308794,0.999960136967505
"Lactb2",152.468716808066,0.00108293219922719,0.0247586610906936,0.49491875812698,0.999960136967505
"Terf1",379.093772966834,0.000685622886906746,0.0172648264138518,0.562550032748801,0.999960136967505
"Rpl7",9360.33892382251,-0.00285572194861404,0.0214723539223595,0.0872436361355888,0.999960136967505
"Ube2w",251.789352977048,0.00133326525465617,0.023227109032886,0.370411002495835,0.999960136967505
"Eloc",991.771290338745,-0.000694730966438228,0.0139185874906238,0.511737144097652,0.999960136967505
"Tmem70",170.09397896717,-0.00069438942619168,0.0217054236881131,0.627712592750076,0.999960136967505
"Mcm3",854.111517438305,-0.000671059469809079,0.0140841691056878,0.52650107677044,0.999960136967505
"Ogfrl1",89.5596904205943,-0.000102012835119409,0.025263577487797,0.951073745320611,0.999960136967505
"Smap1",324.757057758588,-0.00210731915164993,0.0278783241073188,0.227836682430016,0.999960136967505
"Sdhaf4",115.557956406073,0.000693706961006437,0.0245629575190847,0.664870074095963,0.999960136967505
"Lmbrd1",100.29989501135,-0.00173126590308011,0.0325653153947547,0.386970628398446,0.999960136967505
"Phf3",574.327804794451,0.000102214972589414,0.0136371668014055,0.919615654124933,0.999960136967505
"Prim2",233.134723751412,0.000228148776168064,0.0176309802053158,0.851069949815405,0.999960136967505
"Zfp451",204.877433057238,0.000988808771948546,0.0220980477845321,0.491337116068218,0.999960136967505
"Dst",104.741036384006,0.000321663415083181,0.0257382367669619,0.848587717819309,0.999960136967505
"Ccdc115",181.22865890352,-0.000640092492316252,0.0208436638027762,0.643789165564352,0.999960136967505
"Imp4",230.153935897431,0.000171715940431093,0.0175922617485793,0.887533662338243,0.999960136967505
"Ptpn18",1702.1274777651,-0.000654134463247884,0.0129912177592147,0.529047027865554,0.999960136967505
"Fam168b",213.386906212673,-0.000518361631395925,0.0193233329026868,0.690507280646069,0.999960136967505
"Uggt1",368.708223791061,0.000745529941437257,0.017476726120051,0.532571799443064,0.999960136967505
"Neurl3",74.757677143157,-9.09822484271919e-05,0.0271050507535117,0.958809114474513,0.999960136967505
"Arid5a",496.235009714039,0.000429534780540449,0.0151211254652977,0.690999651683577,0.999960136967505
"Kansl3",127.353237960936,-0.000909304546167502,0.0250327175015611,0.573352595296699,0.999960136967505
"Cox5b",1393.63179472737,-0.000158567333746803,0.0117475569109408,0.871212014589364,0.999960136967505
"Zap70",207.914837304219,-0.000495715695404551,0.0192293641018356,0.702427320518947,0.999960136967505
"Tmem131",248.723306708486,0.00101241001974555,0.0214324060437841,0.468984743252875,0.999960136967505
"Coa5",130.889200662922,0.00025765748511532,0.021857015881689,0.860273338957319,0.999960136967505
"Unc50",149.11781192023,-0.000786315347974201,0.0232147606569605,0.603859500327759,0.999960136967505
"Mgat4a",227.024413060565,-0.000960003001041171,0.0214950152676572,0.49407201612613,0.999960136967505
"Mitd1",477.067564927678,-1.46004778218061e-05,0.0140795850835707,0.988697417274354,0.999960136967505
"Mrpl30",836.894249541552,-0.00186207208310684,0.0214383335308732,0.200028622545236,0.999960136967505
"Txndc9",422.51718714749,-0.000729618469104527,0.0168491599789,0.531040823130597,0.999960136967505
"Eif5b",922.616099214377,-0.000175717497783211,0.0125390778943764,0.858052043876004,0.999960136967505
"Rev1",177.648299259427,6.04388251489879e-05,0.0196549279384334,0.963945604583891,0.999960136967505
"Aff3",522.699200355479,0.0104285623642676,0.066319965305024,0.0308599733228228,0.999960136967505
"Pdcl3",230.406316219533,-0.00546940793732312,0.0501017419329772,0.0853853967354177,0.999960136967505
"Npas2",84.947945706178,-0.000818581056324032,0.0279739413805311,0.647112554563491,0.999960136967505
"Rpl31",4668.73458202529,-0.00125258975843735,0.0140037550206542,0.286012759778392,0.999960136967505
"Cnot11",127.550363313372,-0.000489458842758453,0.0228924766158477,0.746629196259522,0.999960136967505
"Map4k4",431.195594654633,0.000232461306753752,0.0147502943918766,0.82670425200007,0.999960136967505
"Mrps9",358.932845160699,0.000401256482284981,0.0159696845496315,0.720358454655127,0.999960136967505
"Nck2",124.229764502401,-0.000485282457179758,0.0230411314489577,0.750151370042029,0.999960136967505
"Uxs1",153.920705515727,-0.000842524518048513,0.0232096859014412,0.577194158600487,0.999960136967505
"Tpp2",858.074785374415,0.000219839997280977,0.0126606190202789,0.823709375398478,0.999960136967505
"Tex30",236.240760794733,-0.00320300109368435,0.0365707454007045,0.155952038753881,0.999960136967505
"Ercc5",106.064758852895,0.000902230514224683,0.0266217233440671,0.597303804729244,0.999960136967505
"Wdr75",516.137854019616,-0.000145635603756165,0.0138462842928041,0.886636863891874,0.999960136967505
"Slc39a10",85.473914479478,-0.000876913554074772,0.0284197539059434,0.627997535691017,0.999960136967505
"Nabp1",231.694454734939,0.00240916185258005,0.0316777317037112,0.21776538987711,0.999960136967505
"Stat1",3537.34847283586,-0.00429418584993003,0.0295882004054167,0.0508798555317258,0.999960136967505
"Gls",658.462964852765,0.000898196763998992,0.0158722818243995,0.429667898155108,0.999960136967505
"Nab1",222.908245547146,-0.000396544488264318,0.0188295400325133,0.756495589663147,0.999960136967505
"Nemp2",91.1584817844015,-0.00107472087749814,0.0288757428342438,0.555992281371819,0.999960136967505
"Mfsd6",124.887893181415,0.00102816963238883,0.0259372776000459,0.535642861107069,0.999960136967505
"Inpp1",94.5593905587572,-0.00127240678812291,0.0299353024719952,0.497184218246798,0.999960136967505
"Pms1",109.325919075958,0.00024145333605454,0.024120401407087,0.879752177459524,0.999960136967505
"Asnsd1",236.735984974952,0.000835154561080968,0.0202284414465905,0.532501370308667,0.999960136967505
"Stk17b",901.732875127786,0.000539443610212504,0.0136397054999769,0.601879442776825,0.999960136967505
"Gtf3c3",126.188414395466,0.000474773650121687,0.022892491447839,0.754102594727242,0.999960136967505
"Sf3b1",1497.03553408197,-0.000306092940569775,0.0120037440157346,0.756752682425511,0.999960136967505
"Hspd1",2503.21423830513,-0.000969166914862243,0.0132475333366098,0.380235350141292,0.999960136967505
"Hspe1",1697.21784175817,5.62050607535856e-05,0.0115415925616788,0.954139684559208,0.999960136967505
"Mob4",333.745339255027,-0.00103047417659253,0.0196114538019848,0.428551575430402,0.999960136967505
"Tyw5",83.9285127430207,-0.00186278636109853,0.0349565794489631,0.380627645032743,0.999960136967505
"Maip1",164.454518384754,-0.000466913621059322,0.0207551440293175,0.736774892251465,0.999960136967505
"Sgo2a",321.430457114965,0.0014888319386352,0.0232909204409015,0.318716048442667,0.999960136967505
"Bzw1",1560.17774061654,-0.00137675961165549,0.0164516148121447,0.262932978257108,0.999960136967505
"Clk1",435.238714864607,-0.000360126970950165,0.014901261218447,0.736378882467326,0.999960136967505
"Ppil3",238.321073690333,-0.000602380003474688,0.018974306640249,0.637317596292954,0.999960136967505
"Orc2",366.172564723267,-0.000728147984311762,0.0174484145520731,0.541673396250366,0.999960136967505
"Hycc2",128.383855596731,0.000215881382444917,0.0220724591423105,0.883846753418375,0.999960136967505
"Ndufb3",821.615001548186,-0.000412635612133365,0.013319117084257,0.684222931996203,0.999960136967505
"Cflar",389.353686589062,-0.000636811428629752,0.0166168677356008,0.580544838514252,0.999960136967505
"Casp8",638.236814776892,-0.00380537874267303,0.0341478136206909,0.0894585328655592,0.999960136967505
"Trak2",120.370927675038,0.000428676710932977,0.0230700246442955,0.779120238743537,0.999960136967505
"Tmem237",74.4394611865774,-0.000142277729291739,0.0271083914364029,0.93561979547379,0.999960136967505
"Sumo1",814.884745837664,-0.000862245418765985,0.0151235079829786,0.437533803536477,0.999960136967505
"Nop58",1843.60127700602,-0.000251647768151119,0.0116536033873857,0.798762826850785,0.999960136967505
"Wdr12",346.592294181595,0.00262985142487344,0.0303314801244827,0.167993453417357,0.999960136967505
"Nbeal1",117.24793860731,0.000371765748100137,0.0232156202620398,0.809176697342563,0.999960136967505
"Cyp20a1",74.293418610232,8.44923254265123e-05,0.0271328498501909,0.96177713410815,0.999960136967505
"Abi2",102.561952201183,0.000940604949318519,0.0275106048891135,0.592241755700865,0.999960136967505
"Raph1",87.5618144962937,-0.00245290562576568,0.0388288042040538,0.291588749223465,0.999960136967505
"Cd28",568.344777387884,-0.000628484647153476,0.0153540104976505,0.566700130466418,0.999960136967505
"Ino80d",303.040573121311,0.000596781907511865,0.0175310372224096,0.618564756128453,0.999960136967505
"Ndufs1",238.210754601149,-0.000822476395598186,0.0201514580590654,0.537594836915085,0.999960136967505
"Eef1b2",8026.07478954426,0.000243605165430216,0.0108174626739756,0.813900990006452,0.999960136967505
"Fastkd2",87.8714584322745,0.0001589407795568,0.0256411654420446,0.924747262312,0.999960136967505
"Klf7",359.766682361238,-0.00136181391853941,0.0216336762780408,0.333465832303704,0.999960136967505
"Creb1",403.723504709795,-0.000112107259663809,0.015050556154005,0.917045135645901,0.999960136967505
"2810408I11Rik",95.0762371923001,-4.76857411842765e-05,0.0251443372911107,0.977032207464535,0.999960136967505
"Plekhm3",72.9640751134826,0.000535794780001082,0.0282810926478475,0.767803128432405,0.999960136967505
"Pikfyve",130.758654336986,0.000491261542973094,0.0226303513332027,0.743174667857539,0.999960136967505
"Rpe",203.945991944361,-0.00102419998033603,0.0225346536363574,0.483018839210523,0.999960136967505
"Kansl1l",89.3189193533826,-4.35630009146376e-05,0.0252295279244628,0.979077156323719,0.999960136967505
"Acadl",546.058985616956,-0.011838010014667,0.0718884955052986,0.0270755337871013,0.999960136967505
"Bard1",183.41706175998,0.00075255799764704,0.0215000534498045,0.595086576801625,0.999960136967505
"Atic",536.481923517603,1.57295651556469e-05,0.0135981435677572,0.987584818929663,0.999960136967505
"Xrcc5",194.671748237222,0.00266380948370777,0.0343660916063107,0.205908341800084,0.999960136967505
"Rpl37a",7664.82463402559,0.00036246564494564,0.0109227724250924,0.727946624435548,0.999960136967505
"Arpc2",3199.25597813043,-0.000329803179574919,0.0112664039674149,0.744231949575919,0.999960136967505
"Aamp",209.746999367702,-0.000232729347480116,0.0183096445045465,0.852807699288289,0.999960136967505
"Pnkd",139.082208671326,-0.00314305384520939,0.0407489697441802,0.200746636224538,0.999960136967505
"Usp37",356.197471773218,-7.65121860341091e-05,0.0151515144047796,0.943599132842675,0.999960136967505
"Cnot9",183.679485395058,0.000213258605926351,0.0194391253190075,0.871792743037945,0.999960136967505
"Ttll4",97.3691490831702,0.00111369896271544,0.0287635648869448,0.539929132997521,0.999960136967505
"Cnppd1",139.86729572344,0.000238362016226927,0.0214777226998619,0.868697704896323,0.999960136967505
"Zfand2b",88.2803293694332,-0.00176961512415897,0.0337459769970292,0.391073743051478,0.999960136967505
"Stk16",106.631253929463,-0.00591302984121816,0.0597384171420315,0.102719540669097,0.999960136967505
"Tuba4a",453.240213174042,-0.00202587125196595,0.0251778756276733,0.210193121000608,0.999960136967505
"Farsb",371.305019113669,-0.000159012730209265,0.0150618751179011,0.882599982815665,0.999960136967505
"5730419F03Rik",140.803545903316,-0.000878797156868239,0.0243666898288779,0.577466007717435,0.999960136967505
"Acsl3",164.901204200424,-0.000284015115685646,0.0201129973513601,0.834482836429349,0.999960136967505
"Ap1s3",108.153324449366,-0.00115903586139342,0.0282557157639813,0.516348415998538,0.999960136967505
"Wdfy1",96.3331261183377,-0.00597617490618256,0.0606832868944726,0.10298300558673,0.999960136967505
"Mrpl44",149.22732003358,-0.00144683546957472,0.0274744095605051,0.401488409815346,0.999960136967505
"Cul3",893.234835814218,-9.68836929495399e-05,0.0125092163111849,0.921189233207834,0.999960136967505
"Dock10",3085.44492363048,-0.000668426345555645,0.0120549869593883,0.523423594060118,0.999960136967505
"Rhbdd1",191.932476429646,0.0048117022874266,0.0478575135222954,0.106036434442344,0.999960136967505
"Mff",319.418545377975,-0.000411674733209752,0.0165100059428102,0.720023409328784,0.999960136967505
"Agfg1",530.457144749284,-0.000804657485355138,0.0162246170071573,0.48089732557937,0.999960136967505
"Trip12",778.147872967864,-0.000150066283193582,0.0127192151646244,0.878919886420026,0.999960136967505
"Sp110",679.581881406526,-0.000385746850025949,0.0135892504319605,0.705352213665758,0.999960136967505
"Sp140",357.732381362403,-0.0038902120492473,0.0395853660812399,0.116608710918249,0.999960136967505
"Sp100",1308.73048182576,-0.0069715369336903,0.0454724258824309,0.0346071685941839,0.999960136967505
"A630001G21Rik",177.420405778605,0.000476199701790499,0.020254633286533,0.72600843295731,0.999960136967505
"Cab39",711.279190284663,-0.000355096095604819,0.0133747183396398,0.725678758711464,0.999960136967505
"Itm2c",136.114955882547,-0.00504828867627395,0.0521016320129779,0.113634458882935,0.999960136967505
"Gpr55",72.182693119171,0.000516575706104802,0.028275901695686,0.775933888561429,0.999960136967505
"Psmd1",698.459714006317,-0.00176810546359041,0.0214640909425805,0.219349621627841,0.999960136967505
"Ncl",8802.00398832372,0.000328139643938447,0.0108573357826369,0.753035570741467,0.999960136967505
"Ptma",26274.2591609959,5.50656977078074e-05,0.0106218096602743,0.957992237702252,0.999960136967505
"Pde6d",126.999442985643,-0.000249454645782149,0.0221252366537453,0.866135809870695,0.999960136967505
"Cops7b",84.1593649597051,-0.0025407750576885,0.0397270559164159,0.284080596731659,0.999960136967505
"Dis3l2",256.422330671899,0.00176951007337189,0.0262080989885702,0.283172145126229,0.999960136967505
"Eif4e2",447.003777272976,-0.00472222265353866,0.0416896190352113,0.0803851379509587,0.999960136967505
"Gigyf2",353.453592931789,0.00144538186799025,0.0222796813059511,0.316270320387722,0.999960136967505
"Inpp5d",353.508248649539,0.000659432066544356,0.0172673565771047,0.577631042115054,0.999960136967505
"Atg16l1",175.680548070905,-0.000430875185261471,0.020535732544642,0.754509198933725,0.999960136967505
"Dgkd",612.194941864789,-0.000136837422258687,0.0133146224715279,0.891341841627942,0.999960136967505
"Usp40",74.7405893239116,4.32816469238049e-05,0.0270065979585095,0.980343125550861,0.999960136967505
"Hjurp",336.62034731772,0.00282629391579158,0.0331230227987492,0.169371140703078,0.999960136967505
"Arl4c",230.784089960603,0.00502915110843475,0.0493341909271247,0.101831909709006,0.999960136967505
"Cops8",177.933988532191,-0.000768527819891388,0.021990711041755,0.594556600064489,0.999960136967505
"Lrrfip1",739.809290570931,0.00255306499712192,0.0258335012729123,0.137128750105374,0.999960136967505
"Ube2f",130.26380061144,-0.00147670971294284,0.0286861051583881,0.410208014656237,0.999960136967505
"Ilkap",343.799188307808,-0.000579336483563815,0.0170057137785595,0.620984671479405,0.999960136967505
"Hdac4",204.952939037874,0.000613413820144372,0.0199432353034302,0.645377412345395,0.999960136967505
"Ndufa10",578.617832290908,-2.011642634358e-05,0.0133680474170547,0.98398775758951,0.999960136967505
"Cops9",717.005024649962,-0.000469214367586851,0.0139155233696572,0.650532521026315,0.999960136967505
"Ppp1r7",394.447811837271,-0.000858134517888686,0.0177220893053358,0.477485596762564,0.999960136967505
"Hdlbp",641.150012689765,-0.000604359647666916,0.0147641113850274,0.573455391334079,0.999960136967505
"Atg4b",95.6395209321684,-0.000321717888852212,0.0251933881649951,0.845827024291512,0.999960136967505
"Dtymk",802.925921565077,-0.000531550992573002,0.0136112296281569,0.60668559640514,0.999960136967505
"Ing5",192.870136747842,0.000216454386541183,0.0188968942191089,0.866672085094746,0.999960136967505
"Fam174a",95.1693300658241,-0.000721151866875992,0.0266804078571455,0.675254385689543,0.999960136967505
"St8sia4",203.115336118219,-0.000480003723871364,0.0194501099738112,0.714307503719644,0.999960136967505
"Ppip5k2",227.492253954873,0.000917333443932752,0.0210099648140191,0.50570529944105,0.999960136967505
"Gin1",85.778167440914,-0.00298366123246346,0.0428549941726213,0.240423177473596,0.999960136967505
"Pign",205.446214710777,0.000232774501643777,0.0185857907095533,0.854631615372106,0.999960136967505
"Relch",270.451366302969,-0.000460496331947686,0.0175499908797904,0.701977139492199,0.999960136967505
"Zcchc2",185.663860766888,0.00060800204142826,0.02056576645096,0.657139304694425,0.999960136967505
"Phlpp1",181.293335565583,7.61764785655678e-05,0.0193661500681694,0.953971751042253,0.999960136967505
"Bcl2",5011.1590572183,0.00135972265320308,0.014626551070619,0.258341994635152,0.999960136967505
"Kdsr",114.370799022463,9.39019922332197e-05,0.0227972383147193,0.950818388259523,0.999960136967505
"Vps4b",505.961432513417,0.000114360702856504,0.014134277146616,0.911878777102631,0.999960136967505
"Tsn",933.461189781266,-0.000347961448404742,0.0126878385684867,0.726881503614767,0.999960136967505
"Nifk",430.794355662689,-0.000184620044516077,0.0145164306589871,0.860533191682391,0.999960136967505
"Clasp1",313.189958442584,-0.000713790444227122,0.0180436762581409,0.559549144294228,0.999960136967505
"Ptpn4",174.801862641871,-0.000183927916434796,0.0201331661915804,0.892692945865842,0.999960136967505
"Dbi",818.788126524918,-0.00120691814776582,0.0174764331352368,0.325193515626457,0.999960136967505
"3110009E18Rik",86.0030808944255,-0.000101993348560194,0.0256016989182891,0.951623394664552,0.999960136967505
"Insig2",88.4374410084367,-0.000522138902814651,0.0262973177480955,0.759969250345252,0.999960136967505
"Ccdc93",97.1745404504505,-0.00115800408256391,0.0288656169654342,0.524696317189571,0.999960136967505
"Ddx18",596.663260257194,8.02400674341872e-05,0.0133878629611377,0.936263088620204,0.999960136967505
"Actr3",3277.95774685192,0.00102316912317081,0.0130194307644775,0.360520978897841,0.999960136967505
"Mgat5",142.420135195112,0.00115572642963655,0.0259363607904994,0.484015505285847,0.999960136967505
"Ccnt2",243.815881560434,0.000470369456148114,0.0181219715395104,0.703312662063681,0.999960136967505
"Rab3gap1",284.764206694032,0.000861361050488599,0.0194205170697626,0.505264919639787,0.999960136967505
"Zranb3",121.855023986286,0.000211686814241814,0.0224160547546052,0.88762283216147,0.999960136967505
"R3hdm1",571.467897347814,-0.000210450153144921,0.0136298044081422,0.835646362274752,0.999960136967505
"Ubxn4",792.696403945474,-0.00101168469515791,0.0161028679503473,0.382419099735145,0.999960136967505
"Mcm6",632.065016663157,0.000750134180126906,0.0152302719703374,0.495776640854298,0.999960136967505
"Dars",558.09009535276,0.00117468831376548,0.0181570047578165,0.34594805316022,0.999960136967505
"Mapkapk2",384.869173514022,-0.00334898029364111,0.0342761723205458,0.122976536855755,0.999960136967505
"Eif2d",175.26973197412,0.00119991891084919,0.0245397413605125,0.443770547834352,0.999960136967505
"Rassf5",330.94503947451,0.00124883852459061,0.0214298392176076,0.370661102881998,0.999960136967505
"Ikbke",206.521583147758,-0.0015240046470411,0.0258523964967004,0.349571059361104,0.999960136967505
"Srgap2",590.988848918688,0.000291586944339389,0.0136979256424073,0.774820142638017,0.999960136967505
"Ctse",260.800137969132,-0.00403813297276205,0.0416103379548609,0.118975085964864,0.999960136967505
"Rab29",75.7094172331193,0.000864677018367489,0.0294949483818951,0.643316695522543,0.999960136967505
"Nucks1",1907.26137206951,-0.000707666142013473,0.0127433735794396,0.499660719686069,0.999960136967505
"Elk4",369.359557605349,-3.47555920300761e-05,0.0150947986319523,0.97429648837598,0.999960136967505
"Rbbp5",179.99942644024,1.51141168311435e-05,0.0191369284720219,0.990770272481143,0.999960136967505
"Mdm4",677.879868930792,0.000477350753710526,0.0140733088535314,0.646674197405775,0.999960136967505
"Ppp1r15b",194.129768290391,-0.000321165128458884,0.0190442575724258,0.804056638673912,0.999960136967505
"Snrpe",2545.23800711191,-0.00117883542842083,0.0144830864985811,0.308725094534143,0.999960136967505
"Zbed6",85.5453331052917,-0.000672582364900805,0.027514264032474,0.703878395591162,0.999960136967505
"Btg2",144.108604833144,-0.00139260201213404,0.0273183708048289,0.41765991939661,0.999960136967505
"Tmem183a",130.82716401638,-0.00227569918049142,0.034459659549803,0.278213668665267,0.999960136967505
"Cyb5r1",142.777597698884,-7.67867290093688e-05,0.02087614012902,0.956554210116785,0.999960136967505
"Adipor1",243.47596082383,-0.00118719247825055,0.0224397218565163,0.41238376363791,0.999960136967505
"Rabif",106.37782348683,-0.000345420339477533,0.0239299646630775,0.827157569226666,0.999960136967505
"Kdm5b",137.137687175582,-0.00830363141819432,0.0692574344103803,0.0621398019562155,0.999960136967505
"Ppp1r12b",140.547966504635,0.00053930335643704,0.0228801770493884,0.721235557579092,0.999960136967505
"Ube2t",146.345348863588,8.41123303961736e-05,0.0207730482961129,0.952204123959626,0.999960136967505
"Ptpn7",450.005685397954,0.000536120651778599,0.0155583326686265,0.626652736528519,0.999960136967505
"Rnpep",117.863758981753,-0.00122232508412047,0.0277058690262975,0.485030191773432,0.999960136967505
"Timm17a",438.30195445664,-0.000696491603005294,0.0166594808058823,0.546605800279867,0.999960136967505
"Ipo9",182.562322651651,0.0021747375280238,0.0312549928616457,0.25843003852717,0.999960136967505
"Csrp1",173.554245915492,-0.00431201454148417,0.0459817213585046,0.12665192705453,0.999960136967505
"Phlda3",95.2516807006289,0.000565030927554161,0.0262611509779708,0.740381562813523,0.999960136967505
"Kif21b",117.975901698031,0.00080822941920287,0.0250605290253624,0.618538179766642,0.999960136967505
"Kif14",150.121213435568,0.000326273636182801,0.0209156641448722,0.816410373375694,0.999960136967505
"Zfp281",255.594023233377,-0.00214530182363077,0.0291619385668537,0.23683434969141,0.999960136967505
"Ptprc",4938.67517068877,0.000596286990293214,0.0114419522557273,0.571190591075868,0.999960136967505
"Nek7",599.889194962904,4.95601629313505e-05,0.013281799497591,0.96045132076221,0.999960136967505
"2310009B15Rik",184.130758146395,7.50567641345073e-05,0.0190115786641444,0.953914898898206,0.999960136967505
"Dennd1b",530.084491049766,0.000371808736792178,0.0142420958268776,0.72130432587952,0.999960136967505
"Zbtb41",80.8992765370183,0.00238481611361226,0.0388004268423128,0.304333337448816,0.999960136967505
"Aspm",410.634260992813,0.00107407777057133,0.0191285531953142,0.401295972660877,0.999960136967505
"Cdc73",290.198106536552,0.00041066070661267,0.0169827490817844,0.726450904810261,0.999960136967505
"Glrx2",235.385406075052,-0.00436703461717255,0.0437748270100437,0.110018490595212,0.999960136967505
"Uchl5",623.668115801074,-0.000381070768786948,0.013753116204941,0.710094308446473,0.999960136967505
"Odr4",213.901249284973,4.81255228065043e-05,0.017891465923567,0.968868726787398,0.999960136967505
"Tpr",2652.99000393574,-0.00140477806106903,0.0151842888602736,0.24875494755249,0.999960136967505
"Ivns1abp",362.826892228703,0.000340593424782413,0.0156279139493363,0.757732796015466,0.999960136967505
"Swt1",155.546800679232,-0.000392507298387495,0.0210254449573563,0.780568765917632,0.999960136967505
"Trmt1l",188.318076941901,0.000488576516085602,0.019897503922631,0.71480846383008,0.999960136967505
"Rnf2",108.911787635929,-0.00185648781514953,0.032755442146478,0.355364547776038,0.999960136967505
"Niban1",323.043657410426,-0.000421501412044673,0.0166891763108903,0.715823963434165,0.999960136967505
"Edem3",73.3936802857762,-0.000326778265684006,0.0278463147270008,0.855705004497947,0.999960136967505
"1700025G04Rik",830.154963196029,0.000390813348333717,0.0130873185666713,0.69804451076584,0.999960136967505
"Tsen15",146.264003044735,-0.00277061363492847,0.0370996502688924,0.218571315075046,0.999960136967505
"Arpc5",1303.43212532322,-0.000697141080317451,0.0132796368211672,0.506313540936966,0.999960136967505
"Smg7",384.526876608542,0.000446190440593923,0.01570885910553,0.687157930211453,0.999960136967505
"Lamc1",73.9008900953532,-0.000126456401348701,0.0272751719510504,0.943049861673843,0.999960136967505
"E330020D12Rik",78.684525742914,-0.000311555095093267,0.0270120500822853,0.859005620839641,0.999960136967505
"Dhx9",873.012529914811,-0.000494454413271605,0.0132385725732081,0.627978218076364,0.999960136967505
"Rnasel",113.640766819626,-0.00149858298277416,0.0298141674702302,0.419592847026893,0.999960136967505
"Ier5",233.30894330509,-0.0016053054626525,0.0256733082640819,0.321293260517942,0.999960136967505
"Stx6",219.802487182697,-0.00660939238284978,0.0565455662544069,0.0700214131443498,0.999960136967505
"Xpr1",242.747717708736,0.0015333633268694,0.0250601238350895,0.333547965515555,0.999960136967505
"Acbd6",428.674014281392,-0.000877504219060889,0.0175021457057284,0.46415390180784,0.999960136967505
"Cep350",374.326984409405,-0.000999531115252881,0.0189693212601292,0.431256659404454,0.999960136967505
"Tor1aip1",503.547486479268,-0.000543356713090127,0.0150629786381002,0.615344756836762,0.999960136967505
"Tor1aip2",431.134338123268,-0.00221256879963606,0.0266957968930755,0.193569095666744,0.999960136967505
"Gm2000",175.681345110017,0.000803316654817368,0.0220761824011735,0.578707947006486,0.999960136967505
"Soat1",109.109788857005,-4.98854634608779e-05,0.0239741645629722,0.974980051872512,0.999960136967505
"Abl2",118.216064660857,0.000324473618834369,0.0229992485301723,0.831903703039603,0.999960136967505
"Fam20b",88.7676009685839,-0.000482232623126831,0.026147005094944,0.776950771111071,0.999960136967505
"Ralgps2",152.6547224701,0.000517658430635205,0.021517732014749,0.71767277404471,0.999960136967505
"Cop1",251.236434770331,-7.12500917831718e-05,0.0173184027367652,0.952646184078293,0.999960136967505
"4930523C07Rik",354.168024696057,-0.00129747940455288,0.0213169959223746,0.350797307914122,0.999960136967505
"Mrps14",967.422948043694,-0.00197798079707527,0.0214609736370072,0.179535600174714,0.999960136967505
"Cacybp",1250.84262572336,-0.00165558730757255,0.0183848913856866,0.212735124527405,0.999960136967505
"Rc3h1",314.744405165872,0.0018826218121872,0.0259328450843423,0.250872266400876,0.999960136967505
"Zbtb37",86.4890794061677,0.00201413127186756,0.0355755218931544,0.350244165596571,0.999960136967505
"Gas5",4317.45223868722,0.00155577484508006,0.0152323442360834,0.215631450492502,0.999960136967505
"Cenpl",119.389859888411,0.00168388106491709,0.0308049970897965,0.376782789575425,0.999960136967505
"Klhl20",99.7948277280676,0.00144749169598716,0.0304311553575129,0.444647154333789,0.999960136967505
"Prdx6",555.603305567165,-0.000594783836151222,0.0149452281509022,0.581627450981206,0.999960136967505
"Suco",334.771797049553,4.7233047150177e-05,0.0157249740451523,0.966100722224765,0.999960136967505
"Vamp4",146.215330469764,0.000432065538178208,0.021490654941046,0.76330179928271,0.999960136967505
"Prrc2c",2812.78832857477,0.000254660198670709,0.0112172785336815,0.799679211163585,0.999960136967505
"Scyl3",116.078143983069,-0.000539751693855138,0.0238405298618412,0.730676508108407,0.999960136967505
"Nme7",90.4148565338913,-0.000618756437702092,0.0265119977888765,0.718544364043784,0.999960136967505
"Sft2d2",135.704753723269,-0.00255136748147895,0.0360648736934463,0.243906346120064,0.999960136967505
"Tiprl",300.071561866532,-0.000705493027093446,0.0183272934359408,0.568873596673005,0.999960136967505
"Dcaf6",90.9405226752426,0.00717945194007047,0.0678564505172045,0.0826441785859565,0.999960136967505
"Mpc2",445.932308422733,-0.000883711860028926,0.017359738595583,0.458762057661409,0.999960136967505
"Rcsd1",446.673237766867,0.00117679458882848,0.0193165159571079,0.362846285018491,0.999960136967505
"Creg1",130.320880882046,-0.00164900157110388,0.0307631507626523,0.386471363080079,0.999960136967505
"Cd247",1103.27163199446,0.00256346730109201,0.0241819850361048,0.124077242384981,0.999960136967505
"Pou2f1",220.917243971028,0.000260654469218198,0.018098790334701,0.833675900959896,0.999960136967505
"Uck2",542.747591690214,-0.00108286552771607,0.0178193716444177,0.376673070662715,0.999960136967505
"Tmco1",454.834022143933,-0.000553240171194814,0.0157356421789173,0.618318105240587,0.999960136967505
"Aldh9a1",130.727423437584,0.000296630565036343,0.0220335713856052,0.84038791916441,0.999960136967505
"Nuf2",200.906938411607,0.000166141406264456,0.0187984648806546,0.897103087619546,0.999960136967505
"Uap1",116.60204313705,-0.00210243274397037,0.0343831429172782,0.315357475391438,0.999960136967505
"Uhmk1",158.896663699618,0.00136704463968265,0.0278372391200624,0.434643197157085,0.999960136967505
"Atf6",340.848197264588,-0.000967876279949486,0.0192439252369619,0.450575090090588,0.999960136967505
"Sdhc",318.084652832601,0.000756251880058068,0.018210190410931,0.539085226638829,0.999960136967505
"Ndufs2",298.060650696788,-0.000558787934544785,0.0175297966587538,0.64130991636206,0.999960136967505
"Ufc1",358.389397030268,-0.000751354954448887,0.017798722322183,0.534785049880445,0.999960136967505
"Nit1",76.0703522292321,-0.000535859163686531,0.0278860141767474,0.76519342179132,0.999960136967505
"Pfdn2",652.530224463113,-0.000575242135126592,0.0143707931192938,0.586678643007189,0.999960136967505
"Arhgap30",803.047209333165,0.00121920396039373,0.0171060311458859,0.316531413763387,0.999960136967505
"Usf1",97.9634824707844,-0.00239737003212552,0.0374513858570315,0.288079116796574,0.999960136967505
"Ly9",256.970022825667,-0.000830513131482586,0.0197402362461824,0.526430314925552,0.999960136967505
"Cd48",374.976412117752,0.000621449706684572,0.0166979316444104,0.590925535360785,0.999960136967505
"Slamf1",177.153351096545,-0.00145318520436756,0.0262813579200284,0.380058614716148,0.999960136967505
"Cd84",230.674890640666,7.59352413005181e-05,0.01788196364653,0.950867319023034,0.999960136967505
"Slamf6",87.575365676507,-0.000890605115716179,0.0283640363130484,0.621936165814704,0.999960136967505
"Ncstn",80.2297531380499,-0.00103742854925055,0.0297187878762929,0.579584180932202,0.999960136967505
"Copa",314.342984325639,-7.17011597661769e-05,0.0157776401739338,0.948685327269788,0.999960136967505
"Dcaf8",258.143884619872,0.00168418457806891,0.0256125104256973,0.297340116895812,0.999960136967505
"Tagln2",1176.90927153042,-0.000398306072410506,0.0124692089265661,0.690088331031158,0.999960136967505
"Aim2",282.615991056781,-0.000247365139315576,0.0165507023549152,0.830265343241182,0.999960136967505
"Ifi206",104.957881318128,-0.012290393802059,0.0902046023724746,0.040073573274754,0.999960136967505
"Ifi214",192.830902132427,-0.00835787438273647,0.0676330936264239,0.0582916129366716,0.999960136967505
"Ifi204",113.780478498281,-0.00582114131307012,0.0583747231839052,0.102144511600877,0.999960136967505
"Exo1",147.234843097993,0.000913718156499877,0.0238762215288229,0.554491910452883,0.999960136967505
"Cep170",109.191849868851,0.000936572705403943,0.0265967562794279,0.582638808842584,0.999960136967505
"Sdccag8",129.933793044481,0.000301065067349437,0.0224684950945034,0.840753257151998,0.999960136967505
"Akt3",468.413827521169,0.000478141087810955,0.0150482050033357,0.657523309296426,0.999960136967505
"Adss",637.867627053287,0.000149468346370471,0.0131942220942037,0.880951049226423,0.999960136967505
"Desi2",333.667612428528,-0.000856823353226606,0.0190117534061588,0.500385320321877,0.999960136967505
"Cox20",216.33221740726,-6.38765975616392e-06,0.0181300359716401,0.995913582271214,0.999960136967505
"Hnrnpu",3668.39940379646,0.000165078212895492,0.0110139885023995,0.869900953080817,0.999960136967505
"Smyd3",505.053586854892,0.00884907416935648,0.0591272816852499,0.0356407659698464,0.999960136967505
"Tfb2m",100.214044341862,0.00149287711372693,0.03088643432587,0.436137974876177,0.999960136967505
"Cnst",111.769626390977,0.00099913571354281,0.0265797823575794,0.556564093411841,0.999960136967505
"Ahctf1",385.041270576875,0.000574515270299571,0.0162836683836965,0.613057476692577,0.999960136967505
"Psen2",132.633223477758,-0.00593247232611138,0.0580478128002924,0.0968026189772221,0.999960136967505
"Itpkb",231.421830070534,0.00123343247894472,0.0232264242327352,0.407925617226944,0.999960136967505
"Parp1",499.556216059385,-0.000207355694611756,0.0140571795518536,0.840603772867773,0.999960136967505
"Lin9",196.088120964101,-0.000341222636868378,0.0201213011155443,0.801528331752106,0.999960136967505
"Acbd3",328.471539570816,0.00026985041083589,0.0162696716603408,0.812609320684022,0.999960136967505
"Sde2",193.525196821952,-0.000700727611897678,0.020754259033518,0.610401272144637,0.999960136967505
"Pycr2",197.339759075283,-0.000881173489432828,0.0217183447753547,0.535140553296895,0.999960136967505
"Nvl",386.566154108118,0.000111767328006139,0.0148468712136211,0.916519922911356,0.999960136967505
"Cnih4",716.855532009991,4.55026266616561e-06,0.0130234206352597,0.996336243061335,0.999960136967505
"Wdr26",404.076460450174,-0.000322929934636303,0.0150816082370667,0.764446777479988,0.999960136967505
"Lbr",953.702342893649,0.000727112164788919,0.0139500342110082,0.494372469978267,0.999960136967505
"Enah",641.628344084121,-0.000104880465646254,0.0133509221069745,0.916670440526202,0.999960136967505
"Srp9",1304.14202873368,-0.00209937456395613,0.0221341096105603,0.166169795912369,0.999960136967505
"Degs1",164.711798621926,-0.000916515975359934,0.0236293294182295,0.549439499159124,0.999960136967505
"Fbxo28",177.939732259226,-0.00109361542959807,0.0239095499676582,0.476497675428552,0.999960136967505
"Trp53bp2",85.3547414325643,0.00180238610199661,0.0343818320162107,0.389782877001106,0.999960136967505
"Capn2",175.422256346358,0.000531421069017139,0.0206597653195543,0.700139066524173,0.999960136967505
"Disp1",71.6874131375281,0.000156408695164233,0.0274854589344921,0.930010615009604,0.999960136967505
"Brox",145.418321842798,0.000530479843284713,0.0219277702527718,0.715487755784406,0.999960136967505
"Aida",240.673221297663,-0.000155624939070697,0.0172761143436197,0.896499581146153,0.999960136967505
"Mia3",343.483568977685,-0.000231444797166903,0.0155413849028805,0.833437650427234,0.999960136967505
"Dusp10",130.437803869664,-0.000565544767061789,0.0237273256679304,0.716949325559982,0.999960136967505
"Mtarc2",325.475197092803,-0.000864325388865813,0.0189286313942422,0.49515543812431,0.999960136967505
"Rab3gap2",100.642231540526,0.000741460781857396,0.0260343594684143,0.659664269852949,0.999960136967505
"Iars2",239.392523761273,0.00229971366846766,0.0306077001284557,0.224800849378456,0.999960136967505
"Eprs",1508.4454375196,8.62464982176604e-05,0.0116037356228696,0.929648631591933,0.999960136967505
"Rrp15",260.710236486362,-0.000754778101541317,0.0194552674846047,0.560951328648063,0.999960136967505
"Gpatch2",114.127308364087,0.00118099111079433,0.0276126075274062,0.499208124682195,0.999960136967505
"Cenpf",1077.65022634933,0.00375080208266346,0.0321851708173995,0.0824229401155177,0.999960136967505
"Smyd2",133.415366387415,-0.000169901333938868,0.0215499356287736,0.906590296555456,0.999960136967505
"Angel2",228.767280910118,0.000557672884780786,0.0189144954421345,0.66216657856548,0.999960136967505
"Flvcr1",72.5878097763404,0.000745377233711433,0.0298002771005494,0.692730736914594,0.999960136967505
"Nenf",86.7119593641273,0.00104033259465187,0.0291351587015842,0.572039054103551,0.999960136967505
"Ppp2r5a",800.734714938141,0.000820544875884249,0.0149325908191026,0.455713421555294,0.999960136967505
"Dtl",453.705118417889,0.000696499196800154,0.016298352960583,0.540932103150154,0.999960136967505
"Ints7",289.262963206361,0.00080086134586734,0.0188850616577617,0.52692695413367,0.999960136967505
"Lpgat1",321.185792475752,0.00052261347814799,0.0184106903677619,0.675698930566805,0.999960136967505
"Nek2",128.559864506442,0.00425739241156633,0.0477458634155208,0.141084155469393,0.999960136967505
"Traf5",101.769899619055,0.00107025659281315,0.0279593051686589,0.546351110950229,0.999960136967505
"Utp25",137.367058438589,0.000562444665617974,0.0225394943775332,0.705797520813808,0.999960136967505
"Traf3ip3",523.672055748144,0.000774412978658215,0.0163615024267269,0.498913205478452,0.999960136967505
"Cr1l",344.326082473657,-0.000128875772726611,0.0153516215803568,0.90601100040375,0.999960136967505
"Nmt2",165.935294686278,0.000110747184782656,0.020639012191662,0.936722871723872,0.999960136967505
"Rpp38",90.7644929212323,0.00184175544933432,0.0340277617762202,0.375239100161004,0.999960136967505
"Dclre1c",73.6894986980527,0.00140736055482361,0.0327673088913077,0.485811463154519,0.999960136967505
"Suv39h2",76.6349460185766,0.000135375892616253,0.0267524330752218,0.938083382950807,0.999960136967505
"Hspa14",462.608559592193,-0.000394247558473072,0.0147920883849175,0.711374063587743,0.999960136967505
"Fam107b",713.953706006773,-0.000275069326777156,0.0131287231239185,0.783403104807535,0.999960136967505
"Prpf18",148.527131617172,0.00126313275955372,0.0263867063450871,0.449734673769438,0.999960136967505
"Sephs1",181.477091344426,-0.000277876350150752,0.0195108159773922,0.833722787183154,0.999960136967505
"Phyh",235.431136333651,-0.000316438596545105,0.0178445241184478,0.7961395251556,0.999960136967505
"Mcm10",254.866459963,9.23056614527786e-05,0.0169938989908195,0.937707459580503,0.999960136967505
"Camk1d",1112.41257001141,0.00837896509719443,0.051126135999994,0.0279392944365407,0.999960136967505
"Cdc123",495.210838525861,-1.82344376211219e-05,0.0138730951864406,0.98576320606956,0.999960136967505
"Nudt5",442.335846336603,0.00076886570582776,0.0168409771863047,0.509450508369652,0.999960136967505
"Upf2",293.513098253628,-0.00012612572189925,0.0161761813690562,0.911535585322936,0.999960136967505
"Celf2",1593.46184954007,0.00197029280902325,0.0197338990541605,0.167020346265379,0.999960136967505
"Gata3",314.717135069982,-0.00157164692105028,0.0237003647838993,0.299908562853788,0.999960136967505
"Taf3",317.124932380315,-6.59765214056834e-05,0.0157158650818938,0.95263864759884,0.999960136967505
"Atp5c1",1464.59485383961,-0.000577424635959695,0.0125827202726335,0.573068154078871,0.999960136967505
"Kin",231.217455096525,-0.00110897616897613,0.0227268671007325,0.449680753891292,0.999960136967505
"Itih5",1100.09599118929,-0.00082551389952775,0.0140212494605551,0.444973767269102,0.999960136967505
"Sfmbt2",108.651968071466,-0.0018746197002787,0.0329761679431233,0.353479665195973,0.999960136967505
"Prkcq",1284.6250505884,0.0046303162469061,0.0348545244110102,0.0567547608179741,0.999960136967505
"Pfkfb3",120.922506317124,0.000241423266281153,0.022673644388442,0.873165089348029,0.999960136967505
"Rbm17",683.384115354326,-0.000968809828781483,0.0163778255081337,0.404294511856777,0.999960136967505
"Il2ra",4557.34043741322,0.00039746798649783,0.0111419847740168,0.699526450700421,0.999960136967505
"Il15ra",116.066308503042,8.7348906260158e-07,0.022961778308248,0.999545226524724,0.999960136967505
"Mindy3",229.482349968338,-0.00122559726585261,0.0234564662741807,0.4150061733374,0.999960136967505
"Rsu1",237.895924564259,-0.000512779286830318,0.0184795103370467,0.682499269956441,0.999960136967505
"Vim",4014.58038501638,0.00890592258581082,0.0745916841714947,0.0603260922381744,0.999960136967505
"Stam",97.1839823277077,0.00147423706893449,0.0309023444249227,0.442274992516976,0.999960136967505
"Plxdc2",102.312543802794,0.00482779897374894,0.054399815815436,0.135817560506165,0.999960136967505
"Mllt10",639.20535213826,0.00728756830261321,0.0506353397582493,0.0404083273185648,0.999960136967505
"Dnajc1",652.259477976665,-0.00172741208237757,0.0225000129418081,0.241091442403705,0.999960136967505
"Commd3",629.885113398145,8.63105669919257e-05,0.0135756599978015,0.931922713379264,0.999960136967505
"Bmi1",118.333508670252,-0.000429658166821807,0.0232714267732535,0.780276306091826,0.999960136967505
"Pip4k2a",508.046158483943,0.00192024452467916,0.0235898462436999,0.212247926045743,0.999960136967505
"Arhgap21",101.975900790681,-0.000132646055872756,0.0239534390655544,0.933455445689622,0.999960136967505
"Apbb1ip",783.693528408169,0.00109840465630515,0.0169212495230493,0.357924402854145,0.999960136967505
"Pdss1",268.168337317718,-0.000655840231190803,0.0188107796409515,0.604498525044137,0.999960136967505
"Abi1",542.467018843024,0.00108104834088876,0.0182255520876019,0.38364924558667,0.999960136967505
"Acbd5",188.913648549229,0.000704688076360319,0.0210934899234966,0.613455309008889,0.999960136967505
"Mastl",221.923560859783,0.000494318305687246,0.0189822986259296,0.70008340203137,0.999960136967505
"Yme1l1",505.017894228293,-0.00125097516884193,0.0190943936550772,0.332058128797456,0.999960136967505
"Spopl",169.458929413831,0.00101569618952251,0.0236491048649582,0.505569158150854,0.999960136967505
"Psd4",225.727503662999,0.00197325087748942,0.0284272312884902,0.264796857177428,0.999960136967505
"Ehmt1",359.062263046534,0.000396192620426679,0.0158342748037646,0.722139314605988,0.999960136967505
"Arrdc1",95.8709665704028,-0.000559343481961979,0.0256726072872697,0.738053935691609,0.999960136967505
"Zmynd19",205.375468094372,-0.00281588313757018,0.0358696983601431,0.198829102522008,0.999960136967505
"Dph7",94.009367779512,0.000277374347362678,0.0254605711967715,0.868129081067086,0.999960136967505
"Mrpl41",253.877788787905,0.000239661544011214,0.0172665475400398,0.840925771860331,0.999960136967505
"Nelfb",93.0132735398763,0.000110019482730394,0.0248171186632536,0.946438351225678,0.999960136967505
"Tubb4b",1003.30557032597,0.000579653613934646,0.0134002212909247,0.574867966328833,0.999960136967505
"Ssna1",374.111152991466,-3.17157051577738e-06,0.0151691763987236,0.997662267904361,0.999960136967505
"Anapc2",98.1231120855769,0.000482078897603821,0.0251270193216261,0.769486931720243,0.999960136967505
"Paxx",81.2654057376392,-0.000992881630941674,0.0297921684017446,0.597065489295876,0.999960136967505
"Traf2",81.6865972945029,-0.000471089761905233,0.0270102922304811,0.787740018478411,0.999960136967505
"Edf1",872.084614458028,-0.000779304277834241,0.014427063230887,0.47126892581526,0.999960136967505
"Rabl6",225.571860386455,0.000534392690193507,0.0188962025408259,0.67545561238811,0.999960136967505
"Bmyc",152.771623953977,-0.000861358707598096,0.024019112196797,0.580375990554817,0.999960136967505
"Ubac1",142.738698339348,-0.000456119816675034,0.0223461925252883,0.758625716774654,0.999960136967505
"Dnlz",118.274772116864,-0.00112502338958712,0.0280890482665251,0.526991653807811,0.999960136967505
"Entr1",148.734225791193,0.000472891495922262,0.0216213510024017,0.742675322262228,0.999960136967505
"Pmpca",153.117569698063,-0.000424378215040369,0.0212419295091424,0.765097432456926,0.999960136967505
"Sec16a",133.953243129945,0.000176155585893644,0.0216801832494819,0.903669226644518,0.999960136967505
"Notch1",335.037924814702,-0.00020595382882916,0.0156536619566952,0.852352153753373,0.999960136967505
"Snhg7",236.00845732114,0.00403252363941283,0.0416641420045122,0.11972655414895,0.999960136967505
"Surf6",122.405958579079,-0.000178400569910209,0.0222914741911259,0.904789145146516,0.999960136967505
"Rpl7a",6789.39687621919,-0.00134832813011563,0.0140351235692112,0.260814642963855,0.999960136967505
"Surf1",118.497594927896,0.000989740283152958,0.0260732797725809,0.55351620846386,0.999960136967505
"Surf2",120.428362371979,0.00068458174758878,0.024190874552844,0.664828993438627,0.999960136967505
"Surf4",348.825736116698,-3.9319789204832e-06,0.0152574164629699,0.997113800508678,0.999960136967505
"Rexo4",196.555816044459,-3.57162444942337e-05,0.0196720608286822,0.978707768145802,0.999960136967505
"Brd3",256.234949079798,-0.000511784413196757,0.0180918857967199,0.677782209331528,0.999960136967505
"Wdr5",128.134526114543,-0.000989422348622785,0.0254615652589528,0.544967406078823,0.999960136967505
"Tsc1",71.6692475059255,0.000796900789461748,0.0299076449378776,0.67334617261506,0.999960136967505
"Ttf1",193.604935971361,0.000371335950267018,0.019348986520961,0.776887583585505,0.999960136967505
"Setx",626.043726654428,0.00111286633401059,0.0177610064062861,0.363829245627284,0.999960136967505
"Med27",177.576496662748,-9.13112451418047e-05,0.0191981569898451,0.944414038749934,0.999960136967505
"Rapgef1",204.0225774112,0.000541450688943465,0.0196763790883338,0.681956847344199,0.999960136967505
"Urm1",98.51393258334,-0.00165900820940854,0.0321514246067404,0.402253189511408,0.999960136967505
"Odf2",248.744734963972,0.000759149605166892,0.0197811791948175,0.564088059896946,0.999960136967505
"Gle1",105.672975075541,-0.00100947123989983,0.0277066818542184,0.567005352906461,0.999960136967505
"Sptan1",255.978183016877,-5.01826074006953e-05,0.016900916595352,0.965967244770856,0.999960136967505
"Set",5436.77805956195,0.000682121961767311,0.0115885785913332,0.522339480444931,0.999960136967505
"Endog",116.96020949867,0.00183515568623819,0.0319460275901345,0.35023250083097,0.999960136967505
"Nup188",129.853186040601,-0.000731295384447691,0.024436364156601,0.645886025733959,0.999960136967505
"Sh3glb2",80.2924908913816,-0.000484846476243797,0.0272190263095484,0.78299623593019,0.999960136967505
"Ptpa",261.495613072004,0.000672444316775163,0.0190367816199226,0.598819160909506,0.999960136967505
"Ntmt1",83.2977316439213,0.000346527590536969,0.0265387134828797,0.841042587416009,0.999960136967505
"Tor1b",107.865595251296,0.000263347786007067,0.0237253928054155,0.867024674904738,0.999960136967505
"Tor1a",243.231472107599,-0.000550297212491161,0.0188489398472432,0.665524314446805,0.999960136967505
"BC005624",234.407081325463,0.000189842505753749,0.0174986685951662,0.875167438506344,0.999960136967505
"Fnbp1",1211.55342555404,0.00110185433677536,0.0151887046148538,0.338478007394529,0.999960136967505
"Gpr107",88.774705372838,8.82510381287067e-05,0.0258036665907059,0.958410061005679,0.999960136967505
"Ass1",511.471447339312,0.00103573325224688,0.0176555285621881,0.393795619820557,0.999960136967505
"Fubp3",120.933032347063,0.000219249786203248,0.0227474363194256,0.885099569395938,0.999960136967505
"Exosc2",143.158117645731,0.000795556985176767,0.0234153087924018,0.602315157311518,0.999960136967505
"Abl1",116.175506059703,0.000360599635335415,0.0235653952409026,0.817230497506387,0.999960136967505
"Nup214",340.736094765882,0.00102590603875617,0.019749206180674,0.433004115672217,0.999960136967505
"Fam78a",177.530081236267,0.000951459048073994,0.0228513669870138,0.521092651105262,0.999960136967505
"Prrc2b",343.034756395769,4.52309751266577e-05,0.0153399603788084,0.966936421935877,0.999960136967505
"Swi5",906.946973305173,-0.00171456206489242,0.0197208065013764,0.212414504399614,0.999960136967505
"Golga2",74.9348354266976,0.000949650813872857,0.0298302658854594,0.613799258482271,0.999960136967505
"Ciz1",118.822885923059,0.00101453361408421,0.0263423059351623,0.546996354520957,0.999960136967505
"Bbln",96.5646886226243,-0.000144396833117517,0.0249077119660232,0.929938838125743,0.999960136967505
"Slc25a25",85.4740602039991,0.00702687980816036,0.0673227409765473,0.0854203775863156,0.999960136967505
"Eeig1",538.99506757841,0.000705408620752639,0.0156196018133836,0.525749252198328,0.999960136967505
"Dpm2",103.665637924669,0.000764938627129187,0.0258582097551696,0.647360490879608,0.999960136967505
"St6galnac4",95.7589043574969,-0.000231262631060844,0.025290855882132,0.889345998236302,0.999960136967505
"Cdk9",298.915355116282,0.00017734866626257,0.0161072067415099,0.875388386083447,0.999960136967505
"Sh2d3c",155.747435903848,0.00283782764111268,0.0372064483037975,0.209409201696404,0.999960136967505
"Rpl12",13670.1236291261,0.000860285522394675,0.0117067045435082,0.437289780160607,0.999960136967505
"Pbx3",78.878590835712,0.000541168234927803,0.0275148186469827,0.760375358548161,0.999960136967505
"Mapkap1",385.126861227988,0.000232634148103077,0.0151741670127281,0.829784220429973,0.999960136967505
"Gapvd1",450.849421771364,0.000586601715041102,0.0156953188674162,0.596989213994583,0.999960136967505
"Hspa5",2549.24830759443,-0.0016861976804838,0.0291277867280941,0.351519749154409,0.999960136967505
"Rabepk",145.535976317281,9.36798213221392e-05,0.0208639092173261,0.946974461275154,0.999960136967505
"Fbxw2",249.326524347232,-0.000118318933754971,0.0170543544715659,0.920415683620817,0.999960136967505
"Psmd5",221.741374459974,-0.000115590142620186,0.0178330750162929,0.925071024680468,0.999960136967505
"Traf1",193.817035564646,-0.00099777714985943,0.0225257205374775,0.494651998283663,0.999960136967505
"Cntrl",987.567782893082,0.00109810725365338,0.0159379424592988,0.346576219543617,0.999960136967505
"Rab14",475.82203232735,7.13420183847691e-05,0.01428146871666,0.945293862144983,0.999960136967505
"Ggta1",103.186302639335,0.000304909257199226,0.0244000115355846,0.849813297080086,0.999960136967505
"Ndufa8",643.168573235861,-0.0001822435259907,0.0135760686659245,0.85705815708064,0.999960136967505
"Rbm18",99.0741352192705,-0.000434780013068726,0.0249745587084721,0.790719936388221,0.999960136967505
"Mrrf",86.200734268403,0.00034111112279179,0.0259121774261219,0.84039971673469,0.999960136967505
"Rc3h2",229.177555797511,0.00120856019325341,0.023283649551882,0.418698692639607,0.999960136967505
"Zbtb6",75.2492456372443,-0.000165308023828759,0.0272768716029918,0.925586988073565,0.999960136967505
"Rabgap1",282.75266615783,0.00103771100221545,0.0210835681399144,0.451453371111134,0.999960136967505
"Strbp",230.687883687552,-0.000423814092017486,0.0182868911230876,0.733810292138699,0.999960136967505
"Dennd1a",619.339832248259,-0.000495276117696858,0.0141937564557277,0.636035222791921,0.999960136967505
"Nr6a1",85.3545026162088,0.00085687161428618,0.0285251004099699,0.637098717802822,0.999960136967505
"Rpl35",4817.43721999111,0.000793608966527736,0.0119299161988501,0.46281024985796,0.999960136967505
"Arpc5l",671.011762575171,0.000445589615236882,0.0137425731912053,0.664922440518918,0.999960136967505
"Golga1",137.698694685935,0.00143262736608273,0.0279030567875532,0.413014790076944,0.999960136967505
"Scai",94.8601071228298,0.00148705814953164,0.0313561848422948,0.444078545466684,0.999960136967505
"Ppp6c",253.932415796669,-6.10931972251667e-05,0.0168507540696579,0.958471684295214,0.999960136967505
"Arhgap15",5181.94615357318,0.00187995663857851,0.0169672508021324,0.165416418280573,0.999960136967505
"Gtdc1",129.72147640687,0.00787213909176167,0.0676743924273323,0.0673364069588656,0.999960136967505
"Orc4",355.763307443757,-0.00169668167083645,0.0238833611550587,0.267819218764863,0.999960136967505
"Mbd5",743.459860735665,0.00189222795263488,0.021717918161516,0.19714845537573,0.999960136967505
"Epc2",305.385789409636,-5.84231521794205e-05,0.0158902882732069,0.95840566219337,0.999960136967505
"Mmadhc",176.214546578199,-0.00181593505499535,0.0292328703646022,0.316476795533478,0.999960136967505
"Rbm43",203.069252510498,-0.000589085902400514,0.0201242053837498,0.661374869616045,0.999960136967505
"Rif1",1114.43716382073,0.000160491390024211,0.0122002546624689,0.869577709946046,0.999960136967505
"Neb",112.917542311645,-0.00197505024019291,0.0333327585813626,0.332541783353877,0.999960136967505
"Arl5a",261.915777115911,0.00056962692057668,0.0186013838581773,0.650703745251832,0.999960136967505
"Stam2",173.51510789184,-0.000753153399193379,0.0219285276217307,0.601277895397175,0.999960136967505
"Prpf40a",1576.38927186099,-0.000266093385715436,0.0117363047460045,0.787458464498725,0.999960136967505
"Arl6ip6",247.562851539372,-0.000262917101796432,0.018067944265458,0.832006003961225,0.999960136967505
"Cytip",1298.33123681163,0.00163225809930307,0.0278584357939354,0.348031559169143,0.999960136967505
"Gm13546",122.131113725495,0.000576143174948093,0.0251590514056193,0.725760082085542,0.999960136967505
"Pkp4",353.726723007406,0.000447461429313475,0.0171819078007369,0.705406719058982,0.999960136967505
"Dapl1",92.7994446674031,0.00152820647975012,0.0322918193149443,0.442960965799617,0.999960136967505
"Baz2b",140.473234119993,0.000227577844599781,0.0212101953154358,0.873231907652841,0.999960136967505
"Marchf7",382.537068036988,0.000495737170951034,0.0162907986485009,0.662646886249971,0.999960136967505
"Ly75",186.345651824533,-0.000926073830833878,0.0224601461214493,0.526294644220671,0.999960136967505
"Rbms1",1076.5188368857,0.000543972237337599,0.0130494939772787,0.594955932139727,0.999960136967505
"Tank",337.299806078798,-0.00133661187940253,0.0217291198675085,0.343758678103052,0.999960136967505
"Psmd14",861.080192964065,0.000529626713464445,0.013397341840684,0.606225638572606,0.999960136967505
"Dpp4",172.194156987361,-4.12519953184283e-05,0.0196627240758301,0.975397875428153,0.999960136967505
"Ifih1",405.590885117518,0.000849909057981846,0.0176290990224121,0.480079426872954,0.999960136967505
"Cobll1",189.928797626441,-0.000293781061981411,0.019432552251388,0.823674157630705,0.999960136967505
"Stk39",890.124239372061,-0.000533719886113155,0.0134976702869323,0.604367529156414,0.999960136967505
"Spc25",272.693392873847,0.00149274854003219,0.0238924750831186,0.327283115076648,0.999960136967505
"Ppig",1144.7134105165,-0.000328962749007647,0.0123671586896728,0.739902567800718,0.999960136967505
"Phospho2",79.5401192789511,0.000782470462803277,0.0284399357583596,0.666359447382336,0.999960136967505
"Ssb",1816.58671941694,-0.00418556559307499,0.0328405763011661,0.0652383983966644,0.999960136967505
"Mettl5",126.41763150201,-0.000240219914238967,0.0221528778879585,0.871211513903773,0.999960136967505
"Ubr3",213.746337140331,-2.09027073056248e-05,0.0181508393776365,0.986641119341894,0.999960136967505
"Gorasp2",241.729977002645,8.44117574672226e-05,0.017559931053873,0.944548210156436,0.999960136967505
"Tlk1",629.74672427351,0.000152291008668495,0.0132334290637537,0.878878454340939,0.999960136967505
"Dcaf17",109.89802175638,-0.000214699299715599,0.0233277215094073,0.889910160824131,0.999960136967505
"Dync1i2",376.313343663448,5.57200152992849e-05,0.0149092270746356,0.958446023662307,0.999960136967505
"Slc25a12",276.957727223222,-0.000883014094653467,0.0200770291428621,0.506025951420415,0.999960136967505
"Hat1",476.32466064323,-0.00202172640995357,0.0252365080900938,0.211714739238791,0.999960136967505
"Metap1d",120.112200934111,0.000949764220557183,0.0260080565104152,0.569381071063858,0.999960136967505
"Itga6",119.383645107902,0.000175785536313641,0.0225384701145968,0.907079864924195,0.999960136967505
"Pdk1",142.378327130825,0.000857378656092834,0.0240493990564935,0.582628568177715,0.999960136967505
"Cdca7",517.204920052958,0.000324055275317505,0.0143807901810048,0.756836310621458,0.999960136967505
"Sp3",585.074471921215,0.000830163403335449,0.0160622029086473,0.465442506639685,0.999960136967505
"Sp3os",132.345748945522,0.00304428196367425,0.0395802817369279,0.203235575228649,0.999960136967505
"Ola1",761.935130775087,0.000334604941758926,0.0131209782175989,0.73891435295064,0.999960136967505
"Cir1",197.579004215336,0.000775067723280494,0.0210436298977497,0.576513354470682,0.999960136967505
"Wipf1",618.66191783868,-0.000702138810956744,0.015107180463172,0.520579309959457,0.999960136967505
"Atf2",282.766302418465,0.000200643516402869,0.0164412553388161,0.861347844224309,0.999960136967505
"Atp5g3",1452.13351231336,-0.00258807333768934,0.0239739941698709,0.120292296477678,0.999960136967505
"Lnpk",216.133745463808,-0.000435985227100526,0.0187239432151721,0.731571484638014,0.999960136967505
"Mtx2",236.567268836967,-0.00018327972817381,0.0178855734783065,0.881632867947167,0.999960136967505
"Hnrnpa3",4090.43368257299,0.000186137348219476,0.010968686425678,0.854280050902605,0.999960136967505
"Nfe2l2",377.031475732365,0.00133789757773029,0.0211863944644568,0.334393706703039,0.999960136967505
"Agps",470.808261001601,0.000498302051077519,0.0153002172029459,0.647524118513032,0.999960136967505
"Pde11a",642.465267625088,-0.00359765603820125,0.0327928848907723,0.0946484614320141,0.999960136967505
"Rbm45",182.077358410962,-9.24245050323238e-05,0.0190748565930669,0.943421796023649,0.999960136967505
"Plekha3",125.893501038641,0.00176994936185904,0.0310051222829388,0.355024408598775,0.999960136967505
"Cwc22",280.938249061306,-0.000582688872965984,0.0180907204829544,0.635456601030017,0.999960136967505
"Ube2e3",148.388365873644,-0.000777139175684566,0.0232624702953621,0.60890858406812,0.999960136967505
"Itga4",123.271948926697,0.00352831412717367,0.0448151878388854,0.187734261261373,0.999960136967505
"Dnajc10",402.219143632471,-0.00082354081975377,0.0175957337502056,0.493019771584408,0.999960136967505
"Nckap1",72.2319601929057,0.00152390113373304,0.033690723408029,0.46021514988499,0.999960136967505
"Dusp19",90.120312465096,0.000756302386502212,0.0271281778865211,0.664637731761518,0.999960136967505
"Nup35",151.612175424144,3.74192131947345e-05,0.0203793013279361,0.978372089170564,0.999960136967505
"Zc3h15",945.891732016754,-0.000294864781183874,0.0126013787823464,0.765955770226972,0.999960136967505
"Itgav",299.846610704838,-0.00774465045951913,0.0597803526168727,0.05292831698523,0.999960136967505
"Selenoh",1008.89326487983,-0.000819031316531621,0.0142857995772176,0.450123143756561,0.999960136967505
"Tmx2",89.0009633257478,-0.00221790493744706,0.0375330295018299,0.32555077331984,0.999960136967505
"Med19",218.713252190096,0.000755232692975098,0.0202960364539473,0.574633055678954,0.999960136967505
"Zdhhc5",170.16024701921,0.000345013050008601,0.0200735964768156,0.798936058356411,0.999960136967505
"Clp1",89.3749431631327,-0.000456622860940463,0.0260401596170839,0.787901973932494,0.999960136967505
"Timm10",182.397361211428,-0.000428300521312428,0.0202213373678191,0.752705349734039,0.999960136967505
"Slc43a3",84.7326479640431,0.00100264761924076,0.0289882281822422,0.584764677995823,0.999960136967505
"Ssrp1",960.660437749085,-0.000126691413385237,0.012291966879894,0.896813332126133,0.999960136967505
"Nup160",274.439217874846,0.00101189854584967,0.0205317142253111,0.453189344515128,0.999960136967505
"Fnbp4",659.771920794834,0.000129354020419646,0.0132547165138923,0.897031895543411,0.999960136967505
"Mtch2",455.931586089314,-0.00267951598711677,0.0292560839534269,0.151245245857874,0.999960136967505
"Ndufs3",432.434036605812,-0.000532050707569495,0.0157554513767987,0.631987721285276,0.999960136967505
"Ptpmt1",155.405967229143,-3.49084625583376e-06,0.0201842243719879,0.99796512167665,0.999960136967505
"Celf1",735.154991977491,0.00112623262699498,0.0168015790650595,0.345855883100512,0.999960136967505
"Psmc3",682.261078262727,-0.00063392883782766,0.0144639372440236,0.552072065466154,0.999960136967505
"Madd",138.456970522187,0.00632754747486214,0.0593506103405719,0.0869706812016555,0.999960136967505
"Ddb2",137.238819381685,-0.000408405151465728,0.0221231482908338,0.781650290629312,0.999960136967505
"Arfgap2",101.371893795893,-0.000823773512571973,0.0264363453855351,0.628369347001383,0.999960136967505
"Cstpp1",87.3785225923013,0.000440056934582395,0.0263094255862243,0.797220342412243,0.999960136967505
"Ckap5",874.524858434897,0.000664047552343508,0.0139058757460896,0.528875006485548,0.999960136967505
"Arhgap1",143.025965575326,0.0011843834989855,0.0259561307806632,0.473063117354563,0.999960136967505
"Atg13",124.705728133108,-0.000835186674726151,0.0250879058200113,0.606842582378071,0.999960136967505
"Ambra1",505.76940857262,0.00132489208295142,0.0200257676757196,0.320586548958415,0.999960136967505
"Dgkz",325.653897633562,0.00150648592742391,0.0234316869925995,0.315441583084725,0.999960136967505
"Phf21a",560.125575866587,0.001508572320788,0.0205342608022383,0.271515576972529,0.999960136967505
"Trp53i11",133.477879500025,-0.000105865618857945,0.0215720768402117,0.941812556181251,0.999960136967505
"Ext2",113.115789524945,-0.000504549812914324,0.0239718409417504,0.749091666503599,0.999960136967505
"Alkbh3",126.211405271889,-9.23838196790257e-05,0.0219255989830054,0.949936594972766,0.999960136967505
"Hsd17b12",418.163186458422,-6.98429001659205e-05,0.0144711419671743,0.946884379728649,0.999960136967505
"Ttc17",290.124733483627,-0.00041254706639575,0.0169791476214098,0.725190594887277,0.999960136967505
"Api5",464.222276064092,-0.000240778625022122,0.0143817906284086,0.817813549343584,0.999960136967505
"Traf6",246.964349696931,0.000231584698120821,0.0172614592171751,0.846206143224007,0.999960136967505
"Trim44",220.406852787055,0.0047191285255446,0.0463837127743105,0.103585607684166,0.999960136967505
"Cd44",191.355554426956,0.00150744631466962,0.0265105129120924,0.365745892177988,0.999960136967505
"Pdhx",99.1110241086012,0.000380511634475189,0.0246783718084867,0.81470088181611,0.999960136967505
"Apip",120.199181389202,0.000656884524205583,0.024404705992624,0.680331630502738,0.999960136967505
"Cat",94.0557263273556,0.000171693775095688,0.024732518095737,0.916219595442022,0.999960136967505
"Abtb2",529.634911125507,0.000944569819479768,0.0170137965268762,0.424354697997848,0.999960136967505
"Nat10",128.370190149285,0.000934777735090454,0.025271050735222,0.565617190996712,0.999960136967505
"Caprin1",1343.98819126398,0.000371265895672332,0.0121404110826367,0.709057700744571,0.999960136967505
"Fbxo3",129.229422355332,0.000535778059380546,0.022931788265033,0.723553664045958,0.999960136967505
"Hipk3",115.299229336803,0.000670870916687239,0.0249304446599787,0.679565005510419,0.999960136967505
"Cstf3",414.160725270002,0.00421701932710117,0.0388729789195873,0.0914875670024851,0.999960136967505
"Qser1",98.9607127469175,-0.000816005509244508,0.0265784404437667,0.633317263406777,0.999960136967505
"Eif3m",1095.06918997063,-0.00142046362039997,0.0173856882163716,0.259184696333129,0.999960136967505
"Rcn1",427.883351413811,-0.000489829045266544,0.0154773461324226,0.655397739986904,0.999960136967505
"Elp4",343.229792451228,0.00174772558927612,0.0243766126493166,0.261775637044932,0.999960136967505
"Immp1l",294.849980335468,-5.71409092639847e-05,0.016031175052007,0.95959241576091,0.999960136967505
"Dnajc24",205.284741791232,0.000554020280422776,0.0195682164971765,0.673365076337353,0.999960136967505
"Arl14ep",177.10109699849,-6.10000228802212e-06,0.0191851856285216,0.996283020436665,0.999960136967505
"Mettl15",140.742451184864,0.00076905274343334,0.0236773482173301,0.618455588949472,0.999960136967505
"Kif18a",211.993965450633,0.000936870375613516,0.0218648706276507,0.511238173206054,0.999960136967505
"Lin7c",145.975463709133,0.000171335454573536,0.021109326099239,0.904081824461668,0.999960136967505
"Ccdc34",259.006645716316,-0.00108969688155051,0.0213844425968971,0.434117768593284,0.999960136967505
"Nop10",736.854326398422,-0.000700281577587497,0.0145143440264382,0.514463657960976,0.999960136967505
"Slc12a6",194.472517648902,0.00160521341115459,0.0267780318739185,0.339102617603219,0.999960136967505
"Emc4",219.809376392574,-0.00127476530352037,0.0239839926124569,0.405215625992532,0.999960136967505
"Katnbl1",184.543167307001,0.00103227015545656,0.0230495037876952,0.488287388832461,0.999960136967505
"Emc7",485.015482366359,-0.00127423790930424,0.0194359799653875,0.329012001984304,0.999960136967505
"Aven",209.134370384012,0.00349683526506602,0.0398092069422864,0.152130205013243,0.999960136967505
"Arhgap11a",242.777502104383,0.00192921595114897,0.0280202773312735,0.269487543073025,0.999960136967505
"Aqr",360.921554389533,0.000908387186433805,0.0185229385598157,0.46630181806579,0.999960136967505
"Zfp770",78.5267779793564,0.000432607190259786,0.0271048636247844,0.805388495936178,0.999960136967505
"Dph6",226.913148635642,0.00288138646466533,0.034682993167365,0.177521155515673,0.999960136967505
"Cdin1",203.076445671206,0.00629851307417889,0.0567681573287554,0.0799047210532016,0.999960136967505
"Spred1",86.4762445227823,-0.000888007252064241,0.028265229637617,0.621936176231614,0.999960136967505
"Fam98b",355.203215932942,0.000475158154249802,0.0163753462046548,0.677014818862295,0.999960136967505
"Rasgrp1",1026.71974737878,-1.16612351518933e-05,0.0122054124778931,0.990444360474858,0.999960136967505
"Srp14",829.308068715145,-0.00195375166653652,0.0215880337189354,0.184806371648296,0.999960136967505
"Bub1b",337.56822427581,0.0054548247297217,0.0473917326778685,0.0750883803856092,0.999960136967505
"Knstrn",288.794914445784,0.00117648527523133,0.0215449987861117,0.40089381437104,0.999960136967505
"Ccdc32",91.0496469965863,0.00131355996261697,0.0307509221465308,0.493170515439866,0.999960136967505
"Knl1",761.037908842005,-0.000160201265445161,0.0128073243120231,0.871122472829147,0.999960136967505
"Rad51",310.744466046953,0.000446248899674389,0.0168204494497003,0.70150959088003,0.999960136967505
"Rmdn3",214.827116826146,-0.00631904204145867,0.0552022525083971,0.0742348800591187,0.999960136967505
"Dnajc17",76.8020120352429,0.000506951219776478,0.0278551606246644,0.777422951678558,0.999960136967505
"Ino80",408.079243381037,0.00054644967877063,0.0160298146734406,0.626791283116689,0.999960136967505
"Chp1",102.184326604594,0.000183106139281182,0.0239797987427821,0.908276241362916,0.999960136967505
"Oip5os1",463.879375896809,-0.000552872825531633,0.0154006081881301,0.613861520488349,0.999960136967505
"Nusap1",1124.12950152927,0.00223499309222956,0.0225475958770518,0.150409791329485,0.999960136967505
"Ndufaf1",81.6164449980015,0.000443818381817958,0.0267846138103885,0.798484081632281,0.999960136967505
"Rtf1",634.026971047565,0.000410881635442105,0.0137940610895816,0.689424211229947,0.999960136967505
"Mga",418.974955182453,0.00310844962721563,0.032667784558889,0.132996047585726,0.999960136967505
"Ehd4",97.6767153856628,-2.06997437300142e-05,0.0242494386186298,0.989718373572058,0.999960136967505
"Vps39",74.0360446217843,2.16650949846243e-05,0.0270919512344633,0.990184901676114,0.999960136967505
"Tmem87a",314.665483482103,0.000890068214665853,0.0192321064863072,0.48767555228477,0.999960136967505
"Zfp106",590.699006649424,0.000120081926622015,0.0133668695894038,0.904720207859654,0.999960136967505
"Snap23",94.9227280101094,-0.00112126184786383,0.0287252581756346,0.536611544509595,0.999960136967505
"Haus2",96.1949552913455,-0.00128372787990349,0.0299721064519917,0.493711671498046,0.999960136967505
"Ubr1",285.25494979774,-0.000162532181159878,0.0163306550046794,0.886949079324642,0.999960136967505
"Ccndbp1",142.96052132925,-0.00136080476588078,0.0271447421635781,0.426105882991565,0.999960136967505
"Tubgcp4",140.156949565178,-0.000259214467120746,0.0213510929142922,0.856525359801146,0.999960136967505
"Trp53bp1",104.766712162759,0.00214892444019177,0.0350431150024017,0.312814909196599,0.999960136967505
"Pdia3",3372.02390629475,-0.00145536907878095,0.0166926192952711,0.244645763312503,0.999960136967505
"Serf2",3743.4657221404,-0.000463280815370969,0.0119928763247674,0.646208540562618,0.999960136967505
"Hypk",166.594284130569,0.000475617538721977,0.0207233832714438,0.731616768786462,0.999960136967505
"Mfap1a",120.286508167029,-0.000370366199438349,0.0229875882358576,0.808257339716243,0.999960136967505
"Wdr76",461.155804046635,0.000174018087208147,0.0142381138776356,0.866898816167816,0.999960136967505
"Ctdspl2",432.629548294551,-0.000101985566914722,0.0149015267914058,0.923993296505879,0.999960136967505
"Eif3j1",314.306854767239,-0.000733721962105603,0.0183110514186912,0.553043344261901,0.999960136967505
"Spg11",99.8890784073633,0.000827094151149417,0.0272645707389319,0.636203413162231,0.999960136967505
"B2m",13459.1157669061,-0.00365809430499533,0.0415441151232381,0.149962066854404,0.999960136967505
"Slc30a4",85.4846361128102,-0.000201111752049764,0.0258901600901123,0.905590437945615,0.999960136967505
"Bloc1s6",207.691516496756,0.000428876504895197,0.0189698359331855,0.738676265535535,0.999960136967505
"Myef2",247.846392515528,0.000379490111944,0.0177485387817634,0.755226623407531,0.999960136967505
"Dut",1936.91216886439,0.000425628420501926,0.0121226868402572,0.671076507241249,0.999960136967505
"Cep152",135.739639559932,0.000530083071354199,0.0224657631965822,0.72155612091939,0.999960136967505
"Eid1",314.875644852718,-0.000360579605554427,0.0164463605385917,0.753059940019902,0.999960136967505
"Secisbp2l",286.224660244254,0.000118079214264624,0.0164718518288223,0.91832924170016,0.999960136967505
"Cops2",412.020595168169,-0.00105721452473387,0.0187785551558776,0.402615957586762,0.999960136967505
"Galk2",202.705040118236,-5.46125103926261e-05,0.0184546147548437,0.965593276858788,0.999960136967505
"Dtwd1",71.6153357795857,-0.000658483463296245,0.028916725042458,0.721016600546765,0.999960136967505
"Atp8b4",139.874372018095,0.00500810408130089,0.0524902251030493,0.117523775196308,0.999960136967505
"Gabpb1",201.013552264129,-0.000789701328724533,0.0210392927036756,0.569026609280006,0.999960136967505
"Usp8",284.392535799524,0.00157314432480078,0.0241936276608779,0.307251364357231,0.999960136967505
"Trpm7",555.041151407419,0.00115152217284725,0.0184179678201384,0.358546260937243,0.999960136967505
"Sppl2a",355.868477215239,0.00038910734759861,0.0158429461893559,0.727019131573145,0.999960136967505
"Ap4e1",81.6423080376359,0.000199002278384074,0.026637607050444,0.908733299248911,0.999960136967505
"Blvra",165.129611766067,-6.7957567208811e-05,0.0197207604161993,0.959580184005608,0.999960136967505
"Ncaph",194.495573418131,0.000927165130317963,0.0220652802061335,0.51917845418363,0.999960136967505
"Itpripl1",71.689178629913,0.000527186002756158,0.0287592942280644,0.774406335494905,0.999960136967505
"Snrnp200",322.538395687637,0.00103956224002269,0.0198180106665789,0.428151792817637,0.999960136967505
"Ciao1",100.685754048926,-0.000805435004265761,0.0266706249796069,0.638866703467262,0.999960136967505
"Tmem127",104.793081362475,0.000582095582267698,0.025090274994109,0.722354919159825,0.999960136967505
"Stard7",166.188705182965,0.00388192494072523,0.043392762055885,0.143259476956453,0.999960136967505
"Dusp2",156.544341422623,-0.000491408805363673,0.0212283109717201,0.728549302111792,0.999960136967505
"Mrps5",359.732884860491,-0.0001119690465046,0.0152143857283631,0.917774352221413,0.999960136967505
"Mtln",257.073694359061,0.000868635932098115,0.0206662864627997,0.523361936545568,0.999960136967505
"Bub1",340.861430620059,-0.000271970249657148,0.0162672792945495,0.811138288656113,0.999960136967505
"Bcl2l11",265.334025803147,-0.00131854441662663,0.0231458358885031,0.374364116135871,0.999960136967505
"Morrbid",188.990927946989,0.00256463452742451,0.0338241104387857,0.216006493221856,0.999960136967505
"Anapc1",283.104261728192,0.000246615411675382,0.016531522366257,0.830622144038777,0.999960136967505
"Zc3h6",188.766435068692,0.00798557547791128,0.0644906831419848,0.0587597090944574,0.999960136967505
"Chchd5",98.7058131929544,-0.000296890081637426,0.0246599130987543,0.855052287911495,0.999960136967505
"Slc20a1",169.870369043951,0.000610411929856143,0.0211420031783572,0.663677736435948,0.999960136967505
"Ckap2l",376.492427336773,0.00137777489781748,0.0220890832265887,0.335500953902321,0.999960136967505
"Snrpb",1655.54863425056,-0.000787140594684661,0.0131040121951629,0.459620842276727,0.999960136967505
"Nop56",1719.31210053042,0.00100595174126646,0.0139402064518859,0.366926529174415,0.999960136967505
"Idh3b",321.475461504773,-0.000366438947302758,0.0166614175175533,0.751564475417225,0.999960136967505
"Vps16",102.904780297035,0.00161560456334771,0.0313464897245634,0.404451196151812,0.999960136967505
"Ptpra",259.574799587812,0.000286823887851327,0.0172358102963788,0.809712844762172,0.999960136967505
"Mrps26",427.347124464257,-0.000362090107003793,0.0150118375154993,0.736188775098586,0.999960136967505
"Ddrgk1",297.266826463566,0.00046307920097185,0.0170552558901245,0.693852295619625,0.999960136967505
"Itpa",200.609752325102,-0.000957182541043111,0.0220401808695972,0.504810554184904,0.999960136967505
"Atrn",132.953820776988,0.000123323314827373,0.0219284702377747,0.933193240801151,0.999960136967505
"Cenpb",162.877777974224,0.000532953811521292,0.0211101027391281,0.704750619966868,0.999960136967505
"Cdc25b",159.861288312926,0.0013013541556809,0.0267929510600212,0.441995751654724,0.999960136967505
"Pank2",264.554258134729,0.000365948911101052,0.017878242012258,0.765163921801673,0.999960136967505
"Prnp",140.393574546226,-0.00109380483122559,0.0254390589011237,0.501176684159197,0.999960136967505
"Rassf2",111.150875300841,0.000405144819578965,0.0238827019565487,0.797239878101367,0.999960136967505
"Slc23a2",144.489834142619,0.00141996901575264,0.0274341114468062,0.410014221025715,0.999960136967505
"Pcna",1227.47714045492,-0.000828770465534822,0.0137971022114299,0.442038857991065,0.999960136967505
"Cds2",149.391189157469,0.00054132098605461,0.021755061803234,0.707840280197592,0.999960136967505
"Gpcpd1",255.998519284372,-4.81702873757486e-05,0.0169524188454888,0.967412290121987,0.999960136967505
"Trmt6",262.090293888944,-0.000305828709831447,0.0171849451932781,0.796809349456171,0.999960136967505
"Mcm8",77.5625004642764,-0.000701693471488936,0.0285108566758531,0.700081660289132,0.999960136967505
"Crls1",167.784066757436,0.000108086745199597,0.0196215265999169,0.935447930629364,0.999960136967505
"Tmx4",104.401934040773,-0.000311951534616467,0.0240482316765595,0.844447544962372,0.999960136967505
"Slx4ip",174.069602984556,0.000631637931334124,0.0212913192144269,0.654473512027204,0.999960136967505
"Tasp1",466.369022918355,0.000213711361936514,0.0144585386984023,0.838469002677211,0.999960136967505
"Esf1",459.825403850118,-0.000207422834391918,0.0144271628019314,0.84294488047286,0.999960136967505
"Kif16b",135.665725058702,0.00106415792795435,0.0254648436066797,0.513757578285155,0.999960136967505
"Snrpb2",508.830503904461,-0.00168312930569985,0.0220112227533486,0.245444215896457,0.999960136967505
"Rrbp1",720.699002017594,0.000321334646570057,0.0132201898969845,0.749334686664112,0.999960136967505
"Snx5",1104.7895190456,0.00131950368277583,0.0171384104502219,0.285126187931038,0.999960136967505
"Mgme1",130.823178844775,0.000673035075346478,0.0234889877511574,0.661955287221666,0.999960136967505
"Polr3f",118.082790401246,-0.000676269962693627,0.024420040575579,0.671387979925163,0.999960136967505
"Sec23b",209.480392624339,-0.00391404877390997,0.042066270386035,0.131441197396075,0.999960136967505
"Smim26",155.096149876815,-0.00207353577125305,0.0321090941783967,0.292587471556755,0.999960136967505
"Dtd1",278.775096473616,0.000495146671462353,0.0178713513118804,0.684863511605704,0.999960136967505
"Naa20",681.542857440112,-0.00455710167123866,0.0391353765120313,0.0761130386432735,0.999960136967505
"Crnkl1",288.463855173877,-0.000800907780928858,0.0191337658606753,0.53119408832784,0.999960136967505
"Ralgapa2",249.104708357094,0.00104098929621849,0.0213221151751151,0.454247602414951,0.999960136967505
"Xrn2",1426.48542844851,0.000460158773980276,0.0122539933381918,0.647565951955326,0.999960136967505
"Nxt1",271.893655564334,-0.000542530526647599,0.0178910735633542,0.6564141826795,0.999960136967505
"Cst3",326.734257582463,-0.00100393638006048,0.0202903964727966,0.452502179887566,0.999960136967505
"Zfp120",77.5923859659267,-0.00179037837299206,0.0349727181379708,0.399605509927769,0.999960136967505
"Cst7",204.866197249656,0.000458799567780439,0.0195411833399473,0.727686978957009,0.999960136967505
"Pygb",96.9076025450125,-0.000925203921561974,0.027637596715558,0.599976880258308,0.999960136967505
"Abhd12",140.441438657509,0.000312769744517521,0.0215109844975859,0.828203655563053,0.999960136967505
"Gins1",116.427786710734,-0.000702331976696663,0.0253648560997148,0.669884668043028,0.999960136967505
"Nanp",97.4234141586317,-0.0015980696763272,0.0319223332002011,0.417262073755642,0.999960136967505
"Nsfl1c",311.658729328058,-0.00167649951448937,0.0245899436044015,0.283744625595608,0.999960136967505
"Fkbp1a",1360.0585175169,-0.000633122789646571,0.0129650018235488,0.540923195901158,0.999960136967505
"Psmf1",143.771398603453,-0.000630553036444134,0.0225236369816015,0.671062441922717,0.999960136967505
"Csnk2a1",690.287501715448,0.00140303654755326,0.0188213974454578,0.279501655199668,0.999960136967505
"Tbc1d20",109.311703837696,0.00149038895436551,0.0304134765665735,0.430574179216668,0.999960136967505
"Rbck1",257.610969844731,2.61013343851967e-05,0.0169000155409211,0.982295400755225,0.999960136967505
"Trib3",238.992269400422,0.00491677749340644,0.0466646445437737,0.0947145392823911,0.999960136967505
"H13",538.411871076086,-0.0019538912762541,0.0241114436170996,0.211659912226807,0.999960136967505
"Bcl2l1",232.955185202434,4.13131583773809e-05,0.0173516630549363,0.972580016918114,0.999960136967505
"Tpx2",1155.79955083232,0.0013907833507827,0.0170237092430915,0.2638553098854,0.999960136967505
"Pdrg1",155.041205046065,0.000978626867121655,0.0241737956210823,0.530212447746042,0.999960136967505
"Tm9sf4",199.202478712633,-0.00122970267914764,0.0242168933155256,0.42656952067038,0.999960136967505
"Plagl2",172.65663459895,-0.00174736883496717,0.0286411363557945,0.326485916405349,0.999960136967505
"Pofut1",88.4851307783989,0.000259380888758919,0.025487855433633,0.87675345180855,0.999960136967505
"Kif3b",103.560607209041,8.66539600621095e-05,0.0238764670489865,0.95639345288054,0.999960136967505
"Asxl1",515.523357452511,0.000448441953365124,0.0147199984344702,0.673395462765282,0.999960136967505
"Commd7",474.357765553505,-0.00057738422733276,0.0155395513287692,0.600466222656835,0.999960136967505
"Mapre1",535.602505435061,-0.000435452367524928,0.0144027367880359,0.67861330102143,0.999960136967505
"Cbfa2t2",105.939847819883,-0.000198438364847236,0.0239175990711361,0.900393322968815,0.999960136967505
"E2f1",103.870496808904,0.000606326424608835,0.0250882394970349,0.711072898194448,0.999960136967505
"Pxmp4",84.817305539537,-0.000531310762560519,0.026778878766542,0.759441355782232,0.999960136967505
"Chmp4b",873.425623852147,-0.00370264191925255,0.0321448958548174,0.0848702228920068,0.999960136967505
"Raly",932.179400017972,6.41917758931571e-05,0.0122898305429832,0.947516981605852,0.999960136967505
"a",92.0713001489223,0.000174588459495855,0.0254784916435286,0.916913732537088,0.999960136967505
"Eif2s2",2008.93874451529,-0.00279272608897302,0.0235384310992767,0.100197127786395,0.999960136967505
"Itch",432.321823318601,0.000635996840867625,0.0161449397067811,0.573761430611782,0.999960136967505
"Dynlrb1",400.666262457282,-0.00127090714962362,0.0203111888505192,0.343838662290598,0.999960136967505
"Pigu",129.999265071812,0.000197310437129999,0.0218152777429548,0.892715912181753,0.999960136967505
"Ncoa6",209.101958146289,3.22136495190468e-06,0.0180255094184854,0.997929022923844,0.999960136967505
"Trpc4ap",231.350548256718,-0.000148805816859807,0.0176332780589607,0.902680185393933,0.999960136967505
"Edem2",162.684631035297,-0.000749099235859035,0.0223363609997917,0.609302905021004,0.999960136967505
"BC029722",96.6791595416637,-0.000885495028107938,0.0281455201951462,0.621676470385246,0.999960136967505
"Eif6",450.254491969473,-0.00210675412138006,0.0255977307967266,0.199843741980697,0.999960136967505
"Uqcc1",129.690447033413,0.00099716566613815,0.0253727433345269,0.540394901862563,0.999960136967505
"Cep250",255.143410470241,0.000224159511927477,0.0170767679108483,0.849801001297749,0.999960136967505
"Ergic3",157.873467961721,-0.00206820816495708,0.0316285785846127,0.287315712938974,0.999960136967505
"Cpne1",222.569541168797,-0.00110371322317507,0.0224189835241165,0.446493736214164,0.999960136967505
"Nfs1",94.9257598318064,0.000182008413762188,0.0249798745560556,0.911941418843166,0.999960136967505
"Romo1",528.571681662666,2.52363395681977e-05,0.0136537803114732,0.980125337154459,0.999960136967505
"Rbm39",2735.58456462931,-0.00104027914889177,0.0134198779782729,0.353516584494222,0.999960136967505
"Phf20",400.856798898596,0.00103507833916037,0.0191075344074983,0.41777965898092,0.999960136967505
"Scand1",837.506582561958,-0.00301218914939554,0.0284760734014588,0.111152600209927,0.999960136967505
"Norad",168.155332926208,-0.000164672240044443,0.0196843874651135,0.901992632633846,0.999960136967505
"Rab5if",635.060127109541,-0.000361093509446814,0.0136525362636567,0.72353599255374,0.999960136967505
"Sla2",89.8810684916859,0.00154090652663762,0.032058024111485,0.436227081514446,0.999960136967505
"Dsn1",90.4357208229283,-0.000667306514733357,0.0267694444074183,0.699519909847378,0.999960136967505
"Rbl1",511.317966356149,-1.53571855868734e-05,0.0137606944156261,0.987955149968403,0.999960136967505
"Rpn2",443.583388571591,6.19379481749993e-05,0.0142567156222658,0.952444048590285,0.999960136967505
"Manbal",95.4117797844805,0.000606415703435961,0.0269191600878424,0.727427938749206,0.999960136967505
"Ctnnbl1",238.108850562329,-0.00029668376387566,0.0178295722687075,0.808575932016055,0.999960136967505
"Rprd1b",280.991632527192,-0.000534687632491938,0.0176236169756318,0.657287332834561,0.999960136967505
"Snhg17",109.837678533548,-0.00111626426691045,0.0282854762386187,0.532892820210232,0.999960136967505
"Ralgapb",157.576110284953,0.00167125277780835,0.028650277013672,0.348647362196599,0.999960136967505
"Ppp1r16b",318.12314420814,-0.00261692414519685,0.0311422806113772,0.178130938467083,0.999960136967505
"Top1",914.999842963809,-0.00120080102957208,0.0168989967316147,0.320406367099347,0.999960136967505
"Plcg1",138.846293381249,0.00129299640434992,0.026812701096544,0.445374103151111,0.999960136967505
"Chd6",250.892500331995,-0.000115400882316999,0.0169830014644063,0.922109151131883,0.999960136967505
"Srsf6",723.756778566407,-0.000297037744945388,0.01312856086043,0.766853396291936,0.999960136967505
"Ift52",169.913935004226,0.000452537711627283,0.0205332839874055,0.742366368379665,0.999960136967505
"Mybl2",101.49140075594,0.00087958941415327,0.0267357925635833,0.60819190587869,0.999960136967505
"Oser1",190.257293796838,-0.00141674753492457,0.025810945200598,0.384758299280008,0.999960136967505
"Serinc3",604.029490645315,0.000577634700798881,0.0147910914893767,0.590250477392243,0.999960136967505
"Ada",95.1851237745015,0.00216469777858834,0.0360801753222923,0.321383170011768,0.999960136967505
"Ywhab",1330.89902264796,3.93913789141487e-05,0.0117455042662456,0.967728783020835,0.999960136967505
"Tomm34",191.058637268592,0.00192506807691994,0.0291493199630614,0.28687529622439,0.999960136967505
"Stk4",699.607823197186,0.000731252435844422,0.0148838436023416,0.50166236465442,0.999960136967505
"Sys1",340.843279521809,-0.000519395926981839,0.0166915555587951,0.65330495698054,0.999960136967505
"Pigt",85.4976646868315,-0.0047130296751802,0.0541185647233517,0.14155533529913,0.999960136967505
"Dnttip1",163.968209316324,-0.000562476561776479,0.0212111995179567,0.690118004685919,0.999960136967505
"Ube2c",1895.41961718961,-0.000517427240552806,0.0120201945062012,0.611267474917029,0.999960136967505
"Acot8",78.3376756028183,-7.51697801320669e-05,0.0264997417087654,0.965338456841934,0.999960136967505
"Ctsa",82.3494930836279,-0.000305352163583545,0.0263884029176934,0.859146036420124,0.999960136967505
"Pcif1",156.901399529002,-0.00075603130285526,0.0224983251881924,0.608235805975196,0.999960136967505
"Ncoa5",102.632719688509,-0.000264999603407324,0.0243453679723634,0.869121292814946,0.999960136967505
"Elmo2",111.706830413505,-0.000607725373596835,0.0246630895559832,0.70621468861067,0.999960136967505
"Eya2",87.3844483464838,0.00286242407926906,0.0415394748053384,0.247310109840108,0.999960136967505
"Zmynd8",658.897852893835,0.00172878167471381,0.0214441769042324,0.227753557654038,0.999960136967505
"Ncoa3",789.81635197718,0.000689807600162289,0.0143415032561869,0.518469735198582,0.999960136967505
"Prex1",178.619738146828,-0.0001319530187188,0.019213460974689,0.919762265587139,0.999960136967505
"Arfgef2",105.384941571677,0.00029838865064556,0.0238816348008945,0.850278471540724,0.999960136967505
"Cse1l",298.712419619643,-0.000583318960606807,0.0175564772260651,0.626976886012167,0.999960136967505
"Stau1",139.659536238053,0.00127958242324971,0.0266865682940517,0.448343211041404,0.999960136967505
"Ddx27",550.276969937197,0.000784149550365061,0.0159954976646036,0.488243332017268,0.999960136967505
"Znfx1",165.630498931036,0.00085924596546042,0.0227548482811382,0.562361055033215,0.999960136967505
"Zfas1",1538.1019299565,0.000549053033895089,0.0124360241537699,0.590379788117702,0.999960136967505
"B4galt5",96.8340065252098,0.000187807120630431,0.0246224314743307,0.908027174089768,0.999960136967505
"Slc9a8",167.929364178484,0.000551521441240487,0.0210908470116134,0.694510471570647,0.999960136967505
"Rnf114",308.218957559603,-0.000733732403587024,0.0182278292875759,0.551637245338461,0.999960136967505
"Ube2v1",273.26710689019,-0.00124391047016697,0.0227291829747583,0.395152205625478,0.999960136967505
"Peds1",189.968782570834,-0.000892153336864648,0.022087682581605,0.536041192284449,0.999960136967505
"Ptpn1",920.571232774199,-0.00161779821897962,0.0190550220440515,0.22690059187068,0.999960136967505
"Adnp",451.993938017237,0.000189966344452503,0.0143325358150158,0.855418745110714,0.999960136967505
"Dpm1",528.200354670934,-0.00147734517962451,0.020424276053321,0.278863010927599,0.999960136967505
"Nfatc2",292.921738702484,0.00203958260633866,0.027487494166627,0.236866769071426,0.999960136967505
"Zfp64",117.411828333831,-0.00050014954684352,0.0238165996382532,0.749853161457763,0.999960136967505
"Zfp217",192.386686326431,0.00446449270920593,0.0458610240898082,0.115795278482621,0.999960136967505
"Pfdn4",315.532868147939,-0.00103481082672244,0.0206418977457931,0.444868685324834,0.999960136967505
"Aurka",235.218292092271,0.00178926083291124,0.0272942145539512,0.294373493760905,0.999960136967505
"Cstf1",100.084640061649,-0.00285663641257157,0.0405041918963205,0.238962916545616,0.999960136967505
"Rtf2",643.136103911265,0.000103574720031591,0.0132496577997487,0.917420571477514,0.999960136967505
"Rae1",363.991478651663,0.000843383548779653,0.0180229572354529,0.490066457914339,0.999960136967505
"Rbm38",240.769571140809,0.00020875836960334,0.0175250191193986,0.862970218083012,0.999960136967505
"Pmepa1",150.038307087395,0.0023959137182772,0.0341609392738397,0.250432093124036,0.999960136967505
"Ppp4r1l-ps",82.2498596828692,-0.00020284056411894,0.026422636054021,0.906361998811325,0.999960136967505
"Rab22a",203.784352518805,-0.000111747655275341,0.01834631110174,0.929278005473887,0.999960136967505
"Vapb",217.829037479533,-0.00156241975121404,0.0257689226291546,0.336011856734095,0.999960136967505
"Stx16",266.535877224373,0.000591692852151119,0.0181764483433527,0.631462747205507,0.999960136967505
"Npepl1",137.128160966775,-0.000165568091999312,0.0217605667122572,0.909740619069214,0.999960136967505
"Gnas",1786.53938429256,-0.000650789039535266,0.0130701545991306,0.531178065810228,0.999960136967505
"Ctsz",139.997631763146,-0.000715029442610534,0.0236864438303708,0.644219392914304,0.999960136967505
"Atp5e",2214.47191596313,0.000490738781367065,0.0119329811532803,0.628679208092215,0.999960136967505
"Prelid3b",375.267444729952,-0.00439838554213888,0.0406974222461074,0.0912755344555748,0.999960136967505
"Taf4",74.2577310679773,0.000555170500450945,0.0281129969147811,0.758466340221425,0.999960136967505
"Mtg2",83.4867539376154,0.000122138773772082,0.0258691026320917,0.942574440604984,0.999960136967505
"Osbpl2",86.7997345878544,-0.000765268839710439,0.0276682790538705,0.666175607976047,0.999960136967505
"Adrm1",252.916158374786,-0.00108214516474815,0.0214712605024969,0.438910999533413,0.999960136967505
"Rps21",11198.1597286394,0.00105682375503379,0.0123362172795193,0.353839509844046,0.999960136967505
"Mrgbp",163.620432679845,-0.00141537302547259,0.0265613186642159,0.397601123229947,0.999960136967505
"Ogfr",254.473221011036,-0.00356801278773358,0.0391462119521564,0.14009898646875,0.999960136967505
"Dido1",335.779741869823,0.000117670690441073,0.0154570203341138,0.914577737022551,0.999960136967505
"Gid8",237.565178030088,-0.00209154335118755,0.0291929169066368,0.248653961554793,0.999960136967505
"Slc17a9",134.01625573397,0.000515544227610127,0.0225462800209632,0.729866110125028,0.999960136967505
"Ythdf1",197.686449467463,-0.00145181641714876,0.0256108392298489,0.369409964889257,0.999960136967505
"Arfgap1",76.8381627062327,1.35056154268283e-05,0.0275984149811017,0.99397075557888,0.999960136967505
"Ppdpf",290.230589437395,-0.000363900340467107,0.016800432146091,0.754781068113228,0.999960136967505
"Helz2",140.28642441908,-0.00242194440624699,0.0348792010221453,0.254057513993415,0.999960136967505
"Gmeb2",153.73961944642,-0.000260382235434462,0.0208201586622085,0.852675386406974,0.999960136967505
"Rtel1",76.1429433436529,0.000449764815999742,0.0277984823472298,0.801819524577569,0.999960136967505
"Arfrp1",204.835609143474,-0.00158132978931199,0.0262669167096408,0.338220581494441,0.999960136967505
"Tpd52l2",235.564800815022,-0.000456677613276617,0.0182941122343094,0.713841175089166,0.999960136967505
"Dnajc5",372.608325378945,-9.99308426918948e-05,0.016153435206785,0.929792580902837,0.999960136967505
"Prpf6",296.165796095123,0.000796882869687592,0.0189207049635034,0.529623601531918,0.999960136967505
"Rgs19",203.337601810328,-0.000207257648964736,0.0184428795170822,0.869635473363918,0.999960136967505
"Pcmtd2",98.0457966534793,-0.0007208854314456,0.0261604648104681,0.670071092281675,0.999960136967505
"Polr3k",393.915050472478,-0.000503050663406813,0.0162703987681449,0.657689937238121,0.999960136967505
"Pex2",104.279207998147,-0.00155214682354691,0.0308510397095452,0.417089235153735,0.999960136967505
"Mrps28",333.627634570573,-0.000574410319360109,0.016939278266367,0.622968449400787,0.999960136967505
"Pag1",252.467362898421,0.00828878981916326,0.0630965893657511,0.0506166372589694,0.999960136967505
"Fabp5",1044.85008204542,-4.33158103802348e-05,0.0121179353861193,0.964499644894582,0.999960136967505
"Impa1",190.546245693486,-0.00295471954007252,0.036415464188519,0.184851332457283,0.999960136967505
"Zfand1",72.29401026621,0.00105371851931006,0.0307389784474106,0.584151455703546,0.999960136967505
"Lrrcc1",206.828775674602,0.000850885430820718,0.0211535307412994,0.54039523123027,0.999960136967505
"Rbis",385.145128472796,-0.000221412949515875,0.0150742969306341,0.837154797569523,0.999960136967505
"Ythdf3",306.947707733591,0.000743287029587034,0.0182569217268965,0.546910479895561,0.999960136967505
"Armc1",304.095844283256,-0.00134409941969497,0.022269041183501,0.350174002797663,0.999960136967505
"Mtfr1",100.820474394521,-0.000367747638343368,0.0246124468578567,0.820450771747834,0.999960136967505
"Pde7a",200.208391114565,1.99892196188184e-05,0.0185997003611813,0.987489196378445,0.999960136967505
"Hltf",237.662113432853,-0.000242390968110403,0.0175122697639225,0.840967392305518,0.999960136967505
"Gyg",96.4655400304453,0.000236301359900808,0.024689778200678,0.884626068517842,0.999960136967505
"Tbl1xr1",394.697722630373,0.00384851134044765,0.0380357962489392,0.109590047249551,0.999960136967505
"Ect2",287.777203675375,0.0025202361404878,0.0307310493270299,0.188247646756225,0.999960136967505
"Nceh1",71.5084390622019,-0.000408266970951511,0.0285655745567463,0.823653836177758,0.999960136967505
"Tnfsf10",106.238030230346,-0.00822658215062153,0.0729249401209029,0.0688791865669044,0.999960136967505
"Tnik",393.237753232046,0.0045774888732382,0.0418451624417247,0.0879073365183063,0.999960136967505
"Rpl22l1",1902.77968118928,-0.00800614745177138,0.0488545400968348,0.0281809171917836,0.999960136967505
"Sec62",576.237143174123,-0.000986931092676865,0.0170726022314136,0.406154139624229,0.999960136967505
"Phc3",728.913926256139,0.000994344223454368,0.0165762983069782,0.395860197067929,0.999960136967505
"Skil",220.232839843573,0.000160530691889957,0.0178517454808403,0.896109926202011,0.999960136967505
"Zmat3",110.622136636976,0.00283018724769014,0.0395555281561634,0.234090949604265,0.999960136967505
"Pik3ca",246.851195734947,0.000952086154165367,0.0212914222527762,0.494200521105379,0.999960136967505
"Zfp639",214.643991998177,-0.000101554042890931,0.0181310817287284,0.935072969743381,0.999960136967505
"Actl6a",445.412242706611,-0.00110654416110038,0.0187124162872982,0.380940055969958,0.999960136967505
"Mrpl47",115.974126604765,-0.000874460647963345,0.025566219389098,0.595782705425449,0.999960136967505
"Ndufb5",817.786070738431,-0.000686922454933586,0.0145790873653505,0.522692089108107,0.999960136967505
"Ttc14",616.716024420002,0.000197382349926993,0.0134414466510493,0.84466050350679,0.999960136967505
"Fxr1",537.867341604085,0.000556670234251568,0.015141519674895,0.607950025684426,0.999960136967505
"Dnajc19",605.749602606529,-0.00104413982834316,0.017334547346209,0.385452444083916,0.999960136967505
"Atp11b",958.807749468975,-0.000546272981442408,0.0132012854182973,0.594335872311361,0.999960136967505
"Dcun1d1",205.910284726747,-0.000385634254760638,0.0188677497725361,0.763475708158765,0.999960136967505
"Anxa5",124.332769468356,0.000261451970703832,0.0223772977095387,0.861107473570884,0.999960136967505
"Exosc9",245.371548231242,-0.000109150557285092,0.0170972391392021,0.926721621590392,0.999960136967505
"Ccna2",481.918575059192,1.30038923778608e-07,0.0140285033200124,0.999899113298625,0.999960136967505
"Bltp1",631.420863722743,0.000434094224426127,0.0139630980915665,0.674928356623359,0.999960136967505
"Nudt6",78.6751285736042,0.00219369146017594,0.0378658643554698,0.334081952802736,0.999960136967505
"Spata5",580.622855566891,0.0010744936281905,0.0173688156256097,0.373473707136704,0.999960136967505
"Plk4",356.429980630404,-0.000454971259595827,0.0163495246642841,0.689724131534852,0.999960136967505
"Abhd18",124.286461219913,-0.000244588068906176,0.0225448129559693,0.870869982395591,0.999960136967505
"Larp1b",308.09394685552,0.000264233329967598,0.0162592758291961,0.816366019389308,0.999960136967505
"Pgrmc2",194.221682424414,-0.000219304374433885,0.0187540047125185,0.864045769568835,0.999960136967505
"Jade1",154.233380945062,0.000586273549103696,0.0223396191086923,0.691327650947798,0.999960136967505
"Sclt1",174.192501784088,-0.000397879325129749,0.0200488128337425,0.768304168870645,0.999960136967505
"Noct",205.400522998661,0.00176690528719399,0.0275978226692997,0.305065997526664,0.999960136967505
"Elf2",363.152406697945,-0.000638596056036952,0.016851514185862,0.583170563700425,0.999960136967505
"Ndufc1",955.127765539371,-0.000296831930421545,0.0125480428447924,0.76429893217452,0.999960136967505
"Naa15",885.769502258604,0.000769280166626614,0.0145487376189343,0.47765664984148,0.999960136967505
"Setd7",212.890896176341,0.00026342041842315,0.0182594076149495,0.833162210254225,0.999960136967505
"Mgst2",235.678354746833,0.00189532152134649,0.028030561593995,0.277960304487831,0.999960136967505
"Maml3",169.878010140601,0.00370311879451222,0.0532792622379572,0.211095390510707,0.999960136967505
"Foxo1",324.133981902829,-2.62940549561391e-05,0.0155515799550435,0.980968444538044,0.999960136967505
"Cog6",73.7078596047065,0.000255770768097649,0.0273917705779488,0.885407739376358,0.999960136967505
"Proser1",88.1770427946887,-0.000691394579279689,0.0276239893874868,0.696844687395837,0.999960136967505
"Ufm1",285.762469415134,-0.00363919338070161,0.0381619546481091,0.126520048205509,0.999960136967505
"Supt20",399.475879474665,0.000138464088947572,0.0147314083297949,0.896141196701155,0.999960136967505
"Exosc8",888.929711729945,-0.000257309527668825,0.0126855641314277,0.794817386223367,0.999960136967505
"Alg5",264.278718275766,6.79307027039847e-05,0.0166228041366677,0.953317654296503,0.999960136967505
"Rfxap",116.605444485689,0.000362442637427119,0.0231887736331592,0.813731586143102,0.999960136967505
"Commd2",266.740105993279,-0.000679101919937809,0.0187619362472478,0.590691999685809,0.999960136967505
"Rnf13",107.576222600575,-0.00119151731481465,0.0282226845931695,0.503764150781114,0.999960136967505
"Tsc22d2",184.910939453072,0.00160558314047733,0.0271364710290084,0.344731041437383,0.999960136967505
"Serp1",449.101734867831,-0.00129203330770736,0.0209120761387285,0.346040209138173,0.999960136967505
"Eif2a",357.389831196645,0.000501757994698163,0.0162705211327306,0.658516752576335,0.999960136967505
"Selenot",339.69699027934,-6.5670393389521e-05,0.0154913786481202,0.952351293734,0.999960136967505
"Siah2",90.4875127199781,-0.000589529315483857,0.0270405456489708,0.735795468005785,0.999960136967505
"Gpr171",253.552089719317,-0.00985405943359005,0.0721806105241694,0.0446520850778493,0.999960136967505
"Mbnl1",5384.20000397956,0.00594332984042815,0.0366222761286683,0.0325137797399145,0.999960136967505
"Rap2b",100.678707779382,9.55880667772749e-05,0.0243120589064768,0.952639194350323,0.999960136967505
"Dhx36",588.660263419528,-0.000340654280201187,0.0138552211282089,0.740049973727102,0.999960136967505
"Slc33a1",97.7310461922312,0.000161706246826171,0.0244182074701543,0.920221942344333,0.999960136967505
"Gmps",559.284826189155,0.000360002261690263,0.0140382071007678,0.727752427431619,0.999960136967505
"Ssr3",585.404056075228,-0.00225017285495197,0.0258196102369683,0.177835728912498,0.999960136967505
"Tiparp",102.938934494594,0.00412488412368458,0.048679636238343,0.15683113994605,0.999960136967505
"Ccnl1",553.553970912833,-0.000315490781586518,0.0143225660671896,0.762495138482613,0.999960136967505
"Rsrc1",650.315728218792,0.000594406082875693,0.0149539658336003,0.581973263850209,0.999960136967505
"Gfm1",132.638484070058,-0.00015546876018275,0.0215754735478917,0.914599650769283,0.999960136967505
"Mfsd1",103.616349499432,0.000987063401290876,0.0276719155773166,0.575494519590471,0.999960136967505
"Ift80",106.234393562523,0.00329225605446514,0.0432917899884018,0.203292440805184,0.999960136967505
"Smc4",2964.21348027026,0.000430598540292903,0.0114218853829424,0.672822939471055,0.999960136967505
"Trim59",475.463998021819,4.07064022086827e-05,0.0140788707822818,0.968495475141334,0.999960136967505
"Kpna4",756.527945380562,-0.000267108224498964,0.0129873889189638,0.788678506882574,0.999960136967505
"Ppm1l",134.274853677068,0.0150251318261955,0.0976791069595032,0.0296855341930994,0.999960136967505
"Nmd3",386.043388657349,-0.00181808219842101,0.0242651654874509,0.243062227667273,0.999960136967505
"Pdcd10",871.764003317019,-0.000767672123299787,0.01453285727265,0.478329840599365,0.999960136967505
"Golim4",139.445858084922,0.000516963581465396,0.0224586045868065,0.728227557669974,0.999960136967505
"Rapgef2",229.001982831912,0.00224239653657644,0.0303089378925669,0.232112544577736,0.999960136967505
"Ppid",382.215322798861,0.000908900597421679,0.0183511451299905,0.463089884841958,0.999960136967505
"Ctso",79.0983961795408,0.00108364725686827,0.0303103890551213,0.568872365946068,0.999960136967505
"Plrg1",101.064898217946,-0.00177858728497388,0.0327151117734053,0.375791775732462,0.999960136967505
"Gm26771",94.5731226622845,0.00172603904120307,0.0328359009220642,0.391879197713779,0.999960136967505
"Tmem131l",206.488458047572,0.000437975307383586,0.0190305532284752,0.733963334315244,0.999960136967505
"Mnd1",94.3288568235001,-0.000361339160835004,0.0251345841217671,0.826658669266907,0.999960136967505
"Arfip1",132.873098073699,-0.000631724828969093,0.0232633073661165,0.67941237367548,0.999960136967505
"Tmem154",135.197914696708,0.00162640173228704,0.0297133501118073,0.378150310481249,0.999960136967505
"Fbxw7",294.424876006772,0.0023127033476379,0.0292644202158416,0.205969888378303,0.999960136967505
"Rps3a1",14334.8587966242,-0.0029171079635472,0.0216512767873037,0.0840464395819581,0.999960136967505
"Lrba",337.260736623985,0.00806307160909905,0.0591753217752429,0.0462282569441368,0.999960136967505
"Dclk2",152.029365542151,-0.000504110579314422,0.0217665189340213,0.727604527005696,0.999960136967505
"Etv3",158.545140048448,0.00099056500431442,0.024449963772086,0.529304548336551,0.999960136967505
"Sh2d2a",217.988066344668,-0.00159285235478638,0.0262752294631112,0.334797166460242,0.999960136967505
"Prcc",101.588935589481,-0.000905077503298118,0.0269316661683372,0.599892481541219,0.999960136967505
"Hdgf",1301.21427472979,-1.29747632365548e-05,0.0117941239104216,0.989360342787061,0.999960136967505
"Mrpl24",362.991664072002,-0.000702948108725448,0.0172545583715362,0.552562108781518,0.999960136967505
"Isg20l2",195.675783633257,-0.0057979955355252,0.0534235453739478,0.0856123041961124,0.999960136967505
"Gpatch4",300.894891067659,0.000483149950936126,0.0170389371055126,0.680953692453718,0.999960136967505
"Naxe",134.257546808554,-0.000851589668766299,0.0243566843010674,0.589610961247093,0.999960136967505
"Mef2d",165.427028744188,0.000298600398820043,0.0206202573087818,0.829769813646631,0.999960136967505
"Cct3",892.468558858017,-0.000820470419145716,0.0145715928976802,0.451993420391383,0.999960136967505
"Glmp",90.4473028037643,-0.00316156596490325,0.0433971925484081,0.220546756965582,0.999960136967505
"Smg5",127.19312503255,0.00071110355201341,0.0240031306171592,0.650040747088594,0.999960136967505
"Pmf1",207.914388947749,-0.000478904816206372,0.0191935217683278,0.711792309176942,0.999960136967505
"Sema4a",149.145918741645,0.00139032624867446,0.0280966582922901,0.430479917959763,0.999960136967505
"Lamtor2",627.558612143842,-0.000405980373697651,0.0142373065161161,0.697210889078759,0.999960136967505
"Ssr2",442.675716206458,-0.00597752004399422,0.0667576514336587,0.111715562810608,0.999960136967505
"Arhgef2",145.354839530801,0.000917331998638493,0.0241248801267196,0.556623624577104,0.999960136967505
"Khdc4",205.168859060028,0.000140750305034488,0.0182535760333681,0.91057423211635,0.999960136967505
"Rit1",104.907979704255,0.0014849202511856,0.0302837460048468,0.430550867889942,0.999960136967505
"Gon4l",223.002526009885,-9.19248184108784e-05,0.0176546356094594,0.939888600200667,0.999960136967505
"Dap3",386.113898817305,0.000653958865659885,0.0166440141141034,0.570887761545662,0.999960136967505
"Ash1l",739.21983781179,0.00108173138030318,0.0165297359075175,0.359464919919541,0.999960136967505
"Fdps",513.63832427131,-0.00139377705997091,0.0201362176440506,0.299877956775113,0.999960136967505
"Clk2",150.340591535516,-0.00105625797519961,0.0261068775675068,0.526565430127664,0.999960136967505
"Scamp3",239.358253204864,-2.65497844365195e-05,0.0172215073638029,0.982267279976632,0.999960136967505
"Entrep3",153.333830299261,-0.000207174799527443,0.0211400044832418,0.884223500048559,0.999960136967505
"Mtx1",187.114287450244,-0.000947865465651965,0.0230280931378117,0.52563069910035,0.999960136967505
"Krtcap2",1656.34503453974,-0.000669112073984059,0.0132435884316478,0.521568675272964,0.999960136967505
"Dpm3",338.705736474562,-7.71314353113787e-05,0.0155791815760352,0.944278879073672,0.999960136967505
"Slc50a1",196.327842927942,-0.000725097022779711,0.0212080111730087,0.604635765189149,0.999960136967505
"Zbtb7b",93.6425866942884,6.49136627135619e-05,0.0246825755608628,0.968243387292179,0.999960136967505
"Cks1b",984.623786375506,-0.00135562498944854,0.0174056003357061,0.277269250654872,0.999960136967505
"Shc1",110.255716736183,0.000581031992525166,0.0244948362903636,0.71716228392759,0.999960136967505
"Pmvk",86.7969420897149,-0.00154750885180962,0.032352312309759,0.437837397647644,0.999960136967505
"Adar",245.939295374815,-0.00059795114575109,0.0191384851751754,0.642281071143614,0.999960136967505
"Ube2q1",330.135159330434,2.39988024507884e-05,0.0156465860253652,0.982708170725181,0.999960136967505
"Il6ra",71.6898083247133,0.00170657472837613,0.0504651434649737,0.45165239052163,0.999960136967505
"Atp8b2",75.9134727379177,0.000532838286340212,0.0277919090254076,0.765863845876952,0.999960136967505
"Hax1",220.679432832942,0.000457630587870749,0.018693874560993,0.718224667500686,0.999960136967505
"Ubap2l",630.249920888558,0.00103289854681682,0.0168151285591161,0.382796998114747,0.999960136967505
"4933434E20Rik",197.750685697796,0.000413474603087187,0.0192152199312305,0.750559471462811,0.999960136967505
"Tpm3",2166.04700466801,0.000995715197571592,0.0135036496110044,0.369975279472702,0.999960136967505
"Nup210l",86.7084934510235,-0.000569381049340078,0.0267715845903855,0.742528623755218,0.999960136967505
"Rps27",7357.89899544863,0.00119733108527003,0.0130194944260897,0.304251988336487,0.999960136967505
"Jtb",215.230679622663,-0.000652456904994551,0.0198098144833764,0.621919905624917,0.999960136967505
"Gatad2b",431.019493909161,0.00148673661487475,0.0215362761940138,0.291994107274632,0.999960136967505
"Ints3",113.260219180953,0.000264825626832853,0.0231384740954366,0.863356518738883,0.999960136967505
"Ilf2",412.311191531873,-0.000286574191500823,0.01491009124319,0.788736201793287,0.999960136967505
"Snapin",97.2900895101898,-0.00160724665050971,0.0319067081494479,0.414322895337705,0.999960136967505
"Chtop",494.167226258765,-0.0012392296098316,0.0192597250821977,0.338724858167012,0.999960136967505
"S100a1",86.2239997566065,-0.00219714742895066,0.038490572505645,0.339402462627558,0.999960136967505
"S100a13",1237.4889543493,-0.0021437600769058,0.0328755748709162,0.286692656501017,0.999960136967505
"Flg",85.3468541620751,-0.00982856396727698,0.0821573471349792,0.0554013157413322,0.999960136967505
"S100a11",82.9028891019147,0.0153251197238995,0.107656026884955,0.0298904364354956,0.999960136967505
"S100a10",1089.40259893388,0.000700468478631742,0.0147433887617391,0.516982874684119,0.999960136967505
"Mrpl9",260.670620230611,-0.00073709207885853,0.0197916149636758,0.575928953015906,0.999960136967505
"Snx27",190.576176410286,0.000229999630539665,0.0190046225756412,0.859060354989315,0.999960136967505
"Pogz",122.988290487856,-0.00125682554232655,0.0276085051041334,0.470832056467427,0.999960136967505
"Psmb4",1253.15460013763,-0.00171460699006074,0.0192299602822373,0.20787997283877,0.999960136967505
"Pi4kb",91.0068256844066,0.000112450598192579,0.024979310551182,0.94555616045499,0.999960136967505
"Psmd4",849.344465962053,0.000449975655078724,0.013158901965622,0.657283271916657,0.999960136967505
"Pip5k1a",192.221781347073,-0.000896714805468804,0.0220307780111642,0.53293480149799,0.999960136967505
"Vps72",114.922811845386,-0.000170154356818757,0.0228599193937844,0.911153239818315,0.999960136967505
"Scnm1",73.9246918581802,0.000832985643826455,0.029385905377851,0.654736386944478,0.999960136967505
"Tnfaip8l2",160.264327426037,-0.0015326928881375,0.0276409629723711,0.37574508545187,0.999960136967505
"Gabpb2",523.839924308702,0.000602836215531965,0.0152341734274331,0.580553223441351,0.999960136967505
"Cdc42se1",401.261105773196,0.000664484495092569,0.0166490182642009,0.564832467285049,0.999960136967505
"Cers2",198.315986844825,-0.00165021913344678,0.0270114750988036,0.329245359044306,0.999960136967505
"Setdb1",241.891493221826,-0.00108042148389337,0.0218074984551412,0.44563499433311,0.999960136967505
"Arnt",119.876457234297,-0.00102214884933249,0.0267050234051407,0.548870482392656,0.999960136967505
"Ctss",367.565150131242,-0.00826286912866697,0.0600623624135891,0.0449645232569972,0.999960136967505
"Golph3l",90.828683846986,0.000315705959747631,0.0253645726577696,0.849546336771385,0.999960136967505
"Ensa",225.386396262154,-0.000611653370432748,0.0194696807810777,0.639436692897211,0.999960136967505
"Ecm1",143.812590399701,-0.00730476127879896,0.0649960079007496,0.0742092707636764,0.999960136967505
"Tars2",123.292964621138,0.000663019664983875,0.0238679225888853,0.67130615893106,0.999960136967505
"Rprd2",305.306319608897,0.0010381081742284,0.0201302246568198,0.434306248356074,0.999960136967505
"Prpf3",193.498206091087,0.00138703064092893,0.0251954071714152,0.38483474389457,0.999960136967505
"Mrps21",561.843504269591,-0.000193879942154698,0.0137446059974908,0.849001892127727,0.999960136967505
"Aph1a",208.267821482539,-0.00338725165888288,0.0387248525175245,0.154490981138327,0.999960136967505
"Anp32e",1320.98332432674,0.000188805013443543,0.0118528521269815,0.847069478277431,0.999960136967505
"Otud7b",112.497820283884,0.000351367004534696,0.0234529094643802,0.821133249860715,0.999960136967505
"Sf3b4",304.016469158767,0.000355460055010238,0.0165709412063272,0.757835194432012,0.999960136967505
"Bola1",175.302532759758,0.000176288575860588,0.0194461650342021,0.893981881497633,0.999960136967505
"H2ac20",708.697905206483,-6.75507979973851e-05,0.0130888657146957,0.945781499425748,0.999960136967505
"H2ac18",216.508426739082,0.000209656306833603,0.0181186798670745,0.86614490861444,0.999960136967505
"H2bc18",151.406456281835,0.00119314500443923,0.0257183516974426,0.465861506838815,0.999960136967505
"Txnip",682.986599426844,0.00323457486170846,0.0308913505177825,0.10887531377654,0.999960136967505
"Polr3gl",87.7481972816678,-0.000106597591137606,0.0253454585373605,0.949014901836776,0.999960136967505
"Rbm8a",998.188400076416,-0.000677290290223572,0.0139370194154984,0.521634394169451,0.999960136967505
"Polr3c",183.922419832864,0.00136123716765184,0.0253496924091244,0.396616554361683,0.999960136967505
"Rnf115",308.881252422967,-0.000581197562824241,0.0175243063474234,0.627755380080552,0.999960136967505
"Gpr89",135.66544228327,-0.000347066474638585,0.0219646409227402,0.812959155985402,0.999960136967505
"Bcl9",91.3726375702433,0.000879280194841369,0.0276083884712466,0.618363569420965,0.999960136967505
"Chd1l",148.325470553444,0.00141488534924835,0.0271937929024015,0.407958149252624,0.999960136967505
"Pde4dip",73.044999849919,-0.000640795636829775,0.0288713221860161,0.727951211286398,0.999960136967505
"Sec22b",231.164042264968,-0.00140490315332258,0.0242524040207645,0.362591541060501,0.999960136967505
"Notch2",199.902135100461,0.00309244924345848,0.03739803511829,0.176452006348838,0.999960136967505
"Phgdh",424.850006501485,0.000736043645294674,0.0167112000817721,0.525267909448419,0.999960136967505
"Wdr3",338.752868767882,0.0001052565341996,0.0154626282484957,0.923584946333361,0.999960136967505
"Man1a2",358.344183938646,0.00265342546098184,0.0304334573336207,0.165797690729484,0.999960136967505
"Ttf2",128.314151746129,0.00068614029815204,0.0236929874685678,0.65812831110524,0.999960136967505
"Cd2",1412.25289507859,-0.00641609527954583,0.0439185675390635,0.0399683451108772,0.999960136967505
"Atp1a1",627.188364877226,-0.000469887530899035,0.0140785560218675,0.651736671897424,0.999960136967505
"Sike1",160.600398368101,-0.000337312464167282,0.0204871750275809,0.806814270375419,0.999960136967505
"Csde1",817.486901668067,-0.000640685075406822,0.0139598938505713,0.542857395444596,0.999960136967505
"Nras",289.903177509108,-0.000834929057389099,0.0191945513980913,0.514692689371825,0.999960136967505
"Bcas2",624.970938540464,-0.000471029084446593,0.0141174725595594,0.651377462240077,0.999960136967505
"Trim33",460.987196163902,-2.82180336983236e-05,0.0141724660588285,0.978244112125378,0.999960136967505
"Hipk1",328.783223432102,0.000897571445231516,0.0191837536059808,0.483135226087673,0.999960136967505
"Ptpn22",273.976325849507,-7.63685843677821e-05,0.0165924002152476,0.947447517424313,0.999960136967505
"Rsbn1",268.48279857378,-0.000853715813474326,0.0196316675927332,0.512802340214093,0.999960136967505
"Phtf1",220.308115439795,0.000711167682304866,0.019941099379588,0.592174133289444,0.999960136967505
"Magi3",134.395299393618,0.000736527587119083,0.0236107373645931,0.632992702240689,0.999960136967505
"Slc16a1",187.192151748183,-0.000654721723380625,0.0209535289680805,0.63758893732792,0.999960136967505
"Ppm1j",74.8978019794889,-6.03468571912413e-05,0.0270758802176543,0.972650731437686,0.999960136967505
"Mov10",294.175936236385,-0.000250069273523522,0.0164631018181236,0.827727507942964,0.999960136967505
"Capza1",1410.40463928838,6.15300960336156e-05,0.0116899684301801,0.949667828938097,0.999960136967505
"St7l",121.263119818007,-0.000655245692224596,0.0239897297488298,0.676434379735403,0.999960136967505
"Ddx20",113.333359668417,0.000177777126181423,0.0229759970752547,0.907588973639497,0.999960136967505
"Rap1a",1178.78208739396,-0.000108223721798715,0.0120720226214476,0.911574383782662,0.999960136967505
"Atp5pb",1920.08583615161,-0.001291347336152,0.0150619602821256,0.277735300870535,0.999960136967505
"Wdr77",128.794427044039,-0.000440803413407207,0.0226754158002287,0.769546139798298,0.999960136967505
"2010016I18Rik",84.8789293567441,0.00145673436146797,0.0323592273850373,0.465790032643543,0.999960136967505
"Dennd2d",512.093561828237,0.000277475441456891,0.0141888995641619,0.789155012224853,0.999960136967505
"Cept1",327.592528066714,0.000433427227211739,0.01648154182237,0.705449270359616,0.999960136967505
"Dram2",101.146952232783,-5.89325994753381e-05,0.0243483718207722,0.970832486957601,0.999960136967505
"Lrif1",217.502567983782,-0.000145596873837454,0.0180220888451061,0.906497859986251,0.999960136967505
"Cd53",1755.82459650176,-0.0035598724839965,0.028722734390419,0.0764201682390529,0.999960136967505
"AI504432",206.681278998104,0.000566916117687096,0.0200403516856801,0.672523800955224,0.999960136967505
"Lamtor5",325.818734640713,8.96751413537493e-05,0.0159780442247701,0.936453685610675,0.999960136967505
"Rbm15",191.695986915094,-0.000253272722682177,0.0189256542099259,0.844334765566963,0.999960136967505
"Ahcyl1",225.018335570338,0.000928115004140403,0.021364846490113,0.506746716056194,0.999960136967505
"Gnai3",491.700544486813,0.000726117861145759,0.016126978634704,0.521647188251069,0.999960136967505
"Psrc1",116.930366371682,-0.000132876667404722,0.0226359934069053,0.92999418215647,0.999960136967505
"Sars",853.37777844386,0.000879825332121759,0.0150034321172533,0.427935640555445,0.999960136967505
"Taf13",83.4039259984421,-0.00139487263320475,0.0316230330604026,0.47678356731523,0.999960136967505
"Clcc1",148.267493241556,0.000535717596472726,0.021832497699385,0.711670186568944,0.999960136967505
"Gpsm2",97.2370979399091,0.000992632297008451,0.0278713734620252,0.575707115148541,0.999960136967505
"Stxbp3",115.785682542583,-0.00133598431711665,0.0285920686162387,0.456738511442155,0.999960136967505
"Prpf38b",784.07509414283,-0.000206016981769451,0.0128622724258268,0.835243243168468,0.999960136967505
"Eeig2",156.235987259074,0.00122851649261992,0.0258253558051896,0.453880691455741,0.999960136967505
"Vav3",603.395816129107,-0.00166093744946681,0.0324187952565161,0.40511763770554,0.999960136967505
"Rnpc3",217.939516886643,0.00102183520930416,0.0219175967329183,0.473315471166652,0.999960136967505
"A930005H10Rik",155.383201321784,0.00209001231689877,0.032469108947729,0.293580704428482,0.999960136967505
"Dph5",171.456971158082,0.00158356715544541,0.0279461801620409,0.364406258294184,0.999960136967505
"Slc30a7",225.578609857172,0.00057529673799254,0.0191479379733083,0.655346453946366,0.999960136967505
"Cdc14a",134.37620684786,-0.000207257972682473,0.0216263203857334,0.886461692646516,0.999960136967505
"Rtca",120.201069160233,-0.000197673327337732,0.0225126957147884,0.895434673173544,0.999960136967505
"Dbt",84.4674676262508,-0.000411648488784392,0.0263911127396622,0.810633780248736,0.999960136967505
"Trmt13",122.427112401644,2.46834669456061e-06,0.0221530897975075,0.998674040102218,0.999960136967505
"Sass6",239.899269036559,-0.000522246210526928,0.0185980819112657,0.67849901806627,0.999960136967505
"Mfsd14a",144.826902572528,-0.000394352853257016,0.0214462082193574,0.783304791667831,0.999960136967505
"Slc35a3",152.05023015953,-0.000117964421561975,0.0204087649841091,0.9319370653651,0.999960136967505
"Ptbp2",213.908968133937,-0.000386896503397349,0.0186373857969326,0.760279274650252,0.999960136967505
"Gclm",282.90145778044,0.000729842698239204,0.0187515347266184,0.562559470315659,0.999960136967505
"Dnttip2",599.08241263992,-1.10157587903611e-07,0.0132912696701175,0.999912072945976,0.999960136967505
"1810037I17Rik",965.07367520115,-0.000690881731845156,0.0145932092468322,0.520618138011815,0.999960136967505
"Mettl14",118.11668475929,0.00135362588602563,0.02861972785759,0.450972536180484,0.999960136967505
"Snhg8",577.69926978158,-0.000260231387832875,0.0137190162305946,0.79842715375354,0.999960136967505
"Camk2d",408.069641934724,-0.000371722111251316,0.015827134000313,0.73860722690505,0.999960136967505
"Larp7",286.93028233821,-0.000932512816443885,0.0197664173240071,0.476508741365055,0.999960136967505
"Zgrf1",282.176063143769,0.000529391406770814,0.0175608302667524,0.659607813798966,0.999960136967505
"Ap1ar",182.904593121378,0.000890645759143638,0.0223862809509051,0.541655445095864,0.999960136967505
"Fam241a",76.6727242033098,-0.000821423056583666,0.0292720793428568,0.658277217238628,0.999960136967505
"Elovl6",581.144604860958,-0.00103770333830179,0.0173783919885982,0.388795549577036,0.999960136967505
"Gar1",559.20510898788,-0.000273312157735397,0.0137952825535274,0.789173755714135,0.999960136967505
"Pla2g12a",341.721674823439,9.23799296880501e-05,0.0160846085449506,0.934873804656384,0.999960136967505
"Casp6",74.6271518403805,-0.00140831862270473,0.0342866957453753,0.500861286366826,0.999960136967505
"Mcub",101.145859319818,-0.000247386914109156,0.0247955092916378,0.879671977840879,0.999960136967505
"Sec24b",305.062950990254,0.000394221739182179,0.0166019673313116,0.732584920064295,0.999960136967505
"Rpl34",12596.4552065073,-0.000447744417365838,0.0109739280095726,0.670822379079546,0.999960136967505
"Hadh",218.275891296201,0.000516124375961139,0.019308851768264,0.691610283299658,0.999960136967505
"Aimp1",727.407764845356,0.000307370042698395,0.0133140770848306,0.760317100188495,0.999960136967505
"Tbck",156.741944914972,0.000592264186516321,0.0218197060243019,0.681945056174531,0.999960136967505
"Gstcd",209.816530550827,0.000797909946350102,0.0209514640544366,0.56344876582154,0.999960136967505
"Ints12",85.7555959730619,-0.00157389230291446,0.0326350428581958,0.433343564889084,0.999960136967505
"Ppa2",144.272552366032,-0.00217757670979605,0.0329445507694103,0.280082882572023,0.999960136967505
"Tet2",278.515476940112,-0.00525804015760463,0.0474065209118931,0.0827457798131198,0.999960136967505
"Cenpe",982.859774603693,-5.62126836460946e-05,0.0124791451836873,0.954162253432663,0.999960136967505
"Cisd2",484.232841460272,-0.000930130880304241,0.0172432757745006,0.4346116176947,0.999960136967505
"Ube2d3",1577.33909248097,-0.000892998643963486,0.0136635777803832,0.412210229329175,0.999960136967505
"Nfkb1",1019.99981842152,-0.00160893777407211,0.0188632273635604,0.227049143314763,0.999960136967505
"Slc39a8",96.9239096818257,0.000842760000696166,0.0268815731987972,0.625389067838497,0.999960136967505
"Ppp3ca",663.399471731878,9.84643476503954e-06,0.0131796645526638,0.992111205733551,0.999960136967505
"H2az1",7147.4874339917,-0.00117486205110487,0.0135786160872766,0.308912260602611,0.999960136967505
"Lamtor3",88.0917047150359,-0.00129161909867045,0.030541943618804,0.498084511707515,0.999960136967505
"Dapp1",169.969488181029,0.000228609763047118,0.0197379314099095,0.864409640573284,0.999960136967505
"Trmt10a",89.8886929927422,-4.46658147765903e-05,0.0251038362591989,0.978457376028225,0.999960136967505
"Adh5",467.526373477603,-0.000523406877326989,0.0153055004360664,0.631335487613216,0.999960136967505
"Metap1",117.658061190946,-0.000490663695483074,0.0235281765656946,0.751935110826387,0.999960136967505
"Eif4e",452.79512709086,-0.000769576923601281,0.0165905756012976,0.505075759837384,0.999960136967505
"Tspan5",124.915442466135,0.00203186357441124,0.0328880904929854,0.312866866814933,0.999960136967505
"Rap1gds1",835.283064119997,-0.000932185576005727,0.0154650139652133,0.409127328013495,0.999960136967505
"Gbp5",466.451045386475,-0.000727956875306696,0.0164885057590505,0.526215414344988,0.999960136967505
"Gbp3",270.779962982738,-0.00231328145085693,0.0299010476591863,0.213547473979347,0.999960136967505
"Gtf2b",335.884909725792,-0.000279614385826339,0.0158341108137582,0.802021207154144,0.999960136967505
"Pkn2",576.147936371145,0.000212506438250351,0.0136814617549223,0.834377465097812,0.999960136967505
"Lmo4",116.056006696053,-0.000128314284591451,0.0227079813074046,0.932581974032958,0.999960136967505
"Hs2st1",139.110503681354,0.000515548882154198,0.0222018130515214,0.726259173440275,0.999960136967505
"Selenof",809.49135713775,-0.00310002876222767,0.0307916904775039,0.119500612260988,0.999960136967505
"Sh3glb1",1222.5328487862,-0.000987422867599153,0.0147831073560838,0.379005858178224,0.999960136967505
"Odf2l",141.768756404586,0.000200556253086919,0.021785872170853,0.890827184684425,0.999960136967505
"Znhit6",241.567295799069,0.000700822377039624,0.0194032169544682,0.589108329547014,0.999960136967505
"Bcl10",210.979009646285,-0.000813565209054316,0.0208765923240622,0.55432726193148,0.999960136967505
"2410004B18Rik",109.167381956358,-0.00283491703607744,0.0397211437034392,0.234950615079546,0.999960136967505
"Gng5",1632.52655510004,0.00150882590845591,0.0166869139387033,0.232004700498464,0.999960136967505
"Rpf1",324.858074175851,1.85970106704263e-05,0.0155406798152918,0.986532015883742,0.999960136967505
"Prkacb",314.946941349369,0.000774240569847863,0.0183954906365534,0.532577687849167,0.999960136967505
"Fubp1",1281.97436919014,0.000287842593691098,0.0120757981624103,0.770368016432513,0.999960136967505
"Usp33",95.985401365675,-0.000457478437374072,0.0252912358090518,0.782272159721696,0.999960136967505
"Zzz3",291.777227123089,-0.000230389331699357,0.0164895386233579,0.841341492649676,0.999960136967505
"Pigk",176.365537605741,-0.00138366584576072,0.0258294696459576,0.396650368237336,0.999960136967505
"Rabggtb",340.156907119951,-0.00133138042307881,0.0216260067083023,0.343881430250089,0.999960136967505
"Acadm",135.567539086674,0.00197006252899926,0.0320766983494563,0.31710869061957,0.999960136967505
"Zranb2",868.87998620974,8.93815629796371e-05,0.0124360444416771,0.927166988701669,0.999960136967505
"Ankrd13c",142.580168458426,-0.000345695768114325,0.0216036884760816,0.810983201644329,0.999960136967505
"Srsf11",1135.18143103985,0.000472227082434618,0.0126757578590496,0.639948768802795,0.999960136967505
"Lrrc40",100.807835952829,0.000452730883411085,0.0247522687742204,0.780544219701892,0.999960136967505
"Depdc1a",163.185698792481,-0.000200714388931916,0.0200453370968021,0.882483336487618,0.999960136967505
"Tmem68",72.2865223982925,5.9052492951678e-05,0.0273731973342366,0.973469259197742,0.999960136967505
"Tgs1",386.121581631931,0.000492855073835419,0.0159667956446462,0.660036949281385,0.999960136967505
"Rps20",20599.9362859579,-0.000840084602136225,0.0117576866604459,0.444902730827209,0.999960136967505
"Chchd7",166.814414713921,-4.26362798291067e-05,0.0201231225267543,0.97508216327189,0.999960136967505
"Gm11808",151.415144330185,0.000108649305050233,0.0204777318265936,0.937491740544127,0.999960136967505
"Bpnt2",129.948659928432,0.000462972697866698,0.0226469117100291,0.757871773632265,0.999960136967505
"Ubxn2b",76.6193634344289,0.00182752441488881,0.0354645562768848,0.395259075460756,0.999960136967505
"Sdcbp",337.457185986502,-0.00128464905618687,0.0212654778625299,0.354582307746873,0.999960136967505
"Nsmaf",121.335442750401,-0.00107885197294548,0.0265035882745074,0.523159589281711,0.999960136967505
"Tox",470.988124942341,0.00124335927492066,0.0195411007653463,0.341567979757519,0.999960136967505
"Rab2a",925.819099948921,-0.00105476173000465,0.0159620630217335,0.36338953189481,0.999960136967505
"Plekhf2",122.532178644407,-0.000129826960059661,0.0222505965485525,0.930565852235651,0.999960136967505
"Ndufaf6",143.690916062022,0.0010630947442928,0.0251456895846675,0.509287164314911,0.999960136967505
"Trp53inp1",224.036154265358,0.00450327824718838,0.0469973816943908,0.1197131668107,0.999960136967505
"Ccne2",171.54617888879,-0.000458229509089012,0.0207799517866487,0.741841526184398,0.999960136967505
"Ints8",194.771625538587,-0.00109319397253093,0.0231631474697684,0.4639572247668,0.999960136967505
"Dpy19l4",95.4271963698183,0.000802287628354681,0.0268832489163774,0.642536470189437,0.999960136967505
"Virma",355.774283832353,0.000147578158282281,0.0152847060835213,0.892104832561561,0.999960136967505
"Rad54b",142.213359681377,0.00254453488068189,0.0355919429578336,0.239765751250028,0.999960136967505
"Cibar1",186.905507120567,-0.00100998382251994,0.0233424628288928,0.503007269683713,0.999960136967505
"Otud6b",109.981472482774,0.00197496005138077,0.0337215212110875,0.337527705356873,0.999960136967505
"Pip4p2",79.1793862265559,0.000430591623708501,0.0272498390417762,0.807112885865217,0.999960136967505
"Tmem64",270.120998894324,0.00233919008671436,0.0305505555200228,0.216744401708369,0.999960136967505
"Nbn",271.76341294756,-0.000210759201915315,0.0166978648724465,0.856165962653232,0.999960136967505
"Ripk2",82.5318161165759,-0.00130343633416701,0.0313058267839373,0.503145357816163,0.999960136967505
"Cpne3",156.358487673195,-0.00148794259704372,0.0283219345617146,0.400971229923897,0.999960136967505
"Rmdn1",113.570729715331,-0.00146899146986162,0.0297339559666456,0.428043431242042,0.999960136967505
"Wwp1",206.121611141811,-0.00078756878801552,0.0210466156381324,0.570223485913698,0.999960136967505
"Ccnc",150.821489352357,-0.000578612400484275,0.0218787493949766,0.689775570109186,0.999960136967505
"Usp45",125.257798851828,-0.000796701396825761,0.0249345356172171,0.622128998224788,0.999960136967505
"Pnisr",561.747414504874,-0.000351541446147887,0.0140199599942629,0.733657616980624,0.999960136967505
"Mms22l",402.8180592026,0.000429027830221634,0.0155738683402106,0.696897906535511,0.999960136967505
"Ndufaf4",356.382674741877,-0.000564504503527938,0.0169319648008282,0.628898351500267,0.999960136967505
"Ufl1",224.736130900551,-0.00324966973896035,0.0375249570511978,0.159098581118007,0.999960136967505
"Map3k7",324.860020830463,0.00123363014320123,0.0213592933824849,0.375228023858973,0.999960136967505
"Bach2",1278.42069869822,-0.000786691709264202,0.0136672126356111,0.461743887719115,0.999960136967505
"Casp8ap2",665.655769405251,0.000152125992821583,0.013079169576028,0.878432796884943,0.999960136967505
"Mdn1",466.207247519101,0.00433538465571663,0.0393141195012127,0.0874650578203108,0.999960136967505
"Lyrm2",153.672346071226,-0.000420864178536096,0.0210769069626525,0.765437980385813,0.999960136967505
"Ube2j1",190.201849054145,-0.00048866749445361,0.0198176438766315,0.713792907210475,0.999960136967505
"Pnrc1",540.424998156925,9.27568662307167e-05,0.0136186590830698,0.926974257580542,0.999960136967505
"Rngtt",486.437689253328,0.000527203589074681,0.015116113584741,0.626378002616042,0.999960136967505
"Akirin2",267.420414751743,-0.00100667228696272,0.0206416031352499,0.457517305580408,0.999960136967505
"Orc3",240.118343907927,0.000267583920956467,0.0176138409100047,0.825424439366166,0.999960136967505
"Rars2",227.863629154389,0.00108783144197471,0.0221234201960139,0.448047779709725,0.999960136967505
"Slc35a1",79.9575412135491,-0.00117122882824964,0.0305982282703939,0.540599945717608,0.999960136967505
"Smim8",171.894150293118,-0.000109473320931599,0.019467456729277,0.93417030813744,0.999960136967505
"Zfp292",995.849065377716,0.000242753048248314,0.0123471283977527,0.805061088766218,0.999960136967505
"Rigi",566.014165902895,-0.00133867830808916,0.0192901387728422,0.305341552367745,0.999960136967505
"Topors",248.030395035466,0.00139673807465042,0.0240734611061478,0.362384071499301,0.999960136967505
"Ndufb6",560.940175480153,-0.00168612064157733,0.0216090817980107,0.239618959872432,0.999960136967505
"Aptx",80.6528694280121,0.0001099716374652,0.0265589540794427,0.949394406220365,0.999960136967505
"Dnaja1",1555.15120988382,-0.000369099994687726,0.0119120806024589,0.711082101385678,0.999960136967505
"Smu1",320.653160473288,-0.000685053701963978,0.0177053417847681,0.570074972736322,0.999960136967505
"B4galt1",334.064771152089,-0.000242307047746017,0.0157606273779373,0.827472176832381,0.999960136967505
"Bag1",585.159656530467,-0.000403130658645876,0.0141161873422963,0.697964138083582,0.999960136967505
"Chmp5",252.665288133121,-0.00124827560019337,0.0239662310449188,0.415044318885154,0.999960136967505
"Nfx1",554.172000619134,0.000994198490818305,0.0170895961851803,0.403212867333424,0.999960136967505
"Ube2r2",495.111746662836,-0.000786436039724995,0.0165892855463304,0.496056027227171,0.999960136967505
"Ubap2",523.672382064881,0.0018167765260976,0.02335823730564,0.231452704097104,0.999960136967505
"Dcaf12",160.551875942461,-0.00223113593964816,0.0325697381377238,0.263691837529118,0.999960136967505
"Ubap1",72.5923894467092,0.00197291806386445,0.0367320462974338,0.372479451304858,0.999960136967505
"Kif24",87.9548068860224,4.14239394171012e-05,0.0253905327046645,0.980210107163703,0.999960136967505
"Nudt2",141.433488424186,-0.000923596256567775,0.0243233462153587,0.556794739644132,0.999960136967505
"Rpp25l",101.40264081169,7.07948795416455e-05,0.0239418551926936,0.964454815310431,0.999960136967505
"Dctn3",314.587155157076,-0.000811605373311995,0.018698437316625,0.518097483030755,0.999960136967505
"Vcp",789.587857090016,0.000134209616506828,0.012672240484019,0.891461462311385,0.999960136967505
"Stoml2",325.908738724472,0.000105378390284778,0.0157993115149109,0.92470901579505,0.999960136967505
"Ccdc107",180.662785775873,0.000531795245171377,0.0204664872066608,0.697543551909253,0.999960136967505
"Tln1",1261.53306324186,0.000846274501613817,0.013795180776018,0.433814439131539,0.999960136967505
"Creb3",115.527693870513,-0.000873686743750877,0.0257143639777335,0.598038560973374,0.999960136967505
"Hint2",113.696617961899,0.0004835541123968,0.0238504100207783,0.75830709116717,0.999960136967505
"Glipr2",528.938662453263,-0.00136363925083275,0.0213334105248177,0.327981566247098,0.999960136967505
"Clta",1130.88618266137,-0.0018839544330281,0.0200326508049503,0.183199586692077,0.999960136967505
"Rnf38",134.168049544317,0.000989393733370753,0.0257486905198504,0.549100963646308,0.999960136967505
"Melk",177.838009472062,0.00136457479247751,0.0257365507204447,0.401896421031041,0.999960136967505
"Zcchc7",980.795634968338,0.00257291533456081,0.0246591043266139,0.12632800441197,0.999960136967505
"Grhpr",96.7937967878556,-0.00304135549765772,0.0423053720583916,0.227867863501345,0.999960136967505
"Tomm5",949.652651230218,-0.000539444361037665,0.0132590524135802,0.599010617720716,0.999960136967505
"Exosc3",444.78486771206,-0.00257996670012343,0.0286093114875316,0.15790879330983,0.999960136967505
"Dcaf10",149.605163095023,9.1032133045957e-05,0.020588187882964,0.94786687144283,0.999960136967505
"Slc25a51",109.008845913972,-0.00048614398654851,0.0244332295786945,0.761994461271592,0.999960136967505
"Tstd2",115.675610373354,-8.9255904998789e-06,0.0227192241702273,0.995309841144865,0.999960136967505
"Ncbp1",430.746283088504,0.000478557292125664,0.0154702644358567,0.662688430551306,0.999960136967505
"Xpa",151.30703158289,-0.000844486782392477,0.0232864167468249,0.577421481064705,0.999960136967505
"Hemgn",73.1118684993774,0.000266074870266833,0.0275590997029704,0.881389231941955,0.999960136967505
"Anp32b",4761.17263598823,-0.000105522470980074,0.0109529363606637,0.916686488116997,0.999960136967505
"Nans",266.803747963762,-0.000453205456881255,0.0175759203611356,0.706862711516418,0.999960136967505
"Trim14",171.964215417581,-0.00177203897932777,0.0288292762961178,0.322440373342423,0.999960136967505
"Tgfbr1",161.968164429975,0.000659970495602099,0.0218531279332864,0.647389738540172,0.999960136967505
"Sec61b",2369.11679324075,-0.00087556964456207,0.0134106722197801,0.419164579938952,0.999960136967505
"Stx17",134.410816577758,-0.000222700903486158,0.0215746703238937,0.877775300781906,0.999960136967505
"Erp44",380.018258240373,-0.00159106265947034,0.0230281129137952,0.283968851801418,0.999960136967505
"Invs",117.235430547864,0.0010177472587716,0.02643211711488,0.54692285506946,0.999960136967505
"Tex10",225.71643468977,0.000786889145481361,0.020249304486823,0.557452737664629,0.999960136967505
"Mrpl50",172.196847809486,-0.001457349010274,0.0266436835388341,0.384583467349187,0.999960136967505
"Rnf20",315.384256699772,-0.00106741435631283,0.020386264114896,0.425986958350659,0.999960136967505
"Smc2",1449.26047740393,-0.000189271482098464,0.0117346829260945,0.846898602749658,0.999960136967505
"Nipsnap3b",111.72679757183,-0.00125741454811851,0.0283488379130545,0.481306611753241,0.999960136967505
"Fsd1l",165.510566222093,0.00176359255831706,0.0297556562585569,0.338693076045844,0.999960136967505
"Rad23b",474.410699469657,-0.000511347153801548,0.0151825698640675,0.637491056010555,0.999960136967505
"Elp1",129.206966497459,0.000798942392598629,0.0245258762637547,0.615856444683393,0.999960136967505
"Abitram",82.4436575186151,0.000401220066882841,0.026607282829401,0.816604949039795,0.999960136967505
"Tmem245",151.777440003517,0.000119495448629843,0.0204274442711083,0.931109934797368,0.999960136967505
"Ptpn3",73.6082765033485,-0.000212519793089299,0.0276351421071838,0.905380884397227,0.999960136967505
"Ecpas",590.12960128369,3.52876173245907e-05,0.0133204526760039,0.971870266936127,0.999960136967505
"Gng10",418.445482903917,-0.000665349814164975,0.0166911996889272,0.564996412284273,0.999960136967505
"Ugcg",221.436108757846,0.00026104541377253,0.0179934599739445,0.832617660088959,0.999960136967505
"Ptbp3",1264.56216847164,-0.00263756339717934,0.0245705964092921,0.119303318580998,0.999960136967505
"Hsdl2",75.7591104735215,-0.00026549258049122,0.0271221956311138,0.880130164767301,0.999960136967505
"Inip",155.076364149006,0.000349845183109364,0.0210071572696205,0.804018338058367,0.999960136967505
"Fkbp15",150.664334920919,0.000217710882870667,0.0206217613242517,0.875684638046864,0.999960136967505
"Cdc26",295.921508904837,0.000407150344758344,0.0168463309314106,0.727070102259067,0.999960136967505
"Prpf4",217.082931871987,2.96889197071946e-06,0.0178792809781758,0.998078125128388,0.999960136967505
"Alad",151.988593333333,0.00103886804609765,0.0244555324176322,0.508625776345654,0.999960136967505
"Pole3",275.955594546587,0.000591031619093599,0.0180728286283399,0.630275079845519,0.999960136967505
"Rgs3",219.79357075212,0.00158832976034561,0.0258835513196383,0.329850508025805,0.999960136967505
"Akna",217.699195429218,0.00325931268740247,0.0383775437389029,0.165454807974035,0.999960136967505
"Atp6v1g1",775.012423263507,0.000771213754923159,0.0148387602577568,0.479804409546734,0.999960136967505
"Tnfsf8",498.858618105213,0.00100850995471966,0.0184274534660903,0.418026878400467,0.999960136967505
"Cdk5rap2",169.628679822868,0.00179547406134991,0.0291827319011797,0.321298487561176,0.999960136967505
"Kdm4c",189.787899372975,7.24316799499021e-06,0.0186832513757738,0.995484040371408,0.999960136967505
"Dmac1",266.097452959287,-0.00032433255683239,0.0172071396776238,0.784939327278549,0.999960136967505
"Zdhhc21",278.52684387881,-0.000608440283520284,0.018068347511664,0.62000823791307,0.999960136967505
"Ttc39b",551.40373176701,0.000267055499037549,0.0139156343016496,0.79474646770163,0.999960136967505
"Snapc3",174.055444803791,-3.0230842584942e-05,0.0192988526114958,0.981674182984598,0.999960136967505
"Psip1",1718.95195814861,0.00524626224198695,0.0361924549819249,0.0442616333736001,0.999960136967505
"Cntln",268.83116938068,0.000901824575045111,0.020010153308238,0.495638169650823,0.999960136967505
"Rraga",180.817696246669,-0.00255083313947389,0.0341096281342257,0.221635197637405,0.999960136967505
"Haus6",291.707478806208,-0.000626639840207606,0.0178924062753842,0.606651195891256,0.999960136967505
"Dennd4c",126.949351509312,0.000215876655507235,0.0225981899169373,0.886211295188318,0.999960136967505
"Rps6",9812.32456136679,-0.000792170890493388,0.0116692215384784,0.467679729582372,0.999960136967505
"Mllt3",1526.23216560124,-0.000170080263538782,0.0116862266749823,0.86217495027661,0.999960136967505
"Focad",225.207284300372,-0.000296535542411941,0.0189353454169064,0.818052457653704,0.999960136967505
"Klhl9",208.595739066461,-0.00122507618289091,0.0236117955777126,0.417916586926738,0.999960136967505
"Mtap",275.951065414531,0.000472154281381819,0.0174834001629155,0.693833349418025,0.999960136967505
"Caap1",231.208961637164,-0.000151752466357176,0.0176282521137617,0.900735237202364,0.999960136967505
"Plaa",415.06391249144,0.000298593641892382,0.0152144626724522,0.782964176757883,0.999960136967505
"Mysm1",317.424801695304,0.000172154184574835,0.015820731557676,0.877367702991691,0.999960136967505
"Jun",102.670049427342,-0.000759627182289126,0.0259540957215666,0.65077844628163,0.999960136967505
"Hook1",108.677470672784,0.000590505682480374,0.024620214560748,0.71390629758307,0.999960136967505
"Nfia",74.1322196164062,-5.48323370024475e-05,0.0278481112918585,0.9756964535633,0.999960136967505
"Tm2d1",184.698410942061,-0.000617332496408248,0.0211937066152998,0.66070131095248,0.999960136967505
"Usp1",1184.98784385753,0.000253368329880638,0.0120889155308731,0.79660900311598,0.999960136967505
"Itgb3bp",166.083153293322,0.000553525295173137,0.0210802920272637,0.693301904696157,0.999960136967505
"Pgm1",159.933067794828,-0.000522239825607179,0.0211937595070932,0.711512963634376,0.999960136967505
"Jak1",1201.49072463506,-0.00079377099199109,0.0136823333377101,0.458327614358821,0.999960136967505
"Leprot",133.107929959965,0.000325418650992066,0.0220918941871639,0.825413191439994,0.999960136967505
"Pde4b",171.979979432245,-0.0010312646612901,0.0235586240169507,0.497287899436515,0.999960136967505
"Dnai4",76.3663659165598,0.000576920200134504,0.0278781769902867,0.747562422821925,0.999960136967505
"Mier1",1044.98944394036,-0.000336036733906951,0.0126171951112802,0.735357290355989,0.999960136967505
"Slc35d1",85.7834201084749,-0.00058118620062524,0.0268465541475875,0.737914896101785,0.999960136967505
"Oma1",96.0248443545619,0.000953481313209003,0.0277758060709714,0.590185559440369,0.999960136967505
"Usp24",304.667911827694,0.000411983499758617,0.016950669182921,0.725207615627867,0.999960136967505
"Dhcr24",210.496876271359,0.00162688030991479,0.0263879571057968,0.326275447167226,0.999960136967505
"Ttc4",168.640246208056,-1.48233215237229e-06,0.0195580543703865,0.999111764830121,0.999960136967505
"Ssbp3",235.71019300175,0.000371110755085291,0.0181732862051598,0.765059199711807,0.999960136967505
"Mrpl37",109.861378859273,-0.00177728024598136,0.0320991616769118,0.368053610491202,0.999960136967505
"Tceanc2",155.518406147616,0.00100630346830075,0.0240982828497602,0.516939167471522,0.999960136967505
"Tmem59",456.634627471858,-0.00012566659868478,0.0141990332259453,0.903476682389397,0.999960136967505
"Lrrc42",90.3012975178291,0.000819482939096495,0.0274272612122294,0.641115552284795,0.999960136967505
"Hspb11",149.35568220743,0.000362043072735557,0.0211475921083487,0.798426224926342,0.999960136967505
"Yipf1",132.282714151695,0.000272248520240698,0.0218324006959144,0.852256217608515,0.999960136967505
"Ndc1",85.3609844121013,-7.08237897627492e-05,0.0261023601719766,0.966935414363277,0.999960136967505
"Lrp8",111.218699722923,0.00951746365394972,0.0770715123406157,0.0549971210429232,0.999960136967505
"Magoh",812.466743159866,-0.000602810096924988,0.0139843834838741,0.565638590835139,0.999960136967505
"Czib",98.4792365197046,-0.000132264534771947,0.0242357626735675,0.934309221422697,0.999960136967505
"Scp2",246.87444746529,0.000381793531939719,0.0178533567308488,0.75493169236385,0.999960136967505
"Zyg11b",252.877976213188,0.000892808411869193,0.020200952295215,0.503397186585549,0.999960136967505
"Coa7",85.1468218681633,-0.000244843776004336,0.0258469391568968,0.884978873974247,0.999960136967505
"Tut4",750.711152259957,-0.000981116180311355,0.0160607308610449,0.394821210435664,0.999960136967505
"Prpf38a",340.649018646758,-0.00078292223572684,0.0179582219688434,0.52048795318337,0.999960136967505
"Orc1",96.6328739007956,0.000800792276363931,0.0270399749155201,0.64485529412285,0.999960136967505
"Cc2d1b",104.504469298756,0.00156899927690865,0.0309024001004814,0.412587024077674,0.999960136967505
"Txndc12",99.9851010087976,-0.00175653488205658,0.0329477077626445,0.384821565898134,0.999960136967505
"Kti12",143.894645160654,-0.000918138129033748,0.024111622620565,0.556063543429909,0.999960136967505
"Nrd1",493.738628653482,0.000550022171394982,0.0151465990914872,0.612219629640461,0.999960136967505
"Osbpl9",210.832729927429,0.000898050063877823,0.0215367798410138,0.523994231336781,0.999960136967505
"Eps15",240.765050264591,0.00476941069464402,0.0458657392751167,0.0982520213583604,0.999960136967505
"Rnf11",92.6922788430184,-0.00120314182819783,0.0299977664855769,0.522341729219794,0.999960136967505
"Cdkn2c",142.015047244172,-0.00062277059573431,0.0227059168320475,0.677213627845015,0.999960136967505
"Faf1",543.163186232348,0.0010821872850966,0.0176824470547483,0.374911452792055,0.999960136967505
"Spata6",138.207336734205,0.00138323666378936,0.0278119352195106,0.428599175868585,0.999960136967505
"Cmpk1",386.13073831104,-0.00190191707207504,0.0252161310532579,0.236637344106288,0.999960136967505
"Stil",169.717425591485,0.00296710536068215,0.0372878396437321,0.191753636777369,0.999960136967505
"Efcab14",231.960972065163,1.22342676408175e-05,0.0174567849489065,0.99191981970257,0.999960136967505
"Atpaf1",141.010234993883,-0.000331044163793065,0.0218756568450051,0.82089029071265,0.999960136967505
"Mknk1",81.9859390057226,0.000936815713595655,0.0288956643036354,0.609257307878419,0.999960136967505
"Uqcrh",1078.05589734093,0.000229907927946006,0.0122793995775427,0.814909293349154,0.999960136967505
"Rad54l",90.016156779808,-0.00166192266874679,0.0328805347315476,0.410598406003229,0.999960136967505
"Mast2",140.72657939553,0.00310036328337025,0.0395411014683538,0.195391319053869,0.999960136967505
"Ipp",118.629543709081,-0.000429434202201349,0.0232269070221702,0.780026168720064,0.999960136967505
"Gpbp1l1",226.081927497548,0.000887103314694997,0.0210483544795476,0.520918360903568,0.999960136967505
"Nasp",1372.62262695317,-0.00240380432190913,0.0226311572624891,0.130714242006735,0.999960136967505
"Akr1a1",647.104678099124,-0.00348725366036398,0.0328143902602419,0.102208152992501,0.999960136967505
"Prdx1",3243.44307777566,-0.000190988745670337,0.0111952835551095,0.848249167084783,0.999960136967505
"Toe1",118.974093248812,-0.000409321389825658,0.0233199903109542,0.790926766582396,0.999960136967505
"Urod",71.4865260875657,-0.000872471025438841,0.0314118561697253,0.656546965069501,0.999960136967505
"Eif2b3",299.505269658656,0.000390033973027792,0.0167002471032333,0.736490613325287,0.999960136967505
"Rps8",25327.479528002,-0.00108010384466558,0.0127949171373228,0.34197200529853,0.999960136967505
"Kif2c",148.601126201246,0.00138280851469781,0.0273078977633138,0.420917571428176,0.999960136967505
"Rnf220",124.723019152144,0.000413541501321794,0.0234457992513563,0.789774708420974,0.999960136967505
"Eri3",105.795397230146,0.00033665805842366,0.0240285162924622,0.832100846807396,0.999960136967505
"Gm12840",149.39216478661,-0.00187257225006214,0.0308559149161051,0.325058367771718,0.999960136967505
"Atp6v0b",290.321004587214,-0.00187290329100929,0.0262392031291383,0.257510262069349,0.999960136967505
"Kdm4a",96.2570782716251,0.000103508069903518,0.0252495622290876,0.950334026393542,0.999960136967505
"Hyi",91.5988308692595,0.000271470727869612,0.0252105763029658,0.86984929665159,0.999960136967505
"Med8",317.662359510302,-0.00114702003209949,0.0207201605690369,0.398350011774846,0.999960136967505
"Elovl1",106.46954952167,-0.000921909175771469,0.0266586293740236,0.58953152210266,0.999960136967505
"Cdc20",549.661410983929,0.00256586490555177,0.027671124142303,0.15107129502834,0.999960136967505
"Ebna1bp2",844.379834165434,-0.00199637599247118,0.0217763612559195,0.179314829490459,0.999960136967505
"Slc2a1",152.439184744967,-0.00127203639082063,0.0261094566063415,0.441956508403369,0.999960136967505
"Svbp",232.759679707292,-0.00304817540424107,0.0377438824538028,0.185354557467884,0.999960136967505
"Ybx1",6391.02827612362,-0.000703562225982123,0.0115638870159108,0.511928189868628,0.999960136967505
"Ppih",381.949266771288,-0.000159467685585752,0.01530263314638,0.883562856886622,0.999960136967505
"Foxj3",170.104852665347,0.000401226750543596,0.0203074156559489,0.768937116299918,0.999960136967505
"Hivep3",365.737902728475,0.000149286689264915,0.0151747240988483,0.890306160731957,0.999960136967505
"Scmh1",123.084481749729,0.00384171548999721,0.0455268829877549,0.161534437106652,0.999960136967505
"Ctps",191.128752871315,-0.00061077711744872,0.0210626966590555,0.66242154995019,0.999960136967505
"Nfyc",250.016216012698,-0.000518570451287099,0.0182394510394807,0.675742227423764,0.999960136967505
"Smap2",437.857777680372,-0.00080854007795991,0.0170030930243103,0.491032380895481,0.999960136967505
"Zmpste24",241.416346967329,-0.000380408597248796,0.017844952638815,0.755709442131164,0.999960136967505
"Rlf",351.234361720615,-0.00143397531863774,0.0223493760179067,0.321066818416044,0.999960136967505
"Ppt1",130.57194681929,0.000337219032054978,0.022112696255278,0.819281727080777,0.999960136967505
"Cap1",778.843904556839,5.47570313801488e-05,0.0126881237546174,0.955543153767786,0.999960136967505
"Trit1",96.3656464618291,0.000809220484515042,0.0268036694396225,0.638720927439943,0.999960136967505
"Ppie",284.510262760454,0.000959240079939985,0.0202205314050591,0.471912718517076,0.999960136967505
"Pabpc4",434.504675210932,-0.000363161894210232,0.0150842272943622,0.736223719129731,0.999960136967505
"Macf1",1172.05670982381,0.00744942933275625,0.0477554237670658,0.0325683792249602,0.999960136967505
"Ndufs5",798.256771698251,-0.000782351028374447,0.0151428708792965,0.477616487180903,0.999960136967505
"Akirin1",284.651282635881,-0.000619078314220901,0.0179943038222278,0.612653116494137,0.999960136967505
"Mycbp",129.411043622049,-0.00127988146374572,0.0281221879650406,0.469933109289569,0.999960136967505
"Rragc",129.853649079906,-0.000530121939453889,0.0231667094475474,0.728795865397308,0.999960136967505
"Utp11",513.308158480796,-0.000221802209590896,0.0144614883836419,0.832473822671552,0.999960136967505
"Sf3a3",596.429579746946,0.000501242064590753,0.0144045598198115,0.634459004611685,0.999960136967505
"Inpp5b",135.22598407823,0.000451737128281946,0.0222110160924506,0.75965049877437,0.999960136967505
"Mtf1",95.3063656946195,-0.000358617344142469,0.0256813035246698,0.83102735083659,0.999960136967505
"1110065P20Rik",112.30337139908,-0.0012980491738891,0.0285047604324207,0.468902312216359,0.999960136967505
"Yrdc",194.51664608064,-0.00162391428014175,0.0272720795413795,0.341292094007335,0.999960136967505
"Cdca8",712.292930324633,-0.000566371035345046,0.0140614743288659,0.588856951078045,0.999960136967505
"Gnl2",352.100787684002,0.000707177806444595,0.0173571059050587,0.551863786034349,0.999960136967505
"Snip1",116.021845740398,0.00033335992315157,0.0230933707964369,0.827944949595518,0.999960136967505
"Meaf6",260.507158105689,9.07980885906186e-06,0.0167105543547782,0.993784356186328,0.999960136967505
"Mrps15",539.214683924703,-0.000518086070163989,0.0150761172553828,0.631733937707023,0.999960136967505
"Lsm10",142.83284800207,0.000123763408816124,0.0209450498352555,0.930201393292625,0.999960136967505
"Stk40",111.330934274963,-0.000204346625782734,0.0232025352322762,0.894713979247854,0.999960136967505
"Thrap3",1227.9690178347,0.00137706628214109,0.0166190930200038,0.264152823556327,0.999960136967505
"Map7d1",84.4438754035382,-0.00268948520032623,0.0407126507313986,0.267472781221032,0.999960136967505
"Trappc3",165.236559200624,-0.000355147351313282,0.0205093193711474,0.796897399797721,0.999960136967505
"Adprs",101.370700373556,-0.000205764154884181,0.0241098183576382,0.897432865800281,0.999960136967505
"Ago3",143.143539877535,0.000420701342731422,0.0217961321570131,0.772240545764385,0.999960136967505
"Clspn",561.138815490167,0.000809282434004941,0.0160819667555386,0.476394171766203,0.999960136967505
"Psmb2",2021.27873658162,-0.00132784038970687,0.0160850494844229,0.273566449286941,0.999960136967505
"AU040320",118.660623889141,0.00110613312181729,0.0269316242402867,0.51843157770979,0.999960136967505
"Zmym4",353.489771294605,0.000107991961861132,0.0152420727531049,0.920788550854291,0.999960136967505
"Sfpq",1574.32216271904,-0.000363845328168282,0.0119095096261016,0.714834492652767,0.999960136967505
"Zmym1",89.1071806161859,0.000185454204800944,0.0253357989137005,0.911338966105184,0.999960136967505
"Smim12",164.747094686348,-0.00350400849291536,0.0411219621395246,0.161901691589613,0.999960136967505
"Phc2",276.582612602657,-0.00136212319215872,0.0229786768508752,0.355854047320506,0.999960136967505
"Ak2",798.895173446271,-0.00464963877523792,0.0390553619785221,0.071897311710626,0.999960136967505
"Rnf19b",363.063535216318,-0.003891795788013,0.0384088347129687,0.108928948981342,0.999960136967505
"S100pbp",150.207998436748,0.000770594492765903,0.0228894881338482,0.606768571251722,0.999960136967505
"Yars",292.518704852483,0.000400404568591737,0.0168356971256518,0.731323915977055,0.999960136967505
"Rbbp4",1011.81807979347,-0.000243924443277352,0.0123330032904779,0.804129112683788,0.999960136967505
"Zbtb8os",283.959327510977,0.000162591492010449,0.0169848690485803,0.890377360438767,0.999960136967505
"Marcksl1",137.958244904485,-0.00054343143375171,0.0244929787317193,0.735049928321143,0.999960136967505
"Hdac1",609.428236230233,-0.00088890633018655,0.0161839370956007,0.438298243422314,0.999960136967505
"Lck",865.650453117065,-0.000804985876712058,0.0146811255435511,0.460783140608747,0.999960136967505
"Eif3i",1174.16061472423,-0.000807677984113611,0.0138486573959906,0.452476205589585,0.999960136967505
"Tmem234",678.400735961354,-0.000945915065966707,0.0163742014582595,0.414458950207727,0.999960136967505
"Txlna",313.686614291484,5.2584201217737e-05,0.0157914404697644,0.962382274105542,0.999960136967505
"Khdrbs1",1224.29577802593,-6.92150957022587e-05,0.0119005366766976,0.943304277691023,0.999960136967505
"Ptp4a2",1499.51237660572,0.000183704647033163,0.0116809599006699,0.851412372612033,0.999960136967505
"Pef1",97.952131799337,-0.0014429337276474,0.030647841911584,0.449002967773099,0.999960136967505
"Zcchc17",313.8666578339,-0.00187217623703058,0.0258412759836027,0.252056596715349,0.999960136967505
"Snrnp40",473.02680629593,-0.00521722120765171,0.0436998464536051,0.069232908766294,0.999960136967505
"Pum1",537.765292261271,0.000509481759250889,0.0147413227697658,0.633076375187086,0.999960136967505
"Laptm5",1866.10672139649,0.000140689101954757,0.0114393501787261,0.886270654784422,0.999960136967505
"Mecr",139.025050409494,0.000974950848045723,0.0248630944328114,0.542345858661803,0.999960136967505
"Srsf4",371.551714920659,6.12011225964372e-05,0.0149454164021049,0.954438653345384,0.999960136967505
"Epb41",312.499970664352,-0.000109955904490511,0.0158585290751919,0.921668095693448,0.999960136967505
"Ythdf2",462.76225002604,0.000570895716030599,0.0154778732096649,0.60363353873811,0.999960136967505
"Gmeb1",144.023028686006,0.00016979782599487,0.0210064356831415,0.904532651483721,0.999960136967505
"Taf12",313.438884124011,0.000341753557056162,0.0163100464000596,0.76418934305145,0.999960136967505
"Snhg12",852.563990105001,0.000169688169103862,0.0125605924153719,0.862890813971279,0.999960136967505
"Trnau1ap",149.734537350124,-0.00028472906447648,0.020860934561966,0.83925859959204,0.999960136967505
"Rcc1",191.991328023002,0.000359194616235616,0.0194060433327538,0.784622232861956,0.999960136967505
"Snhg3",519.231870834174,0.000862051329627387,0.0166412641406191,0.458086290892319,0.999960136967505
"Sesn2",96.5175413781796,0.000199797600006155,0.0245838954671976,0.902040129367012,0.999960136967505
"Atpif1",916.330824321757,0.000138307976765082,0.0124649863248799,0.887735007885752,0.999960136967505
"Dnajc8",796.088227867727,-0.000564271320204083,0.0137463737747982,0.587137258972385,0.999960136967505
"Eya3",195.954131511496,-8.51395845703894e-06,0.0184526737041321,0.994634775175213,0.999960136967505
"Rpa2",269.820316362402,-0.00253876280805521,0.0313036375416581,0.191670757186148,0.999960136967505
"Ppp1r8",145.111123900605,-0.000198147814224526,0.0210874304090931,0.889011213020605,0.999960136967505
"Stx12",93.3808429039288,-0.000435352797957388,0.025443903549899,0.793705795288609,0.999960136967505
"Fam76a",159.929175715057,-0.000374695134468989,0.0205971179163548,0.78663960900254,0.999960136967505
"Wasf2",688.057766096882,-0.000254371498628151,0.0133920877895959,0.800685057472621,0.999960136967505
"Sytl1",101.425553279115,0.00494646182544129,0.0541326466391974,0.127968485643683,0.999960136967505
"Tmem222",93.32001520086,-0.000667962385960962,0.0263997220546304,0.69578296337068,0.999960136967505
"Wdtc1",75.4275324503153,7.10095622085266e-06,0.0268629267568693,0.996760942148718,0.999960136967505
"Slc9a1",76.4192208537016,0.000238796971968684,0.0270121081633231,0.891778390970053,0.999960136967505
"Nudc",647.276892177512,0.000725512381031189,0.0150818358554096,0.507260209749048,0.999960136967505
"Zdhhc18",328.139976827077,0.000480826144930788,0.0166070476872265,0.676529519852868,0.999960136967505
"Arid1a",731.663240780059,0.00225709194018777,0.0246972718167734,0.16570713262777,0.999960136967505
"Rps6ka1",214.938082208479,0.00233221662273511,0.0315542177028186,0.230451909226239,0.999960136967505
"Hmgn2",1375.00752791661,-0.0012370695779879,0.0164373619402617,0.303620477922832,0.999960136967505
"Dhdds",144.087184084625,-2.90040079756133e-05,0.0207683156350697,0.983511699328068,0.999960136967505
"Cd52",2828.04158942798,-0.000379132000732364,0.0183222540710807,0.761674935181245,0.999960136967505
"Ubxn11",80.8534154784022,-0.00678125900683927,0.066660325018978,0.0905340124232357,0.999960136967505
"Sh3bgrl3",1262.85327410191,-0.000337171509809201,0.0124466222823435,0.734022691255501,0.999960136967505
"Cep85",93.208076940445,0.00244184370146888,0.03814491993684,0.286788749984684,0.999960136967505
"Zfp593",196.39567410812,7.37607589432897e-05,0.0186191982136067,0.953888160922487,0.999960136967505
"Pdik1l",168.21762232307,9.50461266532975e-05,0.0196195253241803,0.943224605841716,0.999960136967505
"Stmn1",2029.94921826922,0.00218744765053136,0.0199594477220741,0.13920360043465,0.999960136967505
"Mtfr1l",84.41237707098,-0.000218799071313513,0.0258983028634724,0.897340273083734,0.999960136967505
"Maco1",163.988240949683,-0.00173993114706345,0.0289759787719323,0.33368429975701,0.999960136967505
"Tmem50a",575.227948050123,-0.00106393858961142,0.0179871775888439,0.387024838109369,0.999960136967505
"Rsrp1",944.081181638706,0.000375164000943559,0.0127828975293109,0.707585866631214,0.999960136967505
"Syf2",406.717193354371,0.000841397675206677,0.0177003258606257,0.48560382099968,0.999960136967505
"Runx3",538.359034140093,0.00112736608461266,0.0185457775499421,0.3699384046683,0.999960136967505
"Clic4",668.503989519004,-0.00175652558298344,0.0211908675085218,0.218782703261425,0.999960136967505
"Srrm1",1572.34306692835,-0.000711082428637819,0.0129297616803913,0.497907701095159,0.999960136967505
"Rcan3",205.673097363666,0.00655231579011296,0.0571057362439277,0.0732985343687504,0.999960136967505
"Srsf10",990.439775191699,-0.000724234510149829,0.0139969865466086,0.496300528131488,0.999960136967505
"Pnrc2",210.22947365277,-0.00067069802023585,0.0205278488926781,0.622880862379423,0.999960136967505
"Fuca1",141.254797213722,-5.04159821621028e-05,0.020966772632756,0.971579595213166,0.999960136967505
"Hmgcl",85.6086206494393,-0.000782121027687473,0.0281835431220028,0.664114023149454,0.999960136967505
"Lypla2",203.611673396261,0.000553188933625568,0.0197699180016716,0.676569363831464,0.999960136967505
"Pithd1",81.3585572530755,0.000216815639428942,0.0262850777160401,0.899502701923668,0.999960136967505
"Eloa",283.570046340514,0.000166359985690633,0.016382707696095,0.884586282716234,0.999960136967505
"Rpl11",12700.6337672743,-0.00116887748443761,0.0129854021066572,0.312809438111986,0.999960136967505
"Id3",227.015261644566,-0.000750356678430059,0.0201374675372713,0.574592447123674,0.999960136967505
"E2f2",127.643247992285,0.00181448699641232,0.0311786067707831,0.345192030879431,0.999960136967505
"Hnrnpr",959.224002769858,0.00021195790490492,0.0123840798628119,0.829113953973896,0.999960136967505
"Kdm1a",610.505377156609,-0.00225746774157969,0.0249508372681815,0.168055690770407,0.999960136967505
"Cdc42",2300.13176239546,-0.000818212356036739,0.0127576619209614,0.445169572322106,0.999960136967505
"Usp48",253.894840811726,0.00106063594729586,0.0215055601213899,0.448862284954021,0.999960136967505
"Ece1",93.2343012539405,-5.70791795660007e-05,0.0248234017924587,0.972209438109922,0.999960136967505
"Eif4g3",711.842670466226,8.42184939471571e-05,0.0128700651653512,0.932015297620092,0.999960136967505
"Hp1bp3",1121.02647226514,0.00252812425929667,0.0245512600625342,0.130300964813192,0.999960136967505
"Ddost",444.204632786085,-0.00486125329404046,0.0423467322283311,0.0773363369741106,0.999960136967505
"Tmco4",197.304528563108,0.00418208884531996,0.044082021217066,0.124266997287803,0.999960136967505
"Micos10",1509.292319943,-0.000967610339829862,0.0142537250750363,0.383473396088505,0.999960136967505
"Capzb",1204.64387222904,-0.00301944225279968,0.0266599035900571,0.099579414611084,0.999960136967505
"Mrto4",390.191730280952,-0.000310713958501372,0.0153739026572378,0.775946417303718,0.999960136967505
"Ubr4",428.301467520999,-0.000425393264855454,0.0152648710507339,0.695545973120804,0.999960136967505
"Rcc2",721.677626913699,0.000580036760949777,0.0140464692391712,0.580200112106616,0.999960136967505
"Sdhb",839.466039423819,0.000184588707928165,0.0127339153176983,0.851598814005074,0.999960136967505
"Necap2",173.213994437341,-0.000682527915409659,0.0214683341739337,0.630420497129728,0.999960136967505
"Szrd1",191.314628479447,-0.000276805202169368,0.0190159303102271,0.830670519600595,0.999960136967505
"Fbxo42",91.5308336902707,5.68790709689901e-05,0.0248978693212542,0.972376857053819,0.999960136967505
"Spen",243.90931552296,0.00177255224916182,0.0265177191785676,0.287047336973805,0.999960136967505
"Ddi2",184.087307617241,0.000447959615886783,0.0205578057568065,0.745184771385163,0.999960136967505
"Efhd2",279.405544497882,-0.000580142702049982,0.0178755758070529,0.633713308911604,0.999960136967505
"Prdm2",272.424225601174,0.000513802000980311,0.0178368963324299,0.673017508521778,0.999960136967505
"Vps13d",176.472789916103,0.000937394380741525,0.0227839618969057,0.526414887852833,0.999960136967505
"Zfp933",97.2696233676517,-0.000863832589778675,0.0270031228783078,0.617927640381061,0.999960136967505
"2510039O18Rik",127.440052327788,0.000117900622212564,0.0220237117032907,0.93636992087593,0.999960136967505
"Mad2l2",74.3449133773564,-0.00160222187928221,0.0340342901293893,0.441083544869418,0.999960136967505
"Mtor",134.585059995083,0.00168201351955582,0.0298402049514332,0.363403636436844,0.999960136967505
"Exosc10",312.541836952778,0.000476232862254251,0.0169111375195407,0.683586101551672,0.999960136967505
"Srm",249.107341790624,5.03134560711624e-05,0.0169963225502007,0.966034707385302,0.999960136967505
"Tardbp",828.398066207965,-0.000320882124329397,0.0130037039200629,0.748350818111275,0.999960136967505
"Pex14",126.491857726571,0.000902637559695627,0.0249724489450434,0.575433972422951,0.999960136967505
"Cenps",214.820506829056,6.33825291542065e-05,0.0179709920412543,0.959156862188819,0.999960136967505
"Pgd",245.922923345195,-0.0017872801361561,0.02712352296984,0.292310865721215,0.999960136967505
"Kif1b",139.691772967811,0.000487357810776893,0.0221524094505497,0.740441369093806,0.999960136967505
"Ube4b",218.147059656047,0.001105788006834,0.0226276880045125,0.449287819484751,0.999960136967505
"Lzic",189.694241276929,-0.00147570653753908,0.0261876341854407,0.370940942290323,0.999960136967505
"Pik3cd",667.712376888118,0.00229512187698291,0.0246894407431527,0.160167359882311,0.999960136967505
"Eno1",1322.01976962171,-0.00164247233212876,0.0180809982587443,0.213025742233759,0.999960136967505
"Rere",452.199774353941,0.000757208007598744,0.016999335071327,0.518324366766589,0.999960136967505
"Park7",1154.39106061717,0.000248770912347594,0.0121482277510283,0.800165247743856,0.999960136967505
"Tnfrsf9",124.054262501643,-0.00161997181630462,0.0313855671139258,0.403669583800687,0.999960136967505
"Camta1",150.773641179981,0.000471213152532873,0.0217106830104196,0.744482512276842,0.999960136967505
"Vamp3",119.649069764073,-0.00404120481115398,0.0470596289224373,0.154034836004047,0.999960136967505
"Dnajc11",141.148181687355,-0.00184653747647198,0.0309224139092567,0.332914201294016,0.999960136967505
"Thap3",135.826865917818,0.000150093342748836,0.0213939269151336,0.916934349263795,0.999960136967505
"Nol9",173.485577323726,-5.23604323849047e-05,0.0194733869308207,0.968509665109139,0.999960136967505
"Espn",118.864013662046,-0.00092811420138135,0.0260916276547588,0.579642825321838,0.999960136967505
"Acot7",237.255860918046,-0.00109237744758934,0.0220956127728097,0.445608121209037,0.999960136967505
"Rpl22",9044.44476792918,0.000548954612672971,0.0111392570060511,0.605056663236209,0.999960136967505
"Kcnab2",257.009011866631,0.00383242665939042,0.0401985002677762,0.125133882869495,0.999960136967505
"A430005L14Rik",247.724787584895,-0.0011803575303857,0.0222798142876497,0.412309258121749,0.999960136967505
"Lrrc47",107.261530781239,0.00140572248951328,0.0295631549250383,0.446579830613258,0.999960136967505
"Tprgl",178.38519588352,-0.00101815152181088,0.0233678291269001,0.499838873635898,0.999960136967505
"Rer1",704.317098919627,-0.0019632148501809,0.02323871350426,0.199866966577719,0.999960136967505
"Ski",194.060375984261,0.00160306602208631,0.027134750061261,0.34547775897996,0.999960136967505
"Faap20",155.194119878976,0.00013202226742687,0.0208184350993321,0.925152277632524,0.999960136967505
"Gnb1",1024.93867412723,-0.00132101551646874,0.0168775462107628,0.282135063312583,0.999960136967505
"Nadk",149.209197943281,-0.000351909490592736,0.0214420800295346,0.806355726511259,0.999960136967505
"Cdk11b",547.68488774651,-0.00125432227358667,0.0189079971643499,0.328148986080808,0.999960136967505
"Ssu72",1190.6006672343,-7.17911027125798e-05,0.011919246301596,0.941199104780429,0.999960136967505
"Atad3a",273.422201032604,0.000530722018570504,0.0178333871201282,0.662705998509276,0.999960136967505
"Ccnl2",515.05647783285,-0.00121869861644235,0.0187909843927895,0.339081655687592,0.999960136967505
"Aurkaip1",542.803197019124,-0.00057060686855366,0.0157747652414889,0.608026118560599,0.999960136967505
"Ints11",222.231944147335,-0.00250040643519416,0.0324428863411518,0.210911370097282,0.999960136967505
"Ube2j2",356.803734749853,-0.00215282201223001,0.0274131705880482,0.212949656396964,0.999960136967505
"Sdf4",791.984689859612,-0.000594711849504671,0.0146480805304457,0.577919551662377,0.999960136967505
"Tnfrsf18",1122.00445787328,-0.00148922473300179,0.0181402722624834,0.248607560954051,0.999960136967505
"Noc2l",463.896574331212,0.000654990767532439,0.0158863231795985,0.55865847716754,0.999960136967505
"Cdk6",2782.16880590432,-0.00358680731066616,0.0266838435641797,0.0671884716829531,0.999960136967505
"Fam133b",596.722190411788,-0.000654769007499774,0.0149590544367117,0.545829163229216,0.999960136967505
"1700109H08Rik",86.9930767124023,0.00120639469150509,0.0306682816182365,0.529033615468264,0.999960136967505
"Rbm48",118.072647745541,-0.000257549380957656,0.0233351147125354,0.868064105569448,0.999960136967505
"Gatad1",340.284754937936,-0.00081637157558855,0.0192465868596621,0.525124182971456,0.999960136967505
"Ankib1",620.154963207192,-0.000205992850889251,0.013411380167459,0.837851302018775,0.999960136967505
"Krit1",384.940130684946,-0.000676528777629954,0.016867261313319,0.561338438138355,0.999960136967505
"Akap9",668.744558224726,-0.00128577998459487,0.0182970735917894,0.30909307648092,0.999960136967505
"Cyp51",421.503289212309,0.000249627413580651,0.0147480799165782,0.8141292991022,0.999960136967505
"Sri",963.901406026373,-0.000196301428345593,0.0124672793863915,0.84160373383546,0.999960136967505
"Dbf4",444.354670463719,-0.000732970333572254,0.0166793646354854,0.526458522878694,0.999960136967505
"Slc25a40",140.431737779037,0.00178823243787992,0.0302682468048964,0.339357809882186,0.999960136967505
"Abcb1b",210.996945463485,0.0023167775652703,0.0313048669835937,0.230278823665004,0.999960136967505
"Crot",108.218840346344,0.00018508988588505,0.023444595724973,0.905464740061172,0.999960136967505
"Tmem243",243.288912966003,-0.0011625463801064,0.0222326673345918,0.418700947539219,0.999960136967505
"Dmtf1",206.471355634921,0.000181216040495199,0.0183246305405492,0.885327189580473,0.999960136967505
"Phtf2",140.084229324585,0.00236199901828911,0.0345289425924452,0.261509399865343,0.999960136967505
"Tmem60",118.10934153868,0.000105448908702103,0.022911341895105,0.945014242650728,0.999960136967505
"Rsbn1l",559.563279598207,-0.000943890592919543,0.0168288275883886,0.421891107028591,0.999960136967505
"Gsap",108.559619846036,-0.00265566413312661,0.0387315730453161,0.254271744037564,0.999960136967505
"Fam185a",162.562579067076,0.00149640133476982,0.027258236073249,0.381480024027684,0.999960136967505
"Armc10",151.409508109531,-0.000514993925373212,0.0217361649228264,0.721517486313443,0.999960136967505
"Pmpcb",216.014666015931,-0.000821101227199152,0.0208546538014627,0.550179347511227,0.999960136967505
"Dnajc2",1353.72003257474,-0.000302196826464974,0.0119994133013629,0.759662639300408,0.999960136967505
"Psmc2",523.506723614335,-0.00132589822564594,0.0194608967030983,0.31191040939685,0.999960136967505
"Orc5",120.622123666185,0.00152334517680973,0.0295542168636556,0.407914477631768,0.999960136967505
"Lhfpl3",117.004361943539,0.00751772692501558,0.06945021973756,0.0776069733023925,0.999960136967505
"5031425E22Rik",157.079448274589,0.00108869514900148,0.0245382443848981,0.488956091377334,0.999960136967505
"Kmt2e",593.546499307308,-8.12692442959715e-05,0.0133502883970623,0.935363052344947,0.999960136967505
"Srpk2",252.244148788415,0.000511557072288202,0.0181662448011008,0.678944334364092,0.999960136967505
"AI506816",123.213283695869,4.2737694815956e-06,0.0222935387495877,0.997716853450076,0.999960136967505
"Pus7",200.367572044545,0.000760132916260216,0.0208107303771449,0.580415909912896,0.999960136967505
"Rint1",93.5089583366845,-0.000466632067865231,0.0255870384481222,0.780134075350392,0.999960136967505
"Tomm7",1236.80685721992,1.01452116210695e-05,0.0118690707443772,0.991676814369794,0.999960136967505
"Hycc1",126.164786645618,-0.000110035657043527,0.0225520638136218,0.941829010088758,0.999960136967505
"Fastk",126.533846890275,0.000916897424734641,0.0250923921730288,0.570870125797113,0.999960136967505
"Abcf2",245.91479292297,0.00013597646111519,0.0171387582997319,0.908936663478989,0.999960136967505
"Nub1",403.406415369988,-0.00289616854227796,0.0311847114245863,0.142962468098549,0.999960136967505
"Rheb",480.550389409887,-0.00014654956420026,0.0140936618765879,0.887057963297341,0.999960136967505
"Prkag2",93.0731173607225,0.000418303592304012,0.025495088479395,0.802018775070242,0.999960136967505
"Galnt11",113.162965956201,0.000361300206637642,0.023482611932526,0.816322121134557,0.999960136967505
"Kmt2c",503.815352286645,0.00082702608059651,0.0165680188444197,0.474589543414101,0.999960136967505
"Paxip1",174.087261946119,-0.00011922418936126,0.0203690474004919,0.931093459693513,0.999960136967505
"Insig1",142.001046871944,-0.0038105041681432,0.0443011445284876,0.155936814358785,0.999960136967505
"Rbm33",366.407114821884,0.000367430816223835,0.0156373153641305,0.739390068872516,0.999960136967505
"Nom1",221.833607493196,0.000484900874298977,0.0188952919726443,0.70452002431022,0.999960136967505
"Ube3c",269.933443292001,0.000251072468101817,0.0168433346600786,0.830092000227326,0.999960136967505
"Dnajb6",699.942384899778,-0.00109782658279497,0.0168636611630643,0.357406976816739,0.999960136967505
"Tyms",569.119280814683,-0.000355709422607293,0.0146001283053364,0.736346684013545,0.999960136967505
"Hadha",496.041456643821,-0.00115163989324569,0.0186351360469566,0.361818280782374,0.999960136967505
"Hadhb",273.264315469264,0.000249667686222291,0.0167235708858394,0.830082791634342,0.999960136967505
"Selenoi",167.297345787401,0.00100054709629993,0.0235844110490366,0.511152880070551,0.999960136967505
"Cenpa",919.90010898064,0.000236496566576935,0.0125167650186815,0.810310304046977,0.999960136967505
"Ost4",900.447653754583,-6.6796634723634e-05,0.0126797595487006,0.945780171109692,0.999960136967505
"Preb",101.349770773941,-0.000523322009777874,0.0253580509906919,0.752042752090881,0.999960136967505
"Atraid",124.432698742967,-0.00170661500240301,0.0306974341700674,0.368652296277297,0.999960136967505
"Cad",90.0716679997228,0.00203865258483792,0.0360939515150844,0.35022778004125,0.999960136967505
"Gtf3c2",184.26759841071,0.000635619676402192,0.0206903802478411,0.644005556323935,0.999960136967505
"Eif2b4",95.9046431352506,-0.000693236604294819,0.0263850136991802,0.684513719084001,0.999960136967505
"Snx17",185.589591090453,-0.000899994315575616,0.0222595187352963,0.535172434878601,0.999960136967505
"Ppm1g",527.664528947279,0.00114746908979348,0.0183807547688259,0.359544780116075,0.999960136967505
"Nrbp1",95.809633035595,0.00100737301997519,0.0279204166490403,0.570471752927141,0.999960136967505
"Zfp512",118.885688569197,0.00146233087867098,0.0293945324639112,0.425380148904254,0.999960136967505
"Gpn1",89.9253137000464,-0.000379745499300764,0.0258484028010884,0.822130647474653,0.999960136967505
"Slc4a1ap",218.787122732249,-0.000257598124866997,0.01809728220545,0.835598540020833,0.999960136967505
"Mrpl33",863.28036003399,0.000160579838502036,0.0130002082692316,0.871472610236786,0.999960136967505
"Rbks",109.77420321856,-0.00127294067402594,0.0286379108720594,0.479755150423365,0.999960136967505
"Babam2",454.958605905857,-0.000716058542125127,0.0165401608675413,0.533668926922832,0.999960136967505
"Ppp1cb",431.579830516602,-0.00146389624511426,0.0216043279446007,0.299928998236627,0.999960136967505
"Yes1",74.8196182751483,-0.00192669412072938,0.0364559162423415,0.380791640170182,0.999960136967505
"Pisd",79.637213262989,0.000337366101473321,0.026711134104313,0.846025605589868,0.999960136967505
"Prr14l",385.109802356642,0.000315128560595947,0.0152637727629209,0.771759005111073,0.999960136967505
"Depdc5",141.403444848465,0.00301353587769742,0.0391341977534857,0.203243356953321,0.999960136967505
"Ywhah",887.976328276761,-0.00108896530098046,0.0159814917491327,0.350449222279918,0.999960136967505
"Ctbp1",344.610427933084,0.000461767837271461,0.0163294512295696,0.685049697993987,0.999960136967505
"Maea",166.106563249974,-0.000509219419232237,0.0208482837588759,0.714560731805424,0.999960136967505
"Fam53a",149.510449704764,0.00068428421878248,0.0226181464550552,0.645358805236105,0.999960136967505
"Slbp",835.210336548541,-0.00126246392515905,0.0173729491419237,0.305334143830124,0.999960136967505
"Tacc3",442.49700086415,0.000351763087432557,0.0149753085370204,0.743035434192354,0.999960136967505
"Letm1",144.139070240152,0.000521268677633519,0.0219852411260213,0.720945148951097,0.999960136967505
"Nsd2",1054.30235028505,-0.000198212784506674,0.0124422057972646,0.840039696422266,0.999960136967505
"Nelfa",110.218119143666,0.000763572016525285,0.0262132947609717,0.651912044263227,0.999960136967505
"Haus3",315.794481794967,-0.000168494271543868,0.0158335576955109,0.880031154206115,0.999960136967505
"Rnf4",321.830319341299,-0.000471215947851999,0.0167310350525798,0.684345069112543,0.999960136967505
"Fam193a",327.513000131264,0.00100304203028765,0.0194995802281063,0.438901741993334,0.999960136967505
"Sh3bp2",98.7683183808247,-0.00320565200565598,0.0429853700818424,0.211624199621015,0.999960136967505
"Add1",425.769256929752,0.00267315524664956,0.0303260493093226,0.162114354228312,0.999960136967505
"Mfsd10",138.390223912461,4.22374672573286e-05,0.0212119691366392,0.976431311182265,0.999960136967505
"Nop14",522.611285025304,0.000297824280608073,0.0141100343551153,0.773520464795299,0.999960136967505
"Htt",368.661379596337,-9.20429205646219e-05,0.0150022770324893,0.931702211350915,0.999960136967505
"Lrpap1",115.027508978978,-0.000914669333472284,0.0260592312334285,0.584919945622468,0.999960136967505
"Grpel1",453.344205041568,0.000425895842676609,0.0152051152083988,0.694481014802313,0.999960136967505
"Tbc1d14",119.736883534283,0.00127073955498915,0.0277969077654713,0.468508820669492,0.999960136967505
"D5Ertd579e",83.9695472113136,0.000113657434466705,0.0260336346164602,0.946837443464046,0.999960136967505
"Bloc1s4",89.9778142108533,-0.00102460026775792,0.02876740330182,0.573830187818003,0.999960136967505
"Mrfap1",445.10719997136,-0.00300265287795183,0.031384751062444,0.133307681089537,0.999960136967505
"Jakmip1",109.308889570282,0.00113657908499154,0.0276181223160449,0.51621022974381,0.999960136967505
"Stx18",142.428367800553,0.00055991582091859,0.0222411016342545,0.703721896466997,0.999960136967505
"Lyar",729.304947978125,-0.000688697738710671,0.0145269454389812,0.521100238068921,0.999960136967505
"Tmem128",275.706768297318,-0.00769859241067086,0.0601543007363843,0.0546308031430629,0.999960136967505
"Slc2a9",104.709407758633,0.00180327330151131,0.0326522510652173,0.368251148106201,0.999960136967505
"Wdr1",512.450084080521,-3.77589876431308e-05,0.0138666677414744,0.970517692539772,0.999960136967505
"Rab28",159.623511359228,-0.000316451676497857,0.0204664403312916,0.818497617923048,0.999960136967505
"Bod1l",758.335684415602,-0.000319910961512311,0.0131382992395988,0.74986720979659,0.999960136967505
"Fbxl5",134.911225692243,-0.000270772738857534,0.0218546257712721,0.8531834140216,0.999960136967505
"Tapt1",163.230849235153,-5.61186550056326e-05,0.0199222929317098,0.966915101677208,0.999960136967505
"Qdpr",181.261192673774,-0.000174137317556793,0.0192850854396368,0.894514700150958,0.999960136967505
"Lap3",275.945247435019,-0.00120942262656057,0.0218955197837657,0.39395857594616,0.999960136967505
"Med28",444.200618577151,-0.0012674166906969,0.0197850489317679,0.336748921006715,0.999960136967505
"Ncapg",388.279670636271,0.000277129830924843,0.015731787259588,0.802834189392333,0.999960136967505
"Lcorl",278.418870366229,0.000460176340254272,0.0177037725695257,0.704171973378065,0.999960136967505
"Dhx15",659.031567077975,0.00123287775404636,0.0183337461156198,0.327485083908791,0.999960136967505
"9230114K14Rik",72.5706494678919,-0.000407365314643775,0.0280139823655384,0.821353399008841,0.999960136967505
"Zcchc4",83.4193941392534,0.00207196963185364,0.036275775416079,0.344484754738393,0.999960136967505
"Anapc4",226.441763508661,0.000677328776707145,0.0195873122458946,0.604862390093873,0.999960136967505
"Smim20",182.73324396488,0.00023004693620687,0.0193128317713882,0.860967819288692,0.999960136967505
"Rbpj",993.370370352807,0.000878327940833982,0.0148683073045816,0.427246251040636,0.999960136967505
"Stim2",303.383255164299,-0.000701707565403023,0.0181629147737163,0.568255080234515,0.999960136967505
"Arap2",328.661785908591,0.00184548808935262,0.0255062134339594,0.253711674509133,0.999960136967505
"Tbc1d1",697.08375027226,-0.00163487609965004,0.0202855882284772,0.23598524037142,0.999960136967505
"Klf3",519.893112647088,-0.00184473427189475,0.0230644910024039,0.221672965558725,0.999960136967505
"Tlr1",116.075575707879,-0.00119817494947052,0.0275838798820844,0.492313085313503,0.999960136967505
"Tmem156",74.1258681133286,0.000788353405732126,0.0291414182342496,0.670263924345571,0.999960136967505
"Klhl5",83.4842584799714,0.00166572340965912,0.0337298026294611,0.419616249157676,0.999960136967505
"Rfc1",901.466962825303,3.92757002776304e-05,0.0123471487613336,0.967887237182565,0.999960136967505
"Rpl9",12703.9079653428,-0.00204297144235807,0.0168731299701179,0.143575297283089,0.999960136967505
"Lias",199.062159436795,-0.000422751703106747,0.0192230983405416,0.745161407532334,0.999960136967505
"Ugdh",144.260362698583,-0.000622579564228625,0.0225612837957654,0.675548603629341,0.999960136967505
"Smim14",224.447570631219,0.000210446472538633,0.0177836585968235,0.863531561000396,0.999960136967505
"Ube2k",980.927698637253,0.000335987535867372,0.0125532610649278,0.735181785423779,0.999960136967505
"Pds5a",983.002511587618,0.000421519800761322,0.0129785826635744,0.675801678707238,0.999960136967505
"N4bp2",212.608279843863,-0.00166646903010287,0.0267094210084593,0.319667673940079,0.999960136967505
"Rhoh",355.632885159742,-0.000560331105800529,0.0166810430514385,0.627709556133361,0.999960136967505
"Tmem33",226.790579500444,-0.00381902338958805,0.0409440152914691,0.131392387447031,0.999960136967505
"Slc30a9",170.472697297865,0.000291126915020993,0.0201382752153594,0.830553016754298,0.999960136967505
"Atp8a1",236.424010983505,-0.000170346833222614,0.017667053504652,0.888819194770493,0.999960136967505
"Guf1",109.170362971453,-0.0003190062661666,0.0236379523678679,0.838584044606863,0.999960136967505
"Gnpda2",110.127919784855,0.00112356879191817,0.0275667403831674,0.520508748094414,0.999960136967505
"Commd8",313.43314580957,-0.0012103984989876,0.0211411253897162,0.380419987266438,0.999960136967505
"Atp10d",118.384592281887,0.00154709748586184,0.030938222491183,0.419832676786604,0.999960136967505
"Txk",133.167151169694,-0.00281661326219462,0.0386055173632934,0.226854438522554,0.999960136967505
"Slain2",197.382371178446,0.00151766015620571,0.0260033186979942,0.354103086696044,0.999960136967505
"Fryl",400.238792545984,0.00031540385202316,0.0151328284504904,0.770275563627078,0.999960136967505
"Ociad1",556.461379788581,-0.000620831110443728,0.0150386712829247,0.567015133037199,0.999960136967505
"Dancr",85.3595667668147,0.000846985143742688,0.0282783471566107,0.638604270565741,0.999960136967505
"Scfd2",208.945976203459,0.0011132682683364,0.0228125442754692,0.449372849612073,0.999960136967505
"Fip1l1",776.852680255512,0.00181417635637203,0.0215037348641666,0.210161045882624,0.999960136967505
"Chic2",424.194521487311,-0.00907478466749619,0.0612929854274831,0.0366500697034812,0.999960136967505
"Srd5a3",86.7088332839528,-0.00108584110824034,0.0293148791491577,0.556989984353235,0.999960136967505
"Tmem165",258.972006531318,-0.00134561474774966,0.0232995107102611,0.367207607865102,0.999960136967505
"Clock",153.697825647197,-0.000658902203512573,0.0221245702378978,0.651578125794071,0.999960136967505
"Exoc1",150.676083649436,0.000385769840034662,0.0211031877073261,0.784977706202582,0.999960136967505
"Cep135",150.370637265663,0.00235588206558476,0.0339786701520451,0.256009637456502,0.999960136967505
"Ppat",459.04206192667,0.000448688542208668,0.0152733716282331,0.679971983705904,0.999960136967505
"Paics",629.268512102358,0.000528212999460288,0.0142339498289786,0.614961590059097,0.999960136967505
"Srp72",831.268056919523,-0.000987754663409345,0.0156388329937769,0.387028009069612,0.999960136967505
"Rest",286.652687274474,-0.00147026034787406,0.0234811552448424,0.327759756064661,0.999960136967505
"Noa1",142.484847232072,-0.000782523240352309,0.0236026962442188,0.611083206577511,0.999960136967505
"Polr2b",277.522597027147,-2.44332766757702e-05,0.0166718002254784,0.983243430340254,0.999960136967505
"Cenpc1",376.908518290921,0.00135023631333918,0.0213129160960905,0.332205382606188,0.999960136967505
"Stap1",273.29951018877,-0.000543004721261306,0.0178136281663029,0.655005598859964,0.999960136967505
"Uba6",222.081569718928,0.00129426089191416,0.0236719196554433,0.392464032607364,0.999960136967505
"Ythdc1",665.990427544612,-0.00112076629038748,0.0171347539630203,0.352129352907049,0.999960136967505
"Utp3",746.594420117893,-0.00250180072931297,0.0254499286698284,0.140027882556402,0.999960136967505
"Grsf1",160.494789003189,-0.000855741528774226,0.0229485170015776,0.567015803533878,0.999960136967505
"Mob1b",126.066426242838,-0.000101605418499233,0.02193804035353,0.944970079501376,0.999960136967505
"Dck",169.569942102837,-0.00121103184150225,0.0252444361627863,0.451172054739322,0.999960136967505
"Cox18",219.651939514047,-0.00107513120234747,0.0223063126205291,0.456742771737509,0.999960136967505
"Ankrd17",864.856441328051,0.000763445027273011,0.0143827170027615,0.479034780796708,0.999960136967505
"Rchy1",196.315472578847,0.000608150132395046,0.0201183378853237,0.650786306202245,0.999960136967505
"G3bp2",797.254665254644,-1.47466773663661e-05,0.0125733597236166,0.987986892122361,0.999960136967505
"Uso1",229.607282681195,-0.000767876012872451,0.0200621079243221,0.56418890323938,0.999960136967505
"Sdad1",302.099641684481,-0.000184710181962063,0.0161828534966485,0.870713695962834,0.999960136967505
"Nup54",294.636004813499,-0.00175626193744316,0.0254652747723942,0.275516111776115,0.999960136967505
"Scarb2",178.622856302264,-0.000181606393375724,0.0194487568074686,0.89080584350328,0.999960136967505
"Septin11",454.848990942812,0.00041650782716993,0.0150052965829626,0.698485579274182,0.999960136967505
"Ccni",430.716108471097,0.000798893166901202,0.0172592151606909,0.500281420768852,0.999960136967505
"Cnot6l",666.391197666885,1.0524714316094e-05,0.0129901059579092,0.991517447678658,0.999960136967505
"Mrpl1",266.633882183658,-0.000238239740612319,0.0169888416679018,0.839788590018974,0.999960136967505
"Bmp2k",127.195475932316,-0.000115446806208923,0.0218735318245344,0.937318457325548,0.999960136967505
"Hnrnpd",1811.52213696492,-0.000813906307250381,0.0130058814752887,0.446814259357997,0.999960136967505
"Hnrnpdl",1323.02964205993,-0.00181016914092563,0.0189553193230463,0.187624365728341,0.999960136967505
"Enoph1",75.656568964644,-0.000307196488092579,0.0272234575119725,0.861832666099365,0.999960136967505
"Sec31a",313.252602026868,-0.000847893447633616,0.0189390779349315,0.503633208819869,0.999960136967505
"5430416N02Rik",292.405222064373,-0.00336478882762698,0.0361505916304412,0.135836533983158,0.999960136967505
"Lin54",228.006994096459,-0.000120315609996195,0.0177097828583463,0.92155821661775,0.999960136967505
"Cops4",298.538495101517,-0.00113943680759662,0.0209263898164397,0.405075892618744,0.999960136967505
"Plac8",445.566511542562,-0.000461364321346787,0.0273402755570115,0.7940788396655,0.999960136967505
"Coq2",256.67246161801,-0.000646599430286077,0.0186894090260389,0.607790323678106,0.999960136967505
"Helq",140.573135702778,0.00102773336690579,0.0249444910186369,0.521016606972449,0.999960136967505
"Mrps18c",549.031464127585,-0.00149631222096838,0.0207415880347682,0.277792773544363,0.999960136967505
"Abraxas1",122.578508244352,-0.000294495002061922,0.0226379238475447,0.8452223983826,0.999960136967505
"Aff1",219.510572033191,0.00208195862597138,0.0294883779836368,0.254781911639404,0.999960136967505
"Nudt9",90.1900017222921,-0.000547674032076409,0.0261734696571645,0.747489397871138,0.999960136967505
"Thoc2l",126.018006089845,0.000128515826429416,0.0223133722067646,0.931435340563773,0.999960136967505
"Gbp8",312.546219164293,-0.00148313306453577,0.0240843298281356,0.333541561129626,0.999960136967505
"Gbp9",244.963246105871,-0.00605572946528454,0.0531828382476843,0.0757663565882405,0.999960136967505
"Gbp11",362.274508291667,-0.00293248807776043,0.0321486111289228,0.147288517555585,0.999960136967505
"Lrrc8b",94.4435812417306,-0.000214653039774344,0.0247650877395283,0.895431880428093,0.999960136967505
"Lrrc8c",1284.86166480146,0.000573676585510883,0.0130836140060382,0.57667740760379,0.999960136967505
"Lrrc8d",303.922962948706,0.000240565418218677,0.0165728741609179,0.835052418922199,0.999960136967505
"Zfp326",264.653239979227,-0.00027471450930001,0.0173648791131181,0.818739924032261,0.999960136967505
"Zfp644",309.788392938287,0.00082752160662433,0.0189648645127646,0.514488886609912,0.999960136967505
"Cdc7",130.5431899366,0.000213550376740355,0.0218185012214485,0.883928035420805,0.999960136967505
"Tgfbr3",119.845155522292,0.00509955334623328,0.0536429946743269,0.117643120748647,0.999960136967505
"Glmn",156.912317275686,0.00119828419051325,0.0253101611112153,0.457238514509673,0.999960136967505
"Rpap2",88.7583194986833,0.00104642102011561,0.0289065225410837,0.567097541501802,0.999960136967505
"Rpl5",11238.2514346963,-0.001171437232436,0.01274777709264,0.313691295303534,0.999960136967505
"Dipk1a",119.25113810396,9.49551930108464e-05,0.0226626970404179,0.950009993026158,0.999960136967505
"Mtf2",449.117804504415,0.000512403707097237,0.0153500370639578,0.639027027833348,0.999960136967505
"Tmed5",710.309717577292,-0.0013234004702229,0.0182560356290089,0.296539617280976,0.999960136967505
"Ccdc18",113.294858187091,0.00124352800011749,0.0285983581247992,0.489815315825999,0.999960136967505
"Dr1",203.935220011628,-0.000775996750275203,0.0208367625275692,0.572708369165792,0.999960136967505
"Atp5k",770.21826209321,0.000931429808748134,0.0155865310735475,0.410871145018127,0.999960136967505
"Pcgf3",75.8354566168022,0.00322111195823474,0.0451564292475782,0.225847391482306,0.999960136967505
"Gak",284.197696275188,0.000982465272583309,0.020124694501941,0.459394904035351,0.999960136967505
"Tmem175",93.2104572058819,0.00165175187420664,0.0324490134332955,0.408160095835969,0.999960136967505
"Crlf2",138.693870025585,0.00145876132014635,0.0281173817685024,0.407511508854605,0.999960136967505
"Chfr",187.377592098266,-0.00776056145782007,0.0634795675649831,0.0609234913107645,0.999960136967505
"Golga3",177.143368519854,0.000779851603770763,0.0217596226219765,0.585389849365322,0.999960136967505
"Ankle2",202.575621904058,-0.000503684141692141,0.0194424600448097,0.70051900417417,0.999960136967505
"Pgam5",131.550569865447,0.000255218307176514,0.0221232594922593,0.863046171087916,0.999960136967505
"Pole",270.353356017764,0.00206040432436064,0.0279673363664963,0.238828716689209,0.999960136967505
"Noc4l",266.564344421295,-0.000882951903024737,0.0202806585787378,0.509623737800746,0.999960136967505
"Ep400",503.163929715902,6.07427393459568e-05,0.0138448603399334,0.952551103074604,0.999960136967505
"Pus1",168.866403383305,0.000193983644913681,0.0198235972658453,0.885305465158,0.999960136967505
"Hscb",144.823835134266,-0.000455432210002054,0.0218182222384023,0.753947655350232,0.999960136967505
"Chek2",81.4350190957654,0.002658392868214,0.0407116531376785,0.272651446362146,0.999960136967505
"Pitpnb",388.859520871886,-0.000902263849208579,0.0180442104820273,0.461076314807358,0.999960136967505
"Tpst2",218.429131040292,-0.0011869231024403,0.0231768079012289,0.425460540623375,0.999960136967505
"Sart3",156.422657993561,-0.000329883132938371,0.020684666708381,0.81259644729917,0.999960136967505
"Iscu",137.845691539919,-0.000448560002117135,0.022274611678994,0.761904796724252,0.999960136967505
"Selplg",570.827857980265,0.000613899814643502,0.0150444474833179,0.571275259293922,0.999960136967505
"Coro1c",195.742023993471,0.000255549009346505,0.0189030749755528,0.842785115342428,0.999960136967505
"Ung",94.3475429696774,-0.00439517281489282,0.0518549036990614,0.152776104533009,0.999960136967505
"Ube3b",96.0046384693111,0.000809456654982999,0.0267887883140451,0.638456714558408,0.999960136967505
"Gltp",282.645732507755,-0.000430401621753207,0.0173016019966429,0.717743574324726,0.999960136967505
"Git2",378.9401923126,0.000664316217530791,0.0168114450344092,0.567502822194576,0.999960136967505
"Ankrd13a",168.840301109543,-0.00027801771143736,0.0199429875135953,0.836757261996034,0.999960136967505
"2210016L21Rik",192.590539138641,0.00133856258229808,0.0250373607879795,0.399540413566492,0.999960136967505
"Sppl3",295.565217215826,-6.11258578145002e-05,0.01650200523009,0.957745661261351,0.999960136967505
"Mlec",569.855180697046,0.00036563257523652,0.013969840081811,0.723084124873987,0.999960136967505
"Pop5",334.562539591611,-0.00107925233374779,0.0199308096587923,0.412874090938643,0.999960136967505
"Rnf10",348.40369129877,0.000245768592354699,0.0155359073898298,0.823233126816441,0.999960136967505
"Coq5",118.441223271048,0.000344636869630716,0.0229829955918393,0.821432069760137,0.999960136967505
"Dynll1",1437.9051237887,-0.000667271238778198,0.0130277977871453,0.521805434979007,0.999960136967505
"Srsf9",463.5351797062,-0.00235997726663737,0.0270913009253342,0.173954778832716,0.999960136967505
"Triap1",120.333387229448,-0.0022823340913407,0.035334231068829,0.287399033995181,0.999960136967505
"Cox6a1",1333.16790693521,-0.00139728683775931,0.0180738577326978,0.272462715482501,0.999960136967505
"Rplp0",11266.7089737876,-0.000486621022745824,0.0110493800037093,0.6445822079288,0.999960136967505
"Gcn1",178.79731592837,7.00018886366715e-05,0.0191237849426654,0.957235701883834,0.999960136967505
"Rab35",271.879446069765,-0.000960152021844012,0.0202385597597499,0.471805593477,0.999960136967505
"Bicdl1",236.923567015785,9.20936617285121e-05,0.0172762000362863,0.938684174739812,0.999960136967505
"Cit",211.703725783741,0.00247496138206177,0.0324716893248874,0.215621869800332,0.999960136967505
"Prkab1",88.6855838263844,0.000216284864965371,0.0255273870834167,0.897292054962776,0.999960136967505
"Suds3",250.787810374272,-0.000189211936981363,0.0171776477993169,0.873680398043457,0.999960136967505
"Taok3",412.099113292845,0.000571391994264489,0.0161308944109104,0.612724321239923,0.999960136967505
"Pebp1",552.129906784392,-0.00132504614518915,0.0195405942691246,0.313341097498927,0.999960136967505
"Tesc",215.93511655012,0.000634138664803295,0.019649657550878,0.629589697456267,0.999960136967505
"Fbxw8",96.9469655404852,-0.000264274455949233,0.0246232163910802,0.87073294797066,0.999960136967505
"Med13l",302.109748786429,0.00174930570802717,0.0251357448728241,0.272439401182943,0.999960136967505
"Rbm19",82.3986445473832,0.00079501336401639,0.0281560101640985,0.658564085011492,0.999960136967505
"Ddx54",219.649386998906,0.000779142965583402,0.0204891180570872,0.565418170532146,0.999960136967505
"Oas3",164.296278723422,-0.000559453457474176,0.021243363443965,0.692131655666688,0.999960136967505
"Ptpn11",192.362774455648,-0.000815950003037394,0.0215173955449041,0.563635160201598,0.999960136967505
"Rpl6",12458.1621838408,-0.000553548064969344,0.0111091902753968,0.603228944707546,0.999960136967505
"Hectd4",211.429104406992,0.00127465034019327,0.0239566181734259,0.404785722426512,0.999960136967505
"Naa25",175.451721514463,-0.000261738037446827,0.0199862521115601,0.846545442249923,0.999960136967505
"Mapkapk5",99.4817476624264,-0.000686371832489473,0.0258720633339008,0.682415446707719,0.999960136967505
"Brap",118.866646830042,-0.000201859646472328,0.0225917279161784,0.893551960588524,0.999960136967505
"Atxn2",205.124968278003,0.00127885667400894,0.0240817510074772,0.405354729389892,0.999960136967505
"Ppp1cc",963.741051438387,-0.00164577820548258,0.0190369740763875,0.220534913189495,0.999960136967505
"Pptc7",154.551284999451,-0.000244101753798389,0.0205163500296171,0.860057471470235,0.999960136967505
"Vps29",386.376421795111,-0.00129436364585353,0.0210716496750146,0.347837496780055,0.999960136967505
"Fam216a",91.6355894657752,0.00113235282975673,0.029059410947808,0.536628428700356,0.999960136967505
"Gpn3",175.140703053972,-0.0024922026872339,0.0338447013426243,0.22879905874785,0.999960136967505
"Arpc3",1395.43540403559,-0.0043115375783155,0.033668111432505,0.0635440591670724,0.999960136967505
"Anapc7",93.8048923589405,0.000493610889234605,0.0255693824105832,0.767496950934525,0.999960136967505
"Atp2a2",581.382924259011,0.000657097370760328,0.0153160900229373,0.549233288701343,0.999960136967505
"Camkk2",128.054123059324,0.00177811073241304,0.0310256792709396,0.353041838691901,0.999960136967505
"Anapc5",608.487308114472,0.00130942030238025,0.0187444869681213,0.307310947897398,0.999960136967505
"Rnf34",139.972007539867,-0.000109874190437128,0.0210842035638984,0.938386323597765,0.999960136967505
"Kdm2b",225.339111966798,0.000229000445467807,0.0178486626294727,0.852027240669412,0.999960136967505
"Orai1",282.6516422336,-0.00135307809013815,0.022705523876903,0.354397651786779,0.999960136967505
"Rhof",114.587117519459,0.000365688748662544,0.0233080650156599,0.812910428472921,0.999960136967505
"Setd1b",125.481316011555,0.00044650582098361,0.0229014739473077,0.768601338571304,0.999960136967505
"Psmd9",159.557930897786,-0.000614832906072497,0.0217233140938934,0.668983631790001,0.999960136967505
"Mlxip",112.624272586331,0.00231187321970551,0.0362057958415152,0.291432021494864,0.999960136967505
"Diablo",141.078406603623,0.000627366730282691,0.0228548261611445,0.676712317429611,0.999960136967505
"Vps33a",80.0737498437177,0.00393846466139619,0.0494844673416911,0.176970301632634,0.999960136967505
"Clip1",291.352332182269,-1.60314788484472e-05,0.0162141962864474,0.988759557676842,0.999960136967505
"Zcchc8",319.963317074075,6.11251637717654e-05,0.0157242711911692,0.956135922273683,0.999960136967505
"Rsrc2",813.603893219836,-0.00147426633857214,0.0186005325699801,0.257219936650419,0.999960136967505
"Kntc1",206.288786938091,0.00145628019790005,0.0253352030577195,0.363299597543138,0.999960136967505
"Denr",684.659309984981,-0.000352217094710468,0.0134579930268907,0.728394265017877,0.999960136967505
"Vps37b",210.680572659418,-0.00173050825614257,0.0271970882214105,0.308977089073286,0.999960136967505
"Abcb9",165.810231498991,-0.0010472552272222,0.0241841476625741,0.500680657956501,0.999960136967505
"Arl6ip4",436.97068691561,-0.000620666726909894,0.0162036035409983,0.583800782311152,0.999960136967505
"Pitpnm2",144.787150611369,0.00581361326762396,0.0564592419410703,0.0960362277746413,0.999960136967505
"Mphosph9",278.14896044765,0.00492500932387398,0.0456914595111124,0.0897005295061341,0.999960136967505
"Cdk2ap1",188.051261165626,-0.00120676700753767,0.0243045176566061,0.437069122087174,0.999960136967505
"Sbno1",608.181960237884,0.000235971764845852,0.013479416838355,0.815233163367098,0.999960136967505
"Kmt5a",734.328610107612,0.000123891689339406,0.0128660959100124,0.900200609673334,0.999960136967505
"Rilpl2",89.9025470465729,0.000115485119066837,0.0253236759714058,0.944727953092909,0.999960136967505
"Tmed2",1008.84578848092,-0.00425258895562754,0.0348023101879374,0.0703739373375151,0.999960136967505
"Ddx55",132.81338580174,0.00197278771397767,0.03201711051633,0.315618623032503,0.999960136967505
"Eif2b1",86.9392011098298,-0.000854028047409252,0.0280798524004024,0.63372001414008,0.999960136967505
"Gtf2h3",123.305110657853,-0.000915097289853554,0.0253094776120809,0.574675440304207,0.999960136967505
"Atp6v0a2",182.255818312037,-0.000191070465228908,0.0198580992131032,0.887193346893112,0.999960136967505
"Zfp664",214.768207515852,-0.00131665785236367,0.0243119458291472,0.395191587233537,0.999960136967505
"Ncor2",153.584331523941,0.000178226349728309,0.0203981405349799,0.897192313093626,0.999960136967505
"Scarb1",75.7558913909423,0.00044874117123119,0.0276364415930672,0.80134576558178,0.999960136967505
"Ubc",412.913911236998,0.00109353734153072,0.0193618847300593,0.397040008058143,0.999960136967505
"Bri3bp",295.208441314868,-0.00048203440796807,0.0172297382651254,0.684252209808995,0.999960136967505
"Aacs",71.6695580626134,-0.00109608440428539,0.0311295821055956,0.572835205610175,0.999960136967505
"Ran",5007.24900759487,-0.00153758474132229,0.0150472293182754,0.218947805945912,0.999960136967505
"Sfswap",328.691844077717,0.000221094814291524,0.0158157927994557,0.842801998415799,0.999960136967505
"Mrps17",418.294983681964,-0.000876004874559325,0.0175706387638394,0.466028718229884,0.999960136967505
"Nipsnap2",138.07720990627,0.00113168889099429,0.0258202869100039,0.491770667221305,0.999960136967505
"Psph",600.150808636552,-0.000299644719285903,0.0136480776920418,0.768457100949405,0.999960136967505
"Cct6a",1517.41232204165,-0.00117038820799795,0.0149588900240209,0.313598523290333,0.999960136967505
"Chchd2",2156.15532452379,-0.00103065528057189,0.0146044136361978,0.360707982145703,0.999960136967505
"Vkorc1l1",140.267767638574,0.000153975105303438,0.0212042364238715,0.91412139482755,0.999960136967505
"Gusb",73.4897694538619,0.00110503159496869,0.0311586129601542,0.569950423229357,0.999960136967505
"Crcp",123.485799418961,0.000202178069444846,0.0223771017664936,0.892493190694364,0.999960136967505
"Tpst1",102.631539275162,-0.00521785977862785,0.0562284035298506,0.121647961709367,0.999960136967505
"Rabgef1",309.181513630805,-0.000151761314967184,0.0159720921814055,0.892590461532654,0.999960136967505
"Tmem248",179.759045684218,-0.000917046649242458,0.0230861763172029,0.540657424375778,0.999960136967505
"Sbds",352.605515552128,7.95387560553334e-05,0.015198907283651,0.941501437783078,0.999960136967505
"Tyw1",91.8743201004793,0.000967037832896754,0.0286264734473309,0.594541536183846,0.999960136967505
"Rcc1l",72.4780698436441,0.000404883013241005,0.0279246479517119,0.821983113444877,0.999960136967505
"Gtf2i",312.624188843656,0.00447052320866183,0.0421610669567075,0.0950645873311406,0.999960136967505
"Rfc2",314.100100933349,-0.000389445328369018,0.0164484214928816,0.733919986599187,0.999960136967505
"Eif4h",426.465956497139,-0.000704652658323218,0.0165117634708548,0.539641675438533,0.999960136967505
"Bud23",207.017478827428,-0.0013546838468821,0.0246778358029809,0.38758870303031,0.999960136967505
"Bcl7b",144.332295170305,-0.000638069703715101,0.0227384515935796,0.669947153203319,0.999960136967505
"Baz1b",1257.54318074663,0.00130227711648714,0.0162730630521445,0.282292476063845,0.999960136967505
"Pom121",187.183399045939,0.000862097077916533,0.0219757142546422,0.548559731741319,0.999960136967505
"Hip1",143.58582628671,-0.000712475552211724,0.0235828386205788,0.644124162867452,0.999960136967505
"Por",83.0572141653304,0.00103644663126124,0.0294481775877212,0.577006774428542,0.999960136967505
"Mdh2",1254.6305025394,-0.00032309997513979,0.0121309214804295,0.744045611179783,0.999960136967505
"Ywhag",274.704028265167,0.000123683860129148,0.0164774937508234,0.914485993487428,0.999960136967505
"Polr2j",406.062327895872,0.000274376741168432,0.01493632008838,0.79774618917031,0.999960136967505
"Lrwd1",103.498622625175,0.000243234613912541,0.024016302263199,0.878418743220597,0.999960136967505
"Orai2",92.7615356826529,0.0017382584706792,0.0331212195569682,0.392045633476516,0.999960136967505
"Prkrip1",219.344061398794,-0.00154884549723999,0.0256022467829146,0.337548875431569,0.999960136967505
"Cux1",228.369421229249,0.00218863407264182,0.0299456090057964,0.23821187512698,0.999960136967505
"Fis1",542.299917415273,0.00016598789442609,0.013916876204441,0.871313009439086,0.999960136967505
"Znhit1",268.227349736203,-0.000352545510694655,0.0171689892583549,0.766195671825896,0.999960136967505
"Ap1s1",222.196916175509,7.82961693352514e-05,0.0178732229879399,0.949319926414837,0.999960136967505
"Trim56",182.385192477709,-0.000323276514512011,0.0194982345601669,0.806703679914299,0.999960136967505
"Srrt",562.547889883244,0.000487495677903417,0.0144290283634773,0.643819536910918,0.999960136967505
"Pop7",170.931833545474,-0.000625271992203245,0.0212030670125542,0.65662997790483,0.999960136967505
"Gnb2",1258.72486578059,-0.000487937466157065,0.012631386603045,0.629447413674628,0.999960136967505
"Lrch4",89.0890083159167,0.00308090638195081,0.0428649075055969,0.227027815345993,0.999960136967505
"Agfg2",132.774131419238,0.00128903452465234,0.0272581255476181,0.453734280531001,0.999960136967505
"Spacdr",538.052300164936,0.00183084585034432,0.0227357765668604,0.22068821248001,0.999960136967505
"Ppp1r35",155.672326724209,0.000578762110103234,0.0219542882123045,0.690608422149707,0.999960136967505
"Mepce",102.061181063966,-0.000372947135030676,0.0244055051969448,0.816622586140648,0.999960136967505
"Zcwpw1",109.475948828852,0.00627590350002595,0.0614553301757324,0.0945781121862787,0.999960136967505
"Zkscan1",126.541500667573,0.000649964893285113,0.0240909661986453,0.680104044761203,0.999960136967505
"Cops6",413.112830128608,-0.000265655921608864,0.0148570720565007,0.803366977395074,0.999960136967505
"Mcm7",482.770949509894,8.11197868047563e-05,0.0139929450364862,0.937049561697882,0.999960136967505
"Taf6",92.639438588712,-0.000316170984194236,0.0253088074385039,0.849047810135532,0.999960136967505
"Lamtor4",363.057527994938,-0.000116201120164408,0.0152077347533514,0.914650568769099,0.999960136967505
"Zfp68",75.2388428136819,0.000848155985757324,0.0292411540469742,0.647446794264655,0.999960136967505
"Get4",209.963223188447,-0.000730129331249487,0.0204452698039095,0.590164200728202,0.999960136967505
"Cox19",94.5072736010435,-0.0010557510263349,0.0285075188508544,0.558788781234582,0.999960136967505
"3110082I17Rik",120.522692805776,8.32035841387732e-06,0.0224331949541573,0.995579274459278,0.999960136967505
"Gpr146",207.867487367186,-0.00121395925377837,0.0235781575348692,0.421702435681019,0.999960136967505
"Psmg3",229.998489152011,0.000667072307111819,0.019499836804073,0.609113784966849,0.999960136967505
"Mad1l1",164.501558182871,0.00189146409143207,0.0300182109761045,0.308060884174047,0.999960136967505
"Nudt1",123.593390902812,3.57353585913141e-05,0.0221708932074725,0.980817800365138,0.999960136967505
"Eif3b",487.530668026317,0.000528117795314507,0.0151086840275715,0.625692737860486,0.999960136967505
"Lfng",160.102788927624,-0.000501900781921001,0.021286819592447,0.723532244735333,0.999960136967505
"Card11",342.437833709805,0.00199440124917742,0.0262443414276852,0.230049114325194,0.999960136967505
"Foxk1",108.715372392236,0.0014944731031564,0.030271175217256,0.427314511928497,0.999960136967505
"Wipi2",102.660890325517,-0.00136962513717538,0.0301365705254947,0.466483751205652,0.999960136967505
"Tnrc18",100.542019818825,0.00206133772950249,0.0354802622358605,0.338024788913205,0.999960136967505
"Actb",24966.5363128277,-0.000559615455639822,0.0110924372110248,0.600231206615114,0.999960136967505
"Ints15",73.5075804802701,0.00114317459320367,0.031142789571256,0.556335080596236,0.999960136967505
"Kdelr2",336.766170277541,-0.000999130744780655,0.0197004721458096,0.444219742678157,0.999960136967505
"Rac1",1638.29339893943,-0.00073528732232128,0.0128907701874186,0.485311811098498,0.999960136967505
"Usp42",78.9354175176967,-5.41346062804616e-05,0.0265330703576778,0.975061125606673,0.999960136967505
"Eif2ak1",112.478648580256,-0.000558373967740377,0.0243010048302154,0.726097159386318,0.999960136967505
"Aimp2",184.793219844114,6.85287034523066e-05,0.0189562407297822,0.95781502404631,0.999960136967505
"Pms2",127.496495546109,-0.000299645344671304,0.0222140370661427,0.839918861522704,0.999960136967505
"Ccz1",246.132188725121,3.59381051359966e-05,0.0170587726923156,0.975809611583535,0.999960136967505
"Lmtk2",100.399405954603,0.000427942893397748,0.0247574246965434,0.792440543616418,0.999960136967505
"Tecpr1",260.102389295618,0.00046597011734803,0.0177569692989422,0.701274021268961,0.999960136967505
"Bri3",353.223954918933,-0.000325724461732447,0.0157012827971655,0.768767332480868,0.999960136967505
"Trrap",253.982146238051,0.000728312703887638,0.0197385381577913,0.579737097606569,0.999960136967505
"Smurf1",72.4326298674443,-0.000252152699726799,0.0281229568982769,0.889338225462421,0.999960136967505
"Arpc1a",314.149751381317,3.00183310922142e-06,0.0157507830748188,0.997847730364658,0.999960136967505
"Arpc1b",1381.47544279924,-0.00220247530203658,0.021657293262576,0.148069553261607,0.999960136967505
"Pdap1",743.327444424707,-0.00165272538021933,0.0200889847425832,0.229649490751703,0.999960136967505
"Bud31",328.380413983911,-0.000446139172521445,0.0168835043506437,0.702396234061116,0.999960136967505
"Cpsf4",135.460005167523,7.19098907958657e-08,0.0213728853489388,0.999960136967505,0.999960136967505
"Atp5j2",1751.2902366744,-8.86236900918399e-05,0.0115556948047673,0.927794950099252,0.999960136967505
"Zfp655",96.2635603958602,0.00014602222924806,0.0247971586189338,0.928884344989177,0.999960136967505
"Rnf6",159.052697376781,0.00141422020735672,0.027049015423455,0.405877558022584,0.999960136967505
"Cdk8",403.573688504146,0.00463960733176847,0.0420852067284564,0.0860521531070268,0.999960136967505
"Usp12",111.502680650229,-0.000827980925157863,0.0256422153383489,0.617059281233937,0.999960136967505
"Rpl21",6863.69425917199,0.00035103878538997,0.0109483992024904,0.735102623515102,0.999960136967505
"Gtf3a",203.11706650124,0.000410363798826676,0.0190628609101982,0.750745473566107,0.999960136967505
"Mtif3",79.1851736737545,-5.87073134125054e-07,0.0263585312328218,0.999728058806013,0.999960136967505
"Lnx2",111.434322704582,0.000655903254731914,0.0248077143004526,0.685181262589271,0.999960136967505
"Polr1d",1296.81695691582,-0.00140272394821386,0.0172196803475333,0.262393801911935,0.999960136967505
"Pan3",566.081978810972,0.00155176807687804,0.020664255848661,0.261464826418474,0.999960136967505
"Pomp",1132.3050526986,-0.00268548102430677,0.0251158167527283,0.118257322604084,0.999960136967505
"Slc7a1",588.628380128321,-0.00113027387851561,0.0177067364973958,0.356294606941994,0.999960136967505
"Ubl3",333.289472720497,-6.57052510257821e-05,0.0154768535594932,0.952293147343089,0.999960136967505
"Hmgb1",4589.36845852431,-0.000575882036793278,0.0116588806937787,0.579312193409382,0.999960136967505
"Uspl1",171.323126263354,0.00200441437796907,0.0305825849373872,0.287940494924951,0.999960136967505
"Hsph1",212.117031415618,0.00114918099197291,0.0229928384984276,0.437584644963198,0.999960136967505
"Brca2",441.892683226,0.00121226564209946,0.0194591424689607,0.351688501568053,0.999960136967505
"N4bp2l1",115.265161890754,-0.0010804990946115,0.0269869572728669,0.529337466191726,0.999960136967505
"N4bp2l2",500.842261601783,0.000577558383650996,0.0152429289061772,0.596241685103512,0.999960136967505
"Pds5b",560.833839234894,0.0021253424343589,0.0244264063564252,0.183723335111133,0.999960136967505
"Rfc3",390.868131709554,-0.0011300081381825,0.0311953988797801,0.561503640649764,0.999960136967505
"Gm20559",191.340940621667,0.000405088972802647,0.02011138331247,0.764798689086266,0.999960136967505
"Samd9l",571.340894771214,-0.00326455896623514,0.0315512764618239,0.110859662167129,0.999960136967505
"Vps50",96.3264209377958,0.00118193142952273,0.0298922977918699,0.528649510609511,0.999960136967505
"Bet1",164.115553420774,-0.00140021941845151,0.0264270668497736,0.40068286406058,0.999960136967505
"Casd1",126.058476084486,0.00168626085093644,0.0303783983170055,0.370004560127511,0.999960136967505
"Pon2",154.954709906756,0.00185227790400974,0.0308944602599848,0.330983623291992,0.999960136967505
"Slc25a13",105.951264729639,0.00323492916829667,0.0428501482770359,0.20684403380844,0.999960136967505
"Sem1",2250.05280410062,-0.00110123150013617,0.0147152328694531,0.335539699458191,0.999960136967505
"Asns",279.835310256392,0.000340106636587635,0.0169555434670283,0.772072752624499,0.999960136967505
"C1galt1",199.8088160018,-0.00010832775746664,0.0184081392277814,0.931636163475629,0.999960136967505
"Mios",88.0309062882084,-0.000319191446807908,0.0256806880559495,0.849462929139665,0.999960136967505
"Rpa3",380.822125786571,-0.000963945291603253,0.0187101194420215,0.443114462602507,0.999960136967505
"Umad1",152.566439651359,0.000318006847354897,0.0214684330273189,0.825046868844692,0.999960136967505
"Ndufa4",1843.09965882254,0.000639742617665919,0.0124873581541377,0.536902111952464,0.999960136967505
"Phf14",464.483008519316,0.0011400038361875,0.018778072427495,0.368592956390453,0.999960136967505
"Tmem106b",101.923979018589,3.20369146901558e-05,0.0239228698597903,0.983901610775994,0.999960136967505
"Tmem168",87.7476835251895,-0.000298822643867496,0.0256605446214368,0.8589162666164,0.999960136967505
"Bmt2",159.61059172652,0.00217630308451238,0.0323790431524471,0.272968939889585,0.999960136967505
"Smim30",118.146367061149,-0.000804420972525979,0.02514819121184,0.621349263075646,0.999960136967505
"Mdfic",383.590582469588,0.000413769646035421,0.0156750261921572,0.708389238841906,0.999960136967505
"Tes",783.976803060422,-0.00197074160898028,0.0225742060183966,0.191444196716583,0.999960136967505
"Capza2",1271.12717243292,-0.00284337871508117,0.0255315147169387,0.106894889772718,0.999960136967505
"St7",164.579870177839,-0.000500084596981248,0.0208684581869853,0.719793233350546,0.999960136967505
"Gm20186",197.121819315438,-0.00250006745606302,0.0334286320259038,0.222509937834855,0.999960136967505
"Lsm8",649.918348798738,-0.00686616662676389,0.0497240076648658,0.0454736219233799,0.999960136967505
"Ing3",143.95215276457,0.00038736589079116,0.0214569678965518,0.787190976222001,0.999960136967505
"Fam3c",142.38824556358,0.000583496015798481,0.0223172842462976,0.692486231024231,0.999960136967505
"Ndufa5",603.143731013243,0.0011887660107641,0.0182535487017227,0.342141224010906,0.999960136967505
"Wasl",164.37370267906,0.000487725663559915,0.0210156712635343,0.728205801964287,0.999960136967505
"Pot1a",99.2601780822856,0.0023474814447544,0.0370134205526022,0.293223011337674,0.999960136967505
"Zfp800",319.748177826539,0.000218316609815244,0.0161248590327571,0.846980385856265,0.999960136967505
"Arf5",1721.25271313575,-0.000170452512247945,0.0120067238123968,0.861532953153921,0.999960136967505
"Snd1",741.871507901415,0.00137243104542818,0.0182758640557773,0.281915413618862,0.999960136967505
"Rbm28",460.056408609473,0.000673009114305087,0.0168461154304778,0.563027668961389,0.999960136967505
"Impdh1",80.0173347349947,0.000144931423788377,0.0265330266733847,0.93327484002838,0.999960136967505
"Hilpda",71.5735859394394,0.000243208204824296,0.0278145865409203,0.892322909673127,0.999960136967505
"Calu",145.914570784915,-0.000266929923414698,0.0222083300768794,0.857271248607586,0.999960136967505
"Atp6v1f",674.475921036009,-0.000516926856053745,0.0145957545553334,0.626454129367377,0.999960136967505
"Tnpo3",379.0692766164,0.000209837521360723,0.0150767745557704,0.845578259763337,0.999960136967505
"Ahcyl2",621.034833802725,-0.00210341186033099,0.0238010513595472,0.180986195242417,0.999960136967505
"Nrf1",288.69130897184,0.000877850971207698,0.0193719305500622,0.496181136190237,0.999960136967505
"Ube2h",299.884818971184,0.000102474863097591,0.0165376342742387,0.929324561742084,0.999960136967505
"Klhdc10",155.473320269408,0.000147159444319095,0.0202570998825512,0.914561652359694,0.999960136967505
"Tmem209",208.65862921298,0.000212765062628704,0.0183178725341666,0.865416159572285,0.999960136967505
"Copg2",234.229264638136,-5.19884940272893e-05,0.0173272480572095,0.965456719464625,0.999960136967505
"2210408F21Rik",142.348109810415,0.00884668117502169,0.0713214032272652,0.0566812714019618,0.999960136967505
"Mkln1",488.157108689175,0.000194061828077294,0.0140684126378644,0.850738881815018,0.999960136967505
"Chchd3",759.336988619795,0.000212893805776223,0.0129395092844623,0.830200080721897,0.999960136967505
"Slc35b4",145.038408415921,-0.00562921012376114,0.0560817098793857,0.102205415912746,0.999960136967505
"Akr1b3",321.986909564618,-0.00376782245413981,0.0382381664289895,0.116805038995138,0.999960136967505
"Cnot4",619.81901238944,0.00305799692122688,0.0297367784819034,0.115739952041239,0.999960136967505
"Nup205",252.190743881598,0.00123509018516537,0.0226005547980858,0.396309477389039,0.999960136967505
"Stmp1",215.696666357562,-0.00340408843896539,0.0389565746120091,0.154654874631554,0.999960136967505
"Mtpn",608.295049963746,0.000247220920271682,0.0134766107021825,0.806647998702496,0.999960136967505
"Trim24",480.496938124033,-0.00234082703290139,0.0266394053422351,0.172233226712783,0.999960136967505
"Zc3hav1",1150.23960057536,0.000263959730200477,0.0121524607332391,0.788508304496206,0.999960136967505
"Ubn2",419.074631465075,0.00123222271355697,0.0199627370281653,0.352334436290083,0.999960136967505
"Fmc1",274.52598753375,-0.000335462448944427,0.0171884217517629,0.777503015985853,0.999960136967505
"Luc7l2",1583.71656016271,0.000603934639177065,0.0124759394052547,0.557417108013493,0.999960136967505
"Hipk2",358.113429569705,-0.0014685149686673,0.0224382399888566,0.311452236741455,0.999960136967505
"Parp12",94.2740834935837,-0.00726045517773505,0.0677734723488662,0.0806367115479593,0.999960136967505
"Kdm7a",79.0655799621968,-0.0012666709849728,0.0312608479501902,0.515011490108746,0.999960136967505
"Slc37a3",130.033165352407,2.59262896106966e-05,0.0218588022180938,0.985908959430033,0.999960136967505
"Rab19",102.119338639727,-0.00079052046915279,0.0266744042601904,0.645289816699287,0.999960136967505
"Mkrn1",253.797456216946,-0.000643974468511942,0.018820624933052,0.611340191488778,0.999960136967505
"Ndufb2",510.407957114738,0.000542398881412852,0.0151486200105009,0.617087181628811,0.999960136967505
"Braf",219.398820466403,0.00101714991401047,0.022529081165402,0.486052368573053,0.999960136967505
"Mrps33",537.542569956854,-0.000550455931614263,0.0148605711012185,0.608209206155424,0.999960136967505
"Agk",168.996523124801,0.000736123652011128,0.0218704861022931,0.608950956403481,0.999960136967505
"Ssbp1",616.010256449285,-0.000659988646833609,0.015001643300217,0.543332200970866,0.999960136967505
"Trbc1",1850.92785497293,-0.000906239178388159,0.0133573511494835,0.405820807132297,0.999960136967505
"Trbc2",5159.82699475371,0.000643741316521908,0.0122294358096971,0.535621995397647,0.999960136967505
"Casp2",126.943346358347,-0.0015565533743572,0.0297526323045272,0.400282551220901,0.999960136967505
"Zyx",95.2459217835567,0.000365007226804271,0.0252123595591645,0.825369720550952,0.999960136967505
"Tpk1",183.727413802516,0.0012837923919075,0.025100577274534,0.420883438437527,0.999960136967505
"Cul1",579.338826596109,-0.000598994565290628,0.0148803338293169,0.578206661759486,0.999960136967505
"Ezh2",1860.80835395537,0.00088090097612276,0.0132272113751878,0.416602620251712,0.999960136967505
"Pdia4",481.899133678552,-0.00292478493884535,0.0313500896636838,0.141224611999339,0.999960136967505
"Zfp398",135.816940309194,0.00131605001329937,0.0271793633871644,0.44268814814708,0.999960136967505
"Zfp746",86.1472498753736,0.00113693639840984,0.0296444300131898,0.541988373395458,0.999960136967505
"Gimap8",533.344065206017,-0.000882079674403214,0.0171129103191077,0.45558720122581,0.999960136967505
"Gimap9",861.637127710153,-0.00350723658255885,0.0307365803524626,0.0890056084522254,0.999960136967505
"Gimap4",1850.84489130714,-0.00317876806963488,0.0261641738352709,0.0862959288520239,0.999960136967505
"Gimap6",806.251698286685,-0.000882404651622791,0.01513211786731,0.428114280499751,0.999960136967505
"Gimap1os",156.44313723452,-0.0154303964759594,0.0976334823938742,0.0280663225737297,0.999960136967505
"Gimap1",677.110573761272,-0.000909784308518395,0.0158663903845426,0.424191298119519,0.999960136967505
"Gimap5",382.974838678061,-0.00482996741425675,0.0427472366903522,0.0804409212211612,0.999960136967505
"Gimap3",2241.61156195243,-0.0012263526749272,0.0144713052286393,0.294232034439648,0.999960136967505
"Tmem176a",141.187810862667,-0.0144059778397166,0.0955167661283681,0.0313894142659218,0.999960136967505
"Malsu1",216.584258466443,-0.000373460994665677,0.0184749098903954,0.766773836301207,0.999960136967505
"Tra2a",415.092567937028,-2.96100695238072e-06,0.014486192760712,0.997747911323512,0.999960136967505
"Pals2",381.050166069128,0.00137413633342747,0.0213452569146427,0.324645718178668,0.999960136967505
"Osbpl3",152.330517033175,0.00320035882133156,0.0400644995812644,0.187393441388724,0.999960136967505
"Cycs",1100.33215791356,-0.00797132174380056,0.0515695856809623,0.0329598863579856,0.999960136967505
"Hnrnpa2b1",5151.32466770162,-0.0015823168343326,0.0153925309068966,0.210747391341779,0.999960136967505
"Cbx3",1500.81223444502,0.00011170242522099,0.0116296660802809,0.909013080021574,0.999960136967505
"Skap2",108.552436105053,-0.00251759531214452,0.0375127314622444,0.265972253479087,0.999960136967505
"Hibadh",271.526535216193,0.00114870390028556,0.0214856370052065,0.411139479696276,0.999960136967505
"Tax1bp1",1139.63706340248,-0.00150753935542428,0.0176304974377262,0.239421914718722,0.999960136967505
"Jazf1",173.765039227519,0.00199540748322268,0.0306817152011076,0.291509736095598,0.999960136967505
"Znrf2",451.392681981472,0.00146619791997106,0.0212567178522304,0.294013049962578,0.999960136967505
"Ggct",119.042176761539,-0.0013945160818709,0.0289568064257812,0.441765458924447,0.999960136967505
"Gars",645.030346759225,0.000931661956617301,0.01614628941322,0.417827718114437,0.999960136967505
"Lsm5",1007.29563565993,-0.0025331245953889,0.0250127838823776,0.133104894110557,0.999960136967505
"Avl9",142.299283078981,0.00124595494672703,0.0264252698020372,0.456808508006939,0.999960136967505
"Kbtbd2",158.883489072733,-5.78131697146465e-05,0.0201434615741619,0.966244302480383,0.999960136967505
"Nt5c3",240.854372349206,-0.000719508202650793,0.0196964578926939,0.583764093635132,0.999960136967505
"Ppm1k",85.4300006721055,-0.00230174804168769,0.0380118852666264,0.313014227183737,0.999960136967505
"Herc6",706.46220047129,-0.00399141737512362,0.0345815237351266,0.0815146968269034,0.999960136967505
"Vopp1",86.8879811933984,0.000462055317292142,0.0262069265353846,0.786545301677718,0.999960136967505
"Abcg2",74.4115570577502,-0.00196804047353219,0.037913609577037,0.384941364902745,0.999960136967505
"Herc3",270.784327193197,0.000752623512609394,0.0191073404588254,0.556246927721628,0.999960136967505
"Tigd2",281.24318186746,-0.00233485997037428,0.0296840421314468,0.207049639394905,0.999960136967505
"Smarcad1",335.916574388258,-0.00037274468468437,0.0163117107571222,0.74343358190358,0.999960136967505
"Mad2l1",301.283158721938,0.000769950089408971,0.0184905185535105,0.536493202533805,0.999960136967505
"Gng12",348.930263754308,-0.00302769662311455,0.0430982369914691,0.236171054131348,0.999960136967505
"Serbp1",5422.04838787611,0.00015795665255244,0.0109072401195849,0.87650972507527,0.999960136967505
"Il12rb2",438.347996951191,-0.00559138767419666,0.0592885078219245,0.114261803629641,0.999960136967505
"Rpia",116.383786897965,0.00036715210764317,0.0231713481274064,0.811211100898519,0.999960136967505
"Eif2ak3",110.912911083505,-0.000920941508896329,0.0262065245652487,0.584176985329953,0.999960136967505
"Krcc1",516.867133410707,-0.000234115402476166,0.0141250797311805,0.820914987063187,0.999960136967505
"Cd8a",79.710078481988,0.000223271892049167,0.0282549476887931,0.902318091772883,0.999960136967505
"Rmnd5a",199.056291996182,-0.000707041960157165,0.0207762993063289,0.607426268880853,0.999960136967505
"Chmp3",234.883478808664,-0.000409480818603483,0.0185576551243276,0.74567436863567,0.999960136967505
"Kdm3a",196.46688301496,0.000654816768692215,0.0209055433815704,0.636851412759268,0.999960136967505
"Mrpl35",438.565246784489,-0.000500359823321106,0.0155718702577573,0.649808880313622,0.999960136967505
"Immt",591.468459979689,0.000591145777303828,0.0150341215424593,0.58503084229868,0.999960136967505
"Ptcd3",244.766912201095,0.000711429545680678,0.0195889363110616,0.586366148817128,0.999960136967505
"Polr1a",206.531801040969,0.00385895024088563,0.0419202027445569,0.134926665155257,0.999960136967505
"Usp39",205.100080956939,-0.000474152958011457,0.0194205461197755,0.717342650579944,0.999960136967505
"0610030E20Rik",109.041725857479,-0.00360440759584387,0.0450184143778488,0.18114188804082,0.999960136967505
"Rnf181",106.028441105882,-0.00128590963229094,0.028882836606171,0.4785195528765,0.999960136967505
"Vamp8",256.547031177013,7.26733891320281e-05,0.0179816063444029,0.953196756841249,0.999960136967505
"Mat2a",755.949537277133,0.000587556515640815,0.0139999401642878,0.575097655190613,0.999960136967505
"Capg",369.044397599648,0.00192455006464088,0.025334673694159,0.233191118654506,0.999960136967505
"Tgoln1",263.343008798078,-0.00120161482935924,0.0223052763028508,0.404254447129457,0.999960136967505
"Kcmf1",404.679302967768,-0.000327987678388686,0.0151528151050269,0.761594118307003,0.999960136967505
"Tmsb10",26818.9145142249,-0.00221554232394189,0.0172955814973618,0.125619255068569,0.999960136967505
"Suclg1",564.864268964367,-0.000713832556034931,0.01552013651133,0.519614631518773,0.999960136967505
"Gcfc2",107.483968633623,-0.000973162406483835,0.0268654027107621,0.570975251804386,0.999960136967505
"Mrpl19",209.417736538266,6.92849830182842e-05,0.0181822966524524,0.955796047818936,0.999960136967505
"Pole4",531.207826046782,0.000110539115678167,0.0136819619834957,0.91324933134819,0.999960136967505
"Hk2",196.944538902734,-0.000556496986841551,0.0199152537068029,0.676662161786116,0.999960136967505
"Aup1",297.805744145816,-0.000253906883584524,0.0164099694040863,0.824681925022917,0.999960136967505
"Mrpl53",278.69396070208,-0.000677999740899329,0.018409195984182,0.585578775823432,0.999960136967505
"Mogs",121.697463990813,-0.000432277988899335,0.023192388792446,0.778304356847407,0.999960136967505
"Ino80b",72.8376019667356,1.66359463307165e-05,0.0272714949289485,0.992502882568006,0.999960136967505
"Dctn1",101.855382256586,0.0013539400231346,0.0296452243006857,0.465239139597734,0.999960136967505
"Mthfd2",987.636515834263,-0.000548477264336774,0.0132682257616425,0.59336135300997,0.999960136967505
"Mob1a",425.92005785868,0.000667379351049325,0.016362704444174,0.558669552361451,0.999960136967505
"Bola3",504.870445216281,0.000539487694881618,0.0152234254774678,0.619940378340992,0.999960136967505
"Tet3",252.180418210962,-0.00159355705813413,0.0257202049028923,0.325610450777817,0.999960136967505
"Dguok",266.921938295096,0.000163995283122879,0.0166896479387038,0.887869907535409,0.999960136967505
"Stambp",123.789676930903,0.000467954669971331,0.0231945611067521,0.760302893222877,0.999960136967505
"Tex261",260.68176904777,-0.000494291120848563,0.0178611878562142,0.68524828946542,0.999960136967505
"Nagk",74.6421933939963,0.000829512519175621,0.0292337126549278,0.654733876674396,0.999960136967505
"Paip2b",92.2417088723162,0.00105063963720221,0.0286097124695798,0.561981267981483,0.999960136967505
"Zfp638",715.179937270099,6.00430032151477e-06,0.0128147726650692,0.995136623120216,0.999960136967505
"Exoc6b",278.16933224228,0.00267633241681716,0.0325171811165139,0.183967448092628,0.999960136967505
"Spr",136.347105139717,0.000398208248596714,0.0233786364795638,0.796979692672741,0.999960136967505
"Cct7",791.147082524093,-0.000871768416249845,0.0151909666972726,0.433768616399326,0.999960136967505
"Alms1",90.4694916462535,-6.19653934547225e-05,0.0251630014012211,0.970174596791845,0.999960136967505
"Tprkb",101.590172553122,-0.000688817077833435,0.0257029710274694,0.679579103375381,0.999960136967505
"Dusp11",714.076540089602,-0.00113135237190952,0.0169484184481738,0.345763773777403,0.999960136967505
"Fam136a",264.00950796899,-0.000847018476057783,0.0197108108893625,0.517557009263363,0.999960136967505
"Snrpg",3108.85268167982,0.000262476882984781,0.0111898691785964,0.794174450034298,0.999960136967505
"Tia1",323.338160357876,0.000512623652673788,0.0169340323083542,0.661000985460293,0.999960136967505
"C87436",97.0802900994973,0.000110290545883851,0.0244035669404966,0.945534855569036,0.999960136967505
"Pcbp1",1743.35185483478,-0.00113016517043341,0.0144546261964076,0.324372796013609,0.999960136967505
"1600020E01Rik",94.2215255969373,-0.00102325594493975,0.0282289907706514,0.567989328189369,0.999960136967505
"Mxd1",107.076261842559,-0.00101043685572332,0.0270264849335728,0.557912543946555,0.999960136967505
"Snrnp27",399.971984783878,-2.07605475904133e-05,0.0147443220574241,0.984393925250292,0.999960136967505
"Gmcl1",115.197266894982,0.00119904725423622,0.0276069202907273,0.492315705918869,0.999960136967505
"Aak1",748.710293497327,0.00142028828332472,0.0185465875254163,0.271300961769763,0.999960136967505
"Nfu1",258.813289568373,-0.000568807297080486,0.0183011674910287,0.646775236038827,0.999960136967505
"Gfpt1",158.616094139971,-0.00349399342559038,0.0413814031698159,0.165019794361515,0.999960136967505
"Arhgap25",181.104581275056,0.00131677053135946,0.0255569140813194,0.416256608355967,0.999960136967505
"Rab43",76.927898607966,-0.00163433623072922,0.0340631563994914,0.432244100635542,0.999960136967505
"Isy1",363.38629967547,0.000326116813802392,0.0156769929844197,0.768247357508418,0.999960136967505
"Cnbp",1970.64888903871,-0.001604233649113,0.0167032036761246,0.211638356107035,0.999960136967505
"Copg1",141.312116211253,0.000566065984004666,0.0223850122534716,0.702201662245109,0.999960136967505
"Rab7",440.865687244093,-0.00309902115288312,0.0322100154336159,0.130291321984254,0.999960136967505
"Rpn1",484.66994209688,-0.000558689491939052,0.0152569944884462,0.608232961145408,0.999960136967505
"Eefsec",273.157512682015,0.000239022021220871,0.0167320441481723,0.837318744508083,0.999960136967505
"Ruvbl1",401.734861238687,-0.000878934592572157,0.0180386446306655,0.472447037217424,0.999960136967505
"Sec61a1",227.17389194543,-0.00135056629068068,0.0242285099978926,0.381387594523299,0.999960136967505
"Mcm2",473.65272327272,0.00064078648074737,0.0158103195243433,0.565912672240723,0.999960136967505
"Chchd6",132.493353725032,0.00121418896753795,0.0266218969572574,0.471927056710639,0.999960136967505
"Nup210",344.332281911889,-0.000910240668297576,0.01867031056664,0.467958059045654,0.999960136967505
"Chchd4",166.857286325502,0.000123850835537104,0.0198836887371871,0.926896187587261,0.999960136967505
"Xpc",77.4481171350479,0.00427903120367901,0.0521952984878836,0.162677697217961,0.999960136967505
"Lsm3",398.767464399232,-0.00102820903415099,0.0188767638461672,0.41686496776971,0.999960136967505
"Slc6a6",180.143718296466,-0.000209529172429276,0.0193843654854056,0.873717941646733,0.999960136967505
"Ccdc174",248.687697246887,-0.000723029937501203,0.019303462851016,0.575434457108146,0.999960136967505
"Nr2c2",371.670448284713,0.00103982477133211,0.0191087452045189,0.415718943374796,0.999960136967505
"Mrps25",187.977187513112,-0.00134097574246128,0.0257065618622986,0.409901251467562,0.999960136967505
"Rbsn",73.148894021847,-0.00129147064049542,0.0321131632861772,0.516064734325095,0.999960136967505
"Suclg2",273.72452417669,0.00395718542217231,0.0409578854309602,0.120669877044658,0.999960136967505
"Tmf1",303.937133899548,-0.00111347209925943,0.020643579507094,0.410883712912591,0.999960136967505
"Uba3",121.812991281278,-0.000439267265025836,0.0230327890056731,0.773421948234731,0.999960136967505
"Arl6ip5",754.556038623341,-0.00795396662819771,0.0529286055545099,0.0355752880835462,0.999960136967505
"Foxp1",2568.52150323585,0.000723154564148177,0.0125970390648806,0.491852138613542,0.999960136967505
"Eif4e3",248.360205829633,-0.00504248444763123,0.0472008679079754,0.0912367773091591,0.999960136967505
"Rybp",115.926110759734,-0.00172777739809889,0.0313528528331378,0.371774367770421,0.999960136967505
"Ppp4r2",474.886157536914,-0.000392966786471904,0.0147457695338821,0.711748964846094,0.999960136967505
"Trnt1",390.172232323397,-0.000385452582254454,0.0154306260687949,0.724702546048161,0.999960136967505
"Crbn",227.346593914461,-0.000194246261226288,0.018176873923524,0.876272140369977,0.999960136967505
"Itpr1",426.441850672943,0.000202502028629784,0.0146621591512053,0.848153015279054,0.999960136967505
"Bhlhe40",257.249170078967,-0.00536589388004267,0.0507271467489337,0.0923084147042316,0.999960136967505
"Arl8b",263.140054369897,0.00053685506340825,0.0182260197232135,0.664621292530187,0.999960136967505
"Edem1",262.679643629324,-0.000439076745001918,0.0176670355180314,0.716841890583132,0.999960136967505
"Rad18",434.578112828321,-1.57916097369356e-05,0.0143274551195538,0.987905098225005,0.999960136967505
"Thumpd3",297.45257853698,7.23944933529337e-06,0.0159684978389182,0.994863483747511,0.999960136967505
"Gt(ROSA)26Sor",82.4271190724134,-0.000549170145782676,0.0270457571972697,0.753519517388115,0.999960136967505
"Setd5",873.363025635251,-0.00055299795167248,0.0134407038486234,0.591706417214393,0.999960136967505
"Mtmr14",87.5485617887524,0.00028692018347213,0.0256497557324066,0.864455984126502,0.999960136967505
"Brpf1",150.566951821125,0.00063527748480401,0.0221760904529218,0.664279455774381,0.999960136967505
"Tada3",78.247961052587,0.000429193916952925,0.027224014015331,0.807584262127857,0.999960136967505
"Arpc4",597.042375809414,0.000404580272131333,0.0140030550376117,0.695825627801406,0.999960136967505
"Jagn1",163.665474598975,-0.00163986139832541,0.0282032938630095,0.35112624489558,0.999960136967505
"Emc3",255.121684845916,-0.00068778968884623,0.0192489358664419,0.593745682090838,0.999960136967505
"Fancd2",86.8296932353929,0.00131208758047635,0.031764320170692,0.505463726876706,0.999960136967505
"Brk1",503.418171042183,-0.000522887523279323,0.0149689787060222,0.627244547627661,0.999960136967505
"Irak2",86.8953166681282,-0.00120362255068093,0.0306103498747608,0.529343420341012,0.999960136967505
"Tatdn2",79.1122359683082,0.0015896654807366,0.0333520251271313,0.437111162804179,0.999960136967505
"Sec13",388.128280653306,-0.00196119910086297,0.0256597799394001,0.229499260227141,0.999960136967505
"Atg7",82.7535319284399,0.000213409787816311,0.0260671676009397,0.900396987369593,0.999960136967505
"Vgll4",209.908357602241,9.4269088374823e-05,0.0182024114564631,0.939926365750558,0.999960136967505
"Tamm41",96.7720868341502,0.000329877755333022,0.0248373534649286,0.840035094543808,0.999960136967505
"Mkrn2",87.132296493283,-0.00126243575497892,0.0307691596411215,0.510797194887304,0.999960136967505
"Raf1",263.996319408141,-0.000649651564052567,0.0188178393423949,0.608093718724288,0.999960136967505
"Rpl32",18214.4340045112,-0.000399246145728678,0.0109949668170085,0.701581512810687,0.999960136967505
"Mbd4",110.437309803872,0.00164011720544252,0.0309812944670157,0.39215319305593,0.999960136967505
"Tmcc1",258.057980810495,-0.000242301151399456,0.0174427080792798,0.840508545775593,0.999960136967505
"Washc2",230.139938034593,0.00210316619167733,0.029336521387344,0.248079539912476,0.999960136967505
"Zfp422",80.143778933843,0.000464417678647335,0.0270145893531155,0.790726878310061,0.999960136967505
"Hnrnpf",3047.36186759471,-0.000181066490771368,0.0111084811551059,0.856669372162789,0.999960136967505
"Bms1",429.024482578296,-0.00035583764094069,0.015131359556111,0.741842562225628,0.999960136967505
"Ankrd26",184.660597140762,0.000354181958013038,0.0196431019478621,0.789777879718605,0.999960136967505
"Dcp1b",101.142604949016,0.00268141757590512,0.0391535668410269,0.25413372090037,0.999960136967505
"Adipor2",235.047911389045,-0.000110910462927427,0.0177806104172576,0.927921724958277,0.999960136967505
"Fbxl14",119.853596740118,-0.000409775977428663,0.0231045091032446,0.789012470927886,0.999960136967505
"Erc1",225.773079016264,-0.000800168558818718,0.0203180425801038,0.551788352081983,0.999960136967505
"Rad52",73.5947120724762,-0.000653479685217145,0.0286619715784391,0.721170650588582,0.999960136967505
"Ccdc77",138.223208523538,-7.1062574148834e-05,0.0211597156726884,0.960265403569719,0.999960136967505
"Kdm5a",506.951064545387,-0.0006801478168709,0.0156663250049285,0.540805996474036,0.999960136967505
"Il17ra",109.200141026776,0.00296301595286573,0.0416344808601378,0.233250186498003,0.999960136967505
"Atp6v1e1",188.119056222038,0.000284740903330726,0.0191934346175676,0.827232421470857,0.999960136967505
"Bcl2l13",83.1269976810039,0.000352510906868003,0.0263198970474852,0.837221605640224,0.999960136967505
"Mical3",98.78386660448,0.00096768156989596,0.0274091439665225,0.580055080893287,0.999960136967505
"Usp18",322.194422968351,-0.0036636641584486,0.0374707194978752,0.119643387439326,0.999960136967505
"M6pr",369.899292932099,-0.000598178750058671,0.0165696919708074,0.602924255764486,0.999960136967505
"Slc2a3",189.804502711983,0.000395916714617693,0.0194866153572493,0.763776364159488,0.999960136967505
"Lpcat3",158.775507545983,0.000596754824634029,0.0216420566332627,0.677377254883855,0.999960136967505
"Emg1",875.622138795923,-0.00125302179730207,0.0173458636081723,0.308088067523446,0.999960136967505
"Phb2",982.418536011141,-0.000763815780451789,0.0140309081752456,0.47574288859573,0.999960136967505
"Ptpn6",472.263346513195,5.58932150778412e-05,0.0140513554860275,0.956703262753023,0.999960136967505
"Grcc10",611.580808510923,0.000147838478213524,0.0138199735544715,0.884818971298413,0.999960136967505
"Atn1",84.0086064081945,0.000607328041075662,0.0270618538174283,0.728198349860675,0.999960136967505
"Tpi1",1367.84785378196,-0.00335548696376668,0.0278821920405534,0.0837599414660728,0.999960136967505
"Usp5",109.585680836809,0.00118618060626571,0.0279786162247224,0.502392472903731,0.999960136967505
"Cdca3",288.391801769012,0.00101735814670353,0.0203059367701296,0.446701785850554,0.999960136967505
"Cd4",717.906275865965,0.000337258519676237,0.0132664333843066,0.737916829862481,0.999960136967505
"Mlf2",198.406418947956,-0.000924631990392564,0.0226437605896171,0.529992868453588,0.999960136967505
"Cops7a",183.688933192111,-0.000810135355336568,0.0217416155050868,0.570100579915159,0.999960136967505
"Zfp384",92.2956416218154,0.000325339663093487,0.0252289543352486,0.844288666111992,0.999960136967505
"Ing4",133.96017370008,5.97484837482069e-06,0.0213896995397625,0.996690151859404,0.999960136967505
"Chd4",1457.63812137142,0.00178255807493866,0.0184823080182327,0.189109015955233,0.999960136967505
"Nop2",170.15455442712,0.00080887972205738,0.022411085160289,0.58115554764873,0.999960136967505
"Gapdh",4894.4678315252,-0.00348718202061823,0.0256485540694727,0.0680249803105455,0.999960136967505
"Ncapd2",345.243844202367,0.0027510941880507,0.0319343802563363,0.167571929505531,0.999960136967505
"Mrpl51",419.636888378048,0.000765590230280292,0.0169374843659502,0.51277698321965,0.999960136967505
"Tapbpl",139.693123628674,-0.0116938951090717,0.084790281768713,0.0409129549946736,0.999960136967505
"Cd27",94.1052830240486,0.00096960282565452,0.0279174994267541,0.585411452467733,0.999960136967505
"Tnfrsf1a",74.5536283070251,-0.00138659755889069,0.0326144463346582,0.490701249627273,0.999960136967505
"Cd9",139.195406920729,-0.00222422405444764,0.0340647459408117,0.28422945182889,0.999960136967505
"Ndufa9",322.517139440186,-0.00116260256905686,0.020725979265403,0.392134663727703,0.999960136967505
"Rad51ap1",278.422971983359,-0.000392614948375988,0.0171876061512357,0.740508113140755,0.999960136967505
"Ccnd2",1851.57361905205,-0.000418460072194507,0.0118069086781275,0.677222471486095,0.999960136967505
"Parp11",393.168347677919,-0.00592049355193597,0.0482087329994996,0.0629797724923705,0.999960136967505
"Tulp3",80.7336495171405,-0.000489936390643475,0.0270353928866469,0.779555790225566,0.999960136967505
"Rhno1",126.284286009269,0.000549309881356491,0.0231522734331819,0.719046862897239,0.999960136967505
"Foxm1",98.1504874467477,0.000615614366908599,0.0257003320363093,0.712630837224894,0.999960136967505
"Itfg2",71.7219935911841,-0.0012161067273876,0.0319101716696921,0.539109888556797,0.999960136967505
"Fkbp4",349.480064727807,-0.00476052288628778,0.0430699226055055,0.0850426200895642,0.999960136967505
"Clec2d",171.899945754486,0.000521973672759848,0.0212010314734939,0.711740865071401,0.999960136967505
"2310001H17Rik",172.469645800808,-0.000132663804823073,0.0197734490411938,0.921320819068384,0.999960136967505
"Cd69",631.060850109292,-0.00297387590970918,0.0293653690042978,0.120652117142617,0.999960136967505
"Gabarapl1",87.3496923848634,-0.00262706238941708,0.0399453446906017,0.270986977269916,0.999960136967505
"Magohb",165.455836522911,-8.17224484677811e-05,0.0197302283988744,0.951417681519112,0.999960136967505
"Ybx3",849.267268559802,-0.00732978286007748,0.0489906889073585,0.0364411590792146,0.999960136967505
"Smim10l1",136.40765664659,-0.00158331234531666,0.0292719102138573,0.384837232014113,0.999960136967505
"Etv6",700.636488562958,-0.00216144083196445,0.0236092005072496,0.169882312437942,0.999960136967505
"Lrp6",160.796923212548,0.000255572948348088,0.0202211222468455,0.85165339650479,0.999960136967505
"Cdkn1b",275.321845680296,-0.000127115137111161,0.0173167271032918,0.915575405106791,0.999960136967505
"Lockd",479.672900989792,0.00646046231207032,0.0519819999579738,0.0602904937203045,0.999960136967505
"Ddx47",203.276390733026,-0.000613666580305926,0.0201556491270368,0.648288824945629,0.999960136967505
"Atf7ip",452.820189591546,0.00122582664253077,0.0194161181414735,0.346001290768349,0.999960136967505
"H2aj",814.569777401604,-0.00139145961122479,0.0180981607267212,0.274382592713639,0.999960136967505
"Wbp11",500.69465015085,0.000819134554831516,0.0165301684058883,0.478053722289156,0.999960136967505
"Arhgdib",3087.90927327992,-0.000844689731638044,0.0124742253333687,0.4345212812954,0.999960136967505
"Eps8",98.7096981862867,0.000261575916014028,0.0247388032207201,0.87255437648512,0.999960136967505
"Strap",607.579571754887,-0.0015439421376084,0.0203010455820051,0.258891576795775,0.999960136967505
"Dera",232.084398047936,-0.00444211580275523,0.0446350345133812,0.110259211276141,0.999960136967505
"Plekha5",226.623379512267,0.00863188790633998,0.0660436806616073,0.0508976027140593,0.999960136967505
"Aebp2",730.756763487243,0.000220000086623264,0.0129569575276544,0.824753367624658,0.999960136967505
"Pyroxd1",76.9454644776947,0.000253366739788278,0.0272383181588563,0.885970019037731,0.999960136967505
"Recql",129.573458138584,0.000439657668436561,0.022513324594276,0.768705049180331,0.999960136967505
"Golt1b",173.474639153271,0.000127682071383342,0.0206260756582854,0.927017893611761,0.999960136967505
"Cmas",339.885939994401,-0.000323194885667276,0.0158699540735485,0.772232758927698,0.999960136967505
"St8sia1",260.933789352083,-0.000656985065062287,0.0188074039371104,0.603801391357752,0.999960136967505
"C2cd5",233.463184875256,0.00243384591262113,0.0314645277374598,0.210866225292419,0.999960136967505
"Etnk1",596.785103825323,0.00125684896970296,0.0184919068868472,0.321386806885285,0.999960136967505
"Bcat1",188.788181146165,0.000970696320786246,0.022501680230077,0.506482786768148,0.999960136967505
"Irag2",388.429800000183,-0.000467520810372347,0.0157875866629747,0.674113625287959,0.999960136967505
"Kras",983.370335554695,0.000555205286653642,0.0132582609854582,0.589077158781502,0.999960136967505
"Itpr2",599.122925668664,0.000435013961184313,0.0140407689480268,0.675073598415463,0.999960136967505
"Ints13",135.795055354727,-0.000385331614423323,0.0219259473089773,0.792235349467268,0.999960136967505
"Fgfr1op2",524.656848210177,-0.000324307381188863,0.0141234670111173,0.754293156524283,0.999960136967505
"Med21",369.141090927797,-0.000464351343606093,0.0160270717592721,0.679355909010893,0.999960136967505
"Mrps35",286.080267547558,-0.000232091678964036,0.0165491393615354,0.840627332008384,0.999960136967505
"Ergic2",343.521895786591,-0.00340789347791322,0.0354089680008719,0.126201172836422,0.999960136967505
"Ipo8",207.402238104512,-1.24739045035807e-05,0.0182117336022237,0.992050541686116,0.999960136967505
"Sinhcaf",299.061174307978,0.00140518995401183,0.0227383575128931,0.336966925981679,0.999960136967505
"Amn1",116.754893826024,-0.000237640823605119,0.0228789292506649,0.87611952340929,0.999960136967505
"Resf1",789.881625796787,-0.000719130342932196,0.0148047937603071,0.50735328783624,0.999960136967505
"Ndufa3",483.021118077514,0.00011668959344023,0.0140132005051264,0.909641237474443,0.999960136967505
"Tfpt",85.1400865730797,-0.000320074817376664,0.0260248777006701,0.850707566533609,0.999960136967505
"Prpf31",261.177787337184,1.97890430473768e-05,0.0167718582416836,0.986493601640959,0.999960136967505
"Cnot3",266.71569729271,0.000218740960272733,0.0169675154896039,0.852647782574364,0.999960136967505
"Mboat7",102.613577261122,-0.000294079680667555,0.0242057674782846,0.854123507132396,0.999960136967505
"Rps9",11688.5636848589,-0.000772378212953594,0.0115871639781693,0.478350399086891,0.999960136967505
"Lair1",77.4973402497059,0.00205398984068821,0.0367434847065864,0.353620250506059,0.999960136967505
"Leng8",90.5382770146414,-0.00028846137200837,0.0254214274925522,0.862710707303784,0.999960136967505
"Ppp1r12c",158.588083489791,-0.000306863916884343,0.0204572328537682,0.823883715740821,0.999960136967505
"Ppp6r1",326.908587814109,0.000905771662516185,0.0190251537458453,0.47633624845716,0.999960136967505
"Hspbp1",294.486028707695,7.0731240241039e-05,0.0161610446813303,0.95030173831263,0.999960136967505
"Tmem238",198.203853727131,0.000478681689941259,0.0196103119579482,0.717014903445193,0.999960136967505
"Rpl28",12996.087635813,-0.000666478267842918,0.0115358846774588,0.531412613711979,0.999960136967505
"Ube2s",129.298048483006,0.000183322435202205,0.0218234021285652,0.900335515886468,0.999960136967505
"U2af2",452.752206853724,0.000376789796734654,0.0148084248436419,0.723710748828304,0.999960136967505
"Epn1",133.210566145092,0.00154886021977528,0.0291039661288946,0.393146703912822,0.999960136967505
"Zfp329",93.0641388511132,-0.000616874467095329,0.0265838201019573,0.719999739217527,0.999960136967505
"Zfp110",118.018649774893,-0.000474631460838304,0.0240387026590775,0.764288096235076,0.999960136967505
"Rps5",9897.85712608306,-0.000676387358346013,0.01148057689553,0.527375640531564,0.999960136967505
"Trim28",312.274105024819,0.00261178077026806,0.0310884118059116,0.178312638411887,0.999960136967505
"Chmp2a",696.114353399026,-0.000743630779602957,0.0148841731141754,0.494964395209191,0.999960136967505
"Ube2m",501.287478571656,-0.000468610108741288,0.0148262234439078,0.661109445578133,0.999960136967505
"Lig1",596.695366276366,-0.000259992339374673,0.0138101693240022,0.799255783042018,0.999960136967505
"Selenow",1714.81203910886,-0.000258602831222331,0.0120706401257728,0.792593269850115,0.999960136967505
"Nop53",654.464892899489,0.000513697815934618,0.0143011229981274,0.625126807262204,0.999960136967505
"Bicra",88.5785279577168,-0.000248678926439867,0.0255714993468859,0.882139475961486,0.999960136967505
"Napa",161.825470569583,-0.00271566687060571,0.0360790931168447,0.216380715429611,0.999960136967505
"Ccdc9",137.903582428639,0.00181065604421457,0.0305911712676444,0.33787027762866,0.999960136967505
"Bbc3",158.990726040818,-2.09661893425596e-05,0.020152141300454,0.987761571619649,0.999960136967505
"Sae1",712.666325592937,0.000393431103607341,0.0134337287090071,0.698633041448748,0.999960136967505
"Zc3h4",228.248829280976,0.00167805548604396,0.0264632278857951,0.312416450426066,0.999960136967505
"Tmem160",355.062127485921,-0.00255391364850531,0.0300005798971918,0.175351573018215,0.999960136967505
"Arhgap35",144.407353871684,0.00181177267032749,0.0306685818222729,0.338678652225725,0.999960136967505
"Ap2s1",629.311192293686,-0.00473816326674895,0.0400646920266918,0.0725855406271235,0.999960136967505
"Slc1a5",395.92471764944,-0.000303505614955221,0.0152368228389046,0.779699284274034,0.999960136967505
"Strn4",94.2946811850095,-0.000141813135538629,0.0248221931688702,0.930990405944545,0.999960136967505
"Prkd2",213.829223900276,0.00148335036159057,0.0252724904416216,0.353228049381802,0.999960136967505
"Calm3",715.230014326372,-0.0010532055640318,0.0164964387907603,0.370320638120447,0.999960136967505
"Ppp5c",171.192644170784,-0.000411166173393457,0.0206460436453136,0.766642142275012,0.999960136967505
"Sympk",109.033914006111,0.00103594281278358,0.0270414475454664,0.547846633086953,0.999960136967505
"Snrpd2",1224.87547720835,-0.000994850381882691,0.0147660892386149,0.375871712309632,0.999960136967505
"Opa3",75.2149548065466,0.000927877354701323,0.0298678084329083,0.622446771034631,0.999960136967505
"Vasp",758.006872034254,0.000537310669658631,0.0139485543049348,0.606111230246101,0.999960136967505
"Polr1g",256.784033699173,0.000815652009483822,0.0202439584766659,0.542639543053176,0.999960136967505
"Trappc6a",224.115109321836,-0.00107474153610327,0.0222048654761112,0.455123466559799,0.999960136967505
"Gemin7",124.505239140215,-0.000549426444142193,0.0233351619046008,0.720878908068617,0.999960136967505
"Relb",300.869616759137,-0.0130448301328416,0.0798324364024767,0.0274998819523772,0.999960136967505
"Clptm1",149.489577162645,-0.00133382927428138,0.026695432109267,0.428631451979835,0.999960136967505
"Tomm40",362.369476523863,-0.00178705001006117,0.0245957217993179,0.255073091433586,0.999960136967505
"Igsf23",119.099445131327,-0.000727050737904604,0.0245529347752302,0.649265604981813,0.999960136967505
"Zfp180",76.4509727748807,-0.000895065831269653,0.0293793691260929,0.630396817231967,0.999960136967505
"Kcnn4",157.75455675651,0.00401216433024088,0.0449724148257722,0.143041926262364,0.999960136967505
"Tmsb10b",132.272708307989,-0.00187203800838578,0.0316919856842406,0.336938616693879,0.999960136967505
"Rps19",14617.5979122176,-0.000183577127738552,0.0108284697600602,0.858109695437619,0.999960136967505
"Arhgef1",678.265077668181,0.00113541802388581,0.0173589610813728,0.349552210506292,0.999960136967505
"Rabac1",388.468578513249,0.000287080653660129,0.0152491443525029,0.79145313835224,0.999960136967505
"Pou2f2",121.312886054814,-0.000511645904768869,0.0235115551982574,0.74136628296124,0.999960136967505
"Gsk3a",98.3354802786611,-8.92077273327829e-05,0.0242582322948388,0.955714991828168,0.999960136967505
"Exosc5",215.378537990794,-0.00115107094853125,0.0232185378043636,0.440753208315538,0.999960136967505
"B9d2",97.4823100421632,-0.00104432841613094,0.0281140257644285,0.558375432358455,0.999960136967505
"Tgfb1",442.589318050063,-0.000820025418547661,0.0173170077393699,0.490196265136989,0.999960136967505
"Hnrnpul1",801.769044962601,0.00538981492930821,0.0410571875403075,0.0546155699850828,0.999960136967505
"Rab4b",238.323757664931,-0.000565566066892307,0.018786936030647,0.655761209819093,0.999960136967505
"Snrpa",508.428911563394,-0.000969427658627557,0.0176815473105526,0.423412682123384,0.999960136967505
"2310022A10Rik",75.3533141504936,0.000704349133245767,0.028711539065032,0.700626873639672,0.999960136967505
"Akt2",196.022845228981,0.000769718527342424,0.0210130479402935,0.57874606739285,0.999960136967505
"Psmc4",597.406087630291,-0.00119741681086695,0.0180922471218153,0.33671740355123,0.999960136967505
"Fbl",1117.3732509285,0.000154006931852079,0.0120490497592694,0.874669272615042,0.999960136967505
"Timm50",216.528314828967,-0.000120636012457831,0.018106902096939,0.922804596625991,0.999960136967505
"Supt5",350.163848821855,0.000846733401183866,0.018348448632392,0.493954523533677,0.999960136967505
"Rps16",20126.4025083324,-0.000182759165582799,0.0106811563665694,0.861190652979532,0.999960136967505
"Zfp36",85.0618446445992,-0.00790993728632528,0.0722694707367748,0.0735963375982907,0.999960136967505
"Med29",118.091240889313,0.000211267778854884,0.0229727358710387,0.890214528371312,0.999960136967505
"Paf1",121.715419664529,-0.00104884518735678,0.0262328779877671,0.531409151771413,0.999960136967505
"Gmfg",618.991914577696,0.000368301704969591,0.0137388250519666,0.719091905556639,0.999960136967505
"Fbxo17",174.397485637974,0.00300180774237925,0.0376944176096548,0.191016093200741,0.999960136967505
"Mrps12",175.030125560206,0.000232582089979141,0.0196064426172359,0.861263682709435,0.999960136967505
"Nfkbib",122.039423068307,-0.00128954672469568,0.028244860293864,0.468221397115869,0.999960136967505
"Sirt2",99.6899634290225,-7.52462092880269e-05,0.0245556053451262,0.963028832880382,0.999960136967505
"Rinl",360.157665536835,0.000663374421873155,0.0170435543682845,0.57175452306062,0.999960136967505
"Hnrnpl",1034.35921166614,7.36678375462652e-05,0.0121258442140288,0.939698851508319,0.999960136967505
"Ech1",248.687517072444,-0.000166151468164256,0.0171025249498814,0.888611860121945,0.999960136967505
"Actn4",538.033401309813,-8.12749151306267e-06,0.0135807084042499,0.993580554419234,0.999960136967505
"Eif3k",1058.83685940579,-0.00096146519266691,0.0148959656270226,0.390683662218319,0.999960136967505
"Map4k1",135.57553278633,0.000800782305121777,0.0241746320024748,0.610351766083331,0.999960136967505
"Psmd8",767.803847341536,-0.00424944403474825,0.0358743566727869,0.0751508729199886,0.999960136967505
"Yif1b",136.021003168721,-0.000441102917771555,0.0225424260903289,0.768214986546392,0.999960136967505
"Spint2",286.383015694424,-0.000169137535106231,0.0169794230243375,0.885953542382234,0.999960136967505
"Zfp84",98.9904322497579,-0.00019627072877529,0.0243417603416662,0.902950222981452,0.999960136967505
"Zfp568",73.3279187249164,-0.000582685646805631,0.0289100649215309,0.752223924857074,0.999960136967505
"Zfp260",122.075357769429,0.000960066325664467,0.0256018413259685,0.559424573489651,0.999960136967505
"Capns1",236.003782464564,0.000268749896099773,0.0177741749410447,0.825968926496698,0.999960136967505
"Tbcb",216.10941660717,0.000254013787446979,0.0182584308563982,0.839065740780288,0.999960136967505
"Polr2i",165.861198754532,-0.000781299134484773,0.0224616516819911,0.595331562718098,0.999960136967505
"Sdhaf1",181.408311388632,-0.00889746532923132,0.0691626271513445,0.0524236830331092,0.999960136967505
"Hcst",328.661184830591,0.000276076893197628,0.0160341455557788,0.806262215555439,0.999960136967505
"Lin37",76.9990138529602,-0.000952496039054321,0.0296328004413733,0.610763093073957,0.999960136967505
"Psenen",478.81295601613,-0.00052810097224313,0.0154740949480518,0.630608929335861,0.999960136967505
"U2af1l4",103.694835835721,-0.00133527137359383,0.0306437750128921,0.484532122431347,0.999960136967505
"Igflr1",80.9168848708381,2.30951143274678e-05,0.0262261133309864,0.989258008106305,0.999960136967505
"Kmt2b",118.678833390391,0.00322963168621022,0.0417427488301262,0.198342012385118,0.999960136967505
"Cox6b1",1520.13080604705,0.000948061235479937,0.0141169373220108,0.390766360451879,0.999960136967505
"Rbm42",281.954688179238,8.45614882111637e-05,0.0163127979316184,0.941028025528383,0.999960136967505
"Tmem147",321.122671763203,-0.000380006733721199,0.0163128107223817,0.738603232863173,0.999960136967505
"Usf2",174.505408433383,0.000586334303937948,0.0208283274716997,0.672402014274173,0.999960136967505
"Fxyd5",2108.31875269881,-0.00122151106048306,0.0158500386215375,0.303387488116138,0.999960136967505
"Gramd1a",125.138314409926,-0.000128928604357016,0.0222210259348147,0.930965542431941,0.999960136967505
"Uba2",429.587896282636,-0.000727044892092446,0.0166588553583683,0.529418510594349,0.999960136967505
"Pdcd2l",92.3837064685008,-0.00156666283589528,0.0319709004680876,0.427320540007395,0.999960136967505
"Gpi1",624.638102530457,-8.43161873937341e-05,0.0132127637592951,0.932635023221843,0.999960136967505
"Garre1",113.081295405027,-0.000799362076733572,0.0253705275168677,0.626361877860542,0.999960136967505
"Lsm14a",426.847053750524,-0.0007570313891857,0.0167891597738413,0.5150194234057,0.999960136967505
"Pepd",75.9381495310839,-0.000340553759526658,0.0280054267125055,0.850343020542339,0.999960136967505
"Cebpg",316.303629764405,-0.00104890381605836,0.0200276007647549,0.427728948699721,0.999960136967505
"Gpatch1",121.079892478478,0.000266443515960282,0.0226923843540279,0.860181856166578,0.999960136967505
"Cep89",90.298013363584,0.00341975362566966,0.0452677663987609,0.202977879218776,0.999960136967505
"Nudt19",218.481385558875,-0.00128936704097831,0.0239023321341561,0.398290430245163,0.999960136967505
"Ankrd27",78.143169242745,-8.68319100739779e-05,0.0265191243627516,0.959987402099924,0.999960136967505
"Pdcd5",704.239878670982,-0.00208158728032452,0.0240039064283774,0.186749441884325,0.999960136967505
"Zfp507",150.090199493817,0.00117133460539502,0.0254845966539425,0.470689725152856,0.999960136967505
"Uri1",492.178245500307,0.00180436392449119,0.0229990763482171,0.229697503785961,0.999960136967505
"Ccne1",225.207466324764,-0.000656555586852677,0.0202721956269779,0.626654486222912,0.999960136967505
"1600014C10Rik",116.960851963548,-0.00244374799632187,0.0366558055392007,0.270406423511593,0.999960136967505
"Zfp141",107.681852899216,-0.0023226296200584,0.0361849323353359,0.288993061511969,0.999960136967505
"Nkg7",95.5208900796738,0.000457991911015512,0.0422908792568605,0.835543059421426,0.999960136967505
"Etfb",546.82036842298,-0.000194443479002535,0.0137107130842046,0.848380266448608,0.999960136967505
"Klk8",212.963652961229,-0.000396765094242502,0.0192624616187667,0.760954443365756,0.999960136967505
"2410002F23Rik",158.336026733368,-0.000133526892818869,0.0201097204399797,0.921967652231623,0.999960136967505
"Josd2",172.507164324886,-0.000205110550644624,0.0197867922134842,0.878553752707074,0.999960136967505
"Emc10",249.621843775295,0.000259381665129389,0.0174776606116001,0.829648962778829,0.999960136967505
"Pold1",123.855952248241,0.000663753863112286,0.0241873720344453,0.674642565766433,0.999960136967505
"Nr1h2",99.1280537037066,-0.000866639409934597,0.026853088824054,0.615014980936571,0.999960136967505
"Vrk3",135.633690869293,0.000431801569190383,0.0222115841599802,0.770108891596518,0.999960136967505
"Atf5",180.52833268733,0.000569348573537658,0.0205155907575354,0.67751491864698,0.999960136967505
"Nup62",160.797936460442,0.000693190774886849,0.0223230903373737,0.636944514075973,0.999960136967505
"Pnkp",91.7516083229162,-0.000435792578408184,0.0255985863370886,0.794544761971014,0.999960136967505
"Ap2a1",74.9498975857006,0.000805306874031827,0.0290591469811936,0.662773482378972,0.999960136967505
"Prmt1",831.912757887478,-0.00158690749121625,0.0192290980716576,0.235787856085691,0.999960136967505
"Irf3",109.13283837534,0.000888100551430728,0.0261210838612875,0.597030948944816,0.999960136967505
"Scaf1",92.6009300209474,0.00189335786857831,0.0341615032764752,0.363499406390264,0.999960136967505
"Nosip",103.894479163946,0.000789497107321715,0.0259964743390113,0.63814701280585,0.999960136967505
"Rps11",12347.0629114131,-0.000493639025712345,0.0112924263656157,0.634630692824368,0.999960136967505
"Rpl13a",12452.6708932994,-0.000359956966327167,0.0108400431711366,0.731817185162521,0.999960136967505
"Flt3l",229.244270976568,-0.00161456852341782,0.0260349553596679,0.324315424437507,0.999960136967505
"Pih1d1",166.045511831158,-0.000453500350966481,0.0206852881842746,0.743453983801947,0.999960136967505
"Cd37",548.511603198425,0.000341639936947602,0.0142048289329975,0.742506586642579,0.999960136967505
"Snrnp70",1290.17072002814,0.000649362136501583,0.0131322265223766,0.532216810187461,0.999960136967505
"Ruvbl2",243.102220727775,-0.00134380258821048,0.0240206471266528,0.380261157683761,0.999960136967505
"Ftl1",3001.02896960418,0.00274770215804989,0.0226423729276699,0.099379031186142,0.999960136967505
"Bax",2012.24863020879,-0.00338317238531585,0.0265886683588507,0.0765598876369205,0.999960136967505
"Nucb1",511.599619590652,9.85977847211412e-05,0.0143127265810531,0.924555127080756,0.999960136967505
"Ppp1r15a",94.68032317826,0.00157690931192124,0.0323723671696614,0.429245787080599,0.999960136967505
"Bcat2",185.027449966318,-0.000647064679900921,0.0208544318012461,0.640232802705039,0.999960136967505
"Rpl18",10812.3430773771,-0.000357716087184218,0.0109665549631268,0.730122576227783,0.999960136967505
"Cyth2",91.209398651112,0.000693810009780277,0.0266608803488651,0.68694749524368,0.999960136967505
"Kdelr1",213.020009845812,-7.42263380681269e-05,0.0181747791323292,0.952628662399734,0.999960136967505
"Emp3",312.465790866585,0.00670306616572472,0.0540174633594456,0.0602207891164741,0.999960136967505
"Nomo1",74.5104604038199,8.05478012952149e-05,0.0276674537432503,0.964120398615466,0.999960136967505
"Saal1",102.642124693128,3.33733359333007e-05,0.0238385611985448,0.983179168037192,0.999960136967505
"Hps5",74.6118222454659,-0.00167279426397503,0.0352804146266496,0.434362757902282,0.999960136967505
"Gtf2h1",306.229560232968,-0.00287909004515614,0.0328508301003139,0.160021659243118,0.999960136967505
"Ldha",4287.06284915817,-0.00235637693824534,0.0195803477439265,0.119285116189042,0.999960136967505
"Tsg101",262.695509406676,7.72444421659383e-05,0.0169378443573516,0.9477210898615,0.999960136967505
"Uevld",81.9690251100265,0.00214663812287371,0.0369405884755061,0.334797965848374,0.999960136967505
"Spty2d1",106.246046955349,-0.00229952184812973,0.0365713068995494,0.298098337353135,0.999960136967505
"Zdhhc13",76.8535939744061,0.000673218578209609,0.0282283193482774,0.709583952473728,0.999960136967505
"E2f8",196.710438745002,-0.000248273955991264,0.0187565461864817,0.846214874051634,0.999960136967505
"Htatip2",126.035433742019,-0.000262512774860823,0.0224472757874648,0.860925665097894,0.999960136967505
"Prmt3",237.234477281078,0.00168631228544892,0.0261448827624519,0.305049794737789,0.999960136967505
"Tubgcp5",199.922636620652,0.000262468188292911,0.0192312650153353,0.840918229383306,0.999960136967505
"Cyfip1",88.429526884422,0.000897498785187907,0.0280295879344051,0.615587680304391,0.999960136967505
"Nipa2",282.962566256754,-0.00026369765940636,0.0166299766862243,0.819864131622337,0.999960136967505
"Herc2",267.55384182507,0.00161540959199464,0.0248527115378906,0.305178179742573,0.999960136967505
"Atp10a",634.412719798325,-0.000179232948600473,0.0132928481801394,0.858026500336625,0.999960136967505
"Ube3a",768.144031656496,0.000497461584541044,0.0135563551761889,0.628399718055065,0.999960136967505
"Klf13",599.873592041658,0.000548688303951453,0.0145188492795877,0.605113470045546,0.999960136967505
"Mphosph10",495.780184324708,-0.000525423752430865,0.0151813414868567,0.62838335678778,0.999960136967505
"Nsmce3",162.060721536078,-0.00210898392629893,0.0324086286415583,0.288409380868356,0.999960136967505
"Tm2d3",141.954523339695,-0.000835033018784442,0.0237576616671584,0.588719912424591,0.999960136967505
"Snrpa1",770.95275967247,-0.00153707982307457,0.0192047148224753,0.247678167645624,0.999960136967505
"Selenos",656.40434333971,-0.00362669817128305,0.0447216956542325,0.176729251124543,0.999960136967505
"Chsy1",147.994043756782,0.000418933942552806,0.0213665977357725,0.769238792425293,0.999960136967505
"Asb7",71.5165706510701,-0.00023904963143351,0.0276354415898304,0.893616535540817,0.999960136967505
"Mef2a",423.149938347076,0.00127883424579526,0.0201184436665269,0.337930073895143,0.999960136967505
"Lrrc28",91.4364676399084,0.00238804976075529,0.0381786750776244,0.297505932654616,0.999960136967505
"Fam169b",549.618261084535,-0.000149614291734067,0.0136555637117332,0.8827169782994,0.999960136967505
"Mctp2",82.0126769862667,-0.000744883042963248,0.0280019199736941,0.677802882524608,0.999960136967505
"Chd2",791.955334352314,0.000503734444656036,0.0135634273874841,0.624333305157765,0.999960136967505
"Chaserr",754.847396382971,-0.000655252520471875,0.0142525834805234,0.537257815896547,0.999960136967505
"Slco3a1",551.261915935103,-0.00494658943285231,0.041976716527676,0.0723482950661749,0.999960136967505
"Akap13",1511.90205518226,0.00139877825839622,0.0168031415636401,0.259854101325479,0.999960136967505
"AU020206",1219.99591911376,-0.000311103628125393,0.012145058331546,0.752934544504836,0.999960136967505
"Mrpl46",188.366742848206,-0.000681604735723604,0.0210264662625726,0.624499061694466,0.999960136967505
"Mrps11",156.935944366093,-0.000730499586326816,0.0224092892353067,0.619551583434407,0.999960136967505
"Det1",75.3657426342984,-0.000520678072120898,0.0279013663181169,0.771812209075727,0.999960136967505
"Aen",132.427288455011,0.000585646534428474,0.0230341603583856,0.699618994650812,0.999960136967505
"Isg20",563.124392748315,-0.00348563746446911,0.0505024912068393,0.223745868346163,0.999960136967505
"Abhd2",157.612058084495,0.000630541768365709,0.0219070302916108,0.663231874732796,0.999960136967505
"Polg",74.1422180425755,0.000161959894314667,0.0274329454827968,0.927421296405906,0.999960136967505
"Ticrr",134.711735174978,0.000255078300200264,0.0216088454563326,0.860277557113955,0.999960136967505
"Ap3s2",77.650826734892,0.000690403045495714,0.028264558612831,0.702724084619956,0.999960136967505
"Zfp710",74.3459923563568,0.00392949001022357,0.0500450353144119,0.180626705411367,0.999960136967505
"Idh2",131.05402322615,-0.00145316305294482,0.0286687782763964,0.417757112258757,0.999960136967505
"Cib1",229.691080416387,-0.000481237905115088,0.0186358337983884,0.703377964538243,0.999960136967505
"Ngrn",156.167751353159,0.00038836022273243,0.0208719019046985,0.781475696682734,0.999960136967505
"Prc1",859.650178800115,0.00598008575123636,0.0447479178090414,0.0508040458206708,0.999960136967505
"Man2a2",103.254683103128,0.00121341196183451,0.0287583000918776,0.502935103633152,0.999960136967505
"Blm",362.641796464702,-0.00145126241359767,0.0220926254975869,0.311429507814999,0.999960136967505
"Crtc3",240.7871218205,0.000736477838784345,0.0196238056867813,0.573496099911454,0.999960136967505
"Iqgap1",938.542258080323,0.000587162262724668,0.013476779388772,0.570817209522487,0.999960136967505
"Sec11a",783.03486895931,-0.000477086795189481,0.0134660467242801,0.641195570841572,0.999960136967505
"Zfp592",167.930645280062,0.00136006592676913,0.0259542662287682,0.407124060125275,0.999960136967505
"Rps17",6610.14084852053,-0.000428245860337142,0.0111841215873065,0.678348995741004,0.999960136967505
"Whamm",75.6183923050693,-0.00100174668911128,0.0301230880661848,0.597100203563019,0.999960136967505
"Ramac",166.910343206361,-0.0009379369504215,0.0232093473301083,0.533083003629153,0.999960136967505
"3110040N11Rik",108.063501286164,-0.000913439264525131,0.0266456864548576,0.592906861372592,0.999960136967505
"Btbd1",423.208637308332,-0.000814758800633538,0.0176956718344566,0.49926109947176,0.999960136967505
"Tm6sf1",209.418264231465,-0.000407644930448399,0.0195634382135458,0.757706862267953,0.999960136967505
"Hdgfl3",91.5316077040363,-0.000468241258348509,0.0257450439366169,0.780518005503415,0.999960136967505
"Efl1",244.080300565109,-0.000433541831714886,0.018597968929724,0.731559593635482,0.999960136967505
"Il16",207.400437174422,3.04659136748947e-05,0.0181147681760078,0.980496847846893,0.999960136967505
"Mesd",194.901861397265,-0.000534717067911458,0.019857180620101,0.688148620177073,0.999960136967505
"Abhd17c",160.418682842907,0.000380351472327072,0.0208637132198458,0.785854191824799,0.999960136967505
"Zfand6",812.599615000314,-0.00383168542499442,0.0327723697838118,0.0809900114081873,0.999960136967505
"Ctsc",144.59801112328,-0.0002098759080138,0.0211902543459063,0.882962561279516,0.999960136967505
"Tmem135",122.318654319396,0.0103494875752372,0.0798100240540972,0.0484648395350082,0.999960136967505
"Hikeshi",326.829687419033,-0.00129210328696668,0.0215416464803794,0.356519266694615,0.999960136967505
"Eed",460.845160289524,-0.00149205051802245,0.0211654546705395,0.285002607592463,0.999960136967505
"Picalm",723.988079709572,0.000225419754797727,0.0130236319388179,0.820860445693197,0.999960136967505
"Sytl2",99.7106403677476,0.00302458383751871,0.0415918801258291,0.224142006222444,0.999960136967505
"Crebzf",154.111927900414,-0.000324280148587594,0.0208188157513591,0.816784253914197,0.999960136967505
"Tmem126a",191.633958372152,-0.00128677985483922,0.0251980765325302,0.421400605615554,0.999960136967505
"Pcf11",276.772425926238,0.00244805074731208,0.0305409822614434,0.197699174776399,0.999960136967505
"4632427E13Rik",138.010268349836,-0.000651488793256383,0.0230871873058283,0.667571706842611,0.999960136967505
"Ddias",88.2305484497903,-0.00330597619745643,0.0450536139052007,0.214769964868284,0.999960136967505
"Nars2",150.932713407561,0.00222622348986017,0.0330130443268586,0.27044940847799,0.999960136967505
"Alg8",95.0785230204,-0.000253588321571209,0.0247787613983406,0.876597916804965,0.999960136967505
"Ndufc2",1216.33313762836,-0.000549779653650055,0.0130262277242778,0.591199635235562,0.999960136967505
"Ints4",85.4521458838605,-0.000161550691577749,0.0257170617718425,0.923701432316721,0.999960136967505
"Rsf1",551.147283857173,0.000431140346184311,0.0143179623558425,0.680644834650136,0.999960136967505
"Clns1a",300.846324682942,-0.000804868415286806,0.0188241479315518,0.523781933813377,0.999960136967505
"Lrrc32",75.5087819190731,-0.00441911726232884,0.0534448640420994,0.157882213785385,0.999960136967505
"Emsy",209.501092588411,0.000431280362305697,0.0191171991721306,0.738927541057508,0.999960136967505
"Thap12",297.317005589761,0.00221306219690846,0.0292677502418141,0.224579396085415,0.999960136967505
"Uvrag",451.800053009453,-0.000275733310222228,0.0146159061760768,0.794000171728928,0.999960136967505
"Rps3",12236.7233657497,-0.000756323997875882,0.0115260346887106,0.487111633759798,0.999960136967505
"Spcs2",2130.20143652492,-0.0033652729289467,0.0279417997497674,0.0834726236510453,0.999960136967505
"Rnf169",375.181357995167,0.00140786654334396,0.0218439851266656,0.321457945967105,0.999960136967505
"Pold3",313.945571924028,-0.000730461796793656,0.0183871780571338,0.556107482086047,0.999960136967505
"Ppme1",132.665330991915,-0.000468657659404242,0.0224211029441764,0.752815904577244,0.999960136967505
"C2cd3",178.970531832739,0.00131522928953299,0.0252679293821608,0.411987282813866,0.999960136967505
"Ucp2",1195.28897833995,-0.000939160971261254,0.0243263477034348,0.54993605504809,0.999960136967505
"Mrpl48",241.999794486076,0.000209238490063014,0.0173763665492151,0.861694339559535,0.999960136967505
"Rab6a",245.254804403664,-0.00109118803607486,0.0217260360656339,0.439558003541387,0.999960136967505
"Fam168a",200.01696678616,0.0003691980935332,0.0191635002704153,0.776338057927413,0.999960136967505
"Relt",75.5904675708549,2.10296716503758e-05,0.0268671571540639,0.990408794194247,0.999960136967505
"Fchsd2",396.546859835702,-0.00108955268120423,0.0200546907980416,0.410645893198378,0.999960136967505
"Atg16l2",75.736002731046,-0.00670015012337876,0.0673686324176352,0.0935991647445605,0.999960136967505
"Clpb",113.062196608375,-0.000349881763528339,0.0234016565332939,0.821546259382405,0.999960136967505
"Anapc15",237.50247080907,0.000217740118974801,0.0174600708548318,0.856676592334284,0.999960136967505
"Lamtor1",507.913446869143,-0.00105326468809833,0.0178092248571713,0.388743318536547,0.999960136967505
"Numa1",455.891017981396,0.00124175913593701,0.0196239425536969,0.343440737177031,0.999960136967505
"Rnf121",106.875360109761,-0.00212567933310378,0.035515166016198,0.32363454174444,0.999960136967505
"Xndc1",102.302068490028,0.00295194071556011,0.0411419736362433,0.230539062559775,0.999960136967505
"Nup98",288.95800737486,0.000618223870687854,0.0179515993687601,0.612482421235694,0.999960136967505
"Rhog",264.129274109112,-0.00474948801711158,0.0461221822916689,0.100600538111085,0.999960136967505
"Stim1",306.352200777401,-0.000393413082804791,0.0166036371890558,0.733135851598723,0.999960136967505
"Rrm1",701.648083236238,0.000183328053385304,0.0130702267293415,0.853850051139142,0.999960136967505
"Trim21",101.316245525067,-0.00315240273535376,0.0427060709349355,0.216231177601142,0.999960136967505
"Trim12c",323.764522016688,-0.00461780428359822,0.0439335232541697,0.0963969839388275,0.999960136967505
"Fhip1b",96.8654625725364,0.00121154063610807,0.0292624082809692,0.510206024290025,0.999960136967505
"Timm10b",576.295973594837,-0.00313367152303303,0.0322763724109917,0.127482648938442,0.999960136967505
"Rrp8",143.33959426514,-0.000192929080029136,0.0210946546883669,0.89195864207226,0.999960136967505
"Ilk",134.894687753243,-0.000909978032292693,0.0251894363934353,0.575242063674002,0.999960136967505
"Taf10",949.049939604827,-0.000406841699702343,0.0132938897778744,0.688105388385907,0.999960136967505
"Mrpl17",424.581547272558,-0.00110454688873752,0.0194820452772381,0.394486361771005,0.999960136967505
"Gvin2",163.531911134178,-0.00260375828654321,0.0350858821111073,0.223763688469169,0.999960136967505
"ENSMUSG00000121501",949.958789095576,-0.00177192179882418,0.0200017739892934,0.203494374643885,0.999960136967505
"Eif3f",1735.91597562199,-0.00256518470122171,0.0225952358107725,0.114344131410922,0.999960136967505
"Rpl27a",14759.5325127479,0.000272588617733544,0.010749134136439,0.794610208412799,0.999960136967505
"Akip1",122.474715088998,-0.000774730822259766,0.0245645676560373,0.627435348312757,0.999960136967505
"Tmem9b",187.551785305621,-0.00138484143991307,0.0255795488306726,0.392065074768933,0.999960136967505
"Dennd5a",316.386312638498,-0.000537687579547519,0.0170263971628992,0.646767405179747,0.999960136967505
"Tmem41b",114.838595119395,-0.000142467116802599,0.0228393214840282,0.925530329941782,0.999960136967505
"Ipo7",612.447390161853,0.000932146019573487,0.0163399520510725,0.420248659469841,0.999960136967505
"Zfp143",89.4397501180112,0.000908648881005511,0.0279467228702455,0.610178847306263,0.999960136967505
"Wee1",137.909116794419,0.00109888664351304,0.0257235608456964,0.503493959919264,0.999960136967505
"Sbf2",112.836820864429,0.000492717437940051,0.0240462464948687,0.755522400658306,0.999960136967505
"Rnf141",76.1772279234564,0.00168524747306195,0.0345972132769,0.423836799683733,0.999960136967505
"Ctr9",202.993139770979,0.000994691352668712,0.0221832153164657,0.490147408761032,0.999960136967505
"Eif4g2",2434.43994764309,0.000860998746242938,0.0128002682018793,0.425819462343303,0.999960136967505
"Zbed5-ps",93.9769068268035,0.00128252270565662,0.0303224210476194,0.498513813224874,0.999960136967505
"Usp47",374.50326090451,0.000252859054182213,0.0152211488888893,0.815620200963638,0.999960136967505
"Btbd10",118.907637428688,-0.000385149177797962,0.0232836969343032,0.802876302953584,0.999960136967505
"Far1",330.225626125156,-0.000137955666530609,0.0155621313035607,0.900406671034033,0.999960136967505
"Rras2",308.745989372995,-0.000906274892074139,0.019210223573194,0.479345701533566,0.999960136967505
"Copb1",593.30046080027,-0.000336389614896373,0.013844400156868,0.743054002511077,0.999960136967505
"Psma1",1097.75810137098,-0.00310533131975728,0.0273441448744508,0.0971284315276864,0.999960136967505
"4933406I18Rik",519.204545593544,0.000834524547675695,0.0163893303032736,0.468050854765924,0.999960136967505
"Pde3b",860.322404598022,0.00212064591601839,0.0229615584628632,0.170195686986028,0.999960136967505
"1110004F10Rik",629.714567981559,-0.000168644609302758,0.0134504216354741,0.866999306854252,0.999960136967505
"Rps13",13222.5962791768,-0.000380410497568148,0.0111470007441774,0.71092487508926,0.999960136967505
"Pik3c2a",254.251074276596,0.00110207661618987,0.0215454295427993,0.431696828550293,0.999960136967505
"Rps15a",20666.9945712399,-7.57061431418165e-05,0.0106652894592731,0.941950351588964,0.999960136967505
"Arl6ip1",3360.75304143298,0.00465032643927623,0.0321471759571455,0.0480118559139342,0.999960136967505
"Smg1",759.194071526992,0.000550940772458147,0.0139448972316231,0.597394702623335,0.999960136967505
"Coq7",129.775025033265,-0.000337042465992867,0.0221737476975783,0.819808707167961,0.999960136967505
"Gde1",128.31279115834,-0.000505015162958243,0.023149825143627,0.741229465104193,0.999960136967505
"Ccp110",95.8009223796697,0.000217617978927887,0.0249996368312767,0.894833505226379,0.999960136967505
"Vps35l",94.4563935175413,-0.000194134690012538,0.0247818790552655,0.905455088267469,0.999960136967505
"Knop1",274.378620732295,-0.000698143400110043,0.0186107062431147,0.577636275546967,0.999960136967505
"Thumpd1",506.51500110975,0.000396939167481203,0.0144761174114086,0.706041381423193,0.999960136967505
"Rexo5",149.039165087154,-0.00246934480447069,0.0349139465499575,0.245556693370356,0.999960136967505
"Dcun1d3",128.370347805583,-0.00351134855167941,0.0432086683484179,0.177564678716341,0.999960136967505
"Lyrm1",94.6150741178058,-0.0023679151020403,0.0374892334038253,0.294280047679864,0.999960136967505
"Uqcrc2",706.19981890649,0.000330148828710844,0.0132728677397663,0.743183055586419,0.999960136967505
"Mosmo",148.793208008463,-0.000138411439436385,0.0206921421814015,0.9211151968114,0.999960136967505
"Polr3e",77.8586017414149,0.00535268860516987,0.058693876742304,0.123028380967157,0.999960136967505
"Mettl9",283.812328234277,-0.00211068147078831,0.0283240410257957,0.232970074858461,0.999960136967505
"Usp31",90.2465760717288,0.00207270119356667,0.0356922856314825,0.337810218151409,0.999960136967505
"Ubfd1",116.717122488817,-0.00136940169285283,0.0289156005504852,0.449772838136932,0.999960136967505
"Ndufab1",984.025030705532,-0.00152038702551978,0.0183460230771709,0.24287432507532,0.999960136967505
"Palb2",107.116472176545,0.00095106674921392,0.0268154842373739,0.579417107950214,0.999960136967505
"Dctn5",107.001450210617,-0.000962827380255395,0.0267335387738809,0.573518896746873,0.999960136967505
"Plk1",343.572309330952,0.00114567885692231,0.0203542738835198,0.392534560019264,0.999960136967505
"Prkcb",270.460070051315,8.54536922846958e-05,0.0175621213733903,0.943870225553191,0.999960136967505
"Rbbp6",786.079451839158,0.000888592756844161,0.015295368053083,0.427057877968872,0.999960136967505
"Tnrc6a",452.920227300268,0.000728180966535042,0.0163619108274356,0.524111790473472,0.999960136967505
"Arhgap17",114.429405790238,0.000548355776289383,0.023975119186842,0.727788633924962,0.999960136967505
"Lcmt1",88.3064966254317,-0.00111012035381264,0.0293648837346719,0.54855193244241,0.999960136967505
"Nsmce1",665.874571937978,-0.00499801026007824,0.0411970005084337,0.0673308350103843,0.999960136967505
"Il21r",115.606420189801,0.000892427906359296,0.025659049952592,0.589207381075945,0.999960136967505
"Gtf3c1",169.062979034355,0.000491842703192399,0.0206216869328541,0.721497310095817,0.999960136967505
"Xpo6",299.50338804909,0.000231465015880106,0.0162373367970773,0.838712636746766,0.999960136967505
"Lat",1203.46943755596,-0.000634557359818811,0.0132488741748036,0.541233658945217,0.999960136967505
"Nfatc2ip",95.2763716694286,-0.000113056340303095,0.0245629241877153,0.944478561016835,0.999960136967505
"Sh2b1",81.0823379671667,0.0022957056115061,0.0382576097360798,0.316710278744945,0.999960136967505
"Tufm",97.6978545253929,-0.000129668766907056,0.0243188430791579,0.935784941008496,0.999960136967505
"Atxn2l",408.257081330436,0.000514435975578294,0.015745288290281,0.643096223833767,0.999960136967505
"Eif3c",3208.4544771089,-0.000223231287425159,0.0112144742581986,0.823387114975551,0.999960136967505
"Cln3",108.40297958885,-0.000199633634767245,0.0235216455162277,0.898343986788835,0.999960136967505
"Nupr1",107.456708971861,-0.0021791150364034,0.0354900172806482,0.311398980838947,0.999960136967505
"Sgf29",146.558324564426,8.85897326372486e-05,0.0208558340085765,0.949836837246406,0.999960136967505
"Bola2",419.004053001906,0.00352081937794255,0.0350087847886367,0.113961401690495,0.999960136967505
"Coro1a",4211.0855489551,0.000373086710599288,0.0111535772601159,0.715791741196194,0.999960136967505
"Ypel3",114.488642013901,0.000671735201030019,0.0245578416325981,0.675065975763595,0.999960136967505
"Ppp4c",695.637005645224,-0.00366055277921679,0.0326297040877927,0.0898453695893527,0.999960136967505
"Aldoa",2178.14063363325,-0.00418050100541962,0.0306947510241286,0.0578170359286387,0.999960136967505
"Ino80e",169.160572092035,0.000133095404231064,0.0196319610967941,0.92056961649616,0.999960136967505
"Hirip3",310.609637598346,0.00103267695765548,0.0199837728055711,0.434125940351835,0.999960136967505
"Tmem219",109.498143262795,-0.000142954486114771,0.0235046662620808,0.927113358365561,0.999960136967505
"Cdipt",231.467949142581,-0.00072992783851091,0.0198868349945743,0.581292733918767,0.999960136967505
"Maz",227.950797288134,0.00013747681828673,0.0176060722908508,0.909954789582744,0.999960136967505
"Kif22",245.531438521094,0.00101892268459149,0.0215077084636511,0.467388026150599,0.999960136967505
"AI467606",91.09306807064,5.62521753939074e-05,0.0249605211938189,0.972739124276788,0.999960136967505
"Spn",268.66761906656,0.000326812259216686,0.0172615287976264,0.783863180233988,0.999960136967505
"Cd2bp2",187.528504806239,-0.000755616776195703,0.0213203822249333,0.590763010824173,0.999960136967505
"Septin1",1506.19022501056,-0.000372343504827258,0.0119899631771436,0.708541515635175,0.999960136967505
"Zfp771",85.107647061303,-0.000440344232178845,0.026465262750948,0.798071626363617,0.999960136967505
"Dctpp1",375.424360852236,-0.0116669181905271,0.0739584665972836,0.030428127976698,0.999960136967505
"Sephs2",173.914733393435,-0.00155375028608954,0.0273106215107044,0.363735597567666,0.999960136967505
"Itgal",422.26743141196,-0.000152697462753425,0.0145717484211128,0.884725733679016,0.999960136967505
"Prr14",121.525052125321,0.000793689273723714,0.0247272844510692,0.620856155025461,0.999960136967505
"Fbrs",82.2472406905066,-0.000599905042765732,0.0272945109696426,0.733287008033963,0.999960136967505
"Srcap",298.368747443538,0.00209767384073375,0.0276631621350903,0.227015274466832,0.999960136967505
"Phkg2",94.9978798927529,-0.000952307484268523,0.0281679248831801,0.595192778563297,0.999960136967505
"Rnf40",73.3768963545524,-0.000383372315869556,0.0280199580474438,0.831786412323762,0.999960136967505
"Bcl7c",328.897455803076,-2.65329211800423e-05,0.015925947938603,0.981137061841525,0.999960136967505
"Setd1a",100.178747021367,0.000327392793902853,0.0245181949465112,0.839478371540468,0.999960136967505
"Stx4a",191.916016810215,0.0002964302327203,0.0193248777234883,0.821248263976424,0.999960136967505
"Zfp646",96.2580474710121,-0.000438925106991602,0.025148093949855,0.789981732623432,0.999960136967505
"Vkorc1",103.198586565262,-0.000499172801559334,0.0256168990836329,0.76528682558087,0.999960136967505
"Bckdk",143.323519276016,-0.000106899598165196,0.0210562126884858,0.939983007620059,0.999960136967505
"Kat8",87.4748132863323,-0.000433726534206194,0.0260863907232245,0.7986900588179,0.999960136967505
"Fus",1491.10134333927,0.000557640997427447,0.0124387986450424,0.585107016535179,0.999960136967505
"Pycard",496.579811105736,-0.00127465877033709,0.019330133531235,0.327284047309268,0.999960136967505
"Rgs10",641.357483987126,-0.000372298813515816,0.0141927756188084,0.720468032240934,0.999960136967505
"Tial1",466.118211318602,0.000561579920991472,0.0154659638483443,0.609290387120512,0.999960136967505
"Inpp5f",79.6163129396145,0.00112274864739802,0.0302952283463078,0.554546718801605,0.999960136967505
"Mcmbp",494.487029028272,0.000409813257048874,0.0145875043127362,0.698311371942399,0.999960136967505
"Sec23ip",153.185052613371,-0.000574435202392553,0.0217447427485819,0.690333651682637,0.999960136967505
"Wdr11",75.7655347941448,0.000842924839828911,0.0291975130204552,0.649105554071035,0.999960136967505
"Ate1",134.9283721534,0.000898524565921838,0.0244771081145824,0.570215273042,0.999960136967505
"Nsmce4a",617.902261913086,-0.000951237938920322,0.0164313865289437,0.412849708204914,0.999960136967505
"Pstk",163.363587130711,-0.000943638321094581,0.0233408529135055,0.532608216068816,0.999960136967505
"Ikzf5",117.16348982306,-0.00150693279282882,0.0296196785030345,0.414122034478744,0.999960136967505
"Acadsb",78.5848123487411,-0.00116659511655152,0.0308464918840936,0.54496290104168,0.999960136967505
"Bub3",891.134083742994,0.000964546600631228,0.015281864925253,0.393044396152754,0.999960136967505
"Oat",227.683749274741,-0.00324544690877958,0.0371686918763349,0.156473621156648,0.999960136967505
"Fam53b",85.3526286002833,0.00012013307663207,0.0259319369078822,0.943629681990974,0.999960136967505
"Eef1akmt2",127.146838314468,-0.00116863691306214,0.0268652438980057,0.493088205739173,0.999960136967505
"Abraxas2",142.141505708084,-0.000673667667915222,0.0228331857240897,0.65343065514241,0.999960136967505
"Zranb1",183.282485643921,0.000100476256506352,0.0192138518568016,0.938883082298503,0.999960136967505
"Edrf1",99.0397496228933,-0.000216552494371148,0.0243887234021562,0.893127281349114,0.999960136967505
"Bccip",301.050104498747,-0.00350003191955252,0.0368030442429549,0.128489717326591,0.999960136967505
"Ptpre",73.7397560837637,-0.00115211756180094,0.0315856656425046,0.557729022959123,0.999960136967505
"Mki67",3632.19957034704,0.000605562187854131,0.011687204910986,0.56196457184105,0.999960136967505
"Mgmt",209.075517862926,0.0024439670254827,0.0424921866132597,0.323767223770142,0.999960136967505
"9430038I01Rik",75.1516887033308,-0.000728043222846772,0.0295730788967962,0.69785770449013,0.999960136967505
"Glrx3",693.836054803487,-0.00111127722254556,0.01693158428688,0.353114171820478,0.999960136967505
"Ppp2r2d",222.675794254659,-0.000987646457945467,0.021641849975975,0.483915006913842,0.999960136967505
"Bnip3",269.482045418773,-0.011368508845115,0.075042321392232,0.0338577298889912,0.999960136967505
"Tubgcp2",247.7687653601,-0.00116724379903992,0.0222390397327746,0.41689935156937,0.999960136967505
"Zfp511",165.968514791057,-0.000702153714978878,0.0217952137548653,0.62503695249029,0.999960136967505
"Echs1",133.932067117577,-0.00146813757857247,0.0283578305340404,0.408071474068228,0.999960136967505
"Bet1l",88.1629645179083,-0.000814391514264071,0.0276505658508788,0.645555925635896,0.999960136967505
"Psmd13",340.410281850589,-0.000299002343777349,0.0163151891210085,0.793148580467338,0.999960136967505
"Ifitm2",77.3974454250169,-0.0017092965399188,0.0344589107997067,0.415723456019261,0.999960136967505
"Pkp3",118.658475022523,0.000379778996174969,0.0230530302528118,0.803916156275665,0.999960136967505
"Rnh1",134.409246867626,-0.000458370786809476,0.022458689047501,0.758504456614748,0.999960136967505
"Hras",222.636475397123,-0.00106826517454843,0.0226238551464135,0.465275548530137,0.999960136967505
"Phrf1",242.257862823217,2.43950582949277e-05,0.0171143495925453,0.983622328248365,0.999960136967505
"Taldo1",613.163414357122,-0.00183510743436698,0.022632367109945,0.218555331196359,0.999960136967505
"Gatd1",86.8896448309091,-0.000935075316380671,0.0285253654724636,0.605985890545455,0.999960136967505
"Rplp2",15662.073862492,0.000665990473268446,0.0112362107799586,0.538569218249379,0.999960136967505
"Pnpla2",93.196913290967,-0.000811761501007036,0.0277596870323987,0.647758727651317,0.999960136967505
"Polr2l",95.6234606258798,0.000188590767353244,0.0250052207404394,0.908842260804339,0.999960136967505
"Ap2a2",131.264308612065,0.000273128624921801,0.0221036457800558,0.853370653033079,0.999960136967505
"Mob2",128.995907097779,-0.000324215648579449,0.0222409121360372,0.827069433934539,0.999960136967505
"Ctsd",134.779717760561,-0.000208366494837203,0.0218888372575642,0.887055447865953,0.999960136967505
"Lsp1",401.964144911883,1.43568688525907e-05,0.0146319836386578,0.989152053905942,0.999960136967505
"Mrpl23",575.197073072041,0.000132670506269593,0.0134746099923058,0.895203334305798,0.999960136967505
"Tspan32",145.965385796751,-0.000405391293904321,0.0216949958774512,0.779533840511394,0.999960136967505
"Cd81",259.233481900738,-0.00357180187598665,0.0391063600525786,0.139445137165647,0.999960136967505
"Tssc4",172.644734312791,-0.00577058452723533,0.0548436793142713,0.0919195853852869,0.999960136967505
"Kcnq1ot1",783.905301690229,0.000517464107152016,0.0139204188942447,0.618639226141475,0.999960136967505
"Nap1l4",743.320066399212,-0.000136462302867124,0.0128501866545312,0.890126236068017,0.999960136967505
"Cars",211.568953464901,3.83612076017111e-05,0.0181316299918362,0.975462743607544,0.999960136967505
"Tnfrsf26",89.729700579717,4.82258790143511e-05,0.0272317479129966,0.978242973730657,0.999960136967505
"Ppfia1",277.469706055668,0.000272830955035439,0.016805658000462,0.815223819273633,0.999960136967505
"Insr",83.6337015694121,0.00494677708982967,0.0559617952177422,0.134838663345137,0.999960136967505
"Arhgef18",268.314498762303,0.00766991869773571,0.0602859265003137,0.0554769084834202,0.999960136967505
"Pet100",175.837603159613,0.00185687103397539,0.0294176580268215,0.308295062623112,0.999960136967505
"Stxbp2",90.7994131183877,0.000317392782086745,0.0258595829564733,0.851166635455341,0.999960136967505
"Trappc5",161.599950596101,-0.000496873384343169,0.0211784592525694,0.72504159276329,0.999960136967505
"Map2k7",82.3915760880369,-0.000226276063284046,0.0261403168633195,0.894656094036502,0.999960136967505
"Timm44",291.192876401595,-0.00052337730076936,0.0174511635775754,0.661714845292045,0.999960136967505
"Elavl1",524.294977954642,-0.0021272400302152,0.02477183194632,0.187040637247885,0.999960136967505
"Ccl25",126.857676281074,0.000352787125574472,0.0225331539183061,0.814083249358035,0.999960136967505
"Zfp958",114.445791664393,7.08741993773545e-06,0.0235179281015795,0.99638574519314,0.999960136967505
"Shcbp1",259.22532928871,-0.00157635055868401,0.0248171475360111,0.316267949414773,0.999960136967505
"Arglu1",714.394019830029,-0.000354460457033608,0.0133375925933853,0.725868554240801,0.999960136967505
"Naxd",174.556519319071,-0.000470381485808552,0.0204624342981359,0.73162317242546,0.999960136967505
"Cars2",113.768854560555,0.00148303291892462,0.029652731801048,0.422318858679992,0.999960136967505
"Ing1",302.624489014689,-0.000163943219403139,0.0160401893252383,0.884388172555383,0.999960136967505
"Ankrd10",191.826563355572,0.00223339454858045,0.0313466567301045,0.24733513753381,0.999960136967505
"Tubgcp3",153.624252234969,0.00219185633861371,0.0325525996922583,0.271860535635886,0.999960136967505
"Pcid2",92.9929084139119,-0.000336197277307106,0.0252409624395863,0.839195773161825,0.999960136967505
"Cul4a",135.496467472414,0.00212846074541138,0.0333957805442317,0.296908370674412,0.999960136967505
"Lamp1",737.90245117536,-0.00012257232461334,0.0127986520036823,0.901083742716164,0.999960136967505
"Dcun1d2",147.767192650612,0.00103090227046051,0.0246150442160436,0.514544798956374,0.999960136967505
"Tmco3",145.072904866369,0.00153947672854374,0.0286329671453751,0.389012277771355,0.999960136967505
"Tfdp1",607.812988925784,0.000668555192279132,0.0150213374631014,0.538614164936771,0.999960136967505
"Rasa3",178.437125908694,0.000636881169091053,0.0211709257750882,0.650063725586302,0.999960136967505
"Cdc16",139.436401614259,-0.00221485511661104,0.0334566836981425,0.278565274986454,0.999960136967505
"Upf3a",300.666064093444,0.000368341195636466,0.0165974466646013,0.749591363918752,0.999960136967505
"Champ1",81.6298795538312,0.00131461938768348,0.031247759298964,0.498732466454506,0.999960136967505
"Erich1",161.647424157283,0.00113710775663416,0.0247730802266491,0.472862459185827,0.999960136967505
"Arhgef10",80.846608532416,-0.00120434537795133,0.0308306288184193,0.53157993034071,0.999960136967505
"Kbtbd11",219.014813341624,-0.00116392090566053,0.0231412536192857,0.434146391782639,0.999960136967505
"Mcph1",342.551900320881,0.0024133832543179,0.0290443830708534,0.186497478031033,0.999960136967505
"Agpat5",396.430559038673,-0.00101971276959445,0.0195502049065642,0.432276822359669,0.999960136967505
"2610005L07Rik",136.879619256213,-0.00363757887347627,0.0433464499631379,0.16553698473214,0.999960136967505
"6820431F20Rik",1082.40661666567,-0.000329039182053398,0.0123915901950805,0.739891303858306,0.999960136967505
"Ckap2",241.80999142052,0.00146756128670854,0.0244131998157721,0.344104349721878,0.999960136967505
"Vps36",425.634743134301,-0.0014455202484739,0.0217240293996778,0.307473502897287,0.999960136967505
"Mrps31",192.905556525843,-0.000328906767060297,0.0191167681956388,0.800033083910753,0.999960136967505
"Smim19",215.177955727206,0.00109304087672857,0.0224905757546488,0.452295738104625,0.999960136967505
"Vdac3",534.291486061757,-0.00136154100136667,0.0195884583856268,0.302224681684824,0.999960136967505
"Polb",161.739800163968,-0.000880544227053284,0.0231357162613215,0.558307098698035,0.999960136967505
"Ikbkb",212.769255781382,0.000652641339084575,0.0200671278470042,0.625706865511939,0.999960136967505
"Kat6a",483.972546506954,0.000653051895503561,0.0158136760666116,0.558721208177186,0.999960136967505
"Gpat4",137.916401551976,9.51023826706151e-05,0.0212907723070329,0.947118673896323,0.999960136967505
"Gins4",180.449041473863,-0.00222970436984218,0.0322480551746128,0.259823901030908,0.999960136967505
"Golga7",258.778830405579,-0.00980373855564474,0.0697917858396182,0.0417587590545625,0.999960136967505
"Tm2d2",95.7009776733524,-0.00119149415665328,0.0291399986191019,0.515905180405048,0.999960136967505
"Plekha2",214.019779449236,0.000658318976371261,0.019827480990391,0.618980985838767,0.999960136967505
"Tacc1",171.773754458196,0.00132488555111012,0.0256832137120373,0.415378287455104,0.999960136967505
"Nsd3",1277.60407182897,-0.00060048210526604,0.0132072740791417,0.561073111790954,0.999960136967505
"Ddhd2",189.196487938015,0.000497634678400723,0.0199915078640511,0.710804737515029,0.999960136967505
"Bag4",105.438505540349,-2.62966460225456e-05,0.0237097916839287,0.986683856130608,0.999960136967505
"Lsm1",267.516214296871,-0.000436313484401007,0.0175026440115,0.716519322725159,0.999960136967505
"Ash2l",277.506045482525,0.00121286938465727,0.022765123155117,0.407896727433686,0.999960136967505
"Fnta",115.310767776334,-0.0015992741140689,0.0304456126766586,0.396978917325233,0.999960136967505
"Hook3",200.106494164939,0.00123303572022264,0.0243486525855622,0.427529699931102,0.999960136967505
"Rnf170",73.7407768386241,0.00147350999304137,0.0333935106878673,0.472144463874266,0.999960136967505
"Plpbp",78.9180258998597,-0.000111993976332185,0.0264384731863029,0.948273430652145,0.999960136967505
"Eif4ebp1",528.882677512827,-0.000269167483828254,0.0139881352742097,0.79372343083649,0.999960136967505
"Mak16",553.387079983603,8.7084948783973e-05,0.0135602738080919,0.931274487392552,0.999960136967505
"Wrn",276.933442982346,0.000789810737509368,0.0192765117485118,0.539445010440569,0.999960136967505
"Ppp2cb",136.786266125402,-0.00106139869799969,0.0254295255334689,0.514359770155578,0.999960136967505
"Ubxn8",118.017202763935,-0.000278365235254819,0.0229999577595272,0.8556566953116,0.999960136967505
"Gsr",208.490492142052,-0.000484371692538461,0.0191574678510471,0.708143368057361,0.999960136967505
"Gtf2e2",171.684037574679,-0.0114690010949513,0.082179198128615,0.0405014899646769,0.999960136967505
"Dctn6",243.5811214145,-0.00111641226763431,0.0220628534734695,0.434824039802814,0.999960136967505
"Leprotl1",921.231011601153,-0.00169643192267616,0.0198544665803376,0.217539921217629,0.999960136967505
"Saraf",248.295341399485,-0.00361701553886926,0.0388739182014311,0.133628859239236,0.999960136967505
"Gm29243",77.8754499060042,-0.000940118464373624,0.0298456095368194,0.61757207654895,0.999960136967505
"Tnks",298.52893235117,0.000384802476051645,0.0170625772243416,0.744104393774446,0.999960136967505
"Eri1",1037.50093667776,0.000125847253830077,0.0125337547041393,0.897872273533995,0.999960136967505
"Mfhas1",269.043051330252,-0.000496473276213035,0.0178201290219273,0.683355204231884,0.999960136967505
"Tusc3",229.91076246441,-0.000522122945214614,0.0188857810138409,0.682489905146478,0.999960136967505
"Zdhhc2",185.095889161453,0.000728319324149835,0.0212087551576116,0.602990469294471,0.999960136967505
"Cnot7",195.03559026424,-0.000925770403777136,0.0220602576113909,0.519745948593071,0.999960136967505
"Vps37a",150.502803180603,-0.000202670892264002,0.020767678562856,0.884956161826296,0.999960136967505
"Pcm1",709.317613086404,0.00100952833319058,0.0162475996535695,0.385104515853706,0.999960136967505
"Frg1",684.953144932817,-0.000487116348174795,0.0138325765133983,0.637741757627887,0.999960136967505
"Ufsp2",139.830479741084,0.00067775665610161,0.0229379914532392,0.652755796543193,0.999960136967505
"Snx25",149.89123574202,-0.000613393074208072,0.0221169152051491,0.674724905613043,0.999960136967505
"Cfap97",140.955889593909,-0.000820676488302968,0.0236907489442855,0.594433049983985,0.999960136967505
"Slc25a4",900.609029002395,-0.00671705171873256,0.0472419839926609,0.0423157490401415,0.999960136967505
"Primpol",175.556571459015,0.000823548738335634,0.022082319667763,0.568924997193779,0.999960136967505
"Casp3",295.420770635883,-0.00895705621849558,0.0654462032894374,0.0451604516468291,0.999960136967505
"Irf2",733.176986109794,-0.00127810776867566,0.0177906503657155,0.305215000066404,0.999960136967505
"Trappc11",108.084090635078,-0.000708003171666121,0.0253083753578886,0.666694788269329,0.999960136967505
"Rwdd4a",238.095589333416,-0.000226889108788356,0.0174942398404325,0.850936128551763,0.999960136967505
"Ing2",202.959933003533,0.000305232692117852,0.0187088591573936,0.81085341902975,0.999960136967505
"Cdkn2aip",94.7974557926661,-0.00074887059801122,0.0266486690820954,0.662935639833793,0.999960136967505
"Dctd",82.3869104122724,0.00152329995854977,0.0329352280460562,0.452024274506429,0.999960136967505
"Aga",151.513316037151,-0.00015884147527957,0.0204894686122544,0.90870842185086,0.999960136967505
"Neil3",254.710752960293,0.000883827467903794,0.0202922905815522,0.509397318860727,0.999960136967505
"Spcs3",423.711108776838,6.00064968654929e-07,0.0146528067843076,0.999547008696331,0.999960136967505
"Cep44",112.258966442804,-0.000128561553148356,0.0230108803194801,0.933226376979879,0.999960136967505
"Fbxo8",78.2300552604993,-0.000483309213846989,0.0273278288979248,0.784365294381165,0.999960136967505
"Sap30",193.022617071574,-0.000916584072989477,0.0220393167966058,0.523700461975849,0.999960136967505
"Hmgb2",12796.925444965,0.000200601219050993,0.0107153774039795,0.847387594320053,0.999960136967505
"Galnt7",488.120785529569,0.000798584093067979,0.0165091247995871,0.48840188736154,0.999960136967505
"Hpf1",914.379069203402,0.0002143023170141,0.0124669357389509,0.827465883997322,0.999960136967505
"Clcn3",456.014277547587,7.53659320070436e-05,0.0141976680426405,0.942005689101901,0.999960136967505
"Nek1",136.451678888073,-3.6632394071505e-05,0.0212227398155166,0.979567759017893,0.999960136967505
"Sh3rf1",97.5593291826359,0.00179997731893991,0.0331816043030059,0.375925345887442,0.999960136967505
"Ddx60",381.169302902844,0.000921572270766613,0.018268304211376,0.455555780222476,0.999960136967505
"Msmo1",191.203650658136,-0.00101441616912603,0.0228452019345729,0.492681249803749,0.999960136967505
"Klhl2",138.312033867797,0.000612007703747074,0.0226985789314828,0.682533490733488,0.999960136967505
"Tmem192",176.960784152405,-0.000741109643478752,0.0220227839478564,0.608694020140887,0.999960136967505
"Tma16",202.786977267021,-0.000860341410018971,0.0213553091764262,0.539148351122729,0.999960136967505
"Naf1",249.406401385852,0.00150232495816342,0.0244556172138949,0.33348713361784,0.999960136967505
"Csgalnact1",79.9247832203451,-0.00227738041621584,0.0381531418949322,0.319415580623731,0.999960136967505
"Ints10",101.791776738213,0.000854699953967572,0.0265427668058235,0.616413404371714,0.999960136967505
"Atp6v1b2",130.061749325953,-7.97759053808521e-05,0.0217086062048113,0.956387042481489,0.999960136967505
"Zfp868",76.4596473964685,0.000761483279322199,0.0286584182805622,0.676865738574183,0.999960136967505
"Zfp869",102.734697141507,0.00024963539393157,0.0240112507965486,0.875209955826007,0.999960136967505
"Atp13a1",111.606343841111,0.000238874481237624,0.0240247801964131,0.880625911678941,0.999960136967505
"Gmip",207.305687242624,0.000654466623336773,0.0201058784772141,0.625296875387949,0.999960136967505
"Ndufa13",836.103631113629,-0.000218511517363021,0.0126629938693751,0.824753268951921,0.999960136967505
"Gatad2a",332.27144531861,0.000940001677488344,0.0190192029905596,0.459749040648032,0.999960136967505
"Mau2",148.097497586409,0.00150584406082286,0.0278569622907754,0.387874623892473,0.999960136967505
"Sugp1",94.3367931373172,0.00016467892256418,0.0251070512014709,0.920649847095782,0.999960136967505
"Nr2c2ap",97.0562931510491,-0.000798185959942848,0.0268503360919382,0.643924398351816,0.999960136967505
"Borcs8",179.083787229069,-0.000194283227552008,0.0195498110620135,0.883732473937733,0.999960136967505
"Sugp2",85.6115937397943,-0.000733655896243342,0.0278842927349541,0.681404898299437,0.999960136967505
"Ddx49",165.877513726655,0.00261633739669859,0.0350044432402992,0.220735728275893,0.999960136967505
"Cope",471.659070766369,-0.00194076279399577,0.024188027785548,0.21523004210547,0.999960136967505
"Upf1",157.060276570961,0.000281820396526725,0.0204465210423378,0.838083737923192,0.999960136967505
"Rex1bd",554.688136812836,-0.000194924253031585,0.0137682129580016,0.84833464557948,0.999960136967505
"Kxd1",187.52602403143,0.000148104347162021,0.0188834188306846,0.90860295063868,0.999960136967505
"Fkbp8",278.692832769181,-0.000544704480075209,0.0179166770652987,0.655478969439433,0.999960136967505
"Ell",92.3577423228629,2.72216624932598e-05,0.0263822985638157,0.987400116308819,0.999960136967505
"Isyna1",124.184433556944,-0.000517947545211565,0.0234393634156765,0.737550549783625,0.999960136967505
"Ssbp4",293.553192139334,-0.000265421524693324,0.0165173280854006,0.817748555646022,0.999960136967505
"Lsm4",1199.85225364706,-0.000414450845975446,0.0124235873589596,0.678718556381286,0.999960136967505
"Jund",1422.4377325752,-0.000344122105927386,0.0119769607613322,0.728841392588334,0.999960136967505
"Mpv17l2",106.342837051366,-0.00266130789652794,0.0386432544297946,0.252420899427581,0.999960136967505
"Il12rb1",171.2494845212,-0.000619868870601412,0.0212602946674742,0.660254525803936,0.999960136967505
"Ccdc124",254.598002825691,-0.000499573177470076,0.0180380444059897,0.684434010433728,0.999960136967505
"Rpl18a",10261.7938498532,-8.9885705413964e-05,0.010731054401283,0.930549694483875,0.999960136967505
"Map1s",84.1353402300011,0.000948944995550984,0.0288091144858,0.603601760507562,0.999960136967505
"Haus8",84.1103450448374,0.000749813132945263,0.0278532805892234,0.674380774785341,0.999960136967505
"Myo9b",258.809593930296,0.000934298167214792,0.0203539674009695,0.486073862171459,0.999960136967505
"Use1",180.038848077625,0.00169808657141767,0.0279380524643107,0.329750907461555,0.999960136967505
"Ocel1",130.043923945051,0.000629678901720214,0.0240210203652382,0.689020910501526,0.999960136967505
"Babam1",253.358577168393,-8.16757248485265e-06,0.0168653077388711,0.994450386881278,0.999960136967505
"Abhd8",111.758355891803,0.00155962781402711,0.0306353327063527,0.411820010680819,0.999960136967505
"Mrpl34",284.683064429933,-0.0007141803360426,0.0186167557008618,0.568880860015607,0.999960136967505
"Dda1",222.114688147693,-0.00058706814392623,0.0194579631875683,0.653102877351678,0.999960136967505
"Mvb12a",156.525820615815,-0.00486531804279245,0.0500622464054428,0.11403853205661,0.999960136967505
"Pgls",539.725517870937,-0.000449558353967305,0.0144451894873659,0.669469262489815,0.999960136967505
"Colgalt1",103.144675077835,-0.000339408639586549,0.0245221570450155,0.833654991605713,0.999960136967505
"Fcho1",135.46320280917,0.000451121328569519,0.022309808335987,0.760893058564774,0.999960136967505
"Zfp961",126.211933800633,-6.54812289128145e-05,0.0225538470979893,0.965376307728663,0.999960136967505
"Tpm4",457.305467917311,0.000716299154964102,0.0163156953790601,0.530021834913841,0.999960136967505
"Rab8a",669.891871149218,5.64601181845028e-05,0.0129965275327464,0.95453984186019,0.999960136967505
"Fam32a",242.629945798189,-0.00184164080887913,0.027151731249449,0.278543859542038,0.999960136967505
"Ap1m1",248.649312631614,0.00127249933420047,0.0231383528292844,0.391375856637206,0.999960136967505
"Hmgn2-ps",75.8776327130457,-0.0013128359743392,0.0319337243519613,0.507090003810591,0.999960136967505
"Klf2",231.674415263515,0.00115133316959257,0.0390739405043401,0.608042968581766,0.999960136967505
"Eps15l1",177.799094922489,0.000710987450892983,0.0213425126745805,0.613915381988532,0.999960136967505
"Cherp",157.654951047577,0.000181313937012024,0.0202651711793073,0.894816094931622,0.999960136967505
"Med26",99.0145528223545,0.00264672463179144,0.0391018724577325,0.259494355047208,0.999960136967505
"Smim7",91.9769477041822,-0.00241792946253607,0.0396110109418014,0.305642312219779,0.999960136967505
"Sin3b",669.591769268768,-0.000488331982798124,0.0139615676531704,0.638203558144245,0.999960136967505
"Large1",215.147104439331,-0.00157499207163483,0.0275238747651298,0.360418639129544,0.999960136967505
"Hmgxb4",249.84665486673,0.000216748515773705,0.0174064454425235,0.856965371704817,0.999960136967505
"Mcm5",393.697365793484,4.65487667205933e-05,0.0147473231398158,0.965022102584243,0.999960136967505
"Arhgap10",202.93729030255,0.00295711722844281,0.0360115451713986,0.180566529953922,0.999960136967505
"Prmt9",90.3169596776188,-0.000165321179630077,0.0254617391437722,0.921272359779506,0.999960136967505
"Rbmxl1",393.914812402237,-0.000217861046586895,0.0149301267463258,0.838700885160397,0.999960136967505
"Slc10a7",332.779044842745,0.000321592376069975,0.0160190456703969,0.774845664167929,0.999960136967505
"Lsm6",924.73233080938,-0.000518138921969344,0.0136150193681562,0.615372338050791,0.999960136967505
"Zfp827",107.593940535148,0.00173562025343024,0.0319503407651127,0.377677760822308,0.999960136967505
"Smad1",75.3388810296059,-0.000467553428627717,0.0278067838372912,0.794151838421157,0.999960136967505
"Otud4",371.122912859513,0.000512860622670518,0.0164143669913548,0.653478233441649,0.999960136967505
"Abce1",676.713537647455,-0.0010843674383748,0.0169258635641324,0.363460547511604,0.999960136967505
"Anapc10",141.84863912409,-0.00160280237803716,0.0292834714986184,0.378976834292359,0.999960136967505
"Smarca5",1538.08409057874,-0.00214135282206357,0.020481318884736,0.148028034479662,0.999960136967505
"Usp38",233.135952372542,-0.000783054768782013,0.0201436886050025,0.557666371889385,0.999960136967505
"Inpp4b",10158.129277216,0.000612877500244304,0.011235581360289,0.566648687776145,0.999960136967505
"Zfp330",314.379416515989,-0.000658571872708906,0.0177342391101006,0.585660016458465,0.999960136967505
"Ndufb7",828.731281698462,-7.12596340096173e-05,0.012647089690563,0.942124448993789,0.999960136967505
"Tecr",336.667347342658,-0.00116654550072576,0.0205454658265012,0.387424610163125,0.999960136967505
"Dnajb1",91.9397842030713,-0.00152417454948861,0.0316874871164002,0.436716014627019,0.999960136967505
"Gipc1",115.705626167819,-0.000593988011392381,0.0241418135654907,0.707426347552068,0.999960136967505
"Pkn1",290.288118634481,0.00117628831229882,0.021316021906524,0.396946004116165,0.999960136967505
"Ddx39a",709.684942401893,-0.000878518827841592,0.0155317436897606,0.434610957573325,0.999960136967505
"Adgre5",90.879832023085,0.00140305098157832,0.0312622960955603,0.469771892212255,0.999960136967505
"Asf1b",323.88471782065,-0.00053982052586934,0.0169757484498077,0.644710487382743,0.999960136967505
"Samd1",105.607966505287,0.000282703775413044,0.0239705895593982,0.858557331408609,0.999960136967505
"Il27ra",274.839740924926,0.00123463083291869,0.0220624509812211,0.387060161189469,0.999960136967505
"Dcaf15",119.877224579396,-0.000226827760976886,0.0225624152937461,0.88029359239102,0.999960136967505
"Podnl1",140.955968751779,-0.00110624622836037,0.0254837877628978,0.496800130129943,0.999960136967505
"D8Ertd738e",567.797264357966,-0.00211763389584576,0.0246629512235773,0.187522625186119,0.999960136967505
"Mri1",140.196899731307,0.0017127212309762,0.0300250616094793,0.357165733097109,0.999960136967505
"Ier2",346.189727199079,-0.00434232758432255,0.0411892823995376,0.0969696505395566,0.999960136967505
"Nacc1",97.4583062461889,3.62446781417044e-05,0.0243227838663185,0.9820440404468,0.999960136967505
"Trmt1",161.897505135092,1.87736490061048e-05,0.0198676644343926,0.988904054650467,0.999960136967505
"Nfix",75.4366768693047,0.000212099063816043,0.0275013233681865,0.905204468163252,0.999960136967505
"Gadd45gip1",229.864426703001,0.000225358858583167,0.0177162986836906,0.853463518254382,0.999960136967505
"Rad23a",350.839555899008,-0.000471914685142564,0.0162540216037388,0.677471640863533,0.999960136967505
"Calr",1389.95699469919,-0.00348218491362688,0.0297345651711516,0.0853596199388584,0.999960136967505
"Farsa",233.15372078262,-0.000983671722923359,0.0212981201997297,0.479686683228167,0.999960136967505
"Syce2",169.733571482641,-0.00102742911960461,0.0237220350185699,0.501658104730771,0.999960136967505
"Rnaseh2a",154.036522846922,-0.000334176056378512,0.0207823015617327,0.810954942560447,0.999960136967505
"Prdx2",403.363734963611,-0.000148352829133032,0.0147464411126946,0.888845837163019,0.999960136967505
"Get3",124.718895014114,-0.00111154999504494,0.0264787992891996,0.509743916112859,0.999960136967505
"Trir",808.958372773947,-0.000927568482320037,0.0153707602556928,0.410127719027951,0.999960136967505
"Tnpo2",138.777862528626,0.00147511960747381,0.0280922146954638,0.401670037565365,0.999960136967505
"Dhps",164.64272363058,-0.000606845564539876,0.0215409779915168,0.67080028425176,0.999960136967505
"Wdr83",74.6682295188794,-0.00267573477082209,0.0415682974875473,0.277114833942764,0.999960136967505
"Wdr83os",194.57829977072,-2.55365975567338e-05,0.0189702676202448,0.984287198033905,0.999960136967505
"Man2b1",134.51462483372,0.000917666125071698,0.024969450716296,0.568799789462412,0.999960136967505
"Vps35",414.058072814868,-0.000145028988569263,0.0145885434374908,0.890556153949722,0.999960136967505
"Orc6",642.49723960994,-0.000781418280522487,0.0153365409602115,0.480556438976625,0.999960136967505
"4921524J17Rik",160.03137580659,-0.00747056863335731,0.0642674277452701,0.0687963732125753,0.999960136967505
"Dnaja2",883.20191788266,-0.000156771434122571,0.0125579215794673,0.873163257834025,0.999960136967505
"Neto2",103.826062576386,0.000815770074600889,0.0267294455049017,0.635112224383735,0.999960136967505
"Itfg1",253.738227918023,0.00014123998054174,0.0169533756869142,0.904582186775329,0.999960136967505
"Phkb",227.488701708032,0.000812176316337957,0.0203483330364842,0.546176170447937,0.999960136967505
"Lonp2",262.828465605389,0.00146394226525952,0.0238908552640806,0.336591050249932,0.999960136967505
"N4bp1",245.287620621008,-0.000192943003036736,0.0172214260914298,0.871469396414625,0.999960136967505
"Cnep1r1",154.628867446932,-0.0009816662052457,0.0239768765083595,0.525779995484937,0.999960136967505
"Heatr3",140.751183281721,0.000327528522278547,0.0216172177549256,0.820931750577255,0.999960136967505
"Tent4b",223.875460864359,0.000824753132281502,0.0205150368399028,0.542631997454598,0.999960136967505
"Adcy7",162.079140995214,-0.000781892729241323,0.022451843501073,0.594896036082134,0.999960136967505
"Brd7",375.38724155187,-0.00116597773955495,0.0199769588986418,0.377948787680235,0.999960136967505
"Snx20",121.473129186586,-0.00259933993528037,0.0372252778479784,0.248244411746246,0.999960136967505
"Cyld",679.077780156556,-0.00152508263875672,0.0197119510733311,0.256602281768739,0.999960136967505
"Chd9",240.192881853063,0.00147311368799835,0.0250520546248943,0.352939532552125,0.999960136967505
"Rbl2",409.63987342479,0.000674764591482035,0.0167593025713181,0.560631737322716,0.999960136967505
"Fto",267.787906455667,0.00188327842477761,0.0267553347621399,0.262391447251598,0.999960136967505
"Amfr",186.524886485489,-0.00057431538812165,0.0203184285971546,0.672169516910106,0.999960136967505
"Nudt21",893.570696312303,-0.0011888102671408,0.0165322900510094,0.320487001335378,0.999960136967505
"Mt1",127.243412353943,0.00446410367998566,0.0495382064386967,0.136299839173852,0.999960136967505
"Nup93",194.419212592015,-0.000405171722738216,0.0193567870845207,0.756981062924312,0.999960136967505
"Herpud1",266.092843505475,-0.0017284299407353,0.0258671167416772,0.289021832009331,0.999960136967505
"Nlrc5",725.127119241039,-0.00059513954997983,0.0141046825938359,0.571510717814298,0.999960136967505
"Psme3ip1",225.456882051261,-0.000192387670226063,0.0177305657276294,0.874872812713742,0.999960136967505
"Rspry1",208.442904465877,0.000553219403922243,0.0199874649825748,0.679462082538834,0.999960136967505
"Arl2bp",234.305936438713,0.000664574445885951,0.0193476511749821,0.608105919374431,0.999960136967505
"Ciapin1",247.285842718561,-0.000729426129535436,0.0194017393570112,0.573608394500491,0.999960136967505
"Polr2c",407.827337367821,-0.00213390697414368,0.0264620813050272,0.204976905043281,0.999960136967505
"Cfap20",199.371816381766,-0.00150820070633626,0.0259077847631206,0.355604408188805,0.999960136967505
"Csnk2a2",392.843825940613,-0.000478920463489459,0.0157714201071027,0.666440574003155,0.999960136967505
"Gins3",111.82282166825,0.000561740832229287,0.0242509795019447,0.723999033301992,0.999960136967505
"Setd6",74.6434517985693,-0.000476896755108114,0.0277869572903921,0.789986947354815,0.999960136967505
"Cnot1",660.457487872366,-0.00045970748019677,0.0142919257742693,0.660888312271938,0.999960136967505
"Got2",506.615141091118,0.00066084908878155,0.0156562167162966,0.551850025273224,0.999960136967505
"Cklf",225.820219920385,0.000108435173499277,0.0175887312926437,0.928885345846279,0.999960136967505
"Dync1li2",111.397042337419,-0.00193018517610531,0.033256384105774,0.342801997455778,0.999960136967505
"Nae1",209.494326671584,-0.00210732178194379,0.0299201231736705,0.255088313655312,0.999960136967505
"Ciao2b",415.61742178642,-0.000878549461712305,0.0178170248531318,0.468885018472615,0.999960136967505
"Cbfb",427.479328570717,0.00165183933276516,0.0226733800620821,0.262278635818571,0.999960136967505
"E2f4",247.732174346809,-0.000113023449367717,0.0174254377761274,0.925304316569355,0.999960136967505
"Tmem208",273.265761313579,-0.00151185376031137,0.0241940043092265,0.326145783108381,0.999960136967505
"Atp6v0d1",87.2728047932783,-0.00116855461571856,0.0298007593454526,0.532367547725655,0.999960136967505
"Ctcf",882.61481117519,-2.50809993586152e-05,0.0124885586522644,0.979536082032185,0.999960136967505
"Carmil2",75.7465449388055,0.00466229388954502,0.054627753416693,0.146596343039807,0.999960136967505
"Acd",83.1876729014553,-0.00166046842847886,0.0335139615411586,0.41860122052908,0.999960136967505
"Ranbp10",104.267727362227,-0.000127735470641185,0.0242285998701949,0.936540130666497,0.999960136967505
"Psmb10",892.288887951228,-0.00596108508764655,0.0446679399149738,0.0510195418315662,0.999960136967505
"Nfatc3",450.071360714505,0.000943073154778996,0.0176137694376723,0.43447037707121,0.999960136967505
"Slc7a6",105.499601007672,0.000801285015441492,0.0259332913394189,0.632257735024499,0.999960136967505
"Slc7a6os",111.338826958046,-0.000249710296297701,0.0232731386220374,0.871767968706963,0.999960136967505
"Prmt7",140.705027933668,0.00223825253821222,0.0336713312075055,0.276282409038265,0.999960136967505
"Tango6",76.176881332431,0.0141209620737917,0.102125398654004,0.0337048864909595,0.999960136967505
"Utp4",205.200170549477,0.000617745437137492,0.0198762749887805,0.642013147401767,0.999960136967505
"Sntb2",86.8950274629423,-0.000399914464819222,0.0260862706357643,0.814201122902132,0.999960136967505
"Vps4a",122.315671719887,-0.00234773703862411,0.0362898807629516,0.285100986991089,0.999960136967505
"Cog8",80.419130365281,-0.000450585807486484,0.0272792819217605,0.798458149359294,0.999960136967505
"Nip7",333.943702078307,-0.000616996999339298,0.0171657420725215,0.600877068938175,0.999960136967505
"Terf2",201.974061234157,0.000723256412792951,0.0206455455052337,0.596919315783759,0.999960136967505
"Cyb5b",549.038069699865,-0.000291910758413716,0.013911425874099,0.77624373854884,0.999960136967505
"Nfat5",236.024964488913,-9.3327152491051e-05,0.0184993001606453,0.941341749662559,0.999960136967505
"Nob1",289.073998298507,0.00028171332079071,0.0167520301100441,0.808815261546211,0.999960136967505
"Wwp2",137.992754363923,0.000700619122354747,0.0231829968884,0.644714838364039,0.999960136967505
"Psmd7",925.091338801918,-0.00156305223833239,0.0187494794961443,0.236558933754979,0.999960136967505
"Dhx38",144.796742220185,0.000126274327631004,0.0208217120981663,0.928416895423249,0.999960136967505
"Dhodh",72.0805128841544,-0.00212079841941551,0.0382680376040188,0.353716592891609,0.999960136967505
"Ist1",158.705043436721,3.15597679547259e-05,0.020402472803281,0.981776686787859,0.999960136967505
"Ap1g1",318.661571069829,-0.00186633683729674,0.0256560744960708,0.250844606142874,0.999960136967505
"Vac14",89.5051571631063,0.00115685567979698,0.0294676983656029,0.532607267677636,0.999960136967505
"Sf3b3",453.075957507182,0.000926465963325447,0.0175533543959847,0.441296397897642,0.999960136967505
"Cog4",157.234352405061,-5.14563961734344e-05,0.0200839374735418,0.969877028511404,0.999960136967505
"Ddx19a",150.575633200809,0.000481493651059371,0.0214431109239517,0.736208953065214,0.999960136967505
"Ddx19b",85.8510555958303,0.000809228918113102,0.0278359445097926,0.649574572927705,0.999960136967505
"Aars",327.748525527924,0.000318221301500838,0.016343097508401,0.780399942566739,0.999960136967505
"Glg1",412.857418315908,0.00221054654696607,0.0265795494099544,0.192604879392488,0.999960136967505
"Rfwd3",302.782071110535,0.00098061031856014,0.019769664187693,0.453944894756341,0.999960136967505
"Mlkl",90.7876053301866,-0.00386386754646307,0.0481127703154822,0.175962249365233,0.999960136967505
"Znrf1",327.337410630125,-7.08534518143025e-05,0.0157037370540703,0.949111926527398,0.999960136967505
"Zfp1",131.491333731214,-5.63620037372617e-05,0.0215438778844813,0.968977197206831,0.999960136967505
"Cfdp1",576.470506277402,-0.000897623325937488,0.0163681787847314,0.436761262494671,0.999960136967505
"Gabarapl2",641.249321358202,-0.000418142386372555,0.0140349618901111,0.686679666839397,0.999960136967505
"Kars",219.902600814986,0.00010057688931395,0.0178395360820939,0.934810036243068,0.999960136967505
"Terf2ip",84.4213266326906,0.00085143661034766,0.0282691706001163,0.636711076267375,0.999960136967505
"Wwox",447.350306571831,0.005469301258796,0.0462938065467876,0.0703639544929284,0.999960136967505
"Cdyl2",181.431853643042,-9.73359063909791e-05,0.0190933460963309,0.940467818086137,0.999960136967505
"Cmc2",225.628303783635,-0.000143701819428185,0.0179031754358263,0.907196047001428,0.999960136967505
"Cenpn",87.9234456043753,0.000173003185989662,0.0254856411343892,0.917685905776648,0.999960136967505
"Gcsh",124.849789936018,0.00312211143595439,0.0405792292938807,0.201968791971269,0.999960136967505
"Gan",75.4586046162062,0.00021909578240604,0.0270174352981864,0.900690698747574,0.999960136967505
"Cmip",403.46219010545,0.0015811866529694,0.0225796513462866,0.280083468348191,0.999960136967505
"Gm56878",140.080294121282,0.00215535046459498,0.0329601378507937,0.285204335020203,0.999960136967505
"Mphosph6",246.583106960694,-3.99497077046798e-05,0.0170021809590804,0.973036725351536,0.999960136967505
"Hsbp1",364.414927357017,0.000326594873786361,0.0157900708107982,0.769076689579292,0.999960136967505
"Mbtps1",122.167467089073,0.00108762177145163,0.0268357769944631,0.52439292965204,0.999960136967505
"Cotl1",1027.69923088849,-0.00087563563686159,0.0144637640138151,0.424785277158915,0.999960136967505
"Usp10",250.979431654329,0.00220316815944188,0.0296728582344508,0.231726437101684,0.999960136967505
"Gse1",79.8859708539888,0.000199860500022212,0.0264823458563646,0.907903662293644,0.999960136967505
"Gins2",191.077401823768,-0.00179948827967574,0.0285251744007112,0.310299219306911,0.999960136967505
"Emc8",293.183392659176,-0.00377693093831543,0.0389193938847561,0.120719369435287,0.999960136967505
"Cox4i1",3079.78968097842,-0.000439243340493964,0.0118153628931432,0.663144131145635,0.999960136967505
"Map1lc3b",395.235524490361,-0.000853470558670532,0.0181143279839163,0.486504533572231,0.999960136967505
"Klhdc4",136.081440232258,0.000569685997272631,0.0226271616078972,0.703096088575692,0.999960136967505
"Gm42047",386.447895318577,0.00286643486148884,0.0331817438171079,0.16475911266404,0.999960136967505
"Slc7a5",600.286751859584,-0.000335559602005694,0.0137814886431678,0.743122289852678,0.999960136967505
"Banp",78.3151255758979,-0.000862564014048908,0.0289878865480254,0.639369769861347,0.999960136967505
"Zc3h18",376.35146951642,0.00036831803927104,0.015533478620373,0.737617804098232,0.999960136967505
"Cyba",2103.07897453273,-0.0052561081663636,0.0367074147473173,0.045375995609145,0.999960136967505
"Rnf166",204.433171376652,0.0020934132889802,0.0302263909770715,0.262342769748627,0.999960136967505
"Ctu2",83.6227771540619,0.00120342652221543,0.0304496301484167,0.5275665900224,0.999960136967505
"Piezo1",167.639565868298,0.000962742821672713,0.0232835439399001,0.523066353182605,0.999960136967505
"Cdt1",241.459942800476,-6.04112681164367e-05,0.0171658575446608,0.959551672006806,0.999960136967505
"Aprt",716.457955280659,0.000365424730019504,0.013339692390992,0.717950159581446,0.999960136967505
"Trappc2l",175.111006248136,-0.00097209581752443,0.0231501760800018,0.516680915766279,0.999960136967505
"Ankrd11",2083.88064302503,0.0010750014433658,0.0139930299071606,0.341745993074511,0.999960136967505
"Spg7",127.284720774575,0.000239081264144417,0.0221284503569618,0.871695956421571,0.999960136967505
"Rpl13",24786.5505035493,-0.000541615094138385,0.0110569343623742,0.611611029874772,0.999960136967505
"Tcf25",587.208319598674,0.00117717412904804,0.0179720274609842,0.342408304757615,0.999960136967505
"Afg3l1",183.302518023395,0.000147646701952019,0.0190991715826368,0.909773194503475,0.999960136967505
"Ccsap",104.467645720004,0.00124029249348995,0.029101595880108,0.497765198917622,0.999960136967505
"Nup133",158.388028498875,0.00020965297711013,0.0202981411238818,0.878603065470838,0.999960136967505
"Taf5l",140.921750828056,0.000875417045461272,0.0240135704312882,0.573890576411483,0.999960136967505
"Urb2",96.0837549209289,0.00195227355209474,0.0343419009251445,0.350834734364941,0.999960136967505
"Galnt2",112.908529441543,0.00122232040796659,0.028053806822503,0.489997462706105,0.999960136967505
"Cog2",100.543827685872,-0.000527992716345316,0.0250767497097967,0.747513661157203,0.999960136967505
"Ttc13",211.424610980932,0.000202789279918381,0.0182327614505061,0.871190087202606,0.999960136967505
"2810004N23Rik",447.072667336726,0.000290802402753244,0.014968279916748,0.78622946330944,0.999960136967505
"Gnpat",124.371220650281,-7.7975281375918e-05,0.0221356795426172,0.958092580384579,0.999960136967505
"Egln1",408.68691757045,-0.000640408333812156,0.0164232598904735,0.575411138308561,0.999960136967505
"Tsnax",160.117424412758,0.000227095329392691,0.0202638214158754,0.868349980795915,0.999960136967505
"Ntpcr",78.5033957145304,-0.00113685444884733,0.0305431423268041,0.552200586589005,0.999960136967505
"Coa6",164.975560058359,-0.00183664122421628,0.0296447616837163,0.317019435325541,0.999960136967505
"Irf2bp2",626.926114897408,-1.13714368783617e-05,0.0135697554233341,0.991014739458209,0.999960136967505
"Tomm20",2088.26644222511,-0.0043500733259396,0.0322397617839025,0.0571669784639224,0.999960136967505
"Rbm34",257.112919136979,0.000178542870496185,0.0169422432604841,0.879429755905482,0.999960136967505
"Nrp1",71.5537842727222,-0.00161020438046546,0.0353530032534639,0.452318499469898,0.999960136967505
"Itgb1",374.448890984203,-0.00451192500244787,0.042674813777406,0.0955236644641569,0.999960136967505
"Alkbh8",164.094971668257,-0.000620015565965303,0.0217965480570092,0.667238463131406,0.999960136967505
"Cwf19l2",299.922871678268,-0.00053887782816096,0.0173413040098673,0.650633631947943,0.999960136967505
"Aasdhppt",229.694596539462,1.11624794634817e-05,0.0174197307936963,0.99261462023402,0.999960136967505
"Msantd4",78.4018095605049,0.00104235703632366,0.0299188440634132,0.579887093201972,0.999960136967505
"Casp4",91.4835042691951,-0.0103192408813831,0.0834525273818596,0.0514626260071707,0.999960136967505
"Dync2h1",149.937818751727,-0.00022888254636776,0.0216027440218574,0.874538139032873,0.999960136967505
"Dcun1d5",760.803191339022,-0.00200822662118272,0.0227596536909875,0.186692555600608,0.999960136967505
"Tmem123",269.316413974085,1.66729587340153e-05,0.0165309863637722,0.98848725061985,0.999960136967505
"Birc2",153.155435383177,0.00052362350301825,0.0215958265272205,0.715380262888041,0.999960136967505
"Ccdc82",230.88579839603,0.00136727334596163,0.0242975883233284,0.376582733794139,0.999960136967505
"Maml2",1391.66112724055,0.00428775647119325,0.0327864099811328,0.0611963423322529,0.999960136967505
"Mtmr2",157.813704137045,-7.00407763578076e-05,0.0205520002733726,0.959821269287683,0.999960136967505
"Cep57",377.378585622546,0.000733684776984114,0.0174080613415966,0.537942661209133,0.999960136967505
"Fam76b",338.051948052929,-0.000495054868390117,0.016504773056516,0.666050800600525,0.999960136967505
"Sesn3",484.772456573372,0.00112917837069127,0.0185368945806504,0.369082658720571,0.999960136967505
"Kdm4d",118.727223849371,0.000525700033208183,0.0236777669209609,0.736002147453843,0.999960136967505
"Cwc15",1008.75362952131,-0.00185757043405251,0.0207816552356094,0.194466025786308,0.999960136967505
"Ankrd49",153.516565654341,-0.000531784737947205,0.021691091031205,0.712137643430586,0.999960136967505
"Mre11a",288.401503396354,0.00225856108107176,0.0289455341226041,0.211920985888947,0.999960136967505
"Izumo1r",397.295723906482,-0.000709862485362338,0.0169318729241584,0.543414715093026,0.999960136967505
"Panx1",142.288424063639,0.000243463153302827,0.0211845382250579,0.864277428741367,0.999960136967505
"Med17",154.635833633632,-0.00280182446591802,0.0368555923195182,0.211209487611632,0.999960136967505
"Taf1d",1486.68937451628,-0.00107611879378635,0.0145305487185118,0.343442086039774,0.999960136967505
"Cep295",317.662433583921,0.000778215897903575,0.0183910406357926,0.530382159740734,0.999960136967505
"Smco4",153.830954931158,-0.000174234633345324,0.0203818579141665,0.899419038765647,0.999960136967505
"Chordc1",453.234710086691,0.000218850160219022,0.0143814960051905,0.834114127961276,0.999960136967505
"Zfp560",103.317442297391,0.000454445170200836,0.0245751827445627,0.778378054328997,0.999960136967505
"Zfp26",133.281861146758,0.000223479304609799,0.0216540586992224,0.87774329705216,0.999960136967505
"Zfp426",82.8327639900371,0.000568163562013928,0.028244736041035,0.753849605615649,0.999960136967505
"Zfp266",158.110513517983,1.45697287536757e-05,0.0202093778021014,0.991516374713277,0.999960136967505
"Ubl5",1096.71579158643,-9.43003194856894e-06,0.0122406891650387,0.992275496742562,0.999960136967505
"Pin1",409.280035766453,-0.00161184667999004,0.0225462609658682,0.271127626397179,0.999960136967505
"Ppan",184.918658809237,0.000804769293182274,0.021993882851909,0.57671471623256,0.999960136967505
"Eif3g",589.636119266125,0.00153482524378554,0.0202864970585714,0.261126442511797,0.999960136967505
"Dnmt1",1157.17070930369,0.00173467711340448,0.0191320153986175,0.203046313670996,0.999960136967505
"Mrpl4",284.380612488017,-0.000366701896743118,0.016921817612949,0.754289351268364,0.999960136967505
"Fdx2",220.626215365867,-0.000122418079230821,0.017785613919519,0.920475164073114,0.999960136967505
"Raver1",188.361006867051,0.0012485702014954,0.0244076138882934,0.422525753487382,0.999960136967505
"Cdc37",1091.24862714348,0.000464949724548948,0.0126836174925621,0.644833313822721,0.999960136967505
"Keap1",248.302027233468,-0.000412937963421412,0.0177975560500228,0.73476972682751,0.999960136967505
"Kri1",149.545023400324,0.00110679603179581,0.0250798058383399,0.490202993813071,0.999960136967505
"Cdkn2d",317.558668955937,-1.11310836193072e-05,0.0159508046894063,0.992095626503055,0.999960136967505
"Slc44a2",254.168434436605,0.000783345142685493,0.019496766138909,0.546591788937054,0.999960136967505
"Ilf3",366.358862580458,0.00257763230565797,0.0300327745666341,0.172270528485144,0.999960136967505
"Qtrt1",84.7885125330796,0.000227010199770645,0.025995598180976,0.893830716087863,0.999960136967505
"Dnm2",491.919183769032,-0.000337783706638911,0.0144994053824623,0.74810460576328,0.999960136967505
"AB124611",117.489005548375,-0.00137001082827758,0.0286529905530937,0.445770657750963,0.999960136967505
"Smarca4",395.864404869492,0.000682825320965908,0.0168300528994631,0.557127674875272,0.999960136967505
"Ldlr",145.543717266617,0.00110831426716449,0.0255836311300854,0.497513594194484,0.999960136967505
"Spc24",473.79781725231,-0.000209606916460192,0.0142857695513969,0.840380222875025,0.999960136967505
"Prkcsh",207.162928820524,5.18989144337387e-05,0.0182197718447873,0.966942543390394,0.999960136967505
"Elof1",246.312579786293,-0.00263225108964549,0.0335435690448312,0.201807395144926,0.999960136967505
"Acp5",119.642610665185,-6.7238275742112e-05,0.0226349825072344,0.964558720017159,0.999960136967505
"Pigyl",120.677915417676,-0.00102619191868313,0.0265600114826281,0.545241123588966,0.999960136967505
"Zfp809",161.941382818697,0.00129247612829979,0.0257737500562844,0.428845049155825,0.999960136967505
"Anln",233.313691486414,0.00194228239913073,0.0280027494127165,0.266092869903297,0.999960136967505
"Rp9",604.492078719824,0.000443751167734036,0.0140512581978119,0.669186526492961,0.999960136967505
"Bbs9",123.039098502683,-0.000626836847559916,0.0244185497140836,0.694668200578225,0.999960136967505
"Dpy19l1",186.101337449622,0.000293041584363304,0.0196673417435641,0.825921861751157,0.999960136967505
"Herpud2",93.9555435535534,0.00147775445443407,0.0313058526625938,0.446372650149438,0.999960136967505
"Septin7",1953.69785769903,-9.07959161891964e-06,0.0114386171492506,0.992603337959286,0.999960136967505
"Thyn1",364.918938000585,-0.000382566020052705,0.0157569602201775,0.730442327540137,0.999960136967505
"Vps26b",105.119993381574,0.000775171237623647,0.0258322986002333,0.642552002173457,0.999960136967505
"Ncapd3",497.552263154357,-0.000593875479373993,0.0153289734831209,0.587342659585423,0.999960136967505
"Snx19",90.9015561524238,-0.00122056934602172,0.0298190494739675,0.513974692625148,0.999960136967505
"Zbtb44",137.064860085294,0.00192398054558461,0.0314949651405315,0.320723404132949,0.999960136967505
"Aplp2",112.550140530818,0.00145876888300606,0.0296652255977415,0.430414867331004,0.999960136967505
"Prdm10",113.112281326609,0.000173477344204193,0.0233534085615193,0.911084483748119,0.999960136967505
"Nfrkb",128.154710558862,0.000102220346965941,0.0222197321701979,0.945252160798708,0.999960136967505
"Fli1",856.823003722516,0.000771001217453306,0.0144101089901076,0.475379042978343,0.999960136967505
"Ets1",2524.68542129536,-0.00075626895493884,0.0123796587741004,0.476177197166917,0.999960136967505
"St3gal4",257.904603445482,0.000275861948697718,0.0171568579377476,0.8162237916477,0.999960136967505
"4930581F22Rik",89.211169136021,9.82790272214629e-05,0.0251744405531587,0.952723301860496,0.999960136967505
"Dcps",371.993416516328,-0.000755114198767873,0.0176260530094488,0.529839235052806,0.999960136967505
"Srpr",262.641842926446,-0.00149887523071068,0.0244727863426355,0.334880202307808,0.999960136967505
"Fam118b",193.126764832123,-0.000826115787566137,0.0214836351043282,0.558064642178447,0.999960136967505
"Rpusd4",94.74988922908,-0.000672208082626159,0.0263848077205947,0.693768739146889,0.999960136967505
"Pus3",91.0093424935526,-0.00310540657004413,0.0429312909726168,0.224264062827377,0.999960136967505
"Chek1",221.475876896827,0.000591150336907942,0.0193552486040923,0.649312715499819,0.999960136967505
"Stt3a",326.845268749864,-0.00471124241795721,0.0436565915701401,0.0902172493612889,0.999960136967505
"Ei24",130.79276424437,-0.00211528583783171,0.0332277470019797,0.297739790881314,0.999960136967505
"Ccdc15",71.8958678099095,0.0013536029322725,0.0326069886370527,0.501129807478383,0.999960136967505
"Msantd2",112.27130859287,0.000272224092588699,0.0236244587870364,0.862058898495525,0.999960136967505
"Tbrg1",669.929473587074,-0.00167286096179294,0.0213698995664069,0.239824041576358,0.999960136967505
"Vwa5a",104.630507098024,-0.00168896408865331,0.0318277116103058,0.389336391360088,0.999960136967505
"Gramd1b",623.579485976291,0.000343676304254151,0.0139350090843677,0.738562456392756,0.999960136967505
"Hspa8",3967.57543251497,-0.000498329928425087,0.0115480901435095,0.627533166405938,0.999960136967505
"Sorl1",100.909278387277,0.001637315533898,0.0323199756152544,0.410732258082727,0.999960136967505
"Sc5d",193.114075673258,-0.000193515063939086,0.018754021740426,0.879966851651098,0.999960136967505
"Tbcel",104.287123378234,0.000377949863709321,0.0247979350858044,0.816689298198685,0.999960136967505
"Arhgef12",96.3843190023841,0.00402850565449667,0.0486133271646557,0.164413009430349,0.999960136967505
"Gm39323",117.490590359114,-6.86962320301236e-05,0.0225676440074635,0.963696249854541,0.999960136967505
"Thy1",774.542383620952,0.000226651724195361,0.0128380779212202,0.819080408145181,0.999960136967505
"Cbl",490.704168727817,0.00120409627340729,0.0189335394604618,0.346557279870657,0.999960136967505
"Hmbs",159.959973030255,-0.000271112754512645,0.0204612547195548,0.844295360335171,0.999960136967505
"Hyou1",178.135482850995,-0.000564320003777666,0.0214461796684369,0.692027851184808,0.999960136967505
"Trappc4",431.603149052509,-0.000288056255194457,0.0147225990934901,0.785988100519426,0.999960136967505
"Rps25",6911.58559145081,-0.00139268033249917,0.0148180234719287,0.25063450989081,0.999960136967505
"Ddx6",916.730280778574,-0.000230620285051835,0.0126306699690914,0.815221563969274,0.999960136967505
"Arcn1",540.079138328806,-0.000392431413268908,0.0142486341711554,0.706811344674142,0.999960136967505
"Ift46",89.6374395263262,0.000783400267208157,0.0273310834039496,0.655227206478745,0.999960136967505
"Kmt2a",977.669257978733,0.000863832491719411,0.0144981005682723,0.43054221962812,0.999960136967505
"Atp5l",2275.50317807748,-0.00025382057495495,0.0115827591608716,0.797438531805476,0.999960136967505
"Ube4a",219.390934780329,0.000620784035018193,0.0195459715390434,0.635461684504555,0.999960136967505
"Cd3g",1629.79809150111,-0.000420321622771901,0.012178721045423,0.674626781902929,0.999960136967505
"Cd3d",1663.30127442693,-0.000424201628949337,0.0123900849474078,0.671932444015457,0.999960136967505
"Cd3e",1371.97995891085,0.000789123360367435,0.0134130615953614,0.459400073771121,0.999960136967505
"Cep164",101.498881116891,0.000298029781185053,0.024485034023259,0.85361591429479,0.999960136967505
"Rnf214",127.614996434131,-0.000209034804602632,0.0222576741361611,0.888337430932461,0.999960136967505
"Pcsk7",103.965159899762,0.00049853820545194,0.0250887012943944,0.761443380044097,0.999960136967505
"Sidt2",138.326075271939,-0.000899654022478065,0.0243057849440693,0.567221607807852,0.999960136967505
"Pafah1b2",259.583053037553,-0.000569300163281768,0.0184703019217807,0.648975166057495,0.999960136967505
"Sik3",523.827225640684,-0.000529937033814287,0.0148535071784068,0.621227107824839,0.999960136967505
"Zpr1",136.339059795157,-0.000172890720861899,0.0213768294032284,0.904275831739877,0.999960136967505
"Bud13",99.3853334336767,-0.00173657912327149,0.032599123718174,0.385918727821295,0.999960136967505
"Rexo2",1623.15875071855,0.000211754575383669,0.0116469881253567,0.829532225854649,0.999960136967505
"Rbm7",278.98383927397,-0.00103526000966396,0.0207946811369191,0.447392630459751,0.999960136967505
"Gm5617",74.1446485179833,-0.000840554021688892,0.029833237249711,0.655725145361517,0.999960136967505
"Usp28",72.9724819708162,0.00148391417560963,0.0336681590143982,0.471909046624233,0.999960136967505
"Zw10",135.280785099972,8.44774855023757e-05,0.0214059921317863,0.953245510325385,0.999960136967505
"Rpl10-ps3",81.8980469159434,-0.000528978112387594,0.0271343272919407,0.763026107341177,0.999960136967505
"Pts",156.319343309219,0.00243169711129667,0.0343784779082388,0.246238656148369,0.999960136967505
"Sdhd",391.722843036628,-0.000564204703032594,0.016772035896841,0.626686842164935,0.999960136967505
"Timm8b",271.690706819792,-0.000701047501863451,0.019486214826098,0.590326062202072,0.999960136967505
"Nkapd1",185.914512558673,-0.00183330020780494,0.0289209769579979,0.307158920171754,0.999960136967505
"Dlat",158.537796827839,0.000227406123593652,0.0202422958679992,0.868048346913792,0.999960136967505
"Ppp2r1b",84.2195712210553,0.000566115746999991,0.0272680045190552,0.747758148388115,0.999960136967505
"Sik2",194.692430439058,-0.000412651619177776,0.0210026663522409,0.769246602456562,0.999960136967505
"Fdx1",209.718212701568,-0.0011006438227972,0.0227846745868954,0.454218487599029,0.999960136967505
"Rdx",790.482472380285,-0.000591665988018629,0.0140267037588508,0.572843775797186,0.999960136967505
"Ddx10",481.114360743109,0.000324008198565907,0.014425513221498,0.757290132215759,0.999960136967505
"Atm",523.689803886689,0.00715514485096442,0.0515814560570133,0.0446639377419641,0.999960136967505
"Npat",348.186287724119,0.000641844894322412,0.0172775203394991,0.588018917635339,0.999960136967505
"Acat1",528.740005337791,-0.000493700514621732,0.0149537238660726,0.64606471306486,0.999960136967505
"Cul5",304.917175757635,-6.52400832434146e-05,0.0159206101631036,0.953623868688878,0.999960136967505
"Idh3a",230.476499048348,-0.000644899975468793,0.0193358576569365,0.618837376695478,0.999960136967505
"Skic8",328.988767663079,-0.00177782085567512,0.0248696875521244,0.26126360610787,0.999960136967505
"Ireb2",223.262367167519,0.000794902518318792,0.0204798781907415,0.557187833282033,0.999960136967505
"Ube2q2",159.731602755022,0.00144050932343375,0.0270536989278649,0.39693231293462,0.999960136967505
"Fbxo22",82.4286309761774,-0.00076426071516843,0.027994552694256,0.669700434163643,0.999960136967505
"Etfa",533.346144274437,0.000469654112854987,0.014545107893383,0.657059844108171,0.999960136967505
"Scaper",355.045245113078,0.00432145433916972,0.0406067542705828,0.0949873277454318,0.999960136967505
"Rcn2",122.246120590815,0.00137290988315492,0.0285008659442048,0.442541248524593,0.999960136967505
"Pstpip1",293.044614655529,-0.000582621992085291,0.0184747702691113,0.641255898888458,0.999960136967505
"Tspan3",77.3408073494169,0.000342766762682992,0.0270884364373428,0.845345532429724,0.999960136967505
"Peak1",440.34916827279,-0.00053218084882354,0.0155603694548437,0.629189498819176,0.999960136967505
"Hmg20a",215.214569586984,0.00236569165213845,0.0322668214650388,0.232957532910167,0.999960136967505
"Imp3",443.26232673807,-0.00675157646394076,0.0522354853271211,0.0541695947911602,0.999960136967505
"Snupn",103.239707367293,-0.000224378185740303,0.0239320434630204,0.887472251949722,0.999960136967505
"Ptpn9",482.350249609136,-0.000479642194601419,0.0149729550459113,0.655583082638205,0.999960136967505
"Sin3a",230.929798119369,0.000744908784938496,0.0200372551497138,0.575816686470034,0.999960136967505
"Commd4",208.902069661385,-0.000140417596022539,0.0181932135292616,0.910534056169857,0.999960136967505
"1700017B05Rik",84.8889860070533,0.00853762460832744,0.0764868926342676,0.0673041819362364,0.999960136967505
"Ppcdc",97.393666546193,0.000534390655367813,0.0254629846682943,0.747776816958876,0.999960136967505
"Cox5a",2302.4116451423,-0.000886444645418555,0.0130837298509294,0.414234260235875,0.999960136967505
"Scamp2",150.863803248382,-0.00193244532457279,0.0308407739289258,0.309372336417025,0.999960136967505
"Csk",566.410314242915,-0.000473390541390323,0.0143694356881532,0.652543802134853,0.999960136967505
"Edc3",101.722202673224,0.00138622650863212,0.0298475925347441,0.457039971914654,0.999960136967505
"Clk3",147.619564425226,-0.00215361872973683,0.032712755866856,0.282355688812426,0.999960136967505
"Arid3b",105.597961321022,0.00141490836020504,0.0297632066124846,0.446285186054538,0.999960136967505
"Ubl7",153.326492911773,-0.00847154233126155,0.0690665383425713,0.0589386702275705,0.999960136967505
"Sema7a",73.9117919925585,-0.00184826035016583,0.0357922625776641,0.393424665139047,0.999960136967505
"Pml",339.185777354305,-0.00771334634627174,0.057665328184913,0.0487546287058374,0.999960136967505
"Adpgk",102.384844963158,0.000626014239436054,0.0256411033338773,0.707346769268662,0.999960136967505
"Arih1",712.829593343917,0.00143691267287289,0.0189889243009593,0.271844323344299,0.999960136967505
"Pkm",2173.42214307303,-0.00333642693192613,0.0260870451895378,0.0769805108382214,0.999960136967505
"Myo9a",169.89517562273,0.000137374880132625,0.0195684664509819,0.917788253980696,0.999960136967505
"Tle3",109.673536053951,0.000356520537647937,0.0239962402017457,0.822073244022297,0.999960136967505
"Rplp1",29567.91197132,0.000392927091788584,0.0107754890904632,0.711983071617413,0.999960136967505
"Anp32a",1897.46625492867,0.000253998918189815,0.0115189225765806,0.79765813094473,0.999960136967505
"Fem1b",91.7155080407569,-0.00128214162130879,0.0300882708989315,0.495729307864672,0.999960136967505
"Pias1",306.976652891568,0.000276110380862214,0.016448730544846,0.809909161317247,0.999960136967505
"Map2k5",256.791484008391,0.000528736019657847,0.0184008059153849,0.671919144464834,0.999960136967505
"2300009A05Rik",114.341224166931,-0.000778628678094683,0.0254757139066549,0.636860735922572,0.999960136967505
"Aagab",85.2474969575121,2.04460455858948e-05,0.0255887555584616,0.990294828610519,0.999960136967505
"Smad3",148.93682794471,0.00245576502815519,0.0351258122785894,0.250571433961,0.999960136967505
"Zwilch",262.390735602323,0.000769717546473271,0.0192326182348504,0.54927193160852,0.999960136967505
"Rpl4",7574.51611361082,0.000484372238998901,0.0110974622245294,0.644703071797215,0.999960136967505
"Snapc5",129.447013939736,0.00019379861603217,0.0219387373359022,0.89513952572341,0.999960136967505
"Map2k1",183.740160197737,-0.00106439016251163,0.0238924831613156,0.488579624858601,0.999960136967505
"Tipin",873.932930910173,-0.000313900589833272,0.0127691556290814,0.752356879990105,0.999960136967505
"Rab11a",261.346864002914,-0.000400978319164296,0.0174621678789121,0.73836492953433,0.999960136967505
"Dennd4a",231.754939436248,-0.00289510375258927,0.0347083926977418,0.175946831876704,0.999960136967505
"Ints14",116.686310490784,-0.00207467113962143,0.033744090631279,0.31379689267827,0.999960136967505
"Hacd3",176.11100007451,-9.84815400387562e-05,0.0192595143628371,0.940218593524673,0.999960136967505
"Dpp8",333.09380188323,-0.000329386610912996,0.0161070732918492,0.770430559519313,0.999960136967505
"Clpx",213.837360573396,-0.00155739969398814,0.0261737873793215,0.344190413957713,0.999960136967505
"Pdcd7",126.713846804713,-0.00173206040942113,0.0308384050388169,0.363351386477329,0.999960136967505
"Spg21",163.852371140828,-0.000331521728113992,0.0203783033409327,0.809220504737219,0.999960136967505
"Zfp609",214.818545464988,2.59903692969959e-05,0.0182283878505007,0.983450050032102,0.999960136967505
"Trip4",124.824172053063,0.000964852727972443,0.0255238974291686,0.556289269934607,0.999960136967505
"Pclaf",1910.60426142009,-0.00100858407542093,0.0138453927006661,0.365642609524186,0.999960136967505
"Csnk1g1",542.79594417006,0.0024046664274619,0.0367692218892731,0.279209763321604,0.999960136967505
"Ppib",1750.5639187155,-0.00317607412366331,0.0394758389346402,0.185136263917488,0.999960136967505
"Snx1",214.738329938941,0.000196824532591165,0.0180410475714347,0.873843777516966,0.999960136967505
"Ciao2a",462.168724263814,-0.000697328180499254,0.0161211205154164,0.53773893974823,0.999960136967505
"Herc1",524.163668201308,0.0011644313447339,0.0188593366257761,0.360363122875402,0.999960136967505
"Gm28379",75.513579382638,0.000411302832980291,0.0297190413509084,0.827574882181424,0.999960136967505
"Usp3",576.662874028882,0.00111953308112557,0.0179173552448665,0.363496779020807,0.999960136967505
"Car12",118.804590416414,0.00273408104684343,0.0389382066597994,0.243292160895542,0.999960136967505
"Rab8b",706.305078398251,0.000427808761406856,0.0136181186118102,0.676057087065669,0.999960136967505
"Rps27l",2371.02218495766,-0.000701591975612066,0.0122911168712164,0.504254120707955,0.999960136967505
"Lactb",105.50342143654,0.00330967580583079,0.0431512455249821,0.200076409003137,0.999960136967505
"Tpm1",128.241936588405,-0.00122526414928206,0.0275089417378993,0.481070360254741,0.999960136967505
"Vps13c",266.150562055061,0.00142034388584242,0.0240668982381176,0.354139289184682,0.999960136967505
"Ice2",101.240718103499,-0.000353338272940478,0.0247333553652592,0.828141680770146,0.999960136967505
"Anxa2",140.655283227222,0.000277871701669331,0.021409363319576,0.846621759313766,0.999960136967505
"Bnip2",392.16356655382,-0.00147881702248343,0.0218479482657326,0.299075130423771,0.999960136967505
"Gtf2a2",481.045217866229,-0.00670602727348849,0.0505753318913945,0.0507354945596837,0.999960136967505
"Ccnb2",503.726268803337,0.000983766426289233,0.0174207187290901,0.412832793269969,0.999960136967505
"Rnf111",271.802907074148,0.0013348932024113,0.022886343193498,0.363965376555858,0.999960136967505
"Sltm",959.899459847749,0.00123185363925877,0.0165502359159326,0.306392969038534,0.999960136967505
"Mindy2",220.056506619313,-0.000195362168732248,0.0182154570979517,0.875786899017464,0.999960136967505
"Adam10",471.761752828843,0.00197012054031332,0.0244062474233083,0.211936622325612,0.999960136967505
"Polr2m",335.516710067551,-0.000853593406641989,0.0185041677759765,0.493168433536028,0.999960136967505
"Tcf12",709.104672823271,0.000829357479719131,0.0153678107362803,0.45647870428226,0.999960136967505
"Zfp280d",513.647984272861,0.000587287371753819,0.015208957588654,0.589753866663753,0.999960136967505
"Tex9",216.280179428557,0.000438127672920408,0.0187205613692227,0.730244483364633,0.999960136967505
"Rfx7",728.128231430738,0.000734992356931502,0.0147704774322191,0.498289532158797,0.999960136967505
"Nedd4",124.145932138427,0.00358953471069352,0.0454848864634499,0.185963180658405,0.999960136967505
"Pigb",78.0149674762511,0.00169374981948303,0.0341977078773369,0.417098227777763,0.999960136967505
"Pigbos1",163.377166751621,-0.000440506972759836,0.0207889399933141,0.751742548132774,0.999960136967505
"Rab27a",101.794930420784,6.3392459552413e-05,0.0238681909056331,0.968086074839891,0.999960136967505
"Rsl24d1",357.475441793705,-0.00269411407550041,0.0307970758251378,0.163936977802761,0.999960136967505
"Atosa",89.0427000674738,0.00154736731485528,0.0321915303941049,0.435913107630859,0.999960136967505
"Arpp19",1127.46592535663,-0.000363043515284543,0.0123904881543586,0.715077661485569,0.999960136967505
"Myo5a",322.475216246502,0.000256640897260418,0.0161432882535681,0.820608719596444,0.999960136967505
"Mapk6",158.343969805281,-0.000815655220021004,0.0234004224848262,0.592625318198502,0.999960136967505
"Leo1",168.700849270403,-9.0614800369277e-05,0.0195716628273537,0.945754338992837,0.999960136967505
"Tmod3",483.963726339705,-0.000694549879511855,0.0160106479022679,0.537646799159145,0.999960136967505
"Gclc",162.513305235245,0.00278262056379264,0.0363778210839905,0.209132053340374,0.999960136967505
"Elovl5",256.754291409898,2.9517345286145e-05,0.0167686771801907,0.97985152109741,0.999960136967505
"Fbxo9",73.9540489205166,-0.000812623014860643,0.0298232114909936,0.666509964045554,0.999960136967505
"Ddx43",77.2035178036582,-0.00182579739530654,0.035493092378127,0.396007387601253,0.999960136967505
"Cgas",229.308317344444,-0.00277165590090725,0.0340392114212677,0.18615843562022,0.999960136967505
"Eef1a1",25021.4092152624,-0.00121539126418042,0.0127034994392117,0.301436361434693,0.999960136967505
"Cox7a2",1420.26201424051,-0.000411862555121846,0.0123848976684655,0.680470675116836,0.999960136967505
"Tmem30a",440.913984521809,-0.00183693418598546,0.0237421605853432,0.231847144073008,0.999960136967505
"Senp6",958.938592924836,-0.000368377801763889,0.0126797328055132,0.712037290416059,0.999960136967505
"Phip",888.487152272204,-0.00169102975778221,0.0199685302147535,0.219855311665065,0.999960136967505
"Ttk",205.114839556263,0.000205874203287595,0.01929507464255,0.875415967811292,0.999960136967505
"Bckdhb",116.640422578642,-0.000207883163718393,0.0233164790697063,0.893350475578145,0.999960136967505
"Tent5a",186.164570272222,-0.00303588421927921,0.0545450231374473,0.261814059438561,0.999960136967505
"Ibtk",245.764749653883,0.00026782687150063,0.0173867122337574,0.823414299508654,0.999960136967505
"Dop1a",205.001975309423,0.00228163375285988,0.03123517091812,0.236212880949869,0.999960136967505
"Cyb5r4",133.914849005517,-0.00147805444932502,0.0285550513719625,0.407785894570513,0.999960136967505
"Cep162",215.299986075636,0.000234819451262299,0.0185256525230922,0.852958634255759,0.999960136967505
"Syncrip",1469.45938609014,0.00013818328583929,0.0117024339588525,0.887586547106999,0.999960136967505
"Snhg5",541.841633742667,0.000484169660667329,0.0145445395384248,0.647369510720751,0.999960136967505
"Bcl2a1b",115.518164734543,-0.00408477730094068,0.0479431856244341,0.155801174373455,0.999960136967505
"Tmed3",107.568235659014,-0.00225480507426609,0.036152011803041,0.302707722984411,0.999960136967505
"Plscr1",122.342656441526,-0.000708452486429532,0.0245380431450402,0.657718534306951,0.999960136967505
"Dipk2a",85.4136004434579,-0.000496954543302471,0.0265516667470235,0.773142354491083,0.999960136967505
"U2surp",1044.98412679776,-0.000450081208311014,0.0130015663040729,0.656264480154729,0.999960136967505
"Atr",236.887394993293,0.000623060513882121,0.019141642258134,0.628105156749887,0.999960136967505
"Xrn1",571.300446432552,-0.00105556963490422,0.0175919547227141,0.38449083185927,0.999960136967505
"Tfdp2",199.640816730654,-9.41290077658954e-05,0.0184514264145942,0.940706845437584,0.999960136967505
"Atp1b3",936.510165157275,0.000967918192557901,0.0152346537022161,0.391135150937909,0.999960136967505
"Rnf7",513.91912448366,-0.00047292923849363,0.0147627598004948,0.657456052717664,0.999960136967505
"Rasa2",505.004287753857,0.000135312969214406,0.0138744552303045,0.894728244469665,0.999960136967505
"Zbtb38",225.286263608893,-0.000248088753381498,0.0182135405398489,0.842466744718311,0.999960136967505
"Slc25a36",187.04122585236,-0.000489042943465554,0.0206348025718617,0.723196776998418,0.999960136967505
"Copb2",521.659542094854,-0.00274037621163442,0.028750855331694,0.139672582064761,0.999960136967505
"Mrps22",224.508368968617,-3.20087005582614e-05,0.0176777570267729,0.979082100862272,0.999960136967505
"Faim",180.58028265845,-0.00152403330919797,0.0270062152825294,0.368391230901816,0.999960136967505
"Cep70",105.614925605548,-0.000372238925130086,0.0246859418846125,0.818738205099498,0.999960136967505
"Armc8",233.350334294091,0.00520891215983916,0.0485289196387781,0.0896861800075289,0.999960136967505
"Dbr1",144.042070514591,0.00150869912314742,0.0280823576735152,0.390464648273032,0.999960136967505
"Nck1",243.821104533981,0.000344136634188788,0.0177564999275754,0.777691190481103,0.999960136967505
"Stag1",1213.88874652715,0.00172856671911762,0.0187318761135816,0.200951651277905,0.999960136967505
"Msl2",207.364610907411,-0.000901122036821976,0.0215887906418628,0.523410107019199,0.999960136967505
"Cep63",87.3120520893418,0.000218057533638346,0.0257946131808969,0.897346377545421,0.999960136967505
"Anapc13",211.236609442098,0.00143659649986016,0.0249939694123182,0.364242863606731,0.999960136967505
"Ryk",72.7465556871836,-0.000835175109683505,0.029560270455348,0.655430433327127,0.999960136967505
"Srprb",80.191851418598,-0.00284689383375027,0.042359136887204,0.256505456324366,0.999960136967505
"Topbp1",881.092785037648,0.000450709051474005,0.0131022094945228,0.656424936622335,0.999960136967505
"Cdv3",727.453230389632,-0.000636488633254276,0.0147693427880349,0.554199221994487,0.999960136967505
"Uba5",184.524190460652,-0.000121011010310962,0.0189595649416184,0.925554697199617,0.999960136967505
"Dnajc13",324.150563383134,0.000439585351933733,0.0164749722581573,0.701355938970371,0.999960136967505
"Mrpl3",316.37132272703,-0.00138180754489696,0.0223946845322258,0.33918827208342,0.999960136967505
"Nudt16",73.5744772393267,-0.00105907550248644,0.0307209684673763,0.582030588477147,0.999960136967505
"Atp2c1",108.044648902264,0.00107323762482651,0.0275896824373753,0.540374885893173,0.999960136967505
"Wdr82",439.018343401834,0.000383762221261416,0.0152486670078855,0.723778488327634,0.999960136967505
"Ppm1m",77.0553561441376,-0.00102481311839202,0.0301369057551203,0.588667926489842,0.999960136967505
"Twf2",344.608966835923,0.000319473762072935,0.0157798796601414,0.773883678119165,0.999960136967505
"Alas1",123.63346959848,-0.000577320219992359,0.0235027601752442,0.708841567305477,0.999960136967505
"Dusp7",99.0172436444794,-2.42096155649543e-05,0.0246907643984134,0.988158240630176,0.999960136967505
"Rpl29",837.137152608743,-0.0071899017643215,0.0485714440216939,0.0376098175937077,0.999960136967505
"Rrp9",210.772754557695,-0.00102071223483406,0.0222916787789014,0.480356674978678,0.999960136967505
"Tex264",96.7477206871017,-0.00090921542403445,0.0274885574225096,0.604759216705412,0.999960136967505
"Rad54l2",173.865221911892,0.00115017806165625,0.0243706910587828,0.460865447339844,0.999960136967505
"Dcaf1",353.556395536255,0.00367379621891824,0.03673365652524,0.113837814042041,0.999960136967505
"Manf",1436.66557801526,-0.00326017614083259,0.0424000262572871,0.200041298013123,0.999960136967505
"Rbm15b",109.510861190698,-0.000272889254030852,0.0236426690612878,0.861815341510813,0.999960136967505
"Mapkapk3",141.667965705258,0.000306450935405807,0.0214168771537598,0.831004394644053,0.999960136967505
"Cish",938.995867051347,0.000566987255012862,0.0133223242722922,0.582152414291889,0.999960136967505
"Hemk1",233.641975428448,-0.00113964926442943,0.0224130459989719,0.431314339631817,0.999960136967505
"Cyb561d2",86.2313141187472,-0.00107206776870936,0.0293473974865962,0.562510288612674,0.999960136967505
"Rassf1",163.973281481098,0.0003660087986685,0.0204173571416144,0.789942558465941,0.999960136967505
"Ifrd2",192.132834470283,0.000208598545901601,0.0188268052859909,0.871079487527779,0.999960136967505
"Gnai2",2001.30649688784,0.000172433210473669,0.0114506874115937,0.861096831592869,0.999960136967505
"Rbm5",540.215525152399,0.00115034592358409,0.0181349190279048,0.354783611629803,0.999960136967505
"Rbm6",613.926901476812,0.00140517008139585,0.019261314339067,0.284423467034977,0.999960136967505
"Traip",75.4521441718156,0.000159572425982757,0.0273117722167801,0.928237167146611,0.999960136967505
"Uba7",111.000339805637,-0.00091250839471827,0.0268514447737754,0.595830971155504,0.999960136967505
"Ip6k1",153.640080393568,8.68559516363711e-05,0.0203094882990385,0.949658818897882,0.999960136967505
"Rnf123",94.4665004672512,0.00071681095923075,0.0264474016339386,0.67480491564676,0.999960136967505
"Rhoa",1273.50785015175,-0.00088072282740754,0.014196616340939,0.420443201141456,0.999960136967505
"Gpx1",752.754326559118,-1.42283513567214e-05,0.0128066852953906,0.988473342806065,0.999960136967505
"Usp4",180.219636688664,-0.000420815213337126,0.0200785761498294,0.755478439581223,0.999960136967505
"Ccdc71",92.1666290583477,-0.00016484108505208,0.0250909664428891,0.92052900292137,0.999960136967505
"Usp19",150.924464952641,-0.00041930124653336,0.0214758398538737,0.770057003966113,0.999960136967505
"Qars",134.154130269337,0.000288782537477532,0.0217864977887503,0.84304785772597,0.999960136967505
"Qrich1",284.070998487719,0.000578420243107389,0.0178048873938754,0.633668182159799,0.999960136967505
"Impdh2",952.21283141311,-0.000907469403846902,0.0148135398068102,0.413413588670308,0.999960136967505
"Ndufaf3",86.3281118111603,-0.000106344506719175,0.0259916144933666,0.950188967452941,0.999960136967505
"Arih2",178.677216385073,0.000509039795486267,0.0203002968779192,0.708141504078921,0.999960136967505
"Prkar2a",180.05006896346,0.00117749280358281,0.0243515872288051,0.449517188038332,0.999960136967505
"Ip6k2",104.640245266906,-0.000374319984167449,0.0241794528717758,0.814485498177004,0.999960136967505
"Uqcrc1",336.769505387872,-0.00112732333016568,0.0202201942181088,0.397723650035132,0.999960136967505
"Atrip",97.0430174181607,-0.00207567625688277,0.0358619538697888,0.339042892097612,0.999960136967505
"Tma7",1734.6484008608,-0.00196391888667785,0.0198334398125022,0.168694311791415,0.999960136967505
"Cdc25a",342.166539011446,0.000160160988701119,0.0158508153124493,0.886023864172342,0.999960136967505
"Map4",390.499255196567,0.00204216862957522,0.0263499843575474,0.22146280343539,0.999960136967505
"Dhx30",169.399736489804,-0.000351258449146582,0.0201778827165342,0.796249015834104,0.999960136967505
"Smarcc1",746.745112105601,0.00153585597052064,0.0192854189851293,0.2488833724192,0.999960136967505
"Scap",92.458685683668,0.00164458561873526,0.0325108804994255,0.411018557910652,0.999960136967505
"Setd2",472.994955184261,0.000190469618282252,0.0141700822651801,0.854064327940323,0.999960136967505
"Ccdc12",468.855745832822,-0.000475970836588464,0.0150920420760295,0.659514825746431,0.999960136967505
"Lrrfip2",129.538653044206,0.000913470528709594,0.0249971942283485,0.571028911878076,0.999960136967505
"Mlh1",82.5328515542718,0.0016971907184181,0.033802334399747,0.411635268416805,0.999960136967505
"Epm2aip1",72.1974728310841,-0.000954116729190699,0.0304275479757248,0.617814663442395,0.999960136967505
"Pdcd6ip",743.897214122593,0.00153823476404897,0.019437341299934,0.249995553022082,0.999960136967505
"Clasp2",336.288111159017,0.00260792792963096,0.0305778849894887,0.173560489335796,0.999960136967505
"Ubp1",244.915226012134,0.000111515032302966,0.017195765291855,0.925488589909997,0.999960136967505
"Glb1",104.017125541501,0.00246610358767522,0.0373825711772064,0.274144847686696,0.999960136967505
"Ccr4",76.0962299517021,-0.000306138387201096,0.0273852474842409,0.862955598487818,0.999960136967505
"Cnot10",253.548764685396,0.000930456635302519,0.0204928554790895,0.490361567559791,0.999960136967505
"Dync1li1",196.139348476929,-0.000301437427450495,0.0189085346588202,0.814851378135993,0.999960136967505
"Cmtm6",153.203579936607,-0.00237899872019262,0.0340150380316713,0.251929281495486,0.999960136967505
"Cmtm7",141.583648052123,0.000898113761232704,0.0241724689278632,0.565956622722638,0.999960136967505
"Rps27rt",142.187192514808,0.00133467773429785,0.0271198658941826,0.435042385599948,0.999960136967505
"Stt3b",487.775835751722,-0.00035283201131292,0.0145729736229968,0.738110839718417,0.999960136967505
"Tgfbr2",250.829923493222,0.00183983935576342,0.0268276705589686,0.274209120991335,0.999960136967505
"Azi2",466.328976670421,-0.00456412025960921,0.0400215137230754,0.0798193504520503,0.999960136967505
"Cmc1",419.305205751666,-0.00179794266719505,0.0242827353628958,0.248073407748455,0.999960136967505
"Golga4",343.352481203445,0.000829826997056112,0.018182973956241,0.499759527660983,0.999960136967505
"Ctdspl",109.515983654874,0.000403563473734511,0.023966108497518,0.798625533382208,0.999960136967505
"Oxsr1",170.71788837696,0.000228960655258292,0.0202570618845792,0.867234657823008,0.999960136967505
"Myd88",75.9976018740977,-0.0023557370228215,0.0391418983919978,0.313268381194593,0.999960136967505
"Wdr48",138.514432910953,0.000556734681421801,0.022543357451468,0.708753345314562,0.999960136967505
"Csrnp1",131.266535887682,-0.0020574302835623,0.0327466324521215,0.304898514200783,0.999960136967505
"Rpsa",18913.3226389189,0.000731294339605455,0.0113398491738935,0.503406079083934,0.999960136967505
"Eif1b",311.396682427924,-0.00164472040951888,0.0257964110770682,0.3115539767609,0.999960136967505
"Rpl14",11067.4163636296,-0.000168157724281553,0.0107038873563454,0.871622022009406,0.999960136967505
"Ctnnb1",203.649400863822,0.000199559979836675,0.018390748157224,0.874153605511295,0.999960136967505
"Trak1",93.7918412667742,-6.82231361811191e-05,0.0248996077517978,0.966871172089247,0.999960136967505
"Ss18l2",107.450031900917,-0.000617938183175838,0.0254135549329753,0.708856522818242,0.999960136967505
"Nktr",912.224769740653,0.000295211552647154,0.0126823659857069,0.76599340861001,0.999960136967505
"Higd1a",1186.66492439092,-0.00250515023778862,0.0239115131693767,0.128309675157266,0.999960136967505
"Snrk",76.9237466886798,0.000319817671566048,0.0270258267405579,0.855352674767016,0.999960136967505
"Ano10",85.7428063048259,0.00110909215620082,0.0297146660420812,0.552997349715417,0.999960136967505
"Zfp445",226.948892068751,-0.00137427872164592,0.0242925199247362,0.374006316975454,0.999960136967505
"1110059G10Rik",142.744999453596,-0.000187415411037352,0.0211004968862918,0.895063653942694,0.999960136967505
"Kif15",819.955836641525,-0.000261442325170768,0.0128401998776886,0.79229205788035,0.999960136967505
"Tmem42",79.2162458396453,0.00020429242001159,0.0265431975218093,0.906043235160817,0.999960136967505
"Zdhhc3",353.213609901738,0.000127837070997655,0.0152400480615964,0.90627899766465,0.999960136967505
"Exosc7",389.836438502502,0.000226683661543562,0.0150406256914917,0.833083262086696,0.999960136967505
"Limd1",195.566710777957,0.000133654251790071,0.018573152452961,0.91632144583814,0.999960136967505
"Sacm1l",240.166973929377,0.00018102063983764,0.0176450974631288,0.881759655116318,0.999960136967505
"Lztfl1",81.7467956311139,-0.000150834267037828,0.0268063151138183,0.931136122564028,0.999960136967505
"Fyco1",105.563951591911,0.000411893457348041,0.0247907972475574,0.800360492449566,0.999960136967505
"2010315B03Rik",80.6307614172376,0.00232079246575626,0.0383031907473886,0.312090483009877,0.999960136967505
"Mthfd1l",603.113012679811,0.00168453267266925,0.0212860994731116,0.236036475329863,0.999960136967505
"Zbtb2",89.9337640986844,0.00136902110565709,0.031902662055377,0.488404396635308,0.999960136967505
"Rmnd1",81.455470555468,0.000955876574239356,0.0293358563710764,0.606454827651892,0.999960136967505
"Syne1",111.813011759035,0.0014317895617133,0.029446741868456,0.436230621525381,0.999960136967505
"Fbxo5",626.210423916887,0.000466339201037979,0.0141171450873177,0.654530437324453,0.999960136967505
"Mtrf1l",107.20552841242,0.000532907730381352,0.0246979300919319,0.741908947858915,0.999960136967505
"Ipcef1",335.188242934482,-0.000302649851474045,0.0158815874977008,0.786502701659546,0.999960136967505
"Ulbp1",504.405437583737,-0.000930575593850219,0.0170841490583108,0.431921912506068,0.999960136967505
"Pcmt1",459.449593448682,-0.000383647311812707,0.0147851072302791,0.718669662038025,0.999960136967505
"Nup43",151.251486002483,9.52855072441933e-06,0.020704747210832,0.994568416969268,0.999960136967505
"Lats1",132.59608216645,-0.00105455926485306,0.0256071578503816,0.519875798165162,0.999960136967505
"Katna1",262.847475317244,-0.00231185036238575,0.0301286763449395,0.216594703015285,0.999960136967505
"Ginm1",108.68602050358,-0.00516322368335388,0.0547064032030717,0.118686492065379,0.999960136967505
"Ppil4",430.136522768097,-0.00136372862558369,0.0206156199116467,0.316661645769385,0.999960136967505
"Tab2",381.195057508368,0.000561271752294582,0.0162689249757565,0.621023624911352,0.999960136967505
"Ust",241.534668516452,0.000829978537631172,0.0202691320345069,0.535809590822832,0.999960136967505
"Stxbp5",92.3241450947443,-0.00060659931806635,0.0263731006658384,0.722733687411466,0.999960136967505
"Shprh",205.757674527973,0.000975552405608625,0.0220894772122175,0.497224783652285,0.999960136967505
"Utrn",648.525903255541,0.000797683834779121,0.0155808665103153,0.475332368611793,0.999960136967505
"Sf3b5",861.651571205116,-0.000995840814779453,0.0156170006173715,0.383409297428839,0.999960136967505
"Ltv1",204.759090243287,-0.000877460775304275,0.0214646466649104,0.532672373703055,0.999960136967505
"Pex3",129.241676826158,-0.000420447951801699,0.0226077351350284,0.77947705222859,0.999960136967505
"Hivep2",452.800705657385,0.000125683341138312,0.0143164873363041,0.903944577534638,0.999960136967505
"Vta1",263.811963867424,0.000380830456886988,0.0173205641726107,0.749600526390843,0.999960136967505
"Cited2",295.017023326787,-0.00115316459154502,0.0210749071073198,0.402063669322162,0.999960136967505
"Heca",136.065727265865,0.00222732031091804,0.0336818037818117,0.278747255699326,0.999960136967505
"Abracl",973.028920491544,-0.00104706862471688,0.0157928435994662,0.36457971391074,0.999960136967505
"Reps1",192.827671028641,0.00283003512051123,0.0354357513363178,0.192276818445542,0.999960136967505
"Tnfaip3",73.5344483358568,-0.00155534951136096,0.0340145083112287,0.454420669623874,0.999960136967505
"Ifngr1",447.925091066913,-0.000207312397608777,0.0158821005823654,0.852960516849187,0.999960136967505
"Pex7",100.904437531891,-0.00099197499300591,0.0274847000685011,0.571214437314579,0.999960136967505
"Map3k5",377.050138853196,-0.000328064245615488,0.0154027238567751,0.76408533912974,0.999960136967505
"Map7",89.2443318549606,0.000103276601682536,0.0256530803581141,0.951096802629523,0.999960136967505
"Bclaf1",1583.38010476644,-0.000101089346723267,0.0115655093455719,0.917695100737282,0.999960136967505
"Mtfr2",95.2641380429026,-0.000102004769271234,0.0246155794216236,0.949993020868337,0.999960136967505
"Ahi1",113.097248354418,0.00166324296086288,0.0315952829898432,0.393695468545083,0.999960136967505
"Hbs1l",187.677302172541,-0.00498955571496092,0.0493066544325255,0.103714288786675,0.999960136967505
"Gm26740",109.65607987165,0.00164752749117385,0.046222549871255,0.487728676730743,0.999960136967505
"Tbpl1",112.052038685364,0.000163443235345768,0.0245250976159559,0.919665806293918,0.999960136967505
"Rps12",19510.3169636118,-9.25086112468941e-05,0.0106553357138784,0.929251063102635,0.999960136967505
"Stx7",86.0768860365702,-0.00383996702409088,0.0486044740836793,0.180983091582082,0.999960136967505
"Med23",91.4491710638359,0.000655015290813767,0.0264674092948413,0.702126389119041,0.999960136967505
"Epb41l2",264.96017724636,0.000116683957509581,0.0167030727703029,0.920181905050613,0.999960136967505
"L3mbtl3",161.055331889821,-5.38556614879296e-05,0.0200057030279305,0.968364841628234,0.999960136967505
"Arhgap18",183.159565403457,0.00298045783030779,0.0368190199978904,0.18536296178764,0.999960136967505
"Rnf146",125.602587207914,-0.000349404273337523,0.0224950340481124,0.815579236459967,0.999960136967505
"Cenpw",352.141068591677,-0.000482528775178664,0.0165790276151726,0.675059780215469,0.999960136967505
"Trmt11",191.950437933728,-0.000275823186243301,0.0198336124210046,0.837264083132905,0.999960136967505
"Hint3",169.961572979802,-0.0015353982918461,0.0275831477629777,0.373956264505509,0.999960136967505
"Hddc2",270.606555151008,0.000793433854907381,0.0196815059464428,0.54448008693773,0.999960136967505
"Rwdd1",1124.34155859556,-0.00225207671501882,0.02230544535367,0.146381199118829,0.999960136967505
"Calhm6",277.89343879519,-0.00836946488367302,0.0826331118622576,0.0654220876042836,0.999960136967505
"Tspyl1",87.6745640608846,-0.00278480159633754,0.0416545054863955,0.260274554712954,0.999960136967505
"Nt5dc1",215.426973068291,0.000449365456525398,0.0187983386927394,0.724438437845815,0.999960136967505
"Hdac2",308.701490665443,-0.000612058776997639,0.0176737890453061,0.611748346666385,0.999960136967505
"Fyn",1122.69115383815,0.000781923112556931,0.013771077979596,0.464717596147118,0.999960136967505
"Traf3ip2",112.091112147308,0.000211270895441968,0.0231799968394516,0.891065147779974,0.999960136967505
"E130307A14Rik",136.88776660513,0.00107822932996821,0.0255792592670622,0.509712366925506,0.999960136967505
"Rev3l",462.989346945575,0.000307501186468183,0.0151345666156738,0.775888572313451,0.999960136967505
"Rpf2",288.815915457389,-4.14784927997216e-05,0.0162894648877699,0.971026730486946,0.999960136967505
"Gtf3c6",215.062420512002,2.70500005325893e-05,0.0179210556450931,0.982524779400984,0.999960136967505
"Amd1",172.467121663555,-5.51283213789287e-05,0.0195316205758584,0.966931622530663,0.999960136967505
"Cdk19",255.91840534491,0.00122514039085441,0.0226268370618085,0.400645743003725,0.999960136967505
"Cdc40",435.801797585732,0.000142171068195433,0.0144702015637297,0.892141693542178,0.999960136967505
"Cd164",353.109258105854,-0.0008016115928796,0.0180091075604801,0.511465612592912,0.999960136967505
"Cep57l1",197.633335529106,0.00103966519708208,0.0226595265395404,0.478356419753891,0.999960136967505
"Sesn1",155.782290790425,0.000720992867367189,0.0223439267861275,0.623348554781999,0.999960136967505
"Foxo3",171.321266512492,0.000971374301194615,0.0231741865799284,0.517399817187582,0.999960136967505
"Afg1l",133.267732570577,0.000808627577407396,0.0252172016822852,0.620333972196034,0.999960136967505
"Snx3",706.799439832115,-0.000424201744909453,0.0136324091182815,0.678684303688873,0.999960136967505
"Ostm1",96.5232995491369,-0.00117645422111464,0.0293493485024591,0.524015322589544,0.999960136967505
"Sec63",432.137551032221,-0.00174032349468392,0.0231828501478701,0.246997863084095,0.999960136967505
"Scml4",111.130625784856,-0.000233781856798506,0.0232683765207445,0.879895209591264,0.999960136967505
"Pdss2",237.385315736573,0.000802277978154579,0.0209701143387094,0.561551145440347,0.999960136967505
"Mtres1",84.6127069125893,-0.0012825645053479,0.0307761969231815,0.50399630807289,0.999960136967505
"Qrsl1",84.7673733933496,0.000336021366741872,0.0261951615770099,0.844167102931237,0.999960136967505
"Crybg1",232.346663340654,-0.00060553581427859,0.0192159513954198,0.639124612385655,0.999960136967505
"Atg5",276.970836626203,-0.00120268785832942,0.0217628395992419,0.394283010864937,0.999960136967505
"Prep",118.622244447548,-0.000327983984776076,0.023188709595593,0.8313017055691,0.999960136967505
"Hace1",113.711166274994,0.00053642138414371,0.0241167560127075,0.734925702841321,0.999960136967505
"Ascc3",707.532899225469,-0.000484086343504413,0.013785179897087,0.639308415835518,0.999960136967505
"Lilrb4b",109.794718824954,-0.012483475380637,0.090866075390675,0.0392029998526365,0.999960136967505
"Lilrb4a",159.767909647377,-0.0148419033141219,0.0946530312780579,0.0290520854703416,0.999960136967505
"Gopc",119.067244435906,-0.000331483692978093,0.0229210503732814,0.827791563982436,0.999960136967505
"Nus1",318.532537244289,-0.00180492145564387,0.0255984562225728,0.264996796435479,0.999960136967505
"Cep85l",79.5190367789457,-0.00293253982707053,0.0432910256437324,0.251117438327614,0.999960136967505
"Mcm9",165.214863422552,0.00136269557587637,0.0260794154994564,0.408247517668383,0.999960136967505
"Asf1a",320.497349285176,-0.01162605186499,0.0750334357277116,0.0318920402909031,0.999960136967505
"Man1a",968.0095470401,-0.00123122730742855,0.016572720151385,0.306819302274295,0.999960136967505
"Serinc1",253.42419315697,-0.000104836792866115,0.0169243087228969,0.929027745627105,0.999960136967505
"Gcc2",325.434553655194,-0.000116192868937153,0.0158055537798477,0.917028066172602,0.999960136967505
"Lims1",592.523628961173,-0.000642141564533776,0.0149833916705883,0.553572998192976,0.999960136967505
"Ranbp2",800.912200352761,-0.000687192308724483,0.0142185797492958,0.518687079218464,0.999960136967505
"Ccdc138",91.0577785854545,0.00144316071320191,0.0311574100920899,0.455509553079078,0.999960136967505
"P4ha1",348.783761633074,-0.000304789247164337,0.0159155776987881,0.785355372971259,0.999960136967505
"Mcu",178.651418238245,0.000566813756986686,0.0209188445306398,0.684112960653051,0.999960136967505
"Micu1",174.287353809673,0.000594242649013099,0.0209961345366815,0.670364373297678,0.999960136967505
"Dnajb12",125.558602167411,0.000619856884830817,0.0235058010099863,0.688024017448303,0.999960136967505
"Ddit4",177.436299337213,-0.000659623337713592,0.0214305139669062,0.6417563030011,0.999960136967505
"Anapc16",408.348879851724,0.000215650133779076,0.014880876616512,0.839967708004884,0.999960136967505
"Ascc1",159.923540750475,0.00106994050144448,0.0243376957521084,0.4935536041839,0.999960136967505
"Psap",304.877206510481,0.000726788813468576,0.0181896998547046,0.554807636464751,0.999960136967505
"Vsir",75.4777474613648,0.000910396737489733,0.0296437666313793,0.627003436664598,0.999960136967505
"Eif4ebp2",393.890969103049,0.00130235436092657,0.0205824851555867,0.337023381396809,0.999960136967505
"Sar1a",344.983443326991,-0.00122391515190351,0.0209103402236044,0.371242782635193,0.999960136967505
"Hk1",263.074306984671,0.000427395805791224,0.0178826383516308,0.726772404814977,0.999960136967505
"Supv3l1",113.488192147987,0.000214761051730807,0.0230668411126793,0.888800173977574,0.999960136967505
"Vps26a",96.651054125804,0.00108263252830765,0.028404770250546,0.547226167976729,0.999960136967505
"Srgn",1466.12275365297,-0.00433363122070715,0.0336093496058378,0.0625083145308291,0.999960136967505
"Kifbp",80.4013628801773,0.000615281319832705,0.0275915568088872,0.728999266573493,0.999960136967505
"Ddx21",946.972515113069,0.000584495477469872,0.0133774338058636,0.571752964844797,0.999960136967505
"Ddx50",490.33865929507,0.000130729471950361,0.0139970308439153,0.898768852025742,0.999960136967505
"Ccar1",788.628641302826,-0.00142742732231314,0.0184015855462094,0.267667566088211,0.999960136967505
"Slc25a16",91.9390685028754,9.05383894882339e-05,0.025690159351826,0.957176378860527,0.999960136967505
"Dna2",147.828206030147,-0.0111388264205039,0.0810672356406485,0.0422428250801663,0.999960136967505
"Rufy2",160.25759954849,-0.000169960516371266,0.0200780090336763,0.900583793534486,0.999960136967505
"Hnrnph3",264.742759015495,-0.00107902982500102,0.0216093491493011,0.442713466186696,0.999960136967505
"Herc4",265.951324201442,0.0017884444583388,0.0263123492658022,0.279760398878361,0.999960136967505
"Sirt1",142.890716372645,9.39460988064683e-05,0.0208690030765997,0.946835235802207,0.999960136967505
"Reep3",286.351422265088,-0.00100195781744244,0.0206863004707769,0.460458002331184,0.999960136967505
"Jmjd1c",657.61413547028,0.000744036957831874,0.0150660955903945,0.496969853701705,0.999960136967505
"Nrbf2",183.560795900651,-0.000375092877280952,0.019607521471907,0.777190365103712,0.999960136967505
"Arid5b",633.881823507558,-0.000618745290005423,0.0146595629918228,0.563452438446882,0.999960136967505
"Cdk1",700.914254972626,0.000505166481181235,0.0141988438858929,0.629576990923043,0.999960136967505
"Ccdc6",116.400570590276,-0.000527270485725145,0.0249032577043138,0.746369756180017,0.999960136967505
"Tfam",360.442811269677,-0.000244859507958248,0.0153616639137688,0.822480686265403,0.999960136967505
"Ube2d1",182.710889961882,0.00167436996808214,0.0276958276139575,0.332897510425029,0.999960136967505
"Cisd1",405.357059837099,-0.000482667594750313,0.0170179142855659,0.680970695625415,0.999960136967505
"Zwint",311.062152069233,-0.001657535243598,0.0246550060259671,0.290003714442169,0.999960136967505
"Specc1l",172.007948963836,0.00121517724691977,0.0249880567171634,0.445302367603739,0.999960136967505
"Snrpd3",1716.91186978365,-0.000500861846478941,0.0121394606397424,0.621236024896011,0.999960136967505
"Cabin1",264.104606317898,0.000659093329998934,0.0186512625284968,0.600127190408404,0.999960136967505
"Ddt",297.849671051609,-0.00179823653122598,0.0262381723957884,0.276110705986119,0.999960136967505
"Gstt2",159.120345034826,-0.00271203024476155,0.0360817399515586,0.216988503939009,0.999960136967505
"Mif",3605.19164641528,-0.000625546165599295,0.0118093786429093,0.549246975860151,0.999960136967505
"Smarcb1",419.383188586746,9.16685548718179e-05,0.0145223049282627,0.930482796537961,0.999960136967505
"Chchd10",1215.06588691352,0.00538850842687019,0.0393126013062557,0.0494035209974011,0.999960136967505
"Zfp280b",113.200685499022,-0.00228075877820988,0.0355535834561785,0.290320485757047,0.999960136967505
"Pcnt",342.834666206059,0.000955186800460847,0.019388556652285,0.459061037268585,0.999960136967505
"Mcm3ap",118.933949570907,0.000588620275528749,0.0241319775813952,0.709902618096693,0.999960136967505
"Fam207a",131.309082349169,-0.000822512979661421,0.0242440061625297,0.60130264075056,0.999960136967505
"Itgb2",243.020174130475,-0.00092647441972869,0.0206703601756085,0.495391772993066,0.999960136967505
"Pttg1ip",89.1434468971551,-0.000436746456806351,0.025978307640673,0.796608914646353,0.999960136967505
"Sumo3",288.068100489981,-0.000314069178475072,0.0166257693414814,0.785991276191988,0.999960136967505
"Ube2g2",74.7394969181485,-0.000395922763437916,0.0280604223249814,0.826538023774689,0.999960136967505
"Pfkl",145.604095774916,-0.000682160750960173,0.0231020062016418,0.652686556151275,0.999960136967505
"Gatd3a",75.2946131242409,-0.000830504005303583,0.0292193100215544,0.65421129796298,0.999960136967505
"Trappc10",243.492231836876,9.96412461220586e-05,0.0171629460341766,0.933305898229295,0.999960136967505
"Agpat3",629.296653641985,-3.12559848007027e-05,0.0131845226196753,0.97496758169668,0.999960136967505
"Rrp1",669.738993845631,0.00124732426815099,0.0179737814516261,0.317690273944296,0.999960136967505
"Cstb",405.361870130795,-4.38588820558512e-05,0.0145863478431282,0.966800939736706,0.999960136967505
"Tpgs1",83.2900988003534,-0.00138431580340467,0.0319645234362946,0.484176296754257,0.999960136967505
"Cdc34",483.72751601132,0.00141453093147195,0.0207261289272645,0.302019497772112,0.999960136967505
"Bsg",878.34670304969,-0.00169066460864729,0.0203128431930868,0.22354066802666,0.999960136967505
"Rnf126",210.300473466645,-0.000689058581500744,0.0203796663951345,0.610850060198931,0.999960136967505
"Ptbp1",637.656707213907,0.000543730209820568,0.014309224726498,0.605843099297294,0.999960136967505
"R3hdm4",106.098023095611,0.00021696174269713,0.0236981000269243,0.890256499040096,0.999960136967505
"Wdr18",186.252595492548,-0.000824705102533482,0.0221115459617297,0.568823411202421,0.999960136967505
"Tmem259",93.133575865191,0.000404938739421836,0.0253491700101555,0.807347156305902,0.999960136967505
"Cnn2",417.414745051717,0.00165610300203617,0.023289296119888,0.269934265468848,0.999960136967505
"Arhgap45",551.009989492697,0.000768756732182497,0.0158311080683053,0.494028180678534,0.999960136967505
"Polr2e",256.204896830467,-0.000900548278820856,0.0202684803409731,0.500810309574722,0.999960136967505
"Gpx4",745.579069606922,-0.000735555285256015,0.0150734266804708,0.501659799852727,0.999960136967505
"Sbno2",74.8015176257818,-0.00169921915589476,0.0348023424316954,0.422203579968718,0.999960136967505
"Stk11",189.053664533678,4.05074318167192e-05,0.0187255221581488,0.974795608018304,0.999960136967505
"Atp5d",1243.98059099592,-0.00059254883090132,0.01287605047802,0.564461655966688,0.999960136967505
"Midn",157.158883625406,0.00435464707408318,0.0467707198993625,0.128336179649505,0.999960136967505
"Cirbp",258.667022858508,-0.000531292925663932,0.018410394517351,0.670534055283205,0.999960136967505
"Pwwp3a",196.433206628972,0.000418002757288577,0.0192736470105409,0.748521688789397,0.999960136967505
"Ndufs7",532.041340188845,0.000195037259295938,0.0137919903512563,0.848383089153448,0.999960136967505
"Dazap1",373.447048169439,-0.000610724835284489,0.0166378143381723,0.596409320238716,0.999960136967505
"Rps15",10211.0214064193,-6.44112086578702e-06,0.0107219214295595,0.995011734094346,0.999960136967505
"2310011J03Rik",163.900523111795,-0.00145460808926297,0.0268629561157658,0.389071145071073,0.999960136967505
"Pcsk4",72.0450935239264,0.00033493750582845,0.02794499278934,0.852541366833991,0.999960136967505
"Mbd3",182.958677604624,-0.000178915320666883,0.0193017841005288,0.891710004047198,0.999960136967505
"Uqcr11",985.909743009304,0.00114269727023289,0.0159834963661854,0.330897236994526,0.999960136967505
"Tcf3",237.182178803418,0.000745322840364517,0.0202103414793522,0.578420403693277,0.999960136967505
"Rexo1",159.003436971713,-8.55042531461528e-06,0.0201549461513269,0.995009464484016,0.999960136967505
"Abhd17a",228.048360980144,-0.000431411670340068,0.0184082449460513,0.730605964353831,0.999960136967505
"Csnk1g2",287.328455416254,0.000515819367569194,0.0174543633242789,0.666401788574149,0.999960136967505
"Mknk2",214.563031734605,0.000781776225814371,0.0205958864861822,0.565823078060556,0.999960136967505
"Mob3a",253.452755779014,0.000291934571922512,0.0172666969002499,0.806643975762189,0.999960136967505
"Ap3d1",168.180307088212,0.00109688390888268,0.024390216693802,0.483121462866216,0.999960136967505
"Dot1l",202.988152444957,-0.0115239158016898,0.0796792151249461,0.0376388791892573,0.999960136967505
"Plekhj1",395.513836242076,0.000343694393943636,0.0153932052284225,0.753097524103298,0.999960136967505
"Sf3a2",174.016624930468,0.00018159701133064,0.0195170326917306,0.891142829621814,0.999960136967505
"Oaz1",4958.84889443427,-0.00269202169308864,0.0214518076695377,0.0984486170060818,0.999960136967505
"Lsm7",1086.40101088026,9.64704520411732e-05,0.0120566399503032,0.92110853426684,0.999960136967505
"Timm13",1018.18304440102,-0.000417414519307179,0.0131118951635146,0.679455605033276,0.999960136967505
"Sgta",81.5255290112644,-9.49255187114264e-05,0.0263147245612673,0.955983044695044,0.999960136967505
"Map2k2",372.356183064275,0.000169657397967723,0.0150709994634422,0.874852672472599,0.999960136967505
"Zbtb7a",176.798052142226,0.000438179150901031,0.0200930961268863,0.745729855071701,0.999960136967505
"Pias4",78.7127476070535,0.000133043485353373,0.0269456832384118,0.939501135475837,0.999960136967505
"Eef2",3201.81939913314,0.000684537788937623,0.0121248696399395,0.514309486112596,0.999960136967505
"Mrpl54",454.313818956371,-0.000890791879389485,0.017289360555427,0.454159061204168,0.999960136967505
"Pip5k1c",80.17785355576,0.00156438564434268,0.0330984849013349,0.441630440533754,0.999960136967505
"Cactin",71.7407382898439,-0.000924368034994622,0.0302277204729731,0.627146104312218,0.999960136967505
"Tbxa2r",92.0216567873927,-0.00261778878582021,0.0395153846037709,0.268505386125011,0.999960136967505
"Hmg20b",179.675385924911,-0.00276791720169701,0.0357730045352908,0.20497985007959,0.999960136967505
"Fzr1",139.371147469554,-5.82111554695315e-06,0.0213798625771393,0.996774010886586,0.999960136967505
"Dohh",170.916619742154,-0.000101903226134468,0.020043422283464,0.940258062057025,0.999960136967505
"Nfic",81.1952969824421,0.00109130737174538,0.0299271545136043,0.561915564829744,0.999960136967505
"S1pr4",74.424101987079,-0.00315776791292188,0.045121132335299,0.233590769553877,0.999960136967505
"Tle5",1209.03610950514,0.000834204530814462,0.0139567067017993,0.440403928640134,0.999960136967505
"Uqcc6",143.19117201999,4.52222719589245e-06,0.0209834608655767,0.997452287075779,0.999960136967505
"Tdg",159.32317033408,-0.0142672261049855,0.092839224820875,0.0306858613242459,0.999960136967505
"Hcfc2",121.17344880908,0.000322005759072147,0.0226855283871309,0.831172159973568,0.999960136967505
"Nfyb",282.44260248218,-0.000457495497873575,0.0176755135375076,0.705471846133726,0.999960136967505
"Txnrd1",608.502261573831,0.00205296533598392,0.023544581093273,0.18691411639771,0.999960136967505
"Nopchap1",170.436164180372,0.00258773720732757,0.0346139361851749,0.221126020861449,0.999960136967505
"Washc4",332.440392109298,0.000733710326331381,0.0178697207343361,0.545631834896137,0.999960136967505
"Polr3b",145.901802707094,0.00134273587822599,0.0272426054724174,0.434074266432211,0.999960136967505
"Ric8b",121.66176927269,0.000595367980642375,0.0236975051071723,0.702084403064959,0.999960136967505
"Cry1",73.9329457256943,-0.000933915309929156,0.0304473004362705,0.625557351762831,0.999960136967505
"Pwp1",138.188309260113,-0.000280105973049795,0.0216512034068603,0.846905474204978,0.999960136967505
"Rtcb",345.321338492782,-7.4356564528551e-05,0.015678182103974,0.946533714737915,0.999960136967505
"Fbxo7",119.739740176358,-0.000979499476808299,0.0259111993997238,0.555542287405643,0.999960136967505
"Hsp90b1",3754.54716295023,-0.000928923623844404,0.0213418122907829,0.505965341405801,0.999960136967505
"Parpbp",169.036479780736,0.00300202187796964,0.0378258912121767,0.192259769244149,0.999960136967505
"Nup37",199.661912657423,-0.000110655066882506,0.0187809733156357,0.93135986417308,0.999960136967505
"Washc3",268.717225644881,5.56900489489278e-05,0.0165218024770163,0.961537907742856,0.999960136967505
"Gnptab",109.248502298944,-0.000749672632244552,0.0257328114165167,0.652708353321366,0.999960136967505
"Arl1",246.662308668836,-0.00378526357810418,0.0403193982963538,0.129777800937815,0.999960136967505
"Utp20",304.80453639043,0.0023983856008521,0.0297230605074425,0.196578649716232,0.999960136967505
"Gas2l3",75.6834238112401,0.00185123306876663,0.03570537913591,0.391757210013911,0.999960136967505
"Scyl2",130.382309334772,0.000603371022951185,0.0231482650238887,0.692084210252842,0.999960136967505
"Actr6",137.432096702856,0.00102493924256318,0.0253211467704177,0.527919634029981,0.999960136967505
"Uhrf1bp1l",186.694238001912,-0.00129134343255243,0.0247908663130098,0.412805908233534,0.999960136967505
"Apaf1",146.037289648917,-4.64482470156113e-05,0.0207422304056029,0.973567054119316,0.999960136967505
"Slc25a3",1446.93065308842,-0.000940348811204645,0.0139360015567909,0.393102406304565,0.999960136967505
"Tmpo",1641.29189127194,0.0041265447893835,0.0319572656851166,0.0642025260350936,0.999960136967505
"Nedd1",274.534480966491,0.000550562586048115,0.0178155383127758,0.65048497144801,0.999960136967505
"Cdk17",505.404993908298,0.00270454678203977,0.0286715979311931,0.143090506762761,0.999960136967505
"Elk3",96.4958592057299,-0.000845169774279741,0.0270677023225683,0.626473467580056,0.999960136967505
"Lta4h",307.488999848156,0.000781068445054609,0.0184631261585437,0.530099281850286,0.999960136967505
"Snrpf",2148.43174221492,-0.000598050561033476,0.0122899573611035,0.561305313551056,0.999960136967505
"Metap2",921.716492349379,0.000328655517292151,0.0126663347950139,0.74098044451731,0.999960136967505
"Vezt",104.665682468216,0.00221922892350974,0.0357592614986221,0.305791010924644,0.999960136967505
"Ndufa12",863.889156985376,0.000658966777831007,0.0140290883078633,0.532899501234545,0.999960136967505
"Cep83os",75.9773892307507,-0.000118959486514149,0.0268398378385918,0.945726893254985,0.999960136967505
"Cep83",454.728723156849,-0.00102326707399339,0.0180874643382575,0.405951313992228,0.999960136967505
"Plxnc1",155.88156166125,-0.000468254234161563,0.0213616164318452,0.74248421385174,0.999960136967505
"Cradd",581.648253815648,-0.00126291990266307,0.0187432551836931,0.322816443174769,0.999960136967505
"Socs2",1860.10612159145,-0.00125208659971565,0.0152983147779986,0.29020752608945,0.999960136967505
"Mrpl42",479.492932535306,-0.00069056547984555,0.015996632592703,0.539708589224543,0.999960136967505
"Ube2n",633.588376358766,-0.00627016564972838,0.0463291625196712,0.0486938273704774,0.999960136967505
"Nudt4",256.652921971855,0.000112141720420187,0.0168369864725178,0.923773498593054,0.999960136967505
"Eea1",202.470911015361,0.00122376769666013,0.0243651224936476,0.431424795232647,0.999960136967505
"Btg1",418.820812385005,-0.00786062145636297,0.056712045103963,0.0442890883773109,0.999960136967505
"Atp2b1",621.498272056236,0.000222232260188611,0.0134487662316341,0.825563897335685,0.999960136967505
"Poc1b",72.1513238233549,-0.00180051788208102,0.036073367665971,0.408481707700637,0.999960136967505
"Dusp6",191.252064142463,-0.000420632676660486,0.0196202949070599,0.750740294343829,0.999960136967505
"Cep290",98.3374112626537,-0.00136744630882798,0.030420526275404,0.470912147039731,0.999960136967505
"Tmtc2",259.883081262158,-0.0013511774660147,0.0232670540034561,0.364660722404418,0.999960136967505
"Mettl25",103.938703020805,0.00011982275020004,0.0237576299453296,0.939456420939552,0.999960136967505
"Ccdc59",395.205478402494,-0.00208744136254918,0.0259900158490707,0.208078363988067,0.999960136967505
"Ppp1r12a",1076.3171429898,-0.000185941758627487,0.0122686655301829,0.849413086136003,0.999960136967505
"E2f7",126.396181805592,0.00105208946311697,0.0261476864849844,0.528858454661466,0.999960136967505
"Zdhhc17",85.4086159579236,-0.000468469967038204,0.0266767941864049,0.786759852908955,0.999960136967505
"Osbpl8",601.670403110934,-0.000209864297919489,0.0135217051526185,0.835475981428708,0.999960136967505
"Nap1l1",3555.88369945092,0.00071457781827295,0.0119796861746392,0.500205596214586,0.999960136967505
"Krr1",238.697766450215,3.7733319702973e-05,0.0171996201447396,0.974772561452468,0.999960136967505
"Glipr1",185.580439734507,0.000329259884017353,0.0213282500445392,0.817869058996253,0.999960136967505
"Tbc1d15",288.228403101965,0.000727814953260658,0.0184752308484076,0.559034724855171,0.999960136967505
"Rab21",395.778297949755,-0.00105928123945108,0.018992448784186,0.405313186445142,0.999960136967505
"Tmem19",74.9216183357215,0.00243494041501893,0.0397016789476778,0.303264419376695,0.999960136967505
"Thap2",116.605075287089,0.000111547518434715,0.0226462323705944,0.941244318737741,0.999960136967505
"Zfc3h1",296.152475985386,-0.000267724173756575,0.0164435707649797,0.815557695846992,0.999960136967505
"Cnot2",417.183977915454,0.000446512670490572,0.0153690282751224,0.682627909539991,0.999960136967505
"Rab3ip",119.708603028231,-0.000748257554392838,0.024626567839033,0.640369737069561,0.999960136967505
"4933412E12Rik",95.181049846442,-0.000630399627202306,0.0261054178448795,0.709718793894194,0.999960136967505
"Cct2",2037.33172867491,-0.000794148258463676,0.0128031218985005,0.456332776846598,0.999960136967505
"Frs2",139.567556704021,0.000946380998010416,0.0245040583666335,0.549420590676007,0.999960136967505
"Yeats4",423.473940342543,-0.000719955337777335,0.0166173895961961,0.532710834081166,0.999960136967505
"Cpsf6",478.777311418548,-0.000111160724359522,0.0140295403736631,0.91396000079201,0.999960136967505
"Mdm2",238.486100441134,0.00120728902945415,0.0230460651201733,0.41504004724371,0.999960136967505
"Nup107",255.178505098147,0.000117715436494728,0.0169222069066455,0.920318725207638,0.999960136967505
"Rap1b",1184.72692913349,-0.00100914289715354,0.0147327931507227,0.369930037374554,0.999960136967505
"Dyrk2",90.2435803737989,-0.000488435825903791,0.0260643691586224,0.773536743752899,0.999960136967505
"Cand1",256.131597433388,6.75363664171509e-05,0.0167983733200884,0.953979056515928,0.999960136967505
"Helb",137.570708051009,-0.00305591421190611,0.0396946944210942,0.202723950685875,0.999960136967505
"Tmbim4",260.437278239921,-0.00296382472154252,0.0348327414273993,0.168290370056673,0.999960136967505
"Llph",937.926942069255,-0.000700246644536608,0.0142125370426531,0.511345907756308,0.999960136967505
"Lemd3",106.629388587147,0.00107553350926712,0.027587195516697,0.539443894181544,0.999960136967505
"Rassf3",134.748393590464,0.00568732548129782,0.0567718296884147,0.102220632865904,0.999960136967505
"Tbk1",259.505636588882,-0.000740511775369392,0.0193471523140088,0.566752882693465,0.999960136967505
"Xpot",291.013375053598,0.000423504418702389,0.0169928783623839,0.718306395314462,0.999960136967505
"Rxylt1",146.326878597849,-0.000446412018145608,0.0216262750935305,0.756892554581485,0.999960136967505
"Ppm1h",389.634820383447,0.000572790180126491,0.0162191776864115,0.613164118537046,0.999960136967505
"Mon2",172.188159582275,7.70843497577476e-05,0.0198066570223116,0.954328036889852,0.999960136967505
"Usp15",687.470116419501,0.000184776864722982,0.0134018279990179,0.854226317431379,0.999960136967505
"Atp23",74.8326485230146,3.35172815544443e-05,0.0278949116169577,0.98516244744159,0.999960136967505
"Ctdsp2",99.0593625937961,1.11390005869091e-05,0.0242302806174526,0.994463431055294,0.999960136967505
"Tsfm",233.614441662109,-0.000715247810114257,0.0196788905347246,0.585766992167868,0.999960136967505
"Mettl1",222.65615275363,-0.000897711993620546,0.0210255833494065,0.515395854490334,0.999960136967505
"Cdk4",943.372161782619,-0.00183385377160947,0.0203823748996487,0.195168911470814,0.999960136967505
"Tspan31",199.129800097831,-0.00866970067035915,0.0684940967026072,0.0547329804095064,0.999960136967505
"Agap2",98.816595232013,0.000819608996872332,0.0265838285069477,0.631837986593687,0.999960136967505
"Os9",226.304807634367,0.000294421774185048,0.0183479083016036,0.814473825913753,0.999960136967505
"B4galnt1",158.020270617867,-0.000251010456870097,0.02033805135349,0.855017416697856,0.999960136967505
"Dctn2",177.170302282651,-8.26250905102547e-05,0.0192178818119781,0.949743087869529,0.999960136967505
"Ddit3",279.154741061781,0.00147731196371183,0.0236355824725835,0.328020952110125,0.999960136967505
"Mars1",165.916897324759,-0.000292375554210965,0.0201048814824489,0.829586633232611,0.999960136967505
"Arhgap9",288.520545312153,-0.000286739236888119,0.0165564064720555,0.803684814971441,0.999960136967505
"R3hdm2",303.670876498269,-0.000227752218395502,0.016137349808792,0.840528538414339,0.999960136967505
"Shmt2",386.191062184557,0.000707908736680135,0.0170440684416367,0.54633344315675,0.999960136967505
"Stat6",175.324792745948,0.000197183838956344,0.019434132391975,0.881394251610324,0.999960136967505
"Nemp1",113.823517275314,-0.000574856176105698,0.0241973084257593,0.717173460261744,0.999960136967505
"Prim1",345.211250623558,-0.000309725676203119,0.0157811827013397,0.780634313083573,0.999960136967505
"Naca",5028.90371364082,-0.000773262698790491,0.0119543126058289,0.471927584205512,0.999960136967505
"Ptges3",2017.98174611794,1.82952201596615e-05,0.0113221293843046,0.985159407892367,0.999960136967505
"Atp5b",2162.3639848174,4.43748664049573e-05,0.0112676297066416,0.964113415371166,0.999960136967505
"Baz2a",224.453387354659,0.000527221158492295,0.0189031893918616,0.679741735088965,0.999960136967505
"Timeless",245.948613956266,0.000206302336552924,0.017228666208578,0.862671181267645,0.999960136967505
"Stat2",494.40195419854,-0.0071747167174768,0.0521475938238657,0.0456248045750658,0.999960136967505
"Cnpy2",344.303121887879,0.000592273800118808,0.0168697035781634,0.611082834945701,0.999960136967505
"Cs",382.455890815765,0.000828234295123061,0.0179349682871106,0.496335242947212,0.999960136967505
"Ankrd52",114.829920497807,-0.00150252296976094,0.0297510780861715,0.417426175461466,0.999960136967505
"Nabp2",171.66661150692,-0.00016552865905572,0.0196306375922692,0.901249511575619,0.999960136967505
"Smarcc2",338.961266472196,0.00125444568197563,0.0210379957139227,0.361881353173275,0.999960136967505
"Myl6",3714.50408856635,0.00065585872338248,0.0118001097302234,0.532856968023846,0.999960136967505
"Esyt1",281.762041391168,0.000818020051198912,0.0193447273334347,0.525974559300872,0.999960136967505
"Rpl41",13180.2156806912,0.000603812504090709,0.01123269200157,0.57167807008505,0.999960136967505
"Pa2g4",1718.82699648501,-4.89196034164584e-05,0.0114861605781864,0.960128697975635,0.999960136967505
"Rps26",17391.7932479491,-0.000638783059324504,0.011417104483633,0.548419629839574,0.999960136967505
"Ikzf4",167.336361264118,0.00120958554159591,0.0252665005665563,0.45209990778063,0.999960136967505
"Rab5b",93.0535989766397,0.00218086719156352,0.0366427926019251,0.324080194722235,0.999960136967505
"Cdk2",117.248234570593,-0.00152585826200899,0.0301789542483523,0.416042648948677,0.999960136967505
"Dgka",342.478521434834,0.0029041198749874,0.0325780491546942,0.15444850996065,0.999960136967505
"Pym1",263.750145282368,-0.000160289915566965,0.0170493783427955,0.892254107539386,0.999960136967505
"Dnajc14",88.5770742780927,0.00136857008196717,0.0311779523804418,0.480013124489444,0.999960136967505
"Sarnp",968.183894845554,-0.000637041025659343,0.0136334787532902,0.542236886787408,0.999960136967505
"Ormdl2",225.187744740891,-0.000715112470238228,0.0200718457296997,0.592155891324897,0.999960136967505
"Tespa1",451.434080477347,-0.00320919389973325,0.0327298199615172,0.123931272020221,0.999960136967505
"Sfi1",239.206010772514,0.000829562280169662,0.0202307752388819,0.535363238061534,0.999960136967505
"Drg1",366.399562986135,0.000400861751234854,0.0157592932862703,0.718098536055373,0.999960136967505
"Eif4enif1",330.25251709552,6.9018382510306e-05,0.0154959876666307,0.949935643748643,0.999960136967505
"Patz1",108.275660688005,0.0020033098918218,0.0341054670687736,0.335389237194678,0.999960136967505
"Pik3ip1",97.6974350273919,0.000309676755640477,0.0246828733876072,0.848968541369797,0.999960136967505
"Limk2",125.285471581837,0.00142715108003259,0.028787507507776,0.428240112947535,0.999960136967505
"Tug1",135.483067277076,-0.00363219287549363,0.0434201281005535,0.166625807616918,0.999960136967505
"Morc2a",159.744486681735,0.000161045996329927,0.0200713397298708,0.905759469927849,0.999960136967505
"Pes1",228.330658413423,0.000617960089296093,0.0192534308715669,0.632669305572329,0.999960136967505
"Sf3a1",311.224155519709,0.000256159002875636,0.0160644372782822,0.820286037237382,0.999960136967505
"Tbc1d10a",80.8354091769429,-0.00426321838055,0.0521222656639524,0.163526893183081,0.999960136967505
"Castor1",82.2738493032101,-0.00196563007278532,0.0361129816261997,0.367780532991314,0.999960136967505
"Osm",140.3354900563,-0.00016790873434915,0.0218109521078971,0.908652363703764,0.999960136967505
"Mtmr3",389.633126452535,4.47784239443363e-05,0.014937020974923,0.966643670101804,0.999960136967505
"Ascc2",162.204645181487,0.00046326378717081,0.021156537166093,0.743053457788036,0.999960136967505
"Uqcr10",1175.04284489589,-0.000876958008876517,0.0142945738531528,0.422851890473056,0.999960136967505
"Zmat5",148.331474716625,-0.000116405935555291,0.0207829240224621,0.933897174789493,0.999960136967505
"Nf2",137.481030283986,0.000152520342872269,0.0212821923925926,0.915204814021459,0.999960136967505
"Nipsnap1",113.134859463128,-0.00164699842898038,0.0309870488134866,0.390187837076693,0.999960136967505
"Thoc5",129.004024421584,-9.6493435488397e-05,0.0217613382299564,0.947365162494787,0.999960136967505
"Nefh",238.135627089356,0.00258403522825189,0.0326302237455013,0.199287514217094,0.999960136967505
"Ap1b1",125.130609915455,0.000221326574783014,0.0223818014804114,0.88236539299586,0.999960136967505
"Ewsr1",882.298873963027,0.000196245783247796,0.0125037423744563,0.841736975301452,0.999960136967505
"Znrf3",581.766902940337,0.00125314993024875,0.0184824398048555,0.322523167393297,0.999960136967505
"Mrps24",662.782969773308,-0.00123906230645185,0.0179646369483047,0.320378560149492,0.999960136967505
"Urgcp",74.5873127071823,0.00170665646174057,0.0351720497956043,0.424063511711931,0.999960136967505
"Ube2d-ps",90.5371992917137,-0.000398932396835162,0.0264011279438128,0.816474477956954,0.999960136967505
"Dbnl",513.699528679945,-0.000701904386879992,0.0158804109327056,0.531525457614592,0.999960136967505
"Pold2",158.307725383016,-0.00107017241625262,0.0245796260669262,0.497374802190344,0.999960136967505
"Ykt6",104.034096584124,-0.00142711618427165,0.0306713056324973,0.454453560863645,0.999960136967505
"Nudcd3",384.836346799833,0.000644049984810287,0.0167026723211482,0.577619932355604,0.999960136967505
"Ddx56",114.603792598799,-0.000672574526680856,0.0245578764977968,0.674673930529909,0.999960136967505
"Tmed4",73.7519100452179,-0.0012461071779965,0.0318074183230163,0.527924308098978,0.999960136967505
"Ogdh",295.474453890566,0.000197786024654394,0.0162221566258513,0.861885785707858,0.999960136967505
"Zmiz2",129.119675336197,0.00114561381840192,0.0265597953654854,0.497503232114574,0.999960136967505
"Ppia",21075.5095147248,-2.08382207659332e-05,0.0107464024091696,0.983815926117416,0.999960136967505
"H2az2",904.86239781517,0.000563490001905903,0.0134019357105069,0.5848640735832,0.999960136967505
"Purb",453.810856073429,-0.000304505804668179,0.0145788744055355,0.772795250761222,0.999960136967505
"Myo1g",272.109918259905,0.00353527851516047,0.0377097504228053,0.132160299936987,0.999960136967505
"Snhg15",345.486174813871,-0.000741574539662719,0.0186813178223234,0.55500757834943,0.999960136967505
"Ccm2",323.928061473488,0.00294008942138446,0.033023694624959,0.154262794851653,0.999960136967505
"Tbrg4",103.21377901708,-0.000523780692630531,0.0251190254608291,0.749844591356051,0.999960136967505
"Hus1",91.9586013909342,-0.000110101499767902,0.0250102411142843,0.946748144526564,0.999960136967505
"Ikzf1",1997.50852215757,0.00476763620883126,0.0343843016467025,0.0511998507733811,0.999960136967505
"Fignl1",248.024331570931,-0.000127534718610493,0.0171376634881296,0.914571727802271,0.999960136967505
"Sec61g",1836.32864807147,-0.0001701523523685,0.0115485371007145,0.862508422186087,0.999960136967505
"Eldr",91.107326939636,-0.00056769647021251,0.0266536019215374,0.742344810173799,0.999960136967505
"Ppp3r1",187.795847437412,-0.0013071527193372,0.0249676729547516,0.409908491920903,0.999960136967505
"Dnaaf10",131.507358420938,0.00040777596906818,0.0222512162927943,0.783071739171439,0.999960136967505
"Pno1",339.083700558578,-0.00102416790322534,0.0194791975007196,0.42904396872042,0.999960136967505
"C1d",332.134893092839,-0.000948173728552371,0.0195417943201111,0.465078146367759,0.999960136967505
"Etaa1",168.707410641937,-0.000428254350846917,0.0204941327453349,0.755552515428819,0.999960136967505
"Spred2",256.942836730322,0.00105362019087725,0.0211700836538994,0.445963509341836,0.999960136967505
"Actr2",1372.23609014139,-0.000199777160275253,0.0118369688971016,0.838448839737483,0.999960136967505
"Rab1a",282.471287385625,-0.000173463352001922,0.0164005436387007,0.879786849245185,0.999960136967505
"Cep68",133.704825371875,-1.31944944233601e-05,0.0213956568288233,0.992692554224379,0.999960136967505
"Sertad2",119.506125158304,0.00207829648712032,0.0338625355216498,0.314451079862388,0.999960136967505
"Aftph",266.969938442887,6.45904750093355e-05,0.0169575589556232,0.956320729748384,0.999960136967505
"Peli1",821.786473676203,0.000905174991178544,0.0162305295245637,0.431241715606329,0.999960136967505
"Vps54",508.447908391878,-3.06393139162171e-05,0.0138199647242137,0.976029334110674,0.999960136967505
"Ugp2",199.956298831007,0.000550198476792723,0.0197166720224163,0.677541457803134,0.999960136967505
"Mdh1",583.262695195176,-0.00119279333217261,0.0183243732819537,0.341684093869923,0.999960136967505
"B3gnt2",464.785054810522,0.000794447539793156,0.0166298505010542,0.492460988193086,0.999960136967505
"Commd1",361.423649749104,0.00136517054591653,0.0215695807785108,0.331279259725897,0.999960136967505
"Cct4",950.171433815955,-0.000681742809753714,0.0137424961908004,0.517554625304742,0.999960136967505
"Xpo1",1008.30432067962,0.000326837671030891,0.0124808612773731,0.741721284373063,0.999960136967505
"Usp34",954.182495289659,0.00166439589331087,0.0192021446838283,0.21806603426115,0.999960136967505
"Ahsa2",105.203239652105,-0.0025211485945059,0.0383511418890198,0.274119275699395,0.999960136967505
"Sanbr",77.863830634758,-0.00489348904238872,0.0559287122963281,0.137657641943855,0.999960136967505
"Pex13",73.205540111616,-0.000949875734605976,0.030347773463809,0.618658767127981,0.999960136967505
"Pus10",157.102902190317,0.000813670221280097,0.022825801700644,0.585121311589109,0.999960136967505
"Rel",248.176565484666,-0.00132718674974756,0.0233826480285948,0.375299606059077,0.999960136967505
"Papolg",107.887342316552,0.00118244987879271,0.0283387713597224,0.508714087568742,0.999960136967505
"Fancl",180.709353774401,0.000306262126930351,0.0195047431559263,0.81683376953029,0.999960136967505
"Vrk2",303.295510294027,0.00279592355522574,0.0325118403755624,0.167345912371162,0.999960136967505
"Pnpt1",213.759495768255,-0.00192436258823605,0.028810354149583,0.282122857149655,0.999960136967505
"Ppp4r3b",847.40330592572,-0.000504141837904629,0.013364396970399,0.62249785366826,0.999960136967505
"Cfap36",155.234378838517,-0.00192645693101898,0.0306129928585912,0.307652186585924,0.999960136967505
"Ccdc88a",135.223241461719,-0.000835430266242382,0.0243058022195298,0.596249553404525,0.999960136967505
"Prorsd1",88.4350168733529,-0.00254642426207007,0.0398099493214351,0.283844635857913,0.999960136967505
"Mtif2",234.98936293484,4.2772125239014e-05,0.0173028125237476,0.971545525622162,0.999960136967505
"Rtn4",237.246001876074,0.00177875585490598,0.0267404702509291,0.28877192807403,0.999960136967505
"Sptbn1",566.081456798656,0.000244106984617218,0.0139228312004474,0.81198992062975,0.999960136967505
"Psme4",415.911163224649,-0.000308932964022448,0.0150097011369632,0.773670898094124,0.999960136967505
"Asb3",166.786200267319,0.000741895836641462,0.0220033841397033,0.608015618451787,0.999960136967505
"Erlec1",206.613462082988,-0.000317895617764121,0.0186028796886885,0.802152411900104,0.999960136967505
"Stc2",236.993248348241,-0.00171385326090505,0.0263116722370205,0.299891249185747,0.999960136967505
"Cpeb4",95.1614368755392,-0.00082140409226241,0.027066380410962,0.636441636040761,0.999960136967505
"Snrnp25",173.918357708952,-0.00294239326311365,0.0369877978235608,0.192183213043543,0.999960136967505
"Nprl3",87.6032832348528,-0.000512264082650779,0.0265393596715294,0.766191734934246,0.999960136967505
"Mpg",136.038271490752,-0.000550600420230527,0.0226721379371025,0.713290579670516,0.999960136967505
"Stk10",383.093909034649,0.0105867080585908,0.069285013835552,0.0333412433387693,0.999960136967505
"Fbxw11",175.595087951519,0.000855218869365503,0.0223129820374762,0.557302057483713,0.999960136967505
"Npm1",12632.0686262914,-0.000159732270246043,0.0106894107892096,0.878145284441843,0.999960136967505
"Lcp2",982.980788540911,-0.00116217866291783,0.0161579164450778,0.325803471489888,0.999960136967505
"Dock2",2784.53426851612,0.000315964574737292,0.0113086197325379,0.753619989479115,0.999960136967505
"Spdl1",232.274717531599,0.000636515543183432,0.0192901987434384,0.6228142605488,0.999960136967505
"Pank3",135.399929947858,0.000591188656039258,0.0228254347630235,0.69448367358897,0.999960136967505
"Rars",436.93508469269,-0.00102180556769934,0.0182793664170568,0.409706727829371,0.999960136967505
"Mat2b",374.155607650511,-0.00046559530403372,0.0159383469670985,0.677367753767289,0.999960136967505
"Hmmr",575.574509376184,0.000141375239776414,0.0136746441169819,0.889198621255227,0.999960136967505
"Nudcd2",505.674727060085,-0.00321448889935029,0.0318469877368882,0.117040460015782,0.999960136967505
"Ccng1",687.347790436132,0.0011510141081581,0.0183583971711609,0.357844069808152,0.999960136967505
"Pttg1",628.877393755175,-0.000606660920781787,0.0155336892339601,0.582400487409228,0.999960136967505
"Slu7",263.282464705986,3.55380365978421e-05,0.016659943021117,0.975615054512279,0.999960136967505
"Pwwp2a",212.518646125346,0.000587376149054205,0.019603551244826,0.655010833012224,0.999960136967505
"Ttc1",191.098519522566,-0.00077230780684795,0.0212479029310092,0.581165186106329,0.999960136967505
"Ublcp1",141.624681353773,-0.000606793756712817,0.0224945532008767,0.682722538728806,0.999960136967505
"Rnf145",159.475508940421,0.000303067933180153,0.0205712912956077,0.82688424538997,0.999960136967505
"Clint1",794.056256808308,-0.000309820673168528,0.0131086003140929,0.75718228601294,0.999960136967505
"Lsm11",97.7861586062061,-0.000592492318335498,0.0258000309014727,0.724043554093979,0.999960136967505
"Thg1l",100.403065976115,-0.00274061170411537,0.039913617177669,0.25171829259259,0.999960136967505
"Adam19",227.265394682295,-0.00129521208456363,0.0238695245641106,0.395531528772765,0.999960136967505
"Cyfip2",943.929499052379,-0.000250064910299979,0.0125322195010014,0.799869520349178,0.999960136967505
"Itk",2770.53068713177,-0.000117168557822436,0.0111507091488981,0.906277918509859,0.999960136967505
"Garin3",136.827706664933,0.00282638547867241,0.0378327298386632,0.217544086034452,0.999960136967505
"Med7",119.274091779402,-0.00802238521949138,0.0702451608768614,0.068851656498002,0.999960136967505
"Rack1",9722.06551926695,-0.000791239324294246,0.01170822218317,0.467383382877067,0.999960136967505
"Gm12185",166.811490159692,-0.00574217147857913,0.0543482442883654,0.0911959250167491,0.999960136967505
"Or2v1",109.048489682689,-0.00424802068020293,0.0492939350011789,0.150615308831354,0.999960136967505
"9930111J21Rik2",313.811059683615,-0.00373140319416984,0.0379710574418533,0.117783697828072,0.999960136967505
"Zfp62",315.986079121947,-0.000526423355161038,0.0169794735949815,0.653057365046576,0.999960136967505
"Mgat1",123.414965782757,-0.00171134911018022,0.0308484209672863,0.369427888556172,0.999960136967505
"Cnot6",382.849734285511,-0.000272793678312884,0.015228333759227,0.801432000028422,0.999960136967505
"Mapk9",156.352237935561,0.000792847440573341,0.0231574161416202,0.599927217634888,0.999960136967505
"Rnf130",127.178706594498,0.000333541714470601,0.0223151988112919,0.822649760631522,0.999960136967505
"Tbc1d9b",141.075207947571,-0.000244925132059244,0.0212312946556525,0.863729149577969,0.999960136967505
"Sqstm1",303.453958000487,8.34146820677095e-06,0.0160181666302782,0.994095734885516,0.999960136967505
"Canx",1675.55948396427,-0.00098171039274382,0.0140533477551332,0.37680462594149,0.999960136967505
"Hnrnph1",743.433206755574,0.000140938238790497,0.0128297241924905,0.886501584450773,0.999960136967505
"Clk4",212.904526007222,0.000431884860401817,0.018823545905173,0.735194949281365,0.999960136967505
"Hnrnpab",3232.7666978903,-0.000880307785654075,0.0125279164304826,0.418798856202313,0.999960136967505
"Nhp2",615.750351476058,-0.000258997512768457,0.013588397611547,0.798455842567998,0.999960136967505
"0610009B22Rik",73.4231463788553,-0.00144070769802352,0.0338383093627188,0.486694915265923,0.999960136967505
"Sec24a",336.215606378335,0.000966369256750892,0.0192418322839481,0.451240523632584,0.999960136967505
"Sar1b",306.480836306959,-0.0014181107433828,0.0228886629721285,0.335124270819388,0.999960136967505
"Jade2",96.5411477765256,0.0020397784066986,0.0349732523925435,0.337169530601126,0.999960136967505
"Cdkn2aipnl",255.513179925287,0.000365023006659461,0.0174477972406442,0.76113951295625,0.999960136967505
"Ube2b",738.260440355171,-0.00108112491511364,0.0165260528301969,0.359655685179784,0.999960136967505
"Cdkl3",71.5510143821575,0.00131606957139544,0.0329793880961543,0.516991907699991,0.999960136967505
"Ppp2ca",536.657936497161,-0.000748874454168968,0.0158050082364706,0.504361329349599,0.999960136967505
"Skp1",691.730564725045,0.00222729244584683,0.0241006977120845,0.164553021410011,0.999960136967505
"Tcf7",288.273606085137,0.0110786474850984,0.0758296960054176,0.037148783039943,0.999960136967505
"Vdac1",805.512672079816,0.00111347805123601,0.016641349781446,0.348685749711612,0.999960136967505
"9530068E07Rik",129.014369021006,-0.00244067224586792,0.0358565371033603,0.261922609355284,0.999960136967505
"Hspa4",1422.99690617657,-0.000358503001451354,0.0120075556984319,0.718392661735286,0.999960136967505
"Zcchc10",133.755111616055,-0.00118224938635962,0.0265163425363932,0.482580439832613,0.999960136967505
"Aff4",417.570580586721,0.000147959461086307,0.0146586878011997,0.888704937460575,0.999960136967505
"Uqcrq",1731.24979824898,0.000154289887865898,0.0115096147940795,0.875208042059219,0.999960136967505
"Kif3a",80.6859525713098,-9.14912346668991e-05,0.026283531036779,0.957533370062953,0.999960136967505
"Il4",121.699633045046,-0.00180805155543946,0.0333761767163124,0.37619143068464,0.999960136967505
"Rad50",821.439197246577,0.000510584858448907,0.0134616096712575,0.619026438499731,0.999960136967505
"Gm12216",71.8835906420791,0.000252065544312492,0.0276752382174691,0.887977526440546,0.999960136967505
"Fnip1",584.070630215815,0.00209102523170562,0.0241033757879216,0.186170205556995,0.999960136967505
"Rapgef6",1991.12194455112,-0.000176238212842069,0.0114003805202517,0.858349606868594,0.999960136967505
"Cdc42se2",312.68495664874,0.000277461539423376,0.0161083640554498,0.805969057517812,0.999960136967505
"Hint1",3041.7748527054,-0.000177219952722774,0.0112761115569119,0.858315875512265,0.999960136967505
"Tnip1",181.542091811081,-0.00258713852512893,0.0343116733867794,0.217790423577638,0.999960136967505
"Anxa6",395.088085948573,-0.000441184394525867,0.0155853707854755,0.688915106002121,0.999960136967505
"Ccdc69",90.2767150725701,0.00237808324725614,0.0378291282265692,0.295853772253617,0.999960136967505
"Gm2a",214.076265638851,-0.00126914829825156,0.0241286328403529,0.409848663820555,0.999960136967505
"Atox1",517.150256082127,0.000109462220627922,0.0138711780559318,0.914722851968545,0.999960136967505
"G3bp1",1314.03597027234,0.000198342869267345,0.0118624914509884,0.839542138113437,0.999960136967505
"Fam114a2",188.591301785953,0.000343581856868575,0.0192986011092846,0.792891584906885,0.999960136967505
"Mfap3",104.866822029586,-0.000882040103700011,0.0265465509522151,0.604880398075188,0.999960136967505
"Sap30l",113.582124435285,-0.000825992755116888,0.0254638419888849,0.615715692806199,0.999960136967505
"Larp1",866.861102936266,0.000876815562024021,0.014887042553207,0.428138342946532,0.999960136967505
"Cnot8",175.272458651723,9.30228301119446e-05,0.0197651806976981,0.944789819060801,0.999960136967505
"Gemin5",185.093993286824,0.00057562190430891,0.0207796637917936,0.677555372102953,0.999960136967505
"Mrpl22",291.920955102295,-0.000461226694354137,0.0171745096428543,0.696599769681046,0.999960136967505
"Zfp672",81.3503896298698,0.000696751198100434,0.027870852021424,0.696739107993955,0.999960136967505
"Rnf187",335.949839466518,-0.000234344219665142,0.0156751847985146,0.832410674160878,0.999960136967505
"Trim11",105.407917854695,-0.00102967548706456,0.0273671849331517,0.554652478067651,0.999960136967505
"Guk1",193.413229374725,-0.000150363497397601,0.0188129015753743,0.906912827358626,0.999960136967505
"Mrpl55",168.125274097641,-0.000188876649531475,0.0198455118196056,0.88842300353254,0.999960136967505
"2310033P09Rik",210.654804388219,-0.000142767326889034,0.0187402150207967,0.911311079038123,0.999960136967505
"Arf1",965.349593651724,-0.00389117155559535,0.0323098741575163,0.0758485123926629,0.999960136967505
"Snap47",111.303414027572,-0.00106295639491784,0.0288255285022626,0.559854939805318,0.999960136967505
"Mprip",151.033525219479,0.000189982526111267,0.0207702871669041,0.892149870015483,0.999960136967505
"Cops3",386.676401964171,0.00103881668047237,0.0189141404849979,0.41284663060612,0.999960136967505
"Med9",100.121319500295,-0.00109171386187076,0.0282563975742049,0.541880535148317,0.999960136967505
"Rai1",150.229695292033,0.00246474694773667,0.0347454140055001,0.244424705046616,0.999960136967505
"Srebf1",85.7082179264306,6.34488143701151e-05,0.0256287371999338,0.969925394267391,0.999960136967505
"Tom1l2",71.7431620071554,5.68400475136234e-06,0.0276200135758427,0.997464067649303,0.999960136967505
"Atpaf2",79.8346491721129,-0.000782398002508842,0.0284237282939235,0.666239632797362,0.999960136967505
"Gid4",137.551732371303,-0.000727488675570976,0.0233668999436363,0.634117379087082,0.999960136967505
"Drg2",87.5587262137316,-0.000690800201621221,0.027148702437864,0.692831093797287,0.999960136967505
"Alkbh5",301.376793372109,-0.000243945580215663,0.0164944616513953,0.832144726002491,0.999960136967505
"Flii",199.717879081333,0.000347158197382168,0.0189270131629266,0.787291305639321,0.999960136967505
"Shmt1",135.15511482546,-0.00024539620634565,0.0216055131856017,0.865539292184465,0.999960136967505
"Dhrs7b",117.187255969322,0.000304207423338812,0.0230008663052688,0.842343195411884,0.999960136967505
"Tmem11",190.969137849928,-0.00197207705912175,0.0299891267714058,0.287372732514109,0.999960136967505
"Map2k3",134.129120401338,-8.8321212416567e-05,0.0214001929737346,0.951107696502186,0.999960136967505
"Tnfrsf13b",180.674852985816,0.000957196705129202,0.0227224016120525,0.51633855457293,0.999960136967505
"Usp22",79.6508723701111,0.00256492671868851,0.0407725550777187,0.289214462641548,0.999960136967505
"Grap",503.338416526632,-0.000647220903196574,0.0155359527485155,0.558124905947263,0.999960136967505
"Prpsap2",112.868551762448,0.0011630535916166,0.0275583555377218,0.505251768446944,0.999960136967505
"Ulk2",100.455060565753,-0.000288281971817047,0.0243443563873689,0.857679089440955,0.999960136967505
"Akap10",300.21636846702,0.000663898058389552,0.0181425719220915,0.589220715529287,0.999960136967505
"Specc1",88.4165486098014,0.00350664675820651,0.0458553241543009,0.197345457895245,0.999960136967505
"Ttc19",81.8844249203721,0.00196365773972421,0.0360784471386908,0.36788728248082,0.999960136967505
"Ncor1",1612.11252553463,0.0010813595355663,0.0144765212508889,0.341294935808937,0.999960136967505
"Pigl",75.4916161086012,0.00279197936468831,0.0421663329981389,0.26338226462655,0.999960136967505
"Cenpv",135.969248054879,0.00163253099828362,0.0293680521639077,0.371162150776314,0.999960136967505
"Ubb",4598.34922554199,-0.00676957308616873,0.0398585689747102,0.02737817329077,0.999960136967505
"Trpv2",122.446217956393,-0.00224100913463293,0.0346519157092491,0.287896533463521,0.999960136967505
"2410006H16Rik",3247.19048117236,0.00243170425720276,0.0202117633132563,0.114862093234242,0.999960136967505
"Mmgt2",100.20961640524,-0.000535160989308291,0.0251720930366898,0.744970811804651,0.999960136967505
"Zfp287",107.014075136116,0.001258844730538,0.0285901428647333,0.484162024463091,0.999960136967505
"Tvp23b",100.778565313661,7.29256627384179e-05,0.0241357797934399,0.963637663512479,0.999960136967505
"Cox10",192.905310444189,8.91196387325404e-05,0.0186274613216607,0.944314820796124,0.999960136967505
"Elac2",79.9040212039546,0.000966368479038065,0.0293065751058179,0.602121617597612,0.999960136967505
"Map2k4",358.181753396529,0.0006016596739054,0.0169669265660668,0.606930497243814,0.999960136967505
"Zkscan6",71.4635057560417,5.30738645691192e-05,0.0275299828084144,0.976262325224114,0.999960136967505
"Adprm",96.9761780449435,-0.00161850823622654,0.032035178807598,0.41263228485389,0.999960136967505
"Sco1",102.151256470286,-0.00617200475621365,0.0613310918625913,0.097752228091113,0.999960136967505
"Stx8",270.974695150176,-6.76236023715396e-07,0.0164976240648896,0.999532292339514,0.999960136967505
"Pik3r5",137.369518279668,0.000464814806380173,0.0221191617455719,0.751918795652675,0.999960136967505
"Ndel1",145.999301506297,0.000406310786262233,0.0216254209177139,0.778423576560121,0.999960136967505
"Rpl26",4973.3238390713,-0.000939242891886953,0.0124956200732251,0.395029146279429,0.999960136967505
"Pfas",101.062706558894,-0.000204306237621057,0.0241468017774751,0.898291132177814,0.999960136967505
"Ctc1",95.6656018544287,0.00153486359583649,0.0314255595955556,0.430060112753919,0.999960136967505
"Aurkb",262.516181322787,0.000106013318426473,0.0170653733173524,0.92871572225081,0.999960136967505
"Tmem107",76.0457195740022,0.00110440075577313,0.0306698475677641,0.56516782917731,0.999960136967505
"Cntrob",80.2560372601005,0.00618269612155122,0.0632525018015474,0.101858919012955,0.999960136967505
"Trappc1",123.40531603923,-1.92734996503136e-05,0.0221622753830959,0.989650440273931,0.999960136967505
"Chd3",728.42174917984,0.000400000778330049,0.0133953890416189,0.693686565633628,0.999960136967505
"Naa38",356.049461190759,-0.000886686856770376,0.0189064420707438,0.483625262460097,0.999960136967505
"Kdm6b",112.081489677836,-0.00147134791999629,0.0297542388005846,0.427561988159447,0.999960136967505
"Trp53",1443.13962223494,0.000819970684265339,0.0135899306024511,0.445206593263475,0.999960136967505
"Fxr2",82.9395811317789,0.000323719286999622,0.0262645791167024,0.850156539923143,0.999960136967505
"Mpdu1",181.175485067178,-0.0012494920946379,0.0247371130131462,0.427783382763767,0.999960136967505
"Eif4a1",3464.59399870367,-0.00171120249932273,0.0165948872080483,0.190966454164278,0.999960136967505
"Senp3",138.421954303279,0.000376261103537531,0.0218524453743332,0.796480066821229,0.999960136967505
"Polr2a",522.068439228946,0.00106722503521276,0.0177654139293175,0.382267437611241,0.999960136967505
"Tmem256",687.217011243013,-0.000170414723791673,0.0130296226987197,0.86382831524736,0.999960136967505
"Acap1",219.910855938573,0.00111348969050764,0.0224846138405736,0.443516617480192,0.999960136967505
"Gps2",261.11704046583,0.00176115307797896,0.0260467795283652,0.28295324632585,0.999960136967505
"Eif5a",3930.96706160452,-0.00326169516751461,0.0246680847698189,0.0754249015894982,0.999960136967505
"Elp5",202.376413174442,-0.00161175125298604,0.0268306591547391,0.337947605560866,0.999960136967505
"Ctdnep1",229.809812524368,-0.000637344068390044,0.0192989309179455,0.622484848077301,0.999960136967505
"Gabarap",486.578254697494,-0.000408193064977025,0.0146798467896828,0.700461293809556,0.999960136967505
"Phf23",145.124421494953,0.00103689645326938,0.025138637698049,0.520131876683687,0.999960136967505
"Acadvl",103.291202134417,-0.00148154708353229,0.0305064761710514,0.434668105771596,0.999960136967505
"Dlg4",94.7595699226927,0.00390715548685795,0.0479247598945941,0.1709339267534,0.999960136967505
"0610010K14Rik",353.558275740265,0.000254276219470908,0.0164950764862047,0.825125437557415,0.999960136967505
"Rnasek",209.710320525687,-0.00115194185423926,0.0235421446696577,0.446016083139021,0.999960136967505
"Pelp1",140.05946544881,0.000859857240636344,0.0240770311937631,0.581894170853644,0.999960136967505
"Arrb2",315.065146452969,0.00178233586178964,0.025123920520666,0.263795372945938,0.999960136967505
"Med11",190.237876011557,-0.00155255349781928,0.0265307286825238,0.35153345709464,0.999960136967505
"Psmb6",856.747221330636,-0.000722170845091849,0.0143386178623216,0.500561472793607,0.999960136967505
"Mink1",126.238881142432,-0.00124096381797066,0.0275390571945266,0.475669856674496,0.999960136967505
"Slc25a11",193.331833256472,-0.00135212273217694,0.0251560132737991,0.396631638861457,0.999960136967505
"Rnf167",107.88491868867,0.000153857407441511,0.0234901310007137,0.921520890550069,0.999960136967505
"Pfn1",15326.8155955165,-0.000644274629618281,0.0114236485018894,0.545353969791258,0.999960136967505
"Eno3",140.905386633746,0.00154143854988993,0.028798800752336,0.390909229688499,0.999960136967505
"Spag7",198.950263551041,-0.000522232246764576,0.0196362728521182,0.692365151514742,0.999960136967505
"Rabep1",326.515459298443,0.00128612208009274,0.0214840500007273,0.357727585445564,0.999960136967505
"Nup88",268.755256821603,-2.65564166272116e-06,0.0165118143359591,0.998164527811022,0.999960136967505
"Rpain",78.9210790730588,0.000279962822297409,0.0267085041184989,0.872054711855458,0.999960136967505
"C1qbp",1115.10007937143,-0.000834235959352372,0.0140696234519839,0.441139031832997,0.999960136967505
"Derl2",153.996905934486,-0.00240578747745887,0.0340992724299675,0.24779353787546,0.999960136967505
"Mis12",147.838488070049,0.000429447801148171,0.0213779952720074,0.763642144128909,0.999960136967505
"Pimreg",139.580021639936,0.000243908651657555,0.0214258311922757,0.865370820449985,0.999960136967505
"Txndc17",448.136273436813,1.01269165557154e-05,0.0142094248955359,0.992203666107049,0.999960136967505
"Med31",86.7131235102228,-0.000908144649201522,0.0287890257211777,0.619394370353908,0.999960136967505
"Xaf1",677.736908263159,-0.00647214310036954,0.0666675416266959,0.0986883366631971,0.999960136967505
"Mybbp1a",898.986108696952,0.00109265779409531,0.0159574506749428,0.348810765295526,0.999960136967505
"Ube2g1",286.503419275226,-4.38922602146192e-05,0.0161899108999262,0.969193715304685,0.999960136967505
"Ankfy1",286.045562873122,-0.000336882876548641,0.016909987878921,0.773719740268646,0.999960136967505
"Zzef1",278.469129246926,0.00195081385822834,0.026994403598101,0.249839669916328,0.999960136967505
"Atp2a3",122.554338538998,0.00155912065231442,0.029710982020762,0.398872063833348,0.999960136967505
"Ncbp3",357.891694319097,0.000292520270295207,0.0156338882826117,0.79118528319917,0.999960136967505
"Haspin",113.545243470694,6.38006279596319e-05,0.0229311502550893,0.966748735140853,0.999960136967505
"Emc6",399.835033993836,-0.0033843083206366,0.0354015665618716,0.128245951323248,0.999960136967505
"Cluh",116.801644090613,0.00344848256285065,0.043362482938034,0.185637106599831,0.999960136967505
"Pafah1b1",1407.42454646915,-6.7037523842138e-05,0.0117355055818687,0.945145467623464,0.999960136967505
"Mettl16",332.595274049968,-0.000416954918716884,0.0162699662105333,0.713592174958828,0.999960136967505
"Tsr1",273.597014846132,0.000320566095015205,0.0169163592841185,0.78453750872311,0.999960136967505
"Rpa1",364.534744363794,-1.67269658426559e-05,0.0150350061785656,0.987593461682898,0.999960136967505
"Smyd4",74.7840186510471,0.0038127004752287,0.0500194200275977,0.190853857207618,0.999960136967505
"Prpf8",391.244585534275,-0.000161921950957599,0.0152081999140824,0.88126620721387,0.999960136967505
"Pitpna",760.021789070421,-0.000560133125031561,0.0139657378418067,0.591801208464541,0.999960136967505
"Crk",169.3187756296,0.000710511263947819,0.0217239264558988,0.619759305873565,0.999960136967505
"Ywhae",1476.3541588887,-0.000360541768977686,0.0119750103990168,0.717004386630606,0.999960136967505
"Vps53",162.101474306152,0.000627774689234287,0.0215613343982426,0.660124289257689,0.999960136967505
"Glod4",159.192076219516,0.000241329437787387,0.020334178073473,0.860558652358977,0.999960136967505
"Nxn",115.680110468081,0.000433494421246236,0.0234661657135774,0.779927026901143,0.999960136967505
"Timm22",172.829148737088,-0.00120493373392263,0.0249981810505609,0.449481672934634,0.999960136967505
"Abr",113.927304090344,0.00200239184113611,0.0338819810673187,0.332820573550188,0.999960136967505
"Gosr1",170.556884747615,-0.000279262344388048,0.0198233295074292,0.835175217953351,0.999960136967505
"Blmh",318.080540029716,-0.0077615864401359,0.0593223239965996,0.0515951523965728,0.999960136967505
"Nsrp1",314.137995566362,0.000124325673675595,0.0158394989016406,0.911382169523121,0.999960136967505
"Ssh2",667.209589182042,0.00942007380552958,0.0592808306931697,0.0300797537255327,0.999960136967505
"Taok1",397.977538648914,0.000294232608701536,0.0151442330257872,0.785402640139651,0.999960136967505
"Nufip2",564.699322511457,3.37787741993088e-05,0.0134468053513658,0.973193217510998,0.999960136967505
"Myo18a",109.163469691728,0.00384779808445304,0.0464370607378474,0.167019327602259,0.999960136967505
"Phf12",275.206644709324,0.00168034160541799,0.0252930128681972,0.293461924243145,0.999960136967505
"Flot2",71.8184078199338,-0.0001688518459201,0.0274740579359647,0.924428857315233,0.999960136967505
"Fam222b",164.935417129325,0.00147252945722619,0.0269674058231943,0.384731056972407,0.999960136967505
"Traf4",96.8261059173876,-0.00197952418742358,0.0344855349216717,0.345850503512091,0.999960136967505
"Rpl23a",12862.1816038791,0.000113243885809772,0.0106848028795376,0.913198957972505,0.999960136967505
"Supt6",387.284351338131,0.000906139409868192,0.0180786522483837,0.459776707687293,0.999960136967505
"Sdf2",149.796623457765,-0.000876481159987361,0.0235656509344627,0.566759043656467,0.999960136967505
"Bltp2",397.282644704718,-0.000113292209875901,0.0150502563939516,0.91617016581285,0.999960136967505
"Spag5",133.685835337676,0.00174953601698327,0.0319463524006575,0.373715962917692,0.999960136967505
"Unc119",87.473677249835,-0.00143906309815654,0.0315974744076176,0.462295271768588,0.999960136967505
"Tmem199",81.6392552822091,0.00037544889060054,0.026569798907034,0.828066421649981,0.999960136967505
"Poldip2",118.701187393389,0.000447130279193808,0.0234775217956456,0.773195192557938,0.999960136967505
"Ift20",211.464081840504,-0.00115752983154393,0.0245262187199727,0.460491972079397,0.999960136967505
"Tmem97",202.558692666086,-0.00419675073106696,0.0442251660299679,0.124108227464097,0.999960136967505
"Nlk",259.490561420889,0.000802031143092948,0.0197866382616141,0.541824234382586,0.999960136967505
"Ccnq",83.073686462653,-0.00232411767584108,0.0385646565210599,0.314002191851103,0.999960136967505
"Lyrm9",125.113305887429,0.00220584129059803,0.0342785062802083,0.290872964788138,0.999960136967505
"Lgals9",335.538913353963,-0.000601884005417354,0.0179728701204689,0.622370159499556,0.999960136967505
"Ksr1",98.4859356910209,0.000583444262017587,0.0257593696330099,0.72779850190085,0.999960136967505
"Wsb1",234.444699344508,-0.000506334063015024,0.0187117716495564,0.689452462677706,0.999960136967505
"Nf1",200.653679890336,-0.000606102779335197,0.0200270689499545,0.650615343596143,0.999960136967505
"Evi2b",257.276339066098,0.000236796307459944,0.017355936368776,0.843468186618624,0.999960136967505
"Utp6",175.190572730068,0.00292841837048312,0.0367865984753587,0.192114498063237,0.999960136967505
"Suz12",1105.68786425052,7.18791433510032e-05,0.0120139664449383,0.941128098275902,0.999960136967505
"Crlf3",534.773639711065,0.00220567707272539,0.0253021798742123,0.179594189412329,0.999960136967505
"Atad5",565.550249712289,-0.000140404387188538,0.0135148926036222,0.889305563774478,0.999960136967505
"Rhot1",149.444514309785,-4.04780131563501e-05,0.0204852186459192,0.976710556481046,0.999960136967505
"5730455P16Rik",115.357712898202,0.000318450852077157,0.0231214430578174,0.835757763039563,0.999960136967505
"Zfp207",813.247618636377,-0.00020151910894086,0.0126815880301079,0.838109019229698,0.999960136967505
"Psmd11",598.756063927829,-0.000828475788865848,0.0158357468020541,0.463097237330875,0.999960136967505
"Zfp830",132.166736502573,-0.0151894020071705,0.0997496637025345,0.0297960459488146,0.999960136967505
"Lig3",82.9038140138824,0.000415936683300718,0.0266502542399872,0.810208457404534,0.999960136967505
"Rffl",96.9479133883702,3.4261535102838e-05,0.0244595644677219,0.983107357165445,0.999960136967505
"Slfn9",249.231411646587,-0.000832385818239005,0.0199543436271312,0.529181051589434,0.999960136967505
"Slfn8",277.584349313841,-0.00176679678946984,0.0258872963959558,0.27906152373373,0.999960136967505
"Slfn3",236.264063394487,-0.00146721268040935,0.024638904799316,0.347991581855645,0.999960136967505
"AI662270",844.07710420675,-0.0080867806483119,0.0538392897642457,0.0355564637637731,0.999960136967505
"ENSMUSG00000121399",201.105315831048,0.0030880429914838,0.0369405700115172,0.172732373773985,0.999960136967505
"Ap2b1",264.843182011208,0.000773388000116841,0.0195589111302613,0.552867218073655,0.999960136967505
"Taf15",683.353695078549,7.35508657066897e-05,0.0129636297981137,0.940755751174444,0.999960136967505
"Heatr6",175.020880035213,0.00107290235777375,0.0240763360124809,0.488012177117736,0.999960136967505
"Ddx52",242.094196391916,-0.000554817200256035,0.0188057774524338,0.66228163369055,0.999960136967505
"Synrg",196.523225395567,0.00059030932369385,0.0200369877878846,0.659485550555812,0.999960136967505
"Tada2a",121.489031508234,0.000174751052362762,0.0223493738219219,0.906943838714198,0.999960136967505
"Acaca",262.880387377481,0.00128112725305465,0.0225807377980569,0.378416779095084,0.999960136967505
"Aatf",341.528148932426,0.00598993694293669,0.0497880457038885,0.0662136768433598,0.999960136967505
"Ggnbp2",909.337109449031,-0.000363226004869686,0.0127992145878914,0.716263455698213,0.999960136967505
"Znhit3",141.637030679708,-0.00123319107433122,0.0263700440924631,0.460774317082544,0.999960136967505
"Usp32",180.250969022412,-0.000551447528195611,0.0204484927309996,0.686472919316479,0.999960136967505
"Appbp2",288.043025311403,-0.000713622738875411,0.018573199710275,0.568463448677588,0.999960136967505
"Ppm1d",111.252845246872,-0.000270445648338002,0.0235244400816707,0.862453175494271,0.999960136967505
"Bcas3",168.385627427338,-0.00155359692669068,0.0274113415880813,0.365393708543161,0.999960136967505
"Brip1",338.39514567848,0.000632538898253451,0.0171424735084686,0.591330511329256,0.999960136967505
"Brip1os",381.562301125695,0.000656624572483318,0.016723285684493,0.570579948245379,0.999960136967505
"Ints2",129.710927858786,0.000829901121955895,0.0243983823055344,0.600037670456702,0.999960136967505
"Med13",379.054798939804,-0.000400760870217305,0.0156249415446277,0.716561474497796,0.999960136967505
"Rps6kb1",394.719351602881,-0.000112382281700713,0.0148252049665141,0.915979554947385,0.999960136967505
"Vmp1",416.592284122834,0.00031895473228238,0.0150084460011006,0.766537330945376,0.999960136967505
"Ptrh2",171.944155346281,0.000282779537654563,0.0198612737202593,0.833389969530699,0.999960136967505
"Cltc",585.491575794914,0.000858477160661941,0.0160815525188711,0.451601951621022,0.999960136967505
"Dhx40",201.687835597339,0.000131197296787974,0.018370807358859,0.917084582245684,0.999960136967505
"Prr11",138.949529656593,0.00150062152879304,0.0289764488178638,0.406728000036024,0.999960136967505
"Ska2",326.283196194568,0.00105222730058542,0.0198924768014318,0.423893869795914,0.999960136967505
"Trim37",194.54303271425,0.00571344114999475,0.0530905595721546,0.087568993011971,0.999960136967505
"Supt4a",637.570313929472,0.00117632157551341,0.0179109270062127,0.341869943615271,0.999960136967505
"Mir142hg",1556.57079577358,0.00253801907400847,0.0230006533843914,0.119200012028497,0.999960136967505
"Dynll2",436.302371114612,-0.00195145275709855,0.0246798670936724,0.219065799261781,0.999960136967505
"Srsf1",581.967840886332,0.00111212170328605,0.0175903817493311,0.361675055405293,0.999960136967505
"Vezf1",262.583809216502,0.000747141915806224,0.0191133103816009,0.559283718309353,0.999960136967505
"Mrps23",222.967185058656,-0.000916105964820982,0.0211254664120469,0.508299968686986,0.999960136967505
"Msi2",628.333059027159,0.00860861266607628,0.0560932239033307,0.0333264938088423,0.999960136967505
"Scpep1",106.485668052099,-0.00016332985645431,0.0236907965922896,0.917306569429736,0.999960136967505
"Coil",109.278280443697,0.00138435595832002,0.0294104053461768,0.451657703929369,0.999960136967505
"Trim25",241.945902944595,-0.00608569330797928,0.0535709040043989,0.0761286609814651,0.999960136967505
"Cox11",90.0195284344343,-0.000583106759943042,0.026364408455699,0.733136529555449,0.999960136967505
"Utp18",502.232808847727,0.00012029965698238,0.0140074173586888,0.906838697328131,0.999960136967505
"Mbtd1",356.765885663088,0.000285648179589934,0.0157871988134677,0.797398200928219,0.999960136967505
"Nme2",3247.98864600551,-0.000496939130570216,0.0115598217416684,0.628247752630816,0.999960136967505
"Nme1",2250.03839648234,-0.000370844778394277,0.0115431603839806,0.712131391505441,0.999960136967505
"Spag9",371.607732300655,0.000674398476584127,0.0172845791438375,0.569287558693971,0.999960136967505
"Luc7l3",1223.57819792612,-0.000244705727531382,0.0120348596643845,0.803284470134759,0.999960136967505
"Ankrd40",129.871323562605,0.000699524509780922,0.0236810350349218,0.651564538464452,0.999960136967505
"Lrrc59",234.561385783492,0.000231557577247044,0.0175838093326212,0.848527562775314,0.999960136967505
"Eme1",75.3194569934303,0.00178447749449909,0.035167077641688,0.403266647162723,0.999960136967505
"Mrpl27",244.517625839683,-0.000549582717811397,0.0185052330985591,0.661061408122287,0.999960136967505
"Kat7",211.515057170267,0.00124745316381289,0.0236799158241948,0.410396940350289,0.999960136967505
"Fam117a",95.2674740809637,0.00267579342890211,0.0395778598821759,0.259216002145317,0.999960136967505
"Slc35b1",221.112819230936,-0.0120378384106499,0.0823830277922976,0.0363146218908866,0.999960136967505
"Spop",429.216666718212,0.00022589531567924,0.0147189897293307,0.8312924053449,0.999960136967505
"Phb",144.121563340678,0.00199919352202756,0.0321283305501327,0.310620972807883,0.999960136967505
"Zfp652",287.434426714468,0.00209395156959307,0.0278107893034154,0.229700545741426,0.999960136967505
"Gngt2",102.228261435126,-0.00070814434167883,0.0265632007772809,0.67974637995499,0.999960136967505
"Snf8",339.664239879777,-0.000424802530824644,0.0162081732881719,0.707646648064077,0.999960136967505
"Ube2z",142.875458938591,0.000379412533331402,0.0214758213324347,0.791669557727121,0.999960136967505
"Atp5g1",973.619610718773,-0.000643958064906787,0.0135550914925545,0.537653299046658,0.999960136967505
"Cbx1",709.114307847774,-0.00105139778879321,0.0171313809970895,0.379529480899909,0.999960136967505
"Nfe2l1",190.5225029931,-0.00012479489222189,0.0189141857474348,0.92307144091806,0.999960136967505
"Cdk5rap3",92.243191499839,-0.000223797388602355,0.0250464440328805,0.892027602561081,0.999960136967505
"Sp2",105.630312914645,-0.0012254076977536,0.0288271909590065,0.499490044915262,0.999960136967505
"Mrpl10",217.278443975743,0.000306002772041317,0.0182808687892431,0.80666888709841,0.999960136967505
"Kpnb1",781.178089556254,0.000968067974002455,0.015820054280811,0.397510479753783,0.999960136967505
"Npepps",408.332219037446,0.000492270764262566,0.0156545745473494,0.656176052142086,0.999960136967505
"Mrpl45",206.386718662058,-0.00121255866298941,0.0235893465815277,0.422450016536424,0.999960136967505
"Mllt6",125.82090992422,0.000833295568110541,0.0246392945581131,0.601759053134326,0.999960136967505
"Psmb3",1688.29695510389,-0.000887757918595261,0.0137246579003426,0.41473346421329,0.999960136967505
"Pip4k2b",119.319627598495,0.0016696332545582,0.0306069957315944,0.378160147517376,0.999960136967505
"Cwc25",131.26412009511,-0.000673305005103437,0.023430137433255,0.661104323560431,0.999960136967505
"Rpl23",20456.8387962662,-0.000568183147211687,0.0110701829978905,0.596025650962191,0.999960136967505
"Lasp1",245.647297212547,-0.00029117095854782,0.0176508753740541,0.810537581195794,0.999960136967505
"Rpl19",15695.921693196,-0.000736677135767505,0.0114423177202087,0.498301094623169,0.999960136967505
"Fbxl20",136.530759633696,0.00175307032664843,0.0309791721593938,0.359390838655167,0.999960136967505
"Med1",303.512066112392,0.000402280147764965,0.0166717529675464,0.728137431339218,0.999960136967505
"Cdk12",539.041411025646,0.000451406596315483,0.0144373094383679,0.668126419797502,0.999960136967505
"Mien1",188.776170993718,-0.000836663183096907,0.0217564750271908,0.557322043944333,0.999960136967505
"Ikzf3",260.971828781887,0.000436611501717611,0.0177260139977688,0.719114836393569,0.999960136967505
"Psmd3",338.496565174255,-0.000616691186357407,0.0170940175678973,0.599935751469061,0.999960136967505
"Med24",94.2173670089847,0.00247716814501525,0.0382480787669966,0.281188246813731,0.999960136967505
"Msl1",151.281696564797,-0.000671716564680827,0.0223314935962039,0.64784559337801,0.999960136967505
"Casc3",183.029864321661,-0.000405917153700039,0.020988144275157,0.772824212712974,0.999960136967505
"Wipf2",86.4740969122365,0.00219050734215082,0.0369193758959766,0.324976007968093,0.999960136967505
"Cdc6",276.075534341968,0.000129470439109677,0.0164524313561451,0.910389222359245,0.999960136967505
"Rara",144.143924432871,0.000500238587525983,0.0218870549208286,0.730935659616597,0.999960136967505
"Top2a",4671.74682067314,0.00045359942973004,0.0112071498860566,0.661507478909597,0.999960136967505
"Igfbp4",773.945670356296,0.00187768886938113,0.0231141854152729,0.215335320950251,0.999960136967505
"Ccr7",140.195778288215,0.00209189700892534,0.032720071683936,0.296475048695873,0.999960136967505
"Smarce1",556.599283271847,-0.000667318977355464,0.0152953949387981,0.542990922597052,0.999960136967505
"Eif1",5331.50076898904,-0.000593917826859696,0.0115948584980951,0.56988762166104,0.999960136967505
"Nt5c3b",289.489554651877,0.000716504444375892,0.0184666649505206,0.565102421131265,0.999960136967505
"Acly",224.852673023325,0.00034268879954071,0.0181371503821168,0.782404494194738,0.999960136967505
"Cnp",261.704043313482,-0.00479875019613019,0.0468190433218485,0.101501853051549,0.999960136967505
"Dnajc7",899.549546506516,-0.00115539407872911,0.0163872372142798,0.330535309705157,0.999960136967505
"Dhx58",124.616743309223,-0.00639292502275803,0.0620421070691185,0.0922857405125262,0.999960136967505
"Kat2a",88.8968092248751,0.000379861505689891,0.0258525744771955,0.822100697855972,0.999960136967505
"Rab5c",371.011531744642,0.000824220869191557,0.0179869226577105,0.499294830895023,0.999960136967505
"Stat5b",283.635627309158,0.000493485934059759,0.017375407051068,0.679101637352526,0.999960136967505
"Stat5a",85.9991234146458,4.35423318219931e-05,0.0256457195497038,0.979370893245426,0.999960136967505
"Stat3",455.543180879677,-0.000983088154328024,0.0184413583015399,0.429712764096579,0.999960136967505
"Mlx",198.25527642558,0.000398313676511757,0.0191524818177826,0.758879784627559,0.999960136967505
"Psmc3ip",116.860719489147,-0.00161723204558874,0.0305457713105671,0.392936672951277,0.999960136967505
"Retreg3",134.114513685244,-0.000541179054227865,0.0232980349777242,0.724600958864465,0.999960136967505
"Tubg1",94.7662684345681,-9.38448806789926e-05,0.0246369741644877,0.954024808951733,0.999960136967505
"Ezh1",94.1792263837476,0.000752756048326749,0.0266598087549664,0.661373671176937,0.999960136967505
"Coa3",378.22817376595,-0.00052592398466586,0.0162226958689184,0.642488798832197,0.999960136967505
"Becn1",255.90249477018,-0.00134822284478021,0.0232338552039744,0.365146837107127,0.999960136967505
"Psme3",275.850071515413,-0.000178313733721177,0.0166176886571581,0.877712686436544,0.999960136967505
"Aarsd1",431.574746357241,-0.000705148022105151,0.0167959289554782,0.5438812818329,0.999960136967505
"Rpl27",11621.7731911542,-0.000777811312103043,0.0117516474009985,0.472788652008669,0.999960136967505
"Ifi35",365.878055939938,-0.00222626565002183,0.0275455175732445,0.20097563526864,0.999960136967505
"Brca1",305.984963980979,6.71791107938387e-05,0.0160930472872266,0.952640727956919,0.999960136967505
"Nbr1",96.9811198274738,0.000554930269186622,0.0261834695934645,0.744296377238891,0.999960136967505
"Rdm1",133.651623843707,0.0022466376270055,0.03392662534065,0.277714705033694,0.999960136967505
"Dhx8",179.474839277889,-0.000161938300634923,0.019242141464159,0.901696202473111,0.999960136967505
"Lsm12",782.589195048787,-0.000679478783593207,0.01429060509885,0.523767452084443,0.999960136967505
"Atxn7l3",135.798282362045,0.000514178448726141,0.022539897773693,0.730501452030465,0.999960136967505
"Ubtf",674.502971307139,6.07645795708599e-05,0.012973290811288,0.951046855219035,0.999960136967505
"Slc25a39",264.021496110494,-0.000615154367147082,0.0185130222993492,0.622987500122445,0.999960136967505
"Gpatch8",468.979623582564,0.00144888566746,0.020800085339576,0.292545124855693,0.999960136967505
"Ccdc43",146.88124339775,0.00137110080342336,0.0270358492810845,0.420737742411194,0.999960136967505
"Eftud2",292.747284488971,-0.000377975318621866,0.0171300602325755,0.749290199146214,0.999960136967505
"Kif18b",108.836788653675,0.000500215650497777,0.0243314928107239,0.754352601629552,0.999960136967505
"Nmt1",268.95763510989,0.000254861799205069,0.017228459575606,0.830631891771432,0.999960136967505
"Fmnl1",207.511320051195,0.000459287406375062,0.0195628454645418,0.727656995311503,0.999960136967505
"Map3k14",90.5709700256091,0.000733005608264725,0.0269153550290105,0.672473598267321,0.999960136967505
"Gosr2",107.953435875032,-0.00124444324388617,0.0285305307825251,0.488548900612562,0.999960136967505
"Nsf",241.363420797057,0.00071914340417409,0.0194461880301794,0.57987856184201,0.999960136967505
"Kansl1",948.050701049104,0.00375270380562436,0.0317383465447779,0.0801641872114624,0.999960136967505
"Cdc27",318.339103761805,0.000933143998174143,0.0195967831552198,0.47320101995569,0.999960136967505
"Mettl2",106.369511305746,0.000109580558572814,0.0234862122388762,0.944075865169037,0.999960136967505
"Tlk2",378.167099295166,-0.000242108772187545,0.0154160773597066,0.824876025930987,0.999960136967505
"Dcaf7",140.528578263884,0.000486463485933531,0.0220703717890411,0.740078104100625,0.999960136967505
"Taco1",245.745592961434,0.000416536496530677,0.0186753716048458,0.742728831911678,0.999960136967505
"Map3k3",241.588847589274,0.00163301002507787,0.025585227480292,0.311633655411303,0.999960136967505
"Limd2",1668.09037659093,-0.00074725172604515,0.0130992388241453,0.479435616862337,0.999960136967505
"Strada",105.378908460597,0.00213729846763748,0.0359179315952058,0.325647666304646,0.999960136967505
"Ccdc47",406.675050123635,-0.000982939096959399,0.0183423425226427,0.428114740713904,0.999960136967505
"Ddx42",693.882059912779,-0.000257643314301766,0.0131818361986347,0.796942267464676,0.999960136967505
"Ftsj3",333.153979793313,0.000385648489162511,0.0161618943594272,0.733082876183045,0.999960136967505
"Psmc5",515.573434153821,-0.000135161913888871,0.0138449237691991,0.894722454263269,0.999960136967505
"Smarcd2",173.854102549833,0.000857387556609107,0.022372535720439,0.557214814428789,0.999960136967505
"Icam2",118.607030972571,0.00138032933543087,0.0286096292093574,0.441575975684124,0.999960136967505
"Ern1",81.6492092420996,-0.00100734756883839,0.0294062579524253,0.587543639684157,0.999960136967505
"Tex2",377.607794983211,-0.000338869756111549,0.0154226080439532,0.756762049742721,0.999960136967505
"Pecam1",269.960420924445,0.000287701994376851,0.0171322613441906,0.80821972889548,0.999960136967505
"Milr1",132.776878702228,-0.00240762945257883,0.0356203004607898,0.265538510855219,0.999960136967505
"Ddx5",3352.91654561801,-0.000604543929946236,0.0117564413153918,0.561638776736318,0.999960136967505
"Cep95",119.488031684806,0.000724067552790902,0.0244626124447368,0.649562249943916,0.999960136967505
"Smurf2",179.704383208372,0.00116078513702761,0.0245918895776833,0.460275109235276,0.999960136967505
"Kpna2",172.331850930512,0.000113264623860091,0.0194861481076353,0.931949859383655,0.999960136967505
"Bptf",836.186812793076,8.21892123273714e-05,0.0126840896065245,0.933335925704483,0.999960136967505
"Nol11",440.546076819813,4.02842753009571e-05,0.0143263655428902,0.969151601177026,0.999960136967505
"Psmd12",820.041671968737,-0.00192113986138566,0.021389527876604,0.188660802583519,0.999960136967505
"Helz",356.235264969129,5.24680945292766e-05,0.0153157261010831,0.961605476960471,0.999960136967505
"Prkca",1071.56671532966,0.00759917265743011,0.0485728256913456,0.0321836642230274,0.999960136967505
"Gna13",504.133088366657,-0.00148123052412225,0.0208036042497673,0.283004747964038,0.999960136967505
"Amz2",164.389755388952,-0.000422357775823475,0.0207256536729967,0.761181332109791,0.999960136967505
"Slc16a6",188.583351120399,0.00158648945819855,0.0268390854648366,0.345861964384763,0.999960136967505
"Prkar1a",941.345593871191,-0.00175639044948286,0.0202643901186157,0.209113600716333,0.999960136967505
"2610035D17Rik",76.086680806977,-0.000142071776032151,0.0274466966926329,0.936345048620757,0.999960136967505
"Slc39a11",92.1344070114245,0.0012738623684455,0.0299608254954645,0.496999493278009,0.999960136967505
"Fam104a",608.259513495797,-0.000586552966379486,0.0146044288443057,0.582411821108434,0.999960136967505
"Rpl38",6637.55526976685,0.0017777216409933,0.0160264779448252,0.177988951574645,0.999960136967505
"Nherf1",487.761801938464,-0.000250205918421833,0.0145401774160893,0.812064174322162,0.999960136967505
"Mrpl58",280.997732204923,0.000201332318289531,0.0165189670572227,0.861385577023587,0.999960136967505
"Atp5h",1839.88907952149,0.000338791443660651,0.0116830957924436,0.7338729515289,0.999960136967505
"Armc7",80.0845788339475,-0.000643640913422076,0.0277594466448596,0.718239587936386,0.999960136967505
"Nt5c",548.960631237495,-0.00167449011490734,0.0215705365152885,0.241926522041099,0.999960136967505
"Jpt1",785.933534492485,0.000740611109743681,0.0146967142325675,0.494413897245834,0.999960136967505
"Sumo2",2407.63376505174,-0.00147461106486458,0.0162732938479471,0.237330284983085,0.999960136967505
"Nup85",185.83654715473,-0.000826555050351403,0.0217465476255087,0.562106710327951,0.999960136967505
"Mrps7",207.038726908471,-0.000726948504229817,0.0204937568403928,0.592600289099212,0.999960136967505
"Mif4gd",142.908939479517,-0.00219708192148442,0.0334198717702982,0.281945210027178,0.999960136967505
"Grb2",610.674181215503,-0.000116338438450329,0.0132798202194601,0.907398807697219,0.999960136967505
"Sap30bp",123.373664716852,-0.00037367598477822,0.0228137580420691,0.805284001744429,0.999960136967505
"Galk1",314.809810474313,-0.00136943076541906,0.022647974799575,0.347695708074882,0.999960136967505
"H3f3b",7236.71493775835,-0.00212650524630578,0.0192026502404866,0.142537433369841,0.999960136967505
"Unk",86.1863517752585,-0.000501878536315468,0.0269368867718118,0.77360867445744,0.999960136967505
"Unc13d",84.953957704669,-0.000305365267076939,0.0264249706257469,0.859299635032468,0.999960136967505
"Wbp2",84.2919155049516,-0.000867186265723591,0.0283221421336285,0.630898877836266,0.999960136967505
"Mrpl38",138.305638495072,-2.50395125316808e-05,0.0213515658550489,0.986107554302098,0.999960136967505
"Ten1",188.575046204613,0.000793725896333739,0.0214521260022028,0.573638487795896,0.999960136967505
"Srp68",188.349973420958,-9.91375550403001e-05,0.0187780932742784,0.938488756911965,0.999960136967505
"Rnf157",283.461059159511,0.000156928985893217,0.0163521291099799,0.890939967981641,0.999960136967505
"Prpsap1",178.691692298395,-0.000182686044314597,0.0194207754782924,0.890021498388099,0.999960136967505
"Snhg16",246.770110770014,-0.00050947728468186,0.018232454675805,0.681104186065037,0.999960136967505
"Jmjd6",147.408108135119,-0.000831790086996159,0.0234235691448433,0.585391017004417,0.999960136967505
"Mettl23",121.392096016039,-0.0023203672757502,0.0352686729328806,0.278769141058642,0.999960136967505
"Srsf2",2028.74375034098,-0.00219649540777211,0.0201600447366466,0.139246331821677,0.999960136967505
"Snhg20",157.615820289223,0.000758216888280555,0.0225004167334422,0.607193687504466,0.999960136967505
"Septin9",592.501313591332,0.000638688572625495,0.0149071248799075,0.554633088137193,0.999960136967505
"Tnrc6c",365.921212242465,0.0016410278639351,0.023372260965648,0.275212704102947,0.999960136967505
"Tmc6",72.0546720343224,0.000863771180132233,0.0299016254463498,0.647341037033476,0.999960136967505
"Syngr2",189.413130090118,-0.00469571396501825,0.0477988152235552,0.112282490813316,0.999960136967505
"Tk1",305.216654788055,-0.000576684750812331,0.0177554803540987,0.633955270794181,0.999960136967505
"Birc5",1260.25518556158,0.000569198789788614,0.0129419090188611,0.578815841948801,0.999960136967505
"Pgs1",154.596623210206,-0.00138686607313388,0.0267414513280595,0.41046906389368,0.999960136967505
"Cyth1",510.110335144175,-0.000252106497120617,0.0145068312746845,0.810404348090433,0.999960136967505
"Usp36",175.034864381859,0.00133122398910786,0.0260226609793817,0.418671357442318,0.999960136967505
"Lgals3bp",183.356646137375,-0.000582160796117188,0.020559941902634,0.671103397657343,0.999960136967505
"Cbx4",200.349362453866,0.000267250035450932,0.0186518303964818,0.833760803634641,0.999960136967505
"Eif4a3",459.070182353708,0.000294392584443087,0.014598908617423,0.780295436091046,0.999960136967505
"Rnf213",788.464234561566,-0.00960480190941876,0.0581037113463066,0.0268975184649882,0.999960136967505
"Rptor",213.81368351193,0.000776676934010815,0.0205810780226289,0.568195913330411,0.999960136967505
"Chmp6",89.9386754383304,-0.00228203614119157,0.0374152427245296,0.310882081519051,0.999960136967505
"Ndufaf8",243.230444594642,-0.000699116504771391,0.0195703732989778,0.592728113031493,0.999960136967505
"Slc38a10",101.39455910445,-0.00143194449115291,0.0303115586716608,0.448119435242152,0.999960136967505
"Actg1",9039.66855521012,8.30957753673968e-05,0.0107185816513148,0.935864080452421,0.999960136967505
"Nploc4",138.499305441371,0.000343861033300717,0.0217326512136529,0.812949604946342,0.999960136967505
"Mrpl12",585.715888346529,-1.81385778311441e-05,0.0134531844464395,0.985606000658464,0.999960136967505
"Mcrip1",216.5838169575,-0.00195012034647755,0.0290247374563518,0.278895619437124,0.999960136967505
"P4hb",428.773387517049,-0.000269353960446209,0.0152239614652789,0.803847745262996,0.999960136967505
"Arhgdia",627.093160755836,0.000260234366350539,0.0134543682754306,0.796634267066658,0.999960136967505
"Alyref",1582.86433040429,-0.000674658204870422,0.0127316878286035,0.517329929522361,0.999960136967505
"Anapc11",499.215812784678,-0.000285793284567576,0.0143708029245432,0.784560159943627,0.999960136967505
"Pcyt2",118.077168952857,-0.00198211966237563,0.0331913610010615,0.328962597835805,0.999960136967505
"Sirt7",154.57590473512,0.00093420989685216,0.0236461286264424,0.541700688576347,0.999960136967505
"Mafg",115.192419042587,-0.000661374279755794,0.0248277670419949,0.682854716563387,0.999960136967505
"Aspscr1",102.366555796836,-0.000494968641607862,0.0248025257245951,0.760814144758223,0.999960136967505
"Cenpx",291.243714199866,-5.78665875111112e-05,0.0165423443489153,0.960075083411269,0.999960136967505
"Gps1",119.996782346046,0.000598594220915067,0.0245003375580459,0.708885546196957,0.999960136967505
"Dus1l",126.123622123423,-0.000275206241016947,0.0222335460008995,0.853014646929907,0.999960136967505
"Fasn",195.662401710114,0.000813169347277101,0.0214241187617358,0.56350488460103,0.999960136967505
"Csnk1d",162.24730701404,0.000282544514502673,0.0203793667266924,0.837205193286896,0.999960136967505
"Cybc1",98.9573122338222,-0.00315427029475784,0.0426311040774997,0.215375704422969,0.999960136967505
"Foxk2",185.637888785941,0.00021342876049786,0.0193935669239774,0.871430305958896,0.999960136967505
"Wdr45b",157.334058712795,0.000815185251466744,0.0229146216553315,0.585723547038242,0.999960136967505
"Tbcd",147.994643936429,-0.000505776413700152,0.0218673945792173,0.727808102626911,0.999960136967505
"Rab10os",126.037235179312,-0.000148848282613009,0.0219946755658352,0.919597638501772,0.999960136967505
"Rab10",884.401338321276,0.000582790057469735,0.0135252292360203,0.573848099451875,0.999960136967505
"Asxl2",523.011554161177,0.000391496614056149,0.0144744945639389,0.709826690677211,0.999960136967505
"Dtnb",182.821924244059,0.000639087279141189,0.0209598004825071,0.64595958173332,0.999960136967505
"Dnmt3a",233.510647342867,-0.00252056298334403,0.0334771708348051,0.219512454811753,0.999960136967505
"Ptrhd1",100.039266323758,9.24733656233043e-05,0.0244290327519175,0.954368667358737,0.999960136967505
"Ncoa1",207.013790606888,0.00204569450196052,0.0295172442748868,0.263325702982861,0.999960136967505
"Itsn2",583.592198401517,0.00120901097235986,0.0181957063785033,0.333997722463063,0.999960136967505
"Sf3b6",1211.54680254511,-0.000572685344173411,0.0128491449548641,0.576375696558158,0.999960136967505
"Ubxn2a",216.76035320269,9.58910208297394e-05,0.0178414911375002,0.937849492760348,0.999960136967505
"Atad2b",441.888782233706,-0.000483700008302863,0.0156027389796698,0.661069106608591,0.999960136967505
"Ldah",223.556022537544,0.00109478941569214,0.0223678484569462,0.449388568909987,0.999960136967505
"Gm56555",76.9828949047594,-0.0040577111186087,0.0507757703147,0.173384289186207,0.999960136967505
"Pum2",844.551816492796,0.00202285966839167,0.0221481330657717,0.178337145401014,0.999960136967505
"Laptm4a",314.148492648401,3.30362406713373e-05,0.0158343084844795,0.976410944602877,0.999960136967505
"Ttc32",163.991996485745,-0.000563609944600757,0.0216563999374799,0.694949559497021,0.999960136967505
"Rdh14",74.1358586147586,-0.00116061967556019,0.0312007247765511,0.550831020963019,0.999960136967505
"Gen1",184.975311806586,0.000931832958723098,0.023155283130156,0.534994217803296,0.999960136967505
"Smc6",1511.51111676786,0.000374510037733491,0.0119818128542088,0.707024296641834,0.999960136967505
"Cyria",95.3411350830027,0.000326576712773697,0.0249419672453983,0.842186323379954,0.999960136967505
"Ddx1",414.153380044449,-0.000196244261034951,0.0147422735423146,0.853302225131344,0.999960136967505
"Nbas",133.155649095598,0.00179627417067863,0.0310781018162181,0.348760014544158,0.999960136967505
"Trib2",93.4038564773566,0.000731867553133817,0.0267799987962807,0.671614589859327,0.999960136967505
"E2f6",92.7807937200187,0.00132877711258698,0.030239518087082,0.481635867944561,0.999960136967505
"Rock2",766.749035122428,0.000629602394510449,0.0140721708231232,0.550451836249821,0.999960136967505
"Nol10",296.083936519792,-0.000328719698277974,0.016618555402118,0.776135455010659,0.999960136967505
"Odc1",1159.12956233364,-0.00168783936671704,0.018836792507834,0.20988663390745,0.999960136967505
"Hpcal1",132.473466649551,0.00350128460903478,0.0432898912908966,0.179274768291702,0.999960136967505
"Itgb1bp1",161.884150662106,-7.13309825551133e-05,0.0199472736165216,0.957996038533522,0.999960136967505
"Cpsf3",234.931871269832,0.000865465386685529,0.0204672629027668,0.521488543490654,0.999960136967505
"Adam17",194.630582220041,-0.000890796828990946,0.0218710345590804,0.533086561335262,0.999960136967505
"Ywhaq",526.641804680629,0.00047860671403976,0.0147251685115752,0.653220105224329,0.999960136967505
"Taf1b",185.254359624971,3.20600393475099e-05,0.0194952786485147,0.980736061584652,0.999960136967505
"Rrm2",670.842460191505,-0.000182494067962032,0.0131205136567375,0.854715749583554,0.999960136967505
"Kidins220",300.495279234494,0.000724283713270054,0.0182907065357754,0.557878895673966,0.999960136967505
"Rps7",13385.6854426348,-0.00129363139974232,0.0132476239978134,0.276741542180249,0.999960136967505
"Rnaseh1",107.673953875809,0.000250449324686819,0.0237052713896198,0.873417083283967,0.999960136967505
"Trappc12",87.5687970396742,0.00136753451646007,0.0309868367214763,0.478017386529528,0.999960136967505
"Eipr1",168.192591014139,0.000522799720290134,0.0208657578935446,0.707348165884716,0.999960136967505
"Myt1l",169.511124449445,-0.00725948707213828,0.0623750647348131,0.0692259454193817,0.999960136967505
"Acp1",350.27589485694,-0.000870370650098299,0.018343492216714,0.481943281533053,0.999960136967505
"Dld",217.967115214691,-0.00063665087969758,0.0196075646882454,0.627564325377659,0.999960136967505
"Cbll1",201.442217602707,-0.000431969140253956,0.0191888543026057,0.739333567822331,0.999960136967505
"Bcap29",647.446026231838,0.000507201231734937,0.0141472540106181,0.6276845468028,0.999960136967505
"Dus4l",93.2885821788805,0.00161818120952251,0.0323211422944633,0.416361727666743,0.999960136967505
"Cog5",629.51603362807,0.00183972702748555,0.0224354540070414,0.215291622504567,0.999960136967505
"Pik3cg",124.758953524923,0.00256639098416603,0.0368123565155654,0.249550878383051,0.999960136967505
"Ccdc71l",79.1580438870355,-0.00156851665387356,0.0332325220236195,0.441949527818232,0.999960136967505
"Nampt",462.716559632713,-0.00892976339965322,0.0602217116040448,0.0365351859843976,0.999960136967505
"Sypl",100.417657919944,-0.00142659055473474,0.0305173479115824,0.452607535924351,0.999960136967505
"Atxn7l1",262.187729621425,0.00417498844893379,0.0418286169103287,0.110890231789897,0.999960136967505
"Polr1f",468.915380951854,0.000368831351645724,0.0148928664606975,0.73019040270338,0.999960136967505
"Snx13",99.1649355065984,0.00081343113211047,0.026936479727569,0.638389903799499,0.999960136967505
"Tspan13",415.242951456817,-3.40915316516455e-05,0.0145057453226121,0.974097923820173,0.999960136967505
"Bzw2",713.53145176478,-0.000841742296437366,0.0154898259820422,0.451879403577962,0.999960136967505
"Arl4a",226.009139284748,-0.00190383652219583,0.0295933875978895,0.298698359289857,0.999960136967505
"Ifrd1",679.563280847972,-0.000573831501204987,0.0141883134292674,0.585534992588385,0.999960136967505
"Zfp277",265.734699990342,-0.00185438197305714,0.0268723066891674,0.271206998415944,0.999960136967505
"Immp2l",527.421296845725,0.000763337322696369,0.0169594426133693,0.514351285628446,0.999960136967505
"Pnpla8",124.909783398994,-0.00270497313868502,0.0384368573101769,0.243013011738256,0.999960136967505
"G2e3",222.406991514108,0.00159960493727255,0.0262725122691365,0.332682559595309,0.999960136967505
"Scfd1",445.38326701632,-0.00338426122539281,0.033623025003291,0.115330791215629,0.999960136967505
"Strn3",553.315269703853,0.000165299956902188,0.0136271827715088,0.870421628479936,0.999960136967505
"Ap4s1",131.530479261833,-0.000716168953594555,0.0237107290890322,0.643983541978801,0.999960136967505
"Hectd1",931.177416780741,0.000767893263037671,0.0143560681730934,0.476469726396194,0.999960136967505
"Heatr5a",114.911301933225,9.95907988759155e-05,0.0228678319820221,0.947980916435721,0.999960136967505
"Dtd2",102.289089048765,-7.8067229165434e-05,0.0238924378376118,0.960735253890402,0.999960136967505
"Nubpl",77.14673517018,0.000108081332803839,0.0275760259655813,0.951739179201775,0.999960136967505
"Egln3",179.799492232984,-0.0127323160553177,0.0852555700816219,0.0340438633721975,0.999960136967505
"Sptssa",355.553726512322,-0.000229623027237401,0.0154609886064477,0.834123108703765,0.999960136967505
"Eapp",319.075239649412,-0.00124315157767958,0.0213286746681728,0.371076721995481,0.999960136967505
"Snx6",529.095543678476,-0.000164972806541795,0.0137560970519027,0.871294589207796,0.999960136967505
"Cfl2",129.343604069186,0.000407400441584795,0.022449477299218,0.784930444708379,0.999960136967505
"Baz1a",579.717639364141,-0.000223519775070193,0.013668119374949,0.825890149981636,0.999960136967505
"2700097O09Rik",89.1163757523483,0.000145562284326792,0.0252387859849546,0.930154942206788,0.999960136967505
"Ppp2r3c",86.2425783670266,0.000118335412194803,0.0258303316947507,0.944291791602333,0.999960136967505
"Prorp",75.8883183120403,-6.64228495203294e-06,0.0268282174596873,0.996967001667352,0.999960136967505
"Psma6",979.285185002282,-0.0020154345561379,0.022043770488251,0.178601173200849,0.999960136967505
"Ralgapa1",438.49897152996,0.000309595571543781,0.0147752494364226,0.77096186972957,0.999960136967505
"Brms1l",139.940320600925,0.000303585694076318,0.0214354864366288,0.832700287408799,0.999960136967505
"Mbip",178.64705612216,0.000815965928208277,0.0223518575921058,0.576812323419055,0.999960136967505
"Prps1l3",111.643876540822,0.000273124815582865,0.0233498364539735,0.860200518059916,0.999960136967505
"Mipol1",167.347010918205,0.00300770167851846,0.0376277236692084,0.189580674226263,0.999960136967505
"Gemin2",170.970871211993,0.000529044896012802,0.0209002330366606,0.704358249338195,0.999960136967505
"Trappc6b",363.237548753676,-0.00184764512346609,0.0248805580570184,0.244511941570542,0.999960136967505
"Pnn",1210.16317205415,-0.000434909727662725,0.0126025759903969,0.664965238512221,0.999960136967505
"Mia2",1112.33913894379,-0.000381313260062606,0.0128824022645946,0.703656751008724,0.999960136967505
"Fbxo33",152.433476455638,-0.00115032419426851,0.025196486746198,0.474422239654174,0.999960136967505
"Togaram1",123.974706456595,0.00346538402469488,0.0429392373080397,0.180468808001461,0.999960136967505
"Prpf39",235.304128738364,0.00152813143760031,0.0251779933424521,0.337145861568816,0.999960136967505
"Fkbp3",1277.60675651901,-0.00111951194713425,0.0152673544135321,0.332818756263108,0.999960136967505
"Fancm",168.062558444682,0.00082471269254915,0.0224101676304365,0.573486560733104,0.999960136967505
"Mis18bp1",407.086802822589,0.000375660945027518,0.0153110737899853,0.73006702559927,0.999960136967505
"Rps29",9916.11866347013,0.00174437517504112,0.0152878099737082,0.181996144000305,0.999960136967505
"Lrr1",118.532746106098,-0.00176866291711606,0.0315349541511521,0.362778945697044,0.999960136967505
"Rpl36al",3042.96164088756,-0.00178264443091799,0.0175743106531487,0.183441162449351,0.999960136967505
"Mgat2",290.111450004859,-0.00286651522481876,0.0338795163317478,0.171539586089114,0.999960136967505
"Dnaaf2",162.148947118463,0.000314008045666283,0.0202912906613289,0.8185394612266,0.999960136967505
"Pole2",160.605826215284,0.0108343810436587,0.0789360296379503,0.0428404807254439,0.999960136967505
"Klhdc1",72.6044424810196,0.00381635834858419,0.0495799488462391,0.18836518416648,0.999960136967505
"Klhdc2",157.980567789465,-0.000304613118224311,0.0205278034392178,0.825687908305354,0.999960136967505
"Nemf",384.615237836282,-0.000504107849404486,0.0160476350127399,0.653911624738677,0.999960136967505
"Arf6",530.255477613521,-0.000477630547094103,0.0148565244561159,0.655471559853564,0.999960136967505
"Gm56517",87.2212953433183,-0.000136825640147271,0.0255001032958771,0.93490504970876,0.999960136967505
"Vcpkmt",139.749777971525,-0.00116817252176316,0.025952172080462,0.479354881580502,0.999960136967505
"Sos2",193.002397162928,0.000514899641400979,0.0199333328753711,0.700319323719684,0.999960136967505
"Sav1",102.369629903765,-0.0019618110372306,0.0339177539833135,0.343248766458391,0.999960136967505
"Nin",360.295619140642,0.00051628550181099,0.016389372527719,0.650956450965341,0.999960136967505
"Tmx1",285.263558359878,-0.00108455999742602,0.0209837468393721,0.429189533095414,0.999960136967505
"Frmd6",107.295190989406,-0.00503251770616666,0.0540947704359624,0.123087008032249,0.999960136967505
"Actr10",320.019672792015,-0.000985563514984633,0.019626939558231,0.449133719524124,0.999960136967505
"Psma3",1645.94220998608,-0.0045927891120046,0.0344304306717757,0.0565365268936254,0.999960136967505
"3110056K07Rik",84.7995233715978,7.76281985603373e-05,0.0256722101013774,0.963258704487698,0.999960136967505
"Arid4a",615.486088516646,-0.000567414728908687,0.0145100722902283,0.593188482414413,0.999960136967505
"Timm9",378.499033776271,0.00054035688309085,0.0162363585710504,0.633596160269866,0.999960136967505
"2700049A03Rik",106.489090334469,0.000738229442185052,0.0256720887364551,0.65712456830318,0.999960136967505
"Jkamp",86.87880791594,-7.71346627914667e-05,0.0256851711860892,0.96350750446733,0.999960136967505
"Dhrs7",81.4841043212118,-0.000103576425934275,0.026457309695671,0.952185977804814,0.999960136967505
"Ppm1a",187.718424648417,-0.000116691416397465,0.0188226669808758,0.927758475380212,0.999960136967505
"Mnat1",269.904143794363,-0.000104836880314369,0.0166902529568996,0.928226412616934,0.999960136967505
"Prkch",440.430747316545,0.00305611385278404,0.0316454436817877,0.130045690796148,0.999960136967505
"Hif1a",2419.32413949798,-0.00270969836095865,0.0224107474792306,0.101234000805439,0.999960136967505
"Snapc1",171.542417012404,4.79540500474744e-05,0.0194925539913069,0.971183891742124,0.999960136967505
"Ppp2r5e",317.869766484868,0.000707098100266628,0.0179249685732302,0.561299890986741,0.999960136967505
"Wdr89",302.729887914512,-2.73884385456334e-05,0.0159073085444137,0.980511479477322,0.999960136967505
"Sgpp1",167.311871910694,-6.0750944921473e-05,0.0199438027924698,0.964218717144249,0.999960136967505
"Mthfd1",199.112411231052,0.00151122165526692,0.025898614655944,0.354469612322783,0.999960136967505
"Zbtb25",111.010475942158,0.00111998627579544,0.027443570000282,0.520196356360975,0.999960136967505
"Zbtb1",283.948041553476,0.000751325879528695,0.0187307393631282,0.550575581964046,0.999960136967505
"Churc1",329.073513666684,-0.000311196645107292,0.0161130001633775,0.782888585316812,0.999960136967505
"Fntb",139.500269063764,0.000832200930403337,0.0238211888492027,0.590938680219393,0.999960136967505
"Max",445.236459693695,-0.000720651777414422,0.0163927271909975,0.528784501653359,0.999960136967505
"Fut8",729.519672370274,-0.000856234437425262,0.0154383414950774,0.444145529732812,0.999960136967505
"Gphn",841.463871275748,0.00147707002762775,0.0185727377712418,0.256182846823385,0.999960136967505
"Pals1",175.276784076786,-0.000840505829996475,0.0222237692856761,0.56294934384304,0.999960136967505
"Atp6v1d",284.455634408944,0.000609449030144713,0.0181256535301539,0.620307135617409,0.999960136967505
"Eif2s1",1070.99670918756,-0.000350638747165172,0.0124269797378038,0.724134189524423,0.999960136967505
"Tmem229b",78.3766765755593,-0.0010620289732942,0.0301646645225259,0.575229002287226,0.999960136967505
"Vti1b",289.783302606533,-0.000345466245675581,0.0167920502792637,0.766829642332593,0.999960136967505
"Zfyve26",77.4061707637777,-4.63282268707549e-05,0.0268277222663922,0.978846880407918,0.999960136967505
"Rad51b",800.117533770429,0.00186466120247236,0.0223698401132305,0.20944522172635,0.999960136967505
"Zfp36l1",382.823827644519,-0.00118180615319618,0.0209893674427206,0.38903135544455,0.999960136967505
"Dcaf5",234.818266531418,-0.000737896798954887,0.0197628341274029,0.575028752538195,0.999960136967505
"Erh",830.606397255739,-0.00182136347153433,0.0206965624724516,0.200487145647151,0.999960136967505
"Slc39a9",75.3970536165448,0.000337131272057835,0.0272809267980242,0.848729271237896,0.999960136967505
"Susd6",302.659439744158,0.00112311437971551,0.020998705134157,0.413119187588153,0.999960136967505
"Srsf5",1097.20034671267,-1.27369305493984e-05,0.0120244021453711,0.989550269805026,0.999960136967505
"Cox16",822.616246752747,0.000116740162580187,0.0125949366280847,0.905314678813052,0.999960136967505
"Synj2bp",341.994835189701,-0.000652294485732989,0.0172254673716943,0.581097967777086,0.999960136967505
"Med6",174.510313343275,0.000448761259387036,0.0203110624486845,0.742089240933659,0.999960136967505
"Pcnx",81.8873981001569,0.00128514554540305,0.0311453736652906,0.507445111432326,0.999960136967505
"Sipa1l1",553.969097000312,0.005607097363736,0.0440033795320033,0.0580507201762387,0.999960136967505
"Rbm25",1724.67219945013,0.000654422802276998,0.0125520395383483,0.528598683527179,0.999960136967505
"Psen1",180.133329320194,-0.000160192066007703,0.0191973971116212,0.902557641123301,0.999960136967505
"Numb",232.530203838446,0.00118552517880184,0.0229465878354054,0.421984023595719,0.999960136967505
"Riox1",83.1615638695967,-0.000537303495391284,0.0269703108297849,0.758188186471117,0.999960136967505
"Mideas",146.052512304706,0.00438267709500091,0.0475329627768485,0.130801629747498,0.999960136967505
"Ptgr2",94.6674672717151,0.000822891765920071,0.0270298787449795,0.635416151499839,0.999960136967505
"Zfp410",87.9499234170619,-0.000998493438199819,0.0288151659534577,0.58442956632055,0.999960136967505
"Entpd5",108.910002376458,0.00550441387205932,0.057213271232284,0.111595729393753,0.999960136967505
"Rnf113a2",91.1541556132238,-0.00109175681576207,0.0291058207155376,0.552321462272362,0.999960136967505
"Lin52",140.093778976512,0.00203468697255132,0.0321362526728631,0.302138250613458,0.999960136967505
"Npc2",1481.95318102861,-0.00308932922454246,0.0282712466509618,0.103665372039726,0.999960136967505
"Isca2",152.699466841533,-0.000967774951469171,0.0239731573955738,0.531846054098374,0.999960136967505
"Arel1",93.482451158327,-0.000237699853165311,0.0253193723271162,0.886384988397805,0.999960136967505
"Fcf1",314.902131007916,0.000123846416826439,0.015850345149166,0.911768212473596,0.999960136967505
"Ylpm1",362.576051919964,0.00133692452000384,0.0212292430110273,0.335425431745144,0.999960136967505
"Dlst",180.122209958136,-0.000339740579494274,0.0197009719205167,0.798758928765034,0.999960136967505
"Eif2b2",111.034870288235,-0.000298951000214838,0.023543092927947,0.848142784476835,0.999960136967505
"Mlh3",122.944674556524,0.000343742756945009,0.0237255201282197,0.826717104972796,0.999960136967505
"Acyp1",125.262754478893,-0.00137344475183285,0.0282775537613583,0.439048556494405,0.999960136967505
"Nek9",185.895385980765,0.000677479950929576,0.020872012243275,0.624393212039376,0.999960136967505
"Tmed10",924.88561155601,-0.0014237586157722,0.0178108442040066,0.262399703642528,0.999960136967505
"Erg28",408.989405967231,-0.000462422019858921,0.015555681798112,0.67443606288843,0.999960136967505
"Ttll5",117.25951391948,0.000331384739657276,0.0230885421890954,0.828925650610442,0.999960136967505
"Gpatch2l",81.1565562669884,0.0012030543306337,0.0305731561696577,0.529117694135811,0.999960136967505
"Irf2bpl",92.9612586759495,0.0102792374476817,0.0833526396961088,0.0517708605690889,0.999960136967505
"Vipas39",82.3057175832392,0.000547378779945824,0.0270275946529941,0.754172621368875,0.999960136967505
"Ahsa1",277.109573600691,-0.000120145234337406,0.0165269430202566,0.917122996584071,0.999960136967505
"Sptlc2",242.861702652553,-0.000602985240720437,0.0188437951059348,0.635014176269974,0.999960136967505
"Alkbh1",385.420574314951,0.000612917984948437,0.0165696918370212,0.594044274425071,0.999960136967505
"Slirp",322.879581016899,-0.000141580414873065,0.0160497778842155,0.900135245621976,0.999960136967505
"Snw1",699.872568366358,0.000147809390157414,0.0129704027495163,0.881474070482316,0.999960136967505
"Cep128",313.412905626636,0.00235927471636185,0.0292874831320248,0.198148202430982,0.999960136967505
"Gtf2a1",145.428009383937,0.00152316378307574,0.0283447219696439,0.389832676689224,0.999960136967505
"Sel1l",184.626457118837,-7.68723948077001e-05,0.0190710678242124,0.952928216913605,0.999960136967505
"Gpr65",95.5502695106722,-0.000127314245445436,0.024981353986796,0.938371424165818,0.999960136967505
"Spata7",189.552293801285,9.64605006528865e-06,0.0195774738465818,0.994224971167264,0.999960136967505
"Zc3h14",333.253952102026,-9.62854103145737e-05,0.0154613681678286,0.930078860808302,0.999960136967505
"Eml5",87.7919217365409,-0.000889443787368261,0.0299438912166241,0.637847443672329,0.999960136967505
"Foxn3",1012.15698549229,0.000111502863917959,0.012283692723088,0.909070334934378,0.999960136967505
"Efcab11",265.676898517517,0.00124470060833678,0.022399744879696,0.389079321684751,0.999960136967505
"Tdp1",75.9704083612153,0.00116951464584418,0.0309487275557481,0.545044082649006,0.999960136967505
"Psmc1",437.459854210531,-0.000120118936647159,0.0144113768131813,0.908551553949773,0.999960136967505
"Calm1",5857.79227805748,0.000108707882705293,0.0109781881432113,0.914016389112183,0.999960136967505
"Ttc7b",139.720689091215,0.000754494347785833,0.0234916099517395,0.622853298829343,0.999960136967505
"Rps6ka5",186.960721959427,0.00226134229312296,0.0317275754781975,0.246567771826643,0.999960136967505
"Dglucy",171.011486600058,0.00204479560214456,0.041661916405801,0.395400840120338,0.999960136967505
"Ccdc88c",330.568426529182,0.00133266984461425,0.0217936858377926,0.346221030074824,0.999960136967505
"Ppp4r3a",542.186059240477,7.28120904113176e-05,0.0135935238964861,0.942581761624422,0.999960136967505
"Trip11",442.323255684922,-0.000565788701282351,0.0156468990437406,0.60920054262656,0.999960136967505
"Atxn3",94.0197785278137,0.00143291385177642,0.0309005840307723,0.455536905256792,0.999960136967505
"Ndufb1",1186.08401312016,-0.000202988099004154,0.0120282806976543,0.835784888404561,0.999960136967505
"Cpsf2",392.146241174292,-0.000352199538201215,0.0152992936243184,0.746181986564229,0.999960136967505
"Rin3",102.217713964255,0.000708915889758799,0.0259236611311649,0.672895688916553,0.999960136967505
"Golga5",170.792714691737,0.000389324624841875,0.0205605403418425,0.778076334774099,0.999960136967505
"Itpk1",90.8437103894237,0.00166825864980659,0.0328245408064557,0.408092808532757,0.999960136967505
"Tmem251",121.246654785983,1.15994299730237e-05,0.0225488216986961,0.993864672360163,0.999960136967505
"Gon7",108.365476344239,0.000142731052189715,0.0233593450211601,0.92683592832708,0.999960136967505
"Ubr7",262.771935304459,0.000789840250445013,0.0193521072930482,0.540724510593083,0.999960136967505
"Btbd7",342.452106423336,0.000463784108422908,0.0165359778444819,0.68649551568901,0.999960136967505
"Asb2",223.558008069644,-0.0125764285292313,0.0822862101108692,0.0325284324483088,0.999960136967505
"Ddx24",899.756352639239,-0.000831108440970122,0.0145698182507243,0.446776643691906,0.999960136967505
"Ifi27",647.014104278603,-0.000545961038230276,0.0143043781996028,0.604366587352102,0.999960136967505
"Ifi27l2a",5447.37413230215,-0.00238799986774815,0.031757005789973,0.222551851187014,0.999960136967505
"Dicer1",227.455270807065,0.000177282800851289,0.017662058934264,0.884283307726961,0.999960136967505
"Glrx5",427.401287445931,-0.00445708979199506,0.0407199996827141,0.0883386645977812,0.999960136967505
"Atg2b",78.3482522605,-0.000147141074086495,0.026663371382887,0.932528253298842,0.999960136967505
"Papola",839.036751029731,0.0001729918519939,0.0126569062874048,0.860529177481491,0.999960136967505
"Vrk1",720.43899294288,-0.00162174032096937,0.0200232494861026,0.236130908789525,0.999960136967505
"Bcl11b",1541.04937150945,0.00319307104568144,0.0264179589736463,0.0865977688119822,0.999960136967505
"Setd3",300.485130417325,0.00214434743487644,0.0280500857057903,0.222594245339132,0.999960136967505
"Ccnk",226.112601695799,0.000479567060101073,0.0186151735290083,0.704111105414936,0.999960136967505
"Evl",631.590678365146,-7.94639269511122e-05,0.0131502049747293,0.936370613692022,0.999960136967505
"Yy1",574.401617798526,-0.00064977396094384,0.0151064512548947,0.550690227409532,0.999960136967505
"Wars1",303.349136911648,-0.00136271704922254,0.0224019490024665,0.345890734134736,0.999960136967505
"Ppp2r5c",683.864452796832,0.00198442909454381,0.0227481645450768,0.190770504225294,0.999960136967505
"Dync1h1",283.756443390951,0.000716316259182037,0.0185184609441816,0.566069467237321,0.999960136967505
"Hsp90aa1",4654.83165997447,0.000360223474592821,0.0110785146675175,0.726020870463739,0.999960136967505
"Wdr20",126.923467207605,0.00119687004374642,0.0268379059933107,0.481829948388568,0.999960136967505
"Cinp",173.118477846505,-0.000754839701445037,0.0221767579045356,0.604126196226906,0.999960136967505
"Rcor1",421.45754594472,0.000100663908495865,0.0144669849331239,0.923495521880625,0.999960136967505
"Traf3",476.234652284143,0.0013194952193585,0.0199250995526856,0.320881360670293,0.999960136967505
"Eif5",1255.22705992051,-0.00158913318340325,0.0178350675792766,0.222432579719684,0.999960136967505
"Mark3",279.639087029489,-0.002209219550074,0.0288759343644159,0.220368309077978,0.999960136967505
"Ckb",461.258926985232,0.0020865304412115,0.0257646025361897,0.20555673322624,0.999960136967505
"Bag5",139.364158675279,-0.000683266869550073,0.0231414868755825,0.65264729318943,0.999960136967505
"Coa8",287.131157306912,0.00215988026833328,0.0283030548172976,0.222743868449006,0.999960136967505
"Klc1",134.355929222277,0.00124621853581532,0.0267391418037362,0.461613488562294,0.999960136967505
"Ppp1r13b",130.003265764553,0.00017238216227747,0.0222614314681686,0.907886008238342,0.999960136967505
"Atp5mpl",1079.84722045009,0.000284830453011317,0.0122882011682838,0.772760224021814,0.999960136967505
"Siva1",573.495463257045,-0.000710649643142789,0.0156110088484222,0.522680677109346,0.999960136967505
"Akt1",172.56969920677,-0.000287464703892053,0.0198092206465125,0.830265347198458,0.999960136967505
"Cdca4",236.860490026156,-4.66915492539918e-05,0.0175762955693613,0.969341492768102,0.999960136967505
"Gpr132",140.768235394971,0.00158413463796106,0.0288731723684347,0.378570212578244,0.999960136967505
"Nudt14",91.7208190218874,0.00104551868526077,0.0285484054528416,0.563212740256242,0.999960136967505
"Brf1",103.613267378334,0.000463162215755918,0.0245256582879685,0.773801779043634,0.999960136967505
"Mta1",227.889860643753,-0.00043098726562386,0.0185703037564124,0.732778180217214,0.999960136967505
"Crip1",267.893056964509,0.00764385737404972,0.0818579836547274,0.0654881725508391,0.999960136967505
"Ighm",239.109352312059,0.00230857305417422,0.0305885884130294,0.222889352283931,0.999960136967505
"Zfp386",82.5055918925102,0.000718492035391079,0.027759820915712,0.686626810770939,0.999960136967505
"Esyt2",466.082720039182,0.00283508050866231,0.0302455382741762,0.141712688566075,0.999960136967505
"Ncapg2",459.382379464271,0.000781762565099245,0.0166767210811875,0.49991839437836,0.999960136967505
"Cdca7l",325.570338893585,0.000995235337691334,0.0194770549007412,0.442058059124325,0.999960136967505
"Sp4",153.316164072399,0.00146261733334392,0.0275701048876799,0.397681147888759,0.999960136967505
"Gm56549",73.0336927197761,0.00131810438752106,0.0326145088400289,0.512629190257708,0.999960136967505
"Gdi2",749.932108156421,-0.000460054821326767,0.0135706637384938,0.653537940281002,0.999960136967505
"Tasor2",522.886613165862,-4.79797947306131e-05,0.0137544211184058,0.96237508501581,0.999960136967505
"Asb13",102.267182653365,-0.00103060312706146,0.027549251799302,0.556636392831231,0.999960136967505
"Net1",166.985640485183,0.000703016639651058,0.0217308713422861,0.623674826853554,0.999960136967505
"Akr1c18",120.186875992967,0.000366700863545044,0.0499609912274598,0.846335708488259,0.999960136967505
"Klf6",874.70131737483,-0.00223864728192755,0.0233307580573465,0.156201042975337,0.999960136967505
"Pitrm1",166.252758308937,0.000465971824237186,0.0206604658749986,0.736265445722157,0.999960136967505
"Pfkp",760.032169614751,-0.00109080813137977,0.0165371343819742,0.356046328169992,0.999960136967505
"Wdr37",209.987733714514,-4.95437204977582e-05,0.0191016022883149,0.969699736593699,0.999960136967505
"Idi1",449.924362365536,0.000300789802816374,0.0146674588719686,0.776291410112323,0.999960136967505
"Gtpbp4",752.068633647015,-3.25459886080052e-05,0.0127799365494198,0.973621679861828,0.999960136967505
"Larp4b",651.284133308929,-0.00165107988405437,0.0206308493990472,0.23613651823235,0.999960136967505
"Dip2c",296.119819008755,-0.000940164542457241,0.0197021873214684,0.471719813020302,0.999960136967505
"Zmynd11",465.735180303545,-0.000101255518564678,0.0142996391479039,0.922484747463908,0.999960136967505
"Mtr",93.9070290526526,0.00145903139026799,0.0310950926658512,0.449630661707124,0.999960136967505
"Heatr1",224.137471909015,0.00045322240920871,0.01916946261288,0.726576860791236,0.999960136967505
"Lgals8",158.036468723938,0.000362131400971673,0.0206373349086683,0.794059914908275,0.999960136967505
"B3galnt2",101.152110641867,0.000503788427751132,0.0249572202612328,0.757903678022429,0.999960136967505
"Tbce",176.156345702802,3.16711220366679e-06,0.0192501027214398,0.998075803999796,0.999960136967505
"Ggps1",251.983178176277,-0.00031573073425262,0.0179838773778813,0.797881251320941,0.999960136967505
"Arid4b",606.841497379075,0.000229774195230032,0.0134498817014804,0.819791962396673,0.999960136967505
"Mrpl32",388.170500290854,-0.00447492560340519,0.0415298442251638,0.091542530284884,0.999960136967505
"Psma2",2502.89201995404,-0.00178361649886775,0.0175289759507437,0.183031412079326,0.999960136967505
"Mplkip",240.426336973718,-0.00134537589342882,0.0238732641888474,0.3771586479883,0.999960136967505
"Cdk13",567.0206022299,0.00179146649258814,0.0224377992709598,0.225649084030682,0.999960136967505
"Rala",349.252802797246,3.855641065409e-06,0.0152255757880036,0.997165581592833,0.999960136967505
"Yae1d1",91.9300833245996,0.000168717644313745,0.0252397275558354,0.919066738001252,0.999960136967505
"Vps41",143.424078665956,0.000373222664835872,0.0216261089110754,0.796270042266108,0.999960136967505
"Stard3nl",122.276164077106,-0.00246856810893878,0.0362465348134702,0.261102498700496,0.999960136967505
"Elmo1",1951.87593746203,0.00360114915400775,0.0285497821367322,0.0736358253489394,0.999960136967505
"Trim27",354.613323159842,0.000185264369390151,0.0153429899093768,0.865130407345425,0.999960136967505
"Zkscan3",207.861975519551,0.000549811919065644,0.019809653355375,0.679006332578594,0.999960136967505
"Zscan26",110.815108396281,0.000212496361077416,0.0245657039534416,0.89576665027148,0.999960136967505
"H2bc14",141.644937538425,-0.00115785182755222,0.0258147503204768,0.481273240818375,0.999960136967505
"H2ac15",95.6197487205519,-0.000964365680538459,0.0277489961618529,0.585503852258402,0.999960136967505
"H1f5",2731.13890360704,-0.00284281470696319,0.0229284463341046,0.0937281254755944,0.999960136967505
"H3c11",146.11824282605,-0.000682414643418082,0.0227369678956906,0.647850471926464,0.999960136967505
"H2bc11",94.4845135268068,-0.00153773983761704,0.0316696909194744,0.432312450179656,0.999960136967505
"Zfp322a",157.117160310443,-0.00206940793668384,0.0316730586476858,0.287642094689952,0.999960136967505
"Abt1",133.563795480092,-0.0032983562299871,0.0414868409212578,0.187798345160377,0.999960136967505
"H4c8",92.189236142765,-0.00276349050236605,0.0404513395574924,0.253045838263575,0.999960136967505
"H2ac10",103.201697873171,0.00158436392856031,0.0312051632950091,0.411980337508723,0.999960136967505
"H3c7",115.283031051873,5.60749098464737e-05,0.0232804364864087,0.971155216643665,0.999960136967505
"H1f3",834.524733049576,6.44809960424255e-06,0.0125255681858129,0.994741755800743,0.999960136967505
"H3c6",355.154757714047,-0.000156525878110994,0.0154661304235037,0.886563632555935,0.999960136967505
"H2ac8",1078.97550315661,-0.000873271845090624,0.0147426854024613,0.428368996349455,0.999960136967505
"H4c4",1334.509207207,0.00187851424393131,0.0205511668540364,0.188562560747227,0.999960136967505
"H2bc6",184.520022095256,-0.00248033752320206,0.0342398663495439,0.235597876439919,0.999960136967505
"H1f4",3348.21026962982,-0.00208115635256289,0.0187675111104928,0.145993092527612,0.999960136967505
"H4c3",96.7760648298872,-0.00238510506586862,0.0373991355253497,0.28992327494661,0.999960136967505
"H3c3",1141.50444384363,-0.000250784870970626,0.0123467301926438,0.798860538211561,0.999960136967505
"H2ac4",80.6279751699923,-0.00100227333795479,0.0297582444327486,0.593180305390434,0.999960136967505
"H1f1",628.926471420413,0.000332867545028233,0.0138363295341603,0.745548126023148,0.999960136967505
"Cmah",186.852334358683,0.000218313234644636,0.0204563443309404,0.874461424228894,0.999960136967505
"Ripor2",238.293599225346,0.00456452776577293,0.0461391475345557,0.111170457169729,0.999960136967505
"Gmnn",774.032336011412,-0.000323845588580001,0.0130789389667474,0.746592787057586,0.999960136967505
"BC005537",592.996475185316,-7.90974611324453e-05,0.0133218757103331,0.937023416391113,0.999960136967505
"Acot13",76.5892537992586,0.00335173612442472,0.0459523928782973,0.2154367738204,0.999960136967505
"Tdp2",212.700773044943,-0.000970920733188209,0.0217763045870268,0.493927191397794,0.999960136967505
"Mrs2",97.9142592666966,-0.000756897065866301,0.0272131213936196,0.665234000988556,0.999960136967505
"Cdkal1",401.554628821597,0.000314421075728895,0.0151859974993617,0.771492294140651,0.999960136967505
"E2f3",488.838892899293,-5.22923111229996e-06,0.013896717707471,0.995920894297754,0.999960136967505
"Mboat1",283.836911007878,-0.00197271782500553,0.0271043284004779,0.246378526097444,0.999960136967505
"Exoc2",345.485842637392,0.000290101919324037,0.0156894950014701,0.793392674235079,0.999960136967505
"Gmds",507.560442747633,0.00202792429068108,0.0242524525315862,0.199028832585241,0.999960136967505
"Wrnip1",87.0085001452662,-0.000546488222441246,0.0269294235486564,0.753838295186799,0.999960136967505
"Serpinb9",81.4053205266547,-0.000500593573646811,0.0270684851699163,0.775067702382655,0.999960136967505
"Serpinb6a",121.452598810683,0.00150695966951574,0.0293615082509694,0.410363290114235,0.999960136967505
"Ripk1",263.907313382237,-0.000636439986158981,0.0185327483887999,0.611095645860128,0.999960136967505
"Psmg4",485.372077525618,-0.00115302171359527,0.0194254814297354,0.373893341498504,0.999960136967505
"Prpf4b",645.588833545486,0.000411371002719933,0.0141486981514896,0.692540675643585,0.999960136967505
"Eci2",158.790561780246,-0.000708324556357957,0.0223733572003149,0.630070055545991,0.999960136967505
"Cdyl",157.945307162749,0.000666637768607157,0.0220699137392775,0.646914588665106,0.999960136967505
"Fars2",281.62404356275,0.00167519521364152,0.0249855086959715,0.290153501407422,0.999960136967505
"Rreb1",176.185647292057,0.0119272470656296,0.0827217209817629,0.037431834536258,0.999960136967505
"Ssr1",383.694114469302,-0.00048145641057486,0.0161744739477221,0.670229605194394,0.999960136967505
"Riok1",513.452766876315,-0.000937633202446791,0.0170518441320226,0.428139111109464,0.999960136967505
"Snrnp48",413.343239911374,-0.00147138266933611,0.0216272426681346,0.297987732773659,0.999960136967505
"Txndc5",101.577555552363,-0.00107547162244519,0.0278644528922648,0.543103633013007,0.999960136967505
"Eef1e1",420.176122539538,-0.00114724172465396,0.0195376235966982,0.378042160243866,0.999960136967505
"Slc35b3",149.643881620674,-0.00129413010279915,0.0263242175182771,0.43719109282944,0.999960136967505
"Pak1ip1",472.461287594617,-0.0022059510209262,0.0258363449759046,0.185190841466511,0.999960136967505
"Tmem14c",718.992247990258,-0.00309239574603086,0.0293787367252013,0.110409544404822,0.999960136967505
"Nedd9",542.969315161284,0.000341407406822956,0.0140999143925007,0.741696969030026,0.999960136967505
"Hivep1",221.049800021054,-0.0006116465594122,0.0196562160935022,0.642183928987436,0.999960136967505
"Nol7",1357.0138684643,-0.00149217771789265,0.0171690002113457,0.239323478869727,0.999960136967505
"Ranbp9",413.734749825819,0.000468412599364773,0.0155996495981465,0.671057073165567,0.999960136967505
"Mcur1",166.640439717535,0.00023434176910363,0.0202936867043961,0.864342128172648,0.999960136967505
"Jarid2",2192.52194009623,-0.00402649615739109,0.0299530998967819,0.0608332995716436,0.999960136967505
"Dtnbp1",141.761623141863,-0.000456773910793754,0.0218413541364351,0.753460677558866,0.999960136967505
"Mylip",84.4816258964455,0.000565209233012173,0.0269015117867082,0.745378572694709,0.999960136967505
"Nup153",661.649558689995,0.00031545832546406,0.0133992635041038,0.754905072621252,0.999960136967505
"Dek",2261.40630346711,0.000373878076865817,0.0115894155776906,0.709597930644252,0.999960136967505
"6720427I07Rik",118.723563078988,-9.21326294420134e-05,0.0225563281296643,0.951295686052458,0.999960136967505
"Phf2",141.319054377785,0.00127468787750337,0.0267279547316475,0.450808265359211,0.999960136967505
"Fam120a",620.320072550228,0.00259728303195625,0.0272274872351207,0.143361362035084,0.999960136967505
"Card19",104.778677696688,-0.000161793645231137,0.0249754971246722,0.92169179882168,0.999960136967505
"Susd3",222.504228561038,-0.00125905938731735,0.0237156914675533,0.406553720010275,0.999960136967505
"Fgd3",92.852133098533,0.00229244509418271,0.0377779729066963,0.312522608303541,0.999960136967505
"Bicd2",74.6991143344584,0.00102141872710118,0.03032186035757,0.59179839307587,0.999960136967505
"Cenpp",312.446696885894,0.000878709801217987,0.0199620332177152,0.506130663845002,0.999960136967505
"Nol8",292.527935605211,-3.029572606887e-05,0.0160801982165729,0.978621814137663,0.999960136967505
"Iars",405.989643271845,0.000716983624655761,0.0167799263103896,0.53696908615935,0.999960136967505
"Spin1",125.632841818735,-0.000471148490732057,0.0228835316757279,0.75586690942837,0.999960136967505
"Cks2",1184.78733293761,-0.000390371366319933,0.0123529232121857,0.695509483872481,0.999960136967505
"Secisbp2",204.398806803434,0.000626668365035463,0.0199488772521457,0.638155614575725,0.999960136967505
"Sema4d",780.318618712711,0.000836204017578315,0.0150068222439182,0.448816168811945,0.999960136967505
"Gadd45g",544.38713274745,-0.00280611900464287,0.0304978928969656,0.147217941140204,0.999960136967505
"Auh",272.99127713998,-0.00106573170590507,0.0209440391303953,0.436632380786115,0.999960136967505
"Nfil3",178.856918334041,-0.00731392417784634,0.0620122783401728,0.067077751382874,0.999960136967505
"Sptlc1",176.498609414433,0.000277635306628082,0.0195820615930077,0.834386830965707,0.999960136967505
"Sfxn1",636.683581093637,-0.000429038805375921,0.0141723407342722,0.680542951869725,0.999960136967505
"Thoc3",266.320599007656,-0.00395367202410009,0.0406135863570309,0.118673922725871,0.999960136967505
"Simc1",143.525015358094,0.00357656747806095,0.0429262568044264,0.168540424794518,0.999960136967505
"4833439L19Rik",96.2052787781787,-0.00140429406920332,0.0311562140288756,0.468057170790332,0.999960136967505
"Nop16",266.797468201016,-0.000982937922457007,0.0205262347926799,0.466326370126863,0.999960136967505
"Higd2a",198.730052225404,-0.00473505323654866,0.0472762149165253,0.107312039872536,0.999960136967505
"Cltb",109.010053690802,-0.00229877933655738,0.0362622384723186,0.294770345833762,0.999960136967505
"Faf2",309.115078476121,-0.00030007765720182,0.0163787675000179,0.793022494262212,0.999960136967505
"Rnf44",84.3675673889682,0.00193307598419218,0.0360206613637169,0.374702418309551,0.999960136967505
"Uimc1",303.379675225632,0.000337388162843765,0.0164545472499544,0.768644853272645,0.999960136967505
"Zfp346",105.498892393915,0.00173927498065066,0.0323106383473492,0.381421204076447,0.999960136967505
"Nsd1",843.97789562725,0.000175311779921355,0.01256743908385,0.858445844614104,0.999960136967505
"Rab24",157.070267072391,-0.000638734369265255,0.0218940788786201,0.65884492302475,0.999960136967505
"Prelid1",1790.59860735408,-0.00272800488069074,0.0242340676920324,0.109092492695374,0.999960136967505
"Mxd3",94.7088923795399,0.00187649135811376,0.0341201894782578,0.367329247163338,0.999960136967505
"Lman2",578.417928466483,-0.000607596151335254,0.0154574749147111,0.580753056621445,0.999960136967505
"Grk6",301.472036875527,0.00110749154891441,0.0206700065528067,0.413863478927644,0.999960136967505
"Ddx41",214.641712928173,-0.000722788154415007,0.0202041453245662,0.590192399513651,0.999960136967505
"Fam193b",104.642025352697,0.000578181337401426,0.0249292842930336,0.722675886665172,0.999960136967505
"Tmed9",819.193623778642,-0.00221017392737976,0.0234484680833713,0.161209130248898,0.999960136967505
"Caml",78.3163558708726,0.000881324011431001,0.029118670295403,0.633243255815594,0.999960136967505
"Ddx46",1126.28653434371,-0.00142030034331949,0.0171413601887153,0.257046166042232,0.999960136967505
"B230219D22Rik",301.23048395924,0.000355380304026602,0.0165537598357053,0.757700671707941,0.999960136967505
"Txndc15",79.4917921283621,-0.00236810745447167,0.0389028938950339,0.308579411393523,0.999960136967505
"Pcbd2",281.928969608052,0.00037462384551536,0.0173015638592023,0.753373817180251,0.999960136967505
"Macroh2a1",2380.29371855892,-0.000112021701173785,0.0112173908692661,0.910018980666007,0.999960136967505
"Hnrnpa0",922.425135980386,-0.000605330908273873,0.0136055957716979,0.56078918401877,0.999960136967505
"Idnk",317.956274391499,-0.00284939686368336,0.0329546907390898,0.164740354651992,0.999960136967505
"Ubqln1",205.841245859168,-0.000736578961685559,0.0205245355790217,0.588049394160726,0.999960136967505
"2210016F16Rik",171.803429581432,-0.000576775288739271,0.0209927698938126,0.679692408499452,0.999960136967505
"Hnrnpk",2059.57577036668,-0.00277853313220171,0.0232564190060398,0.0999114268208431,0.999960136967505
"Rmi1",120.516152278541,-0.000397421581783827,0.0229754516335777,0.794307122932561,0.999960136967505
"Agtpbp1",145.688493841993,0.000736660556059669,0.0234726665859085,0.63111361912851,0.999960136967505
"Naa35",179.652019420134,-1.2310888533612e-07,0.0194029558456935,0.99992571752349,0.999960136967505
"Tut7",505.933847343842,0.000420455429912557,0.0145969581597794,0.691074302311543,0.999960136967505
"Ctla2a",506.398186380139,0.0012856868521169,0.0193664317944885,0.324023387808733,0.999960136967505
"Zfp808",72.8664028979323,0.00188601082060594,0.0361764237348093,0.387931736579056,0.999960136967505
"Zfp935",73.4962720940544,-0.00156252746244958,0.0341331451048945,0.453586141678854,0.999960136967505
"Zfp934",117.894527349052,-0.00106586838145704,0.0268559767775569,0.533338365118852,0.999960136967505
"Platr25",89.2970569170599,0.000409379854460382,0.0263462300661449,0.811401704213377,0.999960136967505
"Aopep",274.739345355505,-0.000474893504817387,0.0182922098553212,0.702765009715097,0.999960136967505
"Fancc",97.290531287423,-0.000342785655283465,0.02647802882186,0.842450382500981,0.999960136967505
"Ptch1",76.3615912994823,0.00103741901205509,0.0303368479643072,0.586055785534843,0.999960136967505
"Ercc6l2",237.430899942308,0.000630829845227165,0.0190472525195969,0.622280253768586,0.999960136967505
"Slc35d2",76.4523769934045,0.0020348015729239,0.0372446121095734,0.363144631388392,0.999960136967505
"Zfp367",211.163735373385,0.00011117076733133,0.0181696111818247,0.929060824275979,0.999960136967505
"Mfsd14b",114.927817354079,-0.00222475287915214,0.0349485274080976,0.29499051728204,0.999960136967505
"Uqcrb",856.495130303151,-7.59474373350967e-05,0.0127046645792803,0.938411167150062,0.999960136967505
"Mterf3",174.111728363626,-0.00094140082139936,0.0229090763132403,0.526631847742325,0.999960136967505
"Ptdss1",101.048353103078,-0.0010841585012717,0.0285293810267898,0.548194606662353,0.999960136967505
"Zfp729b",88.6615364891057,0.000365491045027197,0.0257305110832199,0.828092394709736,0.999960136967505
"Zfp729a",98.6728678494385,0.00141779423716052,0.0303800419749119,0.453678412652352,0.999960136967505
"Zfp65",72.0615732387861,-0.000288691468687615,0.0277102505627497,0.871920744562813,0.999960136967505
"Tent4a",72.2744044711757,-0.00061936699353228,0.0286912981339576,0.735513295120411,0.999960136967505
"Nsun2",449.737424702339,0.00119867561267833,0.0194837460961034,0.35718008772399,0.999960136967505
"Med10",377.571731155917,-0.000110092153040895,0.0150963738685407,0.918703781103714,0.999960136967505
"Ice1",222.963850276668,-0.000249227153193734,0.017964501108295,0.839919972150597,0.999960136967505
"Ndufs6",783.224449386332,-0.000109045150426178,0.0126593446110606,0.911632852131101,0.999960136967505
"Mrpl36",343.67099320998,-0.000493716961418094,0.0164360882121033,0.665950736891375,0.999960136967505
"Lpcat1",129.644203856636,-9.29212559903128e-05,0.0220667103444412,0.949927672942149,0.999960136967505
"Clptm1l",276.558652437417,-0.000491657476821569,0.0177163897886517,0.68489573259093,0.999960136967505
"Trip13",189.868860892619,0.000883382071295737,0.021938386946044,0.537743913707694,0.999960136967505
"Brd9",152.331884140148,0.00110665829490677,0.025506283935477,0.496983218745258,0.999960136967505
"Exoc3",382.914670873764,-0.000864882870020486,0.0178903750267828,0.476936005613573,0.999960136967505
"Pdcd6",429.870438452067,-0.00130155578709274,0.0202088342715261,0.331380336877336,0.999960136967505
"Sdha",292.099943681598,0.00012744362173537,0.0162264731017873,0.910828765194791,0.999960136967505
"Ccdc127",185.462482568022,0.00212583867375484,0.0308711125665818,0.26391947445076,0.999960136967505
"Gm56577",72.1163026096257,0.00120498189796218,0.0316628511108396,0.540338428564121,0.999960136967505
"Erap1",419.576881312113,-0.00478777240808281,0.0423895179761709,0.0806715644258362,0.999960136967505
"Cast",534.133792515301,0.00215818636045292,0.0248955368597065,0.183135872069279,0.999960136967505
"Glrx",153.940578326144,-0.00187394192282549,0.0303026426120168,0.31675077055974,0.999960136967505
"Skic3",256.295329085838,0.00103314574401698,0.0211474247277738,0.454623017158259,0.999960136967505
"Slf1",350.192329358867,-0.000526054583186009,0.0166169632854659,0.648060980043763,0.999960136967505
"Fam172a",882.755590145493,0.00480224880336673,0.0372516610471797,0.059431373737379,0.999960136967505
"Lysmd3",73.0171761322784,-0.000977622735737821,0.0304906289208009,0.609653787625728,0.999960136967505
"Polr3g",128.545691553411,0.0014859902380572,0.0287837500880187,0.408622861933676,0.999960136967505
"Cetn3",448.269566956309,-0.00124679603048383,0.0196415520220701,0.341893059282816,0.999960136967505
"Tmem161b",133.041379702504,0.000384544656131748,0.0221146349175635,0.794193207058762,0.999960136967505
"Ccnh",499.851209322951,9.26787018444531e-05,0.0138597068111248,0.927717015984078,0.999960136967505
"Rasa1",548.057038935358,0.000751226581324401,0.0160888950912702,0.507268095621482,0.999960136967505
"Cox7c",3128.97102481184,0.000148181577595785,0.0111276353485868,0.882036654589643,0.999960136967505
"Xrcc4",374.800157368057,0.000823633870336993,0.0178921100757653,0.497982361262918,0.999960136967505
"Tmem167",777.549096059683,-0.00127900745547713,0.017661501151845,0.303376038324983,0.999960136967505
"Rps23",17531.8723785819,0.000282033136706545,0.010764878130564,0.787539234351623,0.999960136967505
"Atg10",137.125607616089,0.00170133463860457,0.0300017163741105,0.360125891491272,0.999960136967505
"Ssbp2",335.972253519741,0.00318476726325926,0.0343776112591318,0.139230743079278,0.999960136967505
"Zcchc9",163.890836498386,-0.000426966699871556,0.0208768669054924,0.760123237072494,0.999960136967505
"Msh3",219.347476505295,-0.000302312080252217,0.0182413021799113,0.808629400405693,0.999960136967505
"Dhfr",280.952949287007,-0.00149639493154567,0.0237587234949145,0.323929216787325,0.999960136967505
"Tent2",340.582982984076,0.000222210619809735,0.0156659402385057,0.840917131841534,0.999960136967505
"Arsb",94.5056380731311,-0.00326523122390441,0.0439292227968385,0.211525787144182,0.999960136967505
"Ap3b1",426.441873456621,0.000157102377646792,0.0144904112035778,0.881005183852486,0.999960136967505
"Tbca",927.048361446773,-0.00209399969132077,0.02255248791373,0.170632551350288,0.999960136967505
"Aggf1",386.609843364198,0.000190864817539247,0.0149439299342533,0.858549902011795,0.999960136967505
"F2r",211.933546483093,-0.0136259533218742,0.0878962339612442,0.0308019112540044,0.999960136967505
"Iqgap2",939.454313435218,0.0089063924231252,0.05533798704339,0.0291400997045498,0.999960136967505
"Poc5",84.137661764096,-0.00121945984236384,0.0304005867811453,0.52136851787095,0.999960136967505
"Polk",191.132963253654,-4.00131615240049e-05,0.0186835338077224,0.975054904573064,0.999960136967505
"Cert1",299.284617486272,0.000404785581280948,0.0176661565120076,0.738342588888871,0.999960136967505
"Hmgcr",320.040825032921,-0.0025871050943394,0.031481936759937,0.186166475400519,0.999960136967505
"Nsa2",2020.0462193648,0.000629687397893859,0.0122322658530509,0.543443298405726,0.999960136967505
"Gfm2",120.035218755706,0.00044499582258311,0.0235042311696485,0.774483521383808,0.999960136967505
"Hexb",168.798471693754,-3.8354958787293e-05,0.0195834106436319,0.977044554900397,0.999960136967505
"Enc1",82.5519210746828,-0.000122035301411116,0.0260697722744617,0.942987818893546,0.999960136967505
"Rps18-ps6",2137.9295244558,-0.00101930840815755,0.0136077784777209,0.361187009983712,0.999960136967505
"Utp15",198.945742015383,-0.000177192668892114,0.0185100990983721,0.88882005486442,0.999960136967505
"Ankra2",96.7499851636997,-0.000303685050201472,0.0247228367629655,0.85207556127486,0.999960136967505
"Btf3",3752.97568231336,-0.00193604502494816,0.017504899227159,0.15950758858365,0.999960136967505
"Fcho2",214.515080782381,0.000288754124149216,0.0182999584929687,0.817610448160623,0.999960136967505
"Tnpo1",512.685342614036,0.000857206381448549,0.0167055693844483,0.461481510407028,0.999960136967505
"Ptcd2",126.714129669575,-0.000229892401396113,0.0224456073682667,0.878131899334843,0.999960136967505
"Mrps27",113.113504025187,0.000567643533435287,0.0242871178702312,0.72151877895769,0.999960136967505
"Bdp1",629.255878744917,-0.000355908074757169,0.0136484863402595,0.727243952869614,0.999960136967505
"Smn1",346.679967222106,0.000188162764695462,0.0154665644924557,0.863818137682101,0.999960136967505
"Gtf2h2",158.54294689441,-0.0010019785710025,0.0239542823830122,0.516518206541906,0.999960136967505
"Rad17",175.101536171851,-0.000644608289942334,0.0211057448027661,0.645082959763859,0.999960136967505
"Ak6",235.77411709098,0.000488198931225078,0.0184389620277556,0.696655250038468,0.999960136967505
"Cdk7",210.222058781258,-0.000389760333236511,0.0187427577921775,0.759664009720931,0.999960136967505
"Mrps36",295.228104674602,-0.000857716305678581,0.0191583143483703,0.502501144174773,0.999960136967505
"Cenph",292.555803192499,0.000658348328582414,0.0181791673939385,0.592970735837413,0.999960136967505
"Ccnb1",342.08835623208,9.78901958649035e-05,0.0158112976860463,0.930087908767035,0.999960136967505
"Slc30a5",150.777497135985,0.00103022497403533,0.0244440818974236,0.512132449813379,0.999960136967505
"Pik3r1",339.669852806794,-0.000761500660036827,0.0180413403593688,0.533385554055966,0.999960136967505
"Mast4",71.906408851026,0.00452529914527186,0.0542981566498752,0.15402580694841,0.999960136967505
"Srek1",494.644001524747,-1.52070402722087e-06,0.0139894153426911,0.998818282572178,0.999960136967505
"Erbin",688.809316869361,-0.00171717181064851,0.0208261494214618,0.223290405051547,0.999960136967505
"Nln",154.551792505035,0.00122487004065814,0.0256091552778583,0.451779027819894,0.999960136967505
"Trappc13",133.69050110287,0.000304090782217792,0.0219285229907575,0.835716606146199,0.999960136967505
"Trim23",76.3335865718538,0.00109265163485459,0.0306826885509989,0.56952182433362,0.999960136967505
"Ppwd1",185.136221356313,0.0007953542966405,0.0217071812479775,0.576866467001498,0.999960136967505
"Cenpk",223.021652916136,-0.00209425961916137,0.029416138672737,0.251093728331323,0.999960136967505
"Adamts6",470.198813986184,0.000349864701121376,0.0155246685307999,0.750227730454344,0.999960136967505
"Cwc27",329.729607925172,-0.000604638544325507,0.0175799414825102,0.614663790645618,0.999960136967505
"Srek1ip1",166.255600357606,-0.0019803353267802,0.0305564875312175,0.293414339370955,0.999960136967505
"Ipo11",227.524946637499,0.00110372444767886,0.022394725307015,0.446061113025387,0.999960136967505
"Dimt1",186.329736493894,-0.000407891599851022,0.0196044759616981,0.757992649908591,0.999960136967505
"Kif2a",472.46010284589,-3.80569101835925e-05,0.0140301472761866,0.970484611344445,0.999960136967505
"Zswim6",206.622663052273,-0.00208350172115966,0.0299217130958586,0.260379433390452,0.999960136967505
"Ndufaf2",143.382429842383,0.000300722847123513,0.0213126598995639,0.833433844039993,0.999960136967505
"Smim15",309.509177804965,-5.22924729947689e-05,0.0162727459540093,0.963446923151337,0.999960136967505
"Ercc8",75.9457237327396,-0.000908933819734884,0.0296582476611228,0.627704544949468,0.999960136967505
"Depdc1b",101.914597039317,0.00478922005240284,0.0528929251039631,0.131798598946015,0.999960136967505
"Pde4d",290.458273858684,0.00126627229009865,0.0222653407866985,0.378519740071575,0.999960136967505
"Gpbp1",808.905899092801,-0.000994503659553844,0.0159933316389299,0.388290576346883,0.999960136967505
"Mier3",107.219179594803,5.52715967228113e-05,0.0233708794843879,0.971663626582075,0.999960136967505
"Map3k1",332.802845260069,-0.00037499706254448,0.0161177434249335,0.739710100711233,0.999960136967505
"Il6st",137.939478016023,-0.0032062289872654,0.0420607094412314,0.203962681598006,0.999960136967505
"Il31ra",81.2138317232153,0.00133884103979887,0.0314997705671893,0.493625989823324,0.999960136967505
"Slc38a9",142.378927221042,5.75629177458977e-05,0.0212447470012946,0.967924926910593,0.999960136967505
"Mtrex",278.714687850776,-3.44170399199059e-06,0.0163140113025084,0.997598402173412,0.999960136967505
"Dhx29",160.870678562494,-0.000477154915476072,0.0211661034200307,0.735600227827722,0.999960136967505
"Snx18",75.8537232649786,0.000410835613369957,0.027446347390807,0.816909208745573,0.999960136967505
"Arl15",273.152065396088,0.000540901537908632,0.0183310043122256,0.66370752658047,0.999960136967505
"Ndufs4",724.685179691179,-0.000779083369130939,0.014946142267077,0.476946349211835,0.999960136967505
"Mocs2",196.884355845591,-0.000636219761827707,0.020461823383932,0.640412293130779,0.999960136967505
"Pelo",83.1360482592882,0.000331523427883215,0.0264024171921615,0.847229050648772,0.999960136967505
"Parp8",195.370662551817,-0.000285237880898037,0.0192962968607674,0.827723564091439,0.999960136967505
"Mrps30",153.028998270767,-7.70714244085562e-05,0.0203651804856628,0.955434235068233,0.999960136967505
"Paip1",198.605873162595,-0.000260111798257601,0.0187623858698559,0.838977022070101,0.999960136967505
"4833420G17Rik",141.696418878786,0.00013561046069171,0.0209881014446756,0.923666362714211,0.999960136967505
"Hmgcs1",310.702749642325,-0.00148910744745737,0.023325860235941,0.319194884580102,0.999960136967505
"Zfp131",264.798377413447,-0.000772715926868492,0.0192228622788887,0.547520241524596,0.999960136967505
"Ube2e1",355.952620616482,-0.000257700401789044,0.0155052217736378,0.814531370515137,0.999960136967505
"Rpl15",11779.7589604413,-0.00120114810275272,0.0130117708191919,0.303198252905156,0.999960136967505
"Thrb",106.457895800502,0.00382212458666578,0.0464662172636966,0.169585519760235,0.999960136967505
"Top2b",857.124946482247,-0.00052942810612699,0.0136617078710281,0.608483696036958,0.999960136967505
"Ngly1",300.065877020323,0.000573858743699842,0.0174721806814583,0.631366146978367,0.999960136967505
"Slc4a7",867.860374977288,-0.00773051801190196,0.0743383285351808,0.078010540117013,0.999960136967505
"Psmd6",481.560263629735,-0.00183329005128927,0.0232677233791621,0.226649557834409,0.999960136967505
"Atxn7",175.162711214815,3.16469554009426e-05,0.0192823273321218,0.980801518080974,0.999960136967505
"Thoc7",665.294342448555,-0.000532488149652608,0.0144387229312969,0.61452983728374,0.999960136967505
"3830406C13Rik",319.767036968535,-0.00127752281782505,0.021521654790108,0.361522763169176,0.999960136967505
"Pdhb",265.070835091259,-0.00198058296646788,0.0280574397685725,0.257857931987401,0.999960136967505
"Pxk",254.719975877711,-0.000614879238144308,0.0186312299099905,0.624963770206441,0.999960136967505
"Rpp14",131.258007497818,0.000170605847436411,0.0216889767776069,0.906730924859938,0.999960136967505
"Rtraf",961.546104226514,-0.000475153962828481,0.0129722111934557,0.639199803845048,0.999960136967505
"Gng2",294.531678373492,0.000834830108367358,0.019579488729582,0.521445076427663,0.999960136967505
"Saysd1",126.055935918895,-0.00125199398931858,0.0272958737564399,0.467956428848094,0.999960136967505
"Kcnk5",166.94607428992,-0.000659224299059427,0.0215543973308015,0.64368384034663,0.999960136967505
"Ecd",169.069974586726,0.000100594118212482,0.0195777012447065,0.939801464496293,0.999960136967505
"Fam149b",94.9805104647183,0.000736365589397879,0.0266844290928118,0.668707287498579,0.999960136967505
"Dnajc9",686.34714406847,7.33857103617633e-06,0.0129144418473191,0.994072208206013,0.999960136967505
"Mrps16",878.541259858647,-0.00126535377631548,0.0170387427067027,0.300710689409996,0.999960136967505
"Anxa7",136.347633400171,0.00194332951904297,0.0315874060331776,0.317090280670251,0.999960136967505
"Ppp3cb",481.09607274343,0.00104846287529653,0.0179894892344641,0.393565306601152,0.999960136967505
"Sec24c",150.030551037451,0.000313816246699201,0.0209710705422818,0.823770251086641,0.999960136967505
"Chchd1",756.40854705735,-0.00229665038196892,0.0242245200458312,0.155847611494799,0.999960136967505
"Camk2g",204.539300510024,0.000280539452531594,0.0192693990045915,0.830336252889829,0.999960136967505
"Ap3m1",166.857864885357,0.000414374709825224,0.0206000316565289,0.764396466870383,0.999960136967505
"Adk",357.158450033445,0.000345374538710262,0.015681674575589,0.755011016672844,0.999960136967505
"Kat6b",190.602414809985,-0.000482311278723281,0.0197541031060837,0.716660396869926,0.999960136967505
"Vdac2",1435.18323872691,-0.00236341649349387,0.022008954906218,0.131186765047022,0.999960136967505
"Comtd1",91.0519911382559,0.00208280147893627,0.0358374291530393,0.337123265410004,0.999960136967505
"Polr3a",111.481129937238,0.00164638710393472,0.0309641444789607,0.39005185088996,0.999960136967505
"Rps24",22159.9478649844,-0.00109373907752789,0.0124859426679924,0.340060928406826,0.999960136967505
"Zmiz1",504.62452187483,0.00111787185018971,0.0183636678683573,0.370881321823917,0.999960136967505
"Ppif",100.083222416362,-0.00128966674713976,0.0293860214507459,0.48401317801288,0.999960136967505
"Anxa11",75.7377257593396,0.0012361463032835,0.0314565082930504,0.527534089186731,0.999960136967505
"Slmap",300.423875291516,0.000895368171097962,0.0193412360082318,0.486990508910047,0.999960136967505
"Dennd6a",156.055414528473,0.00165933265434999,0.0286641250080656,0.352407481222023,0.999960136967505
"Arf4",666.328551092629,-0.0025191366248896,0.0262874194180245,0.144810095875536,0.999960136967505
"Pde12",141.913416623868,-0.000626215974934355,0.0225945408469522,0.674123534653629,0.999960136967505
"Appl1",547.466317695234,-0.00218215660205859,0.0255756040673001,0.186360910792174,0.999960136967505
"Arhgef3",765.132863744218,-0.000591364538219032,0.0141795082367435,0.574604867181358,0.999960136967505
"Tasor",309.710288899018,0.000297098440352109,0.0162521024355803,0.793846748061217,0.999960136967505
"Ccdc66",140.576224492542,0.000413019746750897,0.0217780949958284,0.776183095913523,0.999960136967505
"Selenok",679.792439491464,-0.00153642950184896,0.019891605260943,0.25580183637638,0.999960136967505
"Actr8",80.0603509044532,0.000335978106022044,0.0266422027181721,0.84633133827267,0.999960136967505
"Dcp1a",115.037970265593,0.000194722670586412,0.0239070373946525,0.902216589113087,0.999960136967505
"Tkt",969.937764743965,-0.000264633899080383,0.0124415674314334,0.788434585234521,0.999960136967505
"Sfmbt1",168.059331437363,5.64507954714425e-05,0.0196140766810793,0.966262762586144,0.999960136967505
"Stimate",106.03524096543,-0.0024906906893612,0.0377943451690809,0.273937224782843,0.999960136967505
"Spcs1",864.166107973105,-0.00344289519731298,0.0309026870848038,0.0939651539894027,0.999960136967505
"Gnl3",743.971462563578,0.00131333265904838,0.0180628896116009,0.297317491937364,0.999960136967505
"Pbrm1",1298.84731643935,0.000196409978244582,0.0119133163528765,0.841011454315896,0.999960136967505
"Uqcc5",190.626340614733,0.00110129498041119,0.0233049543309619,0.462975199369867,0.999960136967505
"Nisch",278.047105452157,0.00117962047714507,0.0215588570165989,0.399878293681141,0.999960136967505
"Capn7",114.271121752058,-0.00106609133162464,0.0277017157440624,0.54464146003612,0.999960136967505
"Sh3bp5",332.820967437041,-0.00194915619603543,0.0260988986267273,0.237948625587213,0.999960136967505
"Mettl6",147.845569866729,-0.000785444050324255,0.0237154776451492,0.611257536004601,0.999960136967505
"Eaf1",90.8667302137457,0.000781539027091137,0.0271946251875693,0.654615144980581,0.999960136967505
"Ankrd28",252.427861267622,0.00132189239838915,0.0231058563581491,0.372451211170671,0.999960136967505
"Dph3",251.848508876198,-0.000167341331683846,0.0170482482068197,0.887527911722106,0.999960136967505
"Ncoa4",89.1154279044633,-0.000308937664383855,0.0257417847790513,0.8545545425348,0.999960136967505
"Timm23",980.417860263349,-0.00134771497337036,0.017725662273737,0.282956783995036,0.999960136967505
"Parg",287.415181686093,0.000229193245360027,0.0164068432169543,0.841543159159876,0.999960136967505
"Ercc6",94.135566075566,0.000774891795323406,0.0268841457944147,0.654214377057734,0.999960136967505
"Mapk8",72.1076133052024,-0.00106273356943573,0.0308634564834405,0.582128412742761,0.999960136967505
"Shld2",120.800120945728,0.00137412531823527,0.0285286596024507,0.442529305000795,0.999960136967505
"Glud1",648.945734761194,8.14129616600444e-05,0.0136114337860725,0.935860759285023,0.999960136967505
"Bmpr1a",72.6346744842656,-0.000623543316501366,0.0285957147374779,0.733091516047538,0.999960136967505
"Wapl",1098.82819083027,-0.000596690725248233,0.0131369028231352,0.562987013881294,0.999960136967505
"Ccser2",146.182238983955,-0.00114368389195959,0.0257206448804226,0.485427026670091,0.999960136967505
"Ghitm",1083.82482432145,0.000395730167999849,0.0126057039562024,0.692255896485784,0.999960136967505
"Tspan14",175.738062761259,0.00012843721661585,0.0193025573763612,0.922209506159181,0.999960136967505
"Txndc16",125.707921632703,0.000440918009074149,0.0227485568033825,0.77012834707602,0.999960136967505
"Ero1a",368.7930325931,-0.000148681190637742,0.0150743452159074,0.890243163870339,0.999960136967505
"Psmc6",671.894418164633,-0.000494782929528798,0.0139641859109276,0.633953483630943,0.999960136967505
"Gnpnat1",157.641176241046,-0.000296842309223501,0.0204978310096179,0.829885774376535,0.999960136967505
"Ddhd1",152.087640819509,0.00236363153467833,0.0338676073766171,0.253123860792121,0.999960136967505
"Cdkn3",167.746729511635,-0.000443385360208115,0.020548481345158,0.747641639908347,0.999960136967505
"Cnih1",178.094990577121,-0.00652326422348396,0.0580608902459165,0.0770159228047027,0.999960136967505
"Gmfb",343.219452187187,-0.000756845427055168,0.0177827774970576,0.53153347716268,0.999960136967505
"Wdhd1",201.432784488489,0.000734849439881508,0.0211639704972353,0.598950732967813,0.999960136967505
"Socs4",167.677184305115,9.41463428015281e-05,0.0196220010305106,0.943767864879081,0.999960136967505
"Mapk1ip1l",380.48308181696,-0.000198494651255793,0.0150550690742138,0.853689009796775,0.999960136967505
"Dlgap5",408.422353324591,0.000548898928930228,0.0164797107978005,0.631806679642541,0.999960136967505
"Fbxo34",78.8158027829796,0.00076196343662653,0.0285324368053626,0.675556518004244,0.999960136967505
"Ktn1",733.805131355497,0.00302393638827719,0.0287040152685202,0.111663312847219,0.999960136967505
"Tmem260",190.120491392945,0.00287162395017738,0.0358994852070314,0.191116391863481,0.999960136967505
"Exoc5",314.522384478203,-0.000388846235915525,0.0164279982175689,0.734076198950505,0.999960136967505
"Ap5m1",90.7630961202456,0.000980803719545831,0.0289755837857295,0.593034268348211,0.999960136967505
"Ttc5",148.376081109417,-0.00374124044872745,0.0437369376201069,0.158349075530828,0.999960136967505
"Parp2",285.763462478169,5.26556489668917e-05,0.0161986572823222,0.963061514868825,0.999960136967505
"Tep1",103.274845118732,-0.000190171187180229,0.0241147606841792,0.905202649639161,0.999960136967505
"Osgep",151.378566325885,-0.000809634003003862,0.0231286990072853,0.591524775171431,0.999960136967505
"Apex1",444.636388409412,-0.000895828159763412,0.0174255038501955,0.453914525005041,0.999960136967505
"Pip4p1",97.3809406041205,-0.000837718975856718,0.0271631740278708,0.63065374373128,0.999960136967505
"Pnp",325.841289003013,-0.0104848596090473,0.0711482996659127,0.0366828972198685,0.999960136967505
"Mettl17",76.1025168903158,-0.000376750091853309,0.0273124847663155,0.831279797329031,0.999960136967505
"Hnrnpc",1664.24816619073,7.65115375200727e-05,0.0115006281766346,0.937700035975711,0.999960136967505
"Supt16",1318.70282889847,0.000908633304523547,0.0139981841616961,0.406874910206251,0.999960136967505
"Chd8",374.651677405969,0.000754197488547827,0.0173308791716949,0.525414863056962,0.999960136967505
"Tox4",292.053743628353,-0.000263475561663681,0.016570232634486,0.819512358446822,0.999960136967505
"Trac",2993.19405350813,-0.000217575219508695,0.0112237892148378,0.827605368210147,0.999960136967505
"Dad1",610.993893670761,-0.00343993687267724,0.033638173248731,0.111009061735431,0.999960136967505
"Oxa1l",166.928155667702,0.000375257591797422,0.021241373709438,0.791951206758583,0.999960136967505
"Mrpl52",924.268665671385,0.000177911603089533,0.0124353654828909,0.856072740274638,0.999960136967505
"Lrp10",132.198503766028,-0.00143131822359332,0.0282988432095845,0.419522586887222,0.999960136967505
"Prmt5",228.45532177761,-0.00123134144158096,0.0232653017299822,0.40942094266084,0.999960136967505
"Haus4",174.074841148141,0.000869168959370083,0.0224151135473117,0.552284860503707,0.999960136967505
"Psmb5",926.748087558287,-0.00105630652396952,0.0157729067824363,0.360757843339496,0.999960136967505
"Acin1",1016.15735331388,0.000487852189843091,0.0129390226175866,0.630606012085073,0.999960136967505
"1700123O20Rik",157.869099326452,0.000500637311744083,0.0212606748375021,0.723922360635717,0.999960136967505
"Pabpn1",702.156117296172,-0.000704372237450266,0.014773199745724,0.51515589021273,0.999960136967505
"Ngdn",351.397168311615,-4.20745540653151e-05,0.0151911201734888,0.969026147774611,0.999960136967505
"Dhrs4",90.6043348671259,-0.00191797297654702,0.0347517743575441,0.364282754792477,0.999960136967505
"Pck2",127.073561104435,0.00116396205275724,0.0269808451640161,0.496596929248762,0.999960136967505
"Psme1",2394.37326191157,-0.000919560510949766,0.0132933270662237,0.400187265456773,0.999960136967505
"Irf9",313.113808830427,-0.000357213376092177,0.0163420027204879,0.75415689420859,0.999960136967505
"Tm9sf1",136.263365208136,-0.000474991521267929,0.0222272960012589,0.747646676839361,0.999960136967505
"Mdp1",158.18646845172,-0.00038575556332956,0.0208718222539806,0.782922231994542,0.999960136967505
"Nedd8",980.019949205867,-0.00171077906472171,0.0201463891903499,0.217428645033568,0.999960136967505
"Nop9",119.598646558412,-0.000164458491320053,0.0226433214860864,0.913407110342578,0.999960136967505
"Ripk3",73.1737740148035,-1.3438689667661e-05,0.0273716673241749,0.993961356815009,0.999960136967505
"Sdr39u1",110.148190652342,0.000837507297933885,0.0257957465103245,0.614789376532074,0.999960136967505
"Gzmb",1311.59543920697,-0.00161299430979666,0.0294323241342289,0.378071211947069,0.999960136967505
"Cenpj",152.404351540991,0.00108617262928347,0.0247564480049029,0.493535441164964,0.999960136967505
"Parp4",225.90066708692,0.000626026005041592,0.0195694609773798,0.632891413828154,0.999960136967505
"Mphosph8",302.308117797794,-0.000361484350204999,0.016810111914462,0.756475364786225,0.999960136967505
"Pspc1",377.371611182765,0.000260567685493592,0.0152121077351088,0.810025433137875,0.999960136967505
"Zmym5",202.744409871805,-0.000579026026056278,0.0197779283556986,0.662155849818778,0.999960136967505
"Zmym2",243.067503793219,0.00285238703965637,0.0340543414341883,0.175140766346528,0.999960136967505
"Cryl1",124.584515250319,0.000790163827155541,0.0245621501420128,0.620338838146416,0.999960136967505
"Eef1akmt1",228.754396234533,-0.000121724978684852,0.0176589916320872,0.92045032060431,0.999960136967505
"Xpo4",309.969334449716,0.0005473534316892,0.0173322622367138,0.645324779680123,0.999960136967505
"Sap18",466.121073131603,-0.00450734232934388,0.0396908673875232,0.0808844207170472,0.999960136967505
"Ska3",75.8353334104261,0.00154402113524252,0.0342481926982557,0.46015880695208,0.999960136967505
"Mrpl57",480.483036130708,-0.000593944752830834,0.0157962734566436,0.593940786951966,0.999960136967505
"Zdhhc20",216.86136854274,0.000257471689867881,0.0183345699564973,0.837460930784681,0.999960136967505
"Micu2",359.690728773003,-2.28893569759137e-05,0.0151348830913042,0.983102416050704,0.999960136967505
"Rcbtb1",258.671365207506,0.00174940159335645,0.0263109379082412,0.290115237895641,0.999960136967505
"Phf11b",276.359544545515,-0.00148445694377071,0.0237667737988526,0.327877180083233,0.999960136967505
"Phf11c",222.394878671242,-0.00222013279596601,0.0305636981616941,0.239857200642761,0.999960136967505
"Setdb2",252.496412903906,-0.00207006136624333,0.0285041232575858,0.243980796910301,0.999960136967505
"Cab39l",234.257877052378,-6.71051197584205e-05,0.0173369857236923,0.955438818932934,0.999960136967505
"Cdadc1",97.9944536201015,-0.000664253585173699,0.0258969588924517,0.692567406690425,0.999960136967505
"Atp8a2",76.2709209766268,-0.00159064249220201,0.0338157856268202,0.442030637354278,0.999960136967505
"Gm49336",198.148820139927,-0.000501899870461151,0.0196816662446151,0.704559916710042,0.999960136967505
"Mtmr6",86.5160713931049,0.00145940850984214,0.0317016756275057,0.457116087980806,0.999960136967505
"Spata13",215.723196292977,5.5631815311286e-05,0.0186230551245892,0.965223597212189,0.999960136967505
"Sacs",223.826766189015,0.00177010562158762,0.0270264868744294,0.295448310719533,0.999960136967505
"Ebpl",160.393311879906,0.000707324625229285,0.0222136289098102,0.628346192606218,0.999960136967505
"Kpna3",397.66803343769,0.000389003232488938,0.0154262232435104,0.722222599935868,0.999960136967505
"Spryd7",88.7632311666719,-0.00107233685887576,0.0290155642918996,0.558552526526531,0.999960136967505
"Dleu2",749.02887981915,0.00406040433771791,0.0343540273665597,0.0770252305142716,0.999960136967505
"Rnaseh2b",338.064841578227,0.000982210943464201,0.0193893475611077,0.446489266531733,0.999960136967505
"Ints6",359.034243877738,0.00151901689008605,0.0226331487214455,0.298973657743419,0.999960136967505
"Ctsb",228.37208935437,-0.000233507095868316,0.0177472802022473,0.848422059743018,0.999960136967505
"Fdft1",147.345023790762,0.000208374675062385,0.0208066979614625,0.881923281939076,0.999960136967505
"Mtmr9",79.4308927743907,-0.000104066875505633,0.0264870309796074,0.952003673905347,0.999960136967505
"Pinx1",243.61003119758,0.000151047532181152,0.0172266421009538,0.899297419634997,0.999960136967505
"Msra",147.332349732506,0.00207205065764293,0.0321852486575403,0.293959921673598,0.999960136967505
"Hmbox1",137.324526659938,9.07293443720957e-05,0.0211965531282471,0.949351956243471,0.999960136967505
"Ints9",120.00013163201,0.0006666192077954,0.0247994764058092,0.680113538541968,0.999960136967505
"Elp3",100.238981302886,0.000372824253367334,0.0248600090977974,0.819534119707965,0.999960136967505
"Pbk",171.277106381797,-0.000844896524825052,0.0224343657871262,0.56416545905802,0.999960136967505
"Esco2",273.472877916315,-0.000392109852050719,0.0171810736354264,0.740757110508397,0.999960136967505
"Ccdc25",267.972557031936,-0.00212714704939235,0.0285112006741983,0.23202830291719,0.999960136967505
"Ptk2b",365.499404238704,0.000211329916127842,0.0152404961963987,0.845638442251649,0.999960136967505
"Trim35",214.123812256491,0.00256330508318175,0.0339228972767448,0.217363399438507,0.999960136967505
"Dpysl2",275.572449267053,0.000830690883468857,0.0193632677842802,0.519795825056699,0.999960136967505
"Bnip3l",366.931563435583,-0.000965823194165332,0.0187299588999769,0.442583541292275,0.999960136967505
"Ppp2r2a",609.031069555312,-0.000779488894637543,0.0155314044052508,0.48415255297427,0.999960136967505
"Cdca2",270.658007364612,0.00272356966346793,0.0327332314152035,0.179436525879638,0.999960136967505
"Slc25a37",88.4509049299374,0.000885230044361109,0.0281214833479699,0.62152701774182,0.999960136967505
"R3hcc1",74.8019810828594,-0.000395474747712857,0.0275745588809926,0.824329232343705,0.999960136967505
"Bin3",143.661796559968,0.000102442349307131,0.0210066608146118,0.942364391644921,0.999960136967505
"Ccar2",90.4735496354047,-0.00164732819094307,0.0328146933096084,0.413990657588437,0.999960136967505
"Pdlim2",138.899610698255,-0.00141838066267666,0.0282249521496172,0.422795307680607,0.999960136967505
"Ppp3cc",914.833417863794,-0.00152813234533298,0.0185161753414214,0.242657068690225,0.999960136967505
"Polr3d",120.10813510965,0.000163213255088716,0.0231672660365271,0.915753779721718,0.999960136967505
"Reep4",159.608298391453,0.00117323120206546,0.025146224879805,0.464451118597704,0.999960136967505
"Xpo7",399.981845651934,0.000499513925549246,0.0158508497800206,0.654151381257564,0.999960136967505
"Dok2",641.68071828253,-0.00149416483775878,0.0200393004156065,0.269004731105307,0.999960136967505
"Fndc3a",874.122691308913,0.000480950406454618,0.0135840707113269,0.639590988807258,0.999960136967505
"Rcbtb2",150.924913905742,-0.0006483139802062,0.0225969525737541,0.663049467339489,0.999960136967505
"Rb1",340.401738002398,0.000653498333319745,0.017392628110808,0.583081331236298,0.999960136967505
"Itm2b",2008.12728034148,-0.00344520061516101,0.02788354334736,0.0787598944631253,0.999960136967505
"Med4",186.09518747249,-0.000266718622190323,0.0191738079142341,0.837944831009986,0.999960136967505
"Sucla2",191.956477802905,-0.00379145038487743,0.0417787093653917,0.139643994353467,0.999960136967505
"Esd",482.055182934148,-0.00102338759473574,0.0179024216763442,0.402943807797347,0.999960136967505
"Lrch1",481.913090306751,5.43774205490581e-05,0.0139778979886508,0.957747231753048,0.999960136967505
"Lcp1",3599.28683159892,0.000707880700402445,0.0119088771989916,0.504407503074764,0.999960136967505
"Zc3h13",593.616731268881,-0.000276922999280447,0.0136166583803298,0.785169321534839,0.999960136967505
"Cog3",115.188092781979,-0.000265833633208793,0.0232682486414452,0.863501723476105,0.999960136967505
"Slc25a30",80.173534471021,0.000567961545744653,0.0275577498535044,0.74909244657586,0.999960136967505
"Tpt1",26593.9383577017,-0.00125924936200939,0.0130299783591735,0.286987551863621,0.999960136967505
"Gtf2f2",375.955655352311,-0.000595972094979287,0.0164800944221402,0.602896920520167,0.999960136967505
"Gpalpp1",187.708086478749,-0.000266681523594653,0.019686275819058,0.841604295022364,0.999960136967505
"Nufip1",389.681039039891,-0.00131581511909635,0.0212072157783486,0.342438915340738,0.999960136967505
"Tsc22d1",96.1861799815265,-0.00072469996193411,0.0269368682702464,0.676255308468299,0.999960136967505
"Dnajc15",371.361368401855,-0.000204692921523909,0.0154654082399648,0.851964122569027,0.999960136967505
"Akap11",206.403076008842,-0.000441057830389533,0.0190649516912364,0.732534807273928,0.999960136967505
"Vwa8",261.910684437934,0.00188790180653594,0.0269333028756306,0.263830873103693,0.999960136967505
"Rgcc",85.3394551400414,0.00144450910813033,0.0319839871083106,0.465223186635394,0.999960136967505
"Naa16",223.499398637577,0.00281738945878456,0.0343930655978216,0.18334447908756,0.999960136967505
"Wbp4",362.687974838102,-0.000898430104615431,0.0185111878165203,0.47095617041507,0.999960136967505
"Elf1",972.956331770462,0.000204450916191749,0.0123883919846706,0.835014885325611,0.999960136967505
"Sugt1",536.973340367374,0.00011933532787928,0.0137800226528428,0.906738241034797,0.999960136967505
"Diaph3",764.048446793949,0.00154086889350561,0.0193986877039241,0.248889308877353,0.999960136967505
"Tdrd3",108.638520506646,0.000830275160156271,0.025829708664589,0.618358943953296,0.999960136967505
"Mzt1",224.64597666746,0.000654539464008495,0.0197068654500685,0.6192067062405,0.999960136967505
"Bora",218.503277271439,-0.000862315652435403,0.0209539070508541,0.531398843870766,0.999960136967505
"Dis3",324.597120338165,0.000950927283559928,0.0192204482278005,0.4581069298581,0.999960136967505
"Pibf1",222.649758219206,1.37401331418191e-05,0.0182873482877075,0.991274513325448,0.999960136967505
"Tbc1d4",93.5780981314073,-0.000573518294102875,0.0266053457002586,0.739377137215794,0.999960136967505
"Commd6",178.895935242935,-0.003195476880555,0.0384704459331844,0.173709226483882,0.999960136967505
"Uchl3",500.979462238849,-0.0013871518443928,0.0202761694482884,0.303995974866676,0.999960136967505
"Fbxl3",149.954487162401,-1.54736790692773e-05,0.0206336886070034,0.991152871741254,0.999960136967505
"Mycbp2",1612.41371303879,1.05163481439889e-05,0.0115165160843583,0.991414299331258,0.999960136967505
"Slain1",90.6402397848043,-0.000107426155965324,0.0251223684136538,0.948236386225048,0.999960136967505
"Obi1",187.174239705201,-9.56527429915869e-05,0.0193314374987023,0.942122001387101,0.999960136967505
"D130009I18Rik",143.326962581545,-0.000705790565581999,0.0230180092733717,0.640037255043081,0.999960136967505
"Rbm26",582.435141648369,-0.000866965673194506,0.0162000646889158,0.449127571437053,0.999960136967505
"Ndfip2",275.002304006377,-0.00408604200511238,0.0409442370572822,0.111437556021049,0.999960136967505
"Tpm3-rs7",1019.77452355436,0.000303420678999479,0.0124198172816499,0.759002450073807,0.999960136967505
"Tgds",146.399222881745,-0.00165228399667438,0.029081837430933,0.360894189601182,0.999960136967505
"Abcc4",96.0903960469648,0.000737012233346082,0.0268161032829716,0.669759204624311,0.999960136967505
"Dnajc3",589.681032390089,-0.00337555723538065,0.0340386164843436,0.118978273236935,0.999960136967505
"Mbnl2",358.818656181547,0.000924248261418231,0.0186352933093072,0.460585266268778,0.999960136967505
"Ipo5",436.998736172327,0.000820530395250159,0.017255675246941,0.488923407766961,0.999960136967505
"Stk24",506.323836949202,0.000510169253189924,0.0148784615592672,0.634338697443652,0.999960136967505
"Dock9",77.8295326281917,-0.000159920694357885,0.0267050637791069,0.926771097695285,0.999960136967505
"Ubac2",447.772147709388,0.000546232348106733,0.0155227223295674,0.619745148965158,0.999960136967505
"Gpr18",87.2290568952859,-0.00896245179836408,0.0774793324972736,0.0623589067422545,0.999960136967505
"Gpr183",140.557203597687,-0.00251212818316306,0.0355388834111073,0.244976158277548,0.999960136967505
"Tm9sf2",320.388819373166,-0.000475800280976609,0.0166864070096965,0.68081647882606,0.999960136967505
"Pcca",244.325586231023,-5.1747219192547e-06,0.0170919670234389,0.996522061356305,0.999960136967505
"Ggact",103.692694804412,0.000439269407131552,0.0245628340185187,0.785586957235297,0.999960136967505
"Tmtc4",145.946584458367,0.00177462544126773,0.0298997804645711,0.337736982520764,0.999960136967505
"Rimoc1",86.235922647585,0.000238506656433974,0.026339670456155,0.889674333570929,0.999960136967505
"Oxct1",897.296986908691,-0.00235266080070459,0.0239206684477112,0.145996730607498,0.999960136967505
"Card6",131.275904947394,-0.00133458850150209,0.0276843353189393,0.443788030354978,0.999960136967505
"Rpl37",10645.5042093177,0.000435302360938606,0.0109706706210588,0.678807137605129,0.999960136967505
"Prkaa1",89.1481565319963,-0.000364118373110341,0.0257234399519849,0.828692928893976,0.999960136967505
"Ttc33",84.616562958023,-0.000880539272705985,0.0283393105531299,0.62571064768667,0.999960136967505
"Ptger4",327.83582853429,-0.00284787158266494,0.0321580325034273,0.157360092722558,0.999960136967505
"Fyb",1455.72805496578,4.34484343969287e-05,0.0116319141678366,0.964465715523473,0.999960136967505
"Rictor",321.909298742005,0.000283495138250387,0.0160165294561478,0.800985985984319,0.999960136967505
"Wdr70",234.448839090349,0.000761236261088224,0.0198369173840185,0.563919069320479,0.999960136967505
"Nup155",205.751307085987,-0.000427800805616217,0.0191395485774352,0.741241117245254,0.999960136967505
"Cplane1",130.987872699603,0.0041134774627881,0.0466609886337008,0.145658197034806,0.999960136967505
"Nipbl",1127.18262105197,-8.84991513244858e-05,0.0120410417741496,0.927587106073575,0.999960136967505
"Skp2",72.0237591091452,0.000922292757033372,0.0305002927272702,0.630394972846951,0.999960136967505
"Lmbrd2",106.729780901064,-0.000329549200298441,0.0239567546938992,0.835197542629617,0.999960136967505
"Il7r",823.949006015438,0.000973858262265316,0.0157407496572549,0.394081782731633,0.999960136967505
"Spef2",148.009387524574,-0.000770466959037216,0.0231401977699248,0.610383591165012,0.999960136967505
"Dnajc21",504.385464022279,-0.00119002763429429,0.0187956020945414,0.349682970695419,0.999960136967505
"Brix1",519.100800643217,-0.000945011828676812,0.0171239850557411,0.425834781408648,0.999960136967505
"Rad1",91.3220249198969,-3.91495579962711e-05,0.0252915425126307,0.981235312255146,0.999960136967505
"Tars",597.972172720768,-0.000122102716635163,0.0134493529672753,0.903406182624719,0.999960136967505
"Zfr",768.690430206899,9.55354857158265e-05,0.0126948639411234,0.922582144762571,0.999960136967505
"Mtmr12",143.907559530251,0.00119195214030396,0.026964150371279,0.485601692688448,0.999960136967505
"Golph3",151.616002014476,-0.000113761272373148,0.0209667655589561,0.935895017122471,0.999960136967505
"6030458C11Rik",163.393899965672,-0.000219528108642508,0.0200370307650544,0.87146436487144,0.999960136967505
"Drosha",139.878010180903,0.00127664878574512,0.0269773699846004,0.453966308696904,0.999960136967505
"Myo10",103.630528524497,0.000628269922599927,0.0258167327776425,0.707988244820243,0.999960136967505
"Retreg1",298.308027843482,0.000809292521807373,0.0191553969154457,0.527207954941125,0.999960136967505
"Zfp622",217.792556156426,0.00237744989463153,0.0315494649287951,0.221950339632188,0.999960136967505
"Otulin",259.769433581827,-0.00469246044346406,0.0468094899940155,0.107288160308772,0.999960136967505
"Otulinl",209.310788775367,-0.000203243261473338,0.018255370388999,0.871038062243062,0.999960136967505
"Trio",256.924871965224,-0.00134402363863187,0.0231928120105744,0.365946095534746,0.999960136967505
"Dap",262.748532016473,0.00118507533136519,0.0222260477218107,0.409460964764957,0.999960136967505
"Marchf6",188.855953595002,0.000953148582349555,0.0225677233768563,0.515604461805849,0.999960136967505
"Cct5",1226.62493986496,-0.00146641633399955,0.0174704759956299,0.248114767092655,0.999960136967505
"Cpq",97.4973510885769,0.00101179152264183,0.0294091806183279,0.585890623364599,0.999960136967505
"Gm56714",287.436269449209,-0.00121636465782775,0.0219817718860877,0.392748567853283,0.999960136967505
"Mtdh",1185.48630198202,0.000907090023993351,0.0143457025350398,0.409715289849872,0.999960136967505
"Rpl30",10357.4478122277,0.000103222692964036,0.0107284177179653,0.920358717228373,0.999960136967505
"Pop1",132.415214069198,0.000887964038576649,0.0246429114767519,0.577290830989669,0.999960136967505
"Stk3",80.4543476923617,-0.000377648082461582,0.0270544282272288,0.8295872795889,0.999960136967505
"Vps13b",464.378216112842,0.000874230439181557,0.0172878518140927,0.462265438307842,0.999960136967505
"Cox6c",2370.56768795557,-4.06477306823774e-05,0.0112970922984708,0.967079992604133,0.999960136967505
"Polr2k",509.534514336908,-0.000466891657949805,0.0150065392233131,0.664475933697621,0.999960136967505
"Rnf19a",164.861869735078,-0.000708195641835819,0.0222042704706685,0.627778486980473,0.999960136967505
"Pabpc1",4361.71610030983,-2.49472642769026e-06,0.0108840517424226,0.99803318957341,0.999960136967505
"Ywhaz",2052.68101936687,8.42845994176912e-05,0.0113723410162644,0.931683049907509,0.999960136967505
"Zfp706",834.359064517203,-0.000269318513210622,0.0127480669100142,0.785880243695774,0.999960136967505
"Rrm2b",84.1974485274453,0.00254120741973046,0.039517451597033,0.282024037533023,0.999960136967505
"Ubr5",552.78934488963,0.000426761675394834,0.0143604335387867,0.684116952544712,0.999960136967505
"Azin1",360.217139651879,0.000585927824936014,0.0166137813729746,0.611028492438112,0.999960136967505
"Atp6v1c1",175.345989360947,-0.000953047827792998,0.0229101598822622,0.521338953577545,0.999960136967505
"Slc25a32",119.222815223246,0.000398719261320923,0.0231679903628159,0.7951270476392,0.999960136967505
"Dcaf13",269.400977708874,-0.000536041009975425,0.017990281787241,0.661744155826994,0.999960136967505
"Oxr1",150.449970343834,0.00146552294481721,0.0276133630311657,0.397389654889831,0.999960136967505
"Eif3e",1377.84344407181,-0.000951149770558415,0.014524661640234,0.392041111722388,0.999960136967505
"Emc2",235.675683452882,-0.000654734491766348,0.0193477045042565,0.613555247967335,0.999960136967505
"Nudcd1",161.615779682431,-0.000522590116140917,0.0214940237638171,0.714776438789339,0.999960136967505
"Eny2",638.599459732254,-0.00145590989262932,0.020563682505558,0.287058139190009,0.999960136967505
"Ebag9",125.69379272818,0.000309396587253332,0.0223368241961743,0.83553604671428,0.999960136967505
"Eif3h",1682.25393044502,-0.000912060793519379,0.013675030596715,0.404027170586912,0.999960136967505
"Utp23",168.909585641003,-0.000819392570739355,0.0224641958465774,0.576886543904096,0.999960136967505
"Rad21",825.685999156324,0.00164569929764229,0.0201239006860494,0.231646222014979,0.999960136967505
"Med30",339.321931701867,-0.00133580590607136,0.0215856461786151,0.341660990535374,0.999960136967505
"Ext1",142.177781080435,0.00785860381159743,0.0665954351398465,0.0655251166963829,0.999960136967505
"Taf2",127.328663350987,0.00189220837739482,0.0320011344833636,0.335902362391554,0.999960136967505
"Dscc1",96.9969270523437,-0.000399165581299173,0.0250828703085434,0.8083683408856,0.999960136967505
"Mrpl13",396.011192779994,9.11125159907051e-05,0.0147578355897068,0.93162986248759,0.999960136967505
"Mtbp",216.470815809231,0.00238634645770159,0.0316237341571444,0.22123091667371,0.999960136967505
"Sntb1",108.388793955172,0.00472367846143847,0.0537953134546524,0.139608374929972,0.999960136967505
"Zhx2",109.43756929783,0.00182239814891114,0.0339838558369711,0.379803365294034,0.999960136967505
"Derl1",228.099328056825,0.000143121934097532,0.017571617961265,0.906114220541018,0.999960136967505
"Tbc1d31",116.391694263884,0.000623364257425407,0.0241641396249225,0.693599980311145,0.999960136967505
"9130401M01Rik",126.883922363844,-0.00147426176261688,0.0291604696744642,0.418059024073316,0.999960136967505
"Zhx1",172.823845591267,-0.00115245952983728,0.0244977450492213,0.462067933096867,0.999960136967505
"Atad2",1105.48619753253,0.000302214825348773,0.0124201155835223,0.759907103077235,0.999960136967505
"Wdyhv1",77.5296419617008,0.000129548335548467,0.0267772093812503,0.940789826819178,0.999960136967505
"Fam91a1",109.251425418241,0.000210125977194848,0.0241041841280146,0.895243991499189,0.999960136967505
"Rnf139",97.6738717525781,-0.000788662908559157,0.0267362060816156,0.646754808595718,0.999960136967505
"Tatdn1",111.822018288813,0.000336724073001409,0.023576718501178,0.829305148696177,0.999960136967505
"Ndufb9",791.655683632634,-4.79587390217938e-06,0.0127380025998737,0.996107722715879,0.999960136967505
"Mtss1",74.4627927342304,0.00244816606140558,0.0402228453512175,0.305460745027796,0.999960136967505
"Sqle",157.478161544864,-0.00047555482957983,0.0212948768879788,0.737840103475761,0.999960136967505
"Washc5",105.464861313302,0.00177264320720803,0.0326450465658645,0.376517133393232,0.999960136967505
"Nsmce2",603.803534906582,0.000105464148063589,0.0135735959458224,0.916874623186026,0.999960136967505
"Gm2682",1354.68538026813,-0.000144131522483777,0.0205341209797005,0.91730629627283,0.999960136967505
"Gm41331",184.421583041808,-0.00136701443870849,0.0267347784585862,0.417375085207908,0.999960136967505
"Myc",647.5875887167,-0.000620104419213232,0.0149031463225064,0.565685138836965,0.999960136967505
"Pvt1",964.233112158684,0.00387233080400815,0.0327635579051501,0.0788615899582916,0.999960136967505
"Cyrib",1334.65862736318,-0.0010060705558685,0.014421831729962,0.369093500698084,0.999960136967505
"Asap1",395.898854612561,0.000185379533661075,0.0148643385275409,0.862084515679732,0.999960136967505
"Efr3a",472.199575413785,0.000454215817760274,0.0151471804078929,0.674695750222541,0.999960136967505
"Tmem71",208.923346090939,-0.000123334604591633,0.0197486448311364,0.926766166518415,0.999960136967505
"Phf20l1",979.496120661764,-0.000858521636608869,0.0144919182546811,0.432974606338121,0.999960136967505
"Sla",270.926577119173,-0.00391422173977842,0.0401406820363381,0.118485010554748,0.999960136967505
"Ndrg1",92.0742237754213,0.00270001548806148,0.0406359717501896,0.265044736844169,0.999960136967505
"Trappc9",227.187566812601,0.00185979787024394,0.0277540614077061,0.282842966832221,0.999960136967505
"Chrac1",333.023302007919,-0.000789631746723435,0.018225836284461,0.521492282495834,0.999960136967505
"Ago2",596.051288155685,0.000895695141206446,0.0162398547398519,0.435851474408436,0.999960136967505
"Ptp4a3",303.527244806349,0.00061518994818115,0.0177025303083289,0.610357611171506,0.999960136967505
"Them6",88.174858311505,-0.000465213462738545,0.0261829363811464,0.784945786444747,0.999960136967505
"Ly6e",2550.15396118365,-0.00186691809646668,0.0186371179326453,0.175855045928931,0.999960136967505
"Ly6c1",83.8893225044542,-0.00718211121844192,0.0818957080138586,0.0579638976060936,0.999960136967505
"Eef1d",1196.02515498025,-0.000482986444196673,0.0125869740507918,0.632607525874636,0.999960136967505
"Pycrl",92.9948833569812,-0.00014076723425676,0.0248871647839662,0.93164991276313,0.999960136967505
"Gfus",94.4955897653334,-0.00135118270590102,0.0303136530128078,0.474998534587816,0.999960136967505
"Puf60",367.27975915229,-0.0010232438524242,0.0191093532100845,0.423039162345089,0.999960136967505
"Plec",115.397923142758,0.00480972339899986,0.0520658030751329,0.126833952049848,0.999960136967505
"Parp10",76.2917412171573,-0.00502627431526619,0.0570580325487065,0.134139055830534,0.999960136967505
"Exosc4",164.68630427369,-0.000512256589400106,0.0209318818111717,0.713876572805817,0.999960136967505
"Cyc1",541.626669340899,0.000558411403503337,0.0148576731560333,0.603139784197154,0.999960136967505
"Sharpin",106.914333301247,0.000656671279785834,0.0250633744710235,0.687534119263676,0.999960136967505
"Maf1",139.053126459683,-0.00104192220765689,0.0251695163122203,0.518495921823354,0.999960136967505
"Bop1",101.168387664138,-0.00177769506348316,0.0329266269048413,0.378746453612847,0.999960136967505
"Hsf1",87.2615919216128,0.00113961374706926,0.0296286824142616,0.540825360485785,0.999960136967505
"Fbxl6",123.098834128332,-8.82208672565802e-05,0.0222361065469848,0.952776271566058,0.999960136967505
"Cpsf1",81.7961929976636,0.000770575219886964,0.0281193686540092,0.668260325899417,0.999960136967505
"Vps28",387.3946190507,-5.49000040381366e-05,0.0152707092157282,0.959741788053603,0.999960136967505
"Commd5",114.024505849052,-0.0007284619854907,0.0250830814027554,0.654858336711043,0.999960136967505
"Rpl8",10435.1541367404,-0.0008735403211676,0.0120592968492639,0.426104232824781,0.999960136967505
"1110038F14Rik",181.790220871167,-0.00114500190315152,0.0239620628756846,0.456066189286738,0.999960136967505
"Txn2",436.274447964813,-4.09094704108306e-05,0.0143022376527516,0.968640126593167,0.999960136967505
"Eif3d",702.453136369463,-8.48039828813943e-05,0.0129273969107829,0.931652731709144,0.999960136967505
"Ift27",128.762610230053,0.00032579591622316,0.0223227202113414,0.826787575095368,0.999960136967505
"Ncf4",217.63521921726,-0.000655188312244918,0.0197651381793916,0.619741996235297,0.999960136967505
"Il2rb",763.025984279479,-0.00421375799433449,0.0351732560422426,0.0736421948056245,0.999960136967505
"Rac2",1852.79906532143,9.40296132785699e-05,0.0114197980436568,0.923710020132825,0.999960136967505
"Mfng",103.859196436857,0.000375098339958249,0.0242855789644495,0.814798029297733,0.999960136967505
"Sh3bp1",328.604625402902,0.0001815658715276,0.0157911688327063,0.870530536935157,0.999960136967505
"Nol12",232.798508251469,-0.000359835577595237,0.0181798321335264,0.772138922642522,0.999960136967505
"Triobp",121.106970709724,-0.000786837222338993,0.0248227609085833,0.625181025261989,0.999960136967505
"Ankrd54",81.2170508057945,0.000537303086236322,0.0276933212645169,0.76327537746889,0.999960136967505
"Eif3l",474.584578530965,-0.00563696262500132,0.0453140409026032,0.0615383011327694,0.999960136967505
"Micall1",73.0284550633933,0.00101040468482265,0.0304825713507326,0.597452948000157,0.999960136967505
"Polr2f",382.554482706793,0.000320901151590716,0.0153492237322149,0.768554007763797,0.999960136967505
"Tmem184b",78.1880015323316,0.000564716118954623,0.028343925725081,0.755977952950285,0.999960136967505
"Ddx17",575.897037241634,0.000494908266630798,0.0144042000499328,0.638628438873129,0.999960136967505
"Cby1",75.4480996094271,-0.00224589068610255,0.0384128759358696,0.328461694399191,0.999960136967505
"Tomm22",524.334231259931,-0.00805165548215128,0.0555244942293001,0.0391336895825759,0.999960136967505
"Josd1",87.8252592145743,0.000265788315259963,0.0255622019120643,0.874030163252649,0.999960136967505
"Gtpbp1",129.480639697981,0.000621887527395286,0.0232606571505224,0.684222225099198,0.999960136967505
"Sun2",113.677923890983,0.000514602875029937,0.0239712715667752,0.744180360012025,0.999960136967505
"Apobec3",144.640521460999,0.00133139344896472,0.0267825269373915,0.430900151687974,0.999960136967505
"Rpl3",8349.9576823225,-0.001318395772926,0.0135504889844743,0.26920748563302,0.999960136967505
"Atf4",866.721584706578,-3.88587844861167e-05,0.0124102210956336,0.968259087204396,0.999960136967505
"Rps19bp1",191.224357380304,0.00107250521695719,0.0230947662057374,0.471608717530866,0.999960136967505
"Grap2",1407.25798687544,0.00267401680225785,0.0243750552554182,0.114677767312792,0.999960136967505
"Tnrc6b",787.086370552028,0.00245904279124947,0.0255671600337971,0.14614379425156,0.999960136967505
"Adsl",243.307101622953,1.31666476340386e-05,0.0170804287303815,0.99114586240681,0.999960136967505
"Mrtfa",259.493230802082,0.000536214416564036,0.0180874941760813,0.66303028156978,0.999960136967505
"Slc25a17",147.762865223361,-0.00137355942677775,0.0271018883273169,0.420917148149155,0.999960136967505
"St13",709.853290003474,0.000388218155510789,0.013409022259219,0.702142977156177,0.999960136967505
"Xpnpep3",88.3940555509482,-0.000658343465521295,0.0270737944344458,0.706148213864935,0.999960136967505
"Rbx1",1866.60193663076,-0.000481600659150534,0.0124122855400293,0.63332097706065,0.999960136967505
"Ep300",341.81422833752,0.00172505516871183,0.024556772393843,0.270231157754251,0.999960136967505
"L3mbtl2",73.4648391615046,0.000952887986502153,0.030044733838319,0.614655038140869,0.999960136967505
"Rangap1",499.38972327941,0.000825920437879018,0.01650248015028,0.474146969215105,0.999960136967505
"Zc3h7b",84.2683245383117,0.00130546124880339,0.0309659166609159,0.498487690344512,0.999960136967505
"Tob2",133.696549973999,0.00385798794729177,0.0449270300600168,0.155975486560346,0.999960136967505
"Phf5a",626.115062141862,-0.00396988795516199,0.03511744425656,0.0853216326270307,0.999960136967505
"Aco2",592.102504299304,0.000267350737628221,0.0136453334633011,0.79255612034079,0.999960136967505
"Polr3h",108.037031069874,0.00101383853382923,0.0269255874195284,0.555203796186311,0.999960136967505
"Xrcc6",164.525460962272,0.00179103057284569,0.0291766567075862,0.322427406486303,0.999960136967505
"Desi1",185.994874405873,0.000312389607893046,0.01935485326345,0.811965280378306,0.999960136967505
"Snu13",1475.419173152,-0.0012543255834698,0.0160247057276933,0.294587916396056,0.999960136967505
"Srebf2",256.246575768582,0.000754101578220377,0.0193169108643513,0.558987871190278,0.999960136967505
"Cenpm",218.006732544899,0.000664204604181215,0.0199164541591554,0.617131987817095,0.999960136967505
"Smdt1",881.343530607328,-0.000704270627708852,0.0147247725128035,0.514638524627233,0.999960136967505
"Ndufa6",817.839266015704,-0.000803385427252914,0.0151575815996583,0.466968303444848,0.999960136967505
"Tcf20",660.196399406484,0.00283338168319815,0.0282766460557941,0.126089456347738,0.999960136967505
"Rrp7a",121.780103413031,-0.000531882915037601,0.0234024482401411,0.730268921839151,0.999960136967505
"Poldip3",189.90309391695,-8.89223896968181e-05,0.0187900885952662,0.944852000103796,0.999960136967505
"Pacsin2",177.388212259052,0.000164490125609039,0.0194952326278024,0.901275566911353,0.999960136967505
"Tspo",503.079201590584,0.000442889426577129,0.0146763613011193,0.676647874036454,0.999960136967505
"Samm50",294.336317346798,-0.000628580124192997,0.0178590601220356,0.604996132124946,0.999960136967505
"Parvg",176.11211559505,0.00217532703978731,0.0315356277370844,0.262031102233658,0.999960136967505
"Nup50",306.280376083105,-0.000737723884091608,0.0183703677302448,0.551856583713564,0.999960136967505
"Atxn10",530.780918935291,0.000370035830762886,0.0142105868252891,0.72225112294343,0.999960136967505
"Gtse1",110.878280330449,0.000791563483391662,0.0257242276044396,0.634067913482681,0.999960136967505
"Celsr1",81.118770157516,-0.00014530360611587,0.0262347601256073,0.932482957355021,0.999960136967505
"Gramd4",116.180787764593,0.00164154462611993,0.0306499952528234,0.387101081190364,0.999960136967505
"2810001A02Rik",94.4140783654432,-0.00292944561770357,0.0419792088128624,0.241069401027308,0.999960136967505
"Tbc1d22a",101.871203657089,0.000479282892441624,0.0249270492370521,0.769251215866426,0.999960136967505
"Brd1",392.44198635125,-0.000736567897247978,0.0174404965285746,0.536890945975021,0.999960136967505
"Zbed4",76.8072208331568,-9.64057556780858e-05,0.0268546541411004,0.956028619870435,0.999960136967505
"Creld2",220.798713328939,-0.000953133557785468,0.0393380512093379,0.66935838732871,0.999960136967505
"Pim3",92.1645443384207,-0.0043261740587665,0.0511375409911209,0.154343190382566,0.999960136967505
"Trabd",151.552172034241,-0.00111919221264154,0.0253955876342,0.490161845533756,0.999960136967505
"Ppp6r2",79.4069686434881,0.00121365658496943,0.03104676882279,0.530755283085639,0.999960136967505
"Sbf1",72.9077333295074,0.000718331392877744,0.0289852922886585,0.697135965517037,0.999960136967505
"Ncaph2",368.325765353254,0.000254220379753851,0.0152790728911966,0.815123174450598,0.999960136967505
"Sco2",110.632575584306,0.000186535103909852,0.0235716365729559,0.905171869565136,0.999960136967505
"Alg10b",72.4836980501291,-0.000291368740340972,0.0275978889119806,0.870324696218917,0.999960136967505
"Gxylt1",136.803492162201,0.00043411568302525,0.0221722358237194,0.768539064244515,0.999960136967505
"Yaf2",265.8990750354,-0.0013972792602227,0.0234295190808517,0.351264931488092,0.999960136967505
"Zcrb1",590.862532947658,-0.00212356794062904,0.0247877558956637,0.187839641407404,0.999960136967505
"Pphln1",237.286716278524,-3.60156454619509e-05,0.0172679062696504,0.975999384252073,0.999960136967505
"Prickle1",89.4424199169766,0.000796087395761825,0.0275095138560749,0.651727147423469,0.999960136967505
"Twf1",133.009396051408,0.000124912568840173,0.0224057287514537,0.933595722394338,0.999960136967505
"Ano6",178.839037658918,0.00121928928121936,0.0245434401536153,0.436212378405654,0.999960136967505
"2610037D02Rik",96.0845289346945,0.00117717060660175,0.0289493614428865,0.518701995545434,0.999960136967505
"Arid2",291.423013156997,0.00033405680743241,0.0168022196871593,0.77447335179024,0.999960136967505
"Scaf11",1297.18114816887,-0.000539741468609607,0.012597555504243,0.596195179414561,0.999960136967505
"Slc38a1",705.6932307803,0.000456831755284871,0.0136468452893493,0.656388302977913,0.999960136967505
"Slc38a2",478.479678470559,0.000456001256562556,0.0148924170229059,0.670362012158106,0.999960136967505
"Pced1b",279.014297833452,0.000914553078547426,0.0197964128446941,0.485680351889954,0.999960136967505
"Rpap3",149.804790991541,-0.000921065668273181,0.0241913450148777,0.555950815510274,0.999960136967505
"Slc48a1",102.938109014785,0.000180907887317244,0.0239356263871375,0.909231473239551,0.999960136967505
"Hdac7",465.731011788666,-0.00129588305214313,0.0197589629587023,0.32640378690836,0.999960136967505
"Senp1",442.716427410794,-0.00148744167443356,0.0214595128666805,0.290647329498013,0.999960136967505
"Asb8",118.007125090466,-0.000179792196331805,0.0227165708061821,0.90561614538931,0.999960136967505
"Kansl2",131.059290576546,-2.67319603809613e-05,0.0215714460078785,0.985301430597248,0.999960136967505
"Ccnt1",282.750234276866,-0.000447109418505438,0.0173296674532069,0.707528282412568,0.999960136967505
"Ddx23",266.998565629394,0.00012370894404233,0.0166178634184428,0.915042046465889,0.999960136967505
"Arf3",182.832587324908,-0.000233730914353779,0.0192123805121587,0.85811719583449,0.999960136967505
"Prkag1",200.265731642458,-0.000337687646711548,0.0188899051975258,0.792676596490624,0.999960136967505
"Kmt2d",171.922082862642,0.000725658560985857,0.0218396568656173,0.613770296000977,0.999960136967505
"Tuba1b",1951.39675419579,0.000505160034013216,0.0120925236914417,0.618668820261792,0.999960136967505
"Tuba1a",208.328179059863,-0.00258876697418983,0.0336520938189228,0.210031591814604,0.999960136967505
"Tuba1c",270.704800689923,0.00202439803476484,0.0278690712455132,0.245334488369964,0.999960136967505
"Mcrs1",127.78157805999,0.000400353033050163,0.0225280260571269,0.789246336242193,0.999960136967505
"Fmnl3",126.892329552276,0.000950159038956072,0.0255106168387597,0.562370065835516,0.999960136967505
"Tmbim6",1440.55072563668,-0.00220538951036905,0.022246170008434,0.152029983893162,0.999960136967505
"Racgap1",381.700451943932,0.000970571621869219,0.0186770672213714,0.439473156921025,0.999960136967505
"Smarcd1",151.698070801579,0.00103829343205178,0.0245973510756694,0.511121732675419,0.999960136967505
"Cox14",493.582101851848,-0.0010443915353207,0.0179934225945048,0.395355923977095,0.999960136967505
"Cers5",301.208917814542,9.2462859955706e-05,0.0159674589872759,0.934448331902463,0.999960136967505
"Larp4",618.74560821973,0.0003890059046466,0.0138178997431351,0.705042815170636,0.999960136967505
"Dip2b",308.483082692613,0.000752624180800547,0.0182639434044472,0.541959616554805,0.999960136967505
"Atf1",316.551700752591,6.06571981813732e-05,0.0158376570869182,0.956707158799901,0.999960136967505
"Dazap2",330.054986179048,-0.000899066728661789,0.0188809503127874,0.47708553159152,0.999960136967505
"Bin2",472.670101031563,0.00674606528018083,0.0505393977606527,0.0498189457629546,0.999960136967505
"Galnt6",159.967460898172,0.000211211268758247,0.0201770236047682,0.877063658840433,0.999960136967505
"Atg101",86.6380729724956,-0.00104870233235644,0.0291289313403364,0.56879848823723,0.999960136967505
"Eif4b",622.331892272503,-0.000190586148541332,0.0134221355316356,0.849820999819596,0.999960136967505
"Zfp740",105.801271011083,-0.00126343125693702,0.0287569922365599,0.484814403801782,0.999960136967505
"Itgb7",226.150613370968,0.00287639800124532,0.0349901373058298,0.181263263158291,0.999960136967505
"Espl1",85.192392137178,0.000489228134649657,0.026620940515647,0.777085438183947,0.999960136967505
"Pfdn5",1113.3039397805,-0.000228185342977687,0.0122287582961351,0.816181900904743,0.999960136967505
"Myg1",149.740738044429,0.000195329694984733,0.0210717880570233,0.890514060806269,0.999960136967505
"Aaas",206.407874069039,0.00150494604047687,0.0261454724066198,0.360581260829199,0.999960136967505
"Sp1",278.119492949015,0.000518021867839987,0.017697632556516,0.668491733443105,0.999960136967505
"Prr13",179.544544053465,0.00011859795432136,0.01978830557281,0.929698473226398,0.999960136967505
"Pcbp2",1624.39339318967,0.000980264222317109,0.0140719637613191,0.37746076702101,0.999960136967505
"Tarbp2",84.1783418060539,0.000217579135910059,0.0259592124490597,0.898108942871573,0.999960136967505
"Atf7",268.553364356301,-7.60431961138324e-05,0.017037867594527,0.948779847600394,0.999960136967505
"Atp5g2",2699.38603355792,-0.000200892791224315,0.0113486563668484,0.839442466424525,0.999960136967505
"Cbx5",981.778483524063,0.00171810799215936,0.0194561692571873,0.209207261049487,0.999960136967505
"Hnrnpa1",2140.12293852846,-0.00248304925712398,0.021585740134911,0.116601776808035,0.999960136967505
"Copz1",164.023886206706,-0.000230481887997927,0.0205583101800176,0.868067126146994,0.999960136967505
"Nckap1l",199.485174949096,0.00128047285444347,0.0250164807719076,0.420715800414716,0.999960136967505
"Zfp263",84.299801519368,0.000489189936101322,0.0267332811727425,0.777867627368309,0.999960136967505
"Naa60",89.6188465614131,-0.000582071421978889,0.0263931695284141,0.73383810615712,0.999960136967505
"Cluap1",213.932047017943,0.000424489031641004,0.0187498473043812,0.738784229306124,0.999960136967505
"Nlrc3",177.444345669556,0.00456868705784918,0.0478289731220659,0.120143946145833,0.999960136967505
"Trap1",221.570351799073,0.000335165166718068,0.0184089033912536,0.789712750394322,0.999960136967505
"Crebbp",654.592920414091,-2.30059430179103e-05,0.0130538859494738,0.981495876227474,0.999960136967505
"Tfap4",91.1717864651886,0.000137755824583368,0.0250068406230496,0.933380496767011,0.999960136967505
"Pam16",298.92218359263,-0.00120956853331052,0.021735290386527,0.39109137082386,0.999960136967505
"Coro7",169.659968286969,0.000254065373145923,0.0197925846034639,0.849754660714228,0.999960136967505
"Dnaja3",126.056016750609,0.0021118123201003,0.0333737055077476,0.300426081064818,0.999960136967505
"Nmral1",106.423849288183,-0.000648247936459158,0.0251561883229306,0.692377487691553,0.999960136967505
"Hmox2",271.139186640759,0.000567788307335187,0.0179721909167086,0.642501355848768,0.999960136967505
"Nudt16l1",113.058231711058,-0.00264122853318062,0.0385932894189289,0.255336258485501,0.999960136967505
"Glyr1",383.161143713877,0.000391428292575935,0.0155383604184763,0.721873965204663,0.999960136967505
"Ubn1",445.907660905808,-0.000342008849901705,0.0148075615230009,0.74817644695648,0.999960136967505
"Eef2kmt",87.1280499871769,-0.0016472790793962,0.0335046160834805,0.422244335933496,0.999960136967505
"Mettl22",82.6159968082294,-0.000456063049442641,0.026751982735767,0.792799360608495,0.999960136967505
"Pmm2",211.229331024865,0.000742780447110285,0.0203717624005519,0.582363130466024,0.999960136967505
"Carhsp1",118.907868409734,-0.00285032542770883,0.0404142244147224,0.239098946730583,0.999960136967505
"Usp7",486.670523171178,0.000112657516551864,0.0139604971686874,0.912560543210985,0.999960136967505
"Hapstr1",147.155827155747,-0.000513099682709642,0.0217899096944386,0.723107520771751,0.999960136967505
"Nubp1",384.641173541223,-0.00123767810956188,0.0208751784154233,0.365417061396834,0.999960136967505
"Dexi",86.6142431895002,0.000208416059453615,0.0260957575811581,0.902808412860449,0.999960136967505
"Clec16a",222.473302119669,0.000478221536500196,0.0188303155760656,0.707650603263396,0.999960136967505
"Gm15558",84.6691133504583,-0.00302641563269429,0.0446958857039608,0.248020382504291,0.999960136967505
"Socs1",1609.83014612723,-0.0038147414117916,0.0301815667394047,0.0703239902956368,0.999960136967505
"Tnp2",80.1534794839722,-0.0029049114234874,0.0430829855886425,0.253549552995994,0.999960136967505
"Rmi2",398.68000697087,-9.01345473841382e-05,0.0147930837153386,0.932470216295546,0.999960136967505
"Txndc11",108.727482394613,4.8305341031138e-05,0.0234266636243611,0.97528547683555,0.999960136967505
"Zc3h7a",398.851230739945,-0.00151163282862891,0.0220730114358392,0.292619030223132,0.999960136967505
"Rsl1d1",1313.66676137324,-0.00129777632223023,0.0160036389416161,0.281506436361311,0.999960136967505
"2610020C07Rik",81.6108457394152,0.001352269341131,0.0318573376020149,0.493328175785367,0.999960136967505
"Gspt1",878.887155216658,-0.000595091084759458,0.0135865614993294,0.566821312720685,0.999960136967505
"Cpped1",76.7067778020673,0.00321343346512592,0.0450129347196395,0.225820900941956,0.999960136967505
"Ercc4",74.3721516876161,0.000575637434860333,0.0282109698163517,0.750455598769465,0.999960136967505
"Mrtfb",119.257569511022,0.000247885981713643,0.0229197868989187,0.871000735706994,0.999960136967505
"Parn",113.415131236165,0.000529742327730809,0.0239801006866207,0.736885692809607,0.999960136967505
"Bfar",144.395003975738,-0.000450443226307623,0.0217050210455421,0.755502219194708,0.999960136967505
"Rrn3",116.410243776922,0.000697684687952783,0.024664116720623,0.664183221719804,0.999960136967505
"Ntan1",271.921493875381,-0.000167996212931672,0.0166182860833756,0.884756290807318,0.999960136967505
"Pdxdc1",103.564008229339,0.00208734301727027,0.0346853981613005,0.322554013360018,0.999960136967505
"Marf1",228.313953968411,0.000890338373682615,0.0208800009801208,0.516446535945644,0.999960136967505
"Nde1",145.478867188207,-0.000192194649032432,0.0209181542741975,0.891573458270199,0.999960136967505
"Cep20",204.084627573934,0.000216394762955271,0.0184406052426653,0.863903441629403,0.999960136967505
"Abcc1",194.666993807759,0.00057603638640292,0.0206708138044781,0.675906085518589,0.999960136967505
"Ube2v2",379.174624467952,-0.000301444404703806,0.0152859359565564,0.781625134010278,0.999960136967505
"Mcm4",886.084605919491,-0.000121817023265051,0.012418131551205,0.900916424196798,0.999960136967505
"Prkdc",313.272333030466,0.00244145821273886,0.0296923114448905,0.189191781984591,0.999960136967505
"Mzt2",113.732869888376,0.000584698175112275,0.0246793796966509,0.717226412214578,0.999960136967505
"Spidr",189.72097366602,0.00091049588306788,0.0220973035859378,0.527535252179829,0.999960136967505
"Yars2",90.7213384447898,-0.00043483736925166,0.0258245706566118,0.796485772833594,0.999960136967505
"Dnm1l",337.846589587849,-0.0004833208230864,0.0164841923763631,0.673256129201125,0.999960136967505
"Top3b",141.764850149182,0.000468168147768493,0.0221390574544183,0.750353392761093,0.999960136967505
"Mapk1",676.899511103424,0.00145418301382653,0.0192046007369906,0.269623290653211,0.999960136967505
"Ppil2",206.199853159722,0.000345529271200092,0.0187074044743237,0.786190245426704,0.999960136967505
"2610318N02Rik",92.4092740520551,0.000827412267746499,0.0272485973940278,0.635897929050918,0.999960136967505
"Sdf2l1",599.370089294733,-0.00336669402067495,0.0325155989186571,0.109224470673567,0.999960136967505
"Ydjc",108.924159480009,0.000332816216305901,0.0238602977807258,0.83299844292974,0.999960136967505
"Ube2l3",1153.3521494663,-0.000354394180378354,0.0123192611970579,0.72123286267352,0.999960136967505
"Pi4ka",200.905397142172,-0.000138895532107011,0.0188517002287094,0.914150470069625,0.999960136967505
"Snap29",106.890177022655,-2.38728601808171e-05,0.0234574312336782,0.987799039923833,0.999960136967505
"Crkl",185.576562009229,0.000171673641230108,0.0190766809991989,0.895022123368933,0.999960136967505
"Thap7",150.154087217611,-4.23258612827511e-05,0.021086638592336,0.976258706682261,0.999960136967505
"Smpd4",100.114895839113,0.00148708404010736,0.0309661307124398,0.439024581981051,0.999960136967505
"Med15",214.36514687238,0.0013345667223719,0.024940556357282,0.399355622786482,0.999960136967505
"Dgcr2",104.681170883316,-0.000196097688427815,0.0237467497313674,0.900956546917697,0.999960136967505
"Dgcr6",71.6844543122363,6.51938223901875e-05,0.0277815029734279,0.971051008633773,0.999960136967505
"Zdhhc8",84.2911138887898,0.00562262820112375,0.0595909432553495,0.113795815222215,0.999960136967505
"Ranbp1",3138.69488086426,-0.00243303821842575,0.0207920371712759,0.117374858442164,0.999960136967505
"Trmt2a",97.9533981286492,-0.000370176656001016,0.0247936083156417,0.820397265350122,0.999960136967505
"Dgcr8",182.694988478534,0.00193891354162202,0.0296158358999995,0.290186761180299,0.999960136967505
"Tango2",90.2135353030925,-0.000996633676737582,0.0286013384942566,0.582726125432088,0.999960136967505
"Comt",163.493467966422,-0.000456901788802071,0.0207309823282178,0.742054233396713,0.999960136967505
"Cdc45",199.817692656535,-0.00039290949120208,0.0190907939084741,0.761449295182897,0.999960136967505
"Ufd1",214.523812968668,-3.98088361125122e-05,0.0179213977528404,0.974283840897824,0.999960136967505
"2510002D24Rik",126.112351117047,2.27345390634614e-05,0.0220848277243756,0.987754505452714,0.999960136967505
"Mrpl40",277.011988139407,0.000402290338180355,0.017185332409602,0.734265935769639,0.999960136967505
"Hira",255.029851871951,0.00124345424618527,0.0225469661687462,0.392136119531292,0.999960136967505
"Klhl6",353.993255679906,0.000340585903089909,0.0160252647716274,0.761954606472065,0.999960136967505
"Klhl24",75.7684434094657,0.00161976753046415,0.0339328832119158,0.434951811152142,0.999960136967505
"Yeats2",175.9829869144,0.00145970197648355,0.0263362496871897,0.378757958025846,0.999960136967505
"Parl",221.704087513574,-0.000949761523748561,0.0213659092997785,0.496589036434724,0.999960136967505
"Eif2b5",184.648196438213,-0.00116588011114742,0.0247715887423554,0.461216459920151,0.999960136967505
"Ap2m1",329.548340932552,-0.00117414312225709,0.0208760472274805,0.390114905406939,0.999960136967505
"Eef1akmt4",79.1876109072585,-0.00602899585295044,0.0629224056381386,0.106316387270595,0.999960136967505
"Psmd2",461.990459309447,-0.00103727943030362,0.0181398211889735,0.400725392587514,0.999960136967505
"Eif4g1",1075.80425503206,-0.000167589794393133,0.0121178905716479,0.863846269235733,0.999960136967505
"Polr2h",300.892842799841,-0.000343132752205349,0.0165006797368852,0.765288859290732,0.999960136967505
"Senp2",384.254924851899,0.000279818940220411,0.0151961482811579,0.796139057040626,0.999960136967505
"Tra2b",1058.44011157218,-0.0013075383187493,0.0173805982667425,0.291261216654665,0.999960136967505
"Dnajb11",484.973578372506,-0.00359005837175667,0.035071304078286,0.109109843876696,0.999960136967505
"Eif4a2",717.823519729933,0.000371297833352129,0.01333300810835,0.713671861872099,0.999960136967505
"Rfc4",424.237895013022,-0.000281302524418134,0.0148583480532884,0.792070244497963,0.999960136967505
"St6gal1",197.436288914012,-0.000449979196740608,0.0195959355067852,0.733432102526788,0.999960136967505
"Lpp",934.678468200757,-0.000708277856523597,0.0138942621683472,0.504097263413982,0.999960136967505
"Ccdc50",522.777378825992,-0.000711757914439064,0.0157297506170303,0.523765238157222,0.999960136967505
"Opa1",297.985629438058,0.000302616819441026,0.0164258411608568,0.791753166573508,0.999960136967505
"Atp13a3",534.243457688318,0.000312473226865197,0.0142068152519018,0.76364648320979,0.999960136967505
"Lsg1",269.149587609319,0.000579055173298927,0.0183790882510544,0.641914040967338,0.999960136967505
"Xxylt1",74.1759955345671,-0.000650344808443872,0.0285136803549155,0.721345347632254,0.999960136967505
"Acap2",275.853694667042,-0.00151525740468422,0.0250660033244527,0.339415364919364,0.999960136967505
"Ppp1r2",361.194799000672,-0.000846502153158365,0.018050394571511,0.488946764980919,0.999960136967505
"Bdh1",92.8779447615535,-0.00219039351706675,0.0367978771601989,0.323692192391745,0.999960136967505
"Dlg1",409.743898727833,0.00175801181745252,0.0237538858271022,0.250461401423569,0.999960136967505
"Ncbp2as2",250.411103110413,-0.00201840893140583,0.0289588933764497,0.261783163773045,0.999960136967505
"Ncbp2",347.187545391983,-0.000512273454488587,0.0164771838290792,0.654739005077936,0.999960136967505
"Senp5",222.375000358801,0.00142706087330037,0.0247207091992149,0.362893080853124,0.999960136967505
"Pak2",1334.12634013126,0.00036766082954601,0.0121156223977931,0.711657588969642,0.999960136967505
"Pigx",289.119915668505,0.000349613949333695,0.0169986901943403,0.766296504411783,0.999960136967505
"Cep19",90.0399585426349,-0.000581751416931714,0.0263616285675562,0.733718882775965,0.999960136967505
"Nrros",151.703554450186,0.000620904935797342,0.0222386337202404,0.672403644820847,0.999960136967505
"Fbxo45",75.7875422061179,0.000836569061676228,0.0291676176728217,0.651340906158471,0.999960136967505
"Rnf168",256.100757832958,0.00110279939922163,0.0214995148723142,0.430572532703469,0.999960136967505
"Ubxn7",235.529055379726,0.000261232460943705,0.0176447357333608,0.829772473365918,0.999960136967505
"Pcyt1a",72.8747150790161,0.000913331968162489,0.0298829849051754,0.628141780448631,0.999960136967505
"Tfrc",1050.954875691,-0.00047036672170656,0.0128946079749314,0.642020238256752,0.999960136967505
"Fyttd1",197.50520373967,-0.00148138187055065,0.0258362316257883,0.363245160797079,0.999960136967505
"Lrch3",397.327403490697,-0.000417925268185734,0.0155209823691593,0.70371104879685,0.999960136967505
"Rpl35a",7719.62405229634,-0.000588715512288651,0.0114008695896474,0.576256579535327,0.999960136967505
"Osbpl11",73.2834195995926,-7.65382524157576e-05,0.0277694833863211,0.96600405448216,0.999960136967505
"Snx4",261.934173728559,-0.0003140967609167,0.0171465654765575,0.791034235299116,0.999960136967505
"Zfp148",652.081333535007,0.000986166600041701,0.0165546932329096,0.399103508764372,0.999960136967505
"Heg1",163.337463416017,-0.000655952846496033,0.0217007047415182,0.647383775780253,0.999960136967505
"Umps",195.832751463254,-0.000148005314812378,0.0186230957771225,0.907568799842908,0.999960136967505
"Hacd2",129.30675079642,-0.00119072014032302,0.0267241730496542,0.482470529802169,0.999960136967505
"Sec22a",129.22702749649,0.000346278163132407,0.0222806121730839,0.815686141907302,0.999960136967505
"Parp14",1003.42571736978,-0.00689015135695521,0.0459868005410917,0.0367957634269972,0.999960136967505
"Dtx3l",489.455999787907,-0.00189758807175444,0.0235788501060838,0.216751890533676,0.999960136967505
"Parp9",520.11481927814,-0.0086901438927904,0.0581368572545357,0.035804940400422,0.999960136967505
"Kpna1",210.134079939968,-0.000627947694066924,0.0202015382544756,0.641138831306771,0.999960136967505
"Fam162a",669.987054334122,-0.000606083255026806,0.014423817235733,0.568320953572725,0.999960136967505
"Ccdc58",331.366866317628,-0.000251586372919564,0.0157691481998041,0.821029659826741,0.999960136967505
"Golgb1",294.883438689347,-0.0012979277587982,0.0228873202235163,0.377479940351402,0.999960136967505
"Hcls1",630.403622505311,-0.000358778054930525,0.0136662131851596,0.725320035596149,0.999960136967505
"Polq",175.037728530901,0.00033975405912837,0.020150739090287,0.802622872701819,0.999960136967505
"Lrrc58",339.911616429838,0.000796391355581592,0.0184820089393441,0.522322481446474,0.999960136967505
"Gsk3b",635.995821549429,0.000650943227639703,0.0152011932752751,0.551274004974209,0.999960136967505
"Cox17",973.064048581682,0.000555897489400012,0.0134145013338637,0.589695317717551,0.999960136967505
"Adprh",189.235814150279,-0.000538506335685908,0.0200948096581993,0.689100177802337,0.999960136967505
"Timmdc1",134.555151975288,-1.02173594885773e-05,0.0213348817529422,0.9943271968596,0.999960136967505
"Poglut1",83.1020888295784,-0.00146829404864077,0.032143888752898,0.459659724577879,0.999960136967505
"Tmem39a",82.859401132867,-0.000310027572195667,0.0266957251531112,0.858348316863152,0.999960136967505
"Lsamp",171.856689933127,-0.000228609742388343,0.0362251206055058,0.914512869837188,0.999960136967505
"Zbtb20",535.064408450091,0.0117258559789541,0.0711229522961348,0.0269912128431018,0.999960136967505
"Qtrt2",83.6306338922371,0.00128189957774989,0.0315249926007593,0.512842240768045,0.999960136967505
"Ccdc191",110.060016953773,0.00128476270127236,0.0286152050652606,0.47520530626857,0.999960136967505
"Atp6v1a",180.969063890349,-0.000337542071198422,0.0197882886821988,0.800804583547378,0.999960136967505
"Naa50",613.33826552387,-9.32270488852105e-05,0.0132826959120673,0.925716809696925,0.999960136967505
"Usf3",154.929301235572,-0.000456153953035377,0.0213571767064056,0.748976639784595,0.999960136967505
"Sidt1",106.317574850819,2.48655887989898e-05,0.0237532282812154,0.987428316043577,0.999960136967505
"Spice1",106.986165084737,0.00378426809911818,0.046200949186776,0.171403746373183,0.999960136967505
"Gtpbp8",95.3002890422349,0.000446895645980134,0.0254344645226174,0.788244672333238,0.999960136967505
"Atg3",349.89203396664,-0.000359228959064821,0.0160929062136525,0.750050846901623,0.999960136967505
"Btla",112.46106219457,-4.77637544939425e-05,0.0230725240673031,0.975237864426681,0.999960136967505
"Abhd10",115.241889316112,0.0015181158072635,0.0297803183814037,0.412848934388841,0.999960136967505
"Plcxd2",165.120171562655,0.000763754373835535,0.0221857483719773,0.599846348956532,0.999960136967505
"Cd96",250.767168547666,-0.00112808266052685,0.0219541336648542,0.427998226574968,0.999960136967505
"Dzip3",192.451454734826,-0.000298325174576441,0.0190347534166541,0.817777676801933,0.999960136967505
"Cip2a",248.220842150315,0.000335814856866815,0.0178635569083067,0.784034544115347,0.999960136967505
"Ift57",104.874324580339,0.00018216228772448,0.023714962046418,0.907872611306854,0.999960136967505
"Cd47",3265.73387764789,-0.00049526574801743,0.0115331343545971,0.629651704534518,0.999960136967505
"Bbx",635.930026707953,-0.002051640960632,0.0233455292904053,0.185105985721864,0.999960136967505
"Dubr",74.0412826959394,0.000722091822738487,0.0288738285994845,0.694705449188707,0.999960136967505
"Cblb",775.869726553221,-0.000848913261175624,0.0155715323531071,0.449398593522419,0.999960136967505
"Alcam",86.5576627414082,0.0139621635180145,0.0999849861524525,0.0343363717491286,0.999960136967505
"Nfkbiz",132.855865696575,-0.00048193273892372,0.0225395658498193,0.747089388449876,0.999960136967505
"Nxpe3",341.20048326328,0.00062591744781681,0.0171148918460327,0.594798926496053,0.999960136967505
"Cep97",90.6400160690566,0.00065028407813884,0.0271475326243209,0.710275976412375,0.999960136967505
"Rpl24",8893.93257489221,-0.000142022103017514,0.0107470151466005,0.890615384219104,0.999960136967505
"Zbtb11",269.245024713943,0.00030513974260039,0.0169855050158647,0.795386468564495,0.999960136967505
"Pcnp",654.569595713964,-0.000703560874750909,0.0148858762219898,0.516976361706303,0.999960136967505
"Trmt10c",189.854774362757,-0.000724638101169653,0.0212355056027854,0.605289016436784,0.999960136967505
"Senp7",314.737431472205,0.00196292495426823,0.0266780907836899,0.242733489283519,0.999960136967505
"Tfg",241.867344867973,-0.000449091722482278,0.0180888230962106,0.715908089653716,0.999960136967505
"Tomm70a",801.757336457075,0.000572156639098601,0.0139775251550287,0.584397585500706,0.999960136967505
"Nit2",124.183240045177,0.00037279737364245,0.0226322830772173,0.804386762304755,0.999960136967505
"Tbc1d23",137.112896446282,0.000604491213116179,0.022854018773331,0.688139517416165,0.999960136967505
"Cmss1",1532.42483412663,-0.000510896142734499,0.0123426124607613,0.614388300821663,0.999960136967505
"Filip1l",467.043225837623,-2.98814391010006e-05,0.0144165536726937,0.977205546935588,0.999960136967505
"Cpox",98.557332723664,-0.00122725265925365,0.0293703552837923,0.505942513892422,0.999960136967505
"Cldnd1",135.011784333311,-0.00295115051602446,0.0389223884482664,0.209960396779578,0.999960136967505
"Riox2",165.431398217758,0.000103552047685098,0.019871559659584,0.938833383633214,0.999960136967505
"Arl13b",112.81136263996,-8.85880023675656e-05,0.0229304569202013,0.953834746249436,0.999960136967505
"Pros1",247.907160323368,-0.000741281261937607,0.0197461447205916,0.572955966925909,0.999960136967505
"4930453N24Rik",394.530125930536,-0.000388727368800769,0.0154554783680702,0.722750449808031,0.999960136967505
"Zfp654",397.706440392249,0.000100944881858957,0.0147539312666822,0.924259322223842,0.999960136967505
"Cggbp1",670.10281326783,-1.99411399455017e-05,0.0130750677648833,0.983970979419415,0.999960136967505
"Chmp2b",105.169715569875,8.02719008167418e-06,0.0237014094161024,0.995933854666806,0.999960136967505
"Gbe1",140.335258568052,0.00129828691097597,0.0267705794540823,0.442767939615009,0.999960136967505
"Hspa13",77.5182761896456,-0.00036264891051272,0.0271230946806982,0.836624713294045,0.999960136967505
"Samsn1",362.076985541603,-0.00116521190690839,0.0201306359645764,0.38085191634415,0.999960136967505
"Nrip1",428.307363641222,-0.000119059758682128,0.0146796400185546,0.910421422008183,0.999960136967505
"Usp25",872.499618245658,-0.000915103830008173,0.0151631396221787,0.413463458541153,0.999960136967505
"Btg3",117.516019217912,-8.68061616358652e-05,0.0227289767820476,0.954414027313701,0.999960136967505
"D16Ertd472e",654.665256773248,-0.000674380986201037,0.0148487829296695,0.533061033521845,0.999960136967505
"Mir155hg",117.464667334821,-0.00530483936998965,0.0556375778149539,0.115234690243215,0.999960136967505
"Mrpl39",151.546080370679,-0.00139347471797327,0.0273121434275425,0.41725761389071,0.999960136967505
"Atp5j",1411.89388021742,-0.000575416244338016,0.0133042987455078,0.576837071770024,0.999960136967505
"Gabpa",157.555483556199,-0.000449717595887696,0.0215472503293856,0.754345593954538,0.999960136967505
"N6amt1",159.103359488228,-0.000276496729057558,0.0206837031571462,0.842711400071892,0.999960136967505
"Ltn1",287.883065193976,0.0011916177533385,0.0217894582416981,0.399141364926167,0.999960136967505
"Usp16",349.588894016355,-0.000605974335425188,0.0176145965586225,0.614412735596195,0.999960136967505
"Cct8",1523.15594667849,-0.00113185877223427,0.0150000168649917,0.326666344200674,0.999960136967505
"Tiam1",212.242853576116,0.00392506430230837,0.0421309890426133,0.131001133158325,0.999960136967505
"Sod1",795.017481150189,-0.000221540053995282,0.0129931287566834,0.823722583256267,0.999960136967505
"Scaf4",324.356485814663,0.000307541793997472,0.0160350713627315,0.784625514037775,0.999960136967505
"Mis18a",208.267778600675,-0.000601100618738467,0.0198597611110429,0.650997064144007,0.999960136967505
"Cfap298",280.925357806485,-0.00078083161728055,0.0191532617005441,0.542050370913934,0.999960136967505
"Synj1",164.617765228624,0.00086201120992032,0.0228014085401275,0.561782184499507,0.999960136967505
"Paxbp1",273.151159505093,-0.000995539579638334,0.0204645216101649,0.459435961951068,0.999960136967505
"Ifnar2",416.356230373534,0.00020119914958277,0.0147790895486766,0.849886182221159,0.999960136967505
"Il10rb",214.194441615692,6.45486970331148e-05,0.0179340070433585,0.958333220257211,0.999960136967505
"Ifnar1",263.612247632224,-0.00112800274915224,0.0216724971996244,0.423029896026329,0.999960136967505
"Ifngr2",151.251405740779,3.58397950988311e-05,0.0209012244759278,0.979739870912953,0.999960136967505
"Gart",285.133050070467,0.000743692798643368,0.0188157912675552,0.556129506993809,0.999960136967505
"Son",1362.36990548001,-0.000225542886915737,0.0118456347560238,0.818306600752237,0.999960136967505
"Donson",136.603754486069,-0.0013430181897585,0.0273214047591941,0.435200786801537,0.999960136967505
"Cryzl1",82.3483143441266,0.000826200455836149,0.0283265355914485,0.647503064340805,0.999960136967505
"Atp5o",1322.02581284684,-0.000450022694203976,0.0126729858522195,0.654864078855827,0.999960136967505
"Mrps6",185.062950068831,0.000578761412339939,0.0203778396373555,0.670522964749506,0.999960136967505
"Smim11",226.140577743818,-0.000159434753392797,0.0179639864080565,0.897358296033544,0.999960136967505
"Runx1",827.21242389695,0.000917091887574547,0.0152274932060559,0.413255622228906,0.999960136967505
"Dop1b",85.2462888523398,0.000403141430554768,0.0263256401128617,0.814123465034843,0.999960136967505
"Morc3",400.446262587273,-0.000216239760986831,0.0148453115051407,0.839284901824438,0.999960136967505
"Chaf1b",118.576530787299,0.00379087735632662,0.0454540149475381,0.165754890722933,0.999960136967505
"Hlcs",122.105005531937,0.00933765885838888,0.0753646691012469,0.0553423628629168,0.999960136967505
"Pigp",73.8223015758472,-0.000893873730034759,0.0297663329698682,0.634516214934036,0.999960136967505
"Ttc3",192.932612480612,-0.00107755051899977,0.0231106810031052,0.469719844994823,0.999960136967505
"Vps26c",97.1454730110723,7.49209969560696e-05,0.0244687622292885,0.963077471217602,0.999960136967505
"Dyrk1a",396.244309028883,0.00111281307468134,0.0196289007387281,0.393555686470033,0.999960136967505
"Psmg1",430.900087813449,-0.000282328621158839,0.0147718894973862,0.790566546903685,0.999960136967505
"Brwd1",180.552343900841,0.00103160125926686,0.023209227771534,0.491286438463733,0.999960136967505
"Hmgn1",781.105684592069,-0.0016114364096674,0.0213075226078555,0.25424489346592,0.999960136967505
"B230307C23Rik",208.693456914933,0.00125244587375761,0.0237707717653909,0.410050298325277,0.999960136967505
"A630089N07Rik",341.739980433115,0.000935226776196971,0.0188691849012072,0.459399807549567,0.999960136967505
"Scaf8",396.785230360432,-0.000161846650228864,0.0148251010507144,0.879236361922095,0.999960136967505
"Gm49797",138.818809496538,0.000761823599925121,0.0235252635394021,0.619821925948721,0.999960136967505
"Arid1b",456.496450874553,0.00304339033857667,0.0319285165140569,0.133563568845887,0.999960136967505
"Tmem242",120.16627874869,0.000606643535495086,0.0238497394072147,0.698247688417404,0.999960136967505
"Snx9",151.500750413005,0.00212751542837353,0.0325016229221094,0.285430250920894,0.999960136967505
"Gtf2h5",534.398123357398,-0.00076571901092248,0.0159194001086626,0.496932194588887,0.999960136967505
"Tulp4",181.615045455435,-0.000270960853293913,0.019371750094137,0.83683040397487,0.999960136967505
"Tmem181a",74.1267217921659,-2.81652003389224e-05,0.0278726753134726,0.987523808118472,0.999960136967505
"ENSMUSG00000121395",72.274354171775,0.000356312736553025,0.0277985782897534,0.842567004519957,0.999960136967505
"Dynlt1f",72.5256646062582,-0.00737494626235359,0.0709959817946015,0.082337797346744,0.999960136967505
"Ezr",889.863684907571,0.000771031882633854,0.0143139754524445,0.474454386455147,0.999960136967505
"Rnaset2a",101.876904859979,0.00136725147758278,0.030304522214267,0.469477274891396,0.999960136967505
"Cep43",172.516048814931,0.000980856329558394,0.0233003340208379,0.515226380408822,0.999960136967505
"Mpc1",536.972210074568,-0.000464578966629048,0.0145239554915345,0.660220700200099,0.999960136967505
"Qki",395.708841260776,0.000624167883934273,0.0166785906539421,0.589006122229768,0.999960136967505
"Map3k4",147.549065119927,-6.43097703767791e-05,0.020689981093136,0.963323886252935,0.999960136967505
"Igf2r",89.2932590957662,0.00147115290480606,0.0319256594520891,0.45615034604117,0.999960136967505
"Airn",187.644366755952,0.00488686715999466,0.0485980215486801,0.105665603361089,0.999960136967505
"Mrpl18",771.21847496876,-0.00214440864650633,0.0237957212368904,0.174299840886186,0.999960136967505
"Tcp1",1215.51263142831,-3.30490577536708e-05,0.0118532705520742,0.972897868555084,0.999960136967505
"Wtap",385.427866158946,6.06369946013572e-05,0.0149906237272351,0.954952576070838,0.999960136967505
"Sod2",357.387746652822,-0.0011036496007971,0.0199412023881979,0.402726712544284,0.999960136967505
"Afdn",80.8254986689271,0.000156433457126994,0.0262867971947528,0.927437781320218,0.999960136967505
"Phf10",311.33048617627,-0.003392324022257,0.0359350727928561,0.131586735554483,0.999960136967505
"Fam120b",141.473836468524,0.00301410454326752,0.0389329354796193,0.201252469130696,0.999960136967505
"Psmb1",1922.17303900586,-0.00533961213369187,0.0366568602278683,0.0433898055875704,0.999960136967505
"Tbp",98.6614867351069,-0.005205132533776,0.0562249445656043,0.122268914349583,0.999960136967505
"Pdcd2",239.98033190112,0.000159868509414142,0.0174238441619553,0.894429068476565,0.999960136967505
"Chd1",527.473509016267,0.000936310063892355,0.0169214240425103,0.426768452926716,0.999960136967505
"BC002059",90.0170831867613,0.000103195184266443,0.0264257461082169,0.952315440717676,0.999960136967505
"Gm51425",89.9465613633171,-0.000102506936716144,0.0251060831160324,0.950578066938692,0.999960136967505
"Gm5165",88.8428907404391,0.00081964229391131,0.027552609607034,0.642363662947572,0.999960136967505
"Riok2",229.693460174622,-0.000774282904673543,0.0203081247359241,0.564937849531083,0.999960136967505
"Lnpep",638.099502536977,0.00372761584160408,0.0334935054506,0.0905085424831106,0.999960136967505
"Ppp2r1a",206.022824751224,-0.000304404691595142,0.018609999787742,0.810517542543727,0.999960136967505
"Zfp160",118.134047100885,0.000383610344954349,0.023240217871983,0.803338480824374,0.999960136967505
"Zfp53",148.533056204711,-0.000283059452743676,0.0209167781009425,0.840567490811138,0.999960136967505
"Zfp942",99.5720702276135,-0.000280053789930267,0.0244249970271173,0.862108985784274,0.999960136967505
"Thoc6",130.240600194903,-0.000344284531072634,0.0222067464020932,0.816207825750873,0.999960136967505
"Hcfc1r1",143.677481506192,0.000506696234906166,0.0220349334618978,0.729108811336698,0.999960136967505
"Srrm2",2557.90630803856,0.000495704474684707,0.0116609409564696,0.627809679195797,0.999960136967505
"Elob",2353.80152998018,0.000315574018552325,0.0115893113068773,0.751335813933145,0.999960136967505
"Kctd5",79.5702717065552,-0.00369901571094626,0.0480625515621909,0.191264600929904,0.999960136967505
"Pdpk1",317.557207682672,0.000523443776885267,0.0169249993409386,0.654124612952573,0.999960136967505
"Atp6v0c",374.824115139958,-0.00666899291087474,0.0541969427340236,0.0615656508120196,0.999960136967505
"Ccnf",135.492300031992,0.000548117812556985,0.0230308581983372,0.718374685844789,0.999960136967505
"Rnps1",657.315531076292,-0.000426948999162206,0.0137840683946494,0.67814548774925,0.999960136967505
"Pgp",223.764187016956,-0.000374528450984295,0.018429412669593,0.765642627197398,0.999960136967505
"Traf7",91.9048639164861,0.000185357084479926,0.0250033666462567,0.91039605710905,0.999960136967505
"Gfer",147.330540788246,0.000595559797813542,0.0223141341003614,0.68627496975436,0.999960136967505
"Rps2",5964.61641651252,-0.00137963648782542,0.0141498690311589,0.253132878944406,0.999960136967505
"Ndufb10",549.815583325814,0.000161434149385968,0.0139447390309138,0.874944751558495,0.999960136967505
"Msrb1",117.3491200356,-0.000696345619115422,0.0245844991368284,0.663889858965639,0.999960136967505
"Nubp2",98.729715972355,-0.000379589510722241,0.0247332326680826,0.815493573147179,0.999960136967505
"Mapk8ip3",114.737044999707,0.000864543447324138,0.0256563969553321,0.60126372029129,0.999960136967505
"Mrps34",356.85345068726,-0.00151696939735119,0.0231309264564199,0.307392528356045,0.999960136967505
"Jpt2",139.081363335,0.000382882385981472,0.0218284859019811,0.792740362734222,0.999960136967505
"Cramp1",130.113880966502,-1.44687331148546e-06,0.0216986205279911,0.999208510904459,0.999960136967505
"Uqcc4",212.194345681073,-0.000105844320652414,0.0180036190962403,0.931927998165984,0.999960136967505
"Unkl",86.1103320381442,-5.53242478329183e-05,0.0256878265437963,0.973825703808796,0.999960136967505
"Tsr3",121.127841756857,-0.00387521507695959,0.0460988309038592,0.162304244425442,0.999960136967505
"Ube2i",1355.63274859164,-0.000914069694522456,0.0141049407702819,0.405108331570998,0.999960136967505
"Antkmt",319.701153546801,-0.000426412865895739,0.0166917612337459,0.712667944229052,0.999960136967505
"Metrn",165.00895543219,-0.000153452283003079,0.0199623546504178,0.909766262834429,0.999960136967505
"Stub1",261.783140415786,0.000422168606033251,0.0177072066896693,0.7279124050652,0.999960136967505
"Mettl26",186.059051573765,-4.06378914923233e-05,0.0188575782969687,0.974867317299739,0.999960136967505
"Rab40c",86.2857102358943,-0.000337599073481046,0.0265464186425682,0.845141786086234,0.999960136967505
"Capn15",87.2930982683401,0.00126321703288679,0.0303420857797029,0.505424401097285,0.999960136967505
"Mrpl28",237.075303705826,-5.51317469054584e-05,0.0172993442269146,0.963320149794368,0.999960136967505
"Axin1",153.6915616445,0.00162408131192788,0.0289274977877446,0.367078383017154,0.999960136967505
"Luc7l",586.740189260266,6.0278758613054e-05,0.0134470123928052,0.952189782821375,0.999960136967505
"Dusp1",76.1482891924779,-0.00255590174817699,0.0406863629959607,0.290051772030556,0.999960136967505
"Ergic1",229.863312018005,-0.000411122692693803,0.0184014167991644,0.742903804938558,0.999960136967505
"Atp6v0e",739.657016884017,-9.40368349199496e-05,0.0129857527762513,0.92437061625107,0.999960136967505
"Crebrf",176.420390093527,0.000144933597820033,0.0193281363397991,0.912336942046396,0.999960136967505
"Bnip1",94.0725538893136,0.000775832508101547,0.0267963762200282,0.65288808617162,0.999960136967505
"Kifc5b",75.5363755806421,0.00067971350180171,0.0287235738062996,0.710830716236268,0.999960136967505
"Cuta",499.491842628658,-0.00127086585371015,0.0198256404804493,0.336157996605954,0.999960136967505
"Bak1",130.129021623933,-0.00851946889832393,0.0717533959550773,0.0624728504737521,0.999960136967505
"Uqcc2",495.590909787896,3.90774883748546e-06,0.0140451749410119,0.996970420856197,0.999960136967505
"Smim29",239.797554681336,0.004929888097458,0.0468002573320776,0.0947213233487157,0.999960136967505
"Nudt3",191.293048490215,0.000488904335376408,0.0197359342156305,0.712665839532824,0.999960136967505
"Rps10",16393.5855177414,-0.000198117561224253,0.0107163851886774,0.849196103665325,0.999960136967505
"Ilrun",296.058629282955,-0.00209330195160108,0.02773208057721,0.22880730056493,0.999960136967505
"Taf11",192.573413190685,-0.00226231649506297,0.031608795422325,0.244842479716456,0.999960136967505
"Anks1",109.673326185494,-9.13792392850267e-06,0.0232901557306602,0.995300701889679,0.999960136967505
"Def6",229.446801568612,0.000237809872493596,0.0177366786851091,0.845573585885626,0.999960136967505
"Rpl10a",9655.50638930091,-0.00189760245977331,0.0166897035502868,0.161965047751961,0.999960136967505
"Fkbp5",235.81674896123,5.29053050020207e-05,0.0173437515251847,0.964875500604947,0.999960136967505
"Srpk1",781.274286588439,0.000667892296163425,0.0141834129640837,0.529274421502504,0.999960136967505
"Mapk14",234.681239334564,9.58680451846462e-05,0.0173628155282467,0.93643749505514,0.999960136967505
"Kctd20",78.6088454209566,-0.00129583814437184,0.0315728006897783,0.508717260545476,0.999960136967505
"Stk38",350.506974137063,0.00195691439613295,0.0257372367849497,0.231437435526165,0.999960136967505
"Srsf3",2420.24522825608,-0.000848915610486002,0.0130531110335543,0.430741597670985,0.999960136967505
"Ppil1",346.320788865908,-0.000690055746540595,0.0173831639537532,0.561959659800464,0.999960136967505
"BC004004",1315.63519093821,9.41027418233149e-05,0.0119506192651051,0.923021309012177,0.999960136967505
"Mtch1",255.507608865729,-0.0005775052997858,0.0188902981286938,0.650349854093133,0.999960136967505
"Pim1",1974.61517455542,0.0005572786942746,0.0120556670425646,0.586572163439079,0.999960136967505
"Tbc1d22b",127.781215619486,-0.00116809086811687,0.0268717326040021,0.493395177469728,0.999960136967505
"Rnf8",142.769791349539,-0.00101324264091162,0.0247614186419996,0.524357755561311,0.999960136967505
"Cmtr1",215.81349717832,0.000123665315747174,0.0179031740101784,0.920109897593382,0.999960136967505
"Zfand3",381.517742191816,-0.000783847141789653,0.0177393258474163,0.516284474271729,0.999960136967505
"Btbd9",245.519472479963,0.00165864031802238,0.0266887761194557,0.321635806966961,0.999960136967505
"Glo1",340.122074840949,0.000173268091138549,0.0154850180426941,0.874623904002125,0.999960136967505
"Abcg1",107.509622550915,-0.000145704883067909,0.0234956051272935,0.925688251865764,0.999960136967505
"Ubash3a",274.089567640214,0.000437116266092507,0.0176140181092411,0.717406466711848,0.999960136967505
"Slc37a1",72.4156652545752,0.00085819088002471,0.0297121968503493,0.647813074690827,0.999960136967505
"Ndufv3",991.811608686314,-0.000545546364436297,0.0131709775061473,0.594615675401369,0.999960136967505
"Pknox1",139.866043659191,-0.000556748476838649,0.0223966382516116,0.707110571116286,0.999960136967505
"U2af1",1302.42794402104,-0.000273856804453908,0.0120033563419465,0.780992594748423,0.999960136967505
"Rrp1b",397.841372217336,0.000436960313593789,0.0155294176134655,0.691031172646783,0.999960136967505
"Brd4",741.422432818356,0.000108513636451883,0.0128013353294794,0.912356869662483,0.999960136967505
"Akap8",246.60273419666,-1.53868227885012e-05,0.0169986540060311,0.989612159381745,0.999960136967505
"Akap8l",144.055974029522,-0.000990672663358015,0.0246693505511453,0.532633873568027,0.999960136967505
"Rasal3",265.008561961648,0.000203091952776004,0.0168214069677992,0.862168513309411,0.999960136967505
"Pglyrp2",247.156395138713,-0.00178277088756693,0.0266760429116975,0.286728755926021,0.999960136967505
"Zfp871",250.98481294086,0.00050953520769081,0.018122147525196,0.679556350248372,0.999960136967505
"Zfp955b",88.5451262435621,-0.000195410097824164,0.0257595652288024,0.907874570674546,0.999960136967505
"Hnrnpm",1169.15828737681,-0.000113277780112655,0.0119803175305735,0.907462697944823,0.999960136967505
"Marchf2",131.483195473679,0.000795247222498998,0.0240513590038491,0.611250619572664,0.999960136967505
"Rab11b",279.16433308837,9.14839934301001e-05,0.0163506229130286,0.936323308375367,0.999960136967505
"Rps28",7487.54088365212,0.00154314815190502,0.0144831456412112,0.217449199423047,0.999960136967505
"Ndufa7",820.835320723464,0.000261135572803554,0.0128467549205431,0.792556121933079,0.999960136967505
"Kifc1",134.755286541846,-0.000414416193453403,0.0220891235571851,0.778181741769545,0.999960136967505
"Daxx",288.661123260863,-0.0108067106673579,0.0730008679414767,0.0361246742874185,0.999960136967505
"Pfdn6",389.965298493923,3.65817708049715e-06,0.0147405651898369,0.997249443510035,0.999960136967505
"Wdr46",121.889388141732,0.00116639138099796,0.0271116127819605,0.497572375298897,0.999960136967505
"Rps18",8517.61421633471,0.00027561192357692,0.0109586101069033,0.787987016888409,0.999960136967505
"H2-K2",83.2466190843875,-0.0025920203257779,0.0400725010688264,0.278232037777534,0.999960136967505
"H2-K1",5016.86127268582,-0.00439996786012261,0.0438524279230164,0.108419464484219,0.999960136967505
"Hsd17b8",121.203617175593,0.00102907100561782,0.0262816612259952,0.540184537447869,0.999960136967505
"Slc39a7",196.278865387735,-0.000995273431240827,0.022745208762429,0.499513749673801,0.999960136967505
"Brd2",689.806304677064,-1.16417676020832e-05,0.0129240239660748,0.990599042181663,0.999960136967505
"H2-DMa",165.554925965976,-0.0016407672806383,0.0284388954030693,0.354510583180881,0.999960136967505
"Psmb9",2735.10703364828,-0.0042367642865006,0.0311106417027935,0.0572586555436714,0.999960136967505
"Psmb8",3779.83767673524,-0.00171631543876424,0.0168677755449126,0.191289787991974,0.999960136967505
"Gpsm3",403.708929301506,0.000887653035224641,0.0177953162851542,0.464026965629647,0.999960136967505
"Rnf5",88.1986307086609,-0.000274379744048279,0.0257300410162188,0.870685737188651,0.999960136967505
"Atf6b",98.6172054029792,-0.000154974817864418,0.0247589860456493,0.924432552328779,0.999960136967505
"Stk19",80.5543142573831,0.000480587232754462,0.0270206781609033,0.783597463478609,0.999960136967505
"Skic2",74.2606103176273,0.000226517849460541,0.0272045686441365,0.897905294657006,0.999960136967505
"Nelfe",166.847967982963,-0.000235874439016528,0.0199024121454123,0.861125653293004,0.999960136967505
"Ehmt2",119.521961748845,0.00166061860129282,0.0305699693598677,0.380296749261197,0.999960136967505
"1110038B12Rik",943.693584293369,-0.000288767314791292,0.0126081143848872,0.77057923438103,0.999960136967505
"Lsm2",564.977459199601,-0.000966223072354366,0.0168507455751536,0.412094017219997,0.999960136967505
"D17H6S56E-5",781.663800625992,-0.00241037829827328,0.0246699526686758,0.144795222998085,0.999960136967505
"Vars",463.495261328459,-0.000207784002505735,0.0142704792818916,0.841647576549201,0.999960136967505
"Msh5",95.4724628402413,0.00141377147473756,0.0305929756240555,0.457797408866105,0.999960136967505
"Clic1",2075.76475273863,-0.000148919367272141,0.0113422108091489,0.880155919324661,0.999960136967505
"Abhd16a",113.169802357288,-0.000689446636781151,0.0249274649265503,0.670963307587702,0.999960136967505
"Csnk2b",719.04937221994,-0.00215184605239884,0.0236670234859768,0.171905407707974,0.999960136967505
"Gpank1",84.0697739441925,0.000506341955607542,0.0271683336730803,0.77320696839169,0.999960136967505
"Bag6",105.453900863614,0.00064736343597756,0.0251354736439896,0.692571797862919,0.999960136967505
"Prrc2a",327.531223148706,0.000226044552185984,0.0158046680849754,0.839239564960275,0.999960136967505
"Ltb",3478.12930875715,-0.0017079316608265,0.0162524035255405,0.190210197788075,0.999960136967505
"Tnf",183.387501766143,-0.000140629869357635,0.0204750774243077,0.919108345718339,0.999960136967505
"Lta",1184.26445469339,-0.00426654170456351,0.0334017928666029,0.0642423788147996,0.999960136967505
"Nfkbil1",162.99881068257,0.000109623125435592,0.0198887627115636,0.935299701294068,0.999960136967505
"Ddx39b",1165.04007960699,-0.000285490536308931,0.0121696331927473,0.772148831122132,0.999960136967505
"H2-D1",6038.04242774815,-0.00378911279651967,0.0406337696845129,0.131679703024418,0.999960136967505
"H2-Q4",413.277802575634,-0.00279751555194661,0.0304249806197743,0.147576737022446,0.999960136967505
"H2-Q6",285.704050657112,-0.00280462458500562,0.0327391986755924,0.168439236299862,0.999960136967505
"Tcf19",145.810264708627,-0.000368741831015023,0.021755319390339,0.799730726683263,0.999960136967505
"Gtf2h4",102.177822618899,-0.00059590125071231,0.0253191465234418,0.718094498140217,0.999960136967505
"Tubb5",3914.46922763332,1.5153473716121e-05,0.0109348287554773,0.987998944605765,0.999960136967505
"Mdc1",140.786828359884,0.00413604960797829,0.0464289772886917,0.142430215859217,0.999960136967505
"Nrm",113.173050805538,-0.000668642565711999,0.0247799783897064,0.678961478712159,0.999960136967505
"Ppp1r18",479.679525851333,0.00118567345974616,0.0189011248786684,0.352929243681156,0.999960136967505
"Dhx16",100.842242900709,-0.000520780652233624,0.0251570653398787,0.751567154355337,0.999960136967505
"Mrps18b",270.566866167141,-0.000183072889323023,0.0166837914583846,0.874860872343838,0.999960136967505
"Ppp1r10",348.388859941953,-8.66884445876879e-05,0.0155940911202452,0.937430124444953,0.999960136967505
"Abcf1",634.49117912885,-9.71061827027103e-05,0.0132141887084615,0.922463370436926,0.999960136967505
"Gnl1",110.479949357193,-0.000254975295765685,0.0233993296046685,0.869686965650973,0.999960136967505
"A930015D03Rik",112.483936953812,-0.000681426484022261,0.024753582015294,0.672736699277508,0.999960136967505
"H2-T24",172.544586648352,-0.00525552628741162,0.051300967703043,0.099752087587274,0.999960136967505
"H2-T23",691.590079300821,-0.00620461543135107,0.047323418849598,0.0529003725626732,0.999960136967505
"H2-T22",356.535140472203,-0.00209193556086241,0.0271298736217662,0.221325480790397,0.999960136967505
"Rpp21",292.064813198213,0.000145772245756002,0.016675192859797,0.900213836751292,0.999960136967505
"Trim26",180.843061797076,0.000600068213067472,0.0206374650916924,0.662420049949535,0.999960136967505
"Ppp1r11",457.706364175785,-0.00144564044718114,0.0215091764521334,0.304123622385391,0.999960136967505
"Polr1h",389.655566550359,-0.00166337939512224,0.0232635238656539,0.267627033814357,0.999960136967505
"H2-M3",266.525971230597,-0.00523466917628965,0.0482629431676565,0.0874020237692466,0.999960136967505
"Cenpq",281.117961533833,-0.000120074853655084,0.016382515918495,0.916596013506806,0.999960136967505
"Mmut",85.0905948586229,-0.00172544939148879,0.0338164060541603,0.403974225510237,0.999960136967505
"Cd2ap",572.660573907167,-0.00034026257075704,0.0138892191999341,0.740630531189098,0.999960136967505
"Supt3",164.306986929991,0.00199031282854514,0.0306295293346166,0.292011931586945,0.999960136967505
"Cdc5l",593.362143856021,0.000382053924340628,0.0139531264307469,0.711227635586331,0.999960136967505
"Slc35b2",94.3833326951487,-0.000155448009101016,0.0247927532257545,0.924289614970308,0.999960136967505
"Hsp90ab1",9938.08040958768,-0.00064742319308619,0.0112922162617767,0.546732519234577,0.999960136967505
"Slc29a1",190.828044142552,-0.000722767845853754,0.0210521246348358,0.603460894740944,0.999960136967505
"Mrpl14",374.877464902036,-0.000553792918185089,0.0166175421105392,0.630802187023956,0.999960136967505
"Mrps18a",269.254494461885,-0.000230501552494205,0.0172921364943002,0.847139860064643,0.999960136967505
"Mad2l1bp",99.9120908141481,-0.00143615767207104,0.0304493586226793,0.448581760893558,0.999960136967505
"Gtpbp2",177.754970080016,-0.00352696209517165,0.041367864017095,0.161493026703587,0.999960136967505
"Polh",102.763953605042,0.000475612169864234,0.0246779770066965,0.769033949171112,0.999960136967505
"Xpo5",164.520728719856,-5.06586009710112e-05,0.0197293149991175,0.969878088881864,0.999960136967505
"Polr1c",184.14019876758,-0.000278811741436919,0.0193035235100059,0.831628714238604,0.999960136967505
"Yipf3",94.2599985481368,-0.00213045748226886,0.0358614698262725,0.326542972137207,0.999960136967505
"Dnph1",118.589211931994,4.54212588016436e-05,0.0225622058349661,0.975989151529937,0.999960136967505
"Mrpl2",303.072288348712,-0.000824487783348891,0.0190446962706672,0.517437383216607,0.999960136967505
"Rrp36",143.461263936341,-1.46313397299188e-05,0.0209286377716424,0.991738145510617,0.999960136967505
"Mea1",161.991307457917,-0.000131844147447157,0.0202591474566286,0.923447227933262,0.999960136967505
"Ppp2r5d",88.5033471271746,-0.00051616787029688,0.0263315713383685,0.762917025953609,0.999960136967505
"Cnpy3",74.5353616588487,0.000584580108768664,0.0284029960182968,0.748015204527038,0.999960136967505
"2310039H08Rik",146.10882406357,-0.000755015156423378,0.0234819215921634,0.622474666943483,0.999960136967505
"Rpl7l1",349.627736494497,-0.000500402383787964,0.0164185958164639,0.661446908201617,0.999960136967505
"Bicral",160.940174129055,0.0020540446554917,0.0312257024457114,0.28510583197716,0.999960136967505
"Tbcc",90.9258934410033,-0.000216091529348832,0.0257372199014797,0.898080636875489,0.999960136967505
"Ubr2",409.778593803685,-0.000157940913966205,0.0146489199475749,0.881201562564065,0.999960136967505
"Trerf1",207.704659514114,-0.00764170316904855,0.0619177399465489,0.0597881216769688,0.999960136967505
"Mrps10",304.778157350461,-0.00119297680601918,0.0211716795693237,0.387777617143716,0.999960136967505
"Ccnd3",784.99821114009,0.00254633949810109,0.0259657927008016,0.138947571948922,0.999960136967505
"Bysl",107.125189501137,0.000634687759671389,0.0252577609782351,0.699642948512824,0.999960136967505
"Med20",86.6375592160172,-0.0012863122968201,0.0305960838534796,0.500556568965845,0.999960136967505
"Tomm6",857.85075289766,-0.00257873615726697,0.0255474830583683,0.132083214073029,0.999960136967505
"Foxp4",73.2462200641442,0.00091077999929113,0.0299081693753252,0.629352427628736,0.999960136967505
"Treml2",353.120493913437,-0.000407062469799167,0.0159476784356958,0.716207722187816,0.999960136967505
"Nfya",133.09621041826,0.0013142810452917,0.0278109605793909,0.452960242746902,0.999960136967505
"Oard1",149.216164219411,-0.00195212612203651,0.0310700482429382,0.307649326388473,0.999960136967505
"Rftn1",241.051209841959,0.00108728899355664,0.0218850031843796,0.444054962079924,0.999960136967505
"Plcl2",602.540144417565,0.00459059462391737,0.0390941260683391,0.0744989621035646,0.999960136967505
"Tbc1d5",379.517337852179,0.00142129432649576,0.022778925884967,0.332247101974254,0.999960136967505
"Satb1",4269.95503763379,-0.000677749167356512,0.0118318029012826,0.52087328907492,0.999960136967505
"Rab5a",224.359054498146,-0.00655095126541944,0.0566565618565112,0.071981949486839,0.999960136967505
"Kat2b",515.613471134269,0.00116282931504616,0.0188088666122002,0.360192972404789,0.999960136967505
"Sgo1",342.098667548223,0.00486378857615007,0.0451034049111202,0.0898157126663626,0.999960136967505
"Mpnd",116.177567933143,-0.000779369569062849,0.0254310767339299,0.63599994640202,0.999960136967505
"Sh3gl1",159.533145252737,-0.00123528481983462,0.0254609533228345,0.445342125203354,0.999960136967505
"Chaf1a",241.000452215962,0.000326750870953401,0.017768717513239,0.7888632151941,0.999960136967505
"Ubxn6",99.9868664117526,-0.000770004488917365,0.0263566538777383,0.650677989919504,0.999960136967505
"Hdgfl2",179.916895959335,0.000658268466498207,0.0213915254685605,0.641917325823962,0.999960136967505
"Mydgf",368.415202630077,-0.00435736934306111,0.0405043947229029,0.0924648549740483,0.999960136967505
"Dpp9",78.1526471543397,0.00303458300075981,0.0438432620712207,0.24089190224116,0.999960136967505
"Uhrf1",611.300450046429,0.00034198781173407,0.013694121978293,0.737713662968467,0.999960136967505
"Safb2",375.239087819845,0.000238175573470119,0.0152586270304941,0.82644982624477,0.999960136967505
"Safb",420.125613746253,0.00046975572946832,0.0154433936734435,0.668134635303688,0.999960136967505
"Micos13",502.138681372052,2.63906599820141e-05,0.0138339776117705,0.979363925093648,0.999960136967505
"Rpl36",8015.02088555206,-1.14748918269937e-05,0.0107187224343221,0.991117316606966,0.999960136967505
"Lonp1",203.957922610596,0.000369761946911457,0.018900549046367,0.773382855097569,0.999960136967505
"Ranbp3",113.842624414478,0.00128919938664694,0.0285320625884018,0.472448241632338,0.999960136967505
"Ndufa11",639.957923298313,-0.000471419973103407,0.0140844752934319,0.65076822105568,0.999960136967505
"Clpp",196.13367681857,-0.000673607716046946,0.020624593533844,0.622774625139042,0.999960136967505
"Alkbh7",90.4135479193474,0.000927006433351314,0.0280625180596731,0.604092249889734,0.999960136967505
"Gtf2f1",434.549589346637,0.00105950233640864,0.0188002599611813,0.401998993779622,0.999960136967505
"Khsrp",325.202551975249,0.00071886657982154,0.0180707766762829,0.557187735512247,0.999960136967505
"Dennd1c",136.53384860232,0.000571718891939212,0.0228055959906903,0.704062360356937,0.999960136967505
"Vav1",210.103898564466,0.00063593756583734,0.0198435242087813,0.63149831899746,0.999960136967505
"Fbxl17",467.114506159209,-0.000105116238817879,0.0141080600801199,0.918883558326236,0.999960136967505
"Pja2",132.094827476726,0.000495809176267384,0.0228084918271615,0.742587354450754,0.999960136967505
"Man2a1",316.933421389829,0.000396551697259439,0.0166636963752514,0.731789372131117,0.999960136967505
"Tmem232",87.7736626820055,-0.000637707224672988,0.0268553922652345,0.713205194306747,0.999960136967505
"Vapa",569.609559772496,-0.00200695969065076,0.0235788294865003,0.195455396857413,0.999960136967505
"Ppp4r1",96.610504376661,-0.000117588805362621,0.0246178402066437,0.942364137414348,0.999960136967505
"Ralbp1",396.94773306341,0.000965989195572032,0.0183376346548218,0.435810028139514,0.999960136967505
"Ankrd12",387.308230999999,-0.000340276012358544,0.0156280664564824,0.757953492976276,0.999960136967505
"Ndufv2",550.286718931266,-0.00103632817934943,0.0174769793244778,0.390841567429627,0.999960136967505
"Ddx11",80.9246765373474,0.00116873901986656,0.0303779665131838,0.539007537525443,0.999960136967505
"Rab12",120.750107967826,-0.00104431901988118,0.0262694950018647,0.533778829434625,0.999960136967505
"Gm26510",104.090106877681,0.00140433456996172,0.0299448903098527,0.45229773721072,0.999960136967505
"Myl12b",1147.29393742763,-0.000302438835308946,0.0124169312972444,0.759731886710575,0.999960136967505
"Myl12a",1301.23965649006,-0.0023117710073491,0.0235209192625711,0.148023461797725,0.999960136967505
"Lpin2",218.619195112006,-0.00121285402926721,0.0232452579583574,0.416328490084211,0.999960136967505
"Smchd1",1993.0687211849,-0.00104164201679529,0.0138305932176432,0.353310465869111,0.999960136967505
"Ndc80",446.508115982096,-1.01545905947823e-05,0.0145164063357802,0.992287133005866,0.999960136967505
"Wdr43",888.082720812386,0.000638977936409887,0.013746362384686,0.541994408847828,0.999960136967505
"Ypel5",80.2001781930876,-0.00245880556396976,0.0394910160850771,0.296849222620632,0.999960136967505
"Lbh",180.230959578856,0.00138089865452893,0.0256727455971267,0.395018796628539,0.999960136967505
"Lclat1",108.692178316022,0.000606484089681613,0.0247304218091572,0.707474465349255,0.999960136967505
"Memo1",327.731987081722,2.81960125028181e-05,0.0157878092702549,0.979821430721522,0.999960136967505
"Dpy30",597.630538972227,-0.000275654562550109,0.0137415679057766,0.787025379488085,0.999960136967505
"Spast",148.731193969496,-0.000337571553952055,0.0210337346210637,0.811037906169242,0.999960136967505
"Yipf4",216.003357629716,-0.00250612910199784,0.03250684910109,0.210683898114455,0.999960136967505
"Birc6",1241.75416292424,-0.000127124377503448,0.0118702183433958,0.896302173666762,0.999960136967505
"Ttc27",130.14222636536,0.00234836618001049,0.0348643686288507,0.268271182689913,0.999960136967505
"Fam98a",157.833440642666,0.00111892448540231,0.024826616261155,0.481156779163082,0.999960136967505
"Crim1",471.128863653371,-0.000129972201818423,0.0142214611740692,0.900283322969734,0.999960136967505
"Fez2",100.967305160265,-0.000973431145914735,0.0272901357929506,0.576255679224098,0.999960136967505
"Strn",156.741835973659,-5.28931429380636e-05,0.0202491307646219,0.969257651251043,0.999960136967505
"Heatr5b",78.527067512885,0.000960762068884437,0.0297552528179008,0.608838936714885,0.999960136967505
"Gpatch11",203.556857781113,0.000430503237465555,0.0190947373713816,0.739132667253918,0.999960136967505
"Cebpzos",142.33481864582,-0.000192909099776063,0.0210542166470651,0.891788000059206,0.999960136967505
"Cebpz",416.323515921635,0.000245749257199905,0.0148678733094233,0.817905206345155,0.999960136967505
"Ndufaf7",74.3865915666,-0.000296470969914349,0.0273595787181595,0.86715615329483,0.999960136967505
"Prkd3",93.0409459415426,0.00271594003930107,0.0400256644832795,0.256805793361612,0.999960136967505
"Atl2",89.6823657460477,0.00130887438081475,0.0303987979360853,0.490426567860108,0.999960136967505
"Hnrnpll",220.67965663812,0.000107546930263894,0.0182291627382393,0.931560733655915,0.999960136967505
"Srsf7",1878.40131594786,-0.00200711971826551,0.0198842095265999,0.16256706426302,0.999960136967505
"Gemin6",150.131717693476,-0.000528127109985999,0.0216976496983064,0.714144816309433,0.999960136967505
"Dhx57",106.954520520456,0.000341825825092096,0.0239526947169214,0.829081158825323,0.999960136967505
"Sos1",239.773859678775,0.00044000028696228,0.0180922833804743,0.721535811075418,0.999960136967505
"Eml4",703.53701310088,-0.000321513274110992,0.0133111079302689,0.749811935415238,0.999960136967505
"Cox7a2l",1005.67667618186,-0.000508205659852881,0.0130229852944064,0.617695399654438,0.999960136967505
"Mta3",277.379087198856,0.000617944364814124,0.018101898864686,0.614994678082329,0.999960136967505
"Zfp36l2",370.421278953753,0.00478810210393485,0.0432553799098409,0.0846396308906752,0.999960136967505
"Thada",350.556733019142,0.0044455739450648,0.041349552651631,0.0921583550040319,0.999960136967505
"Lrpprc",267.204712943314,0.00159057088298337,0.0246907909266009,0.309959181057643,0.999960136967505
"Ppm1b",243.156472528713,0.000549786309433774,0.0184979829864907,0.660837809659539,0.999960136967505
"Srbd1",298.205999166108,0.000452145988844964,0.0170800281348588,0.701114442791935,0.999960136967505
"Prkce",319.607063185433,0.00142359909054161,0.0225971836669492,0.328494269144862,0.999960136967505
"Rhoq",115.99980262243,0.00176597227480429,0.0319897601072319,0.369716300171535,0.999960136967505
"Pigf",136.773294608878,-0.00138131172883446,0.027679083187654,0.4272255598911,0.999960136967505
"Cript",310.955806488168,-0.000380593946994064,0.0168889049789659,0.744848081410011,0.999960136967505
"Ttc7",237.285183351601,0.000886110143728038,0.0208937877802526,0.518738448612253,0.999960136967505
"Calm2",1762.41245658032,0.00208826200225937,0.019755182857556,0.150460145967532,0.999960136967505
"Msh2",207.263936146405,-0.000566804519516706,0.0198124811050545,0.669486909950376,0.999960136967505
"Msh6",164.707341979074,-0.00031457335882455,0.0203181953606911,0.818424254166451,0.999960136967505
"Fbxo11",367.619454323198,-0.00017691679955247,0.015150187402053,0.870012288657208,0.999960136967505
"Foxn2",247.702940162507,0.000353613042403495,0.0176106393864545,0.77016233149837,0.999960136967505
"Ppp1r21",87.8529236915014,0.000138730370134647,0.0253753622993727,0.933729071385654,0.999960136967505
"2700099C18Rik",205.573852928594,7.04704055617855e-05,0.0182442881994493,0.955170285716251,0.999960136967505
"Gm1976",86.7030390786579,0.00105067614377082,0.0292118026486847,0.568998439940114,0.999960136967505
"Crem",159.821750230017,-0.00127735429082324,0.0258566714822157,0.435855929987132,0.999960136967505
"Cul2",285.540103962524,-0.000402024702320347,0.0169978834719825,0.732208317747753,0.999960136967505
"Map3k8",219.907707340253,-0.00142747617249025,0.02495326657767,0.366674180034857,0.999960136967505
"Mtpap",210.389631378534,0.000338392809556167,0.0185368082120419,0.788935986397151,0.999960136967505
"Svil",269.52659185362,0.00223161413470165,0.0293178397421475,0.221618347901816,0.999960136967505
"Zeb1",557.570044498333,0.000884052040139938,0.0164810393226322,0.444911108341571,0.999960136967505
"Arhgap12",184.787945228419,-2.53443529293136e-05,0.0188965026711936,0.984352824243065,0.999960136967505
"Kif5b",1132.221415523,-0.000826776787050774,0.0139690949990111,0.444020215687288,0.999960136967505
"Epc1",325.632179098432,0.000697669228363316,0.0178437719124627,0.565234877866813,0.999960136967505
"Rab18",167.504968221877,0.00118894874481849,0.0247658012747805,0.451916104844199,0.999960136967505
"Wac",768.737134749136,-0.000246113758652804,0.0129222611357252,0.804421103245509,0.999960136967505
"Ccny",344.318392662022,0.000164922043184823,0.0155683988804836,0.881086784136713,0.999960136967505
"Thoc1",318.941635066026,0.000829617689345043,0.0185504198449383,0.506211611567651,0.999960136967505
"Usp14",564.936672552372,0.000499164034334916,0.0145325019851673,0.637315812685701,0.999960136967505
"Rock1",1388.4925952672,-0.000779959958558984,0.0133741973982691,0.463773716720956,0.999960136967505
"Esco1",328.111694978279,-0.000817762134096735,0.0183505065412541,0.508884847553595,0.999960136967505
"Snrpd1",1645.09270413052,0.000148262753240265,0.0115828030300793,0.879781127675986,0.999960136967505
"Mib1",141.30816540014,-0.000368620917236482,0.021772350526219,0.799931955702892,0.999960136967505
"Rbbp8",399.173666196866,-0.000352149880259604,0.0152337791570558,0.745513295866122,0.999960136967505
"Tmem241",86.0164065089422,-0.000471171629003689,0.0263610566333542,0.783447112550346,0.999960136967505
"Riok3",444.685668823236,-0.000958786395812584,0.0178529540615806,0.431071757219456,0.999960136967505
"Impact",128.111318432707,0.00101615703708368,0.0258227085739804,0.53897122782177,0.999960136967505
"Ss18",238.988122565387,0.000387074052823632,0.0179092037727926,0.752238200219668,0.999960136967505
"Taf4b",122.699432849686,0.000435447484577907,0.0229744949281826,0.774872847148565,0.999960136967505
"Trappc8",279.081686490283,0.000511447325882322,0.0175472747772312,0.670398577953803,0.999960136967505
"Rnf125",76.0485908094831,-0.00102280872828683,0.0306850594994435,0.594873882311516,0.999960136967505
"Rnf138",289.849483486535,-0.00021447778052647,0.016415300144841,0.85168506432359,0.999960136967505
"Zfp397",169.114575566924,0.00110989934028267,0.0241565329248399,0.473830661791682,0.999960136967505
"Zfp24",145.176082171458,-0.000536527438962989,0.0219912202229519,0.713033113558645,0.999960136967505
"Ino80c",71.9292975442327,-0.00181416363743055,0.0359105076791151,0.403340796141286,0.999960136967505
"Galnt1",483.587396261995,0.000155599535402047,0.0141179741275273,0.880263213918953,0.999960136967505
"2700062C07Rik",127.95827955512,-0.000606390523387543,0.0234975855010151,0.694518845161936,0.999960136967505
"Rprd1a",91.4408082550089,0.00118716821164957,0.0301770720112864,0.530144045823463,0.999960136967505
"Slc39a6",294.953041105603,-0.00117625275834343,0.0218205195128605,0.405848000966018,0.999960136967505
"Elp2",156.528049475847,-0.00140429862690871,0.0267946942956194,0.405231198135309,0.999960136967505
"AW554918",228.335866793565,0.000112954142997641,0.017817136414486,0.926722024775501,0.999960136967505
"Pik3c3",93.1391030551023,0.000799454584165816,0.0270106780199726,0.645108734749368,0.999960136967505
"Slc25a46",139.076183067213,0.000406442137383525,0.0218636183146053,0.780449693454004,0.999960136967505
"Sap130",161.130555843895,0.000224683214003793,0.0201539141500017,0.869123426087459,0.999960136967505
"Ammecr1l",80.4018829769796,-0.00198369400385476,0.0364616257267907,0.367133534562845,0.999960136967505
"Wdr33",588.159949312391,0.000400402266952452,0.0141071097253494,0.699784197211349,0.999960136967505
"Iws1",474.060276148989,-0.00010395536564908,0.014063075386266,0.919625419478094,0.999960136967505
"Map3k2",183.757060905583,0.000904016547706637,0.0225159235027975,0.5374901377249,0.999960136967505
"Bin1",115.503039684922,0.00208711859433905,0.033869381292185,0.312478432341506,0.999960136967505
"Gypc",118.920044382131,6.05843005630497e-05,0.0225432467640856,0.967951791211531,0.999960136967505
"Wdr36",313.928498608758,-0.000281948660284966,0.0161274757357073,0.803056725784069,0.999960136967505
"Camk4",1281.09962435038,0.000285558509058783,0.012030838733515,0.772115502441345,0.999960136967505
"Stard4",158.440413220842,0.000390083575069892,0.0208600765499171,0.780410710319013,0.999960136967505
"Epb41l4aos",295.466827715665,-0.000732875604878305,0.0183927093237018,0.554880030475914,0.999960136967505
"Apc",411.140558242727,0.000324558843725648,0.015065541204957,0.763134821427029,0.999960136967505
"Srp19",845.861862712823,-0.0011336973522347,0.0173037911231206,0.349465671944627,0.999960136967505
"Reep5",518.278950417539,-0.000450176502113291,0.0146071808900224,0.670902337923254,0.999960136967505
"Fam13b",386.149817821187,0.00130873982964596,0.0209656978369096,0.340977528020994,0.999960136967505
"Brd8",399.746334667065,0.000998116806048022,0.0192369106112214,0.436539776297704,0.999960136967505
"Kif20a",192.399237924426,0.00234673923908787,0.0334224575044639,0.250950033450077,0.999960136967505
"Cdc23",111.971981982258,-0.000184803119034863,0.0234309947012287,0.90556352040941,0.999960136967505
"Kdm3b",242.015311998558,-1.77609932516246e-05,0.0174989501950022,0.988293366632662,0.999960136967505
"Etf1",893.846411505883,0.000371737734963569,0.0128236348629145,0.71023655101316,0.999960136967505
"Hspa9",1399.41837702013,0.000618095230570117,0.0127273871076066,0.549135821883729,0.999960136967505
"Ctnna1",146.076081919844,0.00211247222130416,0.0324302541323045,0.287900214506184,0.999960136967505
"Sil1",200.660959563642,0.0023805834781627,0.0325063560054875,0.233105485749233,0.999960136967505
"Snhg4",295.370699281695,0.00589200236253937,0.0501686296983854,0.0705207182778779,0.999960136967505
"Matr3",1216.93808392304,-0.00011709739687522,0.0118887469739339,0.904389751825047,0.999960136967505
"Paip2",518.146333875652,-0.000687329580762633,0.0156192077780245,0.536006780348645,0.999960136967505
"Spata24",94.6361126587345,-0.000329595017487462,0.0251209333883771,0.841696381724905,0.999960136967505
"Sting1",320.459165867505,-0.00600738533268086,0.0507224506962778,0.0688439657311243,0.999960136967505
"Ube2d2a",700.659178329039,-0.00087535557861977,0.0155731360865305,0.436631002489037,0.999960136967505
"Pura",339.64669628928,-0.000581811277721135,0.0177687477948613,0.631104089962845,0.999960136967505
"Pfdn1",653.08150065211,-0.000118611196640761,0.0132215268448072,0.905420723130338,0.999960136967505
"Hbegf",96.3484204250296,-0.0011021348525628,0.0292665425371075,0.550353593848009,0.999960136967505
"Ankhd1",630.945710289621,0.000521876610792477,0.0142939534882543,0.619727794049162,0.999960136967505
"Sra1",326.761105909876,0.000761319352090569,0.0182198914501253,0.536514785243769,0.999960136967505
"Ndufa2",918.910163223151,-0.000347652625315853,0.0128876954508233,0.728018735130257,0.999960136967505
"Ik",659.869122043584,-0.000851702914562096,0.0156165052292009,0.448613001000026,0.999960136967505
"Hars",340.200228672417,0.000318789999928481,0.0158508403154192,0.77506989559193,0.999960136967505
"Zmat2",596.774055633586,-0.000156966705772009,0.0133888894509649,0.875840266286212,0.999960136967505
"Taf7",137.087241780119,-0.00408919816575058,0.0465789811997296,0.147095759775077,0.999960136967505
"Diaph1",586.133533400243,-0.000351274555334171,0.0138977050252367,0.732741099298339,0.999960136967505
"Hdac3",132.173697605021,-0.000329564011561213,0.0220527020918404,0.822932866389072,0.999960136967505
"Rnf14",161.471553136784,0.000109124338942298,0.0199218830137499,0.935687386694305,0.999960136967505
"Gnpda1",117.32956570661,0.000540053921659665,0.0238152433667316,0.730284149377457,0.999960136967505
"Arhgap26",236.735055551407,-0.00428776027382902,0.0435982745504139,0.114068779594699,0.999960136967505
"Nr3c1",792.694071228472,0.00134567776747244,0.0178810838133706,0.285293448249842,0.999960136967505
"Yipf5",151.718702942927,-0.000306867308684908,0.0211007104763232,0.828566690869861,0.999960136967505
"Lars",838.125307428633,0.000256793328452761,0.0130093819066108,0.79665971156542,0.999960136967505
"Rbm27",442.441366858387,-5.33337906884849e-05,0.0142543194192401,0.959039122672351,0.999960136967505
"Tcerg1",816.631057473327,0.00022591933778965,0.0127077145999603,0.819142222323193,0.999960136967505
"Eif3j2",131.497650035499,0.00051640114659349,0.022714384867263,0.73115132758682,0.999960136967505
"Dcp2",418.37613013196,-0.0110544751309247,0.0694795457173845,0.0298195083784731,0.999960136967505
"Ythdc2",122.251364915864,0.000126568904838238,0.0224018931474629,0.932706087790177,0.999960136967505
"Pggt1b",190.493130081285,-0.00224113204942526,0.031577033372387,0.248740254320592,0.999960136967505
"Fem1c",135.236386901792,-0.000159219858156624,0.0217586176808393,0.913188286458769,0.999960136967505
"Tmed7",237.209378328282,-0.0028957273511006,0.034644099818587,0.175229594207443,0.999960136967505
"Eif1a",617.597747682714,-0.000239004903093283,0.0134928815696302,0.813002759494195,0.999960136967505
"Atg12",96.9346233904186,-0.000729847344182036,0.0265632161424044,0.670299612614125,0.999960136967505
"Ap3s1",237.641538349002,-0.000427330172240868,0.0181397012610121,0.729905154734505,0.999960136967505
"Commd10",142.866393766901,-5.26960511804251e-05,0.0211065438998401,0.970467429365731,0.999960136967505
"Hspe1-rs1",76.424660961004,-0.00135054588061993,0.0321257882200102,0.496896759383056,0.999960136967505
"Dmxl1",297.216863695635,-0.000673279135440793,0.0180300981422051,0.582065106813166,0.999960136967505
"Tnfaip8",600.729618651942,0.000470409664656769,0.0144376586860214,0.655314721674751,0.999960136967505
"Hsd17b4",77.0241616101711,0.00102926677755928,0.0305807645317972,0.591490388681654,0.999960136967505
"Srfbp1",189.194114430674,-0.000173284576246145,0.0192729292177752,0.894972526841469,0.999960136967505
"Snx2",432.11699930206,-0.000409175362380309,0.0151861991539345,0.70562692012535,0.999960136967505
"Cep120",115.859265135623,0.000262950709009193,0.0229331494229167,0.863266124467761,0.999960136967505
"Csnk1g3",299.943613509799,0.000198846416298153,0.0161341636876621,0.860573832717856,0.999960136967505
"Phax",292.207325207561,8.47096399897281e-05,0.0161837707048377,0.940557199324415,0.999960136967505
"Lmnb1",892.222464307887,-0.000522174467695637,0.0132979984304861,0.610312001503139,0.999960136967505
"Prrc1",104.842369548799,-0.000770671862465039,0.0267714828856762,0.654836101092348,0.999960136967505
"Isoc1",199.123913218474,7.30861118156579e-05,0.0184376078524434,0.953923963284294,0.999960136967505
"Dctn4",250.296213263384,0.000802429703195639,0.0198387206355725,0.542507716664369,0.999960136967505
"Rbm22",398.334119361495,0.00018794816130373,0.0149494341047267,0.860723804632896,0.999960136967505
"Rps14",17172.101493503,-0.000973707533215493,0.0119888758922078,0.387794848292638,0.999960136967505
"Tcof1",969.662846240046,-0.000386031867457833,0.0127798815528679,0.69979984487863,0.999960136967505
"Hmgxb3",103.04714700239,-0.000224495792064335,0.0240400656436017,0.887847676636269,0.999960136967505
"Ppargc1b",72.8734566744431,0.00326670198025826,0.0457397462334578,0.224141820444784,0.999960136967505
"Csnk1a1",1778.5301151725,-0.000421225935698047,0.0119515767739048,0.674599354237235,0.999960136967505
"Grpel2",78.0123484838884,0.000955459301853821,0.0294970127963692,0.608262973709506,0.999960136967505
"Fbxo38",157.582663731748,-0.000243397667394737,0.0203335947326784,0.859365892484295,0.999960136967505
"Napg",154.039206821521,-0.000299021262613074,0.0206735944269021,0.829914518421008,0.999960136967505
"Txnl1",987.084486299697,-0.000649572353704087,0.0135256289565793,0.534218192945753,0.999960136967505
"Wdr7",130.688284157859,-0.00037069044340556,0.0222033492754629,0.80222088498099,0.999960136967505
"Nars",1147.61187934245,0.000399135344742023,0.0124205224394524,0.689418720205557,0.999960136967505
"Nedd4l",200.264089356449,-0.000119103931372346,0.0183791474554492,0.924744232479492,0.999960136967505
"Malt1",649.084415370966,-0.00164080811596042,0.0212332650586834,0.245909392950119,0.999960136967505
"Sec11c",835.871058861285,-0.00865663515133699,0.0547126412433466,0.0306284698837677,0.999960136967505
"Lman1",394.121261601991,-0.000847252726716126,0.0182429924309625,0.491871099941824,0.999960136967505
"Chmp1b",89.2373577435215,-0.000378229773087795,0.0257990047554137,0.82255172249535,0.999960136967505
"Mppe1",87.6040212142809,-0.000472433971290064,0.027323005937788,0.789109218448539,0.999960136967505
"Impa2",235.558898086186,0.000299349742550156,0.0181510428462186,0.809701041199252,0.999960136967505
"Afg3l2",199.53115646303,-0.000196228518726926,0.0185240477355373,0.877002304329766,0.999960136967505
"Psmg2",342.632983041959,0.000253983868254733,0.0156471244946541,0.818338433800172,0.999960136967505
"Ptpn2",1003.56876337656,-0.000801189350039439,0.0145182294843067,0.461053407973031,0.999960136967505
"Seh1l",286.4383894429,0.000620187248147184,0.0179304984954509,0.611007305197173,0.999960136967505
"Cep192",376.539117706132,0.000934383995407104,0.0183782261888672,0.451315006505145,0.999960136967505
"Ldlrad4",81.9330985725568,0.00247673768969585,0.0410357163268909,0.307102254992635,0.999960136967505
"Fam210a",98.7991743379348,-0.000205937949436642,0.0243612949915379,0.898252943281546,0.999960136967505
"Rnmt",266.088040271597,-0.00020718016141115,0.0167868875612525,0.859183996071491,0.999960136967505
"Tcf4",71.9613104715697,0.000270656786358653,0.0279072980281603,0.880544586181813,0.999960136967505
"4930503L19Rik",118.24805489119,-0.000352522745875665,0.0231596037328371,0.818587636805385,0.999960136967505
"Poli",155.04107382552,-0.000682016580653452,0.0223322207144806,0.642675358792393,0.999960136967505
"Mbd2",814.527282826689,-0.000528472595708091,0.0135290674529869,0.607982820013456,0.999960136967505
"Mex3c",93.6658310699027,0.000212540340406113,0.0249431288607009,0.8970834167901,0.999960136967505
"Smad4",285.539077285111,-0.000122842196642224,0.0164024854518177,0.914760559309393,0.999960136967505
"Me2",516.893625724614,-0.000519968662505793,0.0150479287053005,0.63015028646608,0.999960136967505
"Ska1",167.823921319584,-0.000489741988157613,0.0206931944169165,0.723476662755949,0.999960136967505
"Cxxc1",79.0967464759949,-0.000695970549459812,0.0286611178403974,0.703656842431474,0.999960136967505
"Mbd1",145.92582869287,0.00276060220158332,0.0369590958812456,0.218662221295443,0.999960136967505
"Acaa2",142.53590865666,0.000359380651225423,0.0217899385640333,0.80503471271028,0.999960136967505
"Rpl17",18667.8054811935,8.08360050523543e-05,0.0106402266876672,0.938258174712479,0.999960136967505
"BC031181",225.972389776859,-0.000296625677672966,0.0179781783110243,0.809914546358659,0.999960136967505
"Dym",120.299667872166,0.00019049267974932,0.0226069715509814,0.899590033849375,0.999960136967505
"Smad7",101.998140768116,0.00318427946372083,0.0425767792868591,0.21104428968787,0.999960136967505
"Smad2",277.336924201033,0.000269568361545542,0.0167433858860826,0.816875159238387,0.999960136967505
"Ier3ip1",516.89408176691,-0.00042712751268696,0.014550840902183,0.685971048717732,0.999960136967505
"Hdhd2",153.011526570086,-0.000445549019828117,0.0212891779094362,0.754039311425012,0.999960136967505
"Pias2",228.421870933454,0.00226948842406087,0.0304679180135705,0.228837524827394,0.999960136967505
"8030462N17Rik",137.069511406566,0.000908461171129025,0.0246221663673768,0.567890074166415,0.999960136967505
"Haus1",175.809597504255,0.000149410183365669,0.0193793060437811,0.909841698713881,0.999960136967505
"Atp5a1",1365.05927869021,-0.00205940091450886,0.0204595849640114,0.159006647145595,0.999960136967505
"Slc14a1",134.060624059277,-2.41471919329818e-05,0.0216989232119611,0.986791087658811,0.999960136967505
"Setbp1",797.103226220084,-0.000960823416005508,0.015847474605867,0.400990927722013,0.999960136967505
"Pard6g",79.3539250999616,0.000214773470927661,0.026563226213163,0.901298714974499,0.999960136967505
"Rbfa",155.873162069215,-0.00279193089114979,0.0370128949544761,0.214361819744255,0.999960136967505
"Naa12",552.962726070559,-0.00105209924866865,0.0176410479260229,0.386673934188572,0.999960136967505
"Txnl4a",354.382008321625,0.000371714731751217,0.0158269648334153,0.738610317572591,0.999960136967505
"Ctdp1",93.4296544453251,0.00139916593786774,0.0306927290302465,0.463885934272146,0.999960136967505
"Nfatc1",233.99994693279,0.00120833370263514,0.0227861644215932,0.410059747241394,0.999960136967505
"Atp9b",316.894354178779,-0.000347845095411832,0.0162560999131343,0.759511559113389,0.999960136967505
"Mbp",414.443910411512,0.000422006963167049,0.0153342799320226,0.698680387727882,0.999960136967505
"Zfp236",125.437315959874,0.000503636751630152,0.0233918828563363,0.74422106712821,0.999960136967505
"Tshz1",209.867974361866,-0.000379450328071341,0.0193944783279796,0.77253821722944,0.999960136967505
"Zadh2",98.2829076991792,0.0017002306710951,0.0323144730472301,0.392501580853023,0.999960136967505
"Zfp407",409.990595042026,0.00269128574116501,0.0299317045894765,0.156012589571412,0.999960136967505
"Cndp2",350.000587891781,-1.34440083564427e-05,0.0152059700283646,0.99010790741481,0.999960136967505
"Cyb5a",900.119621790041,-0.00636830996469059,0.0459897673605835,0.0457935786582832,0.999960136967505
"Timm21",137.190413911527,6.82090242204289e-05,0.0212362167511085,0.961981130156198,0.999960136967505
"Rttn",156.3164560454,0.000846847634049977,0.0230841467150076,0.57327200182495,0.999960136967505
"Cd226",179.271434162708,-0.00111789897536437,0.0238876809689078,0.465981135278272,0.999960136967505
"Tmx3",271.311207031173,-0.000126816893150636,0.0166281961864366,0.912956432151131,0.999960136967505
"Mrpl21",639.190236027688,-0.000376217144362153,0.0137003768976932,0.713093112875955,0.999960136967505
"Cpt1a",92.3605642761031,0.00120185199220555,0.0295115703450077,0.516848535700257,0.999960136967505
"Ppp6r3",356.791662607897,0.00112704951016289,0.0198871706692606,0.392102428727278,0.999960136967505
"Kmt5b",207.809343131514,-0.00166626142354294,0.026827346758285,0.321593859461023,0.999960136967505
"Ndufs8",392.717656771318,-0.000931033841851149,0.0187891808429876,0.460007284681987,0.999960136967505
"Unc93b1",127.067670638476,-0.00209091628770708,0.0333605787801102,0.305082398455016,0.999960136967505
"Ndufv1",217.707296575202,-0.000300589900445623,0.0182191616865898,0.809515010076316,0.999960136967505
"Gstp3",300.155188429233,0.00559416633180816,0.0487027180285073,0.0751488986713454,0.999960136967505
"Cdk2ap2",621.184801351063,2.15398881027827e-05,0.0132180119662487,0.98276606929504,0.999960136967505
"Aip",223.345593100953,5.99012282947044e-05,0.0178847180239155,0.961241879364951,0.999960136967505
"Tmem134",323.385973092546,0.000118209578425777,0.0156537754674038,0.914981638036572,0.999960136967505
"Ptprcap",1679.09232198217,0.000203277164159435,0.0118392079517124,0.835697714757711,0.999960136967505
"Tbc1d10c",329.860163011392,0.000246506272687813,0.0157855919887814,0.824725004864353,0.999960136967505
"Ppp1ca",1442.83808640576,-0.000709734165280706,0.013036926319955,0.498790475402373,0.999960136967505
"Pold4",114.995257984156,0.000136655497548254,0.0228297195950854,0.928538140269947,0.999960136967505
"Grk2",424.516133379937,-0.000413350652517748,0.0152255334847378,0.70324673376452,0.999960136967505
"Kdm2a",500.470714570336,0.00202539524631394,0.0244361149881686,0.201581110337497,0.999960136967505
"Pcx",88.7144568262561,0.000376803379291684,0.0260619972149163,0.824694611637166,0.999960136967505
"Rce1",116.147999656847,-0.00388940587601879,0.0462843881684791,0.162242203006687,0.999960136967505
"Rbm4",153.871250342809,-0.00256735568565216,0.0352696816022776,0.232084049890333,0.999960136967505
"Rbm14",80.6882242237762,-0.000646908139198565,0.0278080611804601,0.717246572101694,0.999960136967505
"Ccs",157.151662772872,0.000197130856125308,0.0203021123471741,0.885849798061678,0.999960136967505
"Mrpl11",253.11596788068,-0.00129381837814069,0.0232238858530703,0.384850584126007,0.999960136967505
"Brms1",87.2702943244563,-0.00118425919122529,0.0305218475750188,0.53514219383751,0.999960136967505
"Yif1a",142.935098721347,-0.00492645852256333,0.0509813467424238,0.115055031573184,0.999960136967505
"Rab1b",196.219883081036,-0.000170676493943296,0.018600340507369,0.893339237072551,0.999960136967505
"Pacs1",192.253116700169,0.00754229289383404,0.0623516654526616,0.0628481533771668,0.999960136967505
"Sf3b2",1379.48923459297,0.000312466376885912,0.0119738322580852,0.752062813205435,0.999960136967505
"Eif1ad",330.753440802028,0.000452580546982944,0.016444008659913,0.692516101908508,0.999960136967505
"Sart1",249.472509119965,0.000162974097723882,0.0171692165715159,0.891078992387186,0.999960136967505
"Drap1",607.715388361136,0.000497343241463279,0.0142396281355286,0.635171789706131,0.999960136967505
"AI837181",82.1876069169767,-0.00162512082068064,0.0334763230967435,0.428263320085301,0.999960136967505
"Ccdc85b",137.064823391516,-0.00108625723706956,0.0271456158333303,0.529259607958354,0.999960136967505
"Fibp",97.8542931672044,0.000339876775350557,0.0246941908062318,0.834414256567663,0.999960136967505
"Ctsw",101.998509548944,0.00242014357243364,0.0373111921928704,0.282146114315285,0.999960136967505
"Cfl1",5015.43520283097,-0.0008789475918496,0.0121579129807286,0.422645875266712,0.999960136967505
"Rnaseh2c",252.397050283993,0.0012896129388412,0.0229272800751656,0.38126590623987,0.999960136967505
"Rela",120.271764489454,8.54396835880685e-05,0.0223713587079079,0.954506085257769,0.999960136967505
"Sipa1",137.514981699527,0.000109482992574134,0.0212115147663444,0.938929142096153,0.999960136967505
"Fam89b",105.95732636809,-0.0022914997228673,0.0369763133351385,0.304220656219903,0.999960136967505
"Znrd2",232.382699237209,-9.55354058181373e-05,0.0174236100588474,0.936840944971537,0.999960136967505
"Malat1",11833.9380418083,0.000897555996146357,0.0118347325166651,0.419653216606511,0.999960136967505
"Dpf2",148.29443442189,0.000741242432389462,0.0228399570098842,0.620317725801087,0.999960136967505
"Pola2",209.230160330555,-0.000373198020702384,0.0187146038286991,0.769414103603654,0.999960136967505
"Capn1",94.1985137867844,0.00133850589123439,0.0302700688495447,0.478723652028307,0.999960136967505
"Mrpl49",177.774699916971,-0.000248855921343666,0.0195717995605119,0.851382309470386,0.999960136967505
"Fau",15945.8175933566,0.000553879764426348,0.011042936942617,0.604971633993849,0.999960136967505
"Sac3d1",83.8017940218219,-0.000910811250771718,0.0287884054058089,0.618337526759675,0.999960136967505
"Snx15",107.533799763236,-0.000816670062270741,0.0259676285478227,0.625949539670124,0.999960136967505
"Arl2",76.8128716472165,0.00257938554036821,0.0406427477240585,0.285561835001038,0.999960136967505
"Map4k2",188.591917307876,0.00227293928602815,0.0317846291062257,0.244961416050507,0.999960136967505
"Sf1",591.326707629613,0.000677920933468897,0.0152255769924092,0.535917256649778,0.999960136967505
"Ccdc88b",87.9642408385403,0.000550024020861202,0.0264728170475235,0.748794144129905,0.999960136967505
"Prdx5",424.416413317097,-0.000224220673735947,0.0150228927139209,0.834740647272882,0.999960136967505
"Trmt112",1080.37687843447,0.000321869452738483,0.0123843787296664,0.745178638807776,0.999960136967505
"Bad",71.6143879317007,-0.00124349858236684,0.0324699085982348,0.535582600269186,0.999960136967505
"Ppp1r14b",1577.3216482544,-2.87723223105476e-05,0.0115493964399126,0.976497917148044,0.999960136967505
"Fkbp2",418.570011219381,3.82382177510462e-05,0.0144668567845614,0.970898375317124,0.999960136967505
"Vegfb",82.9632890539007,0.00123258849066628,0.0306329126259842,0.519505267136635,0.999960136967505
"Fermt3",895.292881455574,0.000225792495391696,0.0125195300751027,0.818634488701743,0.999960136967505
"Stip1",708.180117751441,-0.000830662064890531,0.0152822170288355,0.454772042800608,0.999960136967505
"Otub1",237.82462322227,0.0013230003231266,0.0237783634957985,0.383662778536625,0.999960136967505
"Cox8a",2748.31136611435,-0.000540545774323955,0.0120519059142499,0.596765345649994,0.999960136967505
"Naa40",210.795667114549,9.50235065666701e-05,0.0184013248949936,0.940004594230019,0.999960136967505
"Mark2",425.898225205801,0.00132257624432106,0.0203308568760426,0.326052185674534,0.999960136967505
"Rtn3",862.269806092193,-0.00118739977253694,0.0166295061287753,0.322007541913521,0.999960136967505
"Atl3",291.200162236366,0.000477427969981502,0.0171739094573531,0.686385746313999,0.999960136967505
"Slc3a2",733.685811112942,-0.000352287278570199,0.0134688096338544,0.728426405624424,0.999960136967505
"Snhg1",1854.0192224539,-0.00266341126300962,0.0228865051984337,0.1072784698582,0.999960136967505
"Wdr74",238.061985344445,-0.000455048247541538,0.0185286499912744,0.717743125850317,0.999960136967505
"Stx5a",97.866967225461,-0.00199125098942184,0.034626898263387,0.34469031753295,0.999960136967505
"Nxf1",182.694488238249,-0.000442142966328674,0.0200963650324202,0.743509014041717,0.999960136967505
"Tmem223",207.327983200342,-0.00210588552371353,0.0306716462812083,0.26564095499179,0.999960136967505
"Tmem179b",359.796301951339,-0.000627737288571993,0.0169667124705813,0.59139235705021,0.999960136967505
"Ttc9c",176.971925194309,-0.000472551536909116,0.0202377583397144,0.727868799780542,0.999960136967505
"Hnrnpul2",617.913042343325,0.000516750913928972,0.0142409519508985,0.62246772444681,0.999960136967505
"Bscl2",112.599407693982,0.0021032806742447,0.0341560924560304,0.312339318298023,0.999960136967505
"Ubxn1",697.025017812677,0.000302082497973762,0.0132304453954744,0.763709067906486,0.999960136967505
"Uqcc3",237.986059030264,-0.000669081122802946,0.0192472332205314,0.604030895422219,0.999960136967505
"1810009A15Rik",343.084234113452,0.00010787730811787,0.0154999038916267,0.921825096131448,0.999960136967505
"Ganab",205.159064340851,0.000919042772821776,0.0216435692287591,0.515832301173229,0.999960136967505
"B3gat3",91.7078978047637,-0.000116419998749741,0.0253366580045392,0.94430482720398,0.999960136967505
"Mta2",300.881086716597,0.000108981099427115,0.0163568453749706,0.924191168378768,0.999960136967505
"Eef1g",3053.36148960662,-0.000360829618379228,0.0113082249837245,0.721802685720422,0.999960136967505
"Ahnak",76.2997946359394,0.00323723565797374,0.0467417782978411,0.233818844961883,0.999960136967505
"Asrgl1",196.850651081715,0.00104298426903979,0.0227329535676642,0.478170020087695,0.999960136967505
"Incenp",580.210570358776,0.00134650034021754,0.0192505109721222,0.302293189440023,0.999960136967505
"Fth1",5473.77746014436,0.000325459712240521,0.0109961613883831,0.751776616303103,0.999960136967505
"Fads2",76.2581522421205,-0.000349451603884861,0.0274665632977017,0.844094839358873,0.999960136967505
"Fads1",81.9905040826857,0.00119696172736014,0.0304657540142263,0.530026403225282,0.999960136967505
"Fen1",298.459994261252,-0.00065420435736067,0.0181202007336873,0.594386455296122,0.999960136967505
"Tmem258",891.10761795427,4.67211244688393e-07,0.0126978122907361,0.999620440493044,0.999960136967505
"Sdhaf2",235.244168469238,-1.4736035255277e-06,0.0181110146993111,0.99905643815885,0.999960136967505
"Cpsf7",207.748177269361,0.000723182761703659,0.0203820936631894,0.592812721711994,0.999960136967505
"Ddb1",272.249636100025,0.000578778671052613,0.0180059233832182,0.636487863663036,0.999960136967505
"Cd5",901.520422038652,0.00192646366366313,0.0210797019946887,0.184870288858057,0.999960136967505
"A430093F15Rik",339.832710684978,0.00219748940679842,0.0278931602473704,0.210399853410627,0.999960136967505
"Cd6",322.36155806657,0.00603850787712044,0.0502377879308145,0.0662838736266261,0.999960136967505
"Tmem109",133.334534832243,-0.00335610467937347,0.0423586147470644,0.188207651658177,0.999960136967505
"Prpf19",313.142125878018,0.000317022472843067,0.0162193728701098,0.779975773240952,0.999960136967505
"Ccdc86",140.808878146519,0.000293636808986499,0.0213959780650021,0.837885906847371,0.999960136967505
"AW112010",1404.3420145474,-0.00337719372045917,0.0391717505756454,0.159274116753125,0.999960136967505
"Ms4a6c",88.9672070958283,-0.00211452340772692,0.0361224925912247,0.33308279325068,0.999960136967505
"BE692007",208.576783989386,-0.00499288653376482,0.0484084998973791,0.0992753450276253,0.999960136967505
"Gm8369",337.702115731096,-0.00635419490975574,0.0516221331120212,0.0619376355201033,0.999960136967505
"Mrpl16",173.419541001603,-0.000348700887027789,0.0202017653936368,0.797922679716531,0.999960136967505
"Patl1",156.644069081859,-0.000221710055802275,0.0203361673523749,0.871858218530296,0.999960136967505
"Osbp",149.972812452489,0.000245705617027965,0.020856045302494,0.86114832962082,0.999960136967505
"Fam111a",582.708448577453,0.00030658392825563,0.0139910693943973,0.766084930952279,0.999960136967505
"Zfp91",641.370459242399,-0.00446690606893858,0.0378762810887113,0.0744443453055029,0.999960136967505
"Lpxn",217.794515160587,-9.4966180405266e-05,0.0179956791834239,0.938893503782945,0.999960136967505
"Tle4",258.920426686528,0.00158874685985024,0.0248632888080423,0.313264911619432,0.999960136967505
"Psat1",509.342375054422,0.000396495676647696,0.0144884433675497,0.706483117145123,0.999960136967505
"Gnaq",253.152240323114,-0.00376578336688213,0.0396749139014316,0.126837843178914,0.999960136967505
"Vps13a",617.939874164574,0.000247271391173559,0.0134401554248121,0.806381721055181,0.999960136967505
"Rfk",92.8896645421714,-0.00175570857971857,0.033237834944055,0.388676830548793,0.999960136967505
"Ostf1",563.312601133595,-0.0012653619040375,0.01872805945272,0.321766103039571,0.999960136967505
"Carnmt1",332.884443590329,-0.000619336513555666,0.0175734380219629,0.605896577209498,0.999960136967505
"D030056L22Rik",147.543241727821,0.000256528306433063,0.0210344970408789,0.856137941120882,0.999960136967505
"Zfand5",558.45247661096,4.55665895421834e-05,0.0135008962209696,0.963917486849249,0.999960136967505
"1110059E24Rik",177.364613367673,9.09489127965511e-05,0.0192052668575323,0.944652224592229,0.999960136967505
"Abhd17b",243.0728774233,-0.000599124339628222,0.0190297197951847,0.640001327536487,0.999960136967505
"Smc5",499.40045499457,-0.00144180082492623,0.0206321439242331,0.292258266281686,0.999960136967505
"Fxn",170.261313255293,-5.77091708519852e-05,0.0198658020859714,0.965893037801333,0.999960136967505
"Pip5k1b",82.8851702423666,-0.000402583524189232,0.0265136541493453,0.815457931731859,0.999960136967505
"Fam122a",85.7802806909674,-0.000103896379640304,0.026253129883749,0.951733716997628,0.999960136967505
"Cbwd1",105.231765643179,-0.000245484371838981,0.0239939764079358,0.8772007820597,0.999960136967505
"Dock8",720.200029325036,0.00418499029625431,0.0355207115450696,0.0765030932582334,0.999960136967505
"Smarca2",323.142473673886,-0.000515096408622501,0.0168897974338429,0.658826703059759,0.999960136967505
"Pum3",430.608378110252,-0.000677384209029247,0.0163044815878386,0.551976762009559,0.999960136967505
"Rfx3",165.486981506348,0.00137749251129626,0.0264104563639347,0.40840722488502,0.999960136967505
"Cdc37l1",219.52885219756,-0.00070939253683549,0.0199804654339391,0.593751627963069,0.999960136967505
"Ak3",119.008203994496,-0.00054670564796205,0.0237008916394402,0.725907161600837,0.999960136967505
"Rcl1",152.372744684892,0.00249606476205785,0.0347611057731651,0.238872644361185,0.999960136967505
"Jak2",470.522065902516,-0.00847798908399997,0.0606478315894684,0.0429971294188368,0.999960136967505
"Insl6",76.2916402005836,-0.0017994673675166,0.0352459862127636,0.400188422581998,0.999960136967505
"Plgrkt",336.935102206534,-0.00104311473484719,0.0196479078164223,0.423604657797323,0.999960136967505
"Ric1",92.9811671029325,0.00121719615876513,0.0295944771846455,0.512384007329038,0.999960136967505
"9930021J03Rik",221.083188634033,0.000199657824312717,0.0185094734333282,0.874778235098208,0.999960136967505
"Uhrf2",338.805629535976,-0.000280087723856216,0.0157390404875632,0.800834226359865,0.999960136967505
"Cstf2t",76.0765884506729,-0.000245916965880758,0.0271272634972965,0.888945447134581,0.999960136967505
"Sgms1",296.101942913437,0.000310567546356975,0.017285872119227,0.794666339837472,0.999960136967505
"Rpl9-ps6",92.1812357744419,0.00025484868922094,0.0256742977951582,0.879631174744569,0.999960136967505
"Minpp1",194.953711429025,0.000377728946221131,0.0191917644853015,0.771533591907092,0.999960136967505
"Atad1",277.501457559075,-0.000291128210201113,0.0167640141711493,0.80263052060683,0.999960136967505
"Pten",462.260661154894,0.000330062352812049,0.0152377667216492,0.761000005284814,0.999960136967505
"Rnls",83.2544547099734,0.000476949088002156,0.0269023188127793,0.784443660436811,0.999960136967505
"Stambpl1",295.16679883162,-0.00192462251136125,0.0265346407545269,0.249472743272107,0.999960136967505
"Lipa",102.568875264351,-0.000834041388783525,0.0263751471271664,0.623255717678057,0.999960136967505
"Ifit2",460.405910610194,-0.00142105372617585,0.0206620274129392,0.299041526577088,0.999960136967505
"Ifit3",131.553688110312,-0.000101747366067019,0.0218618486139481,0.944725003246897,0.999960136967505
"Kif20b",652.458821090146,0.000216136937781989,0.0132659385692372,0.82924947095254,0.999960136967505
"Rpp30",186.280274652311,-0.000640786422500383,0.0211022199638792,0.647050693135486,0.999960136967505
"Pcgf5",696.14316267549,0.000258651517930981,0.013216521790494,0.796373707272315,0.999960136967505
"Hectd2",114.415066838398,0.000478891733684539,0.0240282329895072,0.762117624034749,0.999960136967505
"Tnks2",695.801803927125,0.000413920181965358,0.0137937110425327,0.687297224402544,0.999960136967505
"Btaf1",318.623410677505,-9.42272753946341e-06,0.0156505638533298,0.99321158342586,0.999960136967505
"Marchf5",270.100652789332,-0.00147773402499073,0.0241233577609028,0.335942187443743,0.999960136967505
"Ide",276.494441237375,0.00336100883760923,0.0365243499808271,0.139166110239507,0.999960136967505
"Kif11",791.20237867525,0.00145282831143559,0.0188806311472999,0.266136999781178,0.999960136967505
"Exoc6",104.937227825278,-0.00071700735470167,0.0257963789710573,0.667944921656379,0.999960136967505
"Cep55",407.795660508044,0.00248277427613771,0.0288724687602411,0.174033994566564,0.999960136967505
"Fra10ac1",171.658061258351,0.00230675327645419,0.0326954772578402,0.24977931439946,0.999960136967505
"Noc3l",164.918740883341,-0.000172719480235117,0.0200813341341433,0.898988509189581,0.999960136967505
"Hells",1162.15546049949,3.75934509046721e-05,0.0119401052382373,0.969167442167274,0.999960136967505
"Pdlim1",177.062126316394,0.00175701496110464,0.0285948129057445,0.323068704682785,0.999960136967505
"Aldh18a1",197.072488843882,0.000276517555981589,0.0187862419445704,0.829087006565653,0.999960136967505
"Entpd1",107.013479801808,-0.0070611205437644,0.0668268913792597,0.0837504555273994,0.999960136967505
"Zfp518a",131.100844723869,-0.000642448389667356,0.0235927296612887,0.67802024415713,0.999960136967505
"Tm9sf3",658.24315726508,-0.000660637901085421,0.014770226737092,0.540029595423726,0.999960136967505
"Lcor",405.06373009775,0.000671800648625417,0.0165648199333482,0.559265467142936,0.999960136967505
"Arhgap19",136.033533656883,0.00162644833498787,0.0298293981296073,0.379841764501848,0.999960136967505
"Pgam1",1274.52939809611,4.66026997531215e-05,0.0119261968032727,0.961789189773457,0.999960136967505
"Exosc1",309.549546362505,0.000153980692621721,0.0159444959294149,0.890884557010918,0.999960136967505
"Mms19",149.126970932625,-0.000169536931973285,0.0206563566966989,0.903264469692109,0.999960136967505
"Pi4k2a",81.6397103073455,-0.00126921720663576,0.0312713276600463,0.51426783895509,0.999960136967505
"R3hcc1l",121.263721074867,0.00142712378337008,0.028898953421385,0.42988772379177,0.999960136967505
"Got1",231.250978910466,-0.00150906344800335,0.0252498952674782,0.344451581212969,0.999960136967505
"Slc25a28",129.375580123885,-0.000208477013571101,0.0219227996687322,0.887148897103816,0.999960136967505
"Chuk",202.944031520185,0.00045652195191291,0.0196064342153896,0.729764362859337,0.999960136967505
"Cwf19l1",82.4252816007833,3.54367353352249e-05,0.0271526911450868,0.98397501552311,0.999960136967505
"Bloc1s2",344.460507870373,0.000864640770955578,0.0184478327910326,0.486619988689729,0.999960136967505
"Scd2",619.093394756422,-0.00220725016734188,0.0247917936900607,0.174171654998924,0.999960136967505
"Ndufb8",956.946248158634,-0.000318056349079678,0.0127464817213109,0.749164543984231,0.999960136967505
"Slf2",287.577587949547,-0.000131214811445833,0.0162816145049547,0.90844025140998,0.999960136967505
"Mrpl43",295.901743209648,-0.00202560753460618,0.0273449884854604,0.23796790913213,0.999960136967505
"Dpcd",315.906212696315,0.000536777042949068,0.0170504456610092,0.647680201805457,0.999960136967505
"Fbxw4",120.696436642257,0.00259542284511974,0.0371725776312598,0.24835980896091,0.999960136967505
"Npm3",876.383599772033,-0.000116100843818904,0.0125011683605272,0.905658794312535,0.999960136967505
"Oga",481.637789681916,0.000191443066956617,0.0141320113758934,0.853101487619845,0.999960136967505
"Armh3",94.9890468687519,0.000138111972630277,0.0246817036824363,0.932465236351371,0.999960136967505
"Ldb1",300.468729111464,0.000520872062816278,0.0172168784410436,0.65990673860132,0.999960136967505
"Pprc1",131.255975079479,0.00166756865319489,0.0299194205903641,0.368835840079541,0.999960136967505
"Nolc1",1179.49043343842,0.000177219810456636,0.0119887627987152,0.856153679894411,0.999960136967505
"Gbf1",322.200717327258,-0.000837784662034415,0.0185635499214437,0.502247368088603,0.999960136967505
"Nfkb2",121.88037201337,-0.00748110232937414,0.0665415902426327,0.07337026574121,0.999960136967505
"Cuedc2",113.990199917746,-0.000698843149716576,0.0247417468379003,0.664534828049143,0.999960136967505
"Actr1a",127.100596214905,0.000974062346431149,0.0253709741199817,0.550181159386096,0.999960136967505
"Trim8",123.376009186865,0.000732883099293806,0.0246842802494379,0.64814737065893,0.999960136967505
"Arl3",92.235124893207,-0.000811282764532542,0.0271820870684063,0.641947666533692,0.999960136967505
"Wbp1l",97.5846284947339,0.00495271287586801,0.0547528992374604,0.13009109627799,0.999960136967505
"Nt5c2",124.065991552502,0.00884443793669981,0.0729407936118947,0.0590957649744367,0.999960136967505
"Pcgf6",121.073547733497,-0.000284492542414701,0.0226167816168355,0.850327736785389,0.999960136967505
"Taf5",102.975264919499,-0.00117850460959277,0.0284740157498906,0.5119932891518,0.999960136967505
"Atp5md",1007.90870399823,-0.000182291591946164,0.0124374010708465,0.852605052254673,0.999960136967505
"Pdcd11",183.042518284489,0.000782381188687997,0.0215904007752985,0.581492097155207,0.999960136967505
"Stn1",74.2886004518501,-0.000520388408190604,0.028039664711446,0.772823973044298,0.999960136967505
"Slk",339.676690374524,4.24493637639658e-05,0.0154082690973995,0.969069083407345,0.999960136967505
"Sfr1",715.656935857921,-0.000350572067331046,0.0133973246312076,0.729131267018383,0.999960136967505
"Gsto1",76.085103831547,0.00114038537357044,0.0311098133110987,0.556973254943797,0.999960136967505
"Xpnpep1",117.317540364125,-0.00494097374630964,0.0527223154923252,0.12225311190281,0.999960136967505
"Mxi1",155.828402925516,-0.000321253729099635,0.0208409315895655,0.818647409922459,0.999960136967505
"Smndc1",544.202308242121,-0.00144704571789034,0.0200610624377439,0.282705628186498,0.999960136967505
"Dusp5",168.887932655365,-0.00058722155503741,0.0211702273105477,0.676386600564478,0.999960136967505
"Smc3",1081.45235303233,-0.000626233974428295,0.0132487098083354,0.546070551084357,0.999960136967505
"Pdcd4",852.091421634755,-0.00336153548472928,0.0299130910194364,0.0937874934352787,0.999960136967505
"Bbip1",239.404993960298,-0.00222413358663885,0.030054848133242,0.232469447231611,0.999960136967505
"Shoc2",349.892657234443,0.00154794694536378,0.0228841948829006,0.29423473980428,0.999960136967505
"Acsl5",441.758165002982,0.000380107975371409,0.0148995926119777,0.722394285974441,0.999960136967505
"Zdhhc6",169.938032730335,-0.000346630903832255,0.0206858616127779,0.803184700477798,0.999960136967505
"Vti1a",622.44191773169,0.00322163866668329,0.0312159475695084,0.112076246458783,0.999960136967505
"Casp7",79.9938581222615,-0.00199703249572921,0.0363044203518306,0.362308300726186,0.999960136967505
"Dclre1a",76.0902832637899,-0.000298713307896845,0.0270956779949707,0.865115347583714,0.999960136967505
"Nhlrc2",252.403371914197,0.000269132525608585,0.0172223872261509,0.821201020248461,0.999960136967505
"Ccdc186",104.287195029137,-0.00117388517426769,0.028573196234877,0.51502174882178,0.999960136967505
"Ablim1",1218.08505800238,0.00141021455807544,0.0173738864281099,0.26180367157962,0.999960136967505
"Fhip2a",82.4968522886862,-0.000317017970151452,0.0266154647022308,0.854821509562117,0.999960136967505
"Trub1",77.5748933315159,-0.000394009384953838,0.0271542825164654,0.822810596124548,0.999960136967505
"Atrnl1",98.9067082570858,0.00207759799608941,0.0353337263893585,0.33254097314619,0.999960136967505
"Pdzd8",247.506835386072,0.00146259890343922,0.0243826954189247,0.345236355701506,0.999960136967505
"Rab11fip2",118.93944781292,0.00076542756926849,0.0258283076995808,0.646806042608127,0.999960136967505
"Fam204a",271.247883870461,0.000250874040543715,0.0168297090415963,0.830116561168841,0.999960136967505
"Cacul1",114.629149806695,0.000677002261387074,0.0247064458091805,0.674266618328444,0.999960136967505
"Eif3a",2762.69806342213,0.000654201629885281,0.0120381661847551,0.53122150918407,0.999960136967505
"Dennd10",108.215548774562,-7.0850071537481e-05,0.0234270161959132,0.963754564714947,0.999960136967505
"Prdx3",500.72585045513,-0.00132277680313642,0.0197984451545987,0.317882360834515,0.999960136967505
"Grk5",77.5660883276835,-0.00250895383923606,0.0402837884885748,0.294882917706007,0.999960136967505
"Zfp950",86.0065027590227,0.000226644765645284,0.0259507906796822,0.893849813086067,0.999960136967505
"Clcn5",210.533555113373,0.00284604636598883,0.0353377470615277,0.188992086681764,0.999960136967505
"Plp2",358.33965516431,0.0010818839141534,0.0198098859138589,0.409646048595569,0.999960136967505
"Gpkow",93.4692990495871,0.000203889591883838,0.0248412574442529,0.900918215112399,0.999960136967505
"Tfe3",107.96472907121,9.84387591267326e-05,0.0234812649575506,0.949749065095793,0.999960136967505
"Gripap1",172.846859164695,-0.00022787452517501,0.0196007519096228,0.864024228095929,0.999960136967505
"Otud5",211.191182385459,-0.000678582886127245,0.0203802765316916,0.616449116325355,0.999960136967505
"Pqbp1",257.545700778278,0.000248848007170877,0.0171036863946167,0.833621684512198,0.999960136967505
"Timm17b",226.717635544103,-0.00062616401730863,0.0196296118953975,0.633712534220961,0.999960136967505
"Gata1",89.7972700076231,-0.00449431462794003,0.0522925980824189,0.14790954989461,0.999960136967505
"Suv39h1",186.335018527126,0.000707839400664115,0.0210595954472097,0.611309767821104,0.999960136967505
"Was",515.74059676225,0.00310414684267313,0.0316773564366874,0.125684088136711,0.999960136967505
"Rbm3",4265.55892152256,-0.000539013682130953,0.0115030634970655,0.60331161822053,0.999960136967505
"Ebp",234.796816175559,-0.00233444251701585,0.0310474579381629,0.223733327529307,0.999960136967505
"Mid1ip1",115.305472734112,-0.000184384309946558,0.0229790775270406,0.904173304430982,0.999960136967505
"Bcor",309.257684686649,-0.000149765046025765,0.0171626439295211,0.899845379676627,0.999960136967505
"Atp6ap2",138.830550300315,-0.000488970854261197,0.0221716908739485,0.739793733392611,0.999960136967505
"1810030O07Rik",180.551149729634,-0.000344520499900565,0.0196050832213205,0.795105386900929,0.999960136967505
"Med14",234.125132727066,0.00246624208499481,0.0318327344759055,0.209613290204489,0.999960136967505
"Usp9x",521.26534459268,0.000407241630501163,0.0145044155462258,0.699179037484899,0.999960136967505
"Ddx3x",532.525100394208,-0.000407972245204831,0.0143361036628047,0.696859774123647,0.999960136967505
"Fundc1",121.071348149706,-0.000785611018041333,0.0246950478086437,0.624120579011378,0.999960136967505
"Kdm6a",283.325563457404,-0.00014343306515766,0.0164975852400332,0.900972615119172,0.999960136967505
"Ndufb11",1008.00475611482,-0.000178330124725672,0.0122993003159121,0.85549321487506,0.999960136967505
"Rbm10",285.134127554482,0.000172889875682097,0.0165044678995816,0.880772620098144,0.999960136967505
"Uba1",451.673066285087,-0.000576747540664595,0.0156316926789228,0.60216721106864,0.999960136967505
"Araf",211.078831146226,-0.000506919808303055,0.0193080791371965,0.696927209684154,0.999960136967505
"Uxt",118.33086072999,-0.00100867266936247,0.0262072244913229,0.547529559371576,0.999960136967505
"Zfp182",99.6071722730573,0.000923388048264219,0.0275720354105265,0.599952580404478,0.999960136967505
"Wdr44",263.089051169449,0.000395532047492316,0.0177176427045356,0.744765907277773,0.999960136967505
"Dock11",728.951248072989,0.000750141910976275,0.0148455135993161,0.491016791204448,0.999960136967505
"Pgrmc1",176.206162746212,-0.00018426637067541,0.0197329229149997,0.890598075419209,0.999960136967505
"Slc25a5",2618.19501834309,-0.00182093070197131,0.0178456011546921,0.178575560017803,0.999960136967505
"Ube2a",531.054112408728,-0.00164331110716004,0.0214887566981605,0.248532920775839,0.999960136967505
"Steep1",156.890331304645,0.000279059846672273,0.0206616990877314,0.841115042763913,0.999960136967505
"Septin6",528.100524586906,0.00688033691357964,0.0507196031855127,0.0476238148258596,0.999960136967505
"Rpl39",11685.2849533342,0.0015382008544581,0.0142643330568275,0.218595596029813,0.999960136967505
"Upf3b",266.645681301005,-0.000597726466549725,0.0182398799928906,0.628899883928725,0.999960136967505
"Nkap",201.940051594476,0.000135006912524198,0.0183842153778808,0.914734687665308,0.999960136967505
"Ndufa1",753.769099172431,-6.00102114515603e-05,0.0127461988320025,0.951354816982251,0.999960136967505
"Lamp2",212.693502134677,-0.000712506529745166,0.0202082156538453,0.595706852416971,0.999960136967505
"Cul4b",236.27185622764,0.000715309324327958,0.0198006423474907,0.587701680145775,0.999960136967505
"Mcts1",406.636984496991,0.000490121960082845,0.0157393422462149,0.658715387579808,0.999960136967505
"Thoc2",821.334575744305,-0.000542628616279872,0.013597750464887,0.599497269674852,0.999960136967505
"Xiap",451.778517397069,0.000609495636337217,0.0160783061000795,0.588641057529858,0.999960136967505
"Stag2",853.984293878662,0.000882936118651126,0.0149563571012218,0.426000016624755,0.999960136967505
"Sh2d1a",417.129922884553,0.000730917103865,0.0169655700237979,0.532205731327857,0.999960136967505
"Sash3",226.133640236728,0.00139603734897879,0.0244818961483149,0.369575394828769,0.999960136967505
"Utp14a",385.705397496519,0.00207436371512579,0.0262770590084548,0.214110171521619,0.999960136967505
"Elf4",272.107290656742,0.00112518263738118,0.0216848230849117,0.424427839115237,0.999960136967505
"Aifm1",173.637103130906,-0.000792639299502852,0.0220056841319021,0.582861995131826,0.999960136967505
"Zfp280c",204.042493762922,0.000432998102874772,0.0191457696432582,0.738236005014728,0.999960136967505
"Rbmx2",156.401577167401,0.000152895359308361,0.020501557827178,0.912164920298061,0.999960136967505
"Enox2",529.380510314088,0.000269697371259054,0.0140358041713759,0.793697378100485,0.999960136967505
"Stk26",343.300083383056,0.00381397804150608,0.0380174256637285,0.11193334850212,0.999960136967505
"Rap2c",198.438300896417,0.000303089596488228,0.0189725873675625,0.814380064203597,0.999960136967505
"Mbnl3",236.779847975722,0.00196029907617105,0.0282316992382599,0.26507527465859,0.999960136967505
"Phf6",533.446115177595,-0.00101883754311587,0.0179862909896844,0.406259282152313,0.999960136967505
"Hprt",823.483248196588,-0.000287757999077887,0.0128706135007232,0.772439137445888,0.999960136967505
"Htatsf1",301.059467638662,-9.68761794843531e-05,0.0161789919417076,0.932018200339693,0.999960136967505
"Cd40lg",85.3700789494624,0.0019125494549202,0.0351268849985456,0.369961230075003,0.999960136967505
"Arhgef6",617.788375300349,-0.000767726772254274,0.0153981697227827,0.488579033204132,0.999960136967505
"Rbmx",237.132672584985,-0.000261655430576867,0.0176684643566682,0.829687158077209,0.999960136967505
"Fgf13",147.290425640468,0.00134354374306046,0.0270426805230177,0.430649339536838,0.999960136967505
"Atp11c",211.734218793145,0.00216788789229527,0.0302528276630927,0.246562047421208,0.999960136967505
"Fmr1",394.50744043712,0.00120111598895262,0.0200530231502474,0.36553537626267,0.999960136967505
"Mtmr1",109.655623503767,0.000998590656508987,0.0269442750736058,0.561630842283901,0.999960136967505
"Hmgb3",286.594740166558,-0.000225636361487983,0.0166747867176565,0.845932029726502,0.999960136967505
"Vma21",349.065326021693,-0.00430467841001372,0.0409642742531083,0.0978894398852358,0.999960136967505
"Cetn2",198.302488234489,-0.000274529951698727,0.0197818900261543,0.837655630317304,0.999960136967505
"Nsdhl",100.554563584267,-0.000273172858412137,0.0242984982281862,0.864882461006709,0.999960136967505
"Xlr4a",85.5528993822081,-0.0112222935641973,0.0880782291295621,0.0461864097422316,0.999960136967505
"Xlr4b",158.175665479471,-0.0118033707587407,0.0832162031287806,0.0387969651338945,0.999960136967505
"Bcap31",800.234244102343,-0.00110134547847799,0.0165418753085902,0.352077084454479,0.999960136967505
"Idh3g",272.79334349996,3.23258149569553e-05,0.0164513177470325,0.977594335876455,0.999960136967505
"Ssr4",1165.41818062181,-0.00187397408569514,0.0210874767261892,0.194333364855318,0.999960136967505
"Arhgap4",257.710973103531,0.00182968481269654,0.0269631384043639,0.278801492963789,0.999960136967505
"Naa10",388.666695344304,0.000749023865422279,0.0172033632533035,0.526130177236323,0.999960136967505
"Hcfc1",376.432972812712,0.000194477783039624,0.0152901539075327,0.858142520464966,0.999960136967505
"Irak1",172.82519959982,0.000462134272209134,0.020467348247702,0.736286869347773,0.999960136967505
"Mecp2",254.821881172605,0.00022985717877533,0.0170705490236289,0.845969475018663,0.999960136967505
"Emd",462.08421949928,0.000366811326712145,0.0148310434496119,0.730940032373682,0.999960136967505
"Rpl10",6609.67231758343,-0.0014871952708129,0.0146594179242664,0.228951942823897,0.999960136967505
"Tafazzin",84.3744103692919,-0.000772243271219263,0.0278573979262029,0.665091418814182,0.999960136967505
"Atp6ap1",112.541965072302,-0.000327577912701546,0.0235385183650331,0.833674772371136,0.999960136967505
"Gdi1",84.1289234163448,0.00151511049011704,0.0323297579334597,0.447415616293808,0.999960136967505
"Fam50a",197.604686242226,-2.43190268521801e-05,0.0188344785447341,0.98494308574386,0.999960136967505
"Lage3",264.994279825637,-0.00380315715201368,0.0398826414242023,0.125278693809296,0.999960136967505
"Ubl4a",303.640558426819,0.000134024960786771,0.0160714338683781,0.905542516228582,0.999960136967505
"Dkc1",759.816404256262,0.000206883112934149,0.0128443092468633,0.834495787532795,0.999960136967505
"Mpp1",104.149494745661,0.000791042646162438,0.0265034665753374,0.643191947700207,0.999960136967505
"Fundc2",397.618051678163,0.000578005549165481,0.0167684214199793,0.618195074014971,0.999960136967505
"Brcc3",274.299670938928,-0.000226778548438794,0.0166640778102285,0.845081084787715,0.999960136967505
"Vbp1",309.551086796395,-6.44514692931594e-05,0.0158901422390433,0.954116953470443,0.999960136967505
"Tbl1x",715.046122397728,0.00049912559232012,0.013773630681712,0.62923147848725,0.999960136967505
"Prrg1",123.646687438327,0.00137989010999847,0.0283129249625068,0.43734088535036,0.999960136967505
"Il1rapl1",184.679658226476,-0.00629966405636101,0.0566600224608629,0.0795221762796253,0.999960136967505
"Pola1",995.335194257244,0.00110849080472679,0.0157473976131521,0.340876058589443,0.999960136967505
"Pdk3",116.716174551502,-0.00135856330583405,0.0286107934483956,0.449125218270092,0.999960136967505
"Zfx",310.254169297528,-0.000222889506548269,0.0160229824145354,0.843061596694557,0.999960136967505
"Eif2s3x",434.587388047328,0.000119000873149445,0.0143776111436383,0.909265923095329,0.999960136967505
"Apoo",125.459453664662,0.000562292390715295,0.0232726374956952,0.713838004234557,0.999960136967505
"Las1l",217.4950947987,-0.000352861297212963,0.0184221937864453,0.778909594349044,0.999960136967505
"Msn",1847.50224285636,0.000229960439001694,0.0116151924856591,0.815550693926558,0.999960136967505
"Yipf6",109.381877575129,-0.000685658829074373,0.0250615951580387,0.674181616930924,0.999960136967505
"Igbp1",309.055234326932,-0.000771473857656797,0.0183788155814433,0.533771000365448,0.999960136967505
"Pdzd11",220.452022247942,-0.00229124443919887,0.0309356128511373,0.230542083656317,0.999960136967505
"Kif4",456.244603327146,0.00122195749537124,0.0199464173108091,0.35589145546047,0.999960136967505
"Snx12",185.138275875024,0.00106410244778497,0.023411281038381,0.480624125656151,0.999960136967505
"Il2rg",1067.24018591004,-0.00224910991693542,0.0233677783654836,0.155074729690507,0.999960136967505
"Med12",166.470414696717,0.000238457302826036,0.0209494139618052,0.865751606110468,0.999960136967505
"Nono",992.48818466853,-5.95412986373983e-05,0.0122070383134573,0.951264773721341,0.999960136967505
"Taf1",506.031121502323,4.87745238321863e-05,0.0138018891602522,0.961824494068812,0.999960136967505
"Ogt",615.402041137155,0.000754111871499858,0.0153924202180232,0.495775141195603,0.999960136967505
"Pin4",241.902085397887,-0.00025498230886537,0.0175291182912076,0.832911832613363,0.999960136967505
"Ercc6l",85.5327453807733,-4.53784286316749e-06,0.0255561099834178,0.997843691850649,0.999960136967505
"Rps4x",15009.5112654733,-0.00010384561759402,0.0106909580744384,0.920267963139591,0.999960136967505
"Hdac8",325.394403968063,0.00343081490511881,0.0360162124019694,0.128719404625758,0.999960136967505
"Chic1",91.246149651231,0.000351403613487455,0.0267093295367377,0.839664655629066,0.999960136967505
"Ftx",92.8862873855216,0.00473846652374308,0.0534063667118107,0.137088197021098,0.999960136967505
"Rlim",357.470761766203,-0.000466243440759873,0.0162690404305251,0.681344783899503,0.999960136967505
"Abcb7",296.30070480819,0.000810232224441749,0.019397646834855,0.530907194945329,0.999960136967505
"Zdhhc15",128.125498143833,0.000816494088438632,0.024424084790898,0.606495253902295,0.999960136967505
"Pbdc1",400.428061100192,-0.000159267478877376,0.015068937776023,0.882451112560654,0.999960136967505
"Atrx",1733.86678415626,0.000482560767257645,0.0120347449763457,0.633422320010521,0.999960136967505
"Magt1",469.761494481923,-0.00166065337493365,0.0223038503782518,0.254919007031702,0.999960136967505
"Cox7b",1689.83612328053,-1.21996820768812e-06,0.0114980640763662,0.999004430420382,0.999960136967505
"Pgk1",2304.32066775947,-0.000573443110049973,0.0119386908603253,0.577750197930757,0.999960136967505
"Cysltr1",72.9657094747521,-0.00416162748591284,0.0521409802876465,0.171247298676059,0.999960136967505
"P2ry10",254.516339363711,-0.000767096316705806,0.019586811090365,0.556647347052901,0.999960136967505
"Gpr174",163.442624755558,0.00177585527303384,0.0292668211846125,0.327975475763775,0.999960136967505
"Itm2a",153.894971276677,-0.00287939231543439,0.0392834355248917,0.223965598244366,0.999960136967505
"Chmp1b2",115.491883121882,-0.00127617463946271,0.0281614653320018,0.471840589755935,0.999960136967505
"Brwd3",105.037808984492,-0.000406055112225054,0.0245376182292347,0.801434532031918,0.999960136967505
"2810403D21Rik",86.2840759640546,0.0026006981948619,0.0397581919398155,0.273787404496219,0.999960136967505
"Hmgn5",206.745340227675,-0.000152944443267071,0.0183216367280302,0.903152781164036,0.999960136967505
"Sh3bgrl",202.66873864123,0.00369176727676755,0.0407786331229961,0.141135508741359,0.999960136967505
"Apool",148.537056808023,-0.000163155636427387,0.0206611931788116,0.906917078273913,0.999960136967505
"Chm",218.97880681074,-0.00128081636909741,0.0236909607311883,0.397847204054185,0.999960136967505
"Diaph2",450.762643262746,0.000631009564191338,0.0159235658967264,0.573405789337581,0.999960136967505
"Cstf2",225.062509217226,0.000778710944231587,0.020241617294143,0.561545386469399,0.999960136967505
"Trmt2b",97.130309746066,0.00168072551274736,0.0326170148088174,0.401935060015861,0.999960136967505
"Cenpi",86.5721093784884,0.000929412336498955,0.0283816406055205,0.606662561049518,0.999960136967505
"Timm8a1",339.912592745041,-0.000379033244614201,0.0162346922342907,0.738350490936531,0.999960136967505
"Rpl36a",6359.94636453826,0.000267365483140391,0.0108808167123414,0.795422462008345,0.999960136967505
"Hnrnph2",275.103082535015,0.000426343257010984,0.0172683115693583,0.719907571400991,0.999960136967505
"Gprasp1",100.21467370832,0.00128821336076381,0.0305097058078091,0.498856717686066,0.999960136967505
"Bhlhb9",92.7283938080132,7.13114607322544e-05,0.0249611317765064,0.965444042565876,0.999960136967505
"Tceal9",248.166467981302,-0.000310114033494729,0.017519354999669,0.797153249488466,0.999960136967505
"Bex3",299.848140308029,-0.000764232336412128,0.0189156954027523,0.546797950355629,0.999960136967505
"Morf4l2",365.478560313385,-0.00180453080285978,0.0245428168238941,0.250082186088273,0.999960136967505
"Rbm41",113.558504013545,0.000310061570072213,0.0236091918319338,0.842915337052278,0.999960136967505
"Prps1",171.925763907313,-0.00258040582774314,0.0346547389079844,0.222832878525893,0.999960136967505
"Psmd10",127.022947707974,-0.00106162543435381,0.0263510549400796,0.527912400407578,0.999960136967505
"Atg4a",139.650918673962,-0.00196398645866301,0.0319783672968376,0.31728244749691,0.999960136967505
"Acsl4",560.505261066139,0.000206770593243352,0.0136847806533056,0.838784467342801,0.999960136967505
"Tmem164",315.32137731848,0.00171601588680649,0.024900105580708,0.277716447422433,0.999960136967505
"Ammecr1",174.375229721632,-0.00184514140423175,0.02950731697844,0.312722492924183,0.999960136967505
"Alg13",89.8570060537994,0.000560684089873721,0.0262256594216802,0.742046685178828,0.999960136967505
"Tmem29",72.2349404591293,-0.000103352323646646,0.0275779986703252,0.953851712016809,0.999960136967505
"Apex2",114.1405904373,0.000109673313625072,0.0228486935146658,0.942676807738527,0.999960136967505
"Gnl3l",135.473020135922,0.00112824911026325,0.0260776224106424,0.497096447942604,0.999960136967505
"Tsr2",93.5332952074918,-0.000351461951982893,0.0252433250863299,0.831968002164416,0.999960136967505
"Fam120c",101.254674758319,0.00595714929429203,0.0598164898400029,0.101288766935955,0.999960136967505
"Phf8",104.460056417741,0.000669271592496391,0.0253877592155607,0.685146131147178,0.999960136967505
"Huwe1",1075.63936070188,0.000771640774123684,0.0141427459008138,0.472633003802041,0.999960136967505
"Hsd17b10",200.990041290903,0.000653217832439066,0.0204789221156668,0.631510875061666,0.999960136967505
"Smc1a",1594.35492829019,0.000703849038428495,0.0129317358268247,0.501737471726585,0.999960136967505
"Kdm5c",179.568148867396,-0.00208402256815784,0.0308392962004658,0.272865203838338,0.999960136967505
"Ubqln2",76.6808561205206,0.000416557747406226,0.0275381760083736,0.814884156940005,0.999960136967505
"Sat1",162.058125390203,0.00039099816838906,0.0207642787347982,0.779024670162268,0.999960136967505
"Acot9",117.081075790434,0.00193014718245844,0.0326327454255855,0.334647409925852,0.999960136967505
"Prdx4",427.705294746242,-0.0017470057041807,0.0241089412324837,0.258142494111847,0.999960136967505
"Sms",345.578125310574,-0.000622377448368068,0.017198722657996,0.598209673130828,0.999960136967505
"Mbtps2",126.426666890257,-0.000778759427719467,0.0244747565962408,0.624439134456153,0.999960136967505
"Rps6ka3",620.087504812216,0.00163264730497024,0.0207247386266084,0.241656629103686,0.999960136967505
"Eif1ax",726.829178426908,0.000138397281676979,0.0129117110461498,0.888764356150784,0.999960136967505
"Bclaf3",225.9308131742,0.000301091444947403,0.0187988861832614,0.814148556044006,0.999960136967505
"Sh3kbp1",906.139857045285,0.00451337508112426,0.0360254751084192,0.0649628975910896,0.999960136967505
"Pdha1",331.687079824851,0.00058008938238594,0.0169932898675166,0.620339605855508,0.999960136967505
"Rbbp7",1269.23969092208,0.00134141751781313,0.0164652174551475,0.272687335965535,0.999960136967505
"Txlng",168.463725126282,0.000862191202893951,0.0230998054880226,0.56631211048216,0.999960136967505
"Syap1",137.666616030247,-0.000362226066483553,0.0219753875556672,0.804949911784248,0.999960136967505
"Ctps2",101.522842031002,0.00181862312867787,0.033230108345727,0.371529991089419,0.999960136967505
"Zrsr2",334.236192377261,-0.000203272075367911,0.0156145606274369,0.853991437795652,0.999960136967505
"Piga",76.775135747715,9.01752519044818e-05,0.0269778944234153,0.959020005019401,0.999960136967505
"Gpm6b",75.6342505782105,0.000966542994078417,0.0300470135342662,0.609531013869751,0.999960136967505
"Ofd1",155.878891951714,-0.000604516760696276,0.0217640979009204,0.674871297293529,0.999960136967505
"Rab9",117.713621543618,-0.0022276934646664,0.0347776077776185,0.292283992326802,0.999960136967505
"Tmsb4x",30760.4302857241,-0.000243435011487462,0.0106899899765972,0.816838688365943,0.999960136967505
"Prps2",178.322734236954,0.000649900725972039,0.0209866573780251,0.640609980282786,0.999960136967505
"Msl3",228.533636195294,0.000475269285147832,0.0185468740201594,0.705810762169683,0.999960136967505
"Hccs",107.744322798864,-0.00205599095196801,0.0345543187685807,0.32829614972355,0.999960136967505
"Kdm5d",103.25393719896,-0.000798867445138943,0.0269791208754158,0.645020157939723,0.999960136967505
"Eif2s3y",329.801329180179,-0.00813124137475286,0.0598468338575508,0.0465373344966913,0.999960136967505
"Uty",316.885506471942,-1.98395145706291e-05,0.0158188125337761,0.985822307748244,0.999960136967505
"Ddx3y",286.450185630329,-0.00724553430313478,0.0571818161566464,0.0565015464789857,0.999960136967505
"Gm47283",223.078495029827,-0.000156123735273349,0.017731767314773,0.898381727225686,0.999960136967505
"mt-Nd1",7498.39032382337,-0.0011940932140598,0.0132710116177722,0.303985528885828,0.999960136967505
"mt-Nd2",3757.58312297817,-0.000727539556136934,0.0119394502560511,0.494185810018938,0.999960136967505
"mt-Co2",8016.28729239577,0.0011112576615638,0.0127855386401822,0.331891877408055,0.999960136967505
"mt-Atp8",558.913178829952,0.00271167386478418,0.0285138793161071,0.140929789712475,0.999960136967505
"mt-Atp6",9222.01636295314,0.000521156045564742,0.0111174096092682,0.621937088098161,0.999960136967505
"mt-Co3",6822.73334542047,0.00501782986643638,0.0332925749030222,0.0421245208647074,0.999960136967505
"mt-Nd3",443.345289633875,0.00297846609266268,0.0323410383950604,0.143837693476161,0.999960136967505
"mt-Nd4l",1612.82251252511,0.00158369889187529,0.017201333512965,0.218937852370324,0.999960136967505
"mt-Nd4",4546.53427326712,0.00137794945443578,0.0145205983104123,0.253686931139292,0.999960136967505
"mt-Nd5",2684.24647457973,0.00261394407153561,0.0217597208947658,0.105911215407475,0.999960136967505
"mt-Cytb",5594.91772844229,0.000369172034300804,0.0110694030786715,0.720083627250682,0.999960136967505
"4732440D04Rik",30.6838455360533,0.00261972892193261,0.0488098780071065,0.319363693663976,NA
"Gm26901",26.3071494238863,0.000471655818245552,0.0391301719917093,0.829767347905821,NA
"Mybl1",49.6567189172964,0.000600262237241791,0.0324933042780133,0.765278135208374,NA
"Rdh10",31.7303564021136,-0.00133821055285998,0.0405296255533618,0.559583102009642,NA
"Stau2",61.750328935486,-0.00115477635851275,0.0331333999013328,0.571224915181214,NA
"Ly96",18.327629795585,-0.00193666932603691,0.0488542741387347,0.422375596681357,NA
"Tram2",37.3702946172409,0.000177345972034554,0.0350608353488027,0.932598937824976,NA
"Tmem14a",12.694839615446,-0.000450179741112855,0.0458617337012622,0.833233335551119,NA
"Rab23",20.9165621318791,-0.000642405255943498,0.0419214597773069,0.772636601123768,NA
"Gm37233",21.2541811014748,0.000171676295967923,0.0408376067419982,0.937647860714349,NA
"Gm28417",25.2041077496938,0.00105753171617822,0.041315163019982,0.641143232152344,NA
"Plekhb2",52.8450353650479,0.0010528535995928,0.0337837737164904,0.610570578785217,NA
"Hs6st1",27.4645868868834,-0.000465611779575527,0.0394012830484498,0.832145114398244,NA
"Lman2l",33.7962788798293,-0.00105064430076991,0.0384313880210077,0.636293802446097,NA
"Cnnm4",31.7074597841678,0.00215573289784618,0.0452085732606759,0.38756768790785,NA
"Cnnm3",46.9691158003941,0.00122319894240831,0.0359443562028573,0.570622373331072,NA
"Ankrd39",51.2118504801242,-0.000494142936627936,0.0318532012524752,0.803278221235814,NA
"Actr1b",56.9142875427979,0.0011914456636711,0.0340740869025293,0.566995030032238,NA
"Inpp4a",63.4303864530741,0.00118060232263751,0.0332439617430619,0.563601293117835,NA
"Chst10",16.9419733733294,0.00117725789412067,0.0459965683437772,0.602659983882772,NA
"Rnf149",50.0114257061375,0.000909970540512496,0.0336386287614811,0.658649982587501,NA
"Il1rl2",22.9932062429269,0.000890611446444835,0.041673012841945,0.692275586703904,NA
"Il18r1",24.8961064280643,-0.0015014482767189,0.0454459322545764,0.522228455782409,NA
"Il18rap",57.4941664580224,-0.00704100640520693,0.0714158008678207,0.0889466858976456,NA
"Tgfbrap1",27.2263556541647,0.00155229828019197,0.0430927382546495,0.510403304436726,NA
"AI597479",46.097685673816,-0.0006442679804172,0.0334356692007297,0.753121472528236,NA
"Gm8251",29.1356005842835,-0.000496279332996277,0.0388620255876981,0.820831258185198,NA
"Poglut2",45.3364802885139,-0.00278892578827188,0.046607683501288,0.291285558773153,NA
"Bivm",28.0365306549338,-0.000402952279087603,0.0383574497036065,0.853295480474229,NA
"Hibch",68.4485355949038,0.00227529284408398,0.0394255292092413,0.331837376172405,NA
"Ormdl1",68.0406260218226,0.000400786721925515,0.0289448858831416,0.828581364423035,NA
"Osgepl1",44.4468128794306,-5.53480651278208e-05,0.0327371542077237,0.978116328773809,NA
"Pgap1",11.6827499623281,0.000338193684275418,0.0462792616578908,0.872785217030347,NA
"Coq10b",44.4897855075846,-0.00147816000658464,0.0380188505965987,0.509786848107774,NA
"Mars2",34.2234175423776,0.000628618166225438,0.0366618912924402,0.770271386227411,NA
"Kctd18",59.4219687364891,-0.000658902133523116,0.0312034770140847,0.736044012816697,NA
"Nif3l1",69.8732868306056,-0.00062822360836532,0.0297244523969493,0.738951307923073,NA
"Gm15834",40.7203233975242,0.000769109427240129,0.0353474819589196,0.716681014121868,NA
"Gm20257",31.7618480660054,-0.00220590030349741,0.0456576400271763,0.379529836383572,NA
"Stradb",26.6086173941498,-0.000147611063727671,0.0384599353246855,0.945853415096989,NA
"Als2",30.6082955069109,0.000471056182693402,0.038064139461573,0.828684068318134,NA
"Bmpr2",46.8797553481552,0.00071662947890338,0.0336666750182108,0.727707180814751,NA
"Fam117b",42.6039944931945,-0.000963781184126828,0.0355966715172173,0.651623016192541,NA
"Carf",34.3476119474635,0.000852688255140934,0.0376440231504219,0.696885562879406,NA
"Ctla4",49.6149464695754,-0.00243755285315724,0.043281189337918,0.329818872875016,NA
"Pard3b",49.3404632209508,-0.000137169236164561,0.0322245758013581,0.94526878598017,NA
"Ino80dos",21.2024038872606,0.000538486035881187,0.0415139205069385,0.807875058656936,NA
"Gm20342",25.4967858167326,-0.000134079238445993,0.0395674194934125,0.951105986816818,NA
"Mettl21a",40.1241148273415,-0.00211063380970337,0.0430946698312491,0.389209322370243,NA
"Ccnyl1",21.662755657579,3.9805576138872e-05,0.0406029800841025,0.985511524452494,NA
"Map2",51.4010466973674,0.000967728498244303,0.0347781036692685,0.645768706878498,NA
"Lancl1",69.3580899900384,-0.000987029155770296,0.0308201100541914,0.60926525501407,NA
"Ikzf2",67.2283160017259,-0.000811362319420589,0.0302885311054428,0.670815269362264,NA
"Pecr",17.8457990526074,0.000692843612513239,0.0435502528408513,0.754805407861288,NA
"Smarcal1",50.9903525508861,0.000898869300458619,0.0336677840386664,0.662715154813585,NA
"Ctdsp1",62.6288279391826,0.00324910643848727,0.0469110236216274,0.233357144856851,NA
"Zfp142",44.745640834172,0.00216669896181816,0.0423521291590711,0.374591143240248,NA
"Bcs1l",26.3521912535872,0.000806254558958327,0.0404911768868954,0.718130567251474,NA
"Rnf25",44.7084187805785,-0.0013836256851578,0.0374927386376585,0.532935578328065,NA
"Nhej1",20.0868462288821,-0.00316153630834588,0.0556709036664307,0.246548890165204,NA
"Retreg2",59.7439402291307,0.00175595281689685,0.0370716664395824,0.429230451901667,NA
"Ankzf1",47.8888425452471,-0.000588003974766007,0.0328816508296368,0.771658427516392,NA
"Glb1l",14.1255165159005,-0.000307533787474783,0.044937817645338,0.886450601856519,NA
"Dnajb2",17.851586499806,-0.000506632031681957,0.0430730814642346,0.818187144813037,NA
"Dnpep",62.9510726086722,-0.000931659238454404,0.0315457388164163,0.635839048916458,NA
"Gmppa",48.5652232790322,-0.00133421172174453,0.0371692133771573,0.545174024830183,NA
"Chpf",21.3540386357535,7.11278694157797e-05,0.0406420000441993,0.97411827369274,NA
"Stk11ip",17.7941015034649,0.000971416062817768,0.044332520663113,0.665908202163739,NA
"Utp14b",65.0014191709066,-0.000867730536764665,0.0309840822849794,0.654954641891326,NA
"1700016L21Rik",26.2139035605428,-0.00370080092225759,0.0572141448758164,0.208049753934585,NA
"Fbxo36",17.8471303641558,0.00239493250565367,0.0515538383406396,0.340676588335387,NA
"C130026I21Rik",21.7843310703022,-0.00101442082978072,0.0428730806177769,0.654658593916582,NA
"Armc9",26.681613323736,-0.000123555719319577,0.0383749257093069,0.95463303887568,NA
"Gm16341",21.6740560296257,0.000574480920474949,0.0413613221294211,0.795561772112729,NA
"C130036L24Rik",18.0984487233783,-0.000664337367746707,0.0432800880353253,0.764544543971577,NA
"Sag",22.9895890138488,0.00123557523398638,0.0439037889428865,0.591365770510488,NA
"Glrp1",15.7470972301858,0.00149327716835373,0.0474926198330394,0.517457410199605,NA
"Agap1",49.8835779482062,0.00257539189261792,0.0448761620186931,0.315412866646283,NA
"Ramp1",67.6726011254317,0.00352254376671461,0.0483590748390098,0.210749553515518,NA
"Scly",53.4556758894752,-0.00106521527521819,0.0337870586386687,0.606432632800435,NA
"Hes6",53.3313369265112,-0.000982748654278269,0.0333927499702814,0.631711186233898,NA
"Traf3ip1",47.3856044805128,-0.00132913024919144,0.0364476185464047,0.541993707985042,NA
"Dusp28",19.5326778706747,-0.000141740158101734,0.0415887343697497,0.948482578233782,NA
"Rnpepl1",61.9860002355266,-4.62076634541929e-05,0.0293732209588646,0.980332678750684,NA
"Capn10",25.159904826565,-0.000910198017968802,0.0409925697440682,0.6856547154939,NA
"Mterf4",52.2599025261898,-0.00169531231057569,0.038158472001062,0.453408482599799,NA
"Pask",29.0706277200249,-0.000645322129456526,0.0386978080565512,0.769005380875573,NA
"Septin2",21.0726676094279,-0.00196385113543283,0.0483316028564768,0.419807961451451,NA
"Farp2",29.993689995737,0.000459462058803037,0.0382172673791453,0.833006888957914,NA
"Stk25",58.5712662658092,0.000836474621006743,0.0316690448401032,0.671805552550007,NA
"Thap4",44.6015221526245,-0.00158021704283035,0.0386157991537203,0.48618285680508,NA
"Macir",56.8191317186212,-0.00198648814412605,0.038995357465896,0.389914334169047,NA
"Pam",31.4207857908806,-0.000653694947854641,0.0376159644575409,0.763948493642335,NA
"Gm28187",18.109054746731,0.00175851213828386,0.0477044912698764,0.460340764568199,NA
"Gm7160",31.8388885579801,0.00172710514294232,0.0428847249133417,0.469199712628985,NA
"Dsel",20.1597558247302,0.00139497899084985,0.0449060384229613,0.548869226954502,NA
"Ralb",33.2061694801762,-0.000319702827558821,0.0365089941649578,0.88115852263335,NA
"Tmem185b",41.0224355065107,0.00017273456389386,0.0338065413205703,0.933065330446354,NA
"Tmem163",42.9257987309535,-0.00166326402125896,0.039410478890686,0.469736289829885,NA
"Cxcr4",22.1127046043349,0.00204131322696481,0.047881913438065,0.407697541831465,NA
"Pfkfb2",18.1716038936781,0.000146368179411348,0.0423080631974958,0.946718982410456,NA
"Yod1",32.9245381965633,-0.000194812088527465,0.0363370760867313,0.927190878742868,NA
"Fcmr",42.8245445745476,-0.00503656050755042,0.0635254291117777,0.139888712291659,NA
"Dyrk3",40.9644367536912,0.000763443863097373,0.0351152689965867,0.717672436886494,NA
"Fam72a",47.981769509391,-0.000270296639056684,0.0320733188210232,0.892084749776243,NA
"Slc41a1",20.1974690272272,0.000125249784074719,0.0412157342042323,0.954473685923663,NA
"Mfsd4a",14.3445189874947,0.000765975528819675,0.0455729579317796,0.726535538623939,NA
"Nuak2",25.294241797926,-0.000762906513463773,0.0409242889018316,0.732586851345095,NA
"F730311O21Rik",19.264857099588,-0.00184512626844172,0.047769003902098,0.443381710762517,NA
"Dstyk",19.5867195614869,0.00112394677750251,0.0441418452808178,0.621913450215787,NA
"6030442K20Rik",21.9325078304307,-0.000176279950767154,0.0407432595468465,0.935976274919229,NA
"Zc3h11a",21.9784179323746,0.000209033208690672,0.0406745842859855,0.924137768165987,NA
"Lax1",47.0387040410165,0.000600125058591256,0.0330823523323455,0.767978356402538,NA
"Atp2b4",35.3932985003575,0.000319028030736261,0.0365486381153367,0.881459785497741,NA
"Klhl12",64.2974892418313,-0.00267100837868242,0.0428940528988727,0.288138835857147,NA
"Ptprv",13.3359668983832,0.000979022021617303,0.0467253319359709,0.655766814064852,NA
"Arl8a",69.9620245850531,-0.00214623114902579,0.0385039509383818,0.350387564449866,NA
"Nav1",59.645311733754,-0.000886440701024145,0.0319534731475158,0.655502096543445,NA
"Tmem9",35.6427358466455,-0.00343576489578414,0.0530811853727672,0.233056600778127,NA
"Camsap2",68.5133492184488,0.00233409519668348,0.039921677006551,0.324527526815582,NA
"9230116N13Rik",13.9683545774963,-0.00100486798918342,0.0467134390699638,0.648206605208215,NA
"Ddx59",28.8214795789229,0.00101574763176836,0.0397931532603843,0.651025607201247,NA
"Gm57131",30.3090334607628,-0.00170062946116562,0.0435858987465841,0.476599083403258,NA
"Gm33994",19.6746184093624,-4.3811447649341e-06,0.0415371545984808,0.998405446941811,NA
"Gm19705",43.1655858265129,-0.000911155912708591,0.0352321553987154,0.667367914633509,NA
"Ro60",19.9113020323221,0.00237614314086135,0.0505867531006043,0.348086405793236,NA
"Glul",65.1254187187137,0.000411415033855982,0.0290621129480411,0.824630558761712,NA
"Mr1",14.0165145626325,-0.000729473884157752,0.0458194161366883,0.737584142647283,NA
"Qsox1",67.510706616269,-0.00298218203766265,0.0451965693043642,0.257276629392201,NA
"Tor3a",57.2259261889347,-0.00795443150590046,0.0765787385219083,0.0749616225258755,NA
"Gm36975",15.4078071161123,0.000283810856089481,0.0439653581016312,0.89614573699534,NA
"Dars2",70.3372347174128,0.00198682500583244,0.0375200998847645,0.376930404727443,NA
"Tnfsf4",26.0864543668828,0.00271486609975481,0.0507851641348861,0.306018911787265,NA
"Pigc",40.2328632814186,-0.00665051401183812,0.0724877338103261,0.0942808407729604,NA
"Dnm3",40.5854222808544,0.000649311290435197,0.0495157461820798,0.742601562801302,NA
"Mettl13",36.8850273268306,0.00041724157830944,0.0353009200995236,0.843088194439171,NA
"Gorab",36.8008106008396,0.000341727563412088,0.0352721735674317,0.871065995016727,NA
"Kifap3",58.0885740086848,-0.000586436891245155,0.0310941916829325,0.763644351512543,NA
"BC055324",55.0524206593103,-4.97787172702465e-06,0.0303268412026437,0.997929449213544,NA
"Mettl18",28.9893338744181,0.000127804347716345,0.0377794972301158,0.952860306906411,NA
"Slc19a2",42.2252190155727,0.000850483766767207,0.0351414466761426,0.68760225624158,NA
"Ccdc181",25.9547720938794,0.000373928165079561,0.0389418671156295,0.864221964267823,NA
"Blzf1",53.9490459102848,-0.00178583108625804,0.0383596681032926,0.43227323488938,NA
"Atp1b1",34.419588378262,0.0061778695158348,0.0708126386709655,0.102995917525507,NA
"Tada1",65.6787837869142,-0.00164461566411947,0.0354765609715065,0.444005815751263,NA
"Pogk",27.9772802556376,-0.000860290512558338,0.0395470096389821,0.699293072043588,NA
"Gm57182",14.6514056241289,-0.000284605017373405,0.0443663335387201,0.895467083782659,NA
"Mgst3",20.9672615337359,-9.59195368367977e-05,0.0411366331215634,0.965119295191286,NA
"Hsd17b7",52.9100149874027,-0.00108938973021627,0.0340078633698564,0.599970809172209,NA
"Dusp12",61.4072121416499,-0.00119444544002316,0.0334369466166035,0.560713534210534,NA
"Tomm40l",57.9674541282999,-0.00178637353367044,0.0375309367657214,0.425485651884655,NA
"B4galt3",23.9655570333055,0.0014765215379237,0.0439232548678987,0.52941149084583,NA
"Ppox",15.8537697246197,0.00116688890331114,0.0462384624307715,0.604563792204518,NA
"Usp21",30.5092266692333,0.000676560354611067,0.0379760123091761,0.756917880038155,NA
"Gm20045",21.8760356642107,0.000957632207640798,0.0422802810448849,0.67178676250806,NA
"Dedd",52.3679210150077,-0.000262346351591706,0.0311344522867784,0.893155576153672,NA
"B930036N10Rik",54.6871367950152,-0.00105721664919,0.033818876346535,0.609355532375886,NA
"Alyref2",34.692341751067,-0.00335459367547132,0.0529680307387983,0.240010470023649,NA
"Pex19",61.4106994062556,-0.000328040357964194,0.0294275911289209,0.861142453657042,NA
"Pea15a",43.3832062693857,-0.000716531856718358,0.0343516844510835,0.730937260255703,NA
"Igsf8",44.3356553908775,0.000706793727690085,0.0343017617206801,0.734208711155031,NA
"Pigm",62.6582353009198,-0.000593840966668513,0.0306122955378621,0.758090495522038,NA
"Ifi211",60.6131690980721,-0.00691860262162547,0.0701768936462577,0.0909535500400473,NA
"Chml",16.6829932226403,-0.000119246087062869,0.0430819615370723,0.95641365536514,NA
"Zbtb18",67.1630178979438,0.000158029667569287,0.028219228399415,0.930729649191049,NA
"B230369F24Rik",16.45077366007,0.00133201446116537,0.0465390861400857,0.560220215995013,NA
"Efcab2",28.6546884129497,0.000133291225239195,0.0377259712692938,0.950818369253411,NA
"Tmem63a",33.6683226877872,-0.000452578641927874,0.0363284090887652,0.832318600051096,NA
"Gm57146",32.6471175635785,0.000131201481532333,0.036388354303699,0.950938833852458,NA
"Taf1a",60.345899373874,0.000103055830913022,0.0293852436784024,0.956164360924732,NA
"Bpnt1",28.2113302033992,-0.00110269561546339,0.0404417030318614,0.626301466949391,NA
"Kctd3",53.1552496972316,-0.000300542136918357,0.0316590998993953,0.879076700341518,NA
"Rps6kc1",34.7986890059775,-0.000210842143101822,0.0355324472276151,0.920437290696425,NA
"Tatdn3",31.1285418152485,0.000908186673074813,0.0385442811099444,0.681538353201044,NA
"Nsl1",69.559122105081,-0.000139772909918631,0.0286627938666112,0.939447999134254,NA
"Batf3",23.6804092088456,-0.0025645522282227,0.0510381512796257,0.322896786057868,NA
"D730003I15Rik",17.269565058287,-0.000619041020764444,0.0435119131690596,0.779415450442407,NA
"Pacc1",21.6509922462269,-0.00178367532101456,0.0464666492285171,0.458758951549721,NA
"Slc30a1",34.3144994384948,-0.000511421233618896,0.0364933384640695,0.811443035028358,NA
"Rcor3",68.5656255063059,0.00156715383548013,0.0344427783059596,0.45546353375523,NA
"A130010J15Rik",30.1850782898048,0.000299270355771706,0.0372401428230624,0.889533420501173,NA
"Hsd11b1",32.8399674620097,0.000645326639446473,0.0373112282844336,0.766115615607055,NA
"A330023F24Rik",20.1472833818487,-2.52140604250895e-05,0.0412557136181868,0.990825420536501,NA
"Cd46",40.2258609709514,0.000866663224819894,0.0358382956409722,0.685326778930102,NA
"Optn",37.8137827912638,0.000152695540417106,0.0350382142436501,0.941924914414159,NA
"Sec61a2",49.0806801980271,-0.00049029188074675,0.0324684207740209,0.807195607529857,NA
"Usp6nl",65.1671257664262,0.00324000626970213,0.0464943855458198,0.232051560905905,NA
"Fbh1",37.1251182209818,0.00144136555844143,0.0394338885581658,0.527429262722356,NA
"Ankrd16",62.1311091396204,-0.00046400694545692,0.0297818014847498,0.806131115071797,NA
"Pter",14.847084055037,0.000734073351018907,0.0452555938629931,0.737856067130995,NA
"Trdmt1",38.3513267873035,0.000281399453691024,0.0346154995759917,0.892608591903346,NA
"Hacd1",16.7636430189539,-0.00224257617941655,0.0512091944997011,0.362102293041361,NA
"Nsun6",65.1224451211566,0.000203500802662004,0.0289388488023851,0.912550445177503,NA
"Arl5b",52.5756666558596,0.00169423467384017,0.0379844526022276,0.45239692800362,NA
"Armc3",31.9596250641313,0.00269235218228917,0.0486996320388211,0.309687272644508,NA
"Msrb2",30.4928621465807,0.000241146306866257,0.0376938296396529,0.911203227401809,NA
"Thnsl1",16.6282571831342,0.000258642394507962,0.0433996196927004,0.905661407094922,NA
"Pnpla7",37.4219125907416,-0.000450994150846211,0.0351967845694729,0.830391320489086,NA
"Tor4a",23.4341407351658,0.000406822510260776,0.0403583813309419,0.853430591375394,NA
"Ndor1",46.0665632085245,0.000425575178224205,0.0328940816112006,0.833573166391794,NA
"Tmem203",68.4105752335397,-0.00215556243725149,0.0394814086661338,0.356982295960104,NA
"Tprn",26.0073882146657,-0.00170550207229242,0.0443935475637083,0.476396019315753,NA
"Man1b1",46.9146253353397,-0.000568027926152986,0.0330934363640741,0.780072763157519,NA
"Dpp7",13.1764247839718,0.000527909057028918,0.0457658686735811,0.806048110731805,NA
"Uap1l1",18.2610293281532,-0.000336498201250185,0.0424340439131304,0.878278393194705,NA
"Sapcd2",39.0806131754035,-0.00109799916608237,0.0371908899115229,0.616450068039767,NA
"Fut7",18.6994244036714,-0.0017265927154198,0.0473938676963923,0.467866840847189,NA
"Abca2",68.2282747187367,0.00469294255207502,0.0557394478167928,0.148517481464603,NA
"Fbxw5",46.6100245268055,-0.000678718345911919,0.0339552146767039,0.742817417229744,NA
"Phpt1",56.1962282914266,-0.00127509444631865,0.0346861517154782,0.545332402533867,NA
"Camsap1",68.8757601734179,0.00029007804137098,0.0281141939758806,0.872760216347359,NA
"Tmem250-ps",23.3792307721106,-0.00110131410074153,0.0423757053010219,0.629181126487372,NA
"Qsox2",39.1621747852646,-0.000270769947555449,0.0343010811093592,0.896131850219406,NA
"Card9",21.5684760303846,0.000664726665778805,0.0414536522147601,0.765170674106034,NA
"Snapc4",41.1529310258438,0.000425961862194378,0.0344938110203915,0.837940224242556,NA
"Inpp5e",23.7900049120062,0.000328605624211171,0.0397963551923918,0.880956913859794,NA
"Egfl7",24.1234929854753,-2.35595944068896e-06,0.0400414946506492,0.999141324381553,NA
"Agpat2",38.5676306014634,0.000258738115036562,0.0347552314526716,0.90140415667651,NA
"Dipk1b",17.247087938342,0.00215533438547345,0.0507144524544968,0.377366599527143,NA
"Med22",43.1573239448298,-0.00143984525654222,0.0380534089808593,0.520540583912856,NA
"Cacfd1",30.946768155344,0.00020456053739396,0.0370716995366487,0.924166504668275,NA
"Vav2",31.0998640904279,0.000615691567567859,0.0392268469375616,0.779935666757036,NA
"Rxra",16.0893315761453,0.000515401735974543,0.044036807756994,0.814050410814609,NA
"Mrps2",61.332928859592,0.000210831566566416,0.0294415610085501,0.910566856839142,NA
"Ralgds",44.4027691970154,-0.000879439104329751,0.0351766129340133,0.67786196670977,NA
"Gtf3c5",57.4416232442115,0.000222688511661623,0.0302493016264571,0.907392151507166,NA
"Gtf3c4",50.7957519323353,-0.00017805681337413,0.0312690088863305,0.927581366645555,NA
"Ddx31",65.4123965105926,0.00277361387758022,0.0431954218221408,0.274122143581455,NA
"Cfap77",54.8328327803352,0.00202917463931612,0.0395039612691286,0.38439024658333,NA
"Ntng2",66.3313706826117,-0.000286245583952175,0.0286403048748406,0.876213131820422,NA
"6530402F18Rik",26.9288950453093,-0.0015162137227654,0.0430279713374071,0.519073832483371,NA
"Trub2",70.9770227640623,-0.000902945425924134,0.0305859144125421,0.638416681730665,NA
"Coq4",30.4273105436075,-0.000142907630706088,0.0371641963196166,0.947007210118162,NA
"Zdhhc12",50.7488943108489,0.000278442447543842,0.0319067651470296,0.888478737597251,NA
"Zer1",56.5253837639642,0.00396859858200312,0.0525736535667609,0.187963047884934,NA
"Tbc1d13",38.5402552402926,-4.87733569677944e-05,0.0344568930059911,0.981270625739085,NA
"Spout1",65.4238842329511,-0.000619374447589604,0.0297938769874676,0.742966389227306,NA
"Lrrc8a",26.6628543600131,7.91451453837135e-06,0.0383493430924503,0.997090809021914,NA
"Miga2",22.8719560697271,-0.00123364209302205,0.0432121459646286,0.592169020605657,NA
"Dolpp1",46.0814368505726,-0.00297127961037758,0.0482833889777939,0.273284687130439,NA
"Asb6",51.2836743388756,-0.00087546191734792,0.0332647577170294,0.668441153364219,NA
"Usp20",36.1615430687647,0.00205313333389958,0.043377867827607,0.40167291682054,NA
"Pomt1",15.8723044653929,0.00184256068270462,0.0494384232960407,0.435606729441665,NA
"Uck1",62.3231557480447,-0.000850524393433496,0.0318192741995271,0.667691352134367,NA
"Ptges2",24.0298133590677,-0.000925292536761971,0.042461924129484,0.681668734185989,NA
"St6galnac6",12.8000797817579,0.00105416578938354,0.0473839468452526,0.630300647172728,NA
"Fpgs",39.531111495203,-0.00163433654998239,0.0400088061028426,0.480235101444511,NA
"Tor2a",69.6937486994003,-0.000293856589597216,0.0280849881509853,0.871008977526955,NA
"Ptrh1",16.5479472197498,0.000768681335316827,0.044260593115175,0.728999546846086,NA
"Ralgps1",21.5968495388411,-0.000103509051189159,0.0407108723946225,0.96235321008636,NA
"Zbtb34",29.0543574558497,0.000163843500944024,0.0375574699972321,0.939488033274033,NA
"Zbtb43",48.6300369025772,-0.000865107839205465,0.0339620654488917,0.676297598598181,NA
"Mvb12b",67.6048285871651,0.00457554633313192,0.0553055785027599,0.154240274604704,NA
"Gm57450",19.8815029538398,-0.000620670129569421,0.0423285599207006,0.77981467280793,NA
"Phf19",46.9695285402987,0.00555886462710117,0.0643002651473165,0.123516428139639,NA
"Pdcl",67.9377656137456,-0.00122280388367339,0.0323621358473161,0.541399844851946,NA
"Zbtb26",30.8723398976357,0.00147012070730103,0.041335933629774,0.527049126367697,NA
"Nek6",61.6501608445193,0.00112188049543117,0.0329028057829899,0.580301027305715,NA
"Acvr2a",39.3235833192047,-0.000599186274248623,0.035015113823566,0.775753769552061,NA
"Nr4a2",15.443748157558,0.00210122389125433,0.0508776924687226,0.383942871480697,NA
"Gpd2",71.1519387608075,0.00194383435951143,0.0367043022457577,0.379157660638448,NA
"Tanc1",61.7047670089828,0.00154924117283749,0.0352607256910993,0.468585787271532,NA
"Wdsub1",18.5447511648149,-0.00110557796683544,0.0446047327668885,0.626339053497096,NA
"Galnt3",35.2184696756509,-0.00135994642358573,0.0395723436201987,0.550201800648649,NA
"Ttc21b",52.1350137724099,-0.000867643694205631,0.0330515412720329,0.669866085948178,NA
"Cers6",30.7678733273171,-0.00123168519813287,0.0420745739206273,0.592073424400634,NA
"Bbs5",14.6483671337653,-0.000235406116362869,0.044354150182875,0.913363008138944,NA
"Fastkd1",36.3652151993294,0.000259446279931753,0.0351743326293584,0.901732231348139,NA
"Ccdc173",26.6986361607451,0.000572243120618236,0.039217265161635,0.794839926331047,NA
"Myo3b",15.3462561164509,0.000573872523282253,0.0445127994206042,0.793152937440606,NA
"Mettl8",62.3084987325497,-0.000287689500736781,0.0302756632688892,0.880595768922354,NA
"Scrn3",36.1522897084624,-0.000555972276972009,0.0360891735486361,0.794499164795813,NA
"Gpr155",20.4410179097429,0.000353615804935743,0.042334823059278,0.872235890297498,NA
"Ccdc141",14.4770255736644,-0.000596680639406279,0.045202528430058,0.783841739197524,NA
"Sestd1",14.2589856327908,0.000524423644460543,0.0450280706443956,0.809117327981712,NA
"Cerkl",31.1745022165931,-0.000453270808075879,0.0373116655683401,0.83386654344951,NA
"Itprid2",43.7294056020918,0.00124262722354995,0.0367603303140654,0.569824121269555,NA
"Fam171b",12.7468703288513,0.00240651092104013,0.0541216163482161,0.3162473053524,NA
"Calcrl",51.5620001167414,0.00438238267903251,0.0561050870286297,0.168248069954029,NA
"Tfpi",31.237659378496,0.000241764380125716,0.0372921967660877,0.910650283703072,NA
"Tnks1bp1",18.6382065682727,0.00128149804324528,0.0453624325250796,0.576873153761326,NA
"Ptprj",27.8354989576635,-0.000347949523017001,0.0382092023595683,0.872875103361429,NA
"Kbtbd4",31.1808181031056,7.18067368444233e-05,0.0369496045509291,0.973293074990831,NA
"Rapsn",26.7248034167437,0.00188802156423777,0.0450965133310803,0.438427306099151,NA
"Slc39a13",21.8315724837946,0.000990104427509165,0.0424380806056305,0.661979861167662,NA
"Acp2",39.7132833016064,3.61549120582046e-05,0.034711233078056,0.986168496686278,NA
"A330069E16Rik",16.6618540829102,0.000230973145940858,0.0431558779187895,0.915794312122787,NA
"Zfp408",41.2157551129137,-0.000872888433156066,0.0355974678003046,0.682120828623699,NA
"Harbi1",33.8271268227703,-0.000312558299125598,0.0367695527557727,0.884120856633417,NA
"Pex16",59.2187161039253,-0.000180859771137827,0.0295650537625629,0.923481143943652,NA
"Cry2",41.9186072296316,0.00139259353181621,0.0385806158088569,0.536576962954563,NA
"Slc35c1",37.3935390822851,2.62014477883659e-05,0.0346248551028084,0.989963117714534,NA
"Accs",19.0334911264253,-0.00133991039036753,0.0452681083486674,0.562070351106601,NA
"Prr5l",37.7215795414848,-0.000120082225528683,0.0346857312891794,0.954073831057408,NA
"Commd9",53.1792031043754,-0.000312449814010331,0.0309716290975795,0.872446369579688,NA
"Tcp11l1",35.6566841589535,-0.000556189828917716,0.0363065924113903,0.794979065951319,NA
"Prrg4",37.3990876236984,-0.00126043168620252,0.0386758726583305,0.574502314792271,NA
"Lpcat4",63.8062685054125,0.00031696737335616,0.0290388620183621,0.864452282833708,NA
"Eif2ak4",48.9158136757225,0.000347416588847893,0.0324210780928485,0.862535428307665,NA
"Plcb2",66.6232533843829,0.00113929113028164,0.0320105821929846,0.566306546083831,NA
"Ivd",67.4278069367632,-0.00133365817817735,0.0332020490737475,0.513589245490281,NA
"Bahd1",23.2775068183032,-0.00029879621443796,0.0401556853561385,0.891760924909681,NA
"Zfyve19",34.7380062785592,0.000266338707611824,0.0356710477477064,0.899814944464661,NA
"Vps18",21.5338663004873,0.00055978004447558,0.0416355286337779,0.800587377226178,NA
"Chac1",60.4909647366634,-0.00208133237193171,0.0391120395402553,0.369805413304856,NA
"Oip5",66.6193973389492,0.00065279134802823,0.0295526034372243,0.727888034788572,NA
"Rpap1",63.647898461836,0.000531071483609051,0.0296792832852443,0.778118443080083,NA
"Tyro3",20.9156435602353,0.00131674087572256,0.0442079315095519,0.569594927057589,NA
"Mapkbp1",20.8881089583509,0.000164917275120021,0.0409726029883323,0.940099546083013,NA
"Jmjd7",30.3543146140213,-0.000218687887250989,0.0373538877152524,0.919177894760097,NA
"Ganc",60.3351273517113,0.00106801074931631,0.0326594445562165,0.596642941776384,NA
"Lrrc57",27.3798568221864,0.000501919137440198,0.0389079484807037,0.818908914749891,NA
"Cdan1",20.6949699441635,-4.06542291920187e-05,0.0409655393555618,0.98520794177926,NA
"Ttbk2",22.7179558280626,0.000673138520993455,0.0412048330435609,0.762300722430297,NA
"Tmem62",31.31020653384,-0.00101000908958379,0.0392090005843439,0.651305605011804,NA
"Lcmt2",28.601225460852,-0.0013341860943316,0.0416226166797933,0.563437872863582,NA
"Adal",62.6565137676117,0.000713579656661752,0.0309729943354906,0.713496388940069,NA
"Zscan29",45.7491287726775,0.00214054403270305,0.0418557354371456,0.376963708786663,NA
"Ppip5k1",41.4409430887756,0.000704964710583839,0.034802981931377,0.737004461566788,NA
"Catsper2",58.0280651153858,0.00112849829731516,0.0334974383405585,0.583021668168499,NA
"Mfap1b",55.6643421958854,-4.20806638738792e-05,0.0302150217768828,0.982451901050764,NA
"Golm2",65.3482847427085,0.00867637974911215,0.0796386179372909,0.0664244472654055,NA
"Slc28a2",42.4553836416594,-0.00213063293967474,0.0430436714502222,0.385080286580113,NA
"Gatm",16.774762798785,0.000814752317741754,0.0443658421794677,0.714087723151647,NA
"Spata5l1",62.371171085873,-9.74437269706293e-05,0.0290560912673681,0.958201252512054,NA
"Slc24a5",22.0915072404649,-0.000823506996578825,0.0424538959728763,0.713452432632993,NA
"Gm27003",29.3776522458707,0.00126149711382842,0.040860408477348,0.581644644727267,NA
"Usp50",40.5440480690621,-8.38095602337841e-06,0.0340816541579135,0.996762298080976,NA
"Fahd2a",30.2364360060181,0.00105206892377962,0.039465709409579,0.639107336078699,NA
"Tmem87b",56.8175837805197,-0.000543186834300966,0.0311138288221697,0.780739174344857,NA
"Zc3h8",62.3522315299344,0.000963837466680158,0.0316672599171124,0.625151565279624,NA
"Gm10762",27.1671555542692,-0.00102198014758911,0.0405378596064997,0.65064738008706,NA
"Ttl",17.8563108174827,0.000605122881970247,0.0433794104018222,0.784256918746058,NA
"Polr1b",57.1710681991252,0.000431251516815391,0.0304449883490158,0.822461378275417,NA
"Stk35",52.8594245268588,0.000148535954999002,0.0307986222277305,0.938934985350393,NA
"2810036E18Rik",20.44997414012,-0.000657781142039048,0.042045272986383,0.767483582067705,NA
"Pced1a",34.6795587514975,-0.000383270325162106,0.0358304452909884,0.856688699790054,NA
"Ubox5",28.549202672186,0.00194626686514312,0.0449203461706838,0.426654635211845,NA
"Dnaaf9",68.301436557703,0.00145143377481612,0.0341300590057284,0.486349118011553,NA
"1700037H04Rik",59.7605356433996,-5.49398271953408e-05,0.0294540621153661,0.976664133900219,NA
"Ap5s1",25.8834980259438,0.000189968981720947,0.0390584363342555,0.93063242772149,NA
"Mavs",32.6447881047444,-0.000314389118566477,0.0365033674370667,0.883105263856891,NA
"Rnf24",47.5180460844464,-0.00145547082474559,0.0374596072971571,0.512474038085803,NA
"Tmem230",70.6314750770461,-0.000536448804177423,0.0285612512243086,0.76930064022694,NA
"AV099323",30.212164117447,-0.000121500140482081,0.0373381403268486,0.95500590690163,NA
"Shld1",45.8303933420431,-0.000645538687656494,0.0335859235623126,0.753320343450959,NA
"Plcb4",45.5320430200128,-0.000637183631723942,0.033668826220214,0.756756146978804,NA
"Ndufaf5",56.8411973547342,0.000112863455742989,0.0299679314585031,0.952678726377173,NA
"Dstn",50.6454992125638,0.000665333827934114,0.0325417996871561,0.740986802620794,NA
"Kat14",59.8360998481755,0.000847888697829287,0.0315669826600824,0.666829720388405,NA
"Rbbp9",20.3981969259057,-0.00032040786416429,0.0419007637944105,0.884167571213648,NA
"Kiz",71.2741435399885,0.00113913356928702,0.0320099526343951,0.566354774433597,NA
"Gzf1",65.8444027926229,-0.00105289386447106,0.0324144814096236,0.599824947301316,NA
"3300002I08Rik",33.4228131272653,-0.00139683300047331,0.0402465791261713,0.542757287554292,NA
"Gm10130",29.2729111532017,-0.000217278781185041,0.0375306753149775,0.91982648932224,NA
"Apmap",59.2629111023149,-0.00258134655810179,0.0427559979147653,0.301903382777064,NA
"Entpd6",65.0197230200635,0.00126097602973865,0.0329420387384447,0.534445303600335,NA
"Gm14167",22.1587446707513,0.000419207000396952,0.0406644784613493,0.849175324320632,NA
"Sdcbp2",28.3600207200059,-3.06215245530156e-06,0.0376657004663186,0.998868392638603,NA
"Fam110a",31.1583623346626,-6.99202613223382e-05,0.0369047953427884,0.973982420002905,NA
"Gm14164",45.8120974176255,0.0001509701219995,0.0325564064160283,0.940158914521297,NA
"Id1",24.0221444811623,-0.00242166963284034,0.0505505983942405,0.342343487422957,NA
"Tspyl3",18.3294748636118,0.00019958972272221,0.0422940980571787,0.927446943676003,NA
"2500004C02Rik",14.0475867285233,-3.53534388360908e-05,0.0450929213715295,0.986812289335242,NA
"Dnmt3b",56.4330779131962,-0.00309786784184717,0.0473206716010677,0.253823226376898,NA
"Cdk5rap1",52.4353536309154,0.000463084340644462,0.0320369624476517,0.816108244027546,NA
"Zfp341",16.9724522070999,0.000569227439842906,0.0435616163380149,0.796214634581373,NA
"Ahcy",29.125342408029,0.00116216552272069,0.0403542829681341,0.608677218521458,NA
"Map1lc3a",14.4359553993766,-0.0010274794245037,0.0463373988425257,0.643343301042315,NA
"Gss",31.1193827134236,-0.000429465317656814,0.0383283444439353,0.843806787470779,NA
"Cnbd2",35.5716645607279,-0.000459169841637084,0.0357674044345529,0.828725939311285,NA
"Aar2",69.3752867505966,0.000202030161856539,0.0278783520371106,0.910654102012277,NA
"Dlgap4",54.1142455074224,-0.000671399078975477,0.0318321518770579,0.734875213927133,NA
"4930405A21Rik",13.3777314213649,-0.000510715127723999,0.0455201216723459,0.812723465620873,NA
"5730471H19Rik",68.3814636562253,-0.00118724402776801,0.0324121114530906,0.553807239023692,NA
"Tgif2",42.0972548987913,-0.00301796121491624,0.0487214010451743,0.268915573462449,NA
"5430405H02Rik",56.9641983374834,0.00126668473498314,0.0342794407326764,0.544629730695962,NA
"Ndrg3",69.7325979383946,0.000130924284159794,0.0279603153431335,0.942182041956098,NA
"Mroh8",14.1628249032321,0.000978750585836187,0.0462809533552683,0.657883521813468,NA
"Blcap",24.5065585999374,-0.000773939540109041,0.0405829656014265,0.728706380561987,NA
"Tti1",53.1764394647049,-0.000344670688503047,0.0317381389892922,0.861719229426908,NA
"Tgm2",48.9390355331919,-0.00863048141633412,0.0816025584899782,0.0658142654800024,NA
"Actr5",54.3283430691242,0.000278449669451766,0.0308657378481777,0.885962175384164,NA
"Fam83d",39.4937674913062,-5.10514026694671e-05,0.0341343699505874,0.980297050416979,NA
"Dhx35",56.8538289488996,0.00151780873429184,0.0368984183634259,0.491191261355048,NA
"Zhx3",55.1061438686953,-0.000183213409924374,0.030701898608764,0.924550530708861,NA
"Ttpal",68.5964944724064,-0.000520781806571104,0.0288553577046516,0.777660207168348,NA
"Pkig",65.3940277686293,-8.29223648957094e-05,0.0294957108754872,0.964820394416403,NA
"Zswim3",22.5727525760615,0.00117395211558992,0.0432318171544445,0.60862254398757,NA
"Zswim1",17.6275638366826,0.00341479677894166,0.0582639106618732,0.214775635536287,NA
"Zfp335",33.0190277816443,-0.000492120116123484,0.0370251959823633,0.819453266167134,NA
"Zfp335os",45.3655707532391,0.000683784426266403,0.0339463298035789,0.74093752099125,NA
"Gm57463",14.842019904431,0.00060291460030655,0.0447840193378103,0.782711082097302,NA
"Cd40",43.9693796301909,-0.00519128049510838,0.0631544058255254,0.135503432601582,NA
"Slc35c2",63.8664374763525,-0.000251847345103478,0.0288470032026843,0.891606201480037,NA
"Trp53rka",45.5317539042566,-0.000261627301466284,0.0326059996465077,0.896608167824655,NA
"Trp53rkb",30.7204663327872,0.000596460408871245,0.0376712687856805,0.783909350127432,NA
"Spata2",22.3963468653547,0.000644886654763095,0.0410194984150035,0.771669739503919,NA
"Gm31619",23.9733701407464,0.000425335200886142,0.0398449712931402,0.846644297680766,NA
"Mocs3",35.6109043498245,-0.00101498638634341,0.0377803626431971,0.645010449686612,NA
"Atp9a",28.9383306739695,-0.000951535113340158,0.0395696774328264,0.670401410854115,NA
"Fam210b",21.967876891258,-0.00383642155916728,0.0594470799366833,0.191643103244937,NA
"Gnasas1",63.0719829489428,0.00067648313814723,0.0302617911386173,0.723255804981146,NA
"Nelfcd",68.6077445450524,0.000866278688709301,0.0304400901306821,0.651033882546556,NA
"Gm46781",28.2932610118605,0.000560215181136091,0.03844123656258,0.797920845978289,NA
"Zfp831",19.8479856297057,0.000306566220471607,0.0415624548547161,0.889152532359086,NA
"Gm14296",12.2735323591731,0.000648766366281168,0.0464346491543533,0.762179402928208,NA
"Gm14325",24.8154708968139,-0.00190123573505373,0.0460471514702969,0.435923574163616,NA
"Gm14326",17.4306190764623,-0.000910842771056443,0.0442906725494155,0.684312314788629,NA
"Lsm14b",37.1327867705447,0.000766378426350268,0.0364124275623206,0.721737748319315,NA
"Lama5",25.8205796803965,0.000431766360002241,0.0391235901524868,0.843824136826683,NA
"Cables2",55.2425572174716,-0.000576532955213535,0.0318076322570576,0.771105748272544,NA
"Gm30455",26.6717745560527,0.000737898606213593,0.0395615280641408,0.739266711247092,NA
"Zgpat",66.6787274033171,0.00100985793712792,0.0315120682338381,0.607240069059657,NA
"Uckl1",49.7689546359792,0.000244786070053369,0.0316159995714639,0.901292210259618,NA
"Zfp512b",59.7299118339786,-0.000264335632823141,0.0297115477326964,0.888731686002966,NA
"Samd10",24.0984181352399,6.3463227619685e-05,0.0397165941145476,0.976850395105743,NA
"Tpd52",69.8354792802014,-0.000375693733383745,0.0281684310305946,0.835799343226821,NA
"Snx16",36.1483033702138,-0.00152318900457512,0.0403176693763145,0.509805140078278,NA
"ENSMUSG00000121477",50.9644598172381,-0.00134772692615887,0.0359312375669431,0.53281602799341,NA
"Hps3",67.2143902969926,0.00113925743895808,0.0319040351369433,0.565299612781683,NA
"Fndc3b",23.0041081401321,-0.00228663822515419,0.0491242426191337,0.365567561597528,NA
"Eif5a2",26.0103403712911,0.0020097806080196,0.0461321027023214,0.41528743088264,NA
"Mynn",67.503899580853,0.000410548714662627,0.0287148653302104,0.823388428517848,NA
"Prkci",38.8510922702676,0.000454621366061999,0.0350237924134615,0.828626860195676,NA
"Mfn1",63.0531946195488,-0.000331838061471402,0.0292619766449615,0.858957496466479,NA
"Gnb4",27.5063953689419,0.00206352320649801,0.0460282641168244,0.405378252895755,NA
"Gm15952",18.0896877680523,-0.000779130801236081,0.0435281943809862,0.726784310103161,NA
"Mccc1",31.1859325531122,-0.0016122999121513,0.0426013248071453,0.495152711722484,NA
"Acad9",54.4866984298652,-0.000446644470161126,0.0311677616128315,0.819218668486584,NA
"Zfp267",19.5453958880081,-0.00216981697112192,0.0495732831539167,0.381420315658464,NA
"Bbs7",15.0599948630685,0.000695474363374556,0.0448691967856635,0.751536066918832,NA
"Cetn4",41.3366214941075,-0.00140877654545224,0.0384067784056986,0.531160330083144,NA
"Bbs12",56.31394090062,0.000150279898896569,0.0302146344966508,0.937384332533842,NA
"Spry1",19.1546617239831,-1.32754160921489e-05,0.0418176699973562,0.995166267510087,NA
"Ankrd50",30.9110512474184,-0.000480797627397512,0.037421640607569,0.824213593281816,NA
"Hspa4l",67.9767677531296,0.00410625203054907,0.0519618716791016,0.174785971172085,NA
"Mfsd8",40.3473421251973,-0.000980111173421125,0.0365256053241508,0.650835755740153,NA
"6430590A07Rik",25.0278973140381,-0.000164308862261388,0.0391203827766275,0.939988790525853,NA
"D3Ertd751e",62.4052750734609,0.00249948778516851,0.0416806758208234,0.30813080755386,NA
"Rab33b",44.9157810471968,-0.000189924459784551,0.032705540824458,0.924975742665345,NA
"Lhfp",15.0998929665215,0.000213795369456473,0.0440875031422947,0.921457395891634,NA
"Nhlrc3",50.0318055149374,0.00285299059292539,0.0460255570897798,0.279742730880047,NA
"Spg20",46.7577818783627,1.07155601414903e-05,0.0321504636258539,0.995714601191211,NA
"Med12l",40.4811003578437,-0.000904623211283338,0.036211300331132,0.674248717972654,NA
"E130311K13Rik",21.131752099344,0.00262082344777831,0.0517860487165033,0.313514617704911,NA
"Lekr1",16.4092044121393,0.00166091182495941,0.048085386454035,0.478264621648619,NA
"1110032F04Rik",26.7286662202736,-0.00172548406810622,0.0447309039801219,0.472181452314242,NA
"Serpini1",18.3202001518075,-0.000416489625352236,0.0428687832875984,0.849755621441003,NA
"Fnip2",56.7038507514786,0.00100538837147416,0.0329421820334068,0.620567358178951,NA
"Etfdh",56.1024770141163,0.000348927716421858,0.0306057592127526,0.856514400107043,NA
"4930579G24Rik",44.0688327670764,-0.00090166490570701,0.0351099048306858,0.669954629853612,NA
"Gatb",55.0843464146087,-5.63550736593041e-05,0.0306980910178618,0.976760874152682,NA
"Arhgef11",44.6039605527716,0.000624298145899116,0.0338246026499149,0.762152206803862,NA
"Pear1",10.7896313229765,0.000553645947148537,0.047295133303878,0.79139807441657,NA
"Rrnad1",52.1910015478225,-0.000729840804156972,0.032720854546785,0.717944398973498,NA
"Iqgap3",34.259713099588,0.00173223362804855,0.0421369618609159,0.465832834935525,NA
"1700113A16Rik",56.8170490008819,0.00228684119087566,0.0415382446543718,0.346264008950935,NA
"Tsacc",62.9903563568455,0.000777113237535941,0.030807815335932,0.687943349123264,NA
"Tmem79",15.3146848769172,0.000617473841050788,0.0445471666172292,0.778282745378619,NA
"Slc25a44",38.4740092886254,0.000874544870872362,0.0363845095807138,0.685025286564097,NA
"Ubqln4",64.3852446984717,0.00403751525047255,0.0519341665913475,0.180106465432873,NA
"Syt11",26.3116851351784,-0.000930499625709235,0.0407414687929012,0.679038126717249,NA
"Msto1",71.1071785398959,-0.000501329624750225,0.0284122035932709,0.783235838540796,NA
"Rusc1",32.193616787753,-0.000775610441442407,0.0380423175609171,0.723608166730842,NA
"Gba",25.3297558344038,-0.00257515528799817,0.0501935035642653,0.323962355486834,NA
"Trim46",20.2828431412175,-0.000402322841294813,0.0416266906658472,0.855202550807874,NA
"Adam15",24.6326923315275,0.00400453748533689,0.0595211217345204,0.185243713940399,NA
"Gm15417",31.5209618065866,0.00034464894780716,0.0368319070127745,0.872454588449485,NA
"Flad1",34.5527746302902,0.000708013089909016,0.0367369768026899,0.742864448055423,NA
"Pygo2",47.0765262742562,0.000743744258298152,0.0344992097416149,0.721892364301582,NA
"Pbxip1",61.8173426500246,-0.000111361382653163,0.029577812819282,0.952861738102502,NA
"4632404H12Rik",21.3931920911119,0.00455084611633529,0.0641961370433301,0.147268731375988,NA
"She",22.0803158097312,0.00163486181668764,0.0461277009878456,0.490681204245278,NA
"Cfap141",14.8859693283688,1.68159944839978e-05,0.0440825137157336,0.993799259137533,NA
"Slc39a1",51.9118804046891,-0.00222364871821643,0.0418212625336154,0.360344490243497,NA
"Crtc2",31.4560685179699,0.000330310358386509,0.0368410476516401,0.877708851563429,NA
"Dennd4b",55.1653146923496,-0.000255562350424962,0.0304733943939142,0.894343172743188,NA
"Them4",37.9957014268187,0.00121059669264191,0.0384455142698394,0.588048650012165,NA
"Rfx5",33.3982306820063,0.000752196541608033,0.0372632162675085,0.729328536583583,NA
"Zfp687",42.1383543493204,-0.000281100675021115,0.0344651468188184,0.89247458784389,NA
"Gm16740",20.2049636532409,-0.00277468580202051,0.0530812525203571,0.291621336037363,NA
"Mllt11",30.9161661151973,-0.000383237245716496,0.0380292936790258,0.859989535319783,NA
"Prune1",26.8961449768445,0.00231770527698881,0.0476908234447909,0.362788048136154,NA
"Mindy1",32.629711262906,-0.000823203402633751,0.037847259022791,0.707245563303739,NA
"C920021L13Rik",14.6912387453457,0.000379953252440862,0.0449929302125625,0.860218806129367,NA
"Ciart",32.4099059190773,-0.00154252499610165,0.0415034360851349,0.509221821106753,NA
"Vps45",55.6415172288422,-0.000548794204875178,0.0312788555209949,0.779339389481045,NA
"Pex11b",43.7720237144812,-8.32199882297652e-05,0.0328826581872876,0.967190684334639,NA
"Acp6",37.101215531011,0.000605320822666163,0.0362620776477067,0.777387649309591,NA
"Prkab2",13.1468792046805,0.000690703019955421,0.0460529846926195,0.749555081438281,NA
"Gm5544",26.3509978312504,0.00313436571088332,0.0531946758317878,0.258868467775748,NA
"Wars2",70.8218647166262,-0.000722812160147669,0.0293029598955538,0.697850803670671,NA
"Gdap2",58.9918208598185,-0.000425715701333802,0.0310805929573357,0.827227025236594,NA
"Tent5c",55.5037219407742,-0.000772355320384503,0.0328686898479059,0.703168785418308,NA
"Gm42869",12.5908657784464,0.00119437021267124,0.0481990707962125,0.586289328857574,NA
"Gm43462",25.8420373015538,0.00152510580158059,0.0434026852239602,0.517328546945642,NA
"Cd101",48.7624135242745,-0.000452033071181536,0.0327308798156534,0.822862860680194,NA
"Ptgfrn",22.2358715858939,3.67066899330682e-05,0.0408874596119097,0.986643361588685,NA
"Gm42941",14.8284696491921,0.0002856842544553,0.0445095920637753,0.894919631369844,NA
"Slc22a15",41.8072608063514,-0.00136724618336424,0.0381075432585181,0.541159801617533,NA
"Dennd2c",37.2488349039269,6.64400789867199e-05,0.0353557276972119,0.974817148721059,NA
"Dclre1b",52.1223607373128,-0.000385707261483332,0.0317783121501967,0.84558314188505,NA
"Ap4b1",25.617862155813,-0.000627881141297919,0.0398635975134816,0.776548683988474,NA
"Bcl2l15",12.5542303883067,0.0012838828061126,0.0484494780336788,0.561367468490922,NA
"Gm15472",12.5582817087915,0.00128058846854874,0.0483582587921801,0.562882135934811,NA
"Lrig2",62.1322958932908,0.000299902418259402,0.0296704927409095,0.873732738267243,NA
"Gm43696",12.8146428671179,0.00138366601532422,0.0486872476754547,0.535272660110194,NA
"Tafa3",52.6424331221013,-0.00175662293579408,0.0387964906450384,0.442643328009969,NA
"Gm42659",19.1034632484834,-0.000221942861403719,0.0420194993354737,0.919438122483019,NA
"Inka2",35.3553900228094,0.00185865764627257,0.0426362015780931,0.439329396072075,NA
"Gm43328",21.9373117237493,0.00187962426488587,0.0469217952139258,0.439064797522137,NA
"Gm43330",15.3360628330028,0.00199664149230719,0.050548548718294,0.402063715983407,NA
"Gm42722",30.0330094499052,0.000307303039475726,0.037341427235372,0.886709955128467,NA
"Gm27008",15.0140197788883,0.00142622372726502,0.0476211168332912,0.532273506913496,NA
"Prok1",41.7710888732894,0.000218216897357922,0.0339801765955648,0.915754562917505,NA
"Strip1",43.5743196233307,-0.000545111075035218,0.0337376341663677,0.791137994470117,NA
"Csf1",48.6460825260303,-0.00313560287220157,0.0483963357385354,0.253860097024125,NA
"Ampd2",55.9781166996503,0.00221143070002273,0.0406933394249026,0.355025870815946,NA
"Atxn7l2",29.6518898306138,0.00153781157727497,0.0421891671619114,0.512244487088822,NA
"Tmem167b",52.8337057167599,-0.000925162789256187,0.0342628720751304,0.657211160198122,NA
"Wdr47",27.4913039336978,-0.000778013965308698,0.03997555155201,0.726662923396297,NA
"Slc25a24",56.1351554316784,0.000858495557035234,0.0322422386051801,0.667760050565852,NA
"Prmt6",34.0918148450161,-0.000579752153049636,0.0365212297450642,0.787137621682654,NA
"Amy1",27.9199398171746,-5.8141489250286e-05,0.037968876457782,0.978571873716171,NA
"Extl2",48.7382505770164,0.000461154645804306,0.0323247684890481,0.817919482263847,NA
"Agl",44.0548056279971,0.00361431847425603,0.0524082737650711,0.216959474628769,NA
"Frrs1",54.2826281528016,-8.29613518808315e-05,0.0306699415416864,0.965772761915686,NA
"Rwdd3",25.0356454392429,1.88075909314568e-05,0.0389998299624124,0.993115056557213,NA
"Alg14",69.0071093715884,-0.00014355372056815,0.0278910853752299,0.936490080027094,NA
"Cnn3",21.9176049121414,0.000902036389422453,0.0424170855829754,0.688845083962009,NA
"Abcd3",37.8855417572088,-0.000629251324065937,0.0366687692279992,0.770067876062946,NA
"Arhgap29",33.1101893428332,-0.00167549757169375,0.0419342871772599,0.478354939176971,NA
"Gm17494",20.806865829917,0.000458354055232962,0.0414663396363135,0.835588173272507,NA
"Usp53",61.8234992063936,0.000409614764306158,0.029527179189658,0.827450201352654,NA
"Sec24d",45.7886644356266,-0.00200887610047065,0.0412371760029755,0.400542770156569,NA
"Egf",17.1762835783782,-0.00107789281634673,0.0451684878823013,0.632907028900896,NA
"Papss1",53.4941710304771,0.00058659591150847,0.0316112443234972,0.766249111321206,NA
"Manba",46.2937768446288,0.00214956232772685,0.0418102849251671,0.374891500914585,NA
"Dnajb14",37.6435776854326,0.00305488423385154,0.0500627968270718,0.267617847659094,NA
"Mttp",36.408715849025,-0.00143536636477849,0.0397395145000524,0.530405861873455,NA
"Pdlim5",69.253812354447,-0.000507820962034479,0.0287909639228932,0.782714139807644,NA
"Ddah1",12.8901635305894,0.000690986089320229,0.0461808146835628,0.748985710509722,NA
"Mcoln2",30.1062949130199,0.00132272542861458,0.0414294375980426,0.566127775132526,NA
"Ssx2ip",41.4800886193947,-0.000960944868835464,0.0361189712360395,0.655181906836978,NA
"Ctbs",14.5883427207034,0.000674523485674096,0.0450981077948711,0.757901656323593,NA
"Spata1",59.1478040587214,0.00188747881514933,0.0379685927218712,0.404451930105332,NA
"Dnajb4",29.3475782272655,4.3538970021675e-05,0.0374472603186524,0.983881019770939,NA
"Miga1",50.4541905835677,0.0010382236290693,0.034176832260325,0.618258516454496,NA
"St6galnac3",38.4433272550645,-0.00237041923864256,0.0450683617904327,0.349706325387836,NA
"Tyw3",31.148827365571,0.00124813213916437,0.0401758119780634,0.583550768922914,NA
"Cryz",18.3916191953935,0.00146709541797289,0.0461378598308786,0.528746337887402,NA
"Fpgt",22.318127544449,-2.815266276484e-05,0.0402010197873052,0.989744198485502,NA
"Wls",39.1608577387794,-0.00129285132520982,0.0386948218095451,0.56526135518563,NA
"Fam110b",19.834753855894,0.0017787634003053,0.0471967089746725,0.458046653599855,NA
"Asph",25.6545411766869,0.000221013691977145,0.0397946148966209,0.919633775823327,NA
"Cfap418",37.4139838733212,0.000774614590208593,0.0364956918926448,0.719215710442737,NA
"Pdp1",30.3652457874678,-0.000178055889416386,0.0369890441562838,0.93390001645817,NA
"1700123M08Rik",26.1516225956223,0.00180090305340919,0.0447780811099157,0.456112445688119,NA
"Tmem67",14.5050592491917,0.000131220862813951,0.0446158151649289,0.951411595137989,NA
"Rbm12b2",15.8623714392321,0.000787545645936098,0.0448276258415862,0.721719909710948,NA
"Rbm12b1",17.8382101681162,0.00109016076850459,0.0447692271695303,0.630376636099265,NA
"Decr1",51.486500804772,0.00167901568945404,0.0378218933403168,0.455080245675118,NA
"Osgin2",39.8015366652467,-0.000987281531154253,0.0368719600263123,0.650080103608968,NA
"A530072M11Rik",35.823504601168,0.00266015617680588,0.0475476518000196,0.312221604283259,NA
"Cnbd1",20.7039551224393,-7.02702376496061e-05,0.0414460571809977,0.974435761736956,NA
"Gm12353",16.3277873601564,-5.3984221056725e-05,0.0432888605403226,0.980224881728423,NA
"Ggh",18.2771043172773,-0.000715579135767995,0.0432912206029689,0.747644194276521,NA
"Tstd3",38.656347004409,0.000101542073353966,0.0343079587815331,0.960932423496038,NA
"Coq3",62.8814550023788,-0.00177008698960724,0.0366081712416461,0.421437657970708,NA
"Fbxl4",38.5574373180153,0.00100043592785543,0.0371483827803688,0.647055739934796,NA
"Klhl32",16.9402079703743,-0.000739675080800733,0.0440799970484681,0.738701143475154,NA
"Manea",64.872189891456,0.00042324873796794,0.0290736679636723,0.8197082878419,NA
"Rragd",15.4559671012485,0.000511454445503933,0.0443040450488804,0.81500262781065,NA
"4933421O10Rik",15.8081344733688,0.000466026421102789,0.0439682830331733,0.831315028748561,NA
"Mob3b",55.7347987087509,-0.000331725422183231,0.0305637629310302,0.863391133518623,NA
"C9orf72",31.3475799034078,-0.000651595585889482,0.0378072691730601,0.765105218283025,NA
"Aco1",60.3091696358271,-0.000319836843316473,0.0296258092355622,0.865256280239833,NA
"Smim27",61.8858891126271,-0.000567030051729618,0.0300801199861249,0.765780795119597,NA
"Nol6",61.5242014542506,0.000621440184458287,0.030314343543612,0.745392452505282,NA
"Fam219a",18.2714614279568,-0.000202498697045322,0.0425429551442509,0.926329827752208,NA
"Sigmar1",66.7753436652142,-0.000638808310975243,0.0296358202470176,0.734096051486609,NA
"Galt",29.1210375883532,-0.00114860555281171,0.0405677977542953,0.613113984499268,NA
"Fancg",25.5084046702066,0.00192012626896341,0.0461213558182821,0.432232299490956,NA
"Pigo",24.2211509359625,-0.0014782607564985,0.0437442597052399,0.528948350446111,NA
"Tesk1",16.4898542084529,-0.000391067725641587,0.0434681447592958,0.858246741683471,NA
"Sit1",68.7589451127089,0.000657054106235071,0.0296594603601848,0.726908624077608,NA
"Arhgef39",22.8752480592817,0.00138606173403176,0.0437498014680582,0.551975889661115,NA
"Gba2",22.2554044739527,-0.000576634926642827,0.0411863605460348,0.794796388918386,NA
"Rgp1",25.1428170073197,-0.000567927129281419,0.0397485973289102,0.7969079793487,NA
"Reck",37.5085090749673,-0.00190192345923076,0.0424394831861433,0.429271289998393,NA
"Gne",64.4958595720775,0.00117180774162451,0.0325291082976576,0.560107744652161,NA
"Zbtb5",38.6370450079664,-0.00263476985019826,0.0469882588896676,0.314439121430484,NA
"Polr1e",68.5017010887336,-0.000479290254918331,0.0287430867613371,0.794443787648237,NA
"Trmt10b",44.1360052151266,0.000684659745248787,0.0341263624638785,0.741416729700189,NA
"Tdrd7",43.5110682029504,-0.00293995874334305,0.0482599423099462,0.277106469559661,NA
"Galnt12",57.0159461860266,-6.21459611094791e-05,0.0300755350062226,0.974001053786673,NA
"Alg2",64.4674927322875,-0.000350995152009104,0.0290701994534716,0.85015312202882,NA
"Gm57084",18.0695614584435,-0.000392503277195538,0.0426296935538238,0.85834435041304,NA
"Zfp189",13.3131566141754,0.00118256532541496,0.0474869221766334,0.594165242431367,NA
"Slc44a1",39.6076236372937,9.72138107682104e-05,0.0342201581884632,0.962544522901136,NA
"Fktn",60.3932271211045,-0.00071318730507793,0.0308647746860787,0.712934029726044,NA
"Tmem38b",21.9203249210777,-0.000732787496456752,0.0416598936221107,0.742735739840236,NA
"Pakap.1",38.2041334916253,-0.00271749871324916,0.0483965175886076,0.306002670031625,NA
"D630039A03Rik",39.8798502446299,0.000842310808524254,0.0357070433003426,0.69300991133005,NA
"Ptgr1",12.7730589363518,0.00043435386378583,0.0458482382241484,0.838925130359722,NA
"Dnajc25",51.5216813486445,-0.00267832517734849,0.0446770742199736,0.298309765225505,NA
"Susd1",51.3462021343207,-0.000134719862493406,0.031533115257917,0.945482595760226,NA
"E130308A19Rik",43.4554575508772,0.00180781653595671,0.0401208357214655,0.438919623828119,NA
"Snx30",29.6560857089767,0.0010205454932084,0.0396900262497643,0.649310778104347,NA
"Slc31a1",58.9511409072903,-0.0038513545585909,0.0515329164618,0.193928687109545,NA
"Tmem268",29.4691033405881,0.000736920927703549,0.0385832953814809,0.737814890744961,NA
"Trim32",15.7743636500436,-0.00158210118378404,0.0480556415335094,0.494931663941382,NA
"Tlr4",29.862101981211,0.000343064579374945,0.0375569486446209,0.873944467953483,NA
"Megf9",23.6120076324637,0.000292800692104243,0.0401662012585477,0.893911882207171,NA
"Tle1",19.5172758787426,0.00149300808670669,0.0457315051533569,0.523659439893129,NA
"Ccdc171",57.4931908288817,0.00115861242564996,0.0340279927370639,0.577305046526641,NA
"Plin2",40.5331168061858,0.000855341132598103,0.0358073203572566,0.689022930007402,NA
"Cdkn2a",52.5928994507553,0.00246507990107488,0.042946478748145,0.323004489279236,NA
"Gm12610",58.0371298693035,0.00133806107393793,0.0347007150191127,0.525974804643545,NA
"Tusc1",42.4987040274819,-0.000235099868303221,0.0335352958067013,0.908589581357557,NA
"Gm12655",11.849027371823,0.000919929404045502,0.0474659536033924,0.669462091326889,NA
"Ift74",70.9849951122169,-0.0011460925831892,0.0315349652958701,0.55931191757671,NA
"Patj",55.2237115022382,0.000521319580076543,0.0311303341311157,0.789444080444923,NA
"Atg4c",10.7446690689175,0.0012480836974005,0.0493461517712693,0.562557527829207,NA
"Alg6",58.0942964736472,-0.000465085174743779,0.0305678721357741,0.809312545155167,NA
"Efcab7",42.767682186568,0.000382136636829936,0.0336031666239128,0.852220815814093,NA
"Raver2",12.9413620060891,0.000960649765928658,0.0470504030479173,0.659556984403565,NA
"E130102H24Rik",16.4024544342202,9.5265002414401e-05,0.0432346256639364,0.965132447247451,NA
"Ak4",28.9856731040355,-0.00159722195481374,0.0428096205869296,0.499174500187754,NA
"Pars2",18.3744371176708,-0.000326054942466509,0.0424131527227379,0.882004686089977,NA
"Cyb5rl",14.8281298162629,0.00201162906430845,0.0506700926482241,0.398812837391253,NA
"Cpt2",16.7157512158443,0.00205166939097525,0.0500333252372651,0.39709367702049,NA
"Gm12743",12.5327727671495,-5.0490485323187e-05,0.0456525562375658,0.981010917268763,NA
"Btf3l4",71.1577622423436,0.000496835803374721,0.0284330516226311,0.785265589798547,NA
"9630013D21Rik",27.1979821457082,0.00252060517920549,0.0488812493796393,0.332756808171582,NA
"Bend5",13.1174781832673,0.000302519287902957,0.0453910990078556,0.887596658022392,NA
"Mob3c",32.7097756518385,0.00129875114203047,0.0398758493100828,0.568339515124429,NA
"Faah",68.9579076084323,-0.000295217729354449,0.0287598543636086,0.872762914161652,NA
"Nsun4",27.9505129094226,0.000921837397988587,0.0399061439277597,0.680416120028622,NA
"Lrrc41",70.8332887128213,0.00144540830477386,0.0333774755333269,0.480534273043785,NA
"Pomgnt1",60.2265302136087,-0.000249024897943417,0.0298491574646409,0.895496026319115,NA
"Tmem69",46.0212464387008,0.000807636344048206,0.0340401487678538,0.69697294517839,NA
"Ccdc163",21.1499537652842,-0.00117121796856013,0.0437384798208876,0.609122770640625,NA
"Tesk2",22.6296442402824,-0.00180594368156442,0.0464796428770951,0.454257160095503,NA
"Mutyh",23.5567142951748,-0.00206138633010924,0.0474114180917482,0.405117725315762,NA
"Hectd3",25.3993374063597,0.000267525283744009,0.0395605681132404,0.90276798561759,NA
"Btbd19",46.6136057215461,2.01610632367038e-06,0.0323153430662916,0.999196315149349,NA
"Plk3",46.9307799001058,-0.00023490842558945,0.0322254957613145,0.906423570368014,NA
"Dmap1",58.4689703313835,-0.000803139164274842,0.0317063728724994,0.684464048066302,NA
"Slc6a9",19.5446365570779,0.000712578927520396,0.0425528843233849,0.749199038424597,NA
"Dph2",19.1350491708526,0.00086807524935501,0.0433806902229091,0.698830669573023,NA
"Ipo13",19.0451246627347,0.00209158882208929,0.0492942142903795,0.394700295693096,NA
"St3gal3",52.7204215513908,0.000947298982877057,0.0339473983456755,0.647655172697139,NA
"Szt2",33.3579780627885,0.00129888231372208,0.0396988621939489,0.567669902468903,NA
"AU022252",41.1240798846762,-0.00121570569305848,0.0376943354934522,0.583025585418929,NA
"Ppcs",54.9208326447844,-0.000301999975435548,0.0306114122790657,0.875672690128473,NA
"Exo5",49.8581847954031,0.000469015793538432,0.0320179255677472,0.813724332244765,NA
"Zfp69",17.2261293908275,0.000509818838574539,0.0432764365461713,0.816901667388436,NA
"Mfsd2a",21.5098692626093,-0.000861518331486656,0.0421594461844327,0.701496453888441,NA
"Fhl3",18.5646968822082,0.000853688104082512,0.0438310091634953,0.702760178639373,NA
"9930104L06Rik",24.7466855284261,-0.00109600060501944,0.0417427867364648,0.63029132699442,NA
"Zc3h12a",48.8075057428059,-0.00228372548725235,0.0424710378217624,0.35284075839935,NA
"Eva1b",48.8623214473837,-0.0029258023639323,0.0473539518850302,0.275794387787745,NA
"Ago1",68.7467911512546,0.000626552622740142,0.0291438653794154,0.735727455081289,NA
"Ncdn",36.4027478096108,0.000698217662098403,0.036303035366642,0.744894269411198,NA
"Gm12940",31.518176815414,0.00326468506119155,0.0527632933011984,0.247974923419089,NA
"Zmym6",41.8826661881859,0.000547984641918317,0.0349128011331736,0.794025651441933,NA
"Zfp362",67.7424056642647,-0.000764871050099061,0.0300471243099646,0.686973196882259,NA
"Zbtb8a",40.9899310124977,0.000801144858713158,0.0352555564906409,0.705155340002208,NA
"Bsdc1",60.4472541290812,-0.000752589336875823,0.0310608921554284,0.699113790376399,NA
"Iqcc",41.0664791889259,0.00119094365966522,0.0370349362893271,0.587042942681609,NA
"Ccdc28b",28.1302676671809,-0.00299662412691554,0.0519602068944503,0.273931379867652,NA
"Kpna6",63.7212342243514,-2.68448509947698e-05,0.0290556148652296,0.988480759530575,NA
"Tmem39b",44.8545049876582,-0.000799938001469779,0.034666594441869,0.702846926640543,NA
"Phactr4",68.1266077329964,0.000372532488286308,0.0284044878006257,0.838217518359867,NA
"Med18",64.0562128500826,0.000902796591703726,0.0312905118860325,0.644368961509358,NA
"Ahdc1",32.4041766960186,0.0022306787496781,0.0459562846781687,0.37575123208336,NA
"Gpatch3",19.0003430008914,0.000626495746691012,0.0427671090924947,0.777618895317455,NA
"Gpn2",60.7981048724886,-0.000922513917361002,0.0318177063504234,0.641337780007237,NA
"Pigv",37.8366437926445,-0.000677955848284389,0.0356880389904833,0.749927811704149,NA
"Crybg2",24.038089505814,-0.00133413634775786,0.043379000096367,0.565353902524026,NA
"Aunip",57.4713787813894,0.000211058630104157,0.0299783549196677,0.911643100183318,NA
"Ldlrap1",21.255193931596,0.000169330200150168,0.0408016945407342,0.938494453334971,NA
"Nipal3",49.5050406274991,-0.000233883122092492,0.0320089174397905,0.9064262071423,NA
"Cnr2",18.8250946781839,-1.27054061557347e-05,0.0422252488367823,0.995368967355175,NA
"Gale",37.3368863238495,0.00287707110469251,0.0486974515878125,0.286068289005116,NA
"Zbtb40",21.0006778412964,0.00204651098535073,0.0483531563397064,0.405545754174682,NA
"Alpl",47.3059754390597,0.0058650360921157,0.0662695069670299,0.114677893958569,NA
"Pink1",17.5071672528904,-0.000273952490721125,0.0427983678191974,0.900478500603191,NA
"Mul1",39.4704434506202,-0.000270013988845559,0.0343216749194741,0.896453363824502,NA
"Otud3",18.5655504716158,-2.59898258083395e-05,0.0420508237927888,0.990532066122184,NA
"Akr7a5",42.6391473452411,0.000788494190845018,0.0349014500709415,0.707957366349192,NA
"Emc1",54.6988859413041,9.1153686723857e-05,0.0303858812379205,0.962149439117179,NA
"Iffo2",39.1710007228268,-0.000909470493855467,0.0364200308071125,0.673550054439286,NA
"Aldh4a1",23.7208797106891,0.0023972295649301,0.0493148952394407,0.349282204621346,NA
"Atp13a2",24.5071666148932,0.00146445367955968,0.0435426991675975,0.532266179753339,NA
"Zbtb17",64.196293637908,-0.000429707114566145,0.0292037696370451,0.817610358830133,NA
"Plekhm2",40.7324480827372,-0.00124396472240625,0.0375040939305133,0.573630189791416,NA
"Dnajc16",27.3547313442078,-0.000305487239353274,0.0386809880757616,0.88858272916691,NA
"Casp9",15.765552395317,0.00097944428362541,0.0455631477625194,0.660378666178404,NA
"Pramel12",29.3966860602867,0.000905779421226223,0.0393515340558502,0.684348334019586,NA
"Tnfrsf1b",68.744700508776,0.00119696100549684,0.0323018562622709,0.549475603748692,NA
"Zfp268",27.6537106149236,-0.00214515179400066,0.0465929767224463,0.391084637379147,NA
"Zfp992",18.7783962974111,0.0011361916371593,0.0446893339418392,0.617567451171492,NA
"Zfp984",67.8047531958367,0.00217709090294495,0.038768726106409,0.346220565800645,NA
"Miip",68.2258866179903,0.000141736186241263,0.0281013104082769,0.937658547475806,NA
"Mfn2",58.1213465952945,0.00140330217363568,0.0349799916799482,0.508615306745293,NA
"Clcn6",22.9310619111452,-0.000140077530390212,0.0399610380600038,0.948998244506698,NA
"Mthfr",58.9055932458504,-6.4699559232032e-05,0.0296267973217505,0.972637430340351,NA
"Agtrap",57.7965253081037,-6.20378250343397e-05,0.0298252087411798,0.973889748531541,NA
"Fbxo6",55.8098852808157,-0.000936726606208362,0.0326902506956204,0.642808747625489,NA
"Fbxo44",22.2864913226791,0.00120321616432515,0.0432839505850306,0.600498551753661,NA
"Ubiad1",22.7250456389109,0.000599683968427519,0.040772213269331,0.78681099457455,NA
"Dffa",33.1358722080244,0.00041328380162606,0.0370706511472245,0.847866960880759,NA
"Nmnat1",31.4089863451911,-0.000870243031247704,0.0386794195178079,0.694132231249504,NA
"Ctnnbip1",20.3793437037053,-0.00199042052070687,0.0483074263489683,0.415268512182092,NA
"Clstn1",34.4954341918272,0.00149598213548641,0.0404985554315617,0.517550821551745,NA
"Tmem201",43.3829674530301,-0.00209849327945234,0.0423927181265555,0.388315678676756,NA
"Slc25a33",43.3561854239796,-0.00109535031613944,0.036045546486769,0.611292023261991,NA
"H6pd",17.7873515255458,-0.000362080115354255,0.0427065614164603,0.86906413324481,NA
"Errfi1",22.0617663861225,-0.000154180514011264,0.0403667227105344,0.94393980206491,NA
"Phf13",30.7961462369723,0.00079993595110817,0.0382515634871081,0.716056343368147,NA
"Zbtb48",12.0203689319238,0.00146493818006726,0.049485371657545,0.509937552879385,NA
"Tnfrsf25",57.2198282744779,-0.0012500573694479,0.0342307869859366,0.549487729529429,NA
"Icmt",25.7241004694106,-0.000512093104151062,0.0396170332486961,0.816093181149729,NA
"Cep104",58.6839214824929,-0.00026323954846524,0.0300636858900485,0.890132949272584,NA
"Wrap73",47.524116396507,0.000848679328388441,0.0339204880629057,0.681830229494348,NA
"Prdm16",23.3972953871396,0.000396509683355811,0.0405885362745959,0.857148248525436,NA
"Tnfrsf14",23.1132550690506,-0.000738591808901346,0.0410844306281888,0.740630902087059,NA
"Pank4",39.012985195015,-0.000797496635713317,0.0358266546512357,0.708844490485757,NA
"Pex10",21.7253194873615,-0.000241150079340164,0.0406398475969541,0.912561553843598,NA
"Prkcz",38.4302191054013,0.00185122703075302,0.041549536181195,0.43654346895537,NA
"Slc35e2",66.7739112476623,0.00026047335886664,0.0298204797528981,0.89064072321495,NA
"Gm16023",40.5633206998336,0.000806636575602262,0.0356575583474976,0.70500385503771,NA
"Dvl1",28.465325868554,5.67453053330085e-05,0.0381035850323131,0.979108091592653,NA
"Cptp",41.6004918718534,-0.00235713084281425,0.0449906609938922,0.351680514902192,NA
"Pusl1",30.7943011689455,-0.000786156403893686,0.0384740155548264,0.721168793481963,NA
"Acap3",20.2620585172521,-0.000253922302303075,0.0414285431542636,0.908007696946572,NA
"B3galt6",58.7371959176357,-0.0013405682630089,0.0348656322816744,0.52659487053565,NA
"9430015G10Rik",66.0275438878431,-0.00106126918794654,0.0317418501799429,0.590998100435986,NA
"AW011738",47.4086536705058,-0.0012672590960553,0.0371079001171175,0.564501122943004,NA
"2510017J16Rik",16.8923664666654,0.000700692862568103,0.0440590083994905,0.751473432205559,NA
"Pex1",70.3245669994802,0.00158146173284859,0.0343406213761514,0.450297681081688,NA
"Mterf1a",25.8694629621253,1.54092642788952e-05,0.0392393427204134,0.994366099047985,NA
"Gtpbp10",58.128725521899,0.000735173874256386,0.0316742757179639,0.709761236738897,NA
"Rundc3b",60.0025285736448,-0.00151958626773348,0.0353914222143731,0.478238512480195,NA
"Abcb1a",39.5618077938271,0.00124071475203389,0.0385421496768393,0.579639888755997,NA
"A630072M18Rik",48.9720470255869,-0.0012168161679487,0.0354884974277276,0.569519929282265,NA
"Ptpn12",69.8687576985502,-0.00113576565813235,0.0319752194115807,0.56718428373695,NA
"Fgl2",36.0110871492029,-0.000733645058805814,0.036682149734228,0.733870632830414,NA
"Napepld",17.8412486584798,0.00116629314222728,0.0450568291688072,0.608434423237961,NA
"6030443J06Rik",22.1544691273167,0.000601808702259746,0.0416640923417333,0.786308150777684,NA
"Gm57286",16.3465463238793,-0.000222705539714479,0.0433684537270128,0.918675945675747,NA
"2700038G22Rik",44.0340130792926,-0.00107877277074543,0.0358571600122581,0.615514143768604,NA
"Klhl7",59.847645794674,-0.000384524832010897,0.0301177262830531,0.84022343279426,NA
"Nupl2",57.0949327626018,0.00236166602426784,0.0415112875559857,0.331912900404227,NA
"Atg9b",14.5945789421442,0.0015796522498048,0.0485626864375709,0.492411381952224,NA
"Abcb8",35.8943010363925,7.28918930098579e-05,0.0356867652901555,0.97249307138061,NA
"Cdk5",66.4478022796573,-0.000720051016505905,0.0299415305572111,0.703802089169415,NA
"Slc4a2",30.577563263379,-0.00120330411170054,0.0405654748477577,0.597347615054825,NA
"Tmub1",63.1604965698703,-0.0010024571459845,0.031946531532374,0.613635037487299,NA
"Agap3",44.558817706497,0.00251488803001202,0.0446932946654618,0.324250546008603,NA
"Chpf2",25.9775823780871,0.000266362360334402,0.0388132151645686,0.902804078811673,NA
"2900005J15Rik",19.2279111527604,0.00365209867002534,0.0591028116709294,0.200031126059073,NA
"1700096K18Rik",25.0399209826775,-0.000439764547184657,0.040004516474403,0.841662409493378,NA
"Xrcc2",38.4292712575163,0.000813300339353057,0.0363372920558733,0.705466720362884,NA
"Actr3b",17.8583217948896,-0.000313422301672365,0.0426149078757334,0.886426100807532,NA
"Lmbr1",46.9810744867972,0.00194648404600714,0.0405210729461755,0.409765688176705,NA
"Adgrf3",16.5096260022971,-0.000509672112293275,0.0437200975102675,0.816460488601279,NA
"Gm57315",48.0233747916592,-0.00150103757738392,0.0373592519223681,0.499162216552358,NA
"Drc1",62.1794795004155,0.00121390812634586,0.0343063072403761,0.561624671967895,NA
"Tmem214",49.0098398931556,-0.00241671306727722,0.0437468924565728,0.336008237647892,NA
"Agbl5",14.6606803359332,0.000651883003804371,0.0452337662819658,0.765101009859642,NA
"Khk",20.9583053033588,0.000780356230225069,0.0435989964483496,0.726301967294961,NA
"Abhd1",14.2878728977256,0.000381775657435332,0.0452503397327184,0.859103152557142,NA
"Mpv17",41.353847530907,0.00312358173398792,0.0498341249010275,0.259581795320294,NA
"Zfp513",21.5532399478325,-0.00112323266820655,0.0439838326205267,0.622316457921468,NA
"Krtcap3",31.7777135150152,-0.000705314469574652,0.0380487542928893,0.747290804640356,NA
"Supt7l",44.4050843907863,-0.000318110209243928,0.0330245929701009,0.875451069360859,NA
"Fosl2",33.59589081408,-0.00189573270726847,0.0433292668501093,0.433629151765412,NA
"Uvssa",66.5498593082977,0.000291588627523062,0.0291880574952839,0.875709889747927,NA
"Tmem129",31.0951401905235,0.000192052275378876,0.0368708215424472,0.928637802884049,NA
"Poln",44.1810110104899,0.00216129390766766,0.0424205754870651,0.376019847183483,NA
"Mxd4",57.2360331386446,-0.00264034888458095,0.043456885117713,0.296941844150042,NA
"Tnip2",41.7659303747762,-0.000178577766869993,0.0334959111652197,0.930442546317907,NA
"Grk4",33.7995058871477,0.00181458910925525,0.0429981724299463,0.45006033027476,NA
"Rgs12",53.786154748822,0.000649984987127413,0.0318272410614663,0.743007445232019,NA
"Trmt44",34.0669139183298,0.000484841289228401,0.0368818697744741,0.821781922824081,NA
"Acox3",20.7657809727937,-0.000740560185738675,0.0422672302462529,0.740168576328551,NA
"Sorcs2",47.4201785938449,0.00118934138132622,0.0364855328320775,0.584420893202097,NA
"Tada2b",59.6539863553418,0.00120805179543796,0.0335479594088215,0.557221231249968,NA
"Man2b2",32.00709736924,0.000549735210719006,0.0371283276994413,0.799176263462934,NA
"Crmp1",16.9928320158999,0.00412825471901582,0.0632451488594275,0.157009721252883,NA
"Cpeb2",22.3158563097548,0.0042460512347288,0.0619378306087678,0.165832850678421,NA
"Ppihl",23.4843116977088,-0.000519478226045299,0.0407748972831772,0.814270230013879,NA
"5730480H06Rik",70.1747693942748,5.96334432955276e-05,0.0276426047680812,0.973414947801477,NA
"Sepsecs",56.3609141320858,-0.000712267026526898,0.0315930112450327,0.71793394600653,NA
"Pi4k2b",40.3774161438024,-5.80686476086541e-05,0.0342066185389283,0.977615308373426,NA
"Tbc1d19",45.3903706633517,0.00175140143582814,0.039411367128568,0.448024038096203,NA
"Rell1",31.4366801877891,0.000443887761823584,0.037785941907646,0.8379534171073,NA
"Pgm2",59.0688535164837,-0.00126581227084095,0.0339589166035537,0.542174162498678,NA
"Tlr6",17.743402101608,0.00017463319944415,0.042506999510515,0.936426724984759,NA
"Apbb2",33.1481707273568,0.000291359175081138,0.0361923705714177,0.891193973116408,NA
"Nfxl1",45.3149719501836,-0.00342570147800164,0.0509953015607199,0.231038676686042,NA
"Tec",22.7684310069696,0.00258175667405268,0.0516519570844035,0.318445815830646,NA
"Dcun1d4",17.2915217530871,0.000166074907784752,0.0429500263166423,0.939404461051236,NA
"Sgcb",37.3938935980498,-7.3998364730999e-05,0.0346964054027904,0.97169071450645,NA
"Usp46",60.8779236869693,0.00247590506954755,0.0417028648332095,0.312484931269498,NA
"Aasdh",46.8095590031472,0.000267051684022868,0.0326924807440167,0.894651182782113,NA
"Rufy3",56.1711681240267,-0.000982907072044726,0.0328762697724492,0.627908250772763,NA
"Naaa",28.2580872260842,0.00272728130189897,0.0502919410935801,0.305280603608096,NA
"Ccng2",58.6028006327049,-0.00278205262928276,0.0449196776197964,0.284036951184976,NA
"Antxr2",65.6761579470255,0.000295698895066187,0.0291113048362567,0.873720840195311,NA
"Gm17092",48.0423437132687,-0.00152985538444114,0.0376610392895186,0.493368661746714,NA
"Ptpn13",48.319728311916,-0.000494970147109936,0.0324769180301205,0.805427283752217,NA
"Spp1",52.5549322418652,0.000503300131940287,0.0320630973259018,0.800575898251092,NA
"Zfp951",58.938785330461,0.00120628043176004,0.0336065197737545,0.558301784744123,NA
"Abcg3",35.8186357256132,0.00176701169800837,0.0419307379374913,0.457139740366675,NA
"Btbd8",58.1582857840258,0.00145900327416411,0.0354591203505751,0.49631013036236,NA
"Gfi1",58.8966286729617,-0.00340037838402048,0.0501474202646615,0.231088929079121,NA
"Evi5",39.3046793798313,-0.00118853706735055,0.0379554797975792,0.592404133693561,NA
"Pigg",52.4597341324568,0.00209505560078359,0.0407067418082003,0.378991817064003,NA
"5430403G16Rik",36.3052557685037,-5.56395652853578e-05,0.0350073206037043,0.978807463926874,NA
"A430073D23Rik",29.2184499643886,-7.60544020628627e-05,0.0374894834776705,0.971860140867504,NA
"4930522L14Rik",27.828344164579,0.000704362980296577,0.0390727748378109,0.74966262070331,NA
"ENSMUSG00000121596",36.6766308785892,0.00109517197733045,0.037683030434204,0.619576388507837,NA
"Gm15446",29.6125557830398,0.000414102147216238,0.0375932509959115,0.848348265435576,NA
"Zfp932",37.4804251000394,-0.000676792649051556,0.0358200302718124,0.75078991523787,NA
"Gm17655",28.1640238076706,-0.00199807784859605,0.0455074462390301,0.417221476952602,NA
"Gm35315",31.8622922637379,0.00219214720119154,0.0454514192477687,0.381552713141993,NA
"Gtpbp6",36.2501652132329,0.000454590725390848,0.0362319180947556,0.831392582075308,NA
"Zfp605",41.9714622562032,0.000334689053557529,0.033673128197803,0.870520209144149,NA
"Fbrsl1",67.9861790980727,8.61498312565422e-05,0.0280166314015073,0.962000896904588,NA
"A630023P12Rik",54.1573345838563,0.00250720289215574,0.0429442907496012,0.31572458950591,NA
"Ddx51",37.1082256767876,0.00100175192702872,0.0373711495706477,0.647570511296552,NA
"Gm15559",15.677638864606,0.000706066588920408,0.044631185045167,0.7485974787812,NA
"Ulk1",29.5290480885783,0.000200061957033735,0.0375580923796205,0.926167362377627,NA
"Ttc28",39.3745215374171,0.0008913259292538,0.0361191810341745,0.67827929799916,NA
"Tfip11",49.931281741563,-0.00117718450689969,0.0351161506097065,0.579391203219417,NA
"Srrd",46.0182439826748,-5.54886689521076e-05,0.0326081792509973,0.97800750473379,NA
"Hps4",59.1723722389172,0.000636777655471491,0.0312556459291762,0.744910988042418,NA
"Ssh1",57.7271465181658,4.25689789600548e-05,0.029904233088996,0.982116463598433,NA
"Usp30",20.1947703697928,-0.00126737173326108,0.0445187429231055,0.582194089398934,NA
"Alkbh2",49.1911144794173,-0.00126386949376116,0.0359200548989961,0.557993901737291,NA
"Myo1h",19.2405202287808,-0.00242494443872713,0.0512781032349355,0.338602752996726,NA
"Kctd10",65.0139129652901,-0.00174482918468708,0.0362388828670338,0.424507687579537,NA
"Mmab",37.9770871104037,0.000301042878782519,0.0349639749114607,0.885768542120234,NA
"Mvk",53.9006617021989,-0.00148592007604606,0.0362086112760936,0.494778111920378,NA
"Tchp",53.4878698268002,0.000912055587131066,0.0331910949866516,0.655016775720659,NA
"Oasl2",63.5396047939825,-0.00161981643073732,0.0373573608831034,0.467024843922991,NA
"Acads",62.9905952626308,0.000868070401045808,0.0313375992739124,0.657607096732033,NA
"Unc119b",68.703267983414,-0.00258946732351674,0.0420553336245366,0.295421428545446,NA
"Gatc",50.2768227599127,0.000420505298907053,0.0318878065494445,0.832234661962598,NA
"Gm13832",51.3889874121629,0.00337002258314534,0.04936436862222,0.231431540698635,NA
"Pxn",60.4537292563072,-7.408656574853e-05,0.0296402958008703,0.96867954411246,NA
"Wsb2",41.0879142025084,-0.0035534661630411,0.0526498470745239,0.22262833740302,NA
"Fbxo21",62.4108529805452,0.00313603128192081,0.0461438298698343,0.242804990199635,NA
"Spring1",33.7390541407755,-0.00201238918671509,0.0441482362986127,0.412141040604231,NA
"Plbd2",33.3989250307002,-0.000190171258677936,0.0366120476907179,0.92913818924576,NA
"Tpcn1",40.9859157263505,-0.000206607691283186,0.0338113983430591,0.919995087788443,NA
"Rita1",18.7421154230362,0.00119774254044661,0.0447089899018043,0.600565127543251,NA
"Oas2",63.2608678606273,-0.000768235901247988,0.0307207995267374,0.69071617431182,NA
"Oas1c",34.4706129302126,0.00310787196538535,0.0508778397595508,0.262872051241487,NA
"Oas1b",60.0352069912068,-0.00103393402183726,0.03302774156968,0.611347081588103,NA
"Aldh2",32.8133660251747,0.000216818658138489,0.0369985812675914,0.919585966203419,NA
"Acad10",24.4885668918838,0.00266652491434845,0.0508233960805816,0.311546333451525,NA
"Sh2b3",35.6454277459836,0.0020576821239845,0.0435344016698106,0.401341845453773,NA
"Hvcn1",24.6515523118241,0.000149718284128631,0.0392889995077972,0.945349209489861,NA
"Rad9b",28.7944440506813,-0.000492555643776213,0.0383883166332849,0.821537167034369,NA
"Ift81",42.6703493861745,0.000127938023112227,0.0332594051985794,0.949924309564012,NA
"P2rx4",37.9619239348271,0.00371375067073266,0.0541733545749984,0.211254283194904,NA
"A930024E05Rik",23.2489593862975,-0.00128487154512687,0.0432593516252804,0.578352080727401,NA
"AI480526",59.5485722654808,-0.000365292198763976,0.0298393649335308,0.847101489418349,NA
"Bcl7a",57.1524537932804,0.000344994542510379,0.0302279726875111,0.856859796677941,NA
"Gm43813",20.2944473118559,0.000838243435851914,0.0427179017253159,0.708685611952196,NA
"Ccdc62",30.8063687966616,0.00313668372000155,0.052942377393547,0.259167532823582,NA
"Hip1r",25.0570883775647,0.000149453465432794,0.039174149234986,0.945414136900567,NA
"Gm16001",12.3485539490017,0.000644660648037801,0.0464641492833002,0.763453924157837,NA
"Ogfod2",37.6894148804011,-0.000288720746798531,0.0351702896227443,0.890726530299264,NA
"Mtrfr",53.2569020001364,0.00202006543093244,0.039977491784042,0.38992185567813,NA
"Snrnp35",42.3267691352608,-0.00171745358277883,0.0400656548338989,0.460124190123339,NA
"Rilpl1",13.4358244326618,0.000689777600690084,0.0459166107717328,0.750348810692667,NA
"Ccdc92",30.0395059286332,-0.00104431316656953,0.0399504969646781,0.64268642827062,NA
"Dhx37",50.6523937483611,0.00119170197519724,0.0349733850867098,0.573768562646535,NA
"Slc15a4",37.4639306129144,0.000447353739990974,0.0354215712424041,0.832263596988154,NA
"Stx2",45.5055798901618,0.002076701887239,0.0418307888476637,0.389751915248681,NA
"Sumf2",33.3444132141439,-0.000417237316751818,0.0367864428873152,0.845973496684149,NA
"Asl",37.5166117159369,-0.00213617256922233,0.0437024871208159,0.386746724414626,NA
"Auts2",19.6321808891887,-8.92883333801733e-05,0.0416248896054802,0.967517553410986,NA
"Castor2",18.0658646537234,-0.000628055846300406,0.0431518156473028,0.776779033183961,NA
"Gtf2ird2",45.8822354490638,-0.00106131492810172,0.0353041928502795,0.617894227658585,NA
"Ncf1",25.6122842487287,-0.00120838930784119,0.0419032804338275,0.598355631566119,NA
"Gtf2ird1",33.5854016567794,0.00518812217197939,0.0648342996078183,0.133358261655869,NA
"Limk1",18.2021769859261,0.00132808940083993,0.0455062481045404,0.564527374721101,NA
"Mettl27",39.6668304952854,-0.0012509723131709,0.0378357039893722,0.57328436295489,NA
"Abhd11",51.7899508939734,-0.000192533188752573,0.0311998554761872,0.921594338897987,NA
"Stx1a",31.9690803681513,0.00169750294654123,0.0429866182744003,0.476167490977728,NA
"Dnajc30",60.3599847370932,-0.000858963397852207,0.0315935530760849,0.662923913977872,NA
"Tbl2",38.3974757950328,0.00122734331275702,0.0379399042996049,0.580778636818783,NA
"Nsun5",53.0860955480158,0.000382527836567866,0.031158524171139,0.844796848643211,NA
"Rhbdd2",49.6895272099011,0.000397312744056569,0.0319724823376924,0.841634246626014,NA
"Tmem120a",43.4114138684621,0.000724781488820917,0.0345084818206654,0.728685011389287,NA
"Dtx2",23.014909438536,-0.00109149030257361,0.0424672989557918,0.632056014466714,NA
"Rasa4",16.7694744252292,0.00172326489522759,0.048590161456395,0.463053669669568,NA
"Alkbh4",35.0592104261016,0.00245977948398852,0.0464037842492193,0.339173266348794,NA
"Myl10",42.8856404596429,-0.000966846089210837,0.0366237507221269,0.655598259992329,NA
"Ift22",21.3004960185842,-0.00155104823811405,0.0453932316836421,0.510763287601239,NA
"4933404O12Rik",64.2868194923151,0.00247392683231423,0.0413484256450273,0.310110389883665,NA
"Plod3",35.0949843020944,-0.0018397159710898,0.0424140273500177,0.442669785129686,NA
"Slc12a9",20.4697459339641,-0.000788144233924687,0.0424520067658859,0.724735586257474,NA
"Gigyf1",70.4471699251601,0.00156231430783893,0.0341520414323875,0.453846472564495,NA
"Mospd3",69.1804330506272,-0.00112243712508677,0.0317044526625008,0.569206077067753,NA
"Sap25",28.0747722967447,2.94519681582862e-05,0.0377893827210686,0.989128033384818,NA
"Gm36551",36.4150887036046,-0.0210189770872563,0.140039150190611,0.012687625273269,NA
"Gm57266",35.8209719425435,-0.0017156993738233,0.0414649584827063,0.467191872622973,NA
"Zscan21",46.2101245922892,0.00241961343291355,0.0441046738362964,0.337315495202609,NA
"Zfp113",46.6463850662521,-0.000626370079581244,0.0333223130222828,0.759243610396183,NA
"Ap4m1",42.9768166142376,-0.000204345755112322,0.0333245305402814,0.920204485396007,NA
"Cnpy4",25.782793570924,-0.00286170471156671,0.0521204162833279,0.287054424982225,NA
"Trappc14",40.8965913084491,-0.00197811611811002,0.0419457587774674,0.410867974100688,NA
"6330418K02Rik",17.5818343269543,-0.000159209609526483,0.0426610059160826,0.941981790224714,NA
"Stag3",37.4644443693927,0.000927627734152366,0.0369796298485295,0.669902785380894,NA
"Zfp157",41.0618198534854,-0.000386203534775002,0.0342456624313445,0.852260324653106,NA
"A430033K04Rik",30.4458092500432,0.00173336941656852,0.0430654729665291,0.468224801045339,NA
"Dnaaf5",48.7242809132064,0.000591334793280758,0.0326525913593214,0.769387455983235,NA
"Sun1",52.1000205788493,-0.000994728648854398,0.0340165464492884,0.631872330008518,NA
"Adap1",29.3371314446264,-0.0011261064385858,0.0403018836927199,0.619086530303545,NA
"Zfand2a",26.961978188607,-0.00227897428506759,0.0477350444728441,0.368831339897511,NA
"Ints1",60.4387031316418,-0.000694828292688602,0.0308068640418762,0.719666004516316,NA
"Mafk",50.8786013124404,-0.000173914946558478,0.0314599305441989,0.929549466904041,NA
"Mrm2",26.6032347621166,-0.00146141307541343,0.0427795129890853,0.532324421420616,NA
"Chst12",39.6853946017296,0.000457538528977657,0.0346578214814657,0.826600581344834,NA
"Ttyh3",51.3145659125508,0.000472429745250054,0.0318021259215926,0.811554969114736,NA
"Iqce",69.633268754,0.00145555009604666,0.0335816810484107,0.479574319538008,NA
"Brat1",24.9195536751265,-0.000112163257991098,0.0392306581367811,0.959020850644959,NA
"Gna12",30.4814025338204,-0.000758078573399609,0.0390795722667508,0.731758185942988,NA
"Ap5z1",22.4487174116892,0.00160376582903646,0.045008659061265,0.499117202136041,NA
"Rnf216",68.0545952678604,-0.000731365427636274,0.0299402954289131,0.699325111056993,NA
"Rbak",18.8986043642484,0.000473346087733292,0.0424866090678353,0.830111689204046,NA
"Zfp12",24.8158983195541,0.00280311644339041,0.0514850609082993,0.294747839768235,NA
"Zdhhc4",71.4085815279232,-0.000334028309294771,0.0281402745710679,0.853736147944626,NA
"0610040B10Rik",22.1949459694842,-0.000182200690632872,0.0404572069908594,0.933805228242446,NA
"Daglb",25.4084528774504,0.00012977709969429,0.0389067187257032,0.952515219214807,NA
"Cyth3",28.6185667792884,0.000663394604940056,0.0386854429301322,0.762826788155244,NA
"Gm15708",21.3471440999563,-0.000766723890490943,0.0419806193463119,0.731720239350293,NA
"Ptcd1",22.4056215771591,0.00140249406884382,0.0441080880311232,0.547730863003304,NA
"Zkscan14",23.3754329508169,0.00131633594617679,0.0432419809949422,0.570000980794705,NA
"Zkscan5",18.3512073354621,0.00135860700551823,0.0458512494726975,0.55591486773704,NA
"Zscan25",16.7623846143809,0.00153700643651958,0.0471916407948936,0.508976769733358,NA
"B3glct",42.7849942287631,4.66758456662679e-05,0.0335917327158145,0.981823641139114,NA
"Fry",42.7267356364286,0.00615941892264386,0.0701699464992068,0.104627535622868,NA
"1700028E10Rik",31.9719738828644,0.000261265350013614,0.0365704403481697,0.90277132837814,NA
"Sdhaf3",49.3938759630775,0.00238183553840494,0.0429397003978492,0.337643621387892,NA
"Glcci1",51.5019027967041,0.000600668143614916,0.0321931532677085,0.763702386098847,NA
"Ica1",33.7127351510303,0.000217416460133907,0.0362203305582169,0.918672314089395,NA
"1110019D14Rik",19.5627372064444,0.00038660627564613,0.0418005933847846,0.860715287932468,NA
"Gcc1",30.6629666536106,0.00091199860601734,0.0388385542835802,0.68111900384808,NA
"Lrrc4",21.0152475953229,-0.00149803849188298,0.0451785522484085,0.523448173654439,NA
"Irf5",38.9187201612263,0.000934810161059132,0.0372912581550394,0.668784976657306,NA
"Zc3hc1",69.5947087201917,7.54917958299313e-05,0.0278035920373575,0.966500896835305,NA
"Cep41",62.5229000928433,0.000527410515688495,0.0299531227016915,0.781102132590923,NA
"Akr1b10",44.7771974802999,0.000612403298690389,0.0338316113381962,0.766558342650135,NA
"Bpgm",30.6664749413757,-0.00233344764055162,0.0470896757250243,0.360136530973426,NA
"Agbl3",43.7258826314911,0.00367318469774712,0.0529097861192882,0.21292630493385,NA
"Tmem140",27.3903099451495,-0.0056438574965839,0.0700384960898699,0.109236748711067,NA
"Cyren",36.1379655288876,-0.000349576332522495,0.0353728915710002,0.868324248142554,NA
"Wdr91",40.9872973372996,-0.000667390179353255,0.0351066426513235,0.751584940849496,NA
"Creb3l2",22.46990685082,-0.000705130825408526,0.0415760123581317,0.751802207625758,NA
"Zc3hav1l",27.7923021065597,0.00205519874724588,0.0457734513669201,0.406739417494695,NA
"Gm56936",56.5764150740111,-0.00063554334927887,0.0313118609709865,0.745706464297268,NA
"4930599N23Rik",32.944939446295,-0.00120172171500304,0.0394988500246711,0.594703607650808,NA
"Adck2",21.4400060818641,0.000909396809195176,0.0425286408428484,0.686550730360788,NA
"Dennd11",53.3107911189014,-5.46415197922721e-05,0.0307660422598509,0.977501770602273,NA
"Trbv1",40.0898021379398,0.00160651769241494,0.0397566162284862,0.485921575892519,NA
"Trbv13-1",35.6880526164691,-0.00500328184653332,0.063564937966624,0.14076379513483,NA
"Trbv13-2",26.8961010177678,-0.00110089188622687,0.041537207865711,0.628644782421317,NA
"Trbv19",37.1895774181918,0.0012712329966631,0.0401586661488072,0.576985359672723,NA
"Trbv20",24.0149901058501,-0.000298709277269433,0.0398855816445575,0.891695811312101,NA
"Trbv31",22.2183642686477,0.00216154249802109,0.0483134942973317,0.386731381111722,NA
"Gstk1",40.0728657240986,-0.00313302443155732,0.0517933538974101,0.260631178924102,NA
"Zfp282",66.8057570989763,-0.00114797397715527,0.032482060593687,0.567736237642919,NA
"Zfp212",41.5528603260311,-0.000701684473537113,0.0349330131934771,0.73870130242246,NA
"Zfp783",30.4801004985132,0.000320531226457093,0.0376966112183127,0.882272679942705,NA
"Zfp956",19.8753609908765,0.000754571339121308,0.0426387989283845,0.735473529783603,NA
"Zfp777",64.4644689247594,0.000172463968351344,0.0286248064373819,0.925239312713238,NA
"Krba1",25.1775859779306,6.34093054659221e-05,0.0389367688147135,0.976784639976487,NA
"Zfp467",22.8791904384536,-0.00162515397541229,0.0451002406562414,0.494229836318461,NA
"Atp6v0e2",17.5440268659799,-0.000818954006550952,0.0440076396401925,0.7134097216185,NA
"Lrrc61",17.5439618837437,0.000400419856797088,0.0432559045394388,0.855126797251247,NA
"Repin1",25.3059909442149,0.000873117383140276,0.040592670271589,0.696860636231362,NA
"Zfp775",24.8539660378158,0.00112312877383988,0.0417841014869798,0.62245946777669,NA
"4833403J16Rik",53.2637089461226,-0.000757846771537645,0.0323568241430961,0.705480850379907,NA
"Igf2bp3",31.4975288245876,-0.00261416757290376,0.0484685220173596,0.319932001165244,NA
"Ccdc126",29.1308616732011,-0.00346679168042123,0.0548999408907543,0.229022393275398,NA
"Gsdme",26.6535796482088,-0.000598333248368908,0.0391941753424996,0.785836343747796,NA
"5430402O13Rik",23.8595575360634,0.0033416812088657,0.0555665030700702,0.235535207647012,NA
"Snx10",50.9388142424571,0.00166013475824084,0.037718465388169,0.459185189923069,NA
"Hotairm1",20.1595023255391,-0.00141141754836179,0.0452010126575246,0.544326334182305,NA
"Chn2",26.8976568806086,0.00154768831628605,0.0431815798822127,0.51163281560113,NA
"Plekha8",59.5444774036916,-0.00194498808909423,0.0384071310531219,0.394599866289708,NA
"Lancl2",66.6135659326739,-0.000743977741213945,0.0300214417203689,0.694968320018277,NA
"Prdm5",28.4875574140472,0.000431439959401089,0.038079571913783,0.842795110470525,NA
"Gadd45a",18.2365118651303,0.0015191968888575,0.0468891035252358,0.514194663025333,NA
"Cd8b1",49.0517144346636,0.0336230500082826,0.177145413705622,0.00706727486396919,NA
"Rnf103",42.4065799355725,-0.000882671634663609,0.035660404798967,0.679103462528636,NA
"St3gal5",15.8712916352717,0.00180560448386404,0.0491551922463754,0.444090972861221,NA
"Vamp5",30.9397726029731,0.00210962043278455,0.0453164199252465,0.396166861726606,NA
"Ggcx",13.9784468443707,0.000729362225527896,0.0456701495334835,0.738124276463093,NA
"Elmod3",21.0231549612413,-0.000616038168621347,0.0416758878750529,0.781505434912989,NA
"Retsat",15.3959929875873,-0.000954177685070699,0.0456781037431511,0.66753241536038,NA
"Sema4f",15.6730884704784,0.00148716986738134,0.0475371456974291,0.518624739741016,NA
"Dok1",39.1680925252781,-0.000755433586358032,0.0357770598753526,0.723161579978122,NA
"Htra2",68.7551100904347,-0.00295385790352402,0.0442812049132992,0.255224319630564,NA
"Pcgf1",45.1383860650335,-0.000602375683655443,0.0338691519733389,0.770403670262869,NA
"Wbp1",44.4710994508371,0.00172111648515152,0.039432598487195,0.455545219129544,NA
"Smyd5",57.5307234391631,0.00178747782009837,0.0374749425614089,0.424734555574157,NA
"Pradc1",63.6430003100399,-0.0016958544150275,0.0363414648733025,0.438334569392135,NA
"Aplf",35.5706517306068,-0.000444196806705536,0.0357627831457576,0.834187592647638,NA
"Hmces",56.5591613453857,0.00104340275862716,0.0331252317432878,0.608847058944158,NA
"Abtb1",25.4904553368144,-0.00305312745768697,0.0531018806601453,0.266241476981939,NA
"Tpra1",48.3696391066015,-0.000411942965885045,0.0326945753038779,0.838213291445973,NA
"Vmn1r43",28.5811934097206,0.000636943888734326,0.038514844164665,0.771549352410302,NA
"Zxdc",52.7798965019794,0.00447775268801903,0.0567727592637948,0.163795774837885,NA
"Iqsec1",41.3777209446365,0.000708863156138542,0.0348464498640687,0.735796598629245,NA
"Fbln2",45.183644192945,-0.0100272986501784,0.0904662272189917,0.0503985716379095,NA
"1810044D09Rik",21.0625539910515,-0.000544305203229709,0.0414603174045626,0.805878265009322,NA
"Tmem43",34.1589290689263,-0.00120684298337763,0.0391286536746355,0.59189995464412,NA
"Slc25a26",68.2853322923376,9.17246489372494e-05,0.0279362071363787,0.959452778061905,NA
"Lrig1",38.8960691177322,0.0017091367419393,0.0410683245711467,0.467073456739255,NA
"Eogt",35.5013023063399,0.00131087250136565,0.0391505973295394,0.56213719904728,NA
"Frmd4b",36.3142115811085,-0.00175837518015154,0.0417918060508256,0.458582122222799,NA
"Mitf",30.2861942286564,-0.00292775396145786,0.0510765593332154,0.281972902945295,NA
"Shq1",71.3956246942344,-0.000222853491769935,0.027683008473218,0.900931634089191,NA
"Sumf1",60.990658479295,0.00150184948913074,0.0350518759457169,0.480248596672007,NA
"Ogg1",56.5669958043286,-0.000842537261220915,0.0321686465599977,0.673080273003131,NA
"Ttll3",36.2579279318434,0.00182440421185879,0.0422462090749334,0.445427761988527,NA
"Rpusd3",15.9862763107895,-0.000112743400270104,0.0438468099891303,0.958557907375943,NA
"Vhl",44.5244388682161,-0.000483529921050161,0.0337633355417504,0.814279011884602,NA
"Tsen2",46.0349919689908,0.000396095298394258,0.0327623099118715,0.844549009463793,NA
"Cand2",19.4881497080225,0.000763784364693973,0.04330407858223,0.731974755242951,NA
"Plxnd1",26.0500645511949,-0.000223559309621564,0.0388264208122403,0.918326398770165,NA
"Zfand4",38.1301180632514,0.00104832202811527,0.0373654176160046,0.632798929191059,NA
"Marchf8",21.0299699213966,-0.000703516840115523,0.0423539018842509,0.752260084653111,NA
"Zfp637",25.38161262426,-0.0021188187636578,0.0473166505398157,0.395354470598343,NA
"Zfp239",29.8444208298454,-0.000345952705076665,0.0373995928212401,0.872710779748607,NA
"Gm38882",14.772221705922,0.00141940329746932,0.0477795361722188,0.532986360065854,NA
"Csgalnact2",46.3924330318314,-0.000491267509947456,0.0331345862289521,0.809252101776401,NA
"Zfp248",21.5703424499133,6.00563098066456e-05,0.0407079845236959,0.978146664092808,NA
"Cacna1c",59.6400377146912,-0.000933718422664283,0.0455984780600952,0.673967625697502,NA
"Wnt5b",28.9607508258473,0.00202003299564938,0.0452244022199443,0.41275127507664,NA
"Ninj2",23.5485466719691,-0.000663400544328344,0.0407909402907103,0.765352010123461,NA
"Hdhd5",37.8390239686516,-0.000765792394201276,0.0360811673294661,0.720736137924214,NA
"Bid",69.7205595869198,-0.000172488173042561,0.0277927620535185,0.92350362968461,NA
"Gm44148",57.9946127734878,0.00096633928842041,0.0324362720614408,0.630408053886749,NA
"Slc6a13",16.2554497449266,0.000113659038587665,0.0433182628244113,0.958389892887491,NA
"Phc1",30.1110045478612,0.00132030385401466,0.04146394111275,0.566855205332583,NA
"Apobec1",19.4053150107529,0.00208721913805211,0.0499725819074537,0.391975712124329,NA
"Foxj2",41.3628540606847,0.000375904354834235,0.0346574922240406,0.857068574390278,NA
"Necap1",45.6831283954622,0.000615560275012065,0.0334061815371408,0.763620436254313,NA
"Pex5",20.4998052697337,-0.000255565697887072,0.0412043749549255,0.907422714773826,NA
"Pianp",48.8947688838997,0.00131866362788311,0.0360604755979871,0.542423070182124,NA
"Iffo1",24.3093032830291,-9.87065548535813e-06,0.0393882083242579,0.996393631965639,NA
"Vamp1",34.0422225317578,0.000104483672093217,0.0361106125877732,0.960789505603798,NA
"Dyrk4",13.4270634773359,0.000585583610269474,0.0455848095844372,0.786602669203859,NA
"D6Wsu163e",66.1583725714389,0.000390075270317208,0.0290770862029282,0.833683036108681,NA
"Tigar",52.9288539445399,0.000476122019173595,0.0326881335580082,0.813454051578382,NA
"9330179D12Rik",14.1680482945517,0.00194606778460558,0.050681098381512,0.408894857771999,NA
"Cracr2a",46.4477770862933,0.000685252147810917,0.0335108611483777,0.73839788597234,NA
"Gm15987",30.545522137014,0.00171757505935782,0.0448745810263196,0.473921985474688,NA
"ENSMUSG00000121482",26.3353276572917,0.000653560791654561,0.0394160674843332,0.767311221758212,NA
"Borcs5",50.3611043787101,0.000349229434820241,0.0318256982428203,0.860163446240542,NA
"Dusp16",28.3664014993248,0.000272676977021662,0.037854493547499,0.899822994556004,NA
"Crebl2",63.0051582585611,0.00178532216850752,0.0367024692476904,0.418415243598662,NA
"Gpr19",34.6538838110456,0.00145485178960792,0.0407159420444326,0.52903762040161,NA
"Fam234b",39.2647309769776,0.000433943313951196,0.0345440302626182,0.835087024023838,NA
"Emp1",41.7521852622586,0.00185681796751624,0.0419641823557895,0.437141015791463,NA
"H4c16",21.718584192278,-0.000448733302335565,0.0411596044927386,0.838929665904797,NA
"BC049715",22.7799556019662,0.00240985767025405,0.049872111719959,0.346190707738735,NA
"Ldhb",50.9440376337767,0.00229033651691584,0.0419415919714883,0.348301996648434,NA
"Etfrf1",37.6510936629483,-0.0012703841655396,0.0384765509669456,0.570726275656152,NA
"Tm7sf3",37.5381635955716,0.000254957464820541,0.0347888855182217,0.90288389460137,NA
"Stk38l",47.532537429474,0.00242416441298214,0.0443984395571441,0.337925840316439,NA
"Arntl2",30.1125961166969,0.000737664082813958,0.0383168515312769,0.736982560006791,NA
"Ppfibp1",42.7758351269382,-0.00114400181174815,0.0365878343984148,0.599029143762326,NA
"Klhl42",49.2704408889217,0.000325786551559312,0.031810918666447,0.86942147765439,NA
"Ccdc91",35.5733357052056,-0.000260083470114539,0.0354673801969605,0.901887639447334,NA
"Caprin2",31.4935864454157,0.000154893801980553,0.0367240647495135,0.942314987776796,NA
"Etfbkmt",37.3524835908328,0.000710370176785075,0.0361043251290906,0.740004742443899,NA
"Gm35037",44.7331830741259,0.00192512949901682,0.0406386376583397,0.415224596917987,NA
"Leng1",70.6754245009839,-0.000768784580932202,0.0295173904156816,0.681219387189615,NA
"Tsen34",70.8811156231244,-0.000223017808205367,0.0279330467095547,0.901555968899331,NA
"Rdh13",17.6600683306956,0.00213750742763595,0.050188656289989,0.383184836454275,NA
"Tnnt1",50.7377825451869,0.00159752088539727,0.0374152094944003,0.473397584834715,NA
"Kmt5c",47.1841172509041,0.000452892845228072,0.0327241483574447,0.822509227976582,NA
"Zfp628",15.0299355272988,0.000106738452301438,0.0439917724208338,0.960710644521862,NA
"Fiz1",49.1381798772037,-0.000694737187349057,0.0329585080549114,0.732184216812366,NA
"Zfp524",57.4395686360704,-8.84174051917982e-07,0.0300309493276138,0.999629652019282,NA
"Zfp865",55.6801569277222,0.000839951359705297,0.0322556112698763,0.674619323929327,NA
"Ccdc106",14.7137091966241,0.00190495863923527,0.0501623777473648,0.419740170154572,NA
"Zfp580",24.2290583018809,-0.000612541073394995,0.0402157721093791,0.78208217978095,NA
"Zfp787",49.4011170899002,-0.000936000369613345,0.0339969287241846,0.65185999395337,NA
"Zfp444",61.9067826779054,0.000807678005651442,0.0311068937768469,0.678502796192083,NA
"Zfp954",21.1774883671686,-0.000207790206299702,0.0411794651378947,0.924614686024187,NA
"Clcn4",55.952962273773,0.00126587163751824,0.0344232615225733,0.54608083841632,NA
"Zfp606",27.8816185997218,-0.00108647747470479,0.0404910910739014,0.631210130858268,NA
"Zscan22",23.3245889910819,0.0009966785401014,0.0419035340395023,0.659850496973409,NA
"Zfp324",17.2467547740792,-0.000408047355785766,0.0431051428762379,0.85255743032948,NA
"Zbtb45",41.1915921656556,1.14052432178745e-05,0.0335533233704902,0.995555265340228,NA
"Zswim9",19.8489984598269,0.000304256692458876,0.0415849622332941,0.889974694978329,NA
"Kptn",38.9286385939814,0.000208076885792418,0.0342887491735955,0.920048970873129,NA
"Dhx34",21.3690358125203,0.000955006655699192,0.0428038534520179,0.672514785510422,NA
"Gm57198",21.8253362623538,0.00033930612703753,0.0407311808740784,0.877451723553482,NA
"Fkrp",45.8597583291188,0.000517835339020099,0.0333341014053585,0.799905862120004,NA
"Ptgir",21.3381731867437,-0.000725600071969745,0.0422247796981739,0.745059631307991,NA
"Pglyrp1",42.4062401026433,-1.20050159903691e-05,0.0332485779580168,0.995296694286604,NA
"Ccdc61",50.8717796836186,0.00222461385220787,0.0419630747440313,0.361041530703239,NA
"Mypopos",25.2020820894514,0.00110075990425761,0.0415796817544562,0.628732119223679,NA
"Irf2bp1",43.2645394719834,0.00107242187794037,0.0362140361075216,0.619536032036366,NA
"Fbxo46",33.0842755860257,-0.000549814576091821,0.0369313442121423,0.798722134879326,NA
"Eml2",45.7725391471018,-0.000307072214883107,0.0326149867371194,0.878810384624287,NA
"Ercc1",69.8012240660688,-0.000460766716909992,0.0284632072719639,0.800763804807458,NA
"Ercc2",27.7175260911829,-0.000818536109649283,0.0394618244971327,0.712625584303502,NA
"Klc3",15.2996227179143,0.00115116172569295,0.0464251552805437,0.608087370449038,NA
"Mark4",31.5575029382488,-0.00118623664367619,0.0397160198021417,0.599908229597014,NA
"Ppp1r37",42.5238584533593,0.000481435042312842,0.0337818093715811,0.815124996562454,NA
"Clasrp",66.0067232295403,-0.000251451713209059,0.0285351229611069,0.890876229367542,NA
"Pvr",59.1099462983463,0.00333148031909819,0.0478888679547386,0.229029960392926,NA
"Zfp235",18.7379048618378,0.000425331318332371,0.0423284579804374,0.846942554098008,NA
"Zfp61",19.8624837328296,0.00204684768266743,0.0488890993216249,0.403608405707317,NA
"Smg9",44.9426426518892,-0.000296350283419871,0.0327937487753438,0.883402722691528,NA
"Zfp428",15.7076039418982,-0.00074251737174845,0.0446913723922351,0.736555422775449,NA
"Xrcc1",71.0794130463952,0.000907725989303214,0.03023887469584,0.633545818498644,NA
"Ethe1",69.1592871528009,0.00132090804808467,0.0329329666456417,0.51497497164985,NA
"Grik5",19.8358677025889,-0.00129482805316461,0.0446977553164728,0.574716022876452,NA
"Zfp574",39.4360511855765,0.00349286563679487,0.0527907214383808,0.228010542668806,NA
"Dedd2",51.0213598239705,0.00151511941728192,0.0369415226716382,0.492258668658521,NA
"Zfp526",12.7750845965942,0.000508864516148289,0.0461579396688202,0.811563285717476,NA
"Erf",23.1780833754311,0.000395329423640144,0.0401718841221365,0.857410077943135,NA
"Cic",67.9386921101286,0.000582517000586891,0.0290836876548427,0.753424049356412,NA
"Pafah1b3",36.4334868112389,-0.000644543894497569,0.036163764641052,0.763246711207767,NA
"4732471J01Rik",18.233813207696,0.000219880167380305,0.0425293897022816,0.920054337924505,NA
"Dmac2",39.0738271631469,-0.000516455603956858,0.035414112438799,0.806970782744907,NA
"Bckdha",36.961785043373,-0.000315568129115797,0.035117932110032,0.880574447506198,NA
"Ccdc97",36.186443995451,0.000811331583156852,0.0370481839024922,0.708690644287303,NA
"Axl",26.2625773021573,-0.00243805362670854,0.0488164504399139,0.344292292343224,NA
"Egln2",56.1687444067152,-0.00286623586071057,0.0452582081184628,0.273787733442761,NA
"Coq8b",32.735964259339,0.000106856339268481,0.0362448750737764,0.959963734467611,NA
"Shkbp1",36.4549591152317,0.000847896226192711,0.0367231161642254,0.695275719399145,NA
"Blvrb",27.685889869413,0.000202935851632579,0.038196760356221,0.925503997270361,NA
"Sertad3",48.4566554171708,-0.000696926525161662,0.0332363544613413,0.732782505202335,NA
"Sertad1",56.1861573760542,-0.00807881497892059,0.077343949851216,0.0733026662213717,NA
"Pld3",43.1920715639387,0.000919212226164839,0.0358625517138137,0.667784359014918,NA
"Map3k10",25.1394600355289,-0.00199664752031761,0.0463987313236756,0.417670569066087,NA
"Zfp60",39.1041760324451,0.000246226099311835,0.0342853177228898,0.905465255014023,NA
"Zfp626",38.2450737908705,-0.000556038057917598,0.0352209687620304,0.792035704325055,NA
"Zfp607a",36.5964801559184,0.00219434158464583,0.0442090696500481,0.377702963615889,NA
"Zfp780b",53.0561157878881,0.000581788983478886,0.0317774876441953,0.768930387221449,NA
"Zfp850",45.2683971935593,0.000842274164613457,0.034391705235639,0.68665260824657,NA
"Eid2",56.6598431928307,-0.00137092600361636,0.0356486545737459,0.523769334084775,NA
"Plekhg2",44.9566999055102,0.00530208879131534,0.0631235579170036,0.131808974151898,NA
"Samd4b",67.5428791126622,0.0011126160173273,0.0317963396838187,0.573504433237828,NA
"Pak4",14.1140066037395,0.000503807353157476,0.0450373378387513,0.816274922606091,NA
"Sars2",43.2366503543342,0.000336925224721785,0.033412762019571,0.869074628140762,NA
"Fam98c",42.0717246056473,-0.00136065253910489,0.0378614221451486,0.541657737197958,NA
"Sipa1l3",30.4517919722929,-2.52240948521142e-05,0.0370473457610586,0.990625307903049,NA
"Zfp790",22.6310911618103,-0.000939632525977687,0.0423017862047657,0.677279768707584,NA
"Zfp27",15.621730754265,0.000377231955344175,0.0438947862225286,0.86272422561086,NA
"Zfp74",57.0715650911815,0.000877677956719022,0.0331710139752918,0.66705749058535,NA
"ENSMUSG00000121374",14.7259281403146,0.000425885331375994,0.0446022215284941,0.844499522973816,NA
"Zfp566",28.4769660735299,-0.000383069488256023,0.0379984456369237,0.86001431341583,NA
"Zfp382",42.2654423585492,-0.00175214262962101,0.0408661366012205,0.45598968117355,NA
"Zfp146",58.5749048463893,-0.000854572182910331,0.031814391465348,0.666164885205032,NA
"Wdr62",35.9252935372116,0.000692871743492434,0.0363280095759501,0.74683493626711,NA
"Alkbh6",45.6659463177395,-0.000337551920060355,0.0328183060860807,0.867409608530872,NA
"Nfkbid",66.0294974794105,0.000527405273035707,0.0296966420460946,0.779712772444152,NA
"Nphs1",13.3347948275483,9.78597350263594e-05,0.0450706184919239,0.963534080539918,NA
"Haus5",43.3125905158066,-0.000845145314096943,0.0349173077661112,0.688345086123473,NA
"Faap24",64.5461755102709,0.00156941194792547,0.0355181991655828,0.465271371690692,NA
"Dpy19l3",39.1843267551158,-0.000518693337016844,0.0348086809235157,0.80443662057279,NA
"Tshz3",19.8672943842444,-0.000547249513393063,0.0425166328459497,0.804617930401062,NA
"Pop4",62.0422837953619,-0.00229827785779256,0.0404419447429964,0.335861260595248,NA
"Gm33989",42.6658785676889,0.000867690992254899,0.0353978422139301,0.682946115955067,NA
"AI987944",50.4962882708122,0.00189165501720792,0.0395505664672986,0.415745801959274,NA
"AW146154",32.8632621370247,-0.000580409076507176,0.03689592963215,0.787821949279893,NA
"2610021A01Rik",59.3981603049957,6.06054328124565e-05,0.0296679554072921,0.974394323552102,NA
"Zfp788",37.83976185865,-0.000303269693068511,0.0352957568433854,0.885470467807068,NA
"Zfp975",16.8803427980261,0.000905185322947111,0.0445304449913998,0.685565104604712,NA
"Zfp715",29.8563795162486,0.000293329961592056,0.0373538089297482,0.891823458060567,NA
"Zfp719",37.0618018183653,0.000106479926458086,0.034822725717978,0.959351926224782,NA
"Ctu1",14.629767410756,0.000713599669403063,0.0451870779024076,0.744749447963114,NA
"Clec11a",15.9504295278212,0.000316138507131817,0.0436535855824218,0.884783556142123,NA
"Tbc1d17",27.4420661362043,0.000275361902443905,0.0382211991402694,0.899140103431269,NA
"Akt1s1",37.9199272641562,-0.000147367055344854,0.0346079222829191,0.943593460317975,NA
"Med25",62.3975482997581,0.000646508745298745,0.0303184355172436,0.735473993031877,NA
"Fuz",29.7940759437533,-0.00113053603014033,0.0400445681879751,0.617148325314535,NA
"Gm15545",18.8918040869286,0.00135316236756955,0.0453781049737809,0.558479880542827,NA
"Bcl2l12",66.4455457277986,0.00121397126218947,0.0325668166533639,0.546335711365481,NA
"Prr12",58.9195775924959,0.000353345451270184,0.02990238213647,0.852278959514504,NA
"Prrg2",10.9998581564091,0.00042101812146688,0.0468647953214357,0.840787568957279,NA
"Aldh16a1",47.2555362944901,0.00169414041295053,0.0386598659415362,0.457240424787759,NA
"Dkkl1",40.1074104717597,-0.00168143897351108,0.0403542570169071,0.470376552098761,NA
"Trpm4",17.1992531032996,-0.000458822100580381,0.043241552347075,0.834638003051995,NA
"Gys1",33.1214033811417,0.00216608317757888,0.0448824810808633,0.384928307562386,NA
"Sphk2",23.4596349939724,0.000229587762248106,0.0398749210058202,0.91656087660063,NA
"Gm31597",18.5376760368021,0.000161231723561239,0.0423487998804203,0.941320027303447,NA
"Grwd1",70.9475208155052,-0.000388639102863653,0.0283446827922523,0.831024416678823,NA
"Tmem143",20.9429246629287,-0.000368823988606463,0.0413256080136125,0.867038796725124,NA
"Sergef",53.504972328881,0.00144198527046978,0.0360190981000911,0.505851394205687,NA
"Gm2788",16.3174998182309,-0.000838553839151088,0.0447121456140066,0.705830600532639,NA
"Gas2",51.1480932280048,0.000841399484571335,0.0334417750730459,0.681632719328038,NA
"Gm20457",13.1074801748704,0.00064645954312428,0.0462991931969641,0.76348655495807,NA
"Fan1",32.5358296927808,0.00145571586443824,0.0408203077526379,0.529166606500224,NA
"Mcee",69.212127496537,-6.55923686446995e-05,0.0279300340630358,0.970995234848566,NA
"Tarsl2",60.5271818848749,0.00957812269921897,0.0840578159036192,0.0577744715291285,NA
"Lins1",27.2769607975442,0.000495768382903637,0.0386632342738737,0.820767999274963,NA
"Lysmd4",16.8459136603444,-0.0011891785708627,0.0458501219219339,0.599940984185157,NA
"Igf1r",52.8085155848876,0.000615390425162351,0.0324025346202376,0.759114706273804,NA
"Gm16157",22.3275614969669,0.00135403970369528,0.0437989374606776,0.560167554437928,NA
"Gm16158",27.4476729911873,0.00101866072927578,0.0416901990681233,0.653108806841722,NA
"Arrdc4",55.7927827787349,-0.00152204240075898,0.036162733170164,0.484203727151922,NA
"Klhl25",38.1592801788793,0.000426886833666683,0.0356208066109433,0.840227484089214,NA
"Ntrk3",21.5327884881299,0.00209012916811672,0.0481960072491463,0.398680567107979,NA
"Fanci",61.9992901440484,0.00194589537371498,0.0379793623846933,0.390703105480185,NA
"Sema4b",56.571828645546,0.000455593799102148,0.0308787548644399,0.814464100037736,NA
"Gdpgp1",24.293821715455,0.000422594778245059,0.040128348763256,0.847769157597723,NA
"Vps33b",46.4083927393187,0.00148691032749991,0.0376844968391814,0.50525217088923,NA
"Rccd1",35.1776676833896,0.00134486168232478,0.0395919136999786,0.554447480186601,NA
"Unc45a",40.3819015556938,0.000359634681695383,0.0341812339656054,0.862151209641657,NA
"Hddc3",62.3544085061512,-0.00169158526765424,0.0362184903703379,0.43833870159389,NA
"Furin",45.5724909142817,-0.00190317540774874,0.0404549289524135,0.419024478977346,NA
"Zscan2",18.5621934998249,-0.00153528596717005,0.0464847578293607,0.511927579277027,NA
"Wdr73",65.3799930331533,0.00122501060988646,0.032702785112192,0.543971022280551,NA
"Gm44899",19.7981545000919,5.61856373732251e-06,0.0414794284161349,0.997955204166328,NA
"Pde8a",33.017849042143,0.00206660591501569,0.0443266205334941,0.40207126134083,NA
"2900076A07Rik",55.6545537276028,-0.000707008842947695,0.0316833019275522,0.720479544423558,NA
"Stard5",27.1433324399403,-0.000905152596944822,0.0401179816211601,0.686048075604098,NA
"Tlnrd1",58.3053119142512,-0.000293451802041059,0.0299851285669163,0.877374930023212,NA
"Fah",16.517569402553,-0.0011698584959717,0.046182531844063,0.60397537408612,NA
"2610206C17Rik",12.992205965824,0.00133254303371317,0.0484140605823785,0.549603027883257,NA
"2310010J17Rik",49.3403040696669,-0.000738278930048671,0.0332224130562867,0.717570341528316,NA
"Tmem126b",61.1528263441652,-0.000127795252484651,0.0291904442089135,0.945384824037832,NA
"Ccdc90b",62.0376684189981,-0.00109116776228404,0.0324488797236971,0.586868067596238,NA
"Gm26944",26.3839867160707,0.000344342124030404,0.0387224591171932,0.874633656704878,NA
"Prcp",26.2394417784261,0.000553943539098795,0.0398702162394707,0.801830980398439,NA
"Aamdc",67.3563375937766,-0.00110376623255334,0.0319062128318133,0.577617246426647,NA
"Acer3",64.8231114241058,0.00072235276209743,0.0307606429109566,0.708690635140074,NA
"A630091E08Rik",47.2331450010813,0.000302029075504231,0.0328591253226451,0.881331671077714,NA
"Gdpd5",24.9487447386531,-0.000193407142076595,0.0393416275718344,0.929485501233278,NA
"Arrb1",14.0529693605565,0.00160958409442336,0.0491363436531275,0.482158604245953,NA
"Neu3",22.5736564648698,-0.00208645389068675,0.0480017757233592,0.399751494443222,NA
"Pgm2l1",33.0130597422301,0.00211269389966971,0.0448429561135636,0.394650927843958,NA
"Coa4",53.4632581052999,0.000674343488784078,0.0320557972408878,0.735004028554839,NA
"Arap1",43.9218716190872,0.00047552649728307,0.0334543863176398,0.81630154440256,NA
"Inppl1",27.1909786685981,-0.00115527627936274,0.0410895098837471,0.612220699446987,NA
"Lrrc51",13.4742106323508,0.000839745008443264,0.0462415288409289,0.700547940213059,NA
"Pgap2",56.7704223604415,-0.000207281911263404,0.0303794513508787,0.914038069834616,NA
"Trim68",27.220119432724,0.000859120747274388,0.0398270497781363,0.700181906862825,NA
"Trim34a",40.4943614973264,-0.000359515410842364,0.0344088608876644,0.8626941918034,NA
"Trim34b",19.6631734794376,-0.000529111626130306,0.042517396385359,0.810832804930203,NA
"Smpd1",20.1630398895455,-0.0020009763600382,0.0483055797025468,0.413452296324558,NA
"Arfip2",43.1034268118958,-0.00284067133827224,0.0472541398095221,0.286662897624586,NA
"Dnhd1",23.7633238995294,-0.00136121074142002,0.0438419473881368,0.55831187312976,NA
"Tpp1",71.0253935453855,0.00429396567529145,0.0529184238279796,0.164583089863023,NA
"Gvin1",28.6814557591647,-0.00162936188883648,0.0430282798293994,0.492001508251706,NA
"1600010M07Rik",42.6651909770912,-0.000962176790298519,0.0356691250254334,0.652531253572365,NA
"Swap70",40.5684645155112,0.000915620324177905,0.0358200466051789,0.668782054412453,NA
"Ampd3",18.0149196774148,0.00238364735239857,0.0514911759262371,0.342424532136315,NA
"Irag1",19.4979884757058,-0.000201325594598991,0.0418846606981311,0.926897375915112,NA
"Mical2",20.898302241799,-0.00097905208729156,0.0428663138649694,0.665229345902605,NA
"Arntl",45.0748454394672,-0.00142873443626609,0.0375456417212381,0.520511526689878,NA
"Plekha7",67.578067581274,0.000799869409935536,0.0302614438366548,0.675037408251359,NA
"Gm44777",29.9482286680352,0.00173728430281525,0.0433455291634224,0.467959847835222,NA
"Nucb2",32.4981521962787,-0.000525053204059091,0.0389606098242494,0.810888370167854,NA
"Xylt1",45.2582542095119,0.000278259729146995,0.0327841149621001,0.890449083919958,NA
"Eri2",65.2049693511679,0.00151386144173954,0.034540848214059,0.471890706961075,NA
"Eef2k",27.9805722451922,0.00143102743984584,0.0423747424864819,0.539421828672833,NA
"Cdr2",40.1943907479914,-0.000949907341051381,0.0361245795948264,0.658844457187363,NA
"Cog7",32.0908799143946,0.000533155247219856,0.0376118037775301,0.80598713930221,NA
"Gga2",25.2166451748115,0.00119388139708827,0.0424405611759693,0.602904885215259,NA
"Ears2",58.0041477425795,0.00024314334713371,0.0298933136572659,0.898061746076969,NA
"Gm15489",24.0477334162186,0.00035892093738008,0.0398318210084761,0.870162517306525,NA
"Katnip",49.73736871361,-0.000359502557424992,0.0318103897757549,0.856049445726424,NA
"Spns1",33.91794855103,-0.000507275130512062,0.0364357397404658,0.812803328900468,NA
"Rabep2",55.8454722242689,0.0009844426380079,0.0333017505199472,0.630479817379009,NA
"Apobr",36.6164032657369,-0.00187672303134269,0.0423723484179265,0.434442168522417,NA
"2510046G10Rik",28.3227123326744,-0.0010636420255664,0.0403056806262481,0.637642713153135,NA
"Mapk3",57.1424557848834,0.000571993203875911,0.031193256289791,0.769819338086634,NA
"Gdpd3",19.1971788197988,0.000907428446818812,0.0435250057144077,0.686499598332989,NA
"Taok2",70.8608446662077,0.0007022907257806,0.0297315593721444,0.709311562698209,NA
"Kctd13",60.2503759355123,0.005885728324795,0.0646021789164773,0.113480287225717,NA
"Mvp",66.4732022799864,-0.00175170364996727,0.0362355918666389,0.422684703943562,NA
"Tbc1d10b",65.736841181646,0.000608996521065996,0.0296419701967432,0.746186621564248,NA
"Mylpf",25.7363923200765,0.00307462817406314,0.0530096208694382,0.264563947885025,NA
"Zfp553",54.888233892294,-0.00088467919566171,0.0326243906599699,0.660927077436408,NA
"Zfp764",19.3298593295176,0.00144067140706744,0.0455324953028127,0.536553231722062,NA
"Zfp688",52.0887348896381,-0.00076235934353977,0.0326185615717602,0.705372698353711,NA
"Zfp689",18.4288186414121,-0.000523433118767786,0.042743414731753,0.812647905331481,NA
"B130055M24Rik",68.0110444081938,0.00102009300585127,0.0311334578429307,0.600119237352388,NA
"1700008J07Rik",14.9086203718629,-0.000967242384038968,0.0458749691321601,0.662920659801573,NA
"Gm28198",22.4615946697362,0.000511875507754696,0.0407226741963681,0.816877051032838,NA
"Tmem265",46.9276911103415,0.00119245940856392,0.0358717719422667,0.579669601135047,NA
"Orai3",43.9457454505891,0.000202005192526749,0.0333537955723351,0.921155530923416,NA
"Zfp668",26.8608769325908,0.00209311171859871,0.0462948318653606,0.400151063408042,NA
"Armc5",18.2857060318897,-0.0012404792213338,0.045418185631247,0.587506996702979,NA
"Rusf1",26.2424949516252,0.00223858256462263,0.048127094991378,0.374822431356454,NA
"Bag3",23.6850832271216,0.00055639094823634,0.040461807186103,0.801419067475891,NA
"Fgfr2",54.7261602859012,0.00206402045934577,0.0398010383530481,0.379062246710446,NA
"Plekha1",65.702715842556,-0.000156008802609616,0.0284455272131397,0.932032997196263,NA
"2310057M21Rik",56.7744229637533,-9.50229544447245e-05,0.0300156412863879,0.960198406192021,NA
"Lhpp",24.275706383253,7.0831634052478e-05,0.0393593057645992,0.974125312416814,NA
"Uros",35.16505068263,0.000627419595762269,0.0365113633661606,0.770280760200513,NA
"Dhx32",61.9995504013357,0.000699707122214557,0.030539038293579,0.715996289336915,NA
"Dock1",21.5546362416171,-8.79033371950585e-05,0.0410934845681481,0.968030970301347,NA
"Mapk1ip1",25.6656676251844,-0.000373673818838774,0.0390994782017151,0.86443874077496,NA
"Inpp5a",30.914263661331,0.00102030742197992,0.0391304203740102,0.647903062460997,NA
"Fuom",40.9195608333704,-0.00154369149276635,0.0391511520666109,0.498856399203323,NA
"Paox",71.1945715560323,0.00143369774480013,0.0334170009894908,0.484535242044844,NA
"Mtg1",68.5280849712852,-0.00164035373127949,0.0351012785633823,0.441480722319146,NA
"Ric8a",51.7557023485074,-0.00282215233892412,0.0460713713503048,0.284281774279729,NA
"Sirt3",30.024183512343,0.00113628924388275,0.0399089268023594,0.615092999849163,NA
"Sigirr",70.1379244640209,0.000730053685346087,0.0293719049257023,0.695487473093508,NA
"Ptdss2",23.8145660057633,0.000260442944335655,0.0405699385633781,0.905615516591136,NA
"Rassf7",14.0906825630535,3.7173639313211e-05,0.0446192774996842,0.986215974365276,NA
"Deaf1",64.2463347254084,-0.000176244107456209,0.0286942832590024,0.923745279723522,NA
"Tmem80",69.037198073029,0.000968722740833968,0.0308091142758445,0.615901656201149,NA
"Slc25a22",47.7812368857636,-0.00075915069334076,0.0337625168704044,0.712826635262393,NA
"Pidd1",25.6007383022303,0.00105788666107499,0.0412948180607368,0.641012826359616,NA
"Tspan4",64.0523421218134,1.25547394960314e-05,0.0286391655240133,0.994553635134848,NA
"Chid1",52.7462849193678,0.00278967065631618,0.0451631786268114,0.284283941535635,NA
"Tollip",44.7175992339054,-0.00241984911937534,0.0440741434508994,0.337126281900666,NA
"E230032D23Rik",26.6741400492243,-0.000376380463872703,0.0392491528273807,0.863586566333797,NA
"Tnfrsf22",12.846054865938,0.000416684756433999,0.0458733188468095,0.845204196885305,NA
"Osbpl5",16.9024947678773,0.000626731109902135,0.0438625775149214,0.776360590932206,NA
"Dhcr7",32.281500952793,-0.00276411398976351,0.0492284547465185,0.30093243004431,NA
"Fadd",46.4698201148316,-0.00139194689672959,0.0370106030086542,0.527470497345014,NA
"LTO1",48.0604083282977,-0.000775615469708984,0.0339101229093496,0.707683713382226,NA
"Mcoln1",31.7159672403027,-1.74559432725566e-05,0.0365011464811131,0.99347486305357,NA
"Xab2",64.3856855479746,0.000670766402225559,0.0301547838506154,0.724800543385106,NA
"Evi5l",15.5081637240339,-0.000564186540516934,0.0446962271846989,0.796104500761492,NA
"Snapc2",27.5096580822553,0.00131708963218275,0.0419206593984925,0.568567006907629,NA
"Cers4",65.9492021988616,0.00118925802906776,0.0325918850586552,0.554829355859321,NA
"Abhd13",49.9724817908935,-0.00201394500755445,0.0403626089917231,0.393944464501382,NA
"Arhgef7",66.4406261350708,0.00116295942171651,0.0325407303727786,0.563200577821402,NA
"Atp11a",65.7031495161904,-0.000554635520944253,0.0294599751682861,0.767216574030564,NA
"Grtp1",22.9114493580147,0.000647436214308837,0.0408404861426495,0.770728228312693,NA
"Fbxo25",47.0932955226445,0.000599345141773141,0.033347992642593,0.769403606574465,NA
"Cln8",22.5030193597887,0.000437916446363373,0.0407595400209765,0.84263556946555,NA
"5830468F06Rik",48.7157868838342,-0.00448185053644692,0.0573322399578982,0.164446176262177,NA
"Gm56829",20.9548686664963,-0.000537264286085836,0.0415798742577131,0.808294057150445,NA
"Alg11",39.7194905751485,0.000209951713461829,0.0343941806142148,0.919464422598021,NA
"Nek3",19.4590236267321,-0.000420750662264127,0.0420887621652478,0.848634658658579,NA
"Slc25a15",20.3605487056449,-0.000143872975203038,0.0411632959151938,0.94772275056396,NA
"Slc20a2",59.8429001254953,0.000401392604761995,0.029893462249919,0.832396009702064,NA
"Gm17491",19.3815568786602,0.00102813117268969,0.0436915234544001,0.650045061648786,NA
"Ap3m2",31.7038279616839,0.000754141473798711,0.0381891109322212,0.731156697507062,NA
"Adam9",57.0086824516292,-0.000919747233090123,0.0325185726623998,0.647612705767028,NA
"5830408C22Rik",26.1404085573138,-0.00271923114336723,0.050767660256982,0.30554756350944,NA
"Letm2",46.0096062337249,0.00129682383371691,0.0368317202291112,0.554062025349397,NA
"Plpp5",50.8414521658224,-0.000391132593133953,0.0323958445788938,0.845381616726741,NA
"Hgsnat",21.5107228520169,-0.00167117390705025,0.0458981820219155,0.483212740811668,NA
"Pomk",16.3259209406276,0.000709010486683244,0.0443207508158244,0.748270434799069,NA
"Thap1",57.9415693193911,-0.000633105123501392,0.0315167771301287,0.747785853307966,NA
"Erlin2",39.9529404326935,0.00261835680306295,0.0463609253443112,0.314917602194081,NA
"Brf2",37.8599678333306,-0.000436710503905649,0.0350223240845491,0.83524634373334,NA
"Rab11fip1",56.5581191495935,-4.38239962846847e-05,0.0299688506914483,0.981617883856125,NA
"Rnf122",38.1407521962024,-0.00412602809297486,0.0571398502019523,0.184557491290932,NA
"Tti2",49.0063316053905,0.000167836930273062,0.0316512955738232,0.932278120687009,NA
"Fut10",39.386725798272,-0.000729410526865534,0.0357372140894611,0.73205987885854,NA
"Purg",18.5199299032003,0.000274199570555795,0.0422862456958527,0.900585147562156,NA
"Dusp4",30.2638616665896,-0.000419964116264204,0.0374613448007268,0.846053035427987,NA
"Ppp1r3b",40.4126338886554,0.00171984340635274,0.0402597891952103,0.460594518928007,NA
"Prag1",24.6226943231305,0.00479669609756079,0.0652418379321141,0.138608138852854,NA
"Micu3",58.4466523627224,0.00155661453884122,0.0358003844369621,0.471404706090402,NA
"Asah1",45.8896437413394,-0.000161683538226378,0.0323768600526092,0.935700341010537,NA
"Ankrd37",47.2096982612212,-0.000448061114985009,0.0331784622363986,0.82585123526655,NA
"Acsl1",49.7015508785405,0.000337035060105974,0.0322590804835207,0.866175787836436,NA
"Cenpu",55.6212966607559,-0.00147668816675932,0.0358086067754443,0.494148722813582,NA
"Gm16675",51.7393600156572,0.000194148055138769,0.0313104100636524,0.921127267148784,NA
"AA386476",20.0110653081234,2.23789308329633e-05,0.0412938158926639,0.991856837057256,NA
"Asb5",26.9896573483695,-0.00160411187357504,0.0437783118463662,0.498910174393635,NA
"2500002B13Rik",19.9109835508949,0.000774435154732316,0.0434811233677546,0.728348610038475,NA
"Cbr4",56.0306531553649,0.000732080050681756,0.0316962274449236,0.711067309054652,NA
"Nat2",65.5909142152799,0.000473712958222199,0.0293799899739033,0.800141380122149,NA
"Lzts1",20.2031914921896,0.000245596011535838,0.0413528723723357,0.911001678283624,NA
"Zfp930",68.142718756458,-0.00046283773331134,0.028782590107418,0.801593490134626,NA
"D130040H23Rik",61.0962595016955,-0.0010766235371851,0.033047567167063,0.596873582030298,NA
"Gm10033",56.5561081721866,0.000481325144976726,0.0307118187055011,0.803430457883703,NA
"Zfp866",47.5318498388763,0.000299997117704218,0.032261502102542,0.880764082198956,NA
"Rfxank",24.6546557844239,-0.00114223424045077,0.042838370597673,0.617573993225711,NA
"Mef2b",23.4244465253606,0.000810450879906639,0.0415026231084332,0.717555924389432,NA
"Tmem161a",55.8552963091168,-0.000266909212740773,0.0305333076711558,0.889831311697935,NA
"Slc25a42",38.9254195114022,0.001632556125405,0.0407236404048043,0.484051663377022,NA
"Armc6",39.9856905011583,-0.000526456290303565,0.0346334862227343,0.801051357265411,NA
"Crtc1",30.3090921026751,0.00239777722600218,0.0471804301937215,0.350154030626834,NA
"Klhl26",35.3320806649588,0.00293674462995873,0.0497319236071265,0.280591435670311,NA
"Gm56874",27.6664365569961,0.00164808514705352,0.0433599118781309,0.488215835434219,NA
"Pde4c",10.6716731393313,0.0012305753087672,0.0493061037119394,0.567407548485964,NA
"Ifi30",65.397897658598,-0.00565627206176954,0.0628435015029238,0.119200384356631,NA
"Pik3r2",13.8816278004556,0.000994235320178367,0.0464572470134561,0.652533870284751,NA
"2010320M18Rik",25.3297847823025,-0.00212298775601504,0.047884197255262,0.393881254878156,NA
"Mast3",65.5886282977503,0.00148830888131401,0.0346040865923969,0.479988394329306,NA
"Arrdc2",17.033489450283,-0.000331557266831852,0.0430737919176651,0.879703002751834,NA
"Ankle1",33.8736953285005,-0.000392518959901046,0.0363186477094032,0.854168534813128,NA
"Gtpbp3",35.6191662315076,-0.000495395213519032,0.0358249048967912,0.815674495482189,NA
"Unc13a",41.7577774344061,0.00138117472983157,0.037912673366621,0.536128216699139,NA
"Jak3",58.2096649411709,0.000123077742844816,0.0296894921385966,0.94805118674899,NA
"Zfp709",28.9103912569196,0.000159943543944613,0.0375748477660411,0.940933254114553,NA
"Zfp882",16.2755110722993,0.0011144372553237,0.046198646282883,0.619176336945701,NA
"Zfp617",62.1328958940775,-0.000942418794960734,0.0320153474308814,0.635687059817404,NA
"Gm16091",24.4429966228691,0.000462300517278301,0.0397763839645958,0.833605869434983,NA
"Hsh2d",44.1473055871732,0.00130198834367647,0.0374263327380816,0.556102581937747,NA
"1700030K09Rik",34.1818336116114,8.4905422338486e-05,0.0362369889235272,0.968178044405695,NA
"Slc35e1",58.2469733285025,0.000761163864263963,0.0314451751155246,0.698456151776502,NA
"1700085D22Rik",19.7621774243087,0.000224140060136196,0.0419685432910416,0.918655702120477,NA
"F2rl3",25.345136474834,-0.00161031999682082,0.044255485850835,0.497753393371077,NA
"Tmem184c",69.5701115920972,0.00089003659625441,0.0302095276199685,0.64000314225833,NA
"Gm4890",53.8865910218152,0.00019313427711207,0.0306434232156434,0.92037172383893,NA
"Elmod2",31.5540449498843,-0.000181449039970611,0.036721167953693,0.932456305643163,NA
"Scoc",64.418594857153,-0.000921071972358871,0.0311976405246393,0.636860843995069,NA
"Adgrl1",49.9862712802602,0.000238663584120148,0.0317769065462814,0.904070040945841,NA
"Prkaca",62.3002804816008,-0.000176530093163138,0.029109763715514,0.924444988242048,NA
"Rfx1",35.4585463047389,0.00025339865353209,0.0361013202686451,0.90516283549282,NA
"Cc2d1a",32.2342674640398,0.000561061196029519,0.0370535456429467,0.795011547625776,NA
"Brme1",21.8265376094299,0.00608479850395805,0.0742033204121735,0.0882014432391578,NA
"Gm26532",14.7145627860317,0.000982473893875304,0.0463224194714789,0.656602236066569,NA
"Zswim4",15.4250394932357,-0.000315592775705047,0.0441420322234786,0.884513512068585,NA
"Ccdc130",48.5196822862587,-0.00036470764439977,0.0322121964807391,0.855176302240978,NA
"Cacna1a",52.3203464372526,-0.00435614502126145,0.055899300177016,0.169460483013174,NA
"G430095P16Rik",42.8165298517316,0.00245570774289555,0.0445949239466107,0.333527149895974,NA
"Gcdh",24.7632742740285,-0.000887042737754413,0.0409050216723012,0.692819649294203,NA
"Dnase2a",44.5726784289941,0.000170977758281344,0.0327489503339756,0.932494034378434,NA
"Hook2",26.1349395915424,-0.000117477933581563,0.0387166559865877,0.956958397910949,NA
"Fbxw9",20.8568775517464,-0.0010459982912962,0.0432597495511925,0.645173027694577,NA
"Gm56867",20.2133847756377,-0.000931080075748096,0.0429878685650376,0.679710708151165,NA
"Gpt2",32.6095996361326,0.000271367953667819,0.0363333610862863,0.898767769647356,NA
"Siah1a",58.6473870194972,-0.0011612255290593,0.0334479245362091,0.571750223999806,NA
"Nod2",20.7680308559859,-0.00107241606713569,0.0436538171807972,0.637184566235406,NA
"Aktip",35.2051730090328,-0.000335002932183396,0.0362937681699929,0.875226459283625,NA
"Rpgrip1l",42.8424289257036,0.00050268083728989,0.0339792530678139,0.807796598028394,NA
"Ogfod1",49.6550980722195,-0.00074966074605831,0.0330589454434697,0.712532737137769,NA
"Mt2",58.0429398346471,0.0229002502558153,0.139378578450744,0.0152977857395578,NA
"9330175E14Rik",61.9912592434113,-0.00115812998545368,0.0333839361543475,0.572238961704621,NA
"Cpne2",18.1036867975334,0.00145161952981013,0.0463575330673497,0.531737347514604,NA
"Coq9",71.1192314847765,0.000739428817795672,0.0297648307494075,0.694810140107837,NA
"Ccdc102a",32.4455071275937,0.000483327420833632,0.0367791585552828,0.822123654803347,NA
"Adgrg5",31.8000100427446,-0.00142773907795583,0.0411242785159586,0.537425008204583,NA
"Katnb1",27.5299649840798,-0.000567408677035255,0.0387993165740418,0.795957068203718,NA
"Zfp319",25.5223597406109,-0.000266142436899705,0.0390174981412822,0.903001206621226,NA
"Usb1",70.718266836323,-0.00237544804062091,0.0399799446888387,0.317039693678524,NA
"Sap18b",22.4921891134861,-0.000672961034656559,0.0418783119165634,0.762457939659226,NA
"Slc38a7",19.4202829112784,-0.000228918359841137,0.0417265664715732,0.916971079551773,NA
"Tk2",47.6255361339504,-0.000871026541146132,0.0340099454278397,0.674500977969663,NA
"Cmtm3",17.2599505135534,0.000115315598920433,0.0432673820538432,0.957798861549006,NA
"Cmtm4",45.4454466252168,-0.000211635062354363,0.0331252912738217,0.917076008992742,NA
"Pdp2",28.7137146787258,0.000379168575633779,0.037885573870939,0.861285410887962,NA
"Rrad",36.5376848711883,-0.00211457852854672,0.0441717600469653,0.392473966013532,NA
"Phaf1",55.8611712566966,0.00362098952391946,0.0505528463436439,0.210903969874196,NA
"Tradd",58.9530299343939,0.000573901837680369,0.0306743546004154,0.766335053590322,NA
"Fbxl8",45.2626894114324,0.00148557303433353,0.0378071194407745,0.506417511412894,NA
"Matcap1",18.3591147013805,0.00241290452495496,0.0515879888901089,0.338314278975287,NA
"Fbxl9",21.7673375095344,0.00104759925181628,0.0427051813459931,0.644890153106317,NA
"Fhod1",20.7703246982548,0.00284404639710724,0.0533167974393447,0.284055621256154,NA
"Gm38250",12.3676674284893,0.000275191084533242,0.0458075277534153,0.896949232419945,NA
"Ripor1",27.6674493871173,0.00165699479879573,0.0434328536222626,0.486277783943806,NA
"Gm5914",15.7361513739038,0.00040477403047228,0.0439248901413397,0.852918043707629,NA
"Pard6a",34.4470353903355,0.000165226556937963,0.0356188314717017,0.93766591640768,NA
"Enkd1",48.1096754020325,0.000543394820653661,0.0326509847103262,0.78757947804384,NA
"Gfod2",28.8027855974362,0.000115284616933884,0.0376304624306661,0.957416530766635,NA
"Cenpt",61.182640105483,0.00201356441721599,0.0385329500303321,0.379943656090995,NA
"Thap11",63.9581488283572,-0.00175000138397459,0.0364236502307538,0.424903069476224,NA
"Nutf2",33.6154530678098,-0.000729276695536492,0.0371413331031683,0.736771922180244,NA
"Edc4",64.7319565315834,-0.000298803078278392,0.029057427012277,0.872226611442379,NA
"Pskh1",51.302527561076,8.76060281077615e-05,0.0311176686523594,0.964215510703462,NA
"Slc12a4",18.5304269852402,-0.000443225085506454,0.0429399654553462,0.840331685832816,NA
"Dus2",53.9168891739404,0.00140990923641245,0.0356501445749835,0.512254555985223,NA
"Ddx28",49.5760611962436,-0.00195095179935368,0.0399557971529274,0.405064403298131,NA
"Zfp90",17.5331752681753,0.000256045562259184,0.0426840495196158,0.906965219021565,NA
"Chtf8",45.5740904078566,0.00161395696922992,0.0384890089087958,0.476590541283413,NA
"Zfhx3",16.5844020176739,0.00392414454334057,0.0618832109667594,0.170967200902974,NA
"Pkd1l3",20.9371225328946,-0.000274073147708549,0.0414054825606794,0.90078160680612,NA
"Zfp821",14.432916909013,-0.000996201658176296,0.0462206386352705,0.652980449287657,NA
"Atxn1l",50.3750526910182,0.0019242749273501,0.0395478419408021,0.408240072901728,NA
"Phlpp2",59.300183455309,-0.000504517523472707,0.0304205173238219,0.792747967245108,NA
"Cmtr2",19.5517913501624,-0.000514184478250638,0.0421603577487238,0.816122727878683,NA
"St3gal2",54.0282633784763,-0.00198099295159349,0.0394098920778788,0.394385567136865,NA
"Pdpr",55.9836652410636,0.00105455874068755,0.0332095844470673,0.605682853942396,NA
"9430091E24Rik",17.874910540492,-0.000207855321349981,0.0427506044830721,0.924325739245449,NA
"Wdr59",63.8582112112345,-0.00277861144213087,0.0435997824163013,0.276214271232511,NA
"Adat1",59.4343255693912,0.000478154311439512,0.0302063111433295,0.802374003622605,NA
"Mon1b",21.8003410771901,-0.000253905755600853,0.0405696986179973,0.907964119065588,NA
"Atmin",68.6645205098641,0.00032569914460104,0.0282162199253969,0.857652860778332,NA
"Mlycd",37.1213271577843,-0.000172001671928338,0.0351961117061499,0.934747708128425,NA
"Hsdl1",52.2985569079053,0.000562865006578629,0.0319279127400299,0.77694962984751,NA
"Taf1c",19.6713703788845,0.00190645868600679,0.0483271961130703,0.430005792189623,NA
"Klhl36",30.6998262667,0.000487978715273582,0.0373574937461919,0.821543011513633,NA
"Zdhhc7",56.4016302083812,0.000392668532320858,0.030575116523995,0.838626553938617,NA
"Mthfsd",45.2645411481256,0.000356042226026473,0.0329970701517649,0.860691049863787,NA
"Fbxo31",30.3988573700793,0.000723872450142022,0.0382510878784121,0.741474350634425,NA
"Gm26812",17.0650606898167,-0.000469892549739753,0.0435267027556821,0.830495813465428,NA
"Zfpm1",66.3568502585827,-0.000695790261055575,0.0298479615753823,0.712742266645419,NA
"Mvd",56.8378403829434,-0.000558126198773514,0.0310326696528235,0.774449125191609,NA
"Galns",49.1773039668911,-0.000127714968437862,0.0316234725122229,0.948410813034384,NA
"Acsf3",25.0469097769521,0.00263782167518515,0.0505217354610455,0.315607737727732,NA
"2810013P06Rik",33.1480764688793,-0.00124626449103442,0.0400197261407297,0.583604130816169,NA
"Gm4316",27.4579818846148,-0.000600399445062559,0.0389374311730832,0.784771620934707,NA
"Chmp1a",40.1226611477174,0.000771904729959927,0.0353572330563619,0.715748869493592,NA
"Cdk10",30.1685042270378,0.00109484280041929,0.0398450120942771,0.627221014699918,NA
"Zfp276",25.2059741692226,0.000404547322403715,0.0393555503730545,0.853655342672514,NA
"Fanca",54.6264687504324,-0.000289086850238348,0.0308909495139634,0.881702275371,NA
"Def8",15.3472689465721,0.000580740879573957,0.0445862833545483,0.79066581703916,NA
"Gas8",31.8317405229919,-0.000914109499867378,0.0387084192849074,0.680095934353943,NA
"Rab4a",28.5823507977199,0.000306350106810261,0.0379059951019313,0.887625847051289,NA
"Arv1",61.1785154602505,-0.00138883841277479,0.0344891953633537,0.508632908844231,NA
"Exoc8",50.8187574915942,-0.00079049301351004,0.0330277809036072,0.697491280085616,NA
"Sprtn",39.760611048837,-0.00130150078976765,0.0380947497568367,0.559874793178413,NA
"Tarbp1",46.2100806332124,-0.000588684566246358,0.0332598359453875,0.77301343050184,NA
"Gm31718",26.8167096260272,-0.00317437594473209,0.0537383071109724,0.254150242405763,NA
"2610044O15Rik8",54.6540829279587,0.000766777445088983,0.0320774696939482,0.700446833131612,NA
"Gm32856",64.4653371970025,0.000360330338924422,0.0290214264171089,0.846011993307574,NA
"Kbtbd3",53.3041500822952,0.000890785524535925,0.0331607779252663,0.662338490369498,NA
"Casp1",56.8321175002087,-0.00157524251468954,0.036431234172132,0.47165015979273,NA
"Jrkl",27.2981502366749,-0.00178862262228627,0.0446498132223776,0.458614278930272,NA
"Endod1",30.0010187123706,0.00150987928370322,0.0418403760522717,0.518336046658427,NA
"Fut4",22.8803625092884,-0.000788019015203905,0.0413219836220812,0.724685465090104,NA
"Gpr83",62.8950266091197,-0.00453049025878646,0.0555183440546227,0.157659143909454,NA
"Gm47214",27.081361942278,0.000308307598670444,0.0387217704465204,0.887595478622131,NA
"4931406C07Rik",39.1189129519245,0.00243954752367992,0.045622777302719,0.340169872210069,NA
"Slc36a4",44.3084748869855,-0.0011794767131429,0.0365243219145452,0.587685857218938,NA
"Zfp317",31.8795606751988,0.00019311818794586,0.0365172810726818,0.927969002661559,NA
"Zfp846",24.7048267469669,-0.00169603549207278,0.044996246230093,0.478597676441112,NA
"Fbxl12",69.6699545329701,-0.000148771615350665,0.0284303307018921,0.935153995707226,NA
"Shfl",56.1050667302378,-0.000504953523043202,0.030871360892836,0.794723917834627,NA
"Angptl6",43.1997400240718,0.000951679462315053,0.035431612487859,0.65478610971222,NA
"1700084C06Rik",47.7681789460713,0.00184236962534343,0.0396755396749478,0.428045666963086,NA
"Tyk2",62.3566080005129,-0.000262357648421413,0.0296106279125496,0.889284233023143,NA
"Gm16754",20.1474786568998,-0.000835639909392526,0.0428652062580329,0.709425194885938,NA
"Atg4d",40.8887421666707,-4.99364960093919e-05,0.0336043844280656,0.980558361227135,NA
"Carm1",58.5456924313607,0.000209591348535922,0.0300895509426776,0.912488367924056,NA
"Yipf2",28.9650477207838,-0.000811357984098179,0.0391125583659317,0.71428475452673,NA
"Timm29",34.2209791422305,-0.00205616183840229,0.044039699543698,0.403282007370652,NA
"Rab3d",18.1322195467035,0.00134149219854955,0.0456814887847125,0.560679941320731,NA
"Zfp653",22.1043484641744,-0.000393013467785067,0.0407217583461646,0.858418079184707,NA
"Gm16845",20.9968071130272,7.99871740032531e-05,0.0408449747947889,0.970903737432445,NA
"Ecsit",62.6315039890422,-0.000428876867041289,0.0294922566621063,0.81929036429859,NA
"Zfp599",25.5801342704805,-0.000491870403111213,0.0395772436549758,0.823104854544331,NA
"Zfp810",47.099502467844,-0.0008110875585475,0.0339857732859819,0.695461953375344,NA
"Gm47772",15.5078238911046,0.000929080413187522,0.0453073239709141,0.676296532111893,NA
"Acad8",37.1408097464425,0.000936968384448009,0.0374464332364257,0.66867176659423,NA
"Gm48796",12.2725195290519,0.000674725964694642,0.046511614600071,0.753110853026753,NA
"St14",25.853322990765,0.000992968062132487,0.0408773369763862,0.659991793817408,NA
"Gm27162",31.6262375894636,-0.000956458100707535,0.0391833946333217,0.667928934723544,NA
"Tirap",21.5029747268121,-0.00192326863867558,0.047336335528501,0.430006574439376,NA
"Foxred1",47.0804753220945,-0.00466379988524185,0.058788400389187,0.156449265811813,NA
"Cdon",62.0305283087491,3.81230115588243e-05,0.0289526206284137,0.983598135202025,NA
"Hyls1",70.7225716559988,-0.00068171647949656,0.0291199037833025,0.713050605851268,NA
"Siae",27.7570193794705,0.00080420525836987,0.0393456188432858,0.717079768546828,NA
"Ubash3b",55.8205934873851,0.0151488160125381,0.110150935394293,0.0290824380017038,NA
"Gm30373",59.6509545336447,-0.000812166681688476,0.031594159398302,0.68031733999774,NA
"Rnf26",39.0051867704095,0.000621605083885397,0.0352085355913849,0.768330757103857,NA
"Hinfp",55.1569731455947,-0.000778517071379184,0.032682340057428,0.699818611960934,NA
"Dpagt1",47.1532256772289,-0.00102652963942402,0.0348444884658096,0.626509338133874,NA
"Vps11",38.3848227599357,0.00153420539750794,0.040057840090738,0.505839704288736,NA
"Slc37a4",26.2645379801635,-0.00112349838822136,0.0416564511101899,0.622215011093321,NA
"Ccdc84",47.6918114512885,-0.000390703599424957,0.0325249630523568,0.84593734691602,NA
"Bcl9l",45.9961716778952,-0.000140575486241751,0.0325439102489463,0.944258183360223,NA
"Mpzl3",56.7623553360372,-0.00266122831419509,0.0436782855944972,0.295031796433358,NA
"Il10ra",68.5281431954252,3.93914109015111e-05,0.0279349261361412,0.982581828654456,NA
"Cfap68",60.7374007935683,0.000715233027299463,0.0307736433016582,0.711534520140062,NA
"Alg9",50.3000231764503,-0.00179760305697538,0.0388699711844949,0.433169619727643,NA
"Poglut3",19.6140949226577,0.00137295526353624,0.0450610535205447,0.554128616859216,NA
"Gm16124",41.2500036583797,0.00187205596638814,0.0411931040024984,0.430148338231276,NA
"Slc35f2",49.4984285387916,0.000763762163101638,0.0332641170440978,0.708523885036811,NA
"Acsbg1",23.0103883206496,0.00284993053703162,0.052822110587026,0.285783820946888,NA
"Dnaja4",33.2187717981004,-0.000168424653624621,0.0362687156238236,0.936970575737464,NA
"Man2c1os",28.3302002005918,0.000735182267137287,0.0390335213434918,0.739283248006248,NA
"Man2c1",26.877790828287,5.30329228187466e-05,0.0382500154386235,0.98049566640984,NA
"Neil1",20.9153250788081,4.9186427057705e-05,0.0414345725330796,0.982103034281058,NA
"Fam219b",44.7320973370293,-0.00111532923721685,0.036022329838598,0.604813692414757,NA
"Gm17231",15.0792675832698,0.00127248750489679,0.0470053706631846,0.573237085359785,NA
"Stoml1",43.0296715513794,-0.000565550433613398,0.0339424403131787,0.784289467458756,NA
"Bbs4",20.9263359173262,-0.000438468731212515,0.0412696709901964,0.842528050151633,NA
"Hexa",48.2441573490439,0.00133114308181715,0.0364908444856296,0.541691489514361,NA
"Parp6",47.1343443454303,0.00342715992290682,0.050776085436149,0.23031432566239,NA
"Senp8",38.988323174114,0.000345751336773826,0.0349568576727828,0.868978559488963,NA
"Glce",38.4864230895947,-0.00203218921781955,0.0428038146933194,0.403591302314214,NA
"Cln6",62.2064349458131,0.000541000433705282,0.0299968396142065,0.775828017462957,NA
"Dis3l",45.8807088624643,-0.00149124576842346,0.0377565528389269,0.504534419381363,NA
"Mtfmt",61.4743703246368,0.000471090876726424,0.0298814138940031,0.803703876692051,NA
"Plekho2",35.9188038165798,-0.00183708699041411,0.0421524976074133,0.442262764743513,NA
"Pif1",42.5585478483282,0.000334383674692001,0.0335804507759153,0.870431098750902,NA
"Oaz2",38.598673491113,-0.00171759428781549,0.0409235175699756,0.464415755691655,NA
"Aqp9",49.8805609882042,1.09875908399262e-05,0.032073019461785,0.995599043645976,NA
"Mns1",32.9986626556799,-0.00136506511176719,0.0402642919383188,0.551406148219535,NA
"Dnaaf4",32.539975271743,0.00357309936694731,0.0550652908745718,0.221215421950474,NA
"Ccpg1",49.9513070345982,0.000285734571912451,0.0315840672317315,0.884810509742911,NA
"Gnb5",16.9258041257278,-0.000421612483105116,0.0436153750241632,0.847318263361305,NA
"Lysmd2",52.1044050635968,0.000411295085698943,0.0314641090750009,0.834386378956992,NA
"Lrrc1",33.8558334954896,0.00104948679469811,0.0386018791684474,0.637244094199937,NA
"Cilk1",41.1117599244121,0.00199898969063648,0.0419783539527528,0.406634324881171,NA
"Mto1",65.0712680865886,-0.00171162826492428,0.0359529904643183,0.430515944749809,NA
"Slc17a5",26.2473345509388,-7.02561548682711e-05,0.0389544267697892,0.974281888067616,NA
"Irak1bp1",29.3160430220694,-0.00146742997904264,0.0419482703940671,0.529312782449919,NA
"Hmgn3",54.5431202966845,-1.34823651792879e-05,0.0304293050564055,0.994405344957302,NA
"Lca5",66.0880673745478,-0.00198607719697614,0.0376866256003214,0.378666999939164,NA
"Ube2cbp",36.2752906912115,0.00097712289795321,0.0372770340640487,0.655065034412344,NA
"Pgm3",70.7988885230383,0.000704130202347033,0.0295814467813208,0.707469558613738,NA
"Snx14",55.5440038362332,0.000299719116553021,0.0304522372286308,0.876150909183041,NA
"Zfp949",39.2328412560167,-0.000483510515019333,0.0347616720348054,0.817262842094198,NA
"Mthfsl",41.5981410615173,-8.57408693339855e-05,0.0334266830926863,0.966524505596071,NA
"Mthfs",61.1148885009461,-0.000155293111663151,0.0292477327242554,0.933750061363554,NA
"Tbc1d2b",64.804771868954,0.000637604005484194,0.0297797382889128,0.735538980758074,NA
"Plod2",39.0813297138999,0.00193634525838827,0.04230518236874,0.421370568947703,NA
"Chst2",22.9465368100528,0.00397314728877146,0.0603165411575475,0.182195866335401,NA
"Gk5",17.3309207828972,0.000295464882380587,0.0434806643415137,0.89234359645543,NA
"Pxylp1",45.4303990596196,0.00147171349774572,0.0380983134801008,0.512039237357891,NA
"Gm19325",12.1761995587796,0.000187353873302544,0.0458434094938697,0.92953203293459,NA
"Nmnat3",61.2879452540311,0.00194477486529682,0.0380118450920155,0.391251940504945,NA
"Pik3cb",36.6518812678773,-0.0016799926085172,0.0410038902742415,0.473748117346863,NA
"Pccb",54.4640184384724,-0.000125258015052123,0.0307648798928535,0.948452058866922,NA
"Ppp2r3a",31.0397097128937,0.00274194981663419,0.0494000317898811,0.303792606617828,NA
"Acad11",27.9823083719061,0.000536927456988219,0.0385887247070713,0.806256269346395,NA
"Acpp",16.3470600803577,0.000239758687871724,0.043441642711466,0.912459579919873,NA
"Aste1",25.8762992737825,-0.00332500737252935,0.0550371730017139,0.238685995303115,NA
"Pik3r4",39.8166281004908,0.000952186261563172,0.0362027640130136,0.658463197618459,NA
"Poc1a",47.4990268634361,-0.000132023816527459,0.0329969886989218,0.948083812660133,NA
"Acy1",22.3882802587227,-0.000791108485954308,0.0416190917475186,0.723805614107067,NA
"Abhd14a",39.7269785324957,0.000743213356022953,0.0356393727794438,0.726877014215543,NA
"Pcbp4",23.065363265941,0.00324205833736542,0.0550367679999149,0.24449907005419,NA
"Parp3",59.2721497797817,-0.000801975342030365,0.0315646731178424,0.683919967036406,NA
"6430571L13Rik",56.4190867190247,-3.28020591950013e-05,0.0305101351311162,0.98641423307324,NA
"Tmem115",38.8495153842673,0.00205138909006707,0.0428006384653511,0.399696787863225,NA
"Nprl2",35.7257737437054,0.000349134677806527,0.0355372857310173,0.868781597340726,NA
"Tusc2",59.4391509036416,-0.000395969915324085,0.030140681524882,0.835616687841276,NA
"Mon1a",24.5995362812543,-0.000826310463087117,0.0408590197319589,0.712052762795447,NA
"Gmppb",62.0286686473166,-0.00260663135849658,0.0430283365630703,0.299578245060957,NA
"Apeh",51.0927202256442,-0.000627435489810206,0.0323087176391898,0.754090628795558,NA
"Dag1",46.615566488982,-0.000351888769621392,0.0337280734080881,0.864068767626927,NA
"Tcta",17.2122393026594,0.0018151947833077,0.0484878700043017,0.446025105814248,NA
"Dalrd3",35.8461624027584,-0.00205192205355296,0.0435907734657303,0.402674123547864,NA
"Wdr6",35.5706664134423,0.0001730200891681,0.035487978999021,0.934622219598085,NA
"P4htm",23.3799037693026,2.09208395401183e-05,0.0397488359388914,0.992367828008398,NA
"Slc25a20",37.7628885321281,0.00116000839669049,0.0377109352748917,0.59985816138655,NA
"Ccdc51",47.2432230923222,0.00115384366940106,0.0354819756218827,0.589270536864951,NA
"Nme6",48.9291251146059,-0.000246451981535831,0.0317844676680101,0.900971223370073,NA
"Elp6",47.3508355099019,-0.00198623637749537,0.0407002180050448,0.402166011718418,NA
"Ptpn23",33.2255217760195,0.000725308354304479,0.0373478639632145,0.738714145875967,NA
"Klhl18",61.6742949333085,-0.000456132925619081,0.0297168208093551,0.809060440803145,NA
"Nbeal2",49.3878136651858,0.00380665589901347,0.0525935012878135,0.201151383683901,NA
"Als2cl",40.5803142606014,-0.00046699226945548,0.0343385660065188,0.822203555513436,NA
"Ccrl2",51.1913910062526,-0.00200719236865984,0.0402281934523818,0.394497678085112,NA
"Crtap",40.8116299343635,0.000723320885150298,0.0351518202688712,0.731922840800922,NA
"Gpd1l",30.8522429536978,0.00528884802610946,0.0662600908403652,0.127564076516378,NA
"Acaa1a",30.9859429622043,0.000797486098703876,0.0383298190031459,0.717065488822245,NA
"Exog",59.145575616461,-3.96092464642631e-05,0.0295225731842048,0.983203563174845,NA
"Slc25a38",37.447826347549,-0.00146586463655024,0.0395964964590286,0.521626571955515,NA
"Ulk4",15.6186272816653,0.00169768739306168,0.0489610929779373,0.465778252556713,NA
"Sec22c",24.9688857310974,0.000634740600371816,0.0399375044537756,0.774300749189924,NA
"1700048O20Rik",11.9401239507757,0.000513737225782767,0.0463953599927137,0.809071757756544,NA
"Abhd5",38.1265222751051,-0.00138343209522692,0.0392372759315072,0.542294392580045,NA
"Tcaim",39.6660858471908,0.00127758153178418,0.0379221642311702,0.565927819548783,NA
"Zkscan7",19.9949903189993,0.000298283074701852,0.0416317287682049,0.892102938810362,NA
"Gm9856",51.3403497048859,0.00116697508801025,0.0348456140033456,0.580729750353675,NA
"Tmem158",65.6087190802237,0.0037165253591277,0.0499055635438674,0.199178429742779,NA
"Gm39469",37.4657027739657,-0.00134219783594307,0.0390419484162097,0.552860786647652,NA
"Ppp2r3d",58.1149218568989,-0.000927030851277134,0.0323370241886276,0.643672279305532,NA
"Akap12",22.9174173974289,-0.0024473850019211,0.0499663410723278,0.340921525932141,NA
"Armt1",59.1085060454849,0.000128677566028333,0.0295249499627635,0.945469479834808,NA
"Esr1",32.8847490344232,0.00328497346897082,0.0528459522572592,0.24613332901613,NA
"Oprm1",25.0454842069262,-0.000903136928691145,0.0408626713463177,0.687722703711848,NA
"Cnksr3",60.0549933784567,-4.31342758465642e-05,0.0293406656011859,0.981625561025724,NA
"Zc3h12d",47.7565747754329,0.00115427393573501,0.035569178069403,0.58970057629282,NA
"Fbxo30",29.7633222592897,-0.000175537677178356,0.0375925524202214,0.9352038682755,NA
"Stx11",30.9254404092293,-0.00216952409279769,0.0459291226748854,0.386328677253307,NA
"Phactr2",35.6973494286461,0.00150404356034543,0.0408613470656197,0.516821275164293,NA
"Fuca2",25.7314145032087,-0.000978287236888772,0.0408436152102868,0.664428582734256,NA
"Adat2",44.1151263326838,-0.000405600132048463,0.0332617234785985,0.842333550607439,NA
"Aig1",59.8867275096999,0.0116238057174274,0.0948907676514905,0.0431900234230364,NA
"Ccdc28a",67.4204279207289,-0.000467206970341006,0.0291563312091098,0.801704840421952,NA
"Gm20139",16.6914646444377,-0.000626168666753663,0.0442934463440891,0.775840106371363,NA
"Myb",46.4562485080908,0.000258065296116281,0.0324556715508876,0.89771256716657,NA
"Sgk1",34.9161481159798,-0.000192776037863549,0.0354712960926784,0.927168166046779,NA
"H60b",43.0508903561811,-0.00102637345429247,0.0365722594801635,0.636114096134715,NA
"ENSMUSG00000121430",27.8715992398228,0.00162337524260351,0.0432712732280028,0.49381253519697,NA
"Enpp1",49.8591829426888,-0.000144327436549044,0.0314620252752744,0.941513827015509,NA
"Akap7",48.8546608225601,0.00181173790322221,0.0392796303578769,0.432634318529414,NA
"Gm46218",23.6447656256677,0.00250575875222131,0.0500419359410165,0.333107860626786,NA
"Echdc1",58.7122007324719,-0.00178259410486517,0.0376209477242988,0.427186343093819,NA
"Dse",25.2656587493552,0.000633625825804756,0.0399682550713021,0.774709194068351,NA
"Tspyl4",49.5937717132802,0.000141877200379683,0.0316107100106248,0.942684371446546,NA
"Marcks",22.5160914751144,-0.00197296723375455,0.0484497793372975,0.417786368418345,NA
"Fam229b",22.5567928685743,-0.00185267241272583,0.0467280911448413,0.444613119223516,NA
"Mfsd4b4",24.7060280940429,0.00177210056196744,0.0453074709299626,0.462267510915308,NA
"Slc16a10",44.3332390911031,0.00284620763041767,0.0471024884230932,0.285362883124602,NA
"Fig4",59.722612483016,0.000428116782662311,0.0299411738790647,0.821600686208402,NA
"Zbtb24",56.4502679156582,0.00180719436256416,0.0378321241785448,0.422825792315446,NA
"Mical1",31.1747703986197,0.003313996221261,0.053087677483578,0.243463854460365,NA
"Ccdc162",19.7652159146723,0.000129222122259373,0.0416471775528817,0.95301760213984,NA
"Gm40630",44.4195385348334,-0.0025256782204017,0.0449508674385429,0.323689999329433,NA
"Gm34006",34.9059548325318,0.000681378930506583,0.0365214717048953,0.751436934479196,NA
"Bend3",20.9797842760181,-0.000825736675680261,0.0428935663126098,0.712536867034989,NA
"Rtn4ip1",33.1267634056002,-0.00263671866893669,0.0481322910799995,0.316504907871584,NA
"Prdm1",39.4916764310554,-0.000263826085681985,0.0344127829836542,0.898954071960253,NA
"Tbc1d32",40.8471582359045,-0.000523167682262819,0.0345917458087114,0.802133116287509,NA
"Msl3l2",15.4093190198764,-0.00031624056275465,0.0440346852783328,0.884391656994324,NA
"Hsf2",49.7353430533676,-0.000350814790887313,0.0317747292346953,0.859387034146035,NA
"Pkib",19.4187710075143,0.000319746156742873,0.041792315224832,0.884423477724391,NA
"Smpdl3a",24.338110972322,-0.000963733707485133,0.0414625110383776,0.669551282143585,NA
"Septin10",42.6287948210794,0.00127604877195278,0.0374120880210044,0.563635863598723,NA
"Gm56993",31.2618224151839,-0.00166806581631737,0.0428017159366523,0.482518196836485,NA
"Slc29a3",39.0427193806909,0.000958410726736171,0.0367648161528003,0.658966037048225,NA
"Sgpl1",66.7618872506804,-0.000487622004314481,0.0290601832916105,0.792675605270465,NA
"Lrrc20",32.2626556553318,0.000987911876680499,0.0387559227539751,0.65687454753062,NA
"Tysnd1",59.7089030764933,-0.000750798611347237,0.0317692690079322,0.704474532403118,NA
"Hk1os",20.7991972803542,0.00125290292879152,0.0439872631781212,0.586637508998403,NA
"Tet1",37.021281017121,-0.00235745620116187,0.0453458955896323,0.352803880321596,NA
"Ado",64.7380984945468,-0.000845691108270099,0.0307927047848488,0.661727630330973,NA
"Zfp365",41.1819126386858,0.00122414396006203,0.0371956893881694,0.577882233962281,NA
"Rtkn2",40.4777077694877,0.000229779271488617,0.0339852590788703,0.911320187526789,NA
"Cabcoco1",25.8925627798615,0.000437407894834809,0.0391164476579352,0.841823210928407,NA
"Ipmk",45.156176157712,0.00227232686096152,0.0428774868270251,0.357279791305774,NA
"Bcr",36.6256779775413,-0.00132905962583087,0.0390066292371306,0.556389694859549,NA
"Gucd1",26.4467097865669,0.000733258825254471,0.0398202471927096,0.741175274068941,NA
"Mmp11",11.4275608748364,0.00113395946392235,0.0484557718105792,0.600538551980672,NA
"Gm867",22.0754611992395,8.82769607120057e-06,0.0407048655683468,0.996786994738118,NA
"Prmt2",16.6530931275843,0.000120501537212284,0.0431921845106648,0.955926370346629,NA
"Dip2a",19.7749897001194,0.000292746726679389,0.0415649126083907,0.894088164761072,NA
"Ybey",29.4291905542996,0.000340613091170474,0.0375577749883385,0.874834446663045,NA
"Lss",41.9093975000635,0.000219942393000037,0.0334691918055829,0.914357519655637,NA
"Pcbp3",26.5508721405214,0.00380247955633628,0.0576418969895731,0.201314859777031,NA
"Slc19a1",70.7810259411567,-0.00397583504614591,0.0511399634821228,0.181808174841226,NA
"Pofut2",48.4095372100545,-0.0006765013134808,0.0337325062084249,0.742625455497577,NA
"Adarb1",39.084353521428,0.000922183402569351,0.0364903951155642,0.669650169039023,NA
"Cfap410",14.5183852814808,0.000660312460636581,0.0451466425886694,0.762511670516212,NA
"Icosl",28.9538919066152,-0.00170159330024125,0.0434352234747177,0.476132972542295,NA
"Pwp2",38.3167170574063,0.000286453208850471,0.034556014029178,0.890596307267199,NA
"Pdxk",33.4327608362616,0.000128624501939958,0.035937265078288,0.951642712246758,NA
"Ilvbl",42.9828286127285,0.000757540849667609,0.0350267621245833,0.719360165619315,NA
"2610008E11Rik",39.458513622686,-2.95012704101802e-05,0.0341802330785232,0.988621511344131,NA
"Gm47015",70.7502508157613,-0.000357805918396298,0.0279970088347593,0.842794165372683,NA
"Mier2",30.2298599516481,0.00156274374428166,0.0421459526106472,0.506020289908759,NA
"Polrmt",22.2481847880618,0.00082789759194122,0.0418598204893979,0.71209369776308,NA
"Med16",30.3766111417507,-0.000628385898279553,0.0380231905255904,0.773557461871868,NA
"Arid3a",60.2168796345376,0.000949079132670822,0.0321750477370186,0.634540828601274,NA
"Abca7",31.6374080864677,0.000341953223427848,0.0368055930712928,0.873403789775846,NA
"Fam174c",66.7796045258133,-0.00147815574738193,0.0345068208793739,0.482046599192809,NA
"Klf16",44.0240297537311,-0.000205623173409538,0.0329331957764289,0.919140289185103,NA
"Btbd2",48.9154806008896,-0.00161683647930058,0.0379001715059392,0.471825931075602,NA
"Izumo4",44.0043229421231,-0.00104498315709573,0.0359390652920897,0.626854173489897,NA
"Lmnb2",47.1573859390266,0.000893401996534522,0.034456401055342,0.669263647536322,NA
"Slc39a3",34.1580754795187,-0.000687313515870609,0.0368166638330716,0.75025334100625,NA
"Thop1",38.1874945360519,-0.000968177668497232,0.0367980817162879,0.655936379038611,NA
"Dapk3",67.0465863008982,0.000644633980791259,0.0294579897575391,0.730532126197443,NA
"Atcay",26.9298068588568,0.00110663174006922,0.0409404474549546,0.626103259353311,NA
"Zfr2",19.7429047041074,-0.000203631053654873,0.041579359156789,0.926099687681157,NA
"Apba3",29.7460898821663,0.000124782406620705,0.0373017886948796,0.953776753447105,NA
"Gm16315",14.956780356999,-0.000719901884404694,0.0450788137668372,0.742974593476487,NA
"Ncln",61.9821441006632,0.000229099382829242,0.0297305203705466,0.903542275020091,NA
"Gna15",27.9951206477168,0.000535157128100152,0.0385308544891451,0.806791623854775,NA
"Gna11",54.6893221137435,0.000128649417752551,0.0305036763162807,0.946742967764648,NA
"Sirt6",37.4946550211367,-0.00282832978237695,0.0483523299625247,0.291482765170595,NA
"Ankrd24",17.0573125646119,-0.000524829747595409,0.0434015238976693,0.811599899062719,NA
"Zfp873",29.7802508378214,-0.00115147122282926,0.0403473785908705,0.611770976493921,NA
"AU041133",70.6639288538861,-0.000627427707562374,0.0291190243796119,0.735197208283979,NA
"Zfp938",57.2432252221394,0.00138895719391737,0.0350399003361585,0.513423916872667,NA
"Gm4924",37.2919957206932,-0.000720681526433227,0.0360116315953544,0.736095270685083,NA
"1500009L16Rik",29.1126243906957,0.00333420433284819,0.053732731495089,0.241120386955817,NA
"Tmem263",66.3866560951613,-0.00196439769327817,0.0375156108463754,0.382139350186013,NA
"Mterf2",30.0447146371173,-0.00114651291305677,0.0400694182011981,0.612518857545887,NA
"Prdm4",41.7654313011334,0.000188871170191443,0.0334571584060307,0.926396959562391,NA
"1810014B01Rik",57.8785356922069,0.00152091490319872,0.0356715826835218,0.480345933130816,NA
"Nt5dc3",41.5406200308387,0.00247928226226881,0.0452939188355067,0.332587754659142,NA
"Chpt1",36.8198298218498,-0.00114096770155361,0.0379413967603109,0.606681455070355,NA
"Ikbip",21.058842503496,-0.00197159628216097,0.0477776337155255,0.42016104624379,NA
"Nr2c1",59.4354179751543,0.00085511312256375,0.0316667005217264,0.664888454131638,NA
"Tmcc3",28.6362839649914,0.000473938232219828,0.0388982674721946,0.828720734911455,NA
"5730420D15Rik",29.8567340320133,0.000240161033080717,0.0374444971288315,0.911365937922687,NA
"Gm56944",35.9843051201523,0.000115138790422096,0.0350555617544409,0.956197379341118,NA
"Tmtc3",16.3973902836143,0.000308870319744202,0.043545500701277,0.887479967605205,NA
"4930430F08Rik",35.0509485444185,0.00162937608927524,0.0410299583886477,0.486111434920053,NA
"Phlda1",31.6643199905608,-0.00142752997567598,0.0411802585540799,0.537640866756705,NA
"Kcnmb4",29.2356970243475,0.000322374987117874,0.0375951755356509,0.881496308801469,NA
"5330438D12Rik",35.7524614248487,-0.00107724583776151,0.0385513330288155,0.628537358915447,NA
"Mdm1",51.1647829007512,-0.000195441535622919,0.0314005739825338,0.92075651653843,NA
"Gns",43.8236203364798,0.000716303408101159,0.0349961269546673,0.733770734864331,NA
"Kics2",23.2819922301946,0.00020937709826686,0.0405186648847168,0.923994266929635,NA
"Dtx3",48.3786535611185,0.00134843468830097,0.0363294879426508,0.535474962415122,NA
"Pip4k2c",65.5429637702581,-0.000326907577156814,0.0287267508681551,0.85908656076947,NA
"Mbd6",46.7087033215829,0.00114016837666976,0.0355331619591575,0.593942199647459,NA
"Nab2",63.428013124593,-0.00116764249566922,0.0332870936253971,0.568264333610012,NA
"Zbtb39",13.362669262362,-7.7808079347055e-05,0.0453700325185145,0.970873924303103,NA
"Rbms2",57.7211931615871,0.00295321588483151,0.0455351657368997,0.263264339166709,NA
"Spryd4",24.2770737291389,-8.1859270460491e-05,0.0394128504861663,0.970107442924299,NA
"Pan2",55.1595775445517,-0.000962879111182085,0.0329871276667111,0.635733761437822,NA
"Coq10a",64.3672953650796,0.000335662626927885,0.0289413392430957,0.856159745666604,NA
"Rnf41",47.4949756323811,-0.00077021176420859,0.0340185493509691,0.710164488352671,NA
"Gm29585",10.7446690689175,0.0012480836974005,0.0493461517712693,0.562557527829207,NA
"Zc3h10",34.4500591978636,-0.00061847133585694,0.0366256821112772,0.773737705071344,NA
"Suox",13.8205905572726,0.00217194871058681,0.0521850351711825,0.363033816199076,NA
"Bloc1s1",25.1154416461489,-0.000814465070804663,0.0405661456568744,0.715564748713749,NA
"Gm31793",22.7364905688357,0.000846037362648219,0.0416091949461414,0.706265950890856,NA
"ENSMUSG00000121500",30.8518951065996,0.000507309329821445,0.0375569473284358,0.815025908959838,NA
"Gm11944",48.7544848068542,0.000751591608660537,0.033227588500546,0.712747433794914,NA
"Rnf185",35.4772110099844,-0.00137686836251516,0.0395674188267987,0.545530664546328,NA
"8430429K09Rik",16.4939055289377,-0.000290627083142775,0.0434735203376321,0.894087964763868,NA
"Rnf215",32.8356625529041,-0.000574869485831071,0.0377475146440591,0.791596872426121,NA
"Rhbdd3",38.970338134727,0.000345754113494754,0.0349930745079172,0.869046448892284,NA
"Kremen1",29.0369298036752,0.00162405144603643,0.0427672201101325,0.49273174915949,NA
"Gm57349",17.4271757709333,0.00185414321517447,0.0485462634030213,0.438540249518817,NA
"Gm11963",19.8993936453197,-0.000594799211781901,0.0426155316757912,0.78839145915561,NA
"Ccdc117",68.5786540803272,-0.00149975866690334,0.0341917005744701,0.472564107374717,NA
"Polm",34.3290625238548,-0.000246690012163238,0.0357168514569249,0.907212553333473,NA
"Gm11973",24.5879756519203,0.00052211124847575,0.0398097757688223,0.812780385505799,NA
"Zpbp",55.3415901102415,-0.000133410582554005,0.0304229197849406,0.94467188062764,NA
"Spata48",55.7736692992472,-0.00132434133409812,0.0349872187069967,0.532552712848473,NA
"Gm11998",26.3554392840651,-0.000642715103065706,0.0395163700266395,0.771116793757071,NA
"Slc1a4",30.7447885207589,8.06035021312808e-05,0.0367802987186345,0.969970978856613,NA
"Lgalsl",39.967929684721,-0.00114554443709308,0.0373522593503498,0.60254501415177,NA
"Wdpcp",42.146326697475,-0.00047954156836393,0.034069414485346,0.816726159208246,NA
"Ehbp1",49.8826012418523,0.00113535853578268,0.0348986859164179,0.591262404446119,NA
"6820445E23Rik",15.0941705015591,-3.02341996659465e-05,0.0440943391261883,0.988850750038938,NA
"Clhc1",18.4994490778267,0.00100877120458169,0.0442036768247621,0.655040140084877,NA
"Chac2",55.058801528059,-0.000550523468383127,0.0321869951613809,0.782873586428706,NA
"Bod1",63.5713649682433,0.00075770107757488,0.0304988520158136,0.693162046741962,NA
"Gm57354",15.1066282616051,0.000277080681872313,0.0442044131663699,0.898356906534587,NA
"Ubtd2",29.1108443049051,-2.06004378065285e-05,0.0374236227826392,0.992371035204707,NA
"4930469K13Rik",20.428726059077,-0.00456473901323197,0.0648552934291271,0.14260544309194,NA
"Insyn2b",16.7933625217943,-5.8371157255982e-05,0.0430924757569159,0.978645151593295,NA
"Gm53681",34.6624709322522,-0.000160375940037274,0.0355315315664049,0.939421687568422,NA
"Gm12166",55.9713298490933,-0.00237762358553432,0.0419428988523751,0.332013778982777,NA
"Trim41",53.144528392242,0.000352642841077282,0.0311439717070956,0.856745141562524,NA
"Psme2b",58.7307354732451,-0.00147134481248795,0.0352629232759395,0.491013481846555,NA
"9930111J21Rik1",15.9221355950067,0.00226582891770169,0.0516635540407249,0.355814546879224,NA
"Mrnip",48.5729064220008,-0.000246485524962734,0.0318945132310076,0.901181134796951,NA
"Mgat4b",16.6402158695374,0.00129262820549845,0.0461450986683927,0.571679613390122,NA
"Gm26542",17.7962717215853,0.000556041921588909,0.0430610083042619,0.801231128123581,NA
"Maml1",53.7083402430816,-0.00107908141414065,0.0338121054721359,0.601965426597872,NA
"Rufy1",48.0314413982912,-0.000453729645025619,0.0324023825893357,0.821073417390637,NA
"Phykpl",55.4074459295787,0.00105256565050693,0.0333545074011663,0.607476100022192,NA
"Rmnd5b",58.5989018842673,-8.89971503433688e-05,0.0296772994311988,0.962413881197201,NA
"Fstl4",35.6833865229324,-0.00140286504303156,0.039648876737718,0.538783002668092,NA
"Septin8",40.5183438523689,9.66786386976042e-05,0.0343527072873274,0.962827735113681,NA
"Slc22a5",25.7874818542633,-1.61641676219058e-06,0.0386796519341192,0.999407144731584,NA
"Lyrm7",22.3838241230725,0.00174719943237947,0.0461292028026126,0.466775002721739,NA
"Slc36a3os",22.6084401183162,-9.50407699720107e-05,0.0401918131406561,0.965395246852462,NA
"Slc36a1",19.3283474257536,0.00202188726312226,0.0487594675311902,0.408262994649477,NA
"Galnt10",31.1012753953906,0.00438574642464202,0.0602285752661976,0.168258682632229,NA
"2010001A14Rik",52.3450097142263,0.00153424767474986,0.036682619154411,0.484984630950377,NA
"Zfp692",47.6462491070131,0.00236564170860589,0.0432978632661631,0.342572190209737,NA
"Sh3bp5l",29.9053135151503,-0.000843531904871447,0.0389300100927779,0.703402513712196,NA
"Gm12258",36.6751042919896,0.00069850655345901,0.03605767215378,0.743982191486247,NA
"2810021J22Rik",19.288181140274,-0.00139417651364943,0.0454302950136317,0.548130623407557,NA
"Zfp39",33.0369478387952,0.000817853919627977,0.0376022593779514,0.708289795570701,NA
"H2bc27",42.3531526000401,-0.0104801722762793,0.0927068656166407,0.0470128798088884,NA
"2310058D17Rik",19.4434477112508,-0.0004953576840654,0.0422432906820674,0.822590841190754,NA
"Jmjd4",25.997962186887,0.00274065529262828,0.050753432592508,0.303105747930683,NA
"Zfp867",14.6841636173328,0.00193158338391611,0.0503357483384047,0.414029509049633,NA
"Zkscan17",45.1475811117662,-8.0499921063636e-05,0.0327199211318769,0.96816644421348,NA
"Flcn",24.8110294439993,0.00170006010630277,0.0447546975983614,0.477726177128904,NA
"Nt5m",67.4257959593564,-0.000844431199093713,0.0306570470128735,0.661120633893821,NA
"Llgl1",30.4632515850532,0.00109969189039335,0.0396528574704878,0.625253477239096,NA
"Top3a",62.4993515008649,-0.00054226556835862,0.0302519655778738,0.776696839387708,NA
"Smcr8",35.8418508249863,-0.000315184480915718,0.0353736573802414,0.881142645444367,NA
"Aldh3a2",28.2753049203721,0.000520437662676158,0.0383523681423848,0.811684128861866,NA
"Mapk7",39.5341646684021,-0.000788053326453336,0.0356568419352772,0.711400132738551,NA
"Zswim7",43.627912957673,0.000173011420313674,0.033087276589583,0.93211661282775,NA
"Gm12279",18.2452728204563,0.00171076869721006,0.047505157953132,0.470668143091535,NA
"Trim16",56.3818940311023,-0.00141397663486914,0.0353470048212844,0.508566152839415,NA
"Hs3st3b1",64.1333753817904,-0.000602980704205286,0.0310075851066895,0.756694323237547,NA
"2810001G20Rik",30.0133968967747,0.000995937952985731,0.0393999443640758,0.656167542082188,NA
"Myh10",15.4354862758749,0.00129751527285184,0.0469370123626673,0.567183266081386,NA
"Rangrf",27.9176753405767,-0.00157449039904127,0.0431941375700783,0.505228371363117,NA
"Borcs6",27.3495372291295,0.00177404505051569,0.0444938479322176,0.4615927611549,NA
"Vamp2",47.8866216099536,-6.72434104031909e-05,0.0319761095181983,0.973019308962797,NA
"Per1",16.4083508227318,0.00269934572643382,0.0540841547099067,0.29149536397838,NA
"Rnf227",28.376768706322,0.000591600408424826,0.0388025944559513,0.787602140191775,NA
"Wrap53",38.2467596181837,0.000264817345305338,0.0345426708892669,0.898779800340154,NA
"Zbtb4",30.3247689453002,0.000602452337827146,0.0388687221262706,0.783964839851869,NA
"Nlgn2",16.9553643878547,0.000920705755405218,0.0447351654219657,0.680365884240473,NA
"Plscr3",44.8560248161615,0.00372275353229877,0.0528284339877707,0.208656854308543,NA
"Neurl4",28.7910154279879,0.00344559491394229,0.0547379800676353,0.230872775612241,NA
"Dvl2",25.7848628619006,-0.00140871643265669,0.0436101863509914,0.546223437278015,NA
"Camta2",22.0965353567334,0.000407456200111802,0.0407812286550598,0.853340540050648,NA
"Kif1c",33.6603792875313,0.000233347243590515,0.0362662289100366,0.912793718128028,NA
"Zfp3",30.8586953839193,-0.00027533090703801,0.0369326072761795,0.897977313617081,NA
"Dhx33",49.2727703477558,0.000578596138751126,0.0325115146431157,0.773585369054787,NA
"Cyb5d2",23.3354405888865,1.56620364434774e-05,0.0397175534776031,0.994285568167305,NA
"Tax1bp3",25.6092457583652,-0.00120241609646488,0.0419265192087139,0.600055699211841,NA
"Ctns",20.3059932583544,-0.00197349243898169,0.0481097478126374,0.418865910479491,NA
"Mnt",48.6338426486101,0.000930548404345982,0.0340585168036147,0.654120984743614,NA
"Sgsm2",28.0352790084571,-0.00174530311685081,0.0439747367635158,0.467246763955543,NA
"Srr",49.2131867841968,-0.00142277327406512,0.0367801845663383,0.517063073553613,NA
"Rtn4rl1",21.6044317546658,0.0042780151770453,0.0623471625499014,0.162731507407311,NA
"Wdr81",12.9134875712754,0.00121039442664219,0.0478225989636505,0.584681486630706,NA
"Slc43a2",49.2411341259859,0.00126715893690096,0.0356788210509682,0.555305786060852,NA
"Inpp5k",68.0763571053817,0.000762587795910492,0.0299640756620014,0.687224083833071,NA
"Myo1c",26.8102425129701,0.000371082686983223,0.0395754366712575,0.865691593057459,NA
"Rph3al",16.255290504213,-0.000711292942815658,0.0443206174148195,0.747522291965855,NA
"Rflnb",22.1856209582792,0.00127923874392053,0.0435111873049059,0.579842078261352,NA
"Tlcd3a",26.5967529662241,0.000726231824015503,0.0395142270974063,0.743068266295228,NA
"Mrm3",64.8576922061044,0.000680991330708821,0.0303144297364976,0.721830184724038,NA
"Cpd",33.5313955825324,-0.000108726439322068,0.0359622051905106,0.959125849379172,NA
"Efcab5",21.3921645781552,0.00269790265640598,0.0521259042035132,0.30379463160085,NA
"Git1",46.0994154602059,0.00414883328160344,0.0559698625699518,0.182662611733944,NA
"Trp53i13",27.0844151154771,0.00158468084863583,0.0434339288925887,0.503117566489351,NA
"Dhrs13",38.1964797143277,-0.00130088127674145,0.0388044673616609,0.563463485309271,NA
"Eral1",62.3893367174756,-0.000787641516260843,0.03089358144456,0.684546179486678,NA
"Nek8",24.1710595490614,5.01347545748611e-05,0.0395474186087229,0.981698182624097,NA
"Tlcd1",19.7392078993874,-0.000482089530033585,0.0420781960748153,0.827242186488387,NA
"Pigs",58.5751583455803,0.000458577126442694,0.0303221627361917,0.810849531017017,NA
"Tnfaip1",36.4228741192197,0.000411124993436946,0.0355382635505807,0.845853307067421,NA
"Evi2a",47.5932189902493,-0.0137061776181086,0.10645886928767,0.0319322332319435,NA
"Rab11fip4",32.7103040911524,0.00298470423332794,0.0505777291346587,0.275859618327403,NA
"Tefm",61.6931046142045,-0.000743793709560846,0.0308618177105411,0.701113137696919,NA
"Rnf135",34.5322938049166,0.00118908328160433,0.0388180646827819,0.595924648970019,NA
"Rad51d",56.6107352703798,-0.00127704014510636,0.0344071907864521,0.542437274487388,NA
"Nle1",70.8758272495687,0.000121095420565477,0.0276430019373961,0.946037279277093,NA
"Slfn10-ps",68.3635658783066,0.000387691784336816,0.0290421733767972,0.834537660710576,NA
"Gm20234",34.4820285838962,0.00036130643623284,0.0364231991156792,0.865763363563333,NA
"AA465934",18.6483201866491,0.000125060278731234,0.0421763367806331,0.954475068722445,NA
"Pex12",25.4775780787675,-0.00164661466581293,0.0443465306392306,0.489512989527233,NA
"Mrm1",26.5856478692285,-0.000627703767668015,0.0392995728717109,0.775934571759376,NA
"Dhrs11",26.8823198709126,0.00242728755868807,0.0487259187982946,0.345905540242022,NA
"Gm57352",46.8205845245009,0.000790197283155202,0.0337880399539128,0.70183698449749,NA
"Pigw",20.3093502301452,-0.000251514412208409,0.041377985495805,0.908874623945049,NA
"Myo19",21.7261730767691,-0.00097315630960532,0.0424777180724774,0.667086688124543,NA
"Rnft1",71.2607379320575,0.000389266931192512,0.0279905182183213,0.829087830163794,NA
"Tubd1",27.4614834142837,0.000414976711166769,0.0385873770581648,0.84925508935002,NA
"Smg8",55.7617399785151,-0.000495672668923319,0.0309933784782935,0.798975448710642,NA
"Rad51c",30.4229339835993,0.00346657948138427,0.0544756802806269,0.229768043360025,NA
"Tex14",51.3428515028538,-0.0105832355248695,0.0926668518605129,0.0470605330751069,NA
"Mtmr4",37.8631508815722,-0.000659617004850565,0.0356270846829799,0.756198941118826,NA
"Tspoap1",22.4394426998849,0.000960208604379069,0.042209919146576,0.670993652804384,NA
"Mks1",27.945962515295,0.00140257709349483,0.0419461845429351,0.545993584679616,NA
"Gm11508",65.4933861398354,0.000667926072594221,0.0298145137173198,0.723618436480821,NA
"Gm15892",19.6103834351022,2.80363481701448e-05,0.0415253730483011,0.989796631896541,NA
"Cuedc1",63.6933090723648,0.00026604537444436,0.0289395262842107,0.885804357216022,NA
"C030037D09Rik",15.6496051890787,0.000142243710378358,0.0437435139064085,0.947791281952845,NA
"Akap1",44.8937380186585,0.00214940642755577,0.0420842369999438,0.376511966525544,NA
"Dgke",42.3857445944342,-0.000541823227123622,0.0343615475546025,0.794519207744181,NA
"Pctp",16.3056353903051,0.000287915284588821,0.0433886988305602,0.895123033521134,NA
"Smim36",26.9778725855155,-0.000289983503754374,0.0388089782833739,0.894265370131931,NA
"Mmd",41.3575297422213,0.00102573043363589,0.0363860409491166,0.635402978128943,NA
"Stxbp4",30.4008469959842,0.00239752771577063,0.0473279379272878,0.350332932591803,NA
"Tob1",43.2575359948732,-0.00165308337257188,0.0393229214556241,0.471774149944737,NA
"Acsf2",11.4824561550562,0.00155230810914282,0.0503008645861867,0.483201473976644,NA
"Xylt2",19.1698181414635,0.00184503209233129,0.0477435401513917,0.443486348456135,NA
"Ppp1r9b",68.8974130696263,0.000352842276314928,0.02824588816531,0.846020922932066,NA
"Abi3",53.2677389151054,0.000741705455126103,0.032726242224475,0.713598083641639,NA
"Snx11",26.6494633454878,0.00038426612080243,0.0387864945154493,0.86039709569408,NA
"D030028A08Rik",51.6063984043511,0.00377174423457725,0.0523413994260481,0.20336233657107,NA
"Pnpo",49.9470022149224,-0.00126728922089668,0.0357493104570613,0.555764014414642,NA
"Scrn2",26.2796148220019,-0.000418986540656581,0.0390034902613546,0.848240779701072,NA
"Osbpl7",38.3424715735001,-0.00119824221767774,0.0380325071526389,0.589861716011492,NA
"Socs7",40.9781529183102,-0.00110827842254549,0.0367408712848635,0.610996192124566,NA
"Epop",40.7039300164026,-0.000631397357201295,0.0350815522814769,0.764376019983853,NA
"Gm11613",47.4373099543946,0.00234053809730864,0.0430837097016962,0.345898484623803,NA
"Cisd3",66.5668319353359,0.0019357346918609,0.0376463252703277,0.390112459442134,NA
"Pcgf2",21.7574044833736,0.000220135398949018,0.0405388837159488,0.92011628852719,NA
"Stard3",55.5099874384562,0.00107506967279412,0.0334160619936396,0.600312571154392,NA
"Pgap3",12.6044160336853,0.00151607502065116,0.0493619684212341,0.499915217766488,NA
"Ormdl3",52.0982551758942,-0.0026788227437985,0.0445714667758699,0.297645925214212,NA
"Thra",61.2879452540311,0.00194477486529682,0.0380118450920155,0.391251940504945,NA
"Gm12359",18.1976265917985,0.00202847775189617,0.0492575733472001,0.405006027586517,NA
"Krt10",60.2589840798784,-0.00106137927504433,0.0338652591757424,0.608292467586302,NA
"Klhl11",36.3534157536399,7.30383880585128e-05,0.0349995904529023,0.972180537731317,NA
"Nkiras2",54.6564551792266,-0.00348886919665706,0.0497541795872654,0.22068362800742,NA
"Atp6v0a1",31.2717193175774,0.00101714208847276,0.0398066603670936,0.650629948099033,NA
"Coasy",54.392867576913,0.000814166275434833,0.0323844216057994,0.684907670549122,NA
"Rundc1",26.2193951338889,0.00109902904324694,0.0411007640486695,0.628596288690157,NA
"Tmem106a",19.0809927972049,-0.00126691280822511,0.0449380612409731,0.58161723188578,NA
"Tmem101",28.8359697573076,-0.00334408893137783,0.0540556459293223,0.239820426431948,NA
"G6pc3",39.7449052583131,-0.000533846228647377,0.0348196293733273,0.798910204051085,NA
"Hdac5",31.3040939365477,0.00199448121912115,0.0443107214036996,0.416063459864686,NA
"Hrob",34.9619639594464,-0.00106372614180255,0.0381860723768917,0.631348310173629,NA
"Tmub2",33.0148319032814,-4.88558142103423e-05,0.0362464068460387,0.981686449758081,NA
"Grn",29.1504889091671,-0.00338032304296083,0.0546324165891095,0.235876986319628,NA
"Dcakd",62.9551386119925,-0.000474735882581388,0.0296756909512943,0.801203476862296,NA
"Acbd4",21.2369340415159,-9.91651926903625e-05,0.0407981114099438,0.963934386369462,NA
"Hexim1",62.052839519314,0.000201083816375391,0.0290824090891006,0.913906376041975,NA
"Arhgap27",55.0523196427367,0.00159246473420875,0.0366041445290535,0.468374787896244,NA
"Arhgap27os3",58.9187453545903,-0.000619318231121817,0.0308952007421559,0.749661979988197,NA
"Plekhm1",37.0630681476776,0.00230622956305671,0.0448482764635411,0.359922015129483,NA
"Arf2",31.1218928539031,-0.00281756587607907,0.0498814370537111,0.294714060350557,NA
"1700052K11Rik",31.1453614524672,-0.00270679915448493,0.0491177252464317,0.308115637414574,NA
"Tanc2",43.6551579365991,0.000528735275052795,0.0340724537503102,0.798399604045958,NA
"Gm57402",16.0017872440345,0.00135918744920285,0.0467739879733074,0.552503195847698,NA
"Gm36220",56.8398300088483,0.000200310165419245,0.0300353503989768,0.916242418612208,NA
"Polg2",34.7499502821268,-0.000108128787732408,0.0359870359753854,0.959362601626385,NA
"Gm11707",23.9518764852516,0.0013517072307151,0.0436200504505977,0.560797218978619,NA
"Gm11714",21.1647556669998,0.000809844311304136,0.0422353728242007,0.717847688659432,NA
"Axin2",27.3929080037825,0.00095275505186852,0.0402488485530814,0.671377237720068,NA
"Arsg",34.118076359492,0.00193079683191774,0.043153804252813,0.425750271413005,NA
"Map2k6",33.4890737617679,-0.00154108875816117,0.0410465540972974,0.508069425644064,NA
"Cog1",52.8259868677964,0.00058788335147258,0.0319029354103019,0.767193762805792,NA
"D11Wsu47e",23.0424440404204,-0.00013245780342931,0.0401164330080596,0.951788566289416,NA
"Rab37",50.5803163904186,3.02690302776533e-05,0.0312593034884546,0.987670286654989,NA
"Nat9",29.1189469458746,6.00851145498912e-06,0.0374634301357592,0.997775621023455,NA
"Tmem104",22.9984296342465,0.00168871892840842,0.0454438966737413,0.479958273630709,NA
"Fdxr",28.6094873425352,-0.000690686363520307,0.0387974203878318,0.753781148762865,NA
"Kctd2",62.473705926084,0.00211417593795679,0.039026083529515,0.361951410719073,NA
"Gga3",52.336407999614,0.00195691294809021,0.0397600874096548,0.402361613264344,NA
"Slc25a19",37.4539033282762,-0.00151152910161766,0.0397858374288404,0.510471790456922,NA
"Tmem94",42.245439583659,0.00209214011627611,0.0424513231564234,0.389882168848503,NA
"Tsen54",48.9840203948256,-2.65551340904045e-05,0.0315930189321103,0.989259214703879,NA
"Recql5",59.5343636958854,-0.000594544897880414,0.0307257825920556,0.758449568982457,NA
"Trim65",25.6014326509242,-0.000194385811249147,0.0389318451412869,0.928976330199173,NA
"Fbf1",20.3108768167447,0.00016301817426819,0.0412704261827235,0.94078944235119,NA
"Acox1",28.8771128385708,0.0015125725585501,0.0427200434223064,0.519515032416388,NA
"Exoc7",65.3167562956085,0.000179234147047378,0.0288409951266688,0.922753827568143,NA
"Ube2o",66.7012841883338,-0.000274507743779144,0.0288606050044476,0.88194925776655,NA
"Rhbdf2",20.8928332760276,0.00154111962532683,0.0453585579799102,0.513105942741127,NA
"Mfsd11",68.2866133044854,0.00214208298262985,0.0384369960463514,0.350663652394866,NA
"Sec14l1",32.0842242843827,0.000445006774753169,0.0369155653566743,0.836161527347456,NA
"Tmc8",64.6208425843348,0.00157576533681509,0.0354682204893646,0.463026543229893,NA
"Afmid",55.3572456013646,0.00040193733678035,0.0307734839123193,0.835615688677849,NA
"Tha1",23.9429923235495,-0.0013628778439143,0.0433654512784028,0.557882138897272,NA
"Socs3",53.1440293185991,0.000656065065018898,0.0320225889526886,0.741750041013998,NA
"Timp2",31.1222406115715,0.00128274468519175,0.0405830229150936,0.575014220179664,NA
"Cant1",38.6136706678797,-0.000948748824019784,0.0365479923107044,0.661169855791754,NA
"Cbx2",19.4612085276881,0.000244663277650796,0.0418295095987335,0.911292673607286,NA
"Cbx8",27.0754949194375,0.000816587646074407,0.039875555483109,0.713963532141487,NA
"Tbc1d16",27.1600154440202,0.000898775748985026,0.0399498347579325,0.687771445227719,NA
"Gaa",23.423592935953,0.00154685391595884,0.0443791714779316,0.512526315735857,NA
"A930037H05Rik",21.371466287928,-0.00156200423001723,0.0454124647519987,0.50821880306932,NA
"Endov",31.8302139363923,-0.00155245329653921,0.0419596003243021,0.508066242010795,NA
"Baiap2",43.2076038486857,1.59883292930953e-05,0.0330745114423509,0.993716668147658,NA
"0610009L18Rik",18.0721951336416,0.00258659976956419,0.0529248199787419,0.310655937003138,NA
"Faap100",15.4282519071484,0.00144295279007099,0.0478281569975647,0.527211190493754,NA
"Oxld1",35.7751057996763,0.000965412030769507,0.037404189765145,0.659334589858806,NA
"Ccdc137",58.6731494603303,0.000734197003828625,0.0312325831593511,0.707292404267849,NA
"Arl16",46.9325667439926,-0.00127402210703312,0.0363103202860829,0.557536781144729,NA
"Hgs",66.4658379467876,-0.000309287286513513,0.028578669768926,0.866097571941549,NA
"Slc25a10",25.0062591006652,0.000553958558169582,0.0398402518840572,0.801799560908063,NA
"Pycr1",18.5214418069644,-0.000213606233954009,0.0421697497385245,0.922413752711516,NA
"Lrrc45",26.0037856684231,-8.89701637446055e-05,0.038644862042588,0.967376739469939,NA
"Hmga1b",19.6599107661242,0.000141583396962721,0.0416698090821632,0.948533894176968,NA
"Rfng",21.5542674607892,0.000452631456598947,0.0414701710259128,0.837583695275242,NA
"Slc16a3",42.3653652034066,-0.000383780608266619,0.0346695011217384,0.854142852497822,NA
"Ogfod3",28.3201079337174,-0.000563000602598847,0.038691109795288,0.797329899317732,NA
"Hexdc",33.6059327815537,0.00112709498740006,0.0387351112923205,0.614073566450138,NA
"Narf",47.4380110611848,-0.00164303434616649,0.0386089910384379,0.469878952120813,NA
"B3gntl1",48.5068196216175,0.00139397890883867,0.0372455012282784,0.528426721638686,NA
"Metrnl",58.9629697186509,-0.00155184181414482,0.0358256404030743,0.472965094745268,NA
"1110002L01Rik",38.7360929119143,0.00101732949182124,0.0368575963949154,0.640360784452068,NA
"Dnajc27",39.332185033817,-0.000963566092450846,0.0366233639250593,0.656664892681206,NA
"Adcy3",39.6119644913069,0.000637305386395932,0.0353977549649724,0.763352948487949,NA
"Cenpo",66.2164655827358,0.000876140721048282,0.0310114465031965,0.652025445673122,NA
"Wdcp",36.3919175633082,-0.00023570930785268,0.0355908512029616,0.911172877690181,NA
"Hs1bp3",19.2318535319322,-0.000343876876100168,0.0419961972307519,0.875798136016603,NA
"Rhob",68.0719366757265,0.00013973608337048,0.0286920601492339,0.939510849142499,NA
"Wdr35",27.8837385184416,0.000397373553223601,0.0386031505868327,0.855544996026944,NA
"Lpin1",65.848946518084,0.000559040860610068,0.0294174857591584,0.765157294600728,NA
"Pqlc3",47.1538336921847,0.000465356051357657,0.032742253483429,0.81777983152036,NA
"ENSMUSG00000121307",38.5399007245278,3.52444909962458e-05,0.0343628255832993,0.986445452310327,NA
"Gm49692",21.9459281211972,0.00244818472909032,0.0505108576930894,0.339097135533208,NA
"Iah1",62.6298474379703,0.000502322581183662,0.0305641660936849,0.794324359794165,NA
"ENSMUSG00000121487",37.71323799473,-0.000445278043263023,0.0354954461161628,0.833195856259279,NA
"Klf11",12.2978692299803,0.00112476136236063,0.0478799110040776,0.607325506265626,NA
"Mboat2",21.8436321867714,-0.000876968353797482,0.0421219195667926,0.696653879929064,NA
"Gm36496",35.5516392676928,-0.00294560236703803,0.0497225999237018,0.279550401521446,NA
"Rsad2",59.7880488043523,0.00307474072503528,0.0461917742001339,0.250893882757267,NA
"Cmpk2",56.4351260915836,0.00204240434041304,0.0395841640825047,0.382104229734978,NA
"Adi1",50.6566692917956,0.000868962325926595,0.0334762318147107,0.672059289442262,NA
"Tmem18",63.7379382515907,-0.00180739178261076,0.0369534093815904,0.415135500431515,NA
"Hbp1",59.8654929448494,-0.00218295820988746,0.0399454346267785,0.355062660025315,NA
"Prkar2b",38.3896266532543,0.00468840989227439,0.0605288645850451,0.155582030056373,NA
"F730043M19Rik",23.2945946375485,-0.000631162598704222,0.0410780485167654,0.776304241243445,NA
"Ankmy2",69.7324240148455,-0.000611419435840838,0.0289719034808457,0.740761629511477,NA
"Dock4",67.0464912041203,-0.00863682705464218,0.0789727065888783,0.0668760901526137,NA
"Dnajb9",48.7056225482848,-0.00199651200125947,0.0408465960520642,0.400850609601614,NA
"Srp54a",54.2741856789029,0.000752843735990426,0.0321815240708272,0.706276391550111,NA
"Fam177a",18.7655840216003,0.00131411976219557,0.0452885370989382,0.568611062645423,NA
"Srp54c",19.8386459356652,0.000622440443473404,0.0426162868314569,0.779076653637497,NA
"Sec23a",56.4171767581915,-0.000676707047952902,0.0315258582613725,0.73109083680906,NA
"Klhl28",71.0968113328987,-0.000798320440169572,0.0299315783409022,0.672987452207496,NA
"9330151L19Rik",14.8947302836947,0.000219451034552655,0.0442521389600571,0.919268848408953,NA
"5830428M24Rik",53.6548705328877,0.000573602686033185,0.0316198614322545,0.771327092636192,NA
"L2hgdh",63.80718031896,0.00187951914938678,0.0372022131793883,0.399552819112691,NA
"Dmac2l",45.3513261493063,0.00145239317662234,0.0376197340898936,0.514375004839733,NA
"Map4k5",59.3220751678729,0.000313802522053018,0.0298120984104362,0.868383800597361,NA
"Daam1",59.2828065203074,-0.000121140063021443,0.0295729191501036,0.948720929358693,NA
"Pcnx4",45.4958128628109,-0.00121432175316014,0.0362724312941256,0.575453293994356,NA
"Trmt5",48.0195769703655,0.000131126619041137,0.0318429288268914,0.947274017137387,NA
"Slc38a6",57.5157622967338,0.00035123510957583,0.0303988544151204,0.854880831313652,NA
"Gm15283",54.6122454980015,-0.00107474916082006,0.0336329612135084,0.602078259317737,NA
"Syne2",64.2206598743862,0.000644585286531411,0.0300125183068819,0.734270501400467,NA
"9530018F02Rik",20.8783351729037,9.4479992062605e-05,0.0409275291905536,0.965639772873858,NA
"Pigh",50.8438323418295,-0.000646358197198608,0.0328566204938583,0.749654629310833,NA
"Rdh11",49.1228281846723,-0.00111975501297868,0.0350979027094045,0.597641575318802,NA
"Actn1",24.392341180089,0.00584603291135879,0.0720821898856758,0.0988266572496999,NA
"Exd2",40.1917000152963,0.00241765847500419,0.0449329911983563,0.341287215939151,NA
"Dcaf4",46.1842758177179,0.00261223309568423,0.0453146149505846,0.31170023514359,NA
"Zfyve1",40.4074104973359,0.00112340549387858,0.0368511246619668,0.606848055602299,NA
"Acot2",22.373536581147,0.000806144216122637,0.0415156909302084,0.718941119545977,NA
"Coq6",43.5561393983223,-0.00091489613062115,0.0354094413819356,0.667009809491395,NA
"Bbof1",25.0778227021293,0.00211749599002878,0.0470403826608857,0.395789535020899,NA
"Abcd4",36.5048115963475,-0.000659617568768516,0.0363305179745828,0.758456472268655,NA
"Prox2",15.7932315550795,0.00181481872584345,0.0491487537483316,0.442446165100421,NA
"Fos",67.6330002413337,0.00949350707453814,0.0836920025481966,0.0584944924586533,NA
"Jdp2",44.2252140230485,0.00380107063040306,0.0541041468930812,0.204596024100482,NA
"Cipc",46.9865141763273,-0.00201954918145721,0.041350846141853,0.398936206619676,NA
"Pomt2",14.5410363249749,-0.00038779317328988,0.0449032123749292,0.857561931754293,NA
"Gstz1",55.3603348089012,0.000118625489812214,0.0304201328390793,0.950792834895026,NA
"Tmed8",50.2944452693661,-0.00214407934386634,0.0412532506367998,0.372527148458403,NA
"Adck1",38.0947850367615,0.00172412774230039,0.0408223829597563,0.462393482809287,NA
"Ttc8",24.4043569239891,-0.00222725307923416,0.0480491851882223,0.376712809146604,NA
"Gm26839",25.9983020198162,0.000959092035513324,0.0407855082952144,0.670245378609884,NA
"Nrde2",56.2005331111024,0.000108989341772936,0.0301204740632474,0.954467465871129,NA
"Gm36756",19.4674300662933,-1.88098279927802e-05,0.0415586467121609,0.993154001808306,NA
"D130020L05Rik",12.8854538957482,0.000517851896834731,0.0457786513399613,0.809529848713198,NA
"Gm28875",14.9868396927686,-9.94849494728663e-05,0.0441532991480281,0.963320270163368,NA
"Syne3",67.7569624093008,0.00299424967254884,0.0446058108011974,0.251808696135389,NA
"Gskip",65.912588160224,-0.000107315873858667,0.028403357051746,0.95317072394156,NA
"Wdr25",32.438851408152,0.000966052259579026,0.0385586090399749,0.663151538415865,NA
"Gm19605",39.9775228779526,0.000271002529150016,0.0341124312252883,0.895729952443399,NA
"Zfp839",18.3310810258533,0.00168347618131912,0.0474351521745492,0.476526428606238,NA
"Tecpr2",71.3070168148294,0.000327293637844192,0.0278171887633263,0.855360232182187,NA
"Ankrd9",23.361528269243,3.45540148636137e-05,0.0411096974528199,0.987427624948132,NA
"Trmt61a",48.1532053279693,0.00114047975674964,0.0352758106449228,0.592168328367534,NA
"Inf2",43.7846407152408,0.0005031255095725,0.033613941775969,0.806422905152926,NA
"Pacs2",65.941229850707,0.00136810347656603,0.0334818693783693,0.505502712530851,NA
"Tedc1",17.0821631918975,0.000431709346767633,0.0432987645529209,0.844076111549534,NA
"Dync2i1",41.8089759099057,0.00152301650631031,0.0387763291306507,0.502210114969991,NA
"D430020J02Rik",29.6153407742124,-0.00195125887205763,0.0447175147371585,0.425384031889868,NA
"Rapgef5",66.3395965299573,0.000827872989858398,0.0308226268690124,0.668711140856356,NA
"Akr1c12",52.5328591882149,-0.0120546096329719,0.0983388597294729,0.0397692258612558,NA
"Akr1e1",45.6677184787908,-0.00245586717268836,0.0443765506209932,0.332489578838745,NA
"Chrm3",19.8059676075329,-0.00113382168693932,0.0440976685114191,0.619193003096729,NA
"Edaradd",13.0279081909142,0.00124468414838333,0.047926938019106,0.575065988005202,NA
"Ero1b",44.2024753897435,-0.000268333222256703,0.0331731038148846,0.895082538370995,NA
"AW209491",33.3273253948986,-0.000152347187207146,0.0361812214825549,0.942912827791207,NA
"Sugct",21.1921163453351,-3.12559659252283e-05,0.0408393982128479,0.988626039605721,NA
"Gm32036",13.5839069343128,-0.000505611681802467,0.0454411104723138,0.814709493063633,NA
"Gm47664",44.3125341322095,0.00326078407530843,0.0498332160479766,0.24466697429593,NA
"Zscan12",35.0009434912556,-5.43211871986339e-05,0.0356156502618607,0.97947969251151,NA
"Zkscan8",43.952690285787,-0.000821282820614194,0.0346590056776212,0.695347759374123,NA
"H2bc13",42.9003626962869,0.000712401743933401,0.0344275827220846,0.732752076285429,NA
"H2ac13",68.531470801545,-0.00037151377777019,0.0285569687329155,0.839319525334521,NA
"H4c12",15.2153264162814,0.000216992249430064,0.0440338880825324,0.920331152106592,NA
"H2bc15",41.8766038902943,0.00138655848135041,0.0381322421767728,0.535853011825182,NA
"H2ac22",56.1024330550396,-0.00200955089603797,0.0393048177715536,0.387189386841606,NA
"H4c18",28.1173543747965,-0.000153661558605071,0.0379287852529399,0.943416402619513,NA
"H2bc24",19.565775696808,0.000389850400301754,0.0418588601205893,0.859560064328115,NA
"H2ac12",16.0499325463352,0.000334198837454027,0.0436634707589563,0.878305525132412,NA
"H4c9",49.9439344483176,-0.00468640861939768,0.060283313395963,0.155790023484431,NA
"H2ac11",36.2014478408842,-0.00149243910586872,0.0406879946890864,0.519179482264636,NA
"H2bc9",51.1962824893822,0.00389383325446211,0.0529445005079985,0.195051556006697,NA
"H4c6",37.8494493997888,0.00217007316508524,0.0439434913114172,0.381246432744443,NA
"H2bc8",51.9443927340115,0.00120852526067907,0.0350001696011075,0.568639948425771,NA
"H2bc7",14.4703845370583,0.00137237192319327,0.047662080149954,0.544863346101994,NA
"H2ac7",22.3142568161798,-0.00228748863181583,0.0493899013209017,0.364703411683793,NA
"H2ac6",49.9447016145572,-0.000555679849476511,0.0323606689724332,0.781658188629879,NA
"H2bc4",44.857470153274,-0.0134426112845884,0.106212292868965,0.0319422592161802,NA
"H2bc3",47.9294932215339,0.000305564000168619,0.0321126353119421,0.878209098977676,NA
"H3c2",32.1213440653296,-0.00100391479203101,0.039206393919977,0.653184736446789,NA
"H4c1",47.828448933585,-0.000688003902760915,0.0333177847318483,0.736461749379408,NA
"H3c1",58.1355765163918,8.99563375199003e-05,0.0300766759947355,0.962373992292458,NA
"Carmil1",62.5994981508998,-0.000823807924726441,0.0313657516007824,0.674329733226526,NA
"Gm11342",18.1991384955626,0.0013865251490994,0.0458017823607559,0.549124148156177,NA
"Gm56584",12.257457370049,0.00103232728334663,0.0476814820302551,0.63471412767015,NA
"Dusp22",62.8651051625616,-0.00146940765449726,0.0349532712654057,0.488801762517444,NA
"Serpinb6b",62.3501325449443,-0.00255141231588624,0.0422446907915577,0.303319266398265,NA
"Bphl",52.2911486156298,-0.00018420130410014,0.0311555939325035,0.924905153612233,NA
"Rpp40",48.3994889022568,0.000915174053851563,0.0341187147216472,0.659793181154833,NA
"Lyrm4",42.0961704177675,0.000824031608393779,0.0350934366000379,0.696491543839874,NA
"Nrn1",30.1631215950046,7.34953905765167e-06,0.0374031372883905,0.997277676468162,NA
"Cage1",19.1750918321837,0.000319369888953696,0.0423133592665631,0.884423937405727,NA
"Bloc1s5",32.883482705111,0.000600151317020135,0.0371841607549215,0.78155577787593,NA
"A730081D07Rik",15.9627930293898,-0.00146933179226783,0.0473844402579709,0.523464602584749,NA
"Smim13",59.6819618067291,-0.000366507536859448,0.0298698397836303,0.846712328261984,NA
"Gm32401",18.0534864693194,-0.000121044007039047,0.0423690960971358,0.955906127034693,NA
"Tmem170b",42.8094756574485,0.000283541243026057,0.0340576276778771,0.890845135272986,NA
"Tbc1d7",42.4274442246096,-0.00099100856083893,0.0358768141258078,0.644096466780196,NA
"Gfod1",45.4284530644489,0.00138075205349339,0.0371064168811021,0.531315559952055,NA
"Sirt5",48.7681293205705,0.00243548836580966,0.04333866349303,0.330510553874182,NA
"Fam8a1",71.3366634106944,-0.000885523811778045,0.0299840327228268,0.639713007782033,NA
"Gm46412",21.5207501366551,0.000891932367086567,0.0429730499613041,0.691760362493972,NA
"Kif13a",19.7781874311966,0.00104014109078933,0.0435332935754471,0.646680940172934,NA
"Tpmt",21.1953287592478,0.00190122244548613,0.0472342493835163,0.434337736733869,NA
"Kdm1b",22.4328879970169,-0.00122006022042464,0.0432178612972951,0.595879955456362,NA
"Zfp169",24.8442718280106,0.00169194702497421,0.0447114862380236,0.479500764269559,NA
"Fam120aos",26.517940313198,-0.00136004626872479,0.0430424712803309,0.558471907899464,NA
"Ninj1",37.3432884546704,0.000761779076542502,0.0362862231759101,0.72286587856337,NA
"Ippk",67.9041116564726,0.00250877417512928,0.0411580252819646,0.302356549756161,NA
"Fbxw17",60.2982237795452,-0.000732086363894951,0.0309479337243477,0.706204226505728,NA
"Hrh2",63.7599598391973,-0.00165076670089656,0.0358080940493088,0.445489159972042,NA
"Rgs14",68.9642021434428,0.000933636888714366,0.0306685117648682,0.627648933602921,NA
"B4galt7",40.8143285917978,0.00173426857811438,0.0403162678289186,0.457432697443408,NA
"Smad5",53.7834200570501,0.000956937256343707,0.0332094017055736,0.639391507671569,NA
"Klhl3",23.5359229131132,0.00330185350382834,0.0557358061924263,0.23732667183986,NA
"Gkap1",62.9872965149799,0.00249219172065501,0.0416711669766656,0.309349546341682,NA
"Golm1",32.2124700099533,0.000745412245949987,0.0377111776745117,0.732881543859355,NA
"Isca1",36.1836803557805,0.000779877343176082,0.0365125122403239,0.717479876098077,NA
"Dapk1",24.3374312170337,0.0023041821413708,0.0488311822994387,0.363641770874228,NA
"4930486L24Rik",22.7931726929423,-7.07827297107753e-05,0.0401829795247131,0.974220328307135,NA
"Ctla2b",25.9371055359195,0.000886946308290657,0.0410978648013331,0.693035943036372,NA
"Gm3604",13.1152932823113,-0.000640613818443182,0.0459444153126461,0.766738361198499,NA
"6720489N17Rik",17.916429489022,0.0021168891609848,0.0498476784036551,0.388131737272221,NA
"Gm5141",29.3742952740799,4.80072020348151e-05,0.0372813657950828,0.982199900851584,NA
"Habp4",48.3509597185205,0.00020629325771184,0.0318365200556877,0.917130732956905,NA
"Cdc14b",33.1911868968153,0.000412073862717521,0.0365459908521844,0.847434905779483,NA
"Prxl2c",48.2873034829748,-9.7794859473311e-05,0.0318855375293374,0.960697648097134,NA
"Gm36445",19.2358105939395,-0.00263565703748996,0.0525877703037173,0.307883005794682,NA
"Zfp369",56.5202467063828,0.000201814295028083,0.0301880128645849,0.915921297043533,NA
"Zfp712",13.2166774031896,-8.99020374869614e-05,0.04526121113909,0.9664061948185,NA
"Zfp708",13.6330797495702,-0.000321045338429861,0.045071807551732,0.88134961431519,NA
"Rsl1",14.7725615388512,-3.68526773642317e-05,0.0441500494993261,0.986403287050912,NA
"Zfp458",63.0494475154281,0.000696920110924402,0.0306320912014743,0.717705064185537,NA
"Zfp595",39.2695998525325,0.00114239344581358,0.0373117323012192,0.603311976319119,NA
"Zfp953",39.6410759791916,0.000182889712994268,0.0340237852086847,0.929395041702961,NA
"Zfp429",40.9900173462359,-0.00199661844338909,0.041968121976734,0.407080910459206,NA
"Zfp874a",22.4379521476229,-0.00115617232961891,0.0431300588820462,0.613622289609962,NA
"Zfp58",34.8103941931896,-0.00163120411653258,0.0411870653454459,0.486284419199034,NA
"Zfp87",38.6549293591224,0.00200413488652566,0.0426179759064404,0.408530322204256,NA
"Zfp748",52.1739137285772,-0.000532181380466987,0.0318744833985231,0.788576482017269,NA
"Zfp738",53.2064695242333,-0.00204681392668092,0.0399678281733209,0.384030897436725,NA
"Mtrr",64.4459848117295,0.000279959697105951,0.0298603741834957,0.882622784823276,NA
"Fastkd3",46.8390250067966,-0.000143293819725996,0.0321934990135507,0.942794374154688,NA
"Slc12a7",30.8940870523215,0.00478726961761156,0.0631317006495086,0.147710968484533,NA
"Cep72",38.1710796245688,0.000392124340518389,0.0365184730574284,0.854652072592136,NA
"Ftl1-ps1",18.1599997230397,-0.000971009370984958,0.0441753292677997,0.666308036406089,NA
"E430024I08Rik",34.6141517064025,-0.000841845576442276,0.0373867771796511,0.699636619426764,NA
"Zfp825",47.0251102444731,-0.000864052250768281,0.0344231613290381,0.679237797651007,NA
"Gm47467",12.7255719484076,0.00188278360748635,0.0511083552973462,0.414939932613767,NA
"Gm47469",30.6925122329019,0.000803920296901508,0.0385412652699506,0.715456911241201,NA
"Gm46430",25.2205225717471,-0.000373317170084912,0.0392453779563927,0.864675238356591,NA
"Ell2",58.164622604268,-0.000348006829652692,0.0304704778998253,0.856441312196909,NA
"Rfesd",57.8264757025604,-0.0013327901023485,0.0346615854454584,0.527260756614605,NA
"Arsk",22.7385162290781,0.000837644056054047,0.041691835865019,0.708956509796161,NA
"2210408I21Rik",65.3453246613438,-0.00111325698640116,0.0324677313400509,0.579445723049619,NA
"Arrdc3",51.7764295866332,-0.000110034884126424,0.0312141932586894,0.955156523733553,NA
"Mblac2",32.5144370538597,-0.000316942965829819,0.0364546383912734,0.882100320546071,NA
"Rasgrf2",34.4016536382756,0.00168697419103324,0.0417013886945851,0.474847366169159,NA
"Zfyve16",57.3952354201267,-0.00134448266264918,0.0350011904232682,0.526526343792833,NA
"Mtx3",22.6085051005524,-0.00128943409090766,0.043720435582715,0.577070344134835,NA
"Homer1",28.642744409382,0.000351200143187806,0.0378780855241247,0.871360355610004,NA
"Jmy",54.9626553919061,0.000933399725776866,0.0327766123579723,0.644609937193,NA
"Wdr41",44.0407483743762,-0.000991361533508803,0.0353858685509522,0.641345554270578,NA
"Zbed3",44.4504593847499,0.00150077225952741,0.0380463592293079,0.503795088330595,NA
"F2rl2",67.5827609488644,-0.0365364061371852,0.178054592054773,0.00786963920619795,NA
"Mccc2",58.6483281987157,0.00150594317177932,0.0354516645032252,0.482684612911636,NA
"Serf1",24.2417910020497,-0.0013462384070363,0.0431777818767706,0.562137526812687,NA
"Naip2",15.3794189248203,-9.77982174568397e-05,0.043847490311556,0.964041987715377,NA
"Ccdc125",50.3740172533223,-0.00290491315704227,0.0464012668364183,0.274431394495527,NA
"Shld3",19.5860612471304,0.0007512409386101,0.0426415121649554,0.73655094135618,NA
"Gm56573",39.089410165067,-0.00179973973410618,0.0416823503892711,0.448709875429574,NA
"Plk2",40.6444192703893,0.000700804244986871,0.035940016725629,0.742777603055303,NA
"Itga2",12.9562649243784,-0.000263282346892204,0.0455089743247659,0.901809693576072,NA
"Tmem267",14.6064433700699,0.000310112729450693,0.0444014382856312,0.886201736505091,NA
"Ube2e2",60.4158060959236,0.00072477362287142,0.031584723577717,0.713135831981594,NA
"Nkiras1",47.8538782995851,-0.000544430370946508,0.0329521139463878,0.788407037014474,NA
"Nr1d2",36.0424923899267,0.00261727874279717,0.047339382739319,0.317819655358441,NA
"Oxsm",25.3889198999619,0.00169087844135451,0.0445686370873754,0.4797030002679,NA
"Il3ra",16.9833038049045,-0.000534273288216939,0.0434598717086415,0.808289539884569,NA
"Kctd6",17.5771246921131,-0.000277286498159592,0.0427089258381655,0.899321697809661,NA
"Abhd6",34.1272714956544,0.00179273761639374,0.0423055485168955,0.452693885448365,NA
"Flnb",40.5323281990144,0.000630686123686697,0.0349729380970333,0.764246822287217,NA
"Nudt13",63.2203906006875,-0.000975821034467513,0.0316681602575467,0.620833931453179,NA
"Gm30054",19.4948054274641,0.000401755850603312,0.0419639666281386,0.855342774533266,NA
"Mss51",39.6242416591374,0.00263370312435736,0.0465039975567454,0.313129493911416,NA
"1810062O18Rik",40.6870013484411,0.000368293241863834,0.0347662071708137,0.860153566637113,NA
"Usp54",22.7200610639469,0.00128482233751978,0.0435313701474663,0.57835101166755,NA
"2810402E24Rik",49.5744336825002,-0.00117978124781554,0.0365132289031615,0.587527539268116,NA
"6230400D17Rik",26.0950414880894,0.000254957940270339,0.0387074245058602,0.906870473208454,NA
"Fut11",26.8191840605117,-0.00139802524962221,0.0423949491716182,0.547944421398528,NA
"Zswim8",60.1231854147243,-0.00103872958114902,0.032504213512729,0.605503577009365,NA
"Ndst2",20.2885656061799,-0.000177008397543253,0.0412232891726306,0.935729711225192,NA
"Vcl",30.9306784833844,-0.000254058648650209,0.0368835736949941,0.905753432515185,NA
"Samd8",62.3288567720754,0.0012754064674962,0.0336432676861058,0.536321045536734,NA
"Tmem254",52.0017106543296,-0.00736184722442202,0.0750229578948904,0.0828624704482112,NA
"Dnah12",29.0396201185979,-0.00319513191234028,0.0541432524620234,0.251292909686918,NA
"Prkcd",64.890839913866,-0.000918685284329348,0.0312541353853408,0.638209045493664,NA
"Rft1",56.9393330273623,0.000224300749461095,0.0300579489954074,0.90630018951348,NA
"Nek4",58.6890652087408,0.000210621315404362,0.0297451970000686,0.911325321449855,NA
"Glt8d1",35.9021287372392,0.000967316359960916,0.0373423459671647,0.658479021043142,NA
"Phf7",63.7565526574356,-0.00176644644396304,0.0368794762963701,0.424846874199987,NA
"Bap1",54.8712906309268,-0.000882498873618492,0.0326014658377296,0.66155321528302,NA
"Hacl1",25.1502252995953,0.000668284431689967,0.040028607692687,0.763087354419599,NA
"Btd",26.9887534595613,0.00124042103709084,0.0415550861675121,0.588925266312833,NA
"Oxnad1",53.6412914191799,-0.000338287968595044,0.0311274742388878,0.862469749145026,NA
"Tmem273",16.8517953660204,-0.000368997213386597,0.043390909439336,0.86613974521827,NA
"Prxl2a",55.3324096569146,0.000503611589552936,0.0310811295694439,0.796222345450625,NA
"4930431P03Rik",14.6322921446412,7.32989770196651e-05,0.0442436219077935,0.972940464935564,NA
"Gm17173",44.7347745535319,0.00181494757771595,0.0403804702455914,0.438763134803323,NA
"Ptger2",35.6661684108721,-0.000732292918401021,0.0376337056074533,0.737115464793186,NA
"Styx",59.7932789537681,0.000294588900842409,0.0296936507794287,0.876025291685525,NA
"Cgrrf1",66.1765168515396,0.00096147025775729,0.0314894948134846,0.624520220031562,NA
"Gch1",39.6964557396484,-0.00146545201739354,0.0398260373267814,0.522767006512218,NA
"Atg14",53.4576298988149,0.0018647916953785,0.038628237697625,0.415245953246334,NA
"Naa30",65.4449873383437,-0.000117963740240569,0.0284302870809994,0.948566387274061,NA
"Ccnb1ip1",68.2647295166607,0.0100421475124091,0.0850530454838544,0.0541928263734715,NA
"Gm26782",25.6725621609817,0.000401643892503151,0.0390806089847797,0.854465420968775,NA
"Ndrg2",18.0001177756992,6.26390058633467e-05,0.0423861530091131,0.977162284874,NA
"Zfp219",23.7639968967213,-0.000103818019099918,0.0396978422424624,0.962143706833349,NA
"Rpgrip1",19.7408140616289,0.000920366716170229,0.0433175591538377,0.682741816499119,NA
"Rab2b",43.2637654582177,0.00212635403299041,0.0426447226298984,0.384036883716897,NA
"Mettl3",66.7560562621774,-0.00130095581300175,0.0330266299591528,0.522315731971551,NA
"Trav14d-3-dv8",26.8239733604246,-0.00134306268644812,0.0427413708937699,0.562687198340086,NA
"Trav3-3",28.2498106615656,0.000531483731589686,0.0383665755257947,0.807834525580426,NA
"Traj27",15.9407500008515,0.00273168777804219,0.0544785917671285,0.285506649372168,NA
"Traj4",13.6668505728953,0.00184485984164915,0.0504191155237834,0.42771234672723,NA
"4931414P19Rik",17.8489821008491,-3.39962411037111e-05,0.042721728756359,0.987585128729761,NA
"Zfhx2",29.8744948484506,0.000919254217791304,0.0390548237274848,0.679361397733385,NA
"Ap1g2",62.4696546055992,0.00218424605637977,0.039641243026934,0.352314562791179,NA
"Dcaf11",53.5614947945016,-0.000653543144260754,0.0321030073768275,0.743136668457193,NA
"Emc9",24.8103711296428,0.00184181534317902,0.0459720042856985,0.44768474637074,NA
"Rnf31",48.9065536467537,0.000708753640602474,0.0330895205081473,0.727690227044809,NA
"Ipo4",40.2586549984929,0.00100889601796438,0.0369331048371294,0.643404104278583,NA
"Gmpr2",61.4391525797838,-0.000818942640416452,0.0313276127590347,0.675875275622055,NA
"Tinf2",66.5219052978422,0.000149952156458985,0.0283062714701732,0.93442022432536,NA
"Rabggta",24.4791329393659,0.000939950790089394,0.0411884624369706,0.676614126863153,NA
"Dhrs1",47.0631566112329,-0.000211285404257346,0.0322158439595225,0.915778431632468,NA
"Khnyn",62.6183014914718,0.00188334821560908,0.0377847080027053,0.403857528746361,NA
"Gzmc",25.4677896104848,-0.00376649432837681,0.0580825861355889,0.201395204736196,NA
"Gm16973",13.9723845464791,0.00229018872687411,0.0528723746452998,0.342084553441359,NA
"2410022M11Rik",36.2009341738356,-0.00332133190699044,0.0527083322606843,0.242960490978772,NA
"Ift88",67.8230848262493,-0.000696253781948921,0.0301587738713934,0.714752002358423,NA
"Lats2",53.1765044469411,-0.00103060552345655,0.0337158122039756,0.617608524441028,NA
"Phf11a",48.7340467739143,-0.00398205365279213,0.0540588881378104,0.1910193433513,NA
"Phf11d",19.2913788713512,-0.000610554948375514,0.0425190056710046,0.783128623094889,NA
"Mipep",65.9686555112785,0.000385441518403042,0.0288359542133846,0.834596140543002,NA
"Trim13",19.1288925250538,0.000963392892113687,0.0437632563842592,0.669201902838705,NA
"Gm27017",13.6693753067806,0.00111987913160617,0.0470296342886718,0.613811318083087,NA
"Wdfy2",41.6669117470696,-0.00153119762128079,0.0391636731148178,0.502199246136699,NA
"Kif13b",65.1012050542826,0.00142768699248937,0.0342228321936465,0.494397669758075,NA
"Extl3",56.5715683882587,0.00187179306104723,0.0383403439356929,0.411295028206446,NA
"Zfp395",65.413690949503,-7.99034319530653e-05,0.02864473707309,0.965350500775479,NA
"Kctd9",60.503017681544,-0.000348725464128194,0.0298187685488775,0.853893953112349,NA
"Chmp7",28.3392360960406,0.000183355221078482,0.0378400920069491,0.932472309634048,NA
"Tnfrsf10b",31.0672510728744,-0.000495549836331513,0.0372887743689583,0.818722749302293,NA
"Rhobtb2",51.8940189894505,0.000156738623347671,0.0313162282777171,0.936297069835284,NA
"Gm49417",22.908236944102,-0.00107529576448845,0.0424509072847486,0.636760131284091,NA
"Slc39a14",41.7321742342866,-0.000600076250983082,0.0343686536037956,0.773154391904667,NA
"Nudt18",29.6510575927082,-9.94413700291872e-05,0.0380444046952141,0.963386371137404,NA
"Fhip2b",28.1620563715682,0.00119830161303224,0.0409568259458052,0.599651982980146,NA
"Cysltr2",17.008798063711,-0.000453222038872299,0.0434814906263239,0.836363759476851,NA
"Gm4285",15.6475795288363,0.000146540391857308,0.0436785627309761,0.946247667878714,NA
"Serp2",43.6282167562647,0.000328689967528851,0.0331649075263802,0.871676894140299,NA
"Ccdc122",36.4979459190192,-0.00119671345734967,0.0395068898525988,0.596186158689991,NA
"Dgkh",46.6225259175857,0.000555050052479454,0.0331850176644224,0.78532381512081,NA
"Mtrf1",26.2479639173965,-0.00017410389137483,0.0392018488452708,0.936451307108001,NA
"Klf12",36.1762360291674,0.00125572637156397,0.0389889376929612,0.577186483073095,NA
"Kctd12",15.5715451088865,0.00022099465970419,0.0438056428735845,0.919033041585134,NA
"Cln5",49.2614410278104,-0.000155302750834479,0.0321842174853253,0.937998705638672,NA
"Mir17hg",66.9156922172938,-0.000877396183864738,0.0307703702186613,0.649586936479036,NA
"Gpr180",55.4706894252197,-0.000458283676239402,0.030896653542394,0.81346282213963,NA
"Dzip1",27.769491822352,0.00230336247752006,0.0473804574280925,0.365038316128662,NA
"Rap2a",55.5368055018442,-0.000310382243686168,0.0305644415483541,0.872110896717933,NA
"Slc15a1",23.238107788493,-0.00033299593326389,0.0400262173925694,0.879489316653836,NA
"Clybl",39.6711353149612,0.0005308204198735,0.0346834970975992,0.799601485033047,NA
"Selenop",60.4628886864747,0.00276103284366083,0.0441590869015232,0.282595720639534,NA
"Fbxo4",57.947587658206,-0.00556166145700565,0.0632863759856538,0.122982507806732,NA
"Nadk2",61.9841840259687,-0.000111154956912229,0.0290393179314377,0.952304469788369,NA
"Prlr",26.545424526252,0.00311553720468505,0.0544610986243868,0.256219532595523,NA
"Rai14",25.5487725710612,-0.00194723952889035,0.046318018872645,0.426951949720494,NA
"Amacr",14.0846055823263,0.000147005799568126,0.0446590610537549,0.945560129146277,NA
"Ank",36.6251935867339,-0.000350293133021662,0.0355857493742133,0.868436808999278,NA
"Atpsckmt",68.3249119143634,-0.000749316057997611,0.0298150184638298,0.691289431842925,NA
"Rida",36.8566391355386,0.000122624683369643,0.0347968855787006,0.953179773922341,NA
"Spag1",16.1309368584135,-0.00188379631907656,0.0494748052554543,0.428132224908228,NA
"Ankrd46",45.8247504527227,-0.000181272894506145,0.0325021745291849,0.92810574311936,NA
"Gm56743",35.0293966647838,-0.000675346968305694,0.0365291013364311,0.753559679214238,NA
"Ncald",48.6145695106365,0.000454554254027131,0.0334744460309459,0.824309783764075,NA
"Klf10",54.5571989018074,0.00160308626701119,0.0368409446878493,0.467431790297529,NA
"Rims2",49.6263050657621,0.000423277070309712,0.031954354433109,0.831376818081372,NA
"Lrp12",45.683063413226,0.00148663263016362,0.0379276580338203,0.506897753095246,NA
"Trps1",55.0683652661898,-4.99823652916834e-05,0.0306537606473198,0.979367515202697,NA
"Ccn3",54.9989707162032,-0.125242703361656,0.352138226747369,0.000823857195817731,NA
"Fbxo32",27.3459849822876,0.00109677811279768,0.0408853973401027,0.628904915624237,NA
"Tmem65",57.0155774051987,0.000376750147957876,0.0305078610007657,0.844850216201099,NA
"Trmt12",21.90121144159,-0.000458495319202702,0.0410527225959025,0.835506563795138,NA
"Lratd2",32.2285303162419,-0.000385557837578184,0.0366449254255495,0.857251837739773,NA
"9930014A18Rik",22.0708818572132,7.48680918816309e-05,0.0409377868358272,0.972766171639334,NA
"St3gal1",34.7526049804844,-0.00216832038009433,0.044721052652444,0.384089336787754,NA
"Zfat",25.4475916499733,0.00245888903303094,0.0491311685922862,0.341025847599493,NA
"Gm20732",66.0092265224937,0.00110809321331392,0.0320716232239651,0.5776455670952,NA
"Khdrbs3",14.393691802752,0.000984291180419586,0.0461905374989362,0.656620811934231,NA
"Ptk2",29.9139734539026,0.00176465946364056,0.043338362358738,0.46187299945962,NA
"Slc45a4",18.570824162336,-0.001235311838894,0.0455218289767411,0.588596738475432,NA
"Ly6c2",62.2308732509663,0.0021052244082385,0.041724488149767,0.38332614340282,NA
"Top1mt",28.4414230891534,0.000223621157772198,0.0378286110750804,0.917712636126952,NA
"Zc3h3",37.714728546992,0.00100662026675762,0.0369879184012296,0.644377470457933,NA
"Gsdmd",66.3661899526232,-0.000906947231678474,0.0310502406211541,0.640862652028254,NA
"Zfp707",20.6098560874605,-0.00174519636927358,0.0466669030358761,0.466182635870246,NA
"Scrib",27.2238959025157,0.00101946605325886,0.0407661253865926,0.651786182660184,NA
"Grina",60.6758418691676,-0.002455351906165,0.0416993483140976,0.316136327730089,NA
"Gpaa1",67.7433828778207,0.000609884535993782,0.0292335147623718,0.743159637982249,NA
"Hgh1",30.446923096738,-0.000799005675957468,0.0385787725570934,0.717166740080237,NA
"Mroh1",18.4500520396196,0.00105113698227004,0.0448464730062944,0.64139300489716,NA
"Slc52a2",18.0700752149218,0.000100400780827724,0.0423489096282244,0.963416256559236,NA
"Adck5",38.2680433157918,-0.000179688880453527,0.0344345468672341,0.931076105851127,NA
"Slc39a4",16.97614901182,0.000658767217856868,0.0438179431042631,0.765718855289816,NA
"Tonsl",51.4694993192648,-0.00042706978916702,0.0319526241309075,0.829883359898389,NA
"Tmem276-zftraf1",46.0299278183849,0.000350856853071408,0.0326698310576204,0.861853104793848,NA
"Cyhr1",16.3419309475155,0.00180592356814637,0.0488677835126522,0.445745601694019,NA
"Gpt",22.5084233433239,-0.000573454729837286,0.0409445925522011,0.79580898701587,NA
"Recql4",28.3678338274469,-0.000864194912996046,0.0396010859186623,0.69814384722248,NA
"Lrrc14",54.0906758922845,0.000820644102511803,0.0324098014789198,0.682701629898085,NA
"C030006K11Rik",25.5289357949808,-0.00073151289280059,0.0400928643982398,0.742097124908411,NA
"Arhgap39",45.4162554722605,0.000449949921454455,0.0334273220761015,0.825911261895576,NA
"Zfp251",69.7134341595062,0.00138959591397845,0.0331223272654767,0.495144525983138,NA
"Zfp7",34.2592643253458,0.00025958871294428,0.0357607411076613,0.902449101318867,NA
"Foxred2",25.2118558748986,0.00118960154329748,0.041875199737029,0.603596878954009,NA
"Mpst",43.3648668036636,-0.00172053850842663,0.0398151398263497,0.457966730741386,NA
"Kctd17",49.1190014154799,0.000254308083220122,0.0322797885910152,0.898846649543536,NA
"C1qtnf6",19.6684182222592,-0.00269123517943799,0.052928398413467,0.300394166834391,NA
"Gm36738",29.5003200643571,0.000999358145905176,0.0394992623307368,0.655360029548838,NA
"Cyth4",66.0452619118466,0.00339026826067477,0.0475201597495259,0.220493786178621,NA
"Gga1",63.3080585569467,0.000553202426239396,0.0297449549718703,0.769463180883507,NA
"Pdxp",37.5491748518621,0.00166657367148973,0.0411803032981552,0.47770786045446,NA
"Gcat",65.1607811108746,0.000756848205024159,0.0304413701930215,0.693070798122485,NA
"Pick1",57.89805398686,-1.48369036176979e-05,0.0297135056785215,0.993737568730366,NA
"Csnk1e",25.1494580439259,-0.00245102909558514,0.0494560296510791,0.341593000383351,NA
"Gm16576",16.4759641202848,0.000758672865037074,0.044270850980959,0.732205324192389,NA
"Dnal4",28.8218843940883,-0.000972330226830631,0.0396842044266179,0.664172836747783,NA
"Cbx6",63.9595677297166,0.0018724676706177,0.0375972386044421,0.404842672576372,NA
"Cbx7",35.7992687469345,-1.71840111668399e-05,0.0352609990928971,0.993476955461454,NA
"Tab1",33.0193609459071,0.00155964824178128,0.04119213294438,0.503929124684791,NA
"Mief1",63.7916693857149,0.000994239236490482,0.031599855807654,0.613620497576535,NA
"Enthd1",36.1854378339963,-0.00224888109651396,0.0449238599193903,0.370200585054603,NA
"A430088P11Rik",14.2824689141904,0.00199167124555753,0.050879944335965,0.400131402763909,NA
"Sgsm3",15.886194553561,0.000535297568557444,0.0441424831313056,0.807025082832569,NA
"Tef",21.4635543455,0.000934330953748821,0.0429878798399703,0.678718096907596,NA
"Pmm1",26.3086613276504,7.0866074078829e-05,0.0385775626206483,0.973999270843401,NA
"Ccdc134",41.8781807762945,9.28502874968088e-05,0.0333586971789859,0.963708046869969,NA
"Naga",37.7314978848101,-0.000223332228733119,0.0347325684841809,0.914795280413938,NA
"Gm56730",56.1810865567818,-0.0018386143312203,0.0386968128085484,0.422020362005641,NA
"Gm20324",66.2515531242037,0.00145047316939294,0.0342957073344415,0.488247140551198,NA
"Serhl",71.3671715207062,0.000142313554925108,0.0278556173014618,0.936975246673524,NA
"Cyb5r3",68.9513458191255,-0.000384576666362386,0.0284643070505408,0.833314680671685,NA
"Arfgap3",60.9620670882126,-0.00111630784996649,0.0330127843319158,0.583117818046941,NA
"Mcat",36.3010452073054,-0.000544344314443099,0.0357789758059353,0.79785375541089,NA
"Ttll12",55.1364781445877,-0.000345516922448883,0.030814420925987,0.85857692378654,NA
"Fam118a",50.3955838157925,0.000117049586625794,0.0313144430564239,0.952403816762765,NA
"Fbln1",49.8393315732028,-0.000552079110692638,0.0324000537134779,0.783206400562286,NA
"Gm49539",14.6542635222768,0.00212504840680688,0.0516887735288906,0.373872889154077,NA
"Lncppara",63.6956175974692,0.00395429576569783,0.051467958566108,0.184995556131775,NA
"Cdpf1",64.0428431870593,-5.44657223721398e-05,0.0287245892947128,0.976428125191873,NA
"Ttc38",19.6982969658132,5.29571812557262e-05,0.0415131150375107,0.980730106371858,NA
"Trmu",41.813605969105,0.000990701318309241,0.0358907927035688,0.644269542533324,NA
"Cerk",33.3061862551685,0.000163360182226159,0.0362388979174018,0.938839019518586,NA
"Alg12",37.1322730140663,0.000474488060310329,0.0354703298390163,0.822430229237995,NA
"Selenoo",50.8963834803797,-0.0012472026732856,0.0353280703866061,0.558932523165939,NA
"Tubgcp6",44.9150217162666,0.00156408047679742,0.0383130923659448,0.488520081393354,NA
"Hdac10",12.7911595857183,5.80771603090412e-05,0.0454032760707181,0.978243742248102,NA
"Mapk11",19.4322415976815,0.000552801080906157,0.0424041010559106,0.80277753420307,NA
"Dennd6b",14.3510950418647,0.000190926090232876,0.0445486798216884,0.929474052777579,NA
"Lmf2",62.4661530759303,0.00129015189809938,0.0335135788227241,0.530424995942649,NA
"Chkb",48.4792054440912,0.000352167319772036,0.0323086953937854,0.860368454598614,NA
"Pus7l",61.3888076936917,-0.00132777239850137,0.0340698684409119,0.523639868355864,NA
"Irak4",71.1093340751809,-0.00129017055260438,0.0325083045711759,0.520615344543347,NA
"Tmem106c",55.6515085685727,0.00134370198388151,0.0356047712188072,0.531561616617263,NA
"Pfkm",30.4906122633885,0.000545042463436555,0.0375668837878346,0.80171416561744,NA
"9330020H09Rik",14.0820808484411,0.000752426025640029,0.045878234571521,0.729887221840843,NA
"Adcy6",17.9245824293922,-0.000461398124888077,0.042870939894945,0.834036141005012,NA
"Fkbp11",14.9486777160295,-0.000590726489584703,0.0449096408760802,0.786574788882447,NA
"Rhebl1",44.3876567386118,0.000629999646437097,0.0337786780246871,0.759864950634696,NA
"Lmbr1l",69.0180699107058,0.000681421446417452,0.0293356185805721,0.714778070417605,NA
"Troap",68.6486194442891,0.0013657591075172,0.0331395439977095,0.502807304914284,NA
"Spats2",15.040946365817,7.62440262307169e-05,0.0446276287022348,0.971736724118863,NA
"Nckap5l",14.2237029057016,-0.000924778339752427,0.0460924970264237,0.674863440930534,NA
"Bcdin3d",54.8402331478715,-0.000580867102909172,0.0314631575633185,0.767727013765784,NA
"Mettl7a1",14.4563352081765,0.00171346929354986,0.0493848630703186,0.45976156432975,NA
"Slc11a2",43.2875953306429,-0.00118734563769206,0.0366425808423408,0.585948493781308,NA
"Letmd1",41.3476909745379,0.00200911904570952,0.0419338140169655,0.40428920169966,NA
"Tfcp2",42.2243801090007,0.00240679853976848,0.0444179367951963,0.340958028562798,NA
"I730030J21Rik",41.4681445263973,-0.000430471797802331,0.0342945448786913,0.835737518754202,NA
"Acvr1b",26.3072289995283,0.00125193617694931,0.0422002129748714,0.586632847536707,NA
"Tamalin",25.9610229981556,0.00207079476687096,0.0465118510127865,0.404161110232912,NA
"Nr4a1",19.4980681407775,-0.00024676807831903,0.0422823394129348,0.910438606751966,NA
"Spryd3",34.3462446015776,0.000875373754728388,0.0374648029589856,0.688827939839149,NA
"Soat2",42.8616140560939,-0.00441180110067206,0.0579177575486978,0.168845550330806,NA
"Csad",32.0836455456681,0.00106234256463465,0.0391042344606705,0.634928669876414,NA
"Mfsd5",46.693561586938,0.000740525736365057,0.0337491953662821,0.719466339848904,NA
"Smug1",31.5388382330032,0.000520403380361684,0.0376112524021342,0.810488121918155,NA
"Gm41409",22.0416400765137,0.000148084175540125,0.0403680119857498,0.946150049049242,NA
"Zfp597",39.5784325737671,-0.00020608163652939,0.0343028119420775,0.920829921553725,NA
"1700037C18Rik",24.492350030342,-0.00120089597634142,0.0425582759332224,0.601018220320175,NA
"Slx4",65.3063027548731,0.00229117759296633,0.0399127559272014,0.332891523792322,NA
"Gm15879",13.4337987724195,0.000726798145708689,0.0459539046255515,0.737986409415342,NA
"Adcy9",29.8088925283044,0.00125206279000117,0.0405411415259772,0.583474355964498,NA
"Cdip1",59.8712087411453,0.000106146208560044,0.0295636461514193,0.955051484145036,NA
"Ubald1",52.5503890236061,-0.000449594803693959,0.0317971182003114,0.82048480259938,NA
"Mgrn1",30.0038979620205,0.000798337190174954,0.038665637115337,0.717588676857734,NA
"Anks3",41.1058635359005,0.000474073756682912,0.034147278527178,0.819004060016681,NA
"Rogdi",14.6972001160934,0.00137930598575123,0.0478945995733297,0.541812885161423,NA
"Nagpa",45.8517859809642,0.000793194094144467,0.0340720078111696,0.702258473371584,NA
"Alg1",59.3152099977467,0.00084115455410744,0.0316879162420826,0.67020694375141,NA
"Tmem186",36.6564463448404,-0.0011580236524573,0.0381632938372483,0.602490682568462,NA
"Gm46563",30.8226533259,0.000863459510875445,0.0385358443088564,0.695958144229152,NA
"Litaf",54.8930880850133,-0.000965017733795854,0.0330187253920451,0.635212703571919,NA
"Snx29",55.0714981044605,0.000741094914072456,0.0320444458815912,0.709825343270937,NA
"Mpv17l",24.2611432978929,-0.000199062933272848,0.0395252636182224,0.927494552215944,NA
"Ppm1f",44.9981459470647,0.00153252422341789,0.0382698933993933,0.496642013328233,NA
"Lztr1",61.1175582999115,-0.000297994436179508,0.0295719351938443,0.874223394047826,NA
"Klhl22",34.6196935791493,0.000767815581827039,0.0369225610369054,0.722973126315819,NA
"Ess2",43.5836090179705,0.000532994436882596,0.0336703551358634,0.795420401066333,NA
"Slc25a1",49.5399688388236,0.000472685905065963,0.0324194373588412,0.81380286484072,NA
"Txnrd2",47.5094590526695,-0.000404387885212815,0.0324455024727938,0.840371007001678,NA
"Gnb1l",52.5590343689527,-0.000112649189739995,0.0308962256179846,0.953771118336899,NA
"Abcc5",37.4520515915829,-0.000294156375325704,0.0351720236117613,0.888689753010739,NA
"Dvl3",24.4276809646751,-0.00179844705669119,0.0454997780341344,0.456738213553822,NA
"Abcf3",68.2335697609589,0.000802387005787783,0.0301031820524113,0.672797408775209,NA
"Alg3",48.8733975964806,-0.00172979823013426,0.0386808331588116,0.448465439841919,NA
"Vps8",51.2349645629236,-0.000235287184698808,0.031466558807436,0.904804571233504,NA
"1300002E11Rik",60.5352473248639,-0.000893760530741866,0.0321010060842974,0.653927001882061,NA
"Tmem41a",27.3743878564151,0.00342004437873061,0.0552244742008392,0.231498135128695,NA
"Tbccd1",52.4283648366407,-0.000937470021347644,0.0335303027554553,0.648358934902833,NA
"B630019A10Rik",41.089079515247,0.00119797701163764,0.0373494820954956,0.58658488215543,NA
"Lppos",47.6966221027034,-0.00252109923343609,0.0444868900331378,0.322241131039215,NA
"Il1rap",39.6931930263351,-0.00100966668432325,0.0366058332493691,0.641647290941049,NA
"Wdr53",68.9368120994365,0.000350102748529817,0.0283455591930331,0.847622003849632,NA
"Dynlt2b",30.6979016230313,-0.00206601199395874,0.0452071572959522,0.404058985014264,NA
"Tnk2",38.6523250495952,0.00165284598275673,0.0403530436109118,0.477364159363417,NA
"Rubcn",38.4529351311316,0.0002103250371034,0.0345229628686766,0.919481575512892,NA
"Iqcg",27.2387338385688,0.00112003882147011,0.0408071509281343,0.621935217813274,NA
"Lmln",30.5082138391122,0.000666773169120154,0.0379550589958064,0.760219876016888,NA
"1700007L15Rik",34.409054005812,-0.00181760180071881,0.0424349208102042,0.447615235373474,NA
"Ccdc14",58.1281468726143,0.000837006847135607,0.0317541679847385,0.672217334781484,NA
"Pdia5",21.8563141697673,-0.000941815032900529,0.0425258927601406,0.676600945459883,NA
"Slc49a4",23.9635313730631,0.00144379063851226,0.0436439308649292,0.537433297715654,NA
"Hspbap1",44.1760839107952,-0.00085203519656959,0.0351838430055372,0.687274006164227,NA
"Gm15564",24.5171646232901,0.00126268582211254,0.0426878140296832,0.584116009266113,NA
"Cd86",40.6448387683902,4.054797256723e-05,0.0339919805124772,0.984314176336792,NA
"Gm56626",14.2471861871012,0.000377978997499292,0.044867235358041,0.861136526190599,NA
"Eaf2",26.8788832340501,0.000245096857723528,0.0393001099158944,0.910747247214319,NA
"Iqcb1",64.7212428229905,0.00224907427360261,0.0396439217517458,0.33903870625677,NA
"Gtf2e1",71.0669045691762,0.000894613768112857,0.0301655426569111,0.63786912100128,NA
"Rabl3",49.3768744775703,-6.67944839738578e-05,0.03198869253104,0.973206151540213,NA
"Ndufb4",57.5371403422492,0.000331536649182713,0.0303155990653714,0.862677347114265,NA
"Cd80",16.3852073742613,-0.000403389765003496,0.0440959564241025,0.85319894808161,NA
"Arhgap31",37.5405437715787,7.75039942037376e-05,0.0345747296237021,0.970296380897854,NA
"B4galt4",49.3513362596871,-0.00345330410447381,0.050323422961737,0.226344689559494,NA
"Zdhhc23",24.7497387016252,-3.44878848216103e-05,0.0392382359108502,0.987391295588682,NA
"Nepro",44.7186053059304,0.00070637745154102,0.0343570178406993,0.73460167178736,NA
"Cd200r1",22.6215058933179,0.00289042995392002,0.053988504571892,0.276388379604123,NA
"Slc35a5",46.5226034010708,0.00134623685524011,0.0366748860369431,0.538488035518648,NA
"Phldb2",14.7784432445272,0.00107644577689319,0.0463436052035532,0.629265102650421,NA
"Ahcyl",34.8984233338801,-0.00187139254219936,0.0435390781342082,0.439320269277952,NA
"Gm15518",38.8720281207775,-0.00355155132861204,0.0533932114703736,0.223536098094548,NA
"Gm4633",16.1802689143844,-0.000729609608299854,0.0443793148449183,0.741420983223613,NA
"Zbtb11os1",18.3984194727133,0.000320935008008146,0.0425140889424924,0.883788905297603,NA
"Dcbld2",14.9518754471067,0.000291629827787741,0.0445448810552567,0.892723129068266,NA
"St3gal6",44.7924255486829,-0.00156912172356639,0.0384388348825415,0.487988456530847,NA
"Crybg3",35.8079207609475,-0.00267298728898502,0.0479464883901245,0.311246999937532,NA
"Arl6",20.2904320257086,-0.000847912266082349,0.042787205653124,0.705604751295682,NA
"Nsun3",67.0537556873884,0.000885234444343326,0.0311256907890165,0.649552583547488,NA
"Rwdd2b",31.6367350892757,-0.000580459897564329,0.0373081720794511,0.788737197762045,NA
"B130034C11Rik",31.8840750349889,0.00113484333052589,0.0394170522031396,0.614078769164873,NA
"Bach1",56.9801789787003,0.000481250613169901,0.0307614711276409,0.803683835129071,NA
"Urb1",63.5607229105531,0.000515616740020451,0.0296738070321883,0.784411774680788,NA
"Gm49625",63.7624557146136,-0.00342178915565598,0.0479872546538869,0.21953446068863,NA
"A930006K02Rik",31.8521999968635,0.000659623259484994,0.0375200331880936,0.761678195992319,NA
"Tmem50b",45.5581667347069,-0.00150877902995192,0.0380455888280151,0.501618866277152,NA
"Gm10785",29.00685578507,0.000122311506362685,0.0375695966792468,0.954801165437719,NA
"Slc5a3",24.2137212921849,-7.8998741880693e-05,0.0401807329079683,0.971230137490011,NA
"Rcan1",23.4706458324905,-4.2893536256346e-05,0.0397720054195626,0.984354653604419,NA
"Setd4",49.9020692371047,0.000868115838117662,0.0336881341498664,0.673637846951125,NA
"Cbr1",54.2269949825835,-0.000780633548695188,0.0323243636512633,0.696856608621638,NA
"Ets2",63.2350626273605,0.000541816595086388,0.0297431988019751,0.774089831862647,NA
"Get1",16.4038217801062,0.00011075789688298,0.0435066930567465,0.959396257573478,NA
"Prdm15",37.4408454780136,0.000658877030314617,0.0358827107218012,0.757310722338142,NA
"C2cd2",29.0325600017632,0.000340951712953366,0.037843295227197,0.87502702718846,NA
"Zbtb21",52.0286891250742,0.00118730495647953,0.0347933571682582,0.573854709833069,NA
"Tfb1m",70.4574788185876,0.000662018249454998,0.029636759254037,0.724755701854154,NA
"Zdhhc14",38.824339606888,0.00366680447487107,0.0537620744108407,0.214567894723509,NA
"Synj2",35.1395852822924,0.00139296623833217,0.0398902353501359,0.542453059175314,NA
"Serac1",19.7403799702222,0.00023647853114896,0.0418564610691784,0.914232057290626,NA
"Dynlt1a",30.9602534283467,0.00142154344200996,0.0411167325021251,0.539026934086582,NA
"Dynlt1b",20.9734830723412,-0.00024882230275574,0.0409553773447573,0.9098354605377,NA
"Dynlt1c",32.5916582274798,0.00108841561287212,0.0388570640338076,0.626195882917573,NA
"Sytl3",26.7735274577588,0.00074569378657043,0.0401578679843875,0.737496808060651,NA
"Rsph3b",23.0208854026894,0.00165731560364374,0.0451398705996372,0.487043045069901,NA
"Tagap1",37.7735955720546,0.00058070584476574,0.0354271662968083,0.783742528920384,NA
"Rnaset2b",16.8011106469991,0.000123287192892147,0.0429877530756074,0.954964235738425,NA
"Tagap",56.1009570961833,-0.0031624475994914,0.0490258078561177,0.25299480610932,NA
"Rsph3a",24.4812088990089,-0.00110963545340756,0.041921728539663,0.626490495595468,NA
"Sft2d1",54.9152400548646,-0.00120362350559294,0.0342855033522647,0.564755740497944,NA
"1700010I14Rik",32.8778252223848,-0.000473359807357733,0.0367763480546478,0.825698893139084,NA
"Acat2",61.6570625561851,-9.01670576581883e-05,0.0291524073525503,0.961415997443515,NA
"1600012H06Rik",25.0811864320164,-0.00134945914963978,0.0434487965031296,0.561373400770884,NA
"Dynlt2a2",33.1517732735994,-0.000959577758268739,0.03854389144508,0.665154240679779,NA
"Ermard",57.6237367370452,-0.000105917612913885,0.0298369447128347,0.955447675068038,NA
"Prdm9",23.9220124245331,-0.000394073161806723,0.0398240378655511,0.857677526466655,NA
"Gm6712",68.1947281183613,0.00192664391561088,0.0371699490114921,0.387844536408024,NA
"Zfp677",20.6525324239898,-0.00018031263024193,0.041213945608046,0.934535364911096,NA
"Zfp54",24.6001149305391,-0.000803008104008509,0.0414999307562504,0.719940925602611,NA
"Zfp51",44.733074132813,-0.000120565006776358,0.03264446231873,0.952272666568116,NA
"Zfp52",28.2672022794026,0.000877767235604181,0.0398286537983636,0.6942264662766,NA
"Zfp983",67.5903078764664,-0.00113328229404998,0.0319295758097666,0.567606250839836,NA
"Gm10509",28.773384576023,-3.63468458501915e-05,0.0378678086725169,0.986591843644832,NA
"Zfp760",37.7356221122703,0.00451337563127577,0.0594859200844834,0.163794027770441,NA
"Zfp995",42.2478700590668,0.000233653530915308,0.0335063590779085,0.909103667205341,NA
"Zfp943",24.5573375774362,0.000342284852842551,0.0398748266584779,0.876110179220008,NA
"Zfp994",33.2506179777569,-0.00107309894442759,0.038780863092005,0.630603766815806,NA
"Gm7072",66.7832216654616,-0.0012226580211028,0.032529853032172,0.543087879039903,NA
"Zfp944",46.0232574161077,7.19474766187524e-05,0.0324259871119295,0.971387515142742,NA
"Zfp758",30.78113437737,-0.000597680314374072,0.0377843338544667,0.783714629540861,NA
"Zfp946",15.9252390676064,0.00085215400810636,0.0450390748224441,0.700746716346269,NA
"Zfp945",56.4512660629439,0.00110929612756026,0.0334599831088817,0.589136642096296,NA
"Zfp213",18.1143644717888,-0.00185989084134808,0.0484560649820979,0.437906043950247,NA
"Pkmyt1",70.3392960836501,-0.000214976343577346,0.0280049114566246,0.905283407736158,NA
"Flywch1",67.8849902522456,-0.00046517633156505,0.0288181265379733,0.800795268804368,NA
"Prss41",13.2846091821698,-0.000148182321084852,0.0450921138657818,0.944827182196157,NA
"Amdhd2",34.0260826498273,0.000740014359446564,0.0371405996715308,0.733107067460264,NA
"Tedc2",20.0306925440894,0.00020894105521821,0.041404756543253,0.924195225968562,NA
"Abca3",52.8321581070009,0.00179673902012735,0.0383196156553618,0.429289424827305,NA
"D330041H03Rik",53.3579382739163,5.3876146912838e-05,0.0307136719011639,0.977790666926635,NA
"Eci1",29.958776467248,0.000655366585856548,0.0384187268833355,0.765070589834634,NA
"E4f1",59.9809197259429,-3.67349932855077e-05,0.0297399011551335,0.98450542025222,NA
"Mlst8",25.1081422951863,0.000522834028880118,0.0395986918394953,0.812344578548092,NA
"Rab26os",27.5087395106116,0.00428240932706625,0.0605072027833126,0.171353657218344,NA
"Pkd1",29.0383621317973,0.000285457782605821,0.0377671837492765,0.89509262826266,NA
"Tsc2",29.3083744725065,-0.000898031772183593,0.0394780671015226,0.68708795015758,NA
"Nthl1",33.4026365182557,0.000845991861310117,0.0381329579633867,0.700557641236531,NA
"Zfp598",65.8891048788243,-0.000586713909123903,0.0294437251283874,0.753993191594037,NA
"Tbl3",59.3586456652061,0.000340788300426022,0.0298970302807523,0.857460867697234,NA
"Hagh",55.725958177783,-0.000960970065718107,0.033132132579563,0.637438890554212,NA
"Fahd1",18.2373654545379,0.000548298776263465,0.0428563306071969,0.804041879279632,NA
"Spsb3",31.0689369001875,0.000394282872010192,0.0371766931181979,0.854897442827311,NA
"Ift140",55.7645035287558,3.96335294547573e-06,0.0301916641907367,0.998346210910711,NA
"Telo2",35.5688213454155,-0.00117675800094991,0.0384815486711997,0.598224798447805,NA
"Clcn7",37.8272324477013,0.00503480281873672,0.0628533315375132,0.140866346368434,NA
"Gnptg",54.7224702392774,-0.000848543526571602,0.0325153307491494,0.673234945125008,NA
"Lmf1",32.0145919952537,-0.00141674121573724,0.0409140103806333,0.539687264186363,NA
"Chtf18",35.8852215996393,-0.00123519029938126,0.0392855717338978,0.584261901701653,NA
"Ciao3",44.771735183195,-0.000238067177257171,0.0330391309232032,0.906624834234951,NA
"Haghl",30.6576490038136,-0.00125541176158883,0.040402143672459,0.582152362606153,NA
"Wdr24",17.4659018035515,0.00038353986740027,0.0429069000549823,0.86134701728569,NA
"Jmjd8",15.4745668242578,-0.000483062984690657,0.0442043187078122,0.825031139202226,NA
"Rhot2",46.9388029654334,-0.000779046258241743,0.0338355551739886,0.706071659091156,NA
"Wdr90",16.9263178822062,0.000369799645328083,0.0433425143654845,0.865895131215245,NA
"Mcrip2",23.9656366983771,0.000917376645670614,0.0416913546167668,0.683961999574432,NA
"Pigq",68.3697732412784,-0.000330099417451493,0.0289352335063614,0.858501156376745,NA
"Rab11fip3",33.5740430605928,6.63446216865708e-05,0.0359079044923413,0.975032198680223,NA
"Decr2",32.0001085749653,-0.00167614860862286,0.042281451747106,0.479280168529671,NA
"Nme4",27.03213882762,0.00267583717297679,0.0507877362704284,0.310540969388517,NA
"Pgap6",14.8959023545296,0.00105906971924001,0.0460996399666022,0.635218986805723,NA
"Phf1",23.1225150980194,-0.00117798286786343,0.0428954717480065,0.607517464959547,NA
"Zbtb9",27.9413031798544,-0.000654705157158261,0.0392459766379342,0.766684592852284,NA
"Itpr3",67.6680360484686,0.00280071387949076,0.0432180848301672,0.270132024599516,NA
"Lemd2",56.6000429132889,-0.0002899800767912,0.0302287057324371,0.879518165163319,NA
"Gm10505",33.5110807559687,-0.0030311983812553,0.0510685614195019,0.270995545103445,NA
"Hmga1",39.0390874687773,0.000837861665196315,0.0359164609259845,0.695428971479864,NA
"Pacsin1",20.5451802636974,0.00345972756024796,0.0574530509328059,0.218975103477484,NA
"Uhrf1bp1",31.882649464963,-0.00169261201572187,0.0423999970495735,0.475792524294434,NA
"Zfp523",23.9339711109363,0.000337362425313985,0.0397766364779313,0.877819786750117,NA
"Ppard",55.4571752043183,-0.00129339675953461,0.0357724740629931,0.547980344200597,NA
"Fance",54.8273919241621,-0.000832984626381155,0.0324958526575302,0.678760681735956,NA
"E230001N04Rik",30.7842818090465,0.00176886144315679,0.0430781617023929,0.460333733959932,NA
"Brpf3",49.1992753445267,0.000891373562046488,0.0338074173074445,0.666192526428466,NA
"Gm16196",16.5863334194388,0.000794702484834648,0.0443945615620425,0.720402314517844,NA
"Trp53cor1",44.7923245321092,0.00032554994693666,0.033016253204891,0.872546512200281,NA
"Gm26885",17.2857992881247,-6.49285036751621e-05,0.0430025184163973,0.976260078320161,NA
"Ccdc167",60.8433060323329,-0.000958005316942027,0.0322631276592169,0.6320340846937,NA
"1700097N02Rik",40.8896833458892,0.00543314188758539,0.064727766371297,0.127101028645745,NA
"Wdr4",69.7604434253096,2.61083776327476e-05,0.02822807015864,0.988548061965795,NA
"Sik1",42.5063004189401,0.00267030111823898,0.0464815024800945,0.307702806836727,NA
"Gm26549",22.6107842599858,0.00130533455082326,0.0434637499726342,0.572923664914993,NA
"Wiz",54.2129959531024,-0.0021079412069944,0.0402939756972412,0.373369616978026,NA
"A530088E08Rik",19.1242478724487,-0.000263910636786364,0.0421746374416581,0.904307831812801,NA
"Zfp799",48.3174570772219,0.00142950807618458,0.0367879611148922,0.515195662005641,NA
"Cyp4f13",32.2323213794394,0.00109050368876458,0.0392783234765254,0.626920183880734,NA
"Cyp4f41-ps",14.4729092709435,0.000532424330116919,0.0449600068840517,0.806491933617377,NA
"Zfp472",56.2862617408575,-0.000272978731080929,0.0303079366295998,0.886749421246882,NA
"Zfp952",54.5810869983725,0.000756252497377898,0.0320619047145594,0.704270670247913,NA
"Zfp763",23.477236569696,0.000399117507492436,0.0400852112152423,0.856030585834482,NA
"Zfp563",19.0605119718313,-0.000711242103157849,0.0428789976587347,0.749434802719565,NA
"Zfp955a",46.3326328417194,-0.000111670250476771,0.0335309643673239,0.956489854644692,NA
"Zfp81",59.5281061229427,0.000447148048772158,0.0301440124761234,0.814703102719048,NA
"Zfp101",69.2691134192353,-0.000433799712229497,0.0288442545207215,0.814163258812214,NA
"Adamts10",56.2651226011274,-8.522959786028e-05,0.030103205188939,0.96437230830092,NA
"Myo1f",18.2472984806987,0.00162407810915316,0.0469486263798682,0.490801232923215,NA
"Zfp414",62.5869109335835,0.000168311694782957,0.0290991879878768,0.927934966785195,NA
"Gm17251",26.8985901350878,0.000798479879613569,0.0397011004273526,0.71956981057109,NA
"Angptl4",21.3033539167322,0.000346627214333761,0.0409778457764159,0.874887058623347,NA
"Cd320",33.2607609618043,-0.000341260653918227,0.0363537549346063,0.873013814141114,NA
"BC051226",35.3647217921106,-0.00382555561374161,0.0555966593205031,0.20353379313236,NA
"Zbtb22",22.6525487829675,7.4456676614579e-05,0.0400363977229188,0.97287216432368,NA
"Rgl2",22.7018808389385,0.000971463990250631,0.0420023315286493,0.667518009354352,NA
"B3galt4",24.3844045379293,-0.000197652468185031,0.0397373613451385,0.928068291780497,NA
"Vps52",45.3043449931012,-0.00127530034959058,0.0366632007947109,0.559417322381351,NA
"Ring1",62.565648169705,-0.00174782406682882,0.0365747502442235,0.426867347836491,NA
"Rxrb",66.7772033266467,0.00139535627156218,0.0337225679232481,0.499414209900907,NA
"Col11a2",12.6789238670355,0.000797891253051324,0.046600950640145,0.712275629876248,NA
"H2-Oa",23.4000153960759,-0.00133794924405654,0.0433931089077307,0.564360388331787,NA
"H2-Ab1",45.0963533600252,-0.00242242933760471,0.0443617759190377,0.338051690059006,NA
"Pbx2",61.590092890153,9.52609487082133e-05,0.0290753320654231,0.95915711695956,NA
"Agpat1",69.3370451982155,-0.000376102439162756,0.028857726949359,0.838652971923691,NA
"Ppt2",24.7523284177466,-0.00193041757908336,0.0463857069469706,0.430095646116429,NA
"Dxo",31.9063280214138,-0.00158774998330891,0.0418321798176927,0.499061810983112,NA
"Neu1",71.2320312593383,-0.00033220536258148,0.0279366241567858,0.853700086989145,NA
"D17H6S53E",15.9024287833987,0.000924864513396056,0.0452055990654198,0.67787489787262,NA
"Lst1",52.5803180665609,-0.000438982486069009,0.0314249516539371,0.823263361909069,NA
"Atp6v1g2",32.8948333765584,-0.000657143433238099,0.0372873483461605,0.761964039235518,NA
"H2-Q5",39.0310858443815,-0.00105337453342395,0.0370079716620272,0.629589283868978,NA
"H2-Q10",29.1759181857374,-0.00178272400487771,0.0437813531637045,0.458794884125656,NA
"Cchcr1",48.505213459376,0.00063379643180588,0.0329779442053779,0.754919417367765,NA
"Vars2",20.2887248468935,0.000620190494870292,0.0421396092426788,0.780041166289707,NA
"Ier3",46.7579264362409,-0.000134848760194657,0.0321887236664767,0.946155087868615,NA
"Flot1",68.248023905006,-0.000438066537587276,0.0285932683444725,0.811101292700922,NA
"2310061I04Rik",65.6791609102537,0.00192938213606936,0.0373203107623808,0.388610172506407,NA
"Prr3",55.667944742128,-0.000987210434350362,0.0329664277070366,0.627076824751151,NA
"Gm6034",39.8683110562276,-0.000945663984224101,0.0370650210594589,0.664369014072323,NA
"Gm11127",22.1182385523425,-0.00145270035018289,0.0445206784916331,0.535048297678489,NA
"H2-T10",66.8106913745396,-0.000732226029797743,0.0303926661331606,0.702292085337523,NA
"Gm8909",15.7812728686764,0.000662201452304672,0.0445882669625085,0.763202023430093,NA
"Trim39",38.1261970355816,0.00108237695169333,0.0373996190234098,0.622286760111204,NA
"Polr1has",34.0231887173419,0.000439019601116495,0.0361691793196254,0.836925781804546,NA
"Gabbr1",33.9277076536417,-0.00136914306639106,0.0401460516690475,0.549882160277255,NA
"Or2h2b-ps1",42.8193567997932,-0.0231942577395184,0.147230815363071,0.0111571573941706,NA
"Ubd",50.315286533056,-0.0785425324639151,0.283728220456536,0.00141374451269639,NA
"Slc25a27",17.6513287268716,-0.000645897379607311,0.0441387922157538,0.769499951559382,NA
"Enpp4",66.9868221451236,8.95360411714042e-05,0.0281435966198479,0.960646476877579,NA
"Runx2",28.3152680060613,-0.000433124925932214,0.0389389352569126,0.843169648073351,NA
"B230354K17Rik",41.7224151316749,-0.000121716822337529,0.0338035479803155,0.952798419804434,NA
"Nfkbie",64.9068419960147,-0.00800828200522042,0.0755658119729208,0.0742466014858165,NA
"Tmem63b",31.5779477292849,-0.000231120668135874,0.037024038250238,0.914334085593851,NA
"Vegfa",57.8207971966748,0.000797755969720698,0.0317216045105531,0.686575956107255,NA
"Tjap1",50.1701208998078,-0.000785319728304753,0.0334091784746443,0.701529059135632,NA
"Abcc10",16.894731959837,-0.000936294061893241,0.0448125947482025,0.675448960451603,NA
"Zfp318",70.2335857021644,0.000276936574722526,0.0282460238742945,0.878931409165127,NA
"Cul9",33.8884825473806,9.55858159090137e-05,0.0357591384703322,0.96396964643454,NA
"Srf",37.4781752168472,-0.000219321431002649,0.035181465009082,0.916857359636559,NA
"Klhdc3",52.2610600036189,-0.00328728021336393,0.0492197231414929,0.239774557189583,NA
"Pex6",35.9895285114719,0.000612834045094679,0.0359695572085091,0.773881767120766,NA
"Taf8",47.8006834400842,0.00127497397123434,0.0360566628809203,0.555552407907445,NA
"Usp49",41.0842253225276,0.00110014338736268,0.0366256625131299,0.612946905910733,NA
"Tfeb",47.5056825828778,-0.000349664816095706,0.0326970627543513,0.862388596916149,NA
"Unc5cl",24.5703887590322,0.00132770866185181,0.0427640402788887,0.56675387332939,NA
"Gm20098",44.7801202712543,0.00226115950018695,0.0430824868830211,0.360442764318477,NA
"Pot1b",37.5888047732885,-0.00204240776796776,0.0431980996397859,0.403128792535602,NA
"Zfp119a",30.6496406213215,0.000366352621255135,0.0371705623985203,0.865011315828987,NA
"Zfp959",50.6955759166294,-0.000932001582455585,0.033644954604577,0.65101045995234,NA
"Zfp119b",30.0867326592901,-1.51736483619044e-05,0.037028156348189,0.994359413060818,NA
"Ebi3",26.5294355425235,-0.00276056732055556,0.0513496939263253,0.299672969934235,NA
"Yju2",70.9640152132004,-0.000633026099559423,0.0288623436924824,0.731087060415129,NA
"Tnfaip8l1",56.9891935226471,0.00165708018962326,0.0367772844661565,0.452449705416339,NA
"Fem1a",58.5422197601607,0.000548754381504107,0.0305314842616894,0.775577661211041,NA
"Plin3",65.9672525488274,0.00257149946908407,0.0417322524707504,0.295985807024069,NA
"Kdm4b",31.9696297411948,-0.000960951504576266,0.038648519890104,0.665034405234049,NA
"Ptprs",60.6514265893615,0.00425305981637659,0.0538762777503666,0.170948664023406,NA
"Dus3l",47.9806477379569,-0.00233709476671133,0.0430074705948148,0.346095764456828,NA
"Mllt1",51.8673962011135,0.000986952368407909,0.0340129333971015,0.634495796651982,NA
"Slc25a23",16.2828251060974,0.000476648811627839,0.0437051537124551,0.827939773703393,NA
"Gm56907",25.0569438196866,0.000323851691813349,0.039226860649908,0.882348092189577,NA
"Gm11110",30.9771673240429,-0.000249003572277082,0.0368557266811388,0.907588840688256,NA
"Gpr108",70.8128649449446,-0.00163715487333021,0.0349437958134855,0.440777961503196,NA
"Trip10",32.3838618694549,-0.000739473536212308,0.0376030508891057,0.734600470194043,NA
"Twsg1",52.3643540853303,-0.00111101158599927,0.0342372708288665,0.594496382731694,NA
"Washc1",62.2006035395377,-0.00106470390432125,0.0322987319870631,0.594728823863445,NA
"Zbtb14",57.947639542022,0.00217639480250722,0.0400701028851986,0.357406112164326,NA
"C030034I22Rik",32.426393648106,0.000756617646205137,0.0375804997059226,0.728743144722395,NA
"Tgif1",34.917160946101,-0.000193201098595009,0.0354687695794792,0.927005732701754,NA
"Emilin2",34.8351358791623,-0.00453690470570807,0.0605784472300217,0.161649867032621,NA
"Trmt61b",68.7505742897128,-0.0010722465717956,0.0314677133101521,0.58457518921037,NA
"Ehd3",65.06276738855,-0.00483821721756542,0.0577656225218049,0.14585763703748,NA
"Slc30a6",71.0114876077389,-0.00266655600218923,0.0423146904982022,0.284570271606106,NA
"Cdc42ep3",23.0698047187557,-0.000730284886161749,0.0410237337925473,0.743320864808099,NA
"Galm",17.5612739259388,-0.000244467834437761,0.0434420585235317,0.910755934809084,NA
"Map4k3",49.7694323581201,0.0016933181172099,0.0383291152966936,0.455146306676501,NA
"Thumpd2",57.2400128082267,0.000439663519853241,0.0304624132050628,0.819125248014949,NA
"Prepl",30.6428403440017,0.00117582437302855,0.0399862110047875,0.603738159364533,NA
"Camkmt",48.9314042740393,0.00136222708848917,0.0363201644601165,0.531348589320878,NA
"Socs5",66.796171830484,0.000523244167387244,0.0291920886411075,0.778592894557931,NA
"Mcfd2",46.0398461617102,0.000268126988121093,0.0324674538700526,0.8937738356565,NA
"Gm10184",15.886194553561,0.000535297568557444,0.0441424831313056,0.807025082832569,NA
"Mettl4",69.1152287875502,8.37725444695497e-05,0.0278346117409725,0.96286059237779,NA
"Gm20939",24.4445085266331,-2.44007269914494e-05,0.0392674046654931,0.99108008562876,NA
"4833419F23Rik",49.2876003590697,-0.00419653568489952,0.0554149103740695,0.17875803522875,NA
"Zfp438",54.3623886537126,0.00138158692404633,0.0372701049987073,0.532126903800621,NA
"Mpp7",68.6420353757501,-0.000718087885276693,0.0297358198334339,0.703055416235395,NA
"Gm9993",38.0277571465895,-0.000486923111397707,0.0350591708231057,0.816817200463159,NA
"Rmc1",62.7003690225018,-0.00105192138579002,0.0327614989920205,0.603032491746899,NA
"Npc1",34.3863379800817,-5.72106947326135e-05,0.0358498715468727,0.978452806731198,NA
"Osbpl1a",20.989297804178,0.00165777498585207,0.0460054268510868,0.485932535615207,NA
"Kctd1",14.6052712992351,-0.000510508469761867,0.0447973283593496,0.814437106486138,NA
"Mapre2",56.7453551066028,0.00106834167656365,0.0333783457913531,0.602299168384003,NA
"Zfp35",35.8976143774491,0.000314103804941295,0.0356117708426593,0.881924527031265,NA
"Tpgs2",57.6993664312594,0.000530302638712132,0.0310289601529673,0.785412639828465,NA
"Gm49980",42.3318915100067,0.000791343677131251,0.0349001660744028,0.706955444554113,NA
"Gm26533",19.1005190165973,0.00202110712325117,0.0487272048383511,0.408519607536531,NA
"Sft2d3",33.8723279826146,-0.000310490163851944,0.0360674044729584,0.883944265269367,NA
"Ercc3",66.7042430136257,-0.000290737376202697,0.0284839270189287,0.873754656508056,NA
"Pkd2l2",16.9051787424761,0.000656597690985252,0.043857934182614,0.766381665591251,NA
"Cdc25c",54.5653665250131,0.000834206277893228,0.0324242542214803,0.677844918977869,NA
"Fam53c",27.1424788505327,-0.000221276508015599,0.0387009874047623,0.919092332065569,NA
"Dnajc18",48.0257042504933,-0.00124859528573555,0.0358525557733296,0.562201568625683,NA
"Smim33",32.9312085988405,0.000175839880414666,0.0362287128982494,0.934173730819609,NA
"Gm56496",31.0813004017561,-0.00075870747523988,0.0382684151168031,0.729818378232028,NA
"Eif4ebp3",30.2780199367842,0.00175253223920207,0.0432254403041745,0.464308477038718,NA
"Apbb3",22.3688772457065,-0.00136469047062267,0.0443203242210556,0.557159435134701,NA
"Slc35a4",62.2037149368768,0.00122197183265664,0.0331635038406668,0.549265206755896,NA
"Tmco6",42.2969632986822,-0.000152380909381726,0.0333508009659695,0.940472208441473,NA
"Wdr55",60.9772742228659,-0.000692309620124,0.0306868664598097,0.719862705663739,NA
"Hars2",60.3531484254359,0.000441976768602026,0.0299162170252546,0.815800381989948,NA
"1700086O06Rik",40.1271172833676,-0.000853488544549781,0.0357244600495957,0.689284100474166,NA
"Dele1",56.9846351143505,-0.000769005021576492,0.0318522614787701,0.698181039824526,NA
"Gm50410",27.5660070420991,-0.00200393393419398,0.0457452745989595,0.416271150274878,NA
"Trim36",14.536146097918,0.00170345806393983,0.0493285695024743,0.462096952304567,NA
"Eno1b",47.7657552287597,0.000424730536416849,0.0325147169873624,0.832690992440541,NA
"Dtwd2",40.0808237177602,-0.00158541548674754,0.0397081433013314,0.491030422022348,NA
"Ppic",19.0532629202694,-0.00143768655168019,0.045828768506092,0.536588498857521,NA
"Aldh7a1",18.9197435039785,1.28100839031516e-05,0.0419006621356034,0.995334891718535,NA
"C330018D20Rik",52.7460964024129,4.53356938657049e-05,0.0309252562129614,0.981398814474305,NA
"Slc12a2",43.0415652555464,0.000519587355457763,0.0342873058963711,0.802497847995292,NA
"Ndst1",60.7329220503434,-0.00156423266932326,0.0355569010072377,0.467080693983977,NA
"Cd74",36.1119278195892,-0.00375601420164649,0.0572842607848491,0.204878288718404,NA
"Slc26a2",43.2354422491619,0.000954195566916339,0.035374819384621,0.65364498158422,NA
"Pcyox1l",14.0861321689259,0.000647557069089673,0.0453580839501342,0.76621097842309,NA
"1500015A07Rik",21.363378329794,-0.000537626263322723,0.0416028310769949,0.808169293796802,NA
"Fech",52.2503529636924,-0.0022214006159376,0.0414800246066049,0.358572806986451,NA
"Pmaip1",39.0286632937129,0.0148477195430796,0.113492172913764,0.0258706956571044,NA
"Spire1",18.3017810210138,-0.00170591971642427,0.0474807358154527,0.471748007613387,NA
"Cep76",45.4723878055512,0.000347628545096766,0.0327346328438593,0.863278657515721,NA
"4930549G23Rik",35.904024522439,0.00269249489133657,0.0479920010456507,0.308672176172139,NA
"Gm26910",16.4173573525096,-0.00104879495664792,0.0453244869559374,0.640819570684911,NA
"Stard6",14.5273054775204,0.00171324204231946,0.0493085296618279,0.460363581130839,NA
"Elac1",29.2774615473293,-0.000709253739685061,0.0385287580498233,0.746998629047206,NA
"Ctif",16.0820825245834,-0.000101948199939376,0.04375538906201,0.962547716583601,NA
"Epg5",68.4122609714231,-0.000705979338786121,0.0295633903968664,0.706595132321125,NA
"Adnp2",57.7051537890282,0.000624368184313508,0.0309690204706611,0.748107983938436,NA
"Slc66a2",23.1563509035808,-0.000507968576910955,0.0406743474447292,0.818209584478039,NA
"Gm46620",15.8685929778373,5.46580553198745e-05,0.0439297313563858,0.97987823710371,NA
"Socs6",70.2628274828639,-3.41047088515014e-05,0.0276559406605823,0.98480029283511,NA
"Gm45871",46.1643364406486,-0.00451299605456973,0.0579956389089175,0.163496615051517,NA
"Ighmbp2",39.5089092259511,0.000276636094716757,0.0343819535775807,0.894032669820705,NA
"Lrp5",19.1737605206353,-0.00146227032662596,0.0457772997389014,0.530827980140515,NA
"1810055G02Rik",19.9177985110502,0.000791348891266058,0.0427452671920854,0.723574242463377,NA
"Chka",59.8313688618323,0.00303913400190503,0.0460439427802832,0.254681966573566,NA
"Tcirg1",47.2431288338448,-3.33833092310883e-05,0.0323895661397068,0.986712159780864,NA
"Nudt8",50.3444000231283,0.00055149826794157,0.0323610550748945,0.783260101461964,NA
"Gstp1",60.8644015413287,-0.00186635050445414,0.0378829004128207,0.408802820443706,NA
"Pitpnm1",42.4678057851402,0.000436320034407842,0.0337883078294635,0.832147528635719,NA
"Coro1b",39.7922765468481,-0.000140203381686891,0.034156362495612,0.945953331669206,NA
"Rps6kb2",36.0050101684757,-0.00071120597524301,0.0369464520076687,0.7423921649312,NA
"Carns1",20.5082263921305,0.00116805441758293,0.0437561254460704,0.609987490010978,NA
"Rad9a",57.7256639800728,0.00164594569519787,0.0365392075506749,0.453383049846016,NA
"Rbm4b",55.0532742487179,-0.000339007187356763,0.0308908864555571,0.861454446408926,NA
"Zdhhc24",61.7189173544382,-9.66941578707509e-05,0.0290432750666365,0.958508851993513,NA
"Dpp3",71.2727536759576,-0.00336597724803498,0.0469717461203244,0.220109984051477,NA
"Klc2",15.2229153007726,-0.000455600465762949,0.0444790934475034,0.834214905707582,NA
"Mus81",30.6124625268048,-0.000258129203795705,0.0375895918094414,0.904908151467287,NA
"Snx32",20.0538213097244,0.0018201211944398,0.0477934058824336,0.448045108818928,NA
"Kat5",52.1696381851427,-0.000269168390499546,0.0311384684889217,0.89040357777443,NA
"Pcnx3",60.6365450225741,0.00205501592903317,0.0390694933134772,0.375220006741335,NA
"Map3k11",20.1882885739003,0.00135943139708346,0.0447900725425445,0.557966007101832,NA
"Ehbp1l1",35.2082910750383,0.000395372764025993,0.0356668999041079,0.851918945582315,NA
"Scyl1",49.3294524718624,-0.000146351332881194,0.0315835206974044,0.940846612355763,NA
"Neat1",57.7109056196616,0.00219336102377593,0.0401883782251451,0.354847259177211,NA
"Slc25a45",49.6413529597018,0.00084439771750668,0.0341233283466735,0.684464360205938,NA
"D530017H19Rik",17.9350292120313,0.00100355177688036,0.0443125539931161,0.656393060413969,NA
"Syvn1",50.335964217896,-0.000755385606534083,0.032983397593391,0.710022194485043,NA
"Znhit2",69.8077058619614,-0.00179703981658728,0.035931915394478,0.407959654204858,NA
"Tm7sf2",19.1090264727322,-0.000681847844795399,0.0427489980793452,0.75920005197658,NA
"Vps51",50.1796705517349,-0.000771510431533696,0.0331698154844605,0.705190676458086,NA
"Zfpl1",66.9257916600368,-0.00208042182203346,0.0383348404106272,0.363217233435108,NA
"Cdca5",71.0472191090702,-0.000721582337474385,0.0292878420972277,0.69822647821419,NA
"Atg2a",27.450487258601,0.00158083505972696,0.043092118436257,0.503567307533803,NA
"Ehd1",41.6070680156531,-0.00367162571031107,0.0533950934288503,0.213798569576379,NA
"Men1",36.8150698876079,0.000448860913028539,0.0354905480312184,0.831869345423559,NA
"Gm14966",25.6159810534488,-0.00101998630962388,0.041033438743376,0.652015969379455,NA
"Rasgrp2",70.1402543406273,0.00235676224788232,0.040366739540436,0.3239186543677,NA
"Esrra",33.8606227954025,0.00102169352437657,0.0382249632924029,0.644559328440838,NA
"Gpr137",14.629767410756,0.000713599669403063,0.0451870779024076,0.744749447963114,NA
"Dnajc4",54.7028576861469,-0.00038494758408281,0.0308895421688783,0.842890558639831,NA
"Nudt22",30.6806185287349,-0.000698251595788756,0.0382100582115905,0.75004768196921,NA
"Macrod1",48.7750095913045,0.00536444883773122,0.0638460574952505,0.129638988491737,NA
"Spindoc",54.9749392284029,-5.41712177051029e-05,0.030701880394246,0.977663116399709,NA
"Taf6l",24.9858143096291,-0.000253026416681666,0.0392649004983507,0.907865825533118,NA
"Ints5",53.6210561682581,-0.00219125827516611,0.0410771634679585,0.361823860131206,NA
"Eml3",59.7559492149345,0.00091250077535672,0.032268612963225,0.64838589735037,NA
"Tut1",59.6890301766457,0.00148031674554758,0.0354218540803267,0.489804705326504,NA
"Gm50340",18.1145237125024,-0.0009753180198814,0.0441632756333833,0.665039654815428,NA
"Tmem216",38.9305699957463,-0.00122549656475964,0.0381233021283826,0.582200133653299,NA
"Tmem138",58.3834156251776,0.000450734415146242,0.0307113267197835,0.815709182977156,NA
"Cyb561a3",37.9486339368755,0.00107030486636832,0.037236742786369,0.625317924625062,NA
"Tkfc",18.6676578890866,-0.000517695132331681,0.0433209398453528,0.814140655356313,NA
"Vps37c",20.2853028928665,0.000295770611483759,0.042125082454829,0.892907376429112,NA
"Ms4a6d",48.7624931893462,-0.000375689512285161,0.0320538280206573,0.850392811135391,NA
"Cep78",71.3158867114683,0.00203883224581721,0.0374175701493305,0.363923974401069,NA
"Nmrk1",34.7236024339127,0.000567933889047929,0.0363891785866195,0.791001247415058,NA
"Cemip2",27.3918804908258,9.18107117685804e-05,0.0380616390705049,0.966197544553353,NA
"Trpm3",25.48759077,-0.00106121074811967,0.0416292491486174,0.640395682030978,NA
"Klf9",32.5494662817578,-0.00144269554046664,0.0407503213807232,0.532336186947495,NA
"Ptar1",66.9175880024936,-0.000353833939569009,0.0287891037519353,0.84783729580545,NA
"Gm10053",34.400567901179,-0.00194801848915059,0.043782524975446,0.42407154556959,NA
"Plpp6",30.1569503558001,-0.00185123488954168,0.043951905516636,0.444481160841475,NA
"Pdcd1lg2",45.026077021603,-0.00817434382268804,0.0803817522078321,0.0699468819140888,NA
"Ermp1",45.1654215932751,0.000198210698496969,0.0332393178983797,0.922474484100934,NA
"Ranbp6",27.6309799063578,-0.00119128162690753,0.041314122934505,0.60231722134153,NA
"Asah2",52.5193457161842,-0.000420174153689143,0.0318995474076416,0.832405375429722,NA
"Lipo3",18.0601275059255,-0.00211598988951111,0.0498915180053691,0.388038222366484,NA
"Ifit1bl1",45.3189294299633,-0.00395504522132911,0.0544893020484709,0.193794062095006,NA
"Ifit3b",43.70773853025,0.000468774381797436,0.0340444778835811,0.820681859186977,NA
"Pank1",18.9187453566928,0.000864080156157683,0.0436041984934118,0.699821982090458,NA
"Slc35g1",60.2666819056825,0.000144770431952437,0.0297184327750056,0.938952610326467,NA
"Tbc1d12",43.0913817917544,-0.000271889168920182,0.0335233744781923,0.89435607338396,NA
"Sorbs1",36.878292031747,0.000261173867713386,0.0349942320662871,0.900829206131037,NA
"Ccnj",14.3739053260724,-7.85050400903389e-05,0.0444652460706226,0.970952770384486,NA
"Rrp12",48.0879722064234,0.0022675736136652,0.0424893556802524,0.355984323643745,NA
"Zdhhc16",57.632099635302,-0.00122216222521917,0.0339662321490156,0.556200687991855,NA
"Ubtd1",61.0050476411059,0.000582563992694107,0.0302092956393721,0.760281385586764,NA
"Avpi1",47.2454372695195,0.0063744715235695,0.0694385494515444,0.101926861216133,NA
"Marveld1",23.0512992542238,0.00203722984808816,0.0474491799795174,0.4092730335682,NA
"Zfyve27",40.6973685554384,0.00116427655565822,0.0370418778218565,0.595224276619014,NA
"Hps1",59.9681220435379,0.0010388565114162,0.0324399482616736,0.604928446985167,NA
"Entpd7",43.1089183852419,0.000516436400574875,0.0337450014998859,0.801875906686654,NA
"Cox15",36.5793844119339,-0.00228619943949069,0.0449156137140016,0.363628314447864,NA
"Cutc",44.7861390278415,-0.000463734507300399,0.0333348367259893,0.820384238635469,NA
"Dnmbp",41.7553537170945,-0.000178186587127584,0.033513910201005,0.930615989136404,NA
"Erlin1",53.9000469291469,-0.000242242619887756,0.0308314161102184,0.900636291351814,NA
"Scd1",13.9654753278464,-0.000167030725375576,0.0447019808644339,0.938146921037609,NA
"Hif1an",49.5407863938937,0.000901044497676895,0.0337115990119649,0.662225623578717,NA
"Twnk",34.5132813420026,-0.000707526033323872,0.0367671125139771,0.743123924803641,NA
"Lzts2",20.4946908197271,0.00240767378545572,0.0506544916180613,0.343717045354869,NA
"Sfxn3",18.1232993506639,0.00039678532447113,0.0426803024353612,0.856806735731326,NA
"Btrc",54.3726470088267,-0.000117406490806814,0.0305929020344578,0.951490835282514,NA
"Gm15491",12.2693217979747,-0.00023603656737043,0.0458094152798021,0.911443279235366,NA
"Hps6",15.2943993265948,0.000266736699188113,0.0440606501944478,0.902236715870726,NA
"4833438C02Rik",33.9081961170848,-0.00345177349513475,0.053457305563045,0.231727975449426,NA
"Fbxl15",21.6946018372354,-0.00106526920516619,0.042971445382265,0.639674968503531,NA
"Mfsd13a",16.1182188410802,0.000188766873245335,0.0434154716128727,0.930971329909003,NA
"Sufu",65.2016626787778,-0.000325127232206906,0.0288403093861436,0.860267757030172,NA
"Sfxn2",28.2732939429652,0.00151903042684269,0.0424729780099239,0.517482143768361,NA
"Borcs7",65.0749288569712,-0.000621370998648483,0.0298912386631948,0.742784629747788,NA
"Cnnm2",18.9895417024875,-0.000755229426136788,0.0430054227977592,0.735015174882046,NA
"Calhm2",39.4448042161632,-0.00132276266884239,0.0386445913631264,0.556504928505711,NA
"Cfap43",22.2057325850526,-0.000130405425683465,0.0403108880411438,0.952557410844168,NA
"Itprip",26.4062979266356,0.000709122939033332,0.0395843416644687,0.748870581694064,NA
"Mirt1",28.3192836205511,0.00268895820904283,0.0508844180102468,0.308804120644807,NA
"Gpam",26.4598618953069,-0.000335438915725927,0.0390585950195741,0.878082109125039,NA
"B230217O12Rik",27.058906173835,0.000517029605809978,0.0393446386947848,0.814114297424497,NA
"Usp27x",35.1689930618018,-0.00178380276494916,0.0420938887530183,0.453940937431863,NA
"2010204K13Rik",61.280551644591,0.00161031127581828,0.0358062977311122,0.456540875529168,NA
"Ppp1r3f",23.8498700843545,-0.00107507349418827,0.0420299998655485,0.63663781832069,NA
"Ccdc22",29.1216309204735,8.79179285239401e-05,0.0374377183380581,0.967459043982756,NA
"Prickle3",28.1776683213869,-2.5830451636509e-06,0.0379211803351828,0.999047466006783,NA
"Wdr45",42.4309168063798,-0.000580770343263048,0.0344546417875498,0.78052545989975,NA
"Praf2",44.562535862719,0.000600421618650016,0.0338786012144924,0.771161397356009,NA
"Slc35a2",41.1014937339885,-0.000459920396492715,0.0341615622388229,0.82433987473108,NA
"Hdac6",49.6026558749823,0.00169154763648714,0.0383138388099359,0.455486642339669,NA
"Wdr13",29.3206663231724,0.00216212938147325,0.0459345288236395,0.387635857460914,NA
"Tbc1d25",17.3959443643289,0.000372869274084034,0.0429717309356372,0.865081425327115,NA
"Ftsj1",54.9081146274511,0.000601142957813316,0.0313918448943804,0.7594802266428,NA
"Dynlt3",70.451003363019,-0.00121715326257891,0.0320472948676827,0.540151823768224,NA
"Rpgr",25.871329381654,-0.000841886864727389,0.0403275424408492,0.706468910065806,NA
"4930500G05Rik",11.7117964679765,0.00101301999606474,0.0478652346580117,0.639084951016204,NA
"Cask",32.8454003934435,-7.85032196309873e-05,0.0370708074728064,0.970839589169753,NA
"Gpr34",29.5886530036392,0.000398537675380975,0.0382347719369773,0.854737372898396,NA
"Slc9a7",14.3507405260999,0.000378298881802336,0.0447620541373443,0.861190071836314,NA
"Rp2",59.8478700176238,-0.000526548004718424,0.0302819236678519,0.783181268102004,NA
"Jade3",43.4859509780536,0.00288370177642147,0.0478429139972636,0.282977583029095,NA
"Cdk16",55.5407412123495,-0.000190829604184096,0.0309139329846045,0.921796371200291,NA
"A230072C01Rik",20.2579275316957,-0.000296878336768138,0.0419621743624503,0.892550740191469,NA
"Akap17b",26.9849623963638,-0.000465196770513974,0.0387397256723058,0.831623054760419,NA
"Nkrf",49.0304732011466,0.00092861268926887,0.0340684734402887,0.654849585396375,NA
"Rnf113a1",35.9606772808745,-0.0002627696912198,0.0354800489581136,0.900898267917572,NA
"Zbtb33",47.9105389827599,0.000954241533418686,0.0342752003853743,0.647323100495272,NA
"C1galt1c1",50.2987647718774,0.000182075184535631,0.0314351525495081,0.926214320789628,NA
"Ocrl",63.6610145362384,0.000704042422669624,0.0304070460688237,0.713404841139302,NA
"Zdhhc9",18.4546820988189,0.000516217764359047,0.0426881280754076,0.815166705627383,NA
"Bcorl1",40.0837465981444,-0.00096598916231208,0.036742126961281,0.656402214173304,NA
"Slc25a14",21.4199447544914,0.000209435263914845,0.0408381851305197,0.924007788320765,NA
"Fam122b",37.9543564018379,0.00121048867586542,0.0379393635191857,0.585777625234376,NA
"Mospd1",36.7991394563619,0.00028767591485287,0.0352361137808628,0.891218872651816,NA
"Rtl8a",17.323462191221,0.00100270196804132,0.0447094972504028,0.655846720530229,NA
"Rtl8b",29.9135753968335,-0.000153614884025779,0.0373309752905835,0.943137687587264,NA
"Ints6l",64.4480750364358,-0.0011869544038465,0.032747266239794,0.557043437436273,NA
"Mmgt1",46.6908122123307,0.000429323368983566,0.0328004850043891,0.831835402450771,NA
"Slc9a6",41.3493327533445,0.000537108733236574,0.0343400353184592,0.796188066215343,NA
"Ids",21.4405848205786,0.000199214726781517,0.0408877506747494,0.927699159883269,NA
"Eola1",30.9807048880493,-0.00068582104979072,0.0379593463387009,0.753718772675994,NA
"Tmem185a",32.2404597264039,-0.00242922110729773,0.0475454659010947,0.345692308609227,NA
"Mtm1",57.2693631124669,0.00105419440443883,0.0331653332543019,0.605463414241268,NA
"Cd99l2",29.0918250838949,0.00197272608104276,0.0448813991275181,0.421403043338585,NA
"F8a",52.5938896733017,-0.00213721486333669,0.0406995025254465,0.370180937959278,NA
"Xlr4c",57.6048039392029,-0.00161570528633418,0.0366996803331237,0.462870274135138,NA
"Zfp275",51.291581704794,-0.00037082375496299,0.0314812252975197,0.850538020833602,NA
"Haus7",48.6259713170292,-0.000417430305522645,0.0323719468311039,0.835061940549968,NA
"Abcd1",28.64864746656,-0.00103349072829956,0.0405005687283464,0.647098721442752,NA
"Dnase1l1",30.7267821298699,0.00198094128490364,0.044648849780339,0.419415879905122,NA
"Slc10a3",33.5461539429436,-0.000621910291821183,0.0367936676392498,0.772972883322514,NA
"Fam3a",31.8588410334696,-0.000786422859462036,0.0382097684243208,0.72043383551025,NA
"Ikbkg",61.7704489942007,0.00119123220714414,0.0332180575168176,0.559863026149152,NA
"G6pdx",43.85480811235,0.000772907993933682,0.0346435320668786,0.712235547235996,NA
"Gab3",58.6779747945807,-8.89966528118994e-06,0.0296372911391868,0.996236532872825,NA
"Cmc4",52.0128160796677,-0.00113578410989694,0.03534398902318,0.594116554361489,NA
"Mtcp1",29.4075523409267,0.00108472273582748,0.0398734801310012,0.630322246002081,NA
"4933407K13Rik",32.8640293926941,0.00205317369879152,0.0442690140741166,0.404504398526837,NA
"Prkx",69.9653961502497,-0.000250803369722556,0.0279572941106358,0.889419694719293,NA
"Tab3",57.3077346293204,0.000614954445264383,0.0313790418880706,0.754052811887296,NA
"Gk",37.2905633925711,0.000173521565090651,0.0348030041285205,0.933802417272128,NA
"Klhl15",53.1533182954666,0.000741117143044636,0.0326281232763999,0.713258209776484,NA
"Zxdb",20.8129281278087,-0.000530317352828008,0.041622928439963,0.810677499919505,NA
"Amer1",39.3577442748598,-0.00196887981886081,0.0421844799816886,0.41394932866207,NA
"Zc3h12b",14.9135039302532,0.00121703048172276,0.0467989378997358,0.588678315472055,NA
"Pja1",70.4649520930994,0.000656473975957183,0.0290629425095629,0.722914780380627,NA
"Dlg3",14.3610930502616,-5.10288376958589e-05,0.044648939767757,0.981073902334408,NA
"Gm614",24.4532694819591,-2.27274193359736e-05,0.0394028343607445,0.991697023018622,NA
"Zmym3",44.0700483792157,0.000985675306469826,0.0353412696834291,0.642982313723945,NA
"Cxcr3",71.1545277280582,-0.0062933546616234,0.065477304842706,0.102197953576257,NA
"Jpx",64.9827397828256,-0.000497851786550779,0.029354040013448,0.790006480475277,NA
"Slc16a2",51.0371305967305,-5.74851660408338e-05,0.0317277697616964,0.976816435997632,NA
"Uprt",21.950543497561,0.000431538987916641,0.0407732354775621,0.844874971757152,NA
"5530601H04Rik",66.6981157334978,0.000730054094713725,0.0299064307586891,0.699589745191506,NA
"Atp7a",49.1074328614066,-0.00329050110299746,0.0494397818889074,0.24021293658651,NA
"Taf9b",25.587347287705,0.00167751491312085,0.0443307662954019,0.482566126695219,NA
"P2ry10b",32.9461910927717,4.68585903072667e-05,0.0360980140961863,0.98240413017814,NA
"Dach2",48.7220376986807,-0.00133647789933576,0.0380713952944064,0.549709067356274,NA
"Nox1",42.7806323515904,0.00418352117727176,0.0564060354317613,0.180920060419805,NA
"Gla",14.951716206393,-0.00070649869713288,0.0450412946372963,0.747473065464384,NA
"Armcx4",15.2235882979645,0.00100750409972966,0.045743743209437,0.651485728031905,NA
"Armcx3",26.6603149432924,-0.000465599952415139,0.0388458072503136,0.831599732910397,NA
"Zmat1",62.0416547572467,-0.000472440645375752,0.0301057120082025,0.804221486950432,NA
"Armcx5",39.3818355712152,0.000616216138199416,0.0350549802064596,0.769743846444375,NA
"Bex1",23.227161932211,-0.00118418583274676,0.0427695710340104,0.605760287602871,NA
"BC065397",23.1873580872355,0.00112263968054386,0.0426514276013328,0.623129317798311,NA
"Tmsb15b1",23.620334496383,0.000177386052283065,0.039750935296934,0.935415994325823,NA
"Slc25a53",26.6651838188472,0.000366799120419623,0.0387193319684952,0.866581027532046,NA
"Fam199x",57.769569355504,-0.000528620895348297,0.0308616240305839,0.785267098107551,NA
"Tbc1d8b",44.4360262638622,-8.65306131471706e-05,0.0331106731826395,0.9660274529114,NA
"Tsc22d3",57.1178800977207,-0.000382507333562966,0.0304752318085768,0.842387786453011,NA
"Pfkfb1",21.1995606719481,-5.49350841520197e-05,0.0413611668432824,0.980013229278893,NA
"A230072E10Rik",26.4340131207356,-0.00014535551509001,0.0386607416232987,0.946749411318745,NA
"Ribc1",30.1399567950322,0.000159408598206413,0.0372439563251791,0.940950391845968,NA
"Kantr",60.1737335006068,0.00221435429287776,0.0400067260360603,0.349116698769004,NA
"Tspyl2",28.0137350535616,0.000761297986959365,0.0391156634991754,0.730759683534178,NA
"Rragb",31.8115131968093,0.00133461466455924,0.0405890697398272,0.560744771897963,NA
"Nbdy",29.2404213420242,0.00136870089295929,0.0413457406386164,0.553601518177758,NA
"Spin2c",24.0083993686446,-0.000880671006393033,0.0412011277269668,0.695094746350495,NA
"Phka2",39.4136963442774,0.00133377716532151,0.0389842393918881,0.554963421249793,NA
"Cdkl5",16.2331385343618,-0.000345117807369619,0.0435641924787966,0.874492174672788,NA
"Ap1s2",50.7469629985138,0.000670344616786823,0.0326484877790926,0.739659698080555,NA
"Gm56686",20.0949128355142,-0.000953568715215804,0.0431466336369821,0.672769240539108,NA
"Siah1b",29.202953713979,-0.000281183399286394,0.0375864724921997,0.896485160361615,NA
"Mospd2",61.7570793311774,0.000156503334954545,0.0291880980344657,0.933133296694806,NA
"Fancb",30.2566418912689,0.00120826464265623,0.0407060136941925,0.596268417352845,NA
"Gemin8",66.9669347413001,0.000411470545212652,0.0292443928373659,0.825430593894264,NA
"Trappc2",31.4006594812718,-0.000381666402350457,0.036918491946511,0.859090393069695,NA
"Tceanc",30.807446609019,0.00148245229077509,0.0415527752377823,0.524505462477336,NA
"Gm15232",47.3506548282566,-0.000112182138698256,0.0324244514947538,0.955400353658529,NA
"Tlr7",18.724918662478,-0.00176135385170278,0.0475986933744942,0.460177176888821,NA
"Gm55594",22.6622283099373,-0.00167537708567068,0.0454143669332252,0.482881309798481,NA
"mt-Nd6",67.0862748642369,0.00123407102831295,0.0327400475980255,0.541332906990041,NA
"ENSMUSG00000095041",49.0297855211191,-0.000439562714144083,0.0321927052066406,0.825839730709899,NA
