"p_val","avg_log2FC","pct.1","pct.2","p_val_adj","cluster","gene"
0,2.39310053791421,0.849,0.243,0,"0","Prr11"
0,2.33680142309364,0.91,0.34,0,"0","Aurka"
0,2.74770712537793,0.982,0.428,0,"0","Cenpf"
0,1.95287830965523,0.863,0.314,0,"0","Ccnf"
0,1.95526164210408,0.851,0.306,0,"0","Kif14"
0,2.14897856696463,0.964,0.425,0,"0","Plk1"
0,1.75748017018942,0.848,0.314,0,"0","Kif2c"
0,1.63303872349981,0.943,0.41,0,"0","Aurkb"
0,2.08332877694812,0.915,0.385,0,"0","Aspm"
0,2.57147850224664,0.708,0.178,0,"0","Cdc25b"
0,1.85522880734521,0.862,0.336,0,"0","Depdc1a"
0,1.85250443224501,0.931,0.407,0,"0","Sgo2a"
0,1.79444931390779,0.828,0.312,0,"0","Arhgap19"
0,2.09238104390825,0.792,0.279,0,"0","Pimreg"
0,1.89259433280079,0.961,0.449,0,"0","Kif23"
0,1.73332505289874,0.974,0.463,0,"0","Ckap2l"
0,1.85223486639681,0.839,0.329,0,"0","Parpbp"
0,2.27378179114802,0.996,0.489,0,"0","Nusap1"
0,1.65544847360317,0.923,0.421,0,"0","Anln"
0,1.57040536915982,0.934,0.438,0,"0","Cdca2"
0,1.59461249164483,0.954,0.458,0,"0","Spc25"
0,1.73579991539844,0.897,0.407,0,"0","Kif18a"
0,1.67892609816913,0.954,0.464,0,"0","Kif22"
0,1.49141632779465,0.856,0.371,0,"0","Ttk"
0,1.85638737695023,0.972,0.487,0,"0","Mis18bp1"
0,1.53279188631087,0.835,0.354,0,"0","Spag5"
0,1.4426076701507,0.946,0.465,0,"0","Ndc80"
0,1.79698774317752,0.733,0.258,0,"0","Cenpl"
0,1.63193063028324,0.764,0.291,0,"0","Espl1"
0,2.43985833628163,0.61,0.138,0,"0","Depdc1b"
0,1.44520234085465,0.927,0.458,0,"0","Nuf2"
0,1.79658663746158,0.71,0.241,0,"0","Kif18b"
0,1.7171664857707,0.937,0.473,0,"0","Ect2"
0,1.87028057394225,0.876,0.412,0,"0","Kpna2"
0,1.46645238061702,0.933,0.47,0,"0","Sgo1"
0,1.43932940782208,0.918,0.458,0,"0","Kif20a"
0,2.212152565439,0.992,0.537,0,"0","Prc1"
0,1.38655190977463,0.918,0.466,0,"0","Cit"
0,1.94072065658618,0.948,0.499,0,"0","Ccnb1"
0,1.6300305869326,0.809,0.368,0,"0","Fzr1"
0,1.68456453855508,0.993,0.552,0,"0","Kif11"
0,1.31952595521085,0.843,0.403,0,"0","Ncaph"
0,2.10801025918829,0.592,0.159,0,"0","Cdc25c"
0,1.64573278378579,0.887,0.458,0,"0","G2e3"
0,2.11180829134356,0.592,0.166,0,"0","Troap"
0,1.57045044169148,0.987,0.561,0,"0","Kif4"
0,1.79996591708988,0.637,0.213,0,"0","H2ac10"
0,1.48193333956266,0.757,0.334,0,"0","Kifc1"
0,1.46538590025252,0.717,0.297,0,"0","H2bc14"
0,1.02037910470121,0.837,0.417,0,"0","Esco2"
0,2.25779376954411,0.57,0.15,0,"0","Gas2l3"
0,2.04467916983872,0.594,0.181,0,"0","Mxd3"
0,1.31592440994753,0.771,0.359,0,"0","Melk"
0,1.67804946714698,0.66,0.249,0,"0","Cdkn2c"
0,1.06729839248743,0.827,0.417,0,"0","Pbk"
0,1.27058121972449,0.941,0.531,0,"0","Shcbp1"
0,1.21432515812549,0.886,0.477,0,"0","Spdl1"
0,1.32594726423969,0.742,0.337,0,"0","2700099C18Rik"
0,1.37962666922284,0.85,0.446,0,"0","H3c6"
0,1.47657479707219,0.685,0.283,0,"0","Nek2"
0,3.3781823732663,0.454,0.052,0,"0","Pif1"
0,1.54861955554985,0.772,0.371,0,"0","H2ac18"
0,2.34634882927509,0.518,0.117,0,"0","Hyls1"
0,1.36652573338685,0.902,0.504,0,"0","Arhgap11a"
0,1.08292039726929,0.779,0.383,0,"0","Neil3"
0,1.04283795451139,0.811,0.416,0,"0","Gen1"
0,2.15586431148254,0.524,0.13,0,"0","Sapcd2"
0,1.67665165003522,0.946,0.553,0,"0","H3c3"
0,1.3757378057211,0.877,0.485,0,"0","Ckap2"
0,1.43981145910749,0.673,0.282,0,"0","H3c11"
0,1.3921204128215,0.661,0.27,0,"0","Foxm1"
0,1.65868940852993,0.989,0.598,0,"0","Hmmr"
0,1.38318053759461,0.971,0.582,0,"0","Bub1b"
0,1.21000639059345,0.873,0.485,0,"0","Knstrn"
0,1.11857388103415,0.769,0.384,0,"0","Mastl"
0,1.33007483535254,0.888,0.506,0,"0","H2ac24"
0,1.21998488741079,0.779,0.398,0,"0","Gtse1"
0,1.29082424067361,0.899,0.519,0,"0","Hjurp"
0,1.39543657478224,0.667,0.288,0,"0","Ccdc18"
0,1.56610828630006,0.995,0.617,0,"0","Knl1"
0,1.08609993677168,0.743,0.366,0,"0","Stil"
0,1.37303001290792,0.679,0.304,0,"0","H2bc18"
0,1.06963060699314,0.779,0.404,0,"0","Ube2t"
0,1.37733617791845,0.975,0.601,0,"0","Racgap1"
0,1.54243968330016,0.851,0.478,0,"0","Lockd"
0,1.28836954435049,0.976,0.604,0,"0","Bub1"
0,0.992805171135917,0.766,0.397,0,"0","Ska1"
0,1.55521284450477,0.612,0.244,0,"0","H3c7"
0,1.27082403736564,0.934,0.567,0,"0","Cip2a"
0,1.25979459856279,0.931,0.566,0,"0","Ska2"
0,1.78007704054785,0.993,0.63,0,"0","Cdk1"
0,1.5887975008887,0.572,0.211,0,"0","Kifc5b"
0,1.34071985295963,0.891,0.531,0,"0","Bora"
0,1.38360321389939,0.634,0.275,0,"0","H2bc11"
0,1.15102986426513,0.745,0.386,0,"0","Cdkn3"
0,1.31160433932904,0.976,0.618,0,"0","Cep55"
0,1.14870858309392,0.784,0.427,0,"0","Nde1"
0,0.742047351219592,0.942,0.585,0,"0","Fbxo5"
0,2.61190901118976,0.435,0.079,0,"0","Fam83d"
0,1.30027369136441,0.955,0.599,0,"0","Cdc20"
0,1.32696061659742,0.959,0.605,0,"0","Cdca3"
0,1.50050174889084,0.56,0.209,0,"0","H2ac4"
0,1.23919250763496,0.853,0.504,0,"0","Reep4"
0,0.960914793481117,0.884,0.538,0,"0","H2ac8"
0,1.07051969116559,0.972,0.628,0,"0","Ncapg"
0,1.43110745964861,0.594,0.25,0,"0","H4c3"
0,1.63546320196582,0.994,0.65,0,"0","Kif20b"
0,1.41243031058551,0.992,0.65,0,"0","Ccna2"
0,1.62736197024293,0.52,0.188,0,"0","H4c8"
0,0.965141530681693,0.892,0.56,0,"0","Mis18a"
0,1.05421929621215,0.661,0.331,0,"0","Haspin"
0,0.831815531218284,0.891,0.562,0,"0","Zwilch"
0,1.30413182128503,0.563,0.236,0,"0","Ska3"
0,0.797132004103034,0.922,0.596,0,"0","Cenpp"
0,0.990404969490237,0.637,0.312,0,"0","Eme1"
0,1.84084793801843,0.995,0.672,0,"0","Cenpe"
0,1.21580895174862,0.557,0.235,0,"0","H2ac15"
0,1.26958035203629,0.969,0.647,0,"0","Dlgap5"
0,1.46065256892407,0.528,0.208,0,"0","Fam72a"
0,1.18520113929564,0.932,0.614,0,"0","Trim59"
0,1.31495529515442,0.568,0.25,0,"0","Gpsm2"
0,0.719660575426148,0.868,0.554,0,"0","Trip13"
0,1.00653288229012,0.628,0.315,0,"0","Efcab11"
0,0.788441245570673,0.9,0.588,0,"0","Cep128"
0,1.0172681449971,0.71,0.399,0,"0","Ddias"
0,1.39784282774461,0.992,0.681,0,"0","Incenp"
0,1.01493207232584,0.759,0.451,0,"0","H2bc6"
0,0.92417603880399,0.96,0.656,0,"0","Plk4"
0,0.934061630980832,0.808,0.506,0,"0","Ube2s"
0,1.35027879303962,0.995,0.694,0,"0","Cdca8"
0,1.26551458230179,0.499,0.207,0,"0","Miip"
0,0.962769386476498,0.954,0.663,0,"0","Ncapd2"
0,1.54874890153526,0.453,0.168,0,"0","Uevld"
0,1.15269800582841,0.911,0.628,0,"0","H1f3"
0,1.33812142879663,0.945,0.662,0,"0","Cdkn2d"
0,1.51612752702972,0.907,0.625,0,"0","H2ac20"
0,1.61422191798204,0.97,0.689,0,"0","Tuba1c"
0,1.96172970411082,0.982,0.702,0,"0","H2ax"
0,1.03537373250243,0.952,0.674,0,"0","H1f5"
0,0.890454185629693,0.963,0.687,0,"0","Ccnb2"
0,1.29734385886282,0.988,0.715,0,"0","Tacc3"
0,1.29973375741716,0.467,0.194,0,"0","H2ac13"
0,2.4438866241102,0.994,0.725,0,"0","Ube2c"
0,1.5215204340798,0.408,0.143,0,"0","H2bc3"
0,0.831564601751837,0.955,0.693,0,"0","Mad2l1"
0,0.667083359044652,0.929,0.67,0,"0","Asf1b"
0,1.47844215379737,0.401,0.143,0,"0","H2bc13"
0,0.72005668665874,0.899,0.647,0,"0","Ccdc34"
0,1.46368584889721,0.997,0.745,0,"0","Tpx2"
0,1.09190464299187,0.989,0.742,0,"0","Diaph3"
0,0.993028543573499,0.944,0.698,0,"0","Odf2"
0,0.819957198465979,0.848,0.602,0,"0","Sap30"
0,1.20231862486179,0.987,0.742,0,"0","Cenpa"
0,0.802591444023307,0.916,0.673,0,"0","Cmc2"
0,1.71022618862538,0.338,0.105,0,"0","Ankle1"
0,1.95071499553782,0.319,0.086,0,"0","Iqgap3"
0,1.31888356910326,0.924,0.694,0,"0","H1f2"
0,0.842585482664636,0.963,0.737,0,"0","Pttg1"
0,2.26218666068019,0.288,0.066,0,"0","Tnfaip8l1"
0,0.718306295325876,0.919,0.702,0,"0","Nup37"
0,0.621819316852016,0.937,0.721,0,"0","Rad18"
0,1.36894040169245,0.972,0.756,0,"0","H4c4"
0,0.843356142410532,0.9,0.696,0,"0","Terf1"
0,1.11313171931551,0.998,0.795,0,"0","Kif15"
0,0.883049677625561,0.976,0.777,0,"0","D17H6S56E-5"
0,0.755462913075139,0.938,0.741,0,"0","Cenpc1"
0,0.892206111149979,0.974,0.777,0,"0","Brd8"
0,1.29057721380175,0.998,0.806,0,"0","Birc5"
0,0.818802078781651,0.984,0.793,0,"0","Spc24"
0,1.03357856511324,0.987,0.797,0,"0","Dbf4"
0,1.50312747123892,1,0.864,0,"0","Mki67"
0,0.923117712059373,0.95,0.819,0,"0","H2az2"
0,1.01727657923034,0.999,0.883,0,"0","Smc2"
0,1.62423316642597,1,0.885,0,"0","Top2a"
0,1.37476683951396,0.997,0.89,0,"0","Tubb4b"
0,0.579593124458123,0.997,0.9,0,"0","Lmnb1"
0,1.18689142768144,0.996,0.906,0,"0","Ckap5"
0,0.54040064900618,0.988,0.905,0,"0","Rangap1"
0,0.872544378216089,0.997,0.915,0,"0","Rad21"
0,0.48407656602543,0.995,0.915,0,"0","Cbx5"
0,1.11672636774338,0.998,0.927,0,"0","Cks2"
0,0.712321335919512,0.996,0.932,0,"0","Cks1b"
0,0.72401245607391,0.999,0.939,0,"0","Tmpo"
0,0.61723061241367,1,0.941,0,"0","Pclaf"
0,0.54840933701056,0.999,0.945,0,"0","Stmn1"
0,1.03140943644034,0.994,0.941,0,"0","Bub3"
0,1.06797202942871,0.966,0.924,0,"0","H1f4"
0,0.927132298851112,0.998,0.962,0,"0","Tuba1b"
0,1.1287446288359,1,0.965,0,"0","Smc4"
0,0.465058439395308,0.994,0.972,0,"0","Trir"
0,0.700413090749539,0.994,0.973,0,"0","Jpt1"
0,0.419111454401401,0.998,0.981,0,"0","Anp32e"
0,1.6199687499069,0.999,0.983,0,"0","Arl6ip1"
0,0.491067229683217,0.998,0.983,0,"0","Smc1a"
0,1.07791016123337,1,0.987,0,"0","Tubb5"
0,1.0456199937097,1,0.988,0,"0","Calm2"
0,0.4695177608613,0.999,0.991,0,"0","Nucks1"
0,0.786856457572586,1,0.996,0,"0","Hmgb2"
0,0.368595450734531,1,0.997,0,"0","H2az1"
0,0.341970730298274,1,0.999,0,"0","Hmgb1"
0,0.543061674215047,1,0.999,0,"0","Ubb"
0,0.522989334597955,1,0.999,0,"0","H3f3b"
0,0.335021600793635,0.999,0.998,0,"0","Clic1"
0,0.536773578011077,0.999,0.998,0,"0","Malat1"
1.97626258336499e-323,0.44201739093563,0.996,0.965,4.38671005629526e-319,"0","Ctcf"
1.49226599538598e-318,0.921056684910694,0.641,0.324,3.31238282995827e-314,"0","Cenpi"
2.11130325648684e-312,0.907876527047524,0.851,0.643,4.68645983842385e-308,"0","Dnah8"
2.77659609109945e-311,0.836358496585412,0.816,0.584,6.16321034341346e-307,"0","Ldlr"
3.05060082871764e-310,0.933147736267747,0.607,0.298,6.77141865950455e-306,"0","Mtfr2"
1.02744397920575e-309,0.733196568725203,0.889,0.678,2.28061740064301e-305,"0","Tuba1a"
3.40367715731394e-307,0.672312055295844,0.878,0.6,7.55514218608976e-303,"0","Sass6"
1.08673562497364e-306,0.454098254126345,0.985,0.893,2.41222706675399e-302,"0","Lsm3"
1.12945776828006e-302,1.35052980444857,0.388,0.148,2.50705740825126e-298,"0","H2bc9"
1.1894681171593e-297,1.07024380234189,0.549,0.274,2.64026237965849e-293,"0","Cep89"
8.95160097877169e-295,0.975391542686963,0.58,0.285,1.98698686925795e-290,"0","Cenpn"
5.3151276939252e-291,0.844143455946007,0.734,0.437,1.17979889422058e-286,"0","Ttf2"
1.10474312602911e-289,0.627716622001349,0.896,0.661,2.45219831684682e-285,"0","Cdca4"
2.13738217559884e-289,0.432085830092429,0.995,0.966,4.74434721517674e-285,"0","Cntrl"
9.16656126596147e-287,0.36820741894657,0.998,0.985,2.03470160420547e-282,"0","Pbrm1"
7.94486089464021e-286,0.571448548222699,0.927,0.771,1.76352077278329e-281,"0","Akirin2"
9.6211881297215e-284,0.646216216061956,0.797,0.462,2.13561512915428e-279,"0","Polq"
1.3113228113898e-281,0.919744327939134,0.65,0.366,2.91074324444193e-277,"0","Atl2"
9.47511750311694e-278,1.35032061457447,0.402,0.165,2.10319183216687e-273,"0","Msh5"
1.79070094658641e-274,0.669537797847538,0.859,0.608,3.97481889113786e-270,"0","Haus3"
9.63537640084818e-273,0.602077493741193,0.937,0.788,2.13876449969627e-268,"0","Asxl1"
3.61015540072349e-272,1.42876404575279,0.325,0.115,8.01346194298592e-268,"0","Plekhg3"
2.26983392702206e-271,0.395971569504304,0.997,0.973,5.03835036781088e-267,"0","Lbr"
2.80013877112664e-271,0.545771276244077,0.95,0.794,6.21546803026979e-267,"0","Cep192"
6.20681822063118e-271,0.294295757969858,0.998,0.988,1.3777274404335e-266,"0","Alyref"
1.36705681834054e-270,0.940750821903928,0.646,0.378,3.0344560196705e-266,"0","Syne3"
6.80539666495086e-270,0.391674275330781,0.998,0.964,1.51059389771914e-265,"0","Ezh2"
2.98861014376946e-269,0.436795243049795,0.991,0.898,6.63381793612507e-265,"0","Rrm1"
9.75407615311407e-263,0.506858425560742,0.977,0.901,2.16511228370673e-258,"0","Ubald2"
1.40823598956448e-260,0.597502704620081,0.927,0.68,3.12586142603628e-256,"0","Rbl1"
5.6767084814099e-259,0.73442424797422,0.721,0.419,1.26005898161856e-254,"0","Ticrr"
1.07283638857991e-255,0.779302628877087,0.685,0.392,2.38137493173083e-251,"0","Fancd2"
1.18722487054502e-253,0.907951048397757,0.729,0.473,2.63528304514877e-249,"0","Cdk19"
1.71830003908384e-253,0.560099366356388,0.93,0.739,3.8141105967544e-249,"0","Cep295"
4.09058323672099e-247,0.605281677368756,0.89,0.681,9.07986761054958e-243,"0","Mphosph9"
9.4897562008225e-247,0.972818005263062,0.548,0.284,2.10644118389657e-242,"0","Ccsap"
1.16015932651584e-246,0.571533918475119,0.924,0.734,2.5752056570672e-242,"0","Pcnt"
2.47748781906205e-246,0.512475115544672,0.968,0.854,5.49927971197203e-242,"0","Srgap2"
1.25997132104611e-245,0.554673874885087,0.913,0.736,2.79675834132605e-241,"0","Hmgb3"
5.16464880265126e-242,0.460819692913295,0.991,0.809,1.1463970947245e-237,"0","Rrm2"
2.41691223738e-239,1.03358368638542,0.446,0.207,5.36482009331239e-235,"0","Oip5"
2.452578329833e-239,0.691463581680951,0.74,0.455,5.44398811873031e-235,"0","Lrr1"
4.81111773738743e-239,0.381439105690875,0.987,0.924,1.06792380416789e-234,"0","Lsm2"
1.56561947467448e-236,0.86424219648378,0.543,0.279,3.47520554793495e-232,"0","Traip"
1.14006259628955e-235,0.628944905233305,0.864,0.67,2.53059694498391e-231,"0","Myef2"
5.26272834216863e-232,0.429571353796536,0.964,0.69,1.16816781011117e-227,"0","Rad51b"
6.35213693701729e-231,0.646585337799924,0.809,0.539,1.40998383590973e-226,"0","Lin54"
3.40358202591828e-225,0.469489465823562,0.952,0.713,7.55493102293081e-221,"0","Blm"
6.48913557296186e-223,0.290305927624945,0.999,0.995,1.44039342313034e-218,"0","Tagln2"
4.32917001389811e-221,0.364390015578414,0.984,0.934,9.60945867984963e-217,"0","Mrpl51"
6.96832089713706e-221,0.929335544944414,0.521,0.273,1.54675818953751e-216,"0","Sun2"
1.79080580686164e-219,0.483042425818048,0.935,0.812,3.97505164949077e-215,"0","Cdc27"
5.06546126290609e-217,0.838895722811617,0.57,0.312,1.12438043652727e-212,"0","Nemp1"
2.56859450496352e-215,0.719202311257588,0.71,0.449,5.70150922266753e-211,"0","Cep85"
7.49751032631223e-215,1.18743275475247,0.34,0.141,1.66422236713152e-210,"0","H2bc8"
1.15671451013854e-211,0.614699672208418,0.828,0.598,2.56755919815452e-207,"0","Pou2f1"
1.56791219873417e-209,0.367863567559126,0.993,0.952,3.48029470753024e-205,"0","Xpo1"
2.55924586831296e-208,0.368495401954158,0.991,0.978,5.68075805389429e-204,"0","Dok2"
3.62909929811925e-208,1.32584166953609,0.283,0.107,8.05551171203531e-204,"0","H4c6"
7.55061330078438e-206,0.481771695494153,0.937,0.773,1.67600963437511e-201,"0","Cep57"
2.01661879389061e-205,0.632619421665706,0.764,0.495,4.47628873679899e-201,"0","Lin9"
1.21253864282447e-203,0.703265202115775,0.711,0.46,2.69147202547747e-199,"0","Rhno1"
8.36947394264702e-203,0.441834699610167,0.815,0.531,1.85777213104936e-198,"0","H1f1"
5.20318385502609e-202,1.18040967523955,0.327,0.138,1.15495072030014e-197,"0","H2ac11"
6.1528346785371e-202,0.387677246772128,0.971,0.899,1.36574471359488e-197,"0","Med30"
4.18949451158892e-201,1.08369497898084,0.382,0.179,9.29942096737393e-197,"0","H2ac22"
8.94897097152293e-200,0.595373958377798,0.849,0.647,1.98640308654894e-195,"0","Wwox"
3.95251068086218e-198,0.338355371160932,0.994,0.974,8.77338795830977e-194,"0","Hp1bp3"
1.49693380995755e-195,0.454972800348194,0.945,0.813,3.32274397796277e-191,"0","Ncaph2"
2.36610816010375e-193,0.517198917925864,0.847,0.607,5.25205028298229e-189,"0","Suv39h1"
6.15579358912509e-193,0.299928845788167,0.997,0.995,1.3664015029781e-188,"0","Jund"
1.18846801443193e-192,0.744066133149007,0.617,0.372,2.63804245163456e-188,"0","Ccdc77"
1.85945861109736e-192,0.58609989446646,0.808,0.596,4.12744027905282e-188,"0","Nup35"
8.66024392139084e-191,0.878746258404144,0.473,0.245,1.92231434323112e-186,"0","Poc1a"
4.99687585982667e-187,0.316839869725729,0.989,0.951,1.10915653460573e-182,"0","Mapre1"
8.92485336804884e-187,0.382891241964019,0.976,0.872,1.9810497021058e-182,"0","Cenpw"
3.62781559540594e-186,0.535464868675619,0.936,0.82,8.05266227712255e-182,"0","Serinc3"
6.71670652294377e-186,0.570024809029385,0.803,0.566,1.49090734689783e-181,"0","Rttn"
8.06256343682776e-186,0.980716673325197,0.434,0.222,1.78964720607266e-181,"0","Cntrob"
2.70620357197706e-182,0.287547492501857,0.999,0.99,6.00696006871749e-178,"0","Smchd1"
4.18045333158501e-182,0.289238626634315,0.998,0.976,9.27935226011926e-178,"0","Hmgn2"
4.10636117763311e-179,0.456955631101865,0.94,0.716,9.11488990599222e-175,"0","Ncapg2"
3.03631938715992e-178,0.452251572154432,0.959,0.771,6.73971814367888e-174,"0","Ncapd3"
1.4473205850241e-175,0.457431773452274,0.891,0.74,3.21261750257799e-171,"0","Pom121"
6.82741110516564e-174,0.58385812804501,0.774,0.55,1.51548044301362e-169,"0","Pdik1l"
7.64949422016376e-174,0.927006204588221,0.361,0.169,1.69795823204975e-169,"0","Hrob"
8.85958593934528e-174,0.952226271356545,0.41,0.209,1.96656229095647e-169,"0","Unc13a"
3.20880444958503e-172,0.490590054569911,0.863,0.661,7.12258323674389e-168,"0","Pmf1"
2.31060646782075e-171,1.05221107334158,0.328,0.15,5.12885317662171e-167,"0","H4c1"
2.69127488721357e-171,0.571554008327897,0.828,0.653,5.97382286714797e-167,"0","Nlrc3"
5.08717746630897e-171,1.265201537681,0.252,0.099,1.1292007821966e-166,"0","H2bc15"
9.60397487254065e-171,1.15824410419068,0.278,0.115,2.13179430245785e-166,"0","Fam110a"
1.31011674989334e-170,0.51952847562334,0.826,0.606,2.90806614973824e-166,"0","Mad1l1"
1.33895290128844e-170,0.757048135184671,0.673,0.459,2.97207375498995e-166,"0","H1f0"
2.96992221433311e-170,0.918704391605312,0.466,0.26,6.5923363391552e-166,"0","Zbed3"
2.31026912605322e-169,0.896423830095102,0.428,0.223,5.12810437910032e-165,"0","Cenpt"
2.32715842401235e-169,0.679263856353428,0.648,0.417,5.16559355378022e-165,"0","2610318N02Rik"
3.73038080725296e-168,0.701384435622694,0.617,0.385,8.28032627785939e-164,"0","Poc5"
4.07816295283136e-168,0.4724641081845,0.9,0.74,9.05229830639976e-164,"0","Ing1"
1.4438591142432e-167,0.322646245640964,0.98,0.922,3.20493407588563e-163,"0","Wbp11"
3.87560976675195e-167,0.587156020816565,0.749,0.513,8.6026909992593e-163,"0","Cep57l1"
2.7669142839795e-166,0.497079829561246,0.85,0.672,6.14171963614929e-162,"0","Pdzd11"
5.89863686372283e-166,0.592748414434226,0.705,0.47,1.30932042464056e-161,"0","D030056L22Rik"
8.76179219289832e-166,0.612642793401497,0.623,0.378,1.94485501305764e-161,"0","Wee1"
1.25085386417799e-165,1.1230692253961,0.275,0.115,2.77652032231588e-161,"0","Phf19"
2.60551208416996e-165,0.870907143293793,0.489,0.278,5.78345517323206e-161,"0","Rassf3"
3.96909878142039e-163,0.909995255919362,0.371,0.181,8.81020856511885e-159,"0","Rnf26"
1.30410796057091e-160,0.345402937154166,0.985,0.941,2.89472844007925e-156,"0","Tpm4"
1.27970723573382e-158,0.537045527046741,0.834,0.635,2.84056615115836e-154,"0","C2cd5"
6.88166675530882e-157,0.868684698886198,0.4,0.206,1.5275235696759e-152,"0","Mdm1"
1.10743342585257e-155,0.67475524356234,0.503,0.284,2.45816997536496e-151,"0","Cdca5"
2.20982803724846e-155,1.19450481248052,0.278,0.124,4.9051552942804e-151,"0","Ccng2"
5.34059632095598e-155,0.391469823596688,0.942,0.849,1.1854521653626e-150,"0","Zmiz1"
1.15745584557373e-154,0.47754061563303,0.886,0.73,2.56920474042002e-150,"0","Antkmt"
4.27597923116986e-154,0.281826884877291,0.999,0.983,9.49139109942774e-150,"0","Dek"
1.29594278092738e-152,0.624441538123423,0.674,0.442,2.87660419082451e-148,"0","Polh"
5.23847198264445e-152,0.818784004611168,0.406,0.212,1.16278362598759e-147,"0","Ccdc61"
1.8868286824349e-151,0.655557662750847,0.589,0.359,4.18819362640076e-147,"0","Kif24"
1.29585085199265e-149,0.657403091903007,0.605,0.381,2.87640013616808e-145,"0","Cep70"
2.09809558603903e-149,0.704878188822754,0.549,0.328,4.65714277233083e-145,"0","Kctd9"
2.01955186801593e-148,0.40430411737594,0.921,0.782,4.48279928143495e-144,"0","Rab11b"
1.05464907290155e-147,0.548631294332785,0.574,0.346,2.34100454711956e-143,"0","Tbc1d31"
1.15606649220159e-144,0.462555507172664,0.751,0.491,2.56612079273987e-140,"0","Bard1"
1.57107466786319e-144,0.703711210039275,0.467,0.26,3.48731444025592e-140,"0","Nsl1"
6.34544134602279e-144,0.76929148130104,0.46,0.259,1.40849761557668e-139,"0","Zfp101"
1.21404707934457e-143,0.387653569813248,0.918,0.744,2.69482030202114e-139,"0","Hirip3"
2.53373863662588e-142,0.758906555498151,0.442,0.249,5.62413965171846e-138,"0","Mybl1"
1.69744465519129e-141,0.664165834391625,0.645,0.447,3.76781790112811e-137,"0","Morrbid"
3.26324064023757e-141,0.676120970462644,0.584,0.373,7.24341524913535e-137,"0","Rnf141"
1.01559185297189e-139,0.435846428594983,0.889,0.739,2.25430923604171e-135,"0","Atf7ip"
1.59639698998125e-139,0.72075855039641,0.497,0.292,3.54352239866137e-135,"0","4930503L19Rik"
1.92807810352848e-138,0.963178775954427,0.33,0.164,4.27975496640217e-134,"0","Eldr"
2.70887647254931e-138,0.328055748472818,0.965,0.882,6.0128931061177e-134,"0","Cnih4"
5.24111767985025e-138,0.52089680661796,0.653,0.424,1.16337089139636e-133,"0","Ndc1"
1.4396150465453e-137,0.310591919891693,0.994,0.916,3.19551351881661e-133,"0","Nsd2"
5.7711711667727e-137,0.841535878299782,0.377,0.2,1.28102686388854e-132,"0","Eri2"
1.51654197133487e-136,0.465801963021892,0.807,0.612,3.36626821377201e-132,"0","Sh2d3c"
2.88401774710864e-136,0.631106536917848,0.569,0.351,6.40165419325704e-132,"0","Nfatc2ip"
5.05631638357905e-136,0.451553534409605,0.819,0.603,1.12235054766304e-131,"0","Haus4"
7.15734213248347e-136,0.557231883831385,0.698,0.481,1.58871523314736e-131,"0","Dcaf15"
1.7077309706574e-135,0.367326652740638,0.947,0.783,3.79065043556823e-131,"0","Tyms"
4.81194113725007e-135,0.493740647160656,0.791,0.577,1.0681065742354e-130,"0","Cenpm"
1.77920775867301e-134,0.454371926025787,0.941,0.777,3.94930746192647e-130,"0","Dleu2"
5.12939517438866e-133,0.267177959565809,0.998,0.978,1.13857184685905e-128,"0","Stag1"
1.45667463842538e-132,0.299087953540661,0.99,0.942,3.23338069491281e-128,"0","Stag2"
2.33077199782362e-132,0.706609108738964,0.455,0.26,5.17361460356909e-128,"0","Tent4a"
7.2783388352681e-132,0.903789362284277,0.334,0.172,1.61557287126446e-127,"0","Septin10"
9.34344783708804e-132,0.450326348684863,0.845,0.661,2.07396511639843e-127,"0","Pkp4"
6.24740852414707e-131,0.526447629563948,0.718,0.504,1.38673727010493e-126,"0","Cdkn1b"
2.17107208483376e-130,0.406934032291879,0.894,0.743,4.81912870670551e-126,"0","Srbd1"
1.04134604661943e-129,0.523644445884691,0.667,0.449,2.31147581968115e-125,"0","Setd1b"
5.85121692600651e-129,0.400635756664968,0.889,0.743,1.29879462106566e-124,"0","0610010K14Rik"
3.68021673885389e-128,0.44880437804512,0.864,0.715,8.16897709523399e-124,"0","Rgs3"
1.52677746597207e-127,0.485065520291814,0.916,0.831,3.38898794121821e-123,"0","Cmtm7"
1.69118578127509e-127,0.511600637810063,0.715,0.507,3.75392507869631e-123,"0","Pknox1"
2.23296010003683e-127,0.596784145457051,0.539,0.335,4.95650153405175e-123,"0","Magi3"
2.38387834222057e-127,0.625180494819807,0.547,0.343,5.29149475622701e-123,"0","Tlnrd1"
2.50533378789834e-127,0.282392612697835,0.998,0.994,5.56108940899794e-123,"0","Trac"
3.40313669516352e-127,0.518150991996875,0.711,0.519,7.55394252225446e-123,"0","Zfp958"
3.68126117453782e-126,0.636498450775911,0.482,0.281,8.1712954291216e-122,"0","9430015G10Rik"
9.75629842402051e-125,0.491801318705143,0.774,0.582,2.16560556117983e-120,"0","Brd9"
1.27933664063845e-124,0.534012185041757,0.634,0.42,2.83974354122517e-120,"0","Taf5"
1.55816302806853e-123,0.670563328108857,0.461,0.277,3.45865447340371e-119,"0","Gm12610"
3.98341921501786e-123,0.414817668706668,0.896,0.743,8.84199563157515e-119,"0","Pias1"
1.72835237712731e-122,0.34796936326276,0.832,0.569,3.8364237715095e-118,"0","Rad51ap1"
1.84642072955678e-121,0.404550833704526,0.948,0.861,4.09850009339719e-117,"0","Slc9a9"
8.75155004386153e-120,0.410445873275835,0.859,0.712,1.94258156323594e-115,"0","Rbmx"
2.73384377844663e-118,0.670752648995302,0.552,0.37,6.06831303501799e-114,"0","Slc16a3"
2.13507219130182e-115,0.575881610212198,0.577,0.377,4.73921974303264e-111,"0","Triobp"
6.55036139536178e-114,0.270202275991197,0.979,0.923,1.45398371892845e-109,"0","Ppp3cb"
1.11159900221025e-113,0.898860807241315,0.263,0.127,2.46741630520609e-109,"0","Tedc1"
1.22472826759944e-113,0.373484796679231,0.996,0.981,2.71852933559048e-109,"0","Exoc4"
1.7471972587539e-113,0.558571807683602,0.582,0.386,3.87825375525603e-109,"0","Kif21b"
9.47638658278716e-112,0.454292862499526,0.818,0.672,2.10347352978127e-107,"0","Arhgap18"
1.08829899014708e-111,0.328633860430744,0.926,0.747,2.41569726842947e-107,"0","Tk1"
1.08918367489634e-111,0.290867548795112,0.976,0.924,2.4176610031674e-107,"0","Anapc11"
3.84287108849492e-111,0.294194221778649,0.955,0.864,8.53002095513217e-107,"0","Ilf3"
4.5007547692493e-111,0.384406841454584,0.782,0.558,9.99032536130266e-107,"0","Fignl1"
6.59539323762009e-111,0.434457468981663,0.808,0.626,1.46397943695453e-106,"0","Terf2"
2.11341248228648e-110,0.660105721871353,0.583,0.417,4.6911416869313e-106,"0","Psrc1"
2.33833147597871e-110,0.424062341584398,0.801,0.627,5.19039437722994e-106,"0","Ppp1r35"
5.55023428276452e-110,0.286854858623306,0.989,0.965,1.23198550374524e-105,"0","Scd2"
6.13482077771787e-110,0.325335581698229,0.893,0.74,1.36174616803004e-105,"0","Tex30"
3.96049000551926e-109,0.856592560172242,0.265,0.13,8.79109966525109e-105,"0","Zfp599"
4.8095084628739e-108,0.42238276280078,0.764,0.566,1.06756659350412e-103,"0","Net1"
5.27174269810833e-108,0.394055483712317,0.753,0.525,1.17016872669911e-103,"0","Kntc1"
1.90740969935728e-107,0.259642916314435,0.972,0.898,4.23387730966336e-103,"0","Ilf2"
2.54554356624822e-107,0.413283333844894,0.777,0.588,5.65034305400117e-103,"0","Gemin6"
1.74900584836657e-106,0.378445171630279,0.848,0.674,3.88226828161927e-102,"0","Sp1"
2.31234155161232e-106,0.352903248138998,0.932,0.82,5.13270454211387e-102,"0","Nsmce1"
1.44281664873586e-103,0.271314221927869,0.974,0.9,3.20262011519898e-99,"0","Rpa3"
4.30020640881664e-103,0.265301675344272,0.974,0.908,9.54516816565029e-99,"0","Polr2a"
6.56215294719639e-103,0.405436810390162,0.755,0.569,1.45660108968918e-98,"0","Dcaf7"
1.06022130168138e-102,0.3328778669308,0.991,0.985,2.35337322334217e-98,"0","Id2"
1.44219439252508e-102,0.44362126204699,0.747,0.559,3.20123889308792e-98,"0","Cdk5rap2"
2.00237431047655e-101,0.447777948940291,0.709,0.506,4.44467025696479e-97,"0","Mis12"
3.47727903640941e-101,0.798621177705524,0.291,0.153,7.71851627711797e-97,"0","Tubd1"
1.57281281514842e-100,0.256770066714391,0.988,0.976,3.49117260578495e-96,"0","Tpi1"
1.71056618732845e-100,0.335359237630976,0.892,0.781,3.79694376601296e-96,"0","Ier5"
4.19557313490697e-100,0.444045546892249,0.752,0.58,9.31291368755299e-96,"0","Cep43"
4.99101548317664e-100,0.880041051113444,0.252,0.126,1.10785570680072e-95,"0","2500002B13Rik"
6.19234077620704e-100,0.501742302784906,0.646,0.471,1.37451388209468e-95,"0","1500009L16Rik"
1.50767604994342e-99,0.332757662955906,0.838,0.598,3.3465885280594e-95,"0","Brip1"
5.60203562085684e-99,0.30494077739063,0.902,0.745,1.24348384676159e-94,"0","Nup107"
2.61871820143237e-98,0.552563262731281,0.515,0.329,5.81276879171943e-94,"0","Dsn1"
3.34765362666185e-98,0.426565011575877,0.576,0.368,7.4307867551013e-94,"0","Rad54b"
3.98762799115492e-98,0.73595478112047,0.335,0.191,8.85133785196657e-94,"0","Wdpcp"
2.29482696730373e-97,0.827162151630033,0.262,0.134,5.09382741932408e-93,"0","Wdr62"
6.25181720576235e-97,0.31060380828076,0.972,0.92,1.38771586516307e-92,"0","Iqgap2"
9.08145795342849e-97,0.266919666471856,0.721,0.469,2.01581122192252e-92,"0","E2f8"
1.93238109925626e-96,0.25349526265668,0.993,0.936,4.28930632601913e-92,"0","Dnmt1"
3.1228051019313e-96,0.613863562760954,0.391,0.231,6.9316904847569e-92,"0","Pde6d"
7.03417416648516e-96,0.583035790219929,0.53,0.372,1.56137563973471e-91,"0","Tubb6"
3.14295072739483e-95,0.498260113114628,0.676,0.502,6.97640772959831e-91,"0","Rap2b"
1.21887362063337e-94,0.258776491361384,0.964,0.882,2.70553377571989e-90,"0","Ppih"
1.59962775749163e-94,0.548812375439863,0.518,0.336,3.55069373330417e-90,"0","Tmem138"
3.87586112970294e-94,0.282984925350655,0.946,0.855,8.60324894960162e-90,"0","Rnaseh2c"
5.60754925707512e-94,0.301437741681053,0.926,0.82,1.24470770859296e-89,"0","Zc3h7a"
1.13489288930774e-93,0.358211456644875,0.831,0.673,2.51912174639639e-89,"0","Katnbl1"
2.33927812462473e-93,0.589764668029903,0.384,0.226,5.19249565322951e-89,"0","Zfp825"
3.15479260921602e-93,0.268212355398422,0.941,0.82,7.00269315467679e-89,"0","Cse1l"
4.27783768211368e-93,0.33325789913471,0.85,0.694,9.49551630298773e-89,"0","Rpp30"
4.82333574337636e-93,0.46139531943172,0.621,0.425,1.07063583495725e-88,"0","Rnf5"
3.68427342735276e-91,0.301544833095637,0.947,0.844,8.17798172669492e-87,"0","Numa1"
2.6797217357923e-90,0.439750151852251,0.709,0.531,5.94817833693816e-86,"0","Slc25a40"
2.85446707518157e-90,0.41677144701936,0.695,0.51,6.33606056678053e-86,"0","Ddx20"
1.67727363765123e-89,0.31601491606154,0.902,0.777,3.72304429349443e-85,"0","Zcchc8"
3.40218476817382e-89,0.539174428431747,0.505,0.331,7.55182952991544e-85,"0","Lmf2"
3.51538409683047e-89,0.455617240734867,0.581,0.396,7.80309807973459e-85,"0","Tdp1"
5.4420997347832e-89,0.280210144687151,0.927,0.828,1.20798287812983e-84,"0","Klf6"
6.00637591674001e-89,0.300320226699951,0.863,0.677,1.33323526223878e-84,"0","Rfc5"
1.11702421791213e-88,0.546469534927806,0.47,0.303,2.47945865649955e-84,"0","Sit1"
1.59344047505144e-88,0.322597546957912,0.916,0.791,3.53695982247168e-84,"0","Tnks"
4.87372715371887e-88,0.330946766102564,0.892,0.758,1.08182121631098e-83,"0","Elof1"
9.98378860942397e-88,0.296224338980911,0.9,0.77,2.21610155763384e-83,"0","Nup205"
1.56735473496517e-86,0.643277952072288,0.341,0.199,3.4790573052022e-82,"0","H3c1"
3.2945724951261e-86,0.637771987680421,0.374,0.228,7.31296256743139e-82,"0","Dennd2c"
7.37147018984864e-86,0.299100826664054,0.891,0.766,1.6362452380407e-81,"0","Otub1"
9.11545543291679e-86,0.624617117333613,0.419,0.267,2.02335764244454e-81,"0","Ankrd37"
1.18965148564028e-85,0.446020659078997,0.623,0.442,2.64066940267574e-81,"0","Cstf1"
8.27309916088982e-85,0.318279223654157,0.864,0.727,1.83637982074271e-80,"0","Lnpk"
9.78860465339353e-85,0.689543639153639,0.277,0.151,2.17277657491376e-80,"0","Aplf"
2.53447967276617e-84,0.511584480574798,0.475,0.308,5.62578452963906e-80,"0","Dars2"
3.70311923691649e-84,0.515698891754886,0.529,0.362,8.21981377018353e-80,"0","Ctc1"
3.88472199375141e-84,0.46686792117579,0.527,0.351,8.62291740953e-80,"0","Wbp2"
1.06578948016006e-83,0.33908825769765,0.861,0.724,2.36573290911129e-79,"0","Aip"
1.22206665421954e-82,0.424836342716776,0.63,0.451,2.71262135237111e-78,"0","Fam216a"
3.4558395905688e-82,0.605134078069307,0.361,0.217,7.67092713918556e-78,"0","Tbl2"
5.03812137328876e-82,0.316601315931826,0.898,0.8,1.11831180122891e-77,"0","Ifnar2"
8.62639759513721e-82,0.325094256718047,0.842,0.683,1.91480147419261e-77,"0","Bbip1"
8.44754474305255e-81,0.621543919935337,0.356,0.213,1.87510150661537e-76,"0","4930579G24Rik"
1.49022820027515e-80,0.31642950415629,0.908,0.798,3.30785953615074e-76,"0","Grk6"
1.73891968713198e-80,0.297690878657928,0.856,0.694,3.85988002952685e-76,"0","Rcc1"
2.37392822111118e-80,0.405792293361899,0.623,0.443,5.26940847240048e-76,"0","Ublcp1"
5.31747473084146e-80,0.518620335028927,0.447,0.297,1.18031986600488e-75,"0","Runx1"
6.21003466599059e-80,0.269630949587164,0.922,0.839,1.37844139480993e-75,"0","Alkbh5"
6.42742955908402e-80,0.446571185142528,0.557,0.397,1.42669653922988e-75,"0","Mycn"
6.50327415082322e-80,0.344348176161236,0.787,0.619,1.44353176325823e-75,"0","Sephs1"
6.57635374808304e-80,0.283282886621433,0.915,0.797,1.45975324146199e-75,"0","Evi2b"
9.228653799588e-80,0.275241705052895,0.947,0.848,2.04848428389455e-75,"0","Gabpb2"
2.30693215890001e-78,0.32714631656701,0.836,0.689,5.12069731311034e-74,"0","Cklf"
3.11126734262559e-78,0.494010516391637,0.512,0.345,6.90608012042602e-74,"0","Lrch4"
3.62505970544424e-78,0.271140888216808,0.924,0.833,8.04654502817459e-74,"0","Srebf2"
4.41610463156114e-78,0.579663099511213,0.348,0.209,9.80242745067625e-74,"0","Nudt13"
4.73452572347957e-78,0.252356593092336,0.981,0.959,1.05092267484076e-73,"0","Fam162a"
5.362942706687e-78,0.295604415500592,0.893,0.761,1.19041239260331e-73,"0","R3hdm2"
1.35938293391561e-77,0.424062686101063,0.597,0.426,3.01742229841247e-73,"0","Rfx3"
2.30292557685734e-77,0.293011755482693,0.899,0.815,5.11180390295025e-73,"0","Tmem97"
2.46681137210723e-77,0.400548504695746,0.652,0.476,5.47558120266642e-73,"0","Ndufaf3"
3.41553180990049e-77,0.264490833362398,0.959,0.885,7.58145595843612e-73,"0","Vps13b"
4.16354486437255e-77,0.292841110872038,0.936,0.85,9.24182053544775e-73,"0","Rcsd1"
6.77933289237518e-77,0.494648160049492,0.388,0.237,1.50480852212052e-72,"0","Aunip"
7.83090942659532e-77,0.442079255910514,0.494,0.326,1.73822696542136e-72,"0","Ercc6l"
1.68328398906138e-76,0.351058047108905,0.756,0.584,3.73638547051954e-72,"0","Hmg20b"
2.68739909746004e-76,0.459669826909558,0.509,0.344,5.96521977663204e-72,"0","Opa3"
3.93073945771681e-76,0.384093488411622,0.62,0.438,8.725062374294e-72,"0","Mnd1"
4.9813609899237e-76,0.342955570952224,0.797,0.63,1.10571269893336e-71,"0","H2-Q6"
6.06654546165818e-76,0.348534007888215,0.783,0.63,1.34659109612427e-71,"0","Pik3cg"
6.24311784087482e-76,0.543147629500154,0.429,0.279,1.38578486713898e-71,"0","Zcwpw1"
7.35317970840814e-76,0.253648248962223,0.923,0.804,1.63218529987536e-71,"0","Mcph1"
8.67301666877111e-76,0.359080746431784,0.772,0.613,1.92514950996712e-71,"0","Rbm15"
1.37223914974297e-75,0.360520627350717,0.746,0.586,3.04595924068447e-71,"0","Fam168a"
1.39428887583592e-75,0.357602887364649,0.746,0.576,3.094903017693e-71,"0","Pih1d1"
2.36604277535028e-75,0.49007407570511,0.402,0.257,5.25190514844503e-71,"0","St8sia4"
3.03359881462157e-75,0.282057004436845,0.934,0.871,6.73367928881549e-71,"0","Ifrd1"
4.18986214016158e-75,0.459000031124372,0.52,0.35,9.30023699251666e-71,"0","Mepce"
5.72272765823555e-75,0.282902807302579,0.885,0.753,1.27027385829854e-70,"0","Anapc15"
6.38308680130669e-75,0.252461552710286,0.946,0.864,1.41685377728605e-70,"0","Spn"
7.81141144516372e-75,0.296888146430183,0.82,0.647,1.73389899848299e-70,"0","Rbmx2"
9.25235223683148e-75,0.331107293134997,0.84,0.687,2.05374462600948e-70,"0","Tceal9"
1.30834679687962e-74,0.622953316180089,0.302,0.175,2.9041373850337e-70,"0","H2ac6"
2.27874805983373e-73,0.470946928555252,0.49,0.331,5.05813706841292e-69,"0","Tinf2"
2.63404074792426e-73,0.266116147212022,0.915,0.799,5.84678024816749e-69,"0","Nfyb"
6.16951643378339e-73,0.360178766831348,0.741,0.571,1.3694475628069e-68,"0","Epb41l2"
1.67676069962158e-72,0.263214174051394,0.958,0.907,3.72190572495002e-68,"0","Fut8"
2.76041145171019e-72,0.291461812762872,0.89,0.724,6.12728529936111e-68,"0","Rfwd3"
2.89778563529683e-72,0.288994795675032,0.918,0.807,6.43221477466838e-68,"0","Smarcc2"
3.5128121620196e-72,0.493299256814781,0.473,0.315,7.79738915603491e-68,"0","Tube1"
4.17930106679245e-72,0.44324766494974,0.521,0.352,9.2767945779592e-68,"0","Dpagt1"
1.74258646045153e-71,0.388209099948821,0.655,0.484,3.86801916626427e-67,"0","Frmd8"
1.75705647706023e-71,0.441471696402367,0.582,0.418,3.9001382621306e-67,"0","Dynlt1f"
3.00908282799544e-71,0.2562553500026,0.847,0.655,6.67926115330148e-67,"0","Brca2"
7.0266261261789e-71,0.414509693565339,0.574,0.402,1.55970020122793e-66,"0","Ppp2r5d"
7.73262528844788e-71,0.561430595529771,0.372,0.234,1.71641083527678e-66,"0","Chek2"
9.62896984122499e-71,0.309443338878786,0.792,0.639,2.13734243565671e-66,"0","Ddit4"
1.14606089371297e-70,0.259411099991508,0.888,0.765,2.54391136577468e-66,"0","Parp2"
1.71226181878242e-70,0.280992922440224,0.89,0.78,3.80070755915133e-66,"0","Nrros"
1.73034484052956e-70,0.451968484929042,0.48,0.323,3.84084644252348e-66,"0","Nfkbid"
1.96919939355666e-70,0.452610150465329,0.38,0.235,4.37103189387773e-66,"0","Siah1b"
2.40495985067506e-70,0.355946029070691,0.733,0.575,5.33828938054342e-66,"0","Ddhd1"
2.61618076985066e-70,0.261737878541035,0.899,0.794,5.8071364548375e-66,"0","Upf3b"
3.55855966778388e-70,0.305576699022813,0.842,0.701,7.89893489457987e-66,"0","Ap1m1"
4.81967522513321e-70,0.458948939191422,0.418,0.269,1.06982330972282e-65,"0","Ccdc15"
6.56954664068816e-70,0.377295957421643,0.607,0.442,1.45824226783355e-65,"0","Faap24"
9.88075224748963e-69,0.299126122958624,0.801,0.629,2.19323057637527e-64,"0","Spidr"
1.94746946405539e-68,0.257882926344674,0.931,0.848,4.32279796936374e-64,"0","Hdac7"
2.62625413459774e-68,0.257359429633191,0.922,0.822,5.82949630256661e-64,"0","Elf4"
3.17052000850105e-68,0.283909263947974,0.83,0.675,7.03760326286978e-64,"0","Med4"
1.07469131176679e-67,0.286960739735083,0.879,0.753,2.38549230472874e-63,"0","Cux1"
1.3244320152456e-67,0.371111651743445,0.658,0.488,2.93984174424066e-63,"0","Mtmr12"
1.51864465403506e-67,0.339358100665826,0.767,0.617,3.37093553856162e-63,"0","Trappc1"
1.55180212808628e-67,0.263111024730996,0.9,0.773,3.44453518371312e-63,"0","Clasp2"
1.65908443283097e-67,0.369798585817741,0.558,0.384,3.68266971555491e-63,"0","Alg8"
2.64943618317878e-67,0.410067356290883,0.554,0.385,5.88095349580193e-63,"0","Pnkp"
3.19923934433559e-67,0.292888503042924,0.853,0.719,7.10135157262171e-63,"0","Asrgl1"
7.72064288984902e-67,0.263793896381632,0.878,0.73,1.71375110225979e-62,"0","Nxt1"
1.4527485237441e-66,0.373825206197745,0.718,0.558,3.22466589815478e-62,"0","Bckdk"
2.3959921005812e-66,0.40985434339076,0.506,0.347,5.31838366566008e-62,"0","Suv39h2"
3.61718281426941e-66,0.381142264975348,0.56,0.399,8.0290606928338e-62,"0","Fmnl3"
8.04292444959415e-66,0.376535104019253,0.559,0.396,1.78528794007641e-61,"0","Rdh11"
8.90021980991898e-66,0.394015542676038,0.683,0.529,1.97558179120772e-61,"0","Egln3"
1.24875110525084e-64,0.348968755424947,0.746,0.584,2.77185282832528e-60,"0","Cirbp"
1.57329509449085e-64,0.407578646010803,0.498,0.346,3.49224312124135e-60,"0","Atp2b4"
1.7675858280068e-64,0.398710753735452,0.655,0.489,3.9235102624267e-60,"0","Zw10"
1.91195708609956e-64,0.347017816112055,0.754,0.593,4.2439711440152e-60,"0","Rab24"
2.43672925867544e-64,0.337348799716679,0.715,0.555,5.40880793548187e-60,"0","Adprh"
2.46754097201105e-64,0.250975522678527,0.904,0.788,5.47720069557294e-60,"0","Stub1"
2.6816159110261e-64,0.381131144243685,0.64,0.493,5.95238283770463e-60,"0","Insig1"
2.82945289051908e-64,0.402056278898072,0.516,0.358,6.2805365810852e-60,"0","Ddx11"
3.31599157872618e-64,0.550229244107217,0.324,0.2,7.3605065072985e-60,"0","Nab2"
3.98436133567604e-64,0.425034357304718,0.458,0.311,8.84408685680009e-60,"0","Cep164"
5.05123544184768e-64,0.568815092927316,0.31,0.189,1.12122273102693e-59,"0","Hdac6"
7.01909809591373e-64,0.347763742118676,0.741,0.581,1.55802920434997e-59,"0","Cnep1r1"
8.17659388143716e-64,0.387587033354611,0.537,0.376,1.81495854386261e-59,"0","Poc1b"
1.03304860692614e-63,0.354151727380329,0.642,0.476,2.29305799279395e-59,"0","Cdc23"
1.36415516937091e-63,0.395943606465519,0.628,0.461,3.0280152294526e-59,"0","Csrp1"
1.55795498209752e-63,0.345003553921068,0.623,0.451,3.45819267376186e-59,"0","Cep152"
4.7917140899205e-63,0.250428454469073,0.903,0.789,1.06361677653965e-58,"0","Nudt4"
3.59784029832261e-62,0.30762340840141,0.725,0.556,7.98612611018669e-58,"0","Eefsec"
4.10811055835166e-62,0.3629437202914,0.519,0.361,9.11877300637317e-58,"0","Dclre1c"
1.64055455754225e-61,0.321092678480132,0.541,0.37,3.64153895137652e-57,"0","Palb2"
2.22019459670042e-61,0.299370550817068,0.873,0.739,4.92816594629591e-57,"0","Lcorl"
2.57127524526301e-61,0.369277108767947,0.573,0.411,5.70745966191031e-57,"0","Odf2l"
4.79050326261711e-61,0.314125458396299,0.879,0.771,1.06334800920312e-56,"0","Hmgcs1"
9.55909041419681e-61,0.501519021362919,0.405,0.28,2.12183129923927e-56,"0","Tnfsf4"
1.11714298665406e-60,0.344961582506249,0.744,0.613,2.47972228747602e-56,"0","Pim3"
1.97784714653681e-60,0.502068992895697,0.442,0.309,4.39022731116775e-56,"0","Klf2"
2.08424511717368e-60,0.326392343092587,0.723,0.568,4.62639888659042e-56,"0","Mif4gd"
4.80317738010386e-60,0.266975449294893,0.854,0.705,1.06616128306165e-55,"0","Hmgxb4"
1.18214298444146e-59,0.345406280326655,0.899,0.818,2.62400278256471e-55,"0","Ulbp1"
2.06876704209487e-59,0.381107779387376,0.579,0.43,4.59204220333799e-55,"0","Podnl1"
4.02836961790387e-59,0.491111227084781,0.409,0.273,8.94177204086121e-55,"0","Setd4"
1.73955758239998e-58,0.264577239067468,0.834,0.691,3.86129596565324e-54,"0","Btbd9"
5.14169142167272e-58,0.484413768776693,0.333,0.212,1.14130124486869e-53,"0","H4c9"
1.06436460477888e-57,0.317483012047376,0.552,0.388,2.36257011322769e-53,"0","Mgme1"
1.08377612808122e-57,0.352282271875526,0.571,0.413,2.40565787150189e-53,"0","Abhd10"
1.33200997518114e-57,0.326725043933793,0.697,0.54,2.95666254190958e-53,"0","N4bp2"
1.43866836658391e-57,0.36533369148998,0.566,0.405,3.1934121733063e-53,"0","Unkl"
2.1290232229207e-57,0.306352691412148,0.741,0.577,4.72579284791708e-53,"0","Trappc9"
1.07709578434619e-56,0.2861613535552,0.709,0.553,2.39082951251323e-52,"0","Zbtb20"
1.42423507164632e-56,0.284871754258951,0.855,0.724,3.16137458853334e-52,"0","Gltp"
2.27244237294395e-56,0.570025515914744,0.261,0.157,5.04414033522369e-52,"0","Fbxl8"
2.31251824454805e-56,0.431377599165401,0.346,0.222,5.1330967474233e-52,"0","Cyb561a3"
2.48331188310425e-56,0.373447839366923,0.6,0.436,5.5122073869265e-52,"0","Nrm"
6.25093654875532e-56,0.261446049194437,0.802,0.654,1.38752038572722e-51,"0","Gstcd"
6.52663966937992e-56,0.308658226929216,0.729,0.582,1.44871820741226e-51,"0","Ttc32"
1.21631449714691e-55,0.263310427357713,0.802,0.652,2.69985328931701e-51,"0","Hmbs"
1.4856884144153e-55,0.34474395089049,0.629,0.473,3.29778257347764e-51,"0","Vrk3"
4.75741254240686e-55,0.425723391282812,0.364,0.238,1.05600286203805e-50,"0","BC055324"
1.10164375075533e-54,0.535408716736538,0.277,0.169,2.44531863355161e-50,"0","Mutyh"
1.53497050111438e-54,0.292395529943591,0.891,0.773,3.40717402132358e-50,"0","Creb1"
2.15132834390205e-54,0.36407498184231,0.548,0.397,4.77530352495938e-50,"0","Rtel1"
4.51157508942042e-54,0.413539885305437,0.36,0.236,1.00143432259865e-49,"0","Snrnp35"
6.93079546348919e-54,0.292235063189757,0.825,0.7,1.5384286690307e-49,"0","Aaas"
1.17413154864146e-53,0.404018278300759,0.422,0.285,2.60621979851944e-49,"0","Pop4"
1.28612402954089e-53,0.327577177888988,0.572,0.412,2.85480950837192e-49,"0","2700049A03Rik"
1.60960814417955e-53,0.281790477501463,0.756,0.593,3.57284719763534e-49,"0","Agfg2"
1.94466515291421e-53,0.350854708559885,0.572,0.412,4.31657323992366e-49,"0","Hmgn2-ps"
3.21339750550885e-53,0.379864551690351,0.499,0.356,7.13277844297799e-49,"0","Lclat1"
3.60924492375741e-53,0.305764612890749,0.801,0.69,8.01144095726433e-49,"0","Sqle"
3.72917437034041e-53,0.454848840748863,0.314,0.199,8.2776483498446e-49,"0","Mpst"
3.99530857847815e-53,0.49068108121234,0.303,0.193,8.86838645164795e-49,"0","Xrcc2"
4.36393340635169e-53,0.261579701544621,0.732,0.569,9.68662298207885e-49,"0","AW554918"
6.42382476540854e-53,0.405024843794652,0.391,0.26,1.42589638317773e-48,"0","Aldh16a1"
2.52610440423028e-52,0.558656935869069,0.272,0.175,5.60719394606994e-48,"0","Plk2"
2.7332320776165e-52,0.334189618898348,0.552,0.396,6.06695524268535e-48,"0","Shc1"
3.21257833909865e-52,0.4228630611316,0.424,0.301,7.13096013929728e-48,"0","Gpr183"
5.92679710264124e-52,0.290513642184015,0.676,0.515,1.31557115287328e-47,"0","Tmco4"
9.74271733015103e-52,0.309202181911705,0.695,0.555,2.16259096577362e-47,"0","Fdft1"
1.12351319386299e-51,0.330740657571544,0.564,0.439,2.49386223641767e-47,"0","Maml3"
2.06656387262906e-51,0.380886113041779,0.409,0.278,4.58715182807473e-47,"0","Ahdc1"
2.59789711703023e-51,0.305014469985144,0.677,0.52,5.76655223067199e-47,"0","Ttc9c"
2.78253437256357e-51,0.293559373326449,0.43,0.3,6.17639154677935e-47,"0","Gtdc1"
4.7447800756594e-51,0.406039698524321,0.327,0.211,1.05319883339412e-46,"0","Pcyt1a"
1.16564009457404e-50,0.423969882772198,0.363,0.24,2.587371317926e-46,"0","Haus5"
3.83472469189648e-50,0.359068483471756,0.911,0.887,8.51193839860261e-46,"0","Cdkn1a"
2.60423258205767e-49,0.314006672031061,0.584,0.431,5.78061506239341e-45,"0","U2af1l4"
3.09154649095982e-49,0.297079819945975,0.66,0.512,6.86230574598352e-45,"0","L3mbtl2"
3.28992281075728e-49,0.278398112956692,0.9,0.848,7.30264166303793e-45,"0","Bnip3"
3.49635419384839e-49,0.428326841098028,0.377,0.26,7.76085740408527e-45,"0","Inka2"
4.86713851693016e-49,0.390621233837611,0.368,0.248,1.08035873660299e-44,"0","Ccdc14"
1.85366185962891e-48,0.486708625924618,0.268,0.17,4.11457322981829e-44,"0","Zfp382"
3.16883624217098e-48,0.315563292502527,0.551,0.394,7.03386580674692e-44,"0","B9d2"
4.28564410639829e-48,0.447070562384002,0.325,0.213,9.51284422297229e-44,"0","Smpd1"
5.1508714652719e-48,0.374204270977795,0.43,0.298,1.1433389391464e-43,"0","Cenpo"
5.82478194452913e-48,0.434617932081746,0.631,0.542,1.29292684822713e-43,"0","Phlda3"
1.2418105358327e-47,0.279856904694523,0.522,0.375,2.75644684638783e-43,"0","2810408I11Rik"
1.54944276173225e-47,0.420536566084226,0.318,0.206,3.43929809821707e-43,"0","Zmym3"
1.97673136803215e-47,0.315851154681713,0.555,0.412,4.38775061762096e-43,"0","Ppp1r12b"
7.85401659908586e-47,0.259977356905812,0.712,0.552,1.74335606449909e-42,"0","Gmeb1"
9.99260432512827e-47,0.41420617617177,0.66,0.551,2.21805838204872e-42,"0","Emp3"
1.11553227413167e-46,0.393637328958151,0.478,0.343,2.47614698889008e-42,"0","Mapk3"
1.31191130681308e-46,0.314442173117631,0.592,0.45,2.91204952773299e-42,"0","Cdin1"
1.51997414735797e-46,0.303035987523115,0.598,0.447,3.37388661489048e-42,"0","Rnf181"
2.01778793465862e-46,0.367415587582081,0.421,0.29,4.47888387856174e-42,"0","Ftsj1"
2.03140369251003e-46,0.534328913279949,0.251,0.158,4.50910677626451e-42,"0","Mylpf"
2.5830074867406e-46,0.266179932052727,0.783,0.675,5.73350171831811e-42,"0","Msmo1"
2.80293292561576e-46,0.287346628505463,0.442,0.318,6.22167021498929e-42,"0","Sgk1"
2.20109612915861e-45,0.384321463101935,0.334,0.221,4.88577307789336e-41,"0","E2f5"
5.90488965549197e-45,0.327621385114567,0.457,0.324,1.31070835682955e-40,"0","Ano10"
1.08452342697281e-44,0.430343540350045,0.303,0.198,2.40731665085156e-40,"0","Fam122b"
1.44379459908581e-44,0.317826662476118,0.469,0.333,3.20479087159078e-40,"0","Slc25a1"
3.88649849242358e-44,0.406006820172042,0.267,0.169,8.62686070363263e-40,"0","Carf"
5.53115621088239e-44,0.340453635956649,0.496,0.364,1.22775074412956e-39,"0","Cby1"
6.24443571799327e-44,0.45966495545879,0.259,0.164,1.38607739632297e-39,"0","Haghl"
6.56607621847974e-44,0.380022736820335,0.305,0.199,1.45747193821595e-39,"0","Fancb"
7.00260264352893e-44,0.265143198991515,0.657,0.505,1.55436770878412e-39,"0","Nf1"
8.02193752219099e-44,0.28932143889863,0.621,0.476,1.78062947180073e-39,"0","Actr6"
8.1573393083375e-44,0.30834309007746,0.489,0.349,1.81068460627168e-39,"0","Tmem107"
1.05779437467502e-43,0.254260674087401,0.779,0.645,2.34798617346615e-39,"0","Isca2"
1.07744243397746e-43,0.387345414022902,0.368,0.252,2.39159897069976e-39,"0","Cenpu"
3.46039351967967e-43,0.324497102615153,0.525,0.387,7.68103549563296e-39,"0","Cep44"
4.43839706520318e-43,0.297163046474885,0.428,0.299,9.8519099656315e-39,"0","Fanci"
4.80446621802911e-43,0.352300701969268,0.398,0.274,1.06644736641592e-38,"0","Wrap73"
5.89343382261312e-43,0.259693154176213,0.716,0.564,1.30816550560543e-38,"0","Cenpj"
6.14079886486934e-43,0.407616255715447,0.314,0.209,1.36307312403505e-38,"0","Mns1"
6.23250630441071e-43,0.265023850766161,0.807,0.703,1.38342942439004e-38,"0","Pigf"
1.62895711075637e-42,0.366872268129559,0.353,0.239,3.61579609874591e-38,"0","Chkb"
4.28924893497365e-42,0.484657431130088,0.357,0.256,9.520845860961e-38,"0","Rgs12"
4.78976502020402e-42,0.410657844823825,0.3,0.199,1.06318414153469e-37,"0","Btbd8"
6.44737147989755e-42,0.26493951749067,0.682,0.527,1.43112304739286e-37,"0","Cep135"
1.1133161923616e-41,0.45533597095528,0.25,0.159,2.47122795218504e-37,"0","Arf2"
1.32766844760889e-41,0.317872060883378,0.397,0.283,2.94702565315744e-37,"0","Dapk2"
1.88573062000309e-41,0.375060524883454,0.366,0.253,4.18575625722086e-37,"0","Slc25a25"
2.41439817501456e-41,0.362833492682306,0.334,0.224,5.35923962907982e-37,"0","Lmnb2"
2.55602296728406e-41,0.346036185671773,0.325,0.227,5.67360418048042e-37,"0","Tox"
4.80718552353969e-41,0.325167914456119,0.429,0.303,1.0670509706601e-36,"0","Afmid"
4.85907283491503e-41,0.327983993478026,0.473,0.345,1.07856839716609e-36,"0","E130307A14Rik"
6.23974190168414e-41,0.252234198197568,0.622,0.472,1.38503550991683e-36,"0","Lrwd1"
7.68364586262113e-41,0.309787680165634,0.547,0.409,1.70553887212601e-36,"0","Cyth2"
8.2934660252076e-41,0.308009214299943,0.455,0.328,1.84090065361533e-36,"0","Mtmr14"
9.45822118232994e-41,0.252452838172692,0.705,0.566,2.09944135584178e-36,"0","Thoc6"
1.25812707651683e-40,0.265424057657739,0.551,0.413,2.7926646717444e-36,"0","Rdm1"
1.82720158056848e-40,0.269354834309042,0.775,0.651,4.05583934838785e-36,"0","Rasa3"
2.38975382580351e-40,0.317080795777081,0.431,0.315,5.30453656713606e-36,"0","Ccdc88a"
2.98933855594984e-40,0.261184785420886,0.648,0.503,6.63543479264187e-36,"0","Ehmt2"
6.3516636534463e-40,0.369168717936673,0.34,0.232,1.40987878115548e-35,"0","Katnb1"
6.94201062101075e-40,0.369881192421964,0.367,0.255,1.54091809754576e-35,"0","Phka2"
9.74817005429629e-40,0.385453889333503,0.346,0.24,2.16380130695215e-35,"0","Ift80"
1.17119182174744e-39,0.250313381329907,0.617,0.485,2.59969448673278e-35,"0","Prag1"
2.16254590766968e-39,0.28196707475557,0.562,0.422,4.80020315125438e-35,"0","Taf6"
3.154180365775e-39,0.307509347534833,0.673,0.538,7.00133415791078e-35,"0","Carhsp1"
3.71064540030176e-39,0.316310334342022,0.548,0.425,8.23651959504982e-35,"0","Hsd17b7"
3.92136747120141e-39,0.25428393759149,0.673,0.535,8.70425937582577e-35,"0","Sdhaf4"
5.69616768249027e-39,0.287373411443313,0.5,0.366,1.26437834048237e-34,"0","Zmym1"
6.55684631817315e-39,0.43576579216838,0.328,0.236,1.45542317724489e-34,"0","Map3k20"
1.06147648857877e-38,0.266075026812477,0.606,0.456,2.35615936169829e-34,"0","Cdc7"
1.84683233258972e-38,0.263948145202259,0.581,0.441,4.09941372864939e-34,"0","Tmem237"
2.03996525595198e-38,0.380559468184859,0.298,0.2,4.5281108786366e-34,"0","Zfp810"
2.20477731651607e-38,0.336158961208022,0.339,0.233,4.89394420947071e-34,"0","Rhbdf2"
2.22516141600009e-38,0.338548069157897,0.279,0.183,4.93919079509539e-34,"0","Gm19605"
2.99881667445172e-38,0.289976837394372,0.564,0.421,6.65647337228048e-34,"0","Gpaa1"
3.61024118038716e-38,0.256400885565073,0.689,0.551,8.01365234810538e-34,"0","Rcbtb2"
3.82952037386001e-38,0.262781394298824,0.568,0.438,8.50038637385705e-34,"0","Cntln"
4.77299798108271e-38,0.316439822905935,0.415,0.301,1.05946236186093e-33,"0","Zfpm1"
4.91835644729742e-38,0.319528894928358,0.556,0.427,1.09172758060661e-33,"0","Ccp110"
6.54245253306736e-38,0.360747823969237,0.289,0.192,1.45222818876496e-33,"0","Tmco6"
7.08902611323087e-38,0.357533778346564,0.359,0.249,1.57355112635386e-33,"0","Ctdsp1"
1.36052967578541e-37,0.317775521575575,0.345,0.236,3.01996772134088e-33,"0","Cdr2"
2.15932483722438e-37,0.306488664147209,0.486,0.362,4.79305334118695e-33,"0","Slc2a9"
2.30533114427211e-37,0.304191974940478,0.419,0.306,5.11714354094081e-33,"0","Milr1"
4.48037542070624e-37,0.269619670722195,0.531,0.392,9.94508932134164e-33,"0","Ccdc167"
4.64351627664988e-37,0.265633264090908,0.948,0.904,1.03072130792797e-32,"0","Crip1"
4.67243188211378e-37,0.36342820035502,0.329,0.236,1.03713970487279e-32,"0","Cd80"
6.07817797033603e-37,0.300720181905643,0.461,0.338,1.34917316407549e-32,"0","Rufy3"
7.07804199847628e-37,0.318916522826739,0.406,0.29,1.57111298240178e-32,"0","Ap1s2"
7.84801606226253e-37,0.287248045163635,0.453,0.329,1.74202412534041e-32,"0","Spice1"
8.35182346841406e-37,0.250070523602052,0.532,0.392,1.85385425528387e-32,"0","Tmem230"
2.28441276873138e-36,0.269364607907641,0.536,0.398,5.07071102275305e-32,"0","Pias4"
2.83772011890198e-36,0.316678562902205,0.393,0.282,6.29888734792673e-32,"0","Hspa4l"
2.93332356937108e-36,0.278953882881054,0.506,0.382,6.51109832693298e-32,"0","Dusp4"
3.54455471932087e-36,0.64444020868245,0.457,0.394,7.86784811047654e-32,"0","Gm42047"
3.92467411584062e-36,0.317334598423285,0.355,0.248,8.71159913493143e-32,"0","Pbx2"
5.30646125037293e-36,0.316366513050907,0.358,0.251,1.17787520374528e-31,"0","Retreg2"
5.71338422934793e-36,0.312372915747756,0.383,0.273,1.26819989738836e-31,"0","Det1"
1.22387247020475e-35,0.262563444485849,0.649,0.516,2.71662972211347e-31,"0","1700017B05Rik"
1.43075993148234e-35,0.27713493820025,0.452,0.33,3.17585781991136e-31,"0","Pip5k1c"
1.60651834436371e-35,0.309889629355859,0.4,0.284,3.56598876898414e-31,"0","Tmem94"
2.31299476836197e-35,0.289436033723379,0.482,0.366,5.13415448733308e-31,"0","Hemgn"
5.25614864405198e-35,0.293413451304096,0.474,0.358,1.16670731452022e-30,"0","Relb"
5.41517220325652e-35,0.259430223305229,0.489,0.361,1.20200577395685e-30,"0","Mettl4"
2.14908494616749e-34,0.32930614327367,0.296,0.201,4.77032385500798e-30,"0","Gtpbp8"
2.3919448963562e-34,0.320275084026298,0.375,0.267,5.30940008644187e-30,"0","Ccdc51"
4.84607521591638e-34,0.348926876013391,0.271,0.18,1.07568331567696e-29,"0","Mus81"
7.02648547141903e-34,0.287239320405762,0.443,0.329,1.55966898009088e-29,"0","Gnasas1"
2.43030080943629e-33,0.303542183732807,0.328,0.228,5.39453870670573e-29,"0","Nek4"
3.55217928161403e-33,0.321068271383572,0.306,0.21,7.88477235139865e-29,"0","Zfp850"
3.65270255280814e-33,0.250352049239339,0.649,0.518,8.10790385646823e-29,"0","Ttll5"
4.38798783099727e-33,0.281124870577968,0.518,0.405,9.74001658846463e-29,"0","Fads2"
1.10479358080674e-32,0.279132824314897,0.413,0.3,2.45231031131671e-28,"0","Nfic"
1.13969504908601e-32,0.285482345271431,0.366,0.264,2.52978110045621e-28,"0","Tbxa2r"
1.70071969467068e-32,0.315495768707746,0.686,0.573,3.7750875062605e-28,"0","Rasgrp2"
2.28633945329418e-32,0.295709897802748,0.418,0.304,5.07498768447709e-28,"0","Armt1"
3.49621309939347e-32,0.298530611561126,0.522,0.407,7.76054421672368e-28,"0","Pdcl"
1.05594299822765e-31,0.311097090149194,0.296,0.203,2.34387667316591e-27,"0","Dnajc4"
5.7046735376526e-31,0.278241667880121,0.472,0.363,1.26626638515275e-26,"0","Lpin1"
6.92953348880566e-31,0.333052403579674,0.37,0.273,1.53814854851019e-26,"0","Pmaip1"
8.07526375353658e-31,0.281544147986666,0.373,0.27,1.79246629537252e-26,"0","Cryl1"
8.4848969517773e-31,0.250655998326189,0.56,0.436,1.88339257638601e-26,"0","Med31"
8.50323735624237e-31,0.255606862321239,0.47,0.354,1.88746359596512e-26,"0","Mvk"
1.1455178105144e-30,0.331826530375387,0.259,0.176,2.54270588399882e-26,"0","Snx11"
1.17784437127022e-30,0.262672360500622,0.55,0.428,2.61446115090852e-26,"0","Grhpr"
1.33031566535037e-30,0.272609835788669,0.466,0.346,2.95290168237822e-26,"0","Paxx"
1.65287844296172e-30,0.260249667549093,0.468,0.362,3.66889427984214e-26,"0","Adgre5"
1.76991334205209e-30,0.250008066648867,0.516,0.389,3.92867664535302e-26,"0","Atpsckmt"
3.4956112561007e-30,0.328413117765808,0.268,0.183,7.75920830516673e-26,"0","Zfp953"
5.09798228035536e-30,0.328648304385179,0.285,0.197,1.13159912677048e-25,"0","Rfx1"
5.30839285044971e-30,0.27328406820799,0.558,0.432,1.17830396101432e-25,"0","Tcf19"
7.49235253659459e-30,0.260038375206512,0.406,0.301,1.6630774925479e-25,"0","Cuedc1"
7.61370012774285e-30,0.363891182185545,0.28,0.196,1.69001301735508e-25,"0","Trp53i13"
8.578592177434e-30,0.292986339049563,0.295,0.206,1.90419010562503e-25,"0","Glt8d1"
1.1657597432446e-29,0.299329129013996,0.315,0.222,2.58763690208004e-25,"0","Chtf18"
1.32993753204923e-29,0.322613361932186,0.297,0.211,2.95206233988969e-25,"0","Zfp318"
2.35776066641888e-29,0.272751988495183,0.386,0.281,5.23352135124999e-25,"0","Cdk5"
4.77676970020847e-29,0.268077060764911,0.398,0.291,1.06029957035527e-24,"0","Pkmyt1"
6.21136997691261e-29,0.358397545840167,0.721,0.653,1.37873779377529e-24,"0","Sh2d1a"
2.9427305041869e-28,0.274844121510059,0.797,0.689,6.53197890014365e-24,"0","Rb1"
5.11202603137672e-28,0.296870201885235,0.423,0.321,1.13471641818469e-23,"0","Dyrk3"
6.32266977357846e-28,0.340197272887556,0.268,0.19,1.40344300964121e-23,"0","Crybg3"
7.06947539343876e-28,0.260550995526991,0.319,0.227,1.5692114530816e-23,"0","Tcirg1"
7.65661635774536e-28,0.274977349766692,0.284,0.197,1.69953913292874e-23,"0","Tmem186"
9.01244810421513e-28,0.318896461552863,0.319,0.231,2.00049310569263e-23,"0","Tmem43"
1.65767015667652e-27,0.251911326219591,0.251,0.172,3.67953044677486e-23,"0","Zscan21"
1.49053705850739e-26,0.384662577379092,0.26,0.185,3.30854510876885e-22,"0","Dmwd"
4.89354839233805e-26,0.263375947697989,0.309,0.22,1.08622093664728e-21,"0","Tmem265"
7.38536767211155e-26,0.49063476469703,0.38,0.307,1.6393300621786e-21,"0","Serpine2"
1.22540087238618e-25,0.283390205216132,0.365,0.275,2.72002231643561e-21,"0","Heg1"
7.54404552814347e-25,0.259984438969334,0.267,0.189,1.67455178588201e-20,"0","Zc3h12a"
8.22708951461778e-25,0.306933497310026,0.253,0.18,1.82616705955971e-20,"0","Fosl1"
2.61476870226175e-24,0.335053216591129,0.255,0.181,5.80400208841041e-20,"0","Mrnip"
2.7972811832321e-24,0.255890816500778,0.282,0.2,6.2091250424203e-20,"0","Med16"
3.22867181657664e-24,0.264675915428226,0.258,0.181,7.16668283125518e-20,"0","Slc25a14"
5.56243280072191e-24,0.28061010560619,0.328,0.243,1.23469320877624e-19,"0","Ctdsp2"
6.38915298090892e-23,0.255188295473739,0.272,0.196,1.41820028717235e-18,"0","Sertad3"
6.48711810820003e-22,0.251962444973176,0.266,0.195,1.43994560647716e-17,"0","Ak4"
3.91435602259115e-21,0.282354160806765,0.292,0.215,8.68869606334558e-17,"0","Zbtb45"
1.80287516668313e-20,0.431995540119439,0.442,0.372,4.00184200748655e-16,"0","Tmem37"
9.63441469332235e-18,0.251713404655556,0.271,0.204,2.13855102947676e-13,"0","Cchcr1"
1.38759925454936e-15,0.254245136408879,0.713,0.679,3.08005406532321e-11,"0","Setbp1"
1.59969542955083e-11,0.257481794157781,0.543,0.476,3.55084394497398e-07,"0","Klrd1"
2.80680337502877e-09,0.308425729368619,0.254,0.211,6.23026145155136e-05,"0","Tcf7"
2.08547084008757e-05,0.25993196825129,0.576,0.528,0.462911962374237,"0","Ighm"
0,1.28017414094865,0.56,0.266,0,"1","Serpine2"
0,1.49144780141495,0.78,0.492,0,"1","Kdm5b"
0,1.8814502292853,0.38,0.116,0,"1","Mxd4"
0,1.26287959700525,0.778,0.557,0,"1","Neb"
0,0.914762181210064,0.912,0.793,0,"1","Btg1"
0,0.992582545194315,0.929,0.826,0,"1","Prr13"
0,0.901752347788581,0.948,0.849,0,"1","S100a11"
0,1.09486291117044,0.928,0.838,0,"1","Nabp1"
0,0.663517280693394,0.985,0.947,0,"1","Atxn1"
0,0.741472934662779,0.979,0.95,0,"1","S100a13"
0,0.77686577135837,0.992,0.963,0,"1","Ccng1"
0,0.805942655203462,0.996,0.975,0,"1","Il2ra"
0,0.814760096848208,0.985,0.974,0,"1","Srgn"
0,0.852903383816279,0.997,0.987,0,"1","Ccnd2"
0,0.539318372414058,0.996,0.987,0,"1","Ndfip1"
0,0.815047715989604,0.997,0.991,0,"1","S100a10"
0,0.386247724371203,0.999,0.997,0,"1","Arpc5"
0,0.537543718149166,1,0.999,0,"1","Laptm5"
0,0.614581197701227,0.999,0.998,0,"1","Inpp4b"
1.39622951514736e-320,0.675424628937031,0.971,0.942,3.0992106547726e-316,"1","Chsy1"
4.37192909436863e-316,0.835924176251787,0.92,0.812,9.70437101077004e-312,"1","Gm19585"
1.94303992433762e-312,0.338450410930453,1,1,4.31296572005221e-308,"1","Tmsb4x"
8.34134609361495e-311,0.412632161936621,0.999,0.998,1.85152859239971e-306,"1","Jarid2"
1.42891756129191e-304,0.850428389868469,0.822,0.59,3.17176831079965e-300,"1","Zmat3"
2.6773826827294e-300,0.345449085759212,0.999,0.998,5.94298634085444e-296,"1","Rps27l"
6.69486694045415e-299,0.508874695221344,0.996,0.991,1.48605961477261e-294,"1","Macf1"
4.87586393289293e-297,0.92453937531704,0.873,0.715,1.08229551718424e-292,"1","Ahnak"
3.1593744359644e-291,0.877655011162032,0.983,0.952,7.01286343551018e-287,"1","S100a6"
2.22523245783915e-289,0.800449734308494,0.888,0.778,4.93934848666557e-285,"1","Ube2h"
5.49550874668423e-289,0.465872497473903,0.996,0.993,1.2198380765015e-284,"1","Fli1"
2.11048996404657e-286,0.610563659323783,0.992,0.974,4.68465457319416e-282,"1","Vim"
2.13821612724099e-286,0.311554554373039,1,0.999,4.74619833763682e-282,"1","Myl6"
7.37108955698657e-281,0.592099938414899,0.988,0.967,1.63616074896431e-276,"1","Pvt1"
1.82303256784836e-280,0.792349398390898,0.93,0.858,4.04658539085301e-276,"1","Mctp2"
8.27443079525975e-277,0.599856558839699,0.982,0.961,1.83667540362381e-272,"1","Gramd1b"
1.00903446688412e-275,1.05480902568903,0.782,0.631,2.23975380614269e-271,"1","Capg"
3.61704530610394e-273,0.71084164447603,0.945,0.887,8.02875546595892e-269,"1","Ppm1h"
1.18462197912369e-268,0.519091671676922,0.998,0.997,2.62950540706086e-264,"1","Foxp1"
9.72002523763229e-264,0.556337934688626,0.968,0.928,2.15755400199724e-259,"1","Traf3ip3"
3.35807879861867e-263,0.475336840466492,0.995,0.989,7.45392750929386e-259,"1","Cd53"
6.94495194566855e-263,1.04362093844145,0.686,0.472,1.54157098338005e-258,"1","Gpr55"
2.59032742847752e-261,0.316910416388683,1,1,5.74974979299155e-257,"1","Ptprc"
3.63834650257446e-259,0.423480334683516,0.998,0.995,8.07603773176454e-255,"1","Gimap3"
3.02841200615948e-258,0.944682102152486,0.872,0.777,6.72216613007219e-254,"1","Vav3"
3.52531238536795e-257,1.04496242375244,0.767,0.62,7.82513590180123e-253,"1","Entpd1"
3.23252966302376e-253,0.335852516361603,0.999,0.998,7.17524609301384e-249,"1","Fxyd5"
2.36767554977151e-249,0.709727895124515,0.927,0.861,5.25552941782782e-245,"1","Cd28"
4.45754537058677e-249,1.30299252323403,0.629,0.416,9.89441345909145e-245,"1","Lilrb4a"
1.32391063650454e-246,1.40956969496291,0.509,0.279,2.93868443984913e-242,"1","Gm17767"
1.29812705768658e-244,1.20898966795964,0.65,0.447,2.8814526299469e-240,"1","Lilrb4b"
1.7535790968905e-244,0.563006915885781,0.961,0.945,3.89241952136785e-240,"1","Cstb"
2.72185018052088e-243,0.982316694802983,0.863,0.748,6.04169084570219e-239,"1","P2ry14"
8.62229799301795e-243,0.732197870060648,0.95,0.921,1.91389148551019e-238,"1","Ctsd"
1.04933059939261e-241,0.681051758448576,0.905,0.821,2.32919913147177e-237,"1","Glipr1"
2.56821430902515e-241,0.804359516224233,0.956,0.934,5.70066530174312e-237,"1","Cblb"
6.32059923856933e-237,0.592942760904057,0.99,0.973,1.40298341298523e-232,"1","Ctla2a"
8.91271439413893e-237,0.286788087747038,1,0.998,1.97835521406702e-232,"1","Pdia3"
1.11995264994563e-232,0.437887855632055,0.983,0.977,2.48595889708431e-228,"1","Selenok"
7.52930916829336e-229,0.382776070408208,0.993,0.987,1.67128075608608e-224,"1","Fermt3"
2.63894011056381e-228,0.525074879588828,0.992,0.984,5.85765536341849e-224,"1","Akap13"
4.21103085584583e-228,0.593331611636477,0.956,0.937,9.34722519072098e-224,"1","Gimap5"
8.77949456374788e-228,0.318117900730887,0.998,0.996,1.94878440831512e-223,"1","Bax"
2.68906232154639e-226,0.453272714450143,0.99,0.986,5.96891163513652e-222,"1","Pdia6"
5.93886469687874e-225,0.363938484935387,0.999,0.998,1.31824979676617e-220,"1","Dock10"
2.67190129880832e-222,0.309776206561585,0.996,0.99,5.93081931296483e-218,"1","mt-Nd5"
3.82872683532059e-221,0.474664209142624,0.991,0.985,8.49862495636111e-217,"1","Nfkb1"
2.1058018781483e-217,1.0409415084894,0.685,0.506,4.67424842892578e-213,"1","Adam8"
4.00538535593379e-215,1.41143648075918,0.538,0.329,8.89075387456624e-211,"1","Adamts6"
5.65752372253004e-215,0.822371074834133,0.799,0.669,1.25580054068999e-210,"1","Sytl3"
6.32385561198247e-211,0.666290135609736,0.929,0.848,1.40370623019175e-206,"1","Gadd45g"
8.4334567660191e-208,0.54506216568395,0.948,0.916,1.87197439835326e-203,"1","Ptk2b"
1.3304280185658e-207,1.87143112888026,0.381,0.186,2.9531510728105e-203,"1","Havcr2"
4.65779148615045e-207,0.517825894945674,0.98,0.974,1.03388997618081e-202,"1","Dnajc1"
4.72406852730213e-207,0.631185561175843,0.931,0.85,1.04860149100525e-202,"1","Pdcd4"
6.73607901984462e-206,0.449851123638009,0.983,0.97,1.49520746003491e-201,"1","Rsrp1"
3.57576352653887e-205,0.98101714288048,0.704,0.536,7.93712229985832e-201,"1","Ifi214"
4.3998152531935e-205,0.402553536408867,0.996,0.992,9.76626991751362e-201,"1","Calr"
5.36122004667276e-204,0.422672687383482,1,0.999,1.19003001375995e-199,"1","Cd52"
1.71128224366063e-199,1.06936102975533,0.778,0.638,3.79853319625349e-195,"1","AA467197"
1.01838021676236e-198,0.606376783227131,0.963,0.91,2.26049856714742e-194,"1","Tnfrsf9"
1.65628132303582e-198,0.470506170305091,0.964,0.941,3.67644765274261e-194,"1","Taok3"
1.92144834755728e-198,0.994105638640504,0.553,0.338,4.26503889707289e-194,"1","Fbxl20"
1.20184433125448e-197,0.323941487421991,0.999,0.999,2.66773386208557e-193,"1","Bcl2"
3.33929518769566e-197,1.07781055569493,0.586,0.395,7.41223352812805e-193,"1","Lrrk1"
3.61452963612477e-196,0.704328827359653,0.82,0.708,8.02317143330616e-192,"1","Trpv2"
5.13517810117915e-196,0.41192532941796,0.985,0.978,1.13985548311874e-191,"1","Sh3kbp1"
1.51164210054488e-193,2.27122223635625,0.422,0.232,3.35539197057948e-189,"1","Il24"
2.12567860256323e-193,0.337977451843535,1,0.994,4.71836879410961e-189,"1","Cdk6"
2.57146431264186e-193,0.390029556425525,1,0.996,5.70787933477113e-189,"1","Hspa5"
4.73812794559828e-192,0.35836262884059,0.993,0.983,1.05172226008445e-187,"1","Pdcd6ip"
5.25263071663303e-191,0.802968180118087,0.779,0.641,1.16592644017103e-186,"1","Myo1f"
7.14341617394617e-191,0.425953920295694,0.985,0.974,1.58562408813083e-186,"1","Lcp2"
7.6821955192054e-191,1.15323111826724,0.578,0.391,1.70521693939802e-186,"1","Gm35113"
1.92115430357965e-190,0.419426036256778,0.992,0.988,4.26438620765575e-186,"1","Camk4"
2.87984195493232e-190,0.914914388109929,0.828,0.711,6.39238518736326e-186,"1","Lgals3"
7.05425654338246e-190,1.03928449823933,0.699,0.529,1.5658333249346e-185,"1","Asb2"
9.14864022776823e-189,0.748081724987835,0.876,0.788,2.03072367135771e-184,"1","Emilin2"
2.67221734797895e-188,0.445363345086014,0.979,0.957,5.93152084730887e-184,"1","Ptpn22"
3.11381140788973e-188,0.880367958598248,0.702,0.558,6.91172718209283e-184,"1","Gm39323"
6.10497488197292e-188,0.268049083289878,0.998,0.997,1.35512127455153e-183,"1","Arpc3"
6.07235021850887e-187,0.419778825319673,0.982,0.966,1.34787957800241e-182,"1","Trip12"
4.78212900721966e-186,0.650143194939778,0.862,0.773,1.06148917573255e-181,"1","Samsn1"
9.45744183876018e-186,0.29286314430645,0.999,0.998,2.0992683649496e-181,"1","Cd3e"
4.4306419391727e-185,0.913945985587376,0.69,0.508,9.83469591238165e-181,"1","Zfp608"
5.23107794662453e-184,0.705231427209828,0.86,0.79,1.16114237181225e-179,"1","Mgat5"
1.69170062162042e-182,0.452983922065162,0.999,0.997,3.75506786981084e-178,"1","Gzmb"
3.43357354339067e-182,0.529784172490076,0.945,0.911,7.62150319426426e-178,"1","Lsp1"
6.30177949779472e-181,0.564424897612117,0.904,0.828,1.39880599512549e-176,"1","Filip1l"
6.76436086879117e-181,1.25542182529769,0.594,0.416,1.50148518204557e-176,"1","Il7r"
6.06582950079265e-180,0.42600430903996,0.992,0.982,1.34643217429094e-175,"1","Tax1bp1"
9.40457896924106e-180,0.514654718891464,0.936,0.862,2.08753439380244e-175,"1","Ptp4a3"
2.16837981506692e-179,0.337696016801943,0.992,0.984,4.81315267550403e-175,"1","Srp72"
5.92773505219997e-179,0.967482083485513,0.677,0.511,1.31577934953683e-174,"1","Plxdc2"
1.78362443270272e-178,1.251424279535,0.687,0.542,3.95911115327022e-174,"1","Serpinb6b"
1.92959026480072e-178,0.380930363815503,0.998,0.996,4.28311151077815e-174,"1","Wnk1"
6.74673589692667e-178,0.559784547243249,0.915,0.859,1.49757296704081e-173,"1","Mbnl2"
9.95697678873972e-177,0.742279899201324,0.842,0.765,2.21015013779656e-172,"1","Dusp5"
3.06941905534741e-176,0.388789617162559,0.982,0.971,6.81318947715464e-172,"1","Septin9"
4.58944321398573e-176,0.318287127848182,0.997,0.997,1.01871871020841e-171,"1","Cd3g"
4.97268262469349e-175,0.59146173194619,0.927,0.868,1.10378636220321e-170,"1","Arap2"
3.10902462442931e-174,0.602723587140713,0.966,0.938,6.90110195884575e-170,"1","Fndc3a"
7.39286717668602e-174,0.554993991780476,0.927,0.864,1.64099472720899e-169,"1","Slamf7"
3.6459061977197e-172,0.52334212190197,0.961,0.937,8.09281798707842e-168,"1","Nedd9"
3.83561771204212e-172,0.925910620968225,0.591,0.415,8.51392063541989e-168,"1","Garin3"
1.16248814528171e-170,0.721443311701767,0.792,0.684,2.58037493608182e-166,"1","Zbtb38"
1.49855778679262e-168,0.525490501085683,0.966,0.951,3.32634871934358e-164,"1","Rasgrp1"
8.3463424363574e-168,0.548727398814606,0.943,0.908,1.85263763059825e-163,"1","Chd7"
7.24514207879612e-167,0.615794839886008,0.847,0.746,1.60820418723037e-162,"1","Zbtb32"
7.96846566536128e-166,0.611866047604503,0.859,0.787,1.76876032374024e-161,"1","Gnaq"
1.7208111833637e-164,0.526287012213516,0.918,0.87,3.8196845837124e-160,"1","Pik3r1"
4.46550272214963e-164,0.638228476209061,0.815,0.709,9.91207639235553e-160,"1","Crybg1"
8.07832880353877e-164,1.24549520171501,0.377,0.201,1.7931466445215e-159,"1","Gm30054"
1.00123644449755e-163,0.395971337373042,0.994,0.99,2.22244453585121e-159,"1","Lrrc8c"
1.4414075814959e-163,0.553887073825566,0.894,0.844,3.19949240864645e-159,"1","Cep250"
4.65994194506336e-162,0.310634954941732,0.997,0.993,1.03436731354571e-157,"1","Gimap4"
9.45584642286375e-162,0.559409101995846,0.91,0.855,2.09891423048307e-157,"1","Mbd5"
1.69280183565013e-161,0.489244812742107,0.949,0.883,3.75751223459259e-157,"1","Rbl2"
9.35918999970298e-161,1.18396451459622,0.479,0.299,2.07745940423407e-156,"1","Specc1"
1.11205853092142e-160,0.506057491113557,0.906,0.852,2.46843632108628e-156,"1","Zfc3h1"
4.23135646089038e-160,0.425377934795012,0.974,0.873,9.39234193623838e-156,"1","Cdkn1a"
6.33178487706403e-160,0.610446221713936,0.924,0.894,1.4054662891619e-155,"1","Man1a"
1.2801517114655e-159,0.606505614443451,0.807,0.678,2.84155275393997e-155,"1","Dgka"
1.73185206394436e-159,0.355927308304761,0.982,0.973,3.8441920263373e-155,"1","Hcls1"
4.21562401611845e-159,0.427306324410048,0.993,0.988,9.35742062857812e-155,"1","Lgals1"
3.08927423466714e-158,1.51336763258914,0.377,0.206,6.85726201869064e-154,"1","Ltb4r1"
8.38087837566285e-158,0.579459014864155,0.828,0.745,1.86030357304588e-153,"1","Anxa7"
5.28936397819415e-157,0.949261576670923,0.861,0.795,1.17408012223975e-152,"1","Lta"
5.92526232641548e-157,0.668629646557353,0.78,0.664,1.31523047859444e-152,"1","Tulp4"
6.64915067931491e-157,0.648638339083079,0.827,0.722,1.47591197628753e-152,"1","Il21r"
2.34420019197713e-156,0.729656123598735,0.783,0.669,5.20342116613163e-152,"1","Ctla2b"
4.22689585105236e-156,0.750549347264082,0.683,0.51,9.38244072058093e-152,"1","Mgmt"
3.70624063450294e-155,0.690798358375153,0.827,0.732,8.22674233640617e-151,"1","Wdr44"
5.52087515720731e-155,0.452759454620463,0.993,0.989,1.22546865864531e-150,"1","Runx3"
3.46672836702203e-153,0.709327574817575,0.65,0.462,7.69509695627881e-149,"1","Trp53inp1"
5.82694341572776e-153,0.395643718838028,0.965,0.957,1.29340662998909e-148,"1","Tmem30a"
1.28304768615549e-152,0.462501598360229,0.94,0.909,2.84798094895934e-148,"1","Rinl"
1.29405842524884e-152,0.549932014573649,0.875,0.799,2.87242148652485e-148,"1","Pnrc1"
9.60956140113248e-152,0.394193066306261,0.969,0.952,2.13303434420938e-147,"1","Anxa6"
1.67326034896916e-151,0.433877444639197,0.983,0.973,3.71413599660685e-147,"1","Stat4"
1.12417052115487e-150,0.340278818464693,0.992,0.985,2.49532130580746e-146,"1","Tes"
1.55905450108482e-149,0.38497479091693,0.863,0.771,3.46063327605798e-145,"1","Sqstm1"
1.60547830789017e-149,0.448829045963173,0.94,0.907,3.5636802000238e-145,"1","Cast"
3.36246135366237e-149,1.33157212090851,0.475,0.307,7.46365546672437e-145,"1","Srgap3"
2.5866957525075e-148,0.59169857839336,0.856,0.783,5.7416885618409e-144,"1","Bcl2l1"
4.89357026900298e-148,0.372979461970747,0.973,0.961,1.08622579261059e-143,"1","Ccdc12"
9.38626836987219e-148,0.844489836003776,0.744,0.638,2.08346999006053e-143,"1","Cd44"
1.49607602819718e-147,0.905620679638842,0.527,0.357,3.32083995978929e-143,"1","Rnasel"
1.95731726105866e-147,0.806606758038958,0.648,0.502,4.3446571243719e-143,"1","Tnfrsf13b"
3.1307999400282e-147,0.547240757150099,0.849,0.778,6.94943662688059e-143,"1","Serinc1"
5.2324721000681e-147,0.789602443880112,0.809,0.712,1.16145183205212e-142,"1","Icos"
6.07629359496929e-147,0.40316110879994,0.965,0.947,1.34875488927533e-142,"1","Dennd1b"
9.67537755813691e-147,0.935948273267827,0.621,0.475,2.14764355657965e-142,"1","Mxi1"
1.96091706594846e-146,0.417998812743646,0.958,0.912,4.35264761128579e-142,"1","Csnk1g1"
5.53954305869629e-144,0.787564860391942,0.784,0.692,1.22961237273882e-139,"1","Nfat5"
1.39791357073892e-143,0.369410725287078,0.982,0.971,3.10294875296918e-139,"1","Lnpep"
4.13797565844394e-143,0.444565865932999,0.938,0.908,9.18506456904801e-139,"1","Wdr26"
3.79345111423143e-142,0.668624372592354,0.704,0.532,8.42032343825951e-138,"1","Dglucy"
1.21689709973393e-140,0.585263869443866,0.829,0.745,2.70114649227941e-136,"1","Snx9"
1.86205712375985e-139,1.77788940451654,0.295,0.146,4.13320819760974e-135,"1","Tent5a"
1.14908996544971e-138,0.307084619528179,0.997,0.994,2.55063499630873e-134,"1","Ablim1"
2.2517991073792e-138,0.713718596210594,0.736,0.615,4.99831847864961e-134,"1","Plec"
8.98182340079424e-137,0.292391740204921,0.994,0.99,1.9936953402743e-132,"1","Ostf1"
9.59143505839607e-137,0.599549655601827,0.856,0.784,2.12901083991217e-132,"1","Gprin3"
1.35941229508577e-136,0.719934284788234,0.683,0.539,3.01748747140188e-132,"1","Plscr1"
7.14332295075236e-136,0.436531667710986,0.92,0.882,1.5856033953785e-131,"1","Paip2"
3.17178035949201e-134,0.588531772498596,0.892,0.825,7.0404008639644e-130,"1","Anxa2"
3.95989590756584e-134,0.586531383035599,0.85,0.805,8.78978094602389e-130,"1","Txk"
8.42997314962248e-134,0.604968324674658,0.764,0.666,1.8712011400217e-129,"1","Acbd5"
1.48441390872647e-131,0.342768591666721,0.981,0.969,3.29495355320015e-127,"1","Glipr2"
1.63102259760158e-131,1.21699805665973,0.309,0.156,3.62038085989622e-127,"1","Marcks"
1.70461561446714e-131,0.333416016875841,0.98,0.965,3.78373527943271e-127,"1","Commd3"
2.11904578186108e-131,0.957208641288708,0.5,0.339,4.70364592199704e-127,"1","Slc25a24"
2.29678371170399e-131,0.97118886567905,0.397,0.227,5.09817080486935e-127,"1","Cd80"
2.77144049969406e-131,0.688857277153828,0.709,0.605,6.1517664771709e-127,"1","Anxa5"
5.13365878710331e-131,0.913048106848434,0.497,0.33,1.13951824097332e-126,"1","Ifi209"
1.39023146826787e-130,1.84828740189114,0.632,0.482,3.08589679011419e-126,"1","Spp1"
2.811138828405e-130,0.638615077491324,0.832,0.779,6.23988485741059e-126,"1","Tnik"
3.54193639554608e-130,0.591205489429079,0.809,0.724,7.86203621719363e-126,"1","Glrx"
7.24267617636734e-130,1.26327431953185,0.334,0.184,1.60765683086826e-125,"1","Gm15473"
1.62191025577263e-129,1.20317680096874,0.452,0.298,3.60015419473851e-125,"1","Furin"
2.06624481783441e-129,0.715656640041713,0.694,0.578,4.58644362214704e-125,"1","Vsir"
2.83323631174772e-129,0.789746963503264,0.61,0.459,6.28893464118642e-125,"1","Lrrc28"
4.11742964842727e-129,0.277542249592278,0.999,0.999,9.13945859061402e-125,"1","Hsp90b1"
9.50964354725568e-128,1.57315728228597,0.297,0.149,2.11085557818434e-123,"1","Maf"
1.12085271912612e-127,0.497648022207068,0.886,0.838,2.48795678064425e-123,"1","Sec24a"
1.9399892978039e-127,0.374758574040034,0.977,0.968,4.30619424433531e-123,"1","Selenos"
3.35037910245834e-127,0.974085269366196,0.74,0.616,7.43683649372677e-123,"1","S100a4"
6.58737636198812e-127,0.566826846573423,0.838,0.777,1.4621999310705e-122,"1","Capn2"
1.30907009035565e-126,0.29242012034088,0.99,0.99,2.90574287956243e-122,"1","Sec11c"
2.67026791697821e-126,0.474821433101892,0.908,0.872,5.92719369531654e-122,"1","Pstpip1"
1.08950667263437e-125,0.552073720838064,0.779,0.681,2.41837796124651e-121,"1","Parp4"
1.75994220128572e-125,0.410473399886433,0.944,0.928,3.90654370419391e-121,"1","Acsl4"
2.54190705924254e-125,0.287010974344451,0.991,0.986,5.64227109940067e-121,"1","Glrx3"
4.36201262997805e-125,0.863146781582965,0.698,0.609,9.68235943476227e-121,"1","a"
1.45688286346444e-124,0.513924881339126,0.914,0.889,3.23384289203203e-120,"1","Aopep"
1.53274006327038e-124,0.564529117361529,0.892,0.846,3.40222311844126e-120,"1","Itgav"
2.23976477857255e-124,0.67191705312482,0.72,0.613,4.97160587899749e-120,"1","Atxn7l1"
3.19692887206283e-124,0.270340898244608,0.992,0.987,7.09622301731785e-120,"1","Vcp"
4.45796058228931e-124,1.20752116556258,0.293,0.149,9.89533510450759e-120,"1","Dcxr"
1.51004448618936e-122,2.35133792761152,0.272,0.138,3.35184574599451e-118,"1","Il10"
3.46707259895856e-122,0.653615068903775,0.834,0.769,7.69586104790831e-118,"1","Tmem163"
1.0361105374448e-121,1.41425233872606,0.298,0.158,2.29985455996622e-117,"1","Pak6"
1.44647159458697e-121,0.430191488125227,0.908,0.866,3.21073299850469e-117,"1","Utrn"
5.60355864111371e-121,0.757922736086134,0.651,0.535,1.24382191156801e-116,"1","Dcun1d3"
6.2720325255506e-121,0.443281987141602,0.926,0.915,1.39220305969647e-116,"1","Rasa1"
9.85303478192615e-121,0.308133948825998,0.99,0.988,2.18707813054415e-116,"1","Hectd1"
5.12753162299001e-120,0.323854014901297,0.99,0.984,1.13815819435509e-115,"1","H2aj"
2.32481002001984e-119,0.946168307757596,0.407,0.252,5.16038080143805e-115,"1","Trp53cor1"
1.48504955843977e-118,0.970593812291233,0.475,0.319,3.29636450486876e-114,"1","Itgb3"
1.21949055544072e-117,0.374823287079412,0.967,0.955,2.70690318591178e-113,"1","Agpat3"
2.59487020425404e-117,0.709790475676665,0.578,0.418,5.75983339238269e-113,"1","Fas"
2.68766408321925e-117,0.278207768217681,0.992,0.989,5.96580796552178e-113,"1","Sri"
2.90509435562963e-117,0.998280790717588,0.498,0.347,6.4484379411911e-113,"1","S100a1"
3.54131973913865e-117,0.441568874358412,0.982,0.981,7.86066742496606e-113,"1","Fam107b"
4.08875485170117e-117,1.16357206109643,0.449,0.305,9.07580914432109e-113,"1","Mir155hg"
1.2378072567251e-116,0.737840358931527,0.718,0.625,2.7475607677527e-112,"1","Sytl2"
1.475464142381e-116,0.438979959565593,0.902,0.854,3.27508775684311e-112,"1","Kidins220"
4.91589140811148e-116,1.77818734513547,0.269,0.136,1.0911804158585e-111,"1","Cysltr1"
6.03020878939639e-116,0.444393199135256,0.898,0.851,1.33852544498232e-111,"1","Abcb9"
2.07834652473305e-115,0.678563566253169,0.681,0.567,4.61330578094995e-111,"1","Dusp6"
4.28956220362757e-115,0.677754878539703,0.646,0.513,9.52154122339211e-111,"1","Mapkapk3"
4.516028281033e-115,0.29215157888264,0.998,0.998,1.00242279754089e-110,"1","Itk"
1.02794899410715e-114,0.366431131275891,0.949,0.931,2.28173838221963e-110,"1","Map1lc3b"
1.09065612038969e-114,0.531328366450095,0.799,0.735,2.42092939042899e-110,"1","Nckap1l"
4.39345175817192e-114,0.483624661538104,0.839,0.781,9.75214486761422e-110,"1","Lonp2"
7.2440413621769e-114,0.938351102394041,0.605,0.471,1.60795986116241e-109,"1","Bcl2a1b"
7.34746170583283e-114,0.416174456123929,0.931,0.904,1.63091607484371e-109,"1","Taco1"
2.39933961245334e-113,0.43406049539643,0.934,0.897,5.32581413776268e-109,"1","Phc3"
4.81126092708568e-113,0.466248005297019,0.95,0.939,1.06795558798521e-108,"1","Rabgap1l"
6.70755429860206e-113,0.283538056358865,0.999,0.997,1.4888758276607e-108,"1","Rapgef6"
7.58058923547223e-113,0.469027750540898,0.903,0.876,1.68266339259777e-108,"1","Peak1"
1.79190411758451e-112,0.382964990382223,0.998,0.998,3.97748956980234e-108,"1","Satb1"
2.37489919148382e-112,0.62275491122587,0.73,0.632,5.27156373533665e-108,"1","Pik3r5"
2.93302130933547e-112,0.564210923750588,0.787,0.706,6.51042740033194e-108,"1","Uty"
4.85871645523692e-112,0.285764190616457,0.992,0.988,1.07848929156894e-107,"1","Cd247"
1.22200764106967e-111,0.278849492870984,0.991,0.984,2.71249036088235e-107,"1","Arhgap30"
5.07715527524765e-111,0.394691572443852,0.925,0.886,1.12697615644672e-106,"1","Myo1g"
1.17662998196207e-110,0.329254247927328,0.978,0.975,2.61176557096121e-106,"1","Itgal"
1.59687481629811e-110,0.495184003902995,0.816,0.746,3.54458302973691e-106,"1","Baz2a"
2.05062447819024e-110,0.343686771734494,0.966,0.955,4.55177115423889e-106,"1","Cd37"
2.42196795011503e-110,0.294633097952416,0.981,0.972,5.37604225887032e-106,"1","Gpx1"
7.93830672518901e-110,0.395234849295539,0.946,0.912,1.7620659437902e-105,"1","Epsti1"
1.50348710953283e-109,0.28958435752854,0.993,0.989,3.33729033703002e-105,"1","Il2rb"
1.70789922597877e-109,0.717954228519598,0.654,0.542,3.79102391190507e-105,"1","Traf1"
3.04758052777165e-109,0.415860868427581,0.905,0.864,6.76471449749474e-105,"1","Rps6ka1"
4.98475737650288e-109,1.01713581705617,0.375,0.233,1.10646659486235e-104,"1","Gna15"
6.41376114201127e-109,0.810612618265379,0.544,0.414,1.42366256069224e-104,"1","Pdcd1lg2"
4.20125009008921e-108,0.339967249139557,0.963,0.952,9.32551482497102e-104,"1","Gabarap"
5.04175426398703e-108,0.720167765482342,0.586,0.453,1.1191181939772e-103,"1","Slc17a9"
1.6225277315249e-107,0.700926576107817,0.706,0.568,3.60152480566582e-103,"1","Ifitm2"
5.62461827847444e-107,0.294078258645693,0.99,0.985,1.24849651927297e-102,"1","Reep5"
6.37180425162253e-107,0.307773179105456,0.983,0.967,1.41434938973265e-102,"1","Sp100"
8.02864508191826e-107,0.707426940915465,0.603,0.477,1.7821183488334e-102,"1","Lncpint"
8.09979103850269e-107,0.396973481999335,0.967,0.952,1.79791061681644e-102,"1","Pitpnc1"
1.34114150935522e-106,0.401221524028254,0.943,0.924,2.97693180831579e-102,"1","Chd2"
3.99940175188028e-106,0.633294838433338,0.705,0.609,8.87747206864866e-102,"1","Lax1"
1.01392689179683e-105,0.775818322574692,0.642,0.523,2.25061352172142e-101,"1","Gcnt2"
1.37339018018452e-105,0.776288988590929,0.578,0.448,3.04851418295557e-101,"1","Abhd18"
2.64278298135734e-105,0.559765064289883,0.757,0.684,5.86618538371888e-101,"1","Crot"
2.71929655501449e-105,0.265595981641379,0.987,0.983,6.03602256316567e-101,"1","Vasp"
2.81930211262731e-105,0.537209075571755,0.836,0.773,6.25800489939884e-101,"1","Ass1"
9.10183154351191e-105,0.763767691261294,0.582,0.453,2.02033354771334e-100,"1","Btg2"
1.10481036829791e-104,0.807813492910654,0.488,0.348,2.45234757451088e-100,"1","Cpeb4"
2.34087080071137e-104,0.645749613649811,0.758,0.67,5.19603091633903e-100,"1","Abtb2"
2.84649958653856e-104,0.467379347242846,0.905,0.896,6.31837513223964e-100,"1","Sik3"
5.04622056274327e-104,0.409829194039388,0.866,0.823,1.12010957831212e-99,"1","Chmp5"
2.4144713601133e-103,0.946965155753476,0.385,0.241,5.35940207804349e-99,"1","Neurl3"
6.87241965068813e-103,0.787805633319296,0.584,0.478,1.52547098986325e-98,"1","Bcr"
7.82295502744031e-103,0.613825381676989,0.821,0.757,1.73646132744093e-98,"1","Arhgef3"
1.61337466482053e-102,0.30004959949469,0.991,0.986,3.58120774350214e-98,"1","Fkbp1a"
2.2469060422406e-102,0.284429975201978,0.981,0.978,4.98745734196145e-98,"1","Chmp4b"
5.46810502639559e-102,0.392231461115711,0.93,0.908,1.21375527270903e-97,"1","Rala"
6.65886240762215e-102,0.937507991036206,0.666,0.566,1.47806768861989e-97,"1","Slc24a3"
1.53594970508507e-101,0.486146821114309,0.893,0.839,3.40934756037732e-97,"1","Prkch"
2.55953887316979e-101,0.366940627263134,0.942,0.912,5.68140843677498e-97,"1","Auh"
6.16622078518911e-101,0.502835941245863,0.847,0.785,1.36871602768843e-96,"1","Card11"
6.9984080929014e-101,0.524392857702394,0.779,0.702,1.55343664438132e-96,"1","Sh3bgrl"
1.85405607136321e-100,0.474543670762685,0.837,0.785,4.11544826160492e-96,"1","Mtmr3"
2.22529015223137e-100,0.279306500379412,0.982,0.977,4.93947655090797e-96,"1","Ube2b"
6.75444782623108e-100,0.45157357701772,0.851,0.813,1.49928478398851e-95,"1","Mindy3"
9.08861752090946e-100,0.411007246146587,0.934,0.915,2.01740043111627e-95,"1","Osbpl8"
1.65751459604394e-99,0.431082337209083,0.886,0.844,3.67918514883873e-95,"1","Cd96"
1.67136687996109e-99,0.325812590757152,0.961,0.941,3.70993306344963e-95,"1","Abi1"
3.56334094681963e-99,0.317342296279704,0.971,0.957,7.90954789965553e-95,"1","D16Ertd472e"
5.28421314769024e-99,1.22515669325527,0.362,0.228,1.1729367923928e-94,"1","Epas1"
6.63452201197391e-99,0.9522486251758,0.43,0.298,1.47266485099785e-94,"1","Trim16"
1.95837479642611e-98,1.07842849512832,0.303,0.173,4.34700453562703e-94,"1","Prrg4"
3.35654036474735e-98,0.595832715437634,0.821,0.788,7.4505126476297e-94,"1","Ccr5"
4.3841401244666e-98,1.07131572557891,0.349,0.216,9.73147583427852e-94,"1","Mxd1"
2.96171177639659e-97,0.69771518683034,0.707,0.606,6.57411163006751e-93,"1","Tnfsf8"
5.93681709015226e-97,0.491223065535912,0.854,0.801,1.3177952895011e-92,"1","Mgat4a"
7.87842053675283e-97,0.277065809050838,0.985,0.982,1.74877300654303e-92,"1","Wipf1"
1.13375436848459e-96,0.866878385918995,0.515,0.382,2.51659457172525e-92,"1","Frmd4b"
1.35924551992793e-96,0.364856577358547,0.915,0.891,3.01711728058403e-92,"1","Golga7"
1.9897824326574e-96,0.391608686964377,0.94,0.922,4.41672006576963e-92,"1","Inpp5d"
2.14826769258846e-96,0.885155271229596,0.536,0.409,4.7685097972386e-92,"1","Cxcr6"
2.38332134044769e-96,0.786200258900769,0.473,0.337,5.29025837939175e-92,"1","Manba"
3.3138707783264e-96,0.373284352434332,0.906,0.873,7.3557989666511e-92,"1","Stat3"
5.16786766686837e-96,1.04270488270536,0.368,0.237,1.14711158601477e-91,"1","Firre"
6.43607780240455e-96,0.533965448010611,0.767,0.693,1.42861618979974e-91,"1","Igf2r"
1.32241948278868e-95,0.558225210183296,0.802,0.735,2.93537452594603e-91,"1","Gm56906"
1.14817234613849e-94,0.631040866012318,0.633,0.522,2.54859815672361e-90,"1","Rmdn1"
3.27536340004383e-94,0.270579052192558,0.987,0.983,7.27032413907728e-90,"1","Ddx6"
8.18452308741399e-94,0.609119024258425,0.668,0.569,1.81671858971328e-89,"1","Impact"
1.95745103725664e-93,0.297540193437742,0.993,0.991,4.34495406739855e-89,"1","Ankrd44"
2.15233062022837e-93,0.325504076070203,0.958,0.943,4.77752827772091e-89,"1","Erbin"
2.29443625304852e-93,0.298761477558652,0.966,0.963,5.09296015089179e-89,"1","Trappc4"
4.55202362038029e-93,0.534653189596826,0.932,0.93,1.01041268301581e-88,"1","Rbpj"
5.86367584144294e-93,0.356336130377861,0.942,0.924,1.30156012652509e-88,"1","Gng2"
1.39562179682348e-92,0.484653905141194,0.825,0.759,3.09786170240908e-88,"1","Foxo1"
1.58747047854447e-92,0.44476357346158,0.836,0.788,3.52370822122517e-88,"1","Golgb1"
2.01811824018174e-92,0.792227432172459,0.455,0.323,4.4796170577314e-88,"1","Atosa"
2.65787775529287e-92,0.47346728312486,0.811,0.718,5.89969125342358e-88,"1","Chd9"
5.61821162212386e-92,0.990243475805754,0.465,0.338,1.24707443376283e-87,"1","Lmna"
5.86346874166968e-92,0.488240623007206,0.86,0.821,1.30151415658842e-87,"1","F2r"
6.09677882126407e-92,0.359718379309826,0.895,0.858,1.35330199495599e-87,"1","Ubl3"
6.4123012929003e-92,1.0179361373585,0.294,0.168,1.42333851798508e-87,"1","Irak2"
6.88336781532772e-92,0.284876459066384,0.962,0.951,1.52790115396829e-87,"1","Mcl1"
1.01269446959932e-91,0.513130220808881,0.749,0.669,2.24787791416962e-87,"1","Rara"
1.45295446786916e-91,1.25067640932402,0.275,0.154,3.22512303232916e-87,"1","Ptpn5"
1.70681626993043e-91,1.12032925669688,0.276,0.153,3.78862007436457e-87,"1","Cd55"
3.57320398994454e-91,0.351260776974562,0.91,0.89,7.93144089647989e-87,"1","Smim15"
1.34543006318365e-90,0.325623699636983,0.952,0.931,2.98645111124874e-86,"1","Thyn1"
2.34584616003081e-90,0.720375442119458,0.506,0.362,5.20707472142039e-86,"1","Tmem37"
3.09970805874454e-90,0.737044322369524,0.446,0.312,6.88042197799525e-86,"1","Ikbke"
4.56983522209908e-90,0.412572824700881,0.86,0.826,1.01436632424933e-85,"1","Psd4"
7.65914311333353e-90,0.65669759668324,0.798,0.758,1.70009999686664e-85,"1","Eif2ak3"
8.98458205844189e-90,0.526433360374024,0.7,0.613,1.99430767951235e-85,"1","Aga"
1.94408987226463e-89,0.345814303847855,0.952,0.934,4.3152962894658e-85,"1","Cog5"
8.72936852464546e-89,1.39019208143551,0.278,0.159,1.93765793141555e-84,"1","Tnfrsf8"
1.18101197283631e-88,0.333911843610152,0.94,0.922,2.62149227610475e-84,"1","Zfand6"
1.88091970057762e-88,0.690826053497485,0.536,0.414,4.17507745937214e-84,"1","Rab19"
2.05590336759539e-88,0.562302758943487,0.657,0.564,4.56348870505149e-84,"1","Slc33a1"
2.28180250347323e-88,1.024689203729,0.401,0.275,5.06491701695954e-84,"1","Tmem154"
2.28673873190786e-88,0.363943622637893,0.893,0.866,5.07587396321587e-84,"1","Csnk1g3"
3.8597643976398e-88,0.804750615640436,0.45,0.318,8.56751903344107e-84,"1","Tmem71"
5.08389146721448e-88,0.295607425271582,0.981,0.975,1.1284713889776e-83,"1","Usp25"
5.38093729840399e-88,0.979961201915346,0.38,0.255,1.19440665212673e-83,"1","Gm30373"
5.56510643717554e-88,0.679780096854747,0.603,0.495,1.23528667585985e-83,"1","Pros1"
5.92505362176331e-88,0.752556033943726,0.432,0.299,1.3151841524228e-83,"1","Crebrf"
8.94447715314968e-88,0.517984360024706,0.818,0.769,1.98540559368463e-83,"1","Bhlhe40"
1.03898421130118e-87,1.14110255479366,0.331,0.21,2.30623325382523e-83,"1","F2rl2"
1.88397397474708e-87,0.659483574230099,0.773,0.7,4.1818570317461e-83,"1","Cd160"
2.59253654946418e-87,0.722154390266282,0.677,0.601,5.75465337884564e-83,"1","Ece1"
2.83217691105831e-87,0.895191883787623,0.345,0.217,6.28658308947614e-83,"1","Nipal3"
4.7723447799736e-87,0.634865630774341,0.583,0.471,1.05931737081074e-82,"1","Dennd1c"
6.2330344891944e-87,0.396430967557466,0.846,0.761,1.38354666556648e-82,"1","Polk"
2.86146263094886e-86,0.899767687705534,0.267,0.146,6.35158860191718e-82,"1","5830418P13Rik"
3.1637046500818e-86,0.396865166731476,0.859,0.825,7.02247521178657e-82,"1","Atp6v1a"
3.70809225497203e-86,0.291667600662312,0.961,0.958,8.23085237836141e-82,"1","Tbrg1"
3.93775543303599e-86,0.368500985698135,0.921,0.887,8.74063573470998e-82,"1","Gimap8"
2.35980509315242e-85,0.676591264863502,0.567,0.453,5.23805936527044e-81,"1","Lamc1"
1.80832164662471e-84,0.438776450680553,0.794,0.742,4.01393155901286e-80,"1","Kdm4c"
2.07723285702081e-84,0.26709115234617,0.985,0.982,4.6108337727291e-80,"1","Gimap7"
3.41703844076523e-84,0.516615618360849,0.692,0.602,7.58480022696658e-80,"1","Bin1"
4.6910314868557e-84,0.387168045294237,0.856,0.816,1.04126825913736e-79,"1","Uso1"
4.9210122323476e-84,0.522216070697398,0.736,0.672,1.0923170852142e-79,"1","Crem"
5.4459477342034e-84,0.43823090475056,0.758,0.7,1.20883701856113e-79,"1","Sdf2"
1.00120209934669e-83,0.804494055798223,0.474,0.346,2.22236829991984e-79,"1","Mx1"
1.76931605619401e-83,0.754510053989913,0.477,0.358,3.92735084993384e-79,"1","Itm2c"
2.95855558902626e-83,0.509894243118654,0.739,0.679,6.56710584096158e-79,"1","Rhof"
5.47159050468471e-83,0.34742871137807,0.903,0.878,1.21452894432486e-78,"1","Akirin1"
9.9889079132625e-83,0.259819164175409,0.986,0.982,2.21723788950688e-78,"1","Stk39"
1.18970821483481e-82,1.01137907529544,0.334,0.215,2.64079532446883e-78,"1","Ninj2"
1.24293988745e-82,0.4185899630277,0.821,0.769,2.75895366817276e-78,"1","Chfr"
1.59891368117009e-82,0.507714300068736,0.719,0.645,3.54910869809324e-78,"1","Chm"
2.77303886101305e-82,0.979135719783448,0.386,0.262,6.15531435979067e-78,"1","Ell2"
4.23410650691152e-82,0.339276242134263,0.938,0.912,9.3984462133915e-78,"1","Tnrc6b"
6.84389446624368e-82,0.570600765387219,0.63,0.536,1.51913925467211e-77,"1","Stx7"
8.77652431820931e-82,0.68336258182307,0.58,0.465,1.94812510291292e-77,"1","A330023F24Rik"
1.05511532734881e-81,0.481286749002064,0.8,0.762,2.34203949211615e-77,"1","Il12rb1"
2.05339197934913e-81,0.665040738828672,0.538,0.426,4.55791417656126e-77,"1","Evi2a"
3.06777842288047e-81,0.744065659012243,0.423,0.288,6.80954776526777e-77,"1","Tnfsf4"
4.12643459140859e-81,0.354479787242331,0.891,0.856,9.15944686254965e-77,"1","Krit1"
4.71405929706921e-81,0.618204388327668,0.608,0.504,1.04637974217045e-76,"1","Gpr174"
4.84120102645489e-81,0.702027316860957,0.501,0.38,1.07460139184219e-76,"1","Kdm7a"
7.74168913696028e-81,0.518845332917451,0.815,0.763,1.71842273773107e-76,"1","Rhoq"
8.61927501157485e-81,0.50352377072659,0.805,0.737,1.91322047431927e-76,"1","Bach2"
9.39711361049611e-81,0.471515518979329,0.747,0.676,2.08587730812182e-76,"1","Rb1cc1"
2.14892464057305e-80,0.974956096006258,0.546,0.446,4.76996802468001e-76,"1","Acpp"
2.63804905880563e-80,0.460449651199824,0.749,0.679,5.85567749583085e-76,"1","3830406C13Rik"
2.84632561569023e-80,0.384422657415108,0.89,0.863,6.3179889691476e-76,"1","Cst7"
3.5899473669765e-80,0.447057312607324,0.78,0.711,7.96860617047774e-76,"1","Galnt6"
4.82809498937565e-80,0.517175823496345,0.658,0.552,1.07169224479171e-75,"1","Ripor2"
4.83434442456621e-80,0.354304003996593,0.895,0.86,1.07307943192096e-75,"1","Snx4"
1.05287137894642e-79,0.532763892472114,0.687,0.606,2.33705859984736e-75,"1","Gm20186"
1.68147291367424e-79,0.271929554487302,0.987,0.981,3.73236542648271e-75,"1","Zcchc7"
4.2876209827493e-79,0.438731721816026,0.795,0.748,9.51723229540862e-75,"1","Ift20"
4.37587447819701e-79,0.820615199911012,0.314,0.193,9.7131285792539e-75,"1","2010016I18Rik"
4.89756578173057e-79,0.260002920843446,0.997,0.996,1.08711267657073e-74,"1","Arhgap15"
1.31645818184082e-78,0.36189138586148,0.924,0.898,2.92214222623207e-74,"1","Tex2"
1.39304410400732e-78,0.438700383834104,0.791,0.751,3.09213999766506e-74,"1","Rnh1"
1.77207308402935e-78,0.396330146287251,0.838,0.798,3.93347062461994e-74,"1","Tmbim4"
2.80242904154053e-78,0.78953341574482,0.386,0.265,6.22055174350751e-74,"1","Ypel5"
3.52756087589703e-78,0.492460216076705,0.748,0.691,7.83012687622864e-74,"1","Tspan31"
3.54090126981389e-78,0.44161750973037,0.776,0.699,7.85973854860589e-74,"1","Arhgap18"
6.97079328589183e-78,0.670556125244247,0.527,0.422,1.54730698566941e-73,"1","Pbxip1"
1.82953778231256e-77,0.55332525333747,0.653,0.561,4.06102501539919e-73,"1","Rreb1"
3.76574813059195e-77,1.26745263213322,0.592,0.49,8.35883112547496e-73,"1","Prf1"
4.22500298858102e-77,0.602858164857721,0.569,0.463,9.37823913375329e-73,"1","Elk3"
4.80322876663973e-77,0.676721083629836,0.579,0.477,1.06617268933102e-72,"1","Ppp1r3b"
6.90260886666958e-77,0.452153456228497,0.871,0.817,1.53217209013465e-72,"1","Zswim6"
7.88771362242499e-77,0.314461424668818,0.92,0.902,1.75083579276968e-72,"1","Kdm5a"
1.10637885042231e-76,0.417240035832101,0.845,0.816,2.4558291342824e-72,"1","Aff4"
1.55624827437268e-76,0.309416600041213,0.916,0.906,3.45440429462504e-72,"1","Ccny"
1.60907514179456e-76,0.419431621294127,0.859,0.824,3.57166409224139e-72,"1","Itgb2"
1.95552017059508e-76,0.415450886700882,0.845,0.803,4.34066812266989e-72,"1","Eeig1"
2.02002792511685e-76,0.361801183541215,0.866,0.839,4.48385598538187e-72,"1","Tmx3"
2.28853641010474e-76,0.599238596302031,0.594,0.499,5.07986426950948e-72,"1","Cyth4"
2.32625684040499e-76,0.253439301791663,0.989,0.989,5.16359230864696e-72,"1","Apbb1ip"
2.93166214657914e-76,0.518563419398049,0.702,0.63,6.50741046676173e-72,"1","Slc30a7"
3.35999145637483e-76,1.01759580052682,0.537,0.443,7.45817303571521e-72,"1","Dusp2"
4.93300072846387e-76,0.298193859884158,0.965,0.959,1.09497817169713e-71,"1","Dock8"
4.95243439142987e-76,0.598845633550952,0.693,0.639,1.09929186186569e-71,"1","Gpd2"
5.47943849969797e-76,0.539072928390923,0.653,0.568,1.21627096377796e-71,"1","Ggta1"
6.74451473732347e-76,0.284757918463359,0.951,0.933,1.49707993624369e-71,"1","Ogt"
8.21505450583639e-76,0.776906967137432,0.495,0.388,1.8234956486605e-71,"1","Ptpre"
2.50105931449268e-75,0.41789571966441,0.817,0.776,5.5516013603794e-71,"1","Plgrkt"
2.76033774617936e-75,0.49642725517312,0.668,0.595,6.12712169519433e-71,"1","Smim14"
2.80007033469687e-75,0.910218618122306,0.345,0.231,6.21531612192663e-71,"1","Plin2"
2.83964001600573e-75,0.277331615265613,0.959,0.952,6.30314894352792e-71,"1","H13"
3.19121436732884e-75,1.18349125509061,0.253,0.147,7.08353853115983e-71,"1","Gm39792"
6.0307743676961e-75,0.600485573473972,0.595,0.506,1.3386509863975e-70,"1","Pold4"
6.25367872210911e-75,0.386461019983784,0.864,0.824,1.38812906594656e-70,"1","Klf7"
1.05329291263065e-74,0.586632598297277,0.568,0.459,2.33799427816624e-70,"1","Foxo3"
5.84572160259624e-74,0.281572866699835,0.949,0.932,1.29757482412829e-69,"1","Ppp1r18"
6.69445907198131e-74,0.723119093873198,0.586,0.48,1.48596908020769e-69,"1","Hopx"
1.68537544045768e-73,0.406615755254917,0.894,0.871,3.74102786518392e-69,"1","Tgfbr2"
1.85632525018049e-73,0.336003669722674,0.887,0.865,4.12048515782564e-69,"1","Clk1"
3.12748529560978e-73,0.351379294762656,0.883,0.859,6.94207911066503e-69,"1","Stx8"
6.235470677609e-73,0.611086836150133,0.666,0.594,1.38408742630887e-68,"1","Serpinb6a"
1.63090775366766e-72,0.40379829890129,0.837,0.801,3.62012594081611e-68,"1","Ubr3"
2.32233004572853e-72,0.325403197278015,0.913,0.899,5.15487600250361e-68,"1","Atp6v0b"
4.62498109575895e-72,0.393964925205501,0.856,0.84,1.02660705382561e-67,"1","Rnasek"
6.01844920957416e-72,0.432428426132502,0.81,0.759,1.33591517104918e-67,"1","Ptpn9"
6.68808794700536e-72,0.39310334087892,0.814,0.766,1.48455488159678e-67,"1","Phf21a"
9.46209880536958e-72,0.576700251412652,0.882,0.866,2.10030207182789e-67,"1","Il12rb2"
9.79003837226394e-72,0.480294869009918,0.851,0.83,2.17309481749143e-67,"1","Tm6sf1"
1.87015014244907e-71,0.538245162210776,0.738,0.671,4.1511722711942e-67,"1","Arid5b"
3.18509549150613e-71,0.389623294107879,0.835,0.784,7.06995646249615e-67,"1","Bnip3l"
4.61655223302244e-71,0.279908826546511,0.963,0.958,1.02473609916399e-66,"1","Sdf4"
4.95116297275761e-71,0.488910534570706,0.685,0.62,1.09900964506301e-66,"1","Stk40"
1.01598672555158e-70,0.329261526166763,0.897,0.878,2.25518573470684e-66,"1","Ech1"
1.10603495488981e-70,0.443084192965973,0.744,0.686,2.45506578936891e-66,"1","Rnf6"
1.26006095633175e-70,0.298512439475437,0.953,0.941,2.79695730476959e-66,"1","Usp3"
1.50076332073475e-70,0.422619380085843,0.837,0.79,3.33124434303493e-66,"1","Tet2"
1.53716580637191e-70,0.297708523483925,0.924,0.908,3.41204694040372e-66,"1","Tut7"
1.55923280856105e-70,0.365286320975945,0.858,0.827,3.46102906516296e-66,"1","Esco1"
1.59642639061461e-70,0.678987488633136,0.637,0.566,3.54358765924724e-66,"1","Abr"
2.02456805277483e-70,0.307673824338814,0.934,0.91,4.49393370674429e-66,"1","Zmynd8"
5.74063179502239e-70,0.495348911322894,0.659,0.579,1.27424803954112e-65,"1","Bscl2"
5.79810571484105e-70,0.509826979014689,0.726,0.678,1.28700552552327e-65,"1","Rsu1"
5.88800463810977e-70,0.309236519443923,0.922,0.913,1.30696038952123e-65,"1","Riok3"
1.6670642946636e-69,0.38410915951068,0.86,0.828,3.7003826148648e-65,"1","Nfatc2"
1.87418684676405e-69,0.542714092623543,0.601,0.511,4.16013254376217e-65,"1","Cln3"
2.15164037331509e-69,0.445929085260854,0.767,0.704,4.7759961366475e-65,"1","Flt3l"
3.91028426269515e-69,0.753465099479581,0.39,0.281,8.67965797790443e-65,"1","Zfp52"
4.81731729686785e-69,0.470900633531572,0.715,0.654,1.06929992038576e-64,"1","Vps53"
5.88045731937022e-69,0.912538124492013,0.706,0.673,1.30528511118061e-64,"1","Itpr1"
6.3988118965935e-69,0.576719084364835,0.722,0.656,1.42034427668686e-64,"1","Runx2"
7.34996363533434e-69,0.377680339040044,0.809,0.758,1.63147142813516e-64,"1","Tmtc2"
8.19830711261983e-69,0.690089091055291,0.504,0.407,1.81977822978822e-64,"1","Dynlt3"
1.06833861386609e-68,0.364092920699303,0.951,0.918,2.37139122119857e-64,"1","Gbp4"
1.4298758299312e-68,0.512975685553127,0.637,0.547,3.1738953796983e-64,"1","Bmt2"
3.10050338957478e-68,0.316287296320987,0.926,0.912,6.88218737383913e-64,"1","Jmjd1c"
3.2250619352751e-68,0.441800969649609,0.708,0.643,7.15866997773014e-64,"1","Ube2f"
3.33675496914471e-68,0.441213276312779,0.722,0.663,7.4065950050105e-64,"1","Vps41"
4.52721788579668e-68,0.673031536104019,0.676,0.604,1.00490655411029e-63,"1","Ier3"
7.90218961007859e-68,0.281404518453541,0.962,0.951,1.75404902774914e-63,"1","Ppp3ca"
8.40610330278294e-68,0.290476255506703,0.953,0.941,1.86590275011873e-63,"1","Vmp1"
1.07914328679443e-67,0.942269998008814,0.309,0.204,2.39537435369761e-63,"1","Espn"
1.80457881383306e-67,1.15442875904448,0.296,0.193,4.00562359306524e-63,"1","Sema7a"
2.43155696373699e-67,0.427358439963702,0.574,0.437,5.39732699240699e-63,"1","Psrc1"
3.08670160021471e-67,0.314796519595724,0.901,0.879,6.85155154199658e-63,"1","Oga"
1.26098674623044e-66,0.821332725798323,0.419,0.311,2.79901228060771e-62,"1","Prdm1"
1.71152535801245e-66,0.969454772181678,0.28,0.175,3.79907283718023e-62,"1","2210408F21Rik"
4.83120596309326e-66,0.418669447421362,0.743,0.68,1.07238278762781e-61,"1","Pced1b"
5.13945668876217e-66,0.894666507682107,0.401,0.301,1.14080520120454e-61,"1","Agpat4"
7.54073553754969e-66,0.4644341325741,0.691,0.618,1.67381706726991e-61,"1","Gimap1os"
1.08668579555393e-65,0.278013877753858,0.942,0.931,2.41211646039107e-61,"1","Tmem50a"
1.14062958224979e-65,0.532322598182317,0.585,0.482,2.53185548371986e-61,"1","Ercc5"
1.15709785872349e-65,0.639532054657313,0.493,0.392,2.56841011700853e-61,"1","Eva1b"
1.58415201356471e-65,0.513653590076613,0.789,0.748,3.51634222450959e-61,"1","Slfn1"
1.73540905695552e-65,0.437893046332721,0.774,0.722,3.85208748372417e-61,"1","Dipk2a"
1.82429821694498e-65,0.266438085374556,0.927,0.887,4.04939475215278e-61,"1","Bloc1s2"
1.86819485449222e-65,0.825696918412324,0.434,0.327,4.14683211851638e-61,"1","Trps1"
2.5434134019564e-65,1.05187385415702,0.258,0.157,5.64561472832263e-61,"1","Rasgrp4"
3.13996936531017e-65,0.305981553002219,0.899,0.849,6.96979000017898e-61,"1","Nfil3"
3.37571475672771e-65,0.586122251085907,0.484,0.37,7.49307404550849e-61,"1","Lpin1"
3.64302769690884e-65,0.403124804218879,0.843,0.798,8.08642857882855e-61,"1","4933406I18Rik"
5.34602910448016e-65,0.627394065925176,0.46,0.353,1.18665808032146e-60,"1","Dlgap4"
8.44997438323973e-65,0.404486934872251,0.752,0.686,1.87564081384772e-60,"1","Cd84"
1.20120461901603e-64,0.252892774309628,0.963,0.955,2.66631389282988e-60,"1","Evl"
3.7296008868523e-64,0.261474179929427,0.957,0.948,8.27859508854605e-60,"1","Arid4b"
3.94751391082286e-64,0.681222900226857,0.591,0.511,8.7622966278535e-60,"1","St8sia1"
5.95093999401322e-64,0.60807469305359,0.49,0.386,1.32093015047112e-59,"1","Syne1"
1.15685223738956e-63,0.297068907068866,0.93,0.901,2.5678649113336e-59,"1","Tnfrsf18"
1.173762036383e-63,0.362288359785172,0.817,0.779,2.60539959215934e-59,"1","Ggps1"
1.17606860539824e-63,0.680434304950828,0.496,0.394,2.61051948340248e-59,"1","Fosl2"
1.22133828648569e-63,0.625914494546309,0.509,0.418,2.71100459451228e-59,"1","Pld3"
2.31538423432623e-63,0.33165543617162,0.854,0.826,5.13945838493393e-59,"1","Cflar"
3.2005544204584e-63,0.715738491041176,0.401,0.296,7.10427064709152e-59,"1","Fgd3"
3.82796204648788e-63,0.341183527207416,0.878,0.856,8.49692735458915e-59,"1","Htt"
5.59807627064845e-63,0.369596608280533,0.839,0.781,1.24260498979584e-58,"1","Txnip"
8.62923687127801e-63,0.583069641055464,0.537,0.448,1.91543170831758e-58,"1","Tstd3"
8.66114651063257e-63,0.400305273339651,0.878,0.858,1.92251469096511e-58,"1","Airn"
1.34093730406318e-62,1.02364944428129,0.29,0.187,2.97647853382904e-58,"1","Cd244a"
1.36265657476522e-62,0.353717588524786,0.86,0.829,3.02468879900635e-58,"1","Dap"
1.38746049067434e-62,0.312700612227516,0.882,0.862,3.07974605114984e-58,"1","Zdhhc20"
1.64682711975345e-62,0.474818664465173,0.722,0.651,3.65546215771674e-58,"1","Eif4e3"
1.65231055291654e-62,0.551975116854564,0.612,0.532,3.66763373430885e-58,"1","Tecpr1"
1.99026326685495e-62,0.325993344535857,0.863,0.832,4.41778737343793e-58,"1","Dctn6"
3.05076376601943e-62,0.414382829641759,0.695,0.615,6.77178033143333e-58,"1","Sp140"
6.79860787032775e-62,0.435360310649426,0.695,0.63,1.50908698897665e-57,"1","Pdrg1"
1.19364231957175e-61,0.26918469563028,0.917,0.905,2.64952785675341e-57,"1","Nus1"
1.24529227975081e-61,0.321275199385667,0.896,0.882,2.76417527336287e-57,"1","Nub1"
3.17483903506964e-61,0.357624434660061,0.82,0.772,7.04719020614407e-57,"1","Rigi"
5.96857011774906e-61,0.564409165838093,0.496,0.396,1.32484350903676e-56,"1","Ipcef1"
6.00089898310148e-61,0.427120540909443,0.828,0.8,1.33201954727904e-56,"1","Samd9l"
6.00777317090533e-61,0.935663796541522,0.283,0.183,1.33354541074586e-56,"1","Rasgrf2"
7.51554147078954e-61,0.823621342933721,0.302,0.198,1.66822474027116e-56,"1","Ccpg1"
9.02591805528205e-61,0.26175369096705,0.974,0.971,2.00348303073096e-56,"1","Snd1"
1.21160454506191e-60,0.252142088815326,0.98,0.977,2.68939860867392e-56,"1","Nptn"
1.52086366160673e-60,0.371782507341026,0.834,0.804,3.37586106966846e-56,"1","Ergic1"
1.66375202505468e-60,0.567272291368117,0.55,0.467,3.69303037001387e-56,"1","Trim8"
2.7195254840088e-60,0.263906591942216,0.946,0.943,6.03653071685433e-56,"1","Nt5c"
3.59366527764777e-60,0.698914570141224,0.352,0.239,7.97685881679476e-56,"1","Map3k20"
7.20968999508474e-60,0.485820146794863,0.779,0.749,1.60033488820896e-55,"1","Osbpl3"
2.52493459725942e-59,0.491026640961537,0.715,0.672,5.60459732553674e-55,"1","Camk2d"
3.45815463676111e-59,0.932673694557675,0.395,0.295,7.67606584721863e-55,"1","Tnfrsf4"
5.327747819071e-59,0.383759298635534,0.863,0.833,1.18260018339919e-54,"1","Junb"
5.5126493902443e-59,0.558491840366233,0.592,0.511,1.22364278515253e-54,"1","Gm8369"
8.07650259065326e-59,0.251220704636879,0.968,0.957,1.7927412800473e-54,"1","Cd48"
1.09559399407407e-58,0.48790260184124,0.608,0.523,2.43188998864622e-54,"1","Gramd4"
1.27206989995555e-58,0.285647360821481,0.95,0.938,2.82361355693134e-54,"1","Etnk1"
1.75045871765783e-58,0.90143230323645,0.282,0.186,3.88549321558509e-54,"1","Atp6v0a1"
2.12105866893307e-58,0.448084011980065,0.765,0.722,4.70811392743073e-54,"1","Klhl6"
2.21319932130271e-58,0.654782475732429,0.37,0.263,4.91263853349562e-54,"1","Rgs12"
2.94441121741893e-58,0.274697665069641,0.93,0.91,6.53570957930481e-54,"1","Arhgap45"
3.10702924382368e-58,0.370405929938365,0.789,0.737,6.89667281251542e-54,"1","Adcy7"
4.19576033293301e-58,0.380523819352435,0.771,0.737,9.31332921101141e-54,"1","Yipf4"
4.55947242852365e-58,0.389339852633042,0.784,0.739,1.01206609495939e-53,"1","Cnp"
7.83524801523502e-58,0.401815745299458,0.729,0.678,1.73919000194172e-53,"1","Fuca1"
1.31362231401052e-57,0.283723030032272,0.925,0.913,2.91584745040915e-53,"1","Bltp1"
1.46911317916099e-57,0.339708769151618,0.824,0.799,3.26099052378365e-53,"1","Tgoln1"
1.50380506571667e-57,0.504353201883057,0.589,0.505,3.3379961043713e-53,"1","Brwd3"
2.16162273912999e-57,0.414107372201548,0.721,0.674,4.79815399404684e-53,"1","Ebpl"
2.33557370879154e-57,1.187219600556,0.305,0.212,5.18427296140458e-53,"1","Ckb"
3.01547140352427e-57,0.462154049554646,0.614,0.544,6.69344187440282e-53,"1","Chmp2b"
5.1616339526429e-57,0.271858509941126,0.909,0.898,1.14572788846814e-52,"1","Ube2r2"
6.18553611633881e-57,0.27744060503428,0.916,0.919,1.37300345174372e-52,"1","Erp44"
7.10132237601772e-57,0.351317484435731,0.781,0.738,1.57628052780465e-52,"1","Vamp8"
7.66340639463821e-57,0.315654415691797,0.866,0.839,1.70104631741784e-52,"1","Exoc2"
8.32561258662483e-57,0.419904790422775,0.698,0.636,1.84803622585311e-52,"1","Rilpl2"
1.3187105112695e-56,0.535298352727481,0.586,0.505,2.9271417218649e-52,"1","Ptms"
1.8349987947259e-56,1.06710658332897,0.258,0.167,4.07314682465309e-52,"1","Lag3"
3.80844739661333e-56,0.386827084589411,0.735,0.68,8.45361068626261e-52,"1","Kmt5b"
1.44689848738714e-55,0.278910057731554,0.935,0.93,3.21168057245323e-51,"1","Pdia4"
1.53421187920217e-55,0.274528611710833,0.907,0.893,3.40549010826506e-51,"1","Rab1a"
1.67761005828916e-55,0.282776905714494,0.905,0.888,3.72379104638444e-51,"1","Dync1i2"
1.81140081396255e-55,0.407749998142287,0.719,0.679,4.02076638675267e-51,"1","Uba5"
2.43354342447601e-55,0.57651019288203,0.574,0.513,5.40173633930939e-51,"1","Ehd1"
3.7085798464739e-55,0.697859616751354,0.388,0.291,8.23193468521812e-51,"1","Narf"
4.0926674463985e-55,0.346522700637085,0.797,0.763,9.08449393077075e-51,"1","Washc2"
9.18011490316518e-55,0.290335000601145,0.816,0.76,2.03771010505557e-50,"1","Il4ra"
9.84109799288611e-55,0.499201430736468,0.58,0.493,2.18442852148093e-50,"1","Zfp983"
1.43084244654272e-54,0.63593286672026,0.541,0.462,3.17604097859087e-50,"1","Cdyl2"
1.83828580020997e-54,0.723049659912987,0.36,0.264,4.08044299072608e-50,"1","Neat1"
1.94173392785877e-54,0.28625914801137,0.917,0.898,4.31006679966811e-50,"1","Ambra1"
2.54713160640418e-54,0.383207237690921,0.771,0.737,5.65386802673536e-50,"1","Galk2"
2.84205214476057e-54,0.488132026500857,0.596,0.532,6.30850314572503e-50,"1","Ccs"
3.37369093969454e-54,0.527164747131436,0.586,0.516,7.48858177883996e-50,"1","Tep1"
3.71973674132465e-54,0.573760086578935,0.299,0.198,8.25669964471832e-50,"1","Scml4"
4.05770284906358e-54,0.423333477346128,0.721,0.668,9.00688301406644e-50,"1","Rnf13"
5.64163823848767e-54,0.7833212504141,0.378,0.288,1.25227443979711e-49,"1","Pilrb1"
8.36954693842491e-54,0.418539112548888,0.781,0.739,1.85778833392218e-49,"1","Sesn3"
9.65359576331165e-54,0.400490974679041,0.766,0.72,2.14280865158229e-49,"1","Med13l"
1.09616963727724e-53,0.427560754117007,0.769,0.741,2.43316774386428e-49,"1","Gnptab"
1.28391738304876e-53,0.390124938066548,0.752,0.725,2.84991141515333e-49,"1","Comt"
1.55585166488287e-53,0.532918308790813,0.538,0.461,3.45352394054051e-49,"1","Fbrs"
1.5578541502967e-53,0.484906554561,0.597,0.523,3.45796885741359e-49,"1","Ccser2"
1.86548273022957e-53,0.443011375004599,0.654,0.588,4.14081201629058e-49,"1","Sh3bp2"
2.55722306494311e-53,0.506739047321734,0.569,0.487,5.67626803725423e-49,"1","Orai2"
2.69957670386264e-53,0.691847664916375,0.394,0.299,5.99225040956391e-49,"1","Haao"
2.77905520129212e-53,0.288960177666537,0.871,0.854,6.16866883030811e-49,"1","Rabac1"
3.60362464389154e-53,0.715763051977,0.453,0.368,7.99896562204605e-49,"1","Chst11"
5.69084886733331e-53,0.710153328534825,0.377,0.282,1.26319772308197e-48,"1","Cdkl3"
6.49734954017994e-53,0.396151533892302,0.737,0.701,1.44221667743374e-48,"1","Tbc1d2b"
7.55869619339517e-53,0.515628988730801,0.55,0.477,1.67780379404793e-48,"1","Sigirr"
1.16569824845138e-52,0.269754013119049,0.919,0.922,2.58750040208754e-48,"1","Trip11"
1.24994437538194e-52,0.292733687400459,0.896,0.868,2.77450153003529e-48,"1","Mndal"
1.64255625631918e-52,0.346234686717171,0.787,0.744,3.64598212215169e-48,"1","Lpxn"
1.83682306944695e-52,0.412058578464343,0.691,0.63,4.0771961672514e-48,"1","Osbpl9"
2.06632652700239e-52,0.503558296994363,0.669,0.617,4.5866249919872e-48,"1","Ahcyl2"
2.39599279876883e-52,0.78956365275842,0.474,0.389,5.31838521542717e-48,"1","Irf4"
3.25802084086678e-52,0.616994491308626,0.422,0.327,7.231828860472e-48,"1","Plcb2"
4.627610974309e-52,0.631402607816077,0.452,0.368,1.02719080796737e-47,"1","Ppm1j"
5.49037639915758e-52,0.384702015770005,0.723,0.657,1.21869884932101e-47,"1","Ei24"
1.03230214533956e-51,0.511124396533428,0.55,0.476,2.29140107201022e-47,"1","Bet1l"
1.08683395940827e-51,0.27162326868637,0.918,0.9,2.41244533969853e-47,"1","Tbc1d10c"
1.28450657107917e-51,0.307400906446626,0.857,0.841,2.85121923582444e-47,"1","BC031181"
2.13761891435446e-51,0.589313331108531,0.502,0.413,4.74487270419261e-47,"1","Baz2b"
3.32876259492627e-51,0.648981818092641,0.394,0.299,7.38885433195785e-47,"1","Pea15a"
3.62231895671272e-51,0.391456165770167,0.804,0.768,8.04046138821523e-47,"1","Slc2a3"
5.14298812177682e-51,0.520427906566556,0.562,0.488,1.1415890733908e-46,"1","Flot1"
6.83562416607123e-51,0.355701856781097,0.892,0.882,1.51730349614283e-46,"1","Fbxw7"
7.22262108985773e-51,0.422285952058376,0.648,0.59,1.60320520331572e-46,"1","Marchf2"
7.60934430013892e-51,0.381294663093526,0.717,0.67,1.68904615430184e-46,"1","Sidt2"
1.12094764283492e-50,0.683088435205291,0.401,0.309,2.48816748280067e-46,"1","Frmd6"
1.14418828314981e-50,0.291608408290273,0.866,0.848,2.53975473210764e-46,"1","Fmnl1"
1.95383432053322e-50,0.319670160194593,0.816,0.775,4.33692604128759e-46,"1","Dync1li1"
2.6013827514374e-50,0.319197188902372,0.844,0.828,5.77428929336559e-46,"1","Sptlc2"
2.63450128856455e-50,0.42741876927175,0.675,0.617,5.84780251022672e-46,"1","Gpr65"
3.50031139001664e-50,0.468492176089107,0.595,0.526,7.76964119241994e-46,"1","Wdr7"
6.1879583851217e-50,0.398862763041385,0.745,0.69,1.37354112274546e-45,"1","Rnf19b"
1.2686567535764e-49,0.5318465624688,0.536,0.463,2.81603739591354e-45,"1","Tbc1d14"
1.62222153947773e-49,0.298104431910877,0.879,0.861,3.60084515117873e-45,"1","Zfand3"
1.65463936641971e-49,0.618258486913501,0.454,0.371,3.67280300164183e-45,"1","Ripk2"
1.84093314517722e-49,0.256293230719821,0.919,0.913,4.08631930234987e-45,"1","Psme4"
3.9609222255652e-49,0.586438947075696,0.443,0.353,8.79205906408707e-45,"1","Ubtd1"
5.16501511794569e-49,0.556369596402075,0.468,0.382,1.1464784057304e-44,"1","Lmbrd1"
1.00640659370945e-48,0.26397315950852,0.904,0.897,2.23392071605687e-44,"1","Ubn2"
1.08511717695378e-48,0.401015926275516,0.666,0.615,2.4086345976843e-44,"1","Ccndbp1"
1.22778150193787e-48,0.371638036734005,0.718,0.656,2.72530659985149e-44,"1","Sh2d3c"
1.5644152743392e-48,0.31877841024336,0.837,0.8,3.47253258445071e-44,"1","Parp9"
1.8084733071516e-48,0.402448691699074,0.641,0.571,4.0142681998844e-44,"1","Hpcal1"
2.01126496248973e-48,0.307783738517149,0.847,0.813,4.46440483723846e-44,"1","Pkn1"
2.110557336501e-48,0.460226643488208,0.609,0.519,4.68480411983128e-44,"1","Klf3"
3.7532593047026e-48,0.466640155687149,0.562,0.49,8.33110967864836e-44,"1","Wbp1l"
5.23065236860882e-48,0.416318304726413,0.716,0.671,1.1610479062601e-43,"1","Jak2"
7.4854534495467e-48,0.912809453577275,0.339,0.25,1.66154610219588e-43,"1","Gm47015"
7.86453705425995e-48,0.285039425107508,0.852,0.832,1.74569128993408e-43,"1","Mark3"
9.33427840940018e-48,0.388454006847302,0.692,0.641,2.07192977853456e-43,"1","Snapc3"
9.41736016933556e-48,0.26342571891354,0.995,0.992,2.09037143678741e-43,"1","Themis"
9.94254315567654e-48,0.58971786986421,0.412,0.326,2.20694630426552e-43,"1","Arhgef10"
1.40035050285808e-47,0.301936372543349,0.849,0.818,3.10835801119407e-43,"1","Zzef1"
1.44670896174454e-47,0.611585908864512,0.697,0.646,3.21125988238436e-43,"1","Myo10"
1.7543796282682e-47,0.386214570002149,0.682,0.622,3.89419646086692e-43,"1","Snhg20"
2.41260031888211e-47,0.364275259176004,0.748,0.715,5.35524892782263e-43,"1","Hk1"
7.22265098183469e-47,0.570905995497839,0.459,0.369,1.60321183843785e-42,"1","Arhgef12"
8.32265192546238e-47,0.394205868242556,0.637,0.575,1.84737904789488e-42,"1","Trim26"
9.20541396430358e-47,0.387764733238057,0.716,0.681,2.04332573765647e-42,"1","Elmo2"
1.53340764833741e-46,0.529452428424764,0.481,0.402,3.40370495701455e-42,"1","Ip6k2"
1.94673989448847e-46,0.710326970862258,0.42,0.335,4.32117854379606e-42,"1","Dnai4"
2.01318433334451e-46,0.348997426711289,0.883,0.872,4.4686652647248e-42,"1","Arhgap26"
2.2250496693349e-46,0.316854892416186,0.834,0.803,4.93894275102269e-42,"1","Slc44a2"
2.26878446729095e-46,0.295020498488517,0.941,0.937,5.03602088204572e-42,"1","Lpp"
2.95066801528374e-46,0.449761175098709,0.717,0.676,6.54959779352533e-42,"1","Treml2"
3.01687806027835e-46,0.760776986757835,0.338,0.248,6.69656423039986e-42,"1","Gm14636"
3.76120657368166e-46,0.436181916456414,0.588,0.505,8.34875023160118e-42,"1","Gbp8"
4.03849052947134e-46,0.335657667990135,0.756,0.724,8.96423742826754e-42,"1","Lamp2"
4.81179949334692e-46,0.293655555407413,0.866,0.842,1.06807513353822e-41,"1","Os9"
5.24443971229398e-46,0.583749345243858,0.442,0.358,1.16410828293789e-41,"1","Pqlc3"
7.53503100699619e-46,0.323864064279231,0.794,0.761,1.67255083262295e-41,"1","Ufl1"
7.90563977899627e-46,0.362536874060868,0.878,0.863,1.7548148617438e-41,"1","Foxn3"
1.00816010751218e-45,0.309539628029303,0.832,0.817,2.23781299064479e-41,"1","Relch"
1.03855447297953e-45,0.338067073061846,0.734,0.679,2.30527936367265e-41,"1","Mindy2"
1.07501071865072e-45,0.598289222159209,0.487,0.407,2.386201292189e-41,"1","Tnp2"
1.08456399997718e-45,0.530050237613633,0.58,0.503,2.40740671074935e-41,"1","Hbegf"
1.61084039401453e-45,0.380790931997473,0.71,0.673,3.57558242259406e-41,"1","Dcaf5"
1.71367898414028e-45,0.438637124664883,0.658,0.609,3.80385324109619e-41,"1","Notch2"
1.81200852483859e-45,0.418414274012636,0.632,0.567,4.02211532258423e-41,"1","Cd27"
1.90504131366047e-45,0.473976112252454,0.574,0.501,4.22862020393216e-41,"1","Exoc6b"
3.14247735708664e-45,0.688588573380115,0.328,0.24,6.97535698952521e-41,"1","Inpp1"
3.33758478165625e-45,0.255528692630161,0.89,0.88,7.40843693984237e-41,"1","Stmp1"
3.63605324268722e-45,0.281123400456328,0.931,0.929,8.07094738279282e-41,"1","Itch"
3.68776337140267e-45,0.269914033140636,0.883,0.868,8.18572835550251e-41,"1","Tmf1"
4.41489529824173e-45,0.938690817509831,0.267,0.182,9.79974309350716e-41,"1","Egr1"
5.0253883342479e-45,0.302440586709577,0.808,0.79,1.11548544855301e-40,"1","Ube4a"
6.10734951180357e-45,0.819811025792747,0.5,0.426,1.35564837113504e-40,"1","Gem"
6.15366362953877e-45,0.624824364954055,0.399,0.319,1.36592871584872e-40,"1","Syvn1"
9.12639701762859e-45,0.37930567959461,0.802,0.768,2.02578634600302e-40,"1","Cd226"
1.00275596528007e-44,0.823587976941305,0.266,0.18,2.22581741613218e-40,"1","Gm20275"
1.13321611024309e-44,0.274600904229036,0.888,0.877,2.51539979990659e-40,"1","Map2k4"
1.20046177980362e-44,0.846016431338426,0.25,0.168,2.6646650126301e-40,"1","Rfx5"
1.42627635734056e-44,0.607320721509634,0.395,0.31,3.16590563038885e-40,"1","Cyfip1"
1.47352681213582e-44,0.490392411297108,0.559,0.485,3.27078746489788e-40,"1","Bcas3"
1.50884455089335e-44,0.37072751006825,0.752,0.726,3.34918224961796e-40,"1","Cd82"
1.53788384375865e-44,0.387859052755369,0.634,0.566,3.41364076799106e-40,"1","Slc25a36"
1.55769824468918e-44,0.634830979647887,0.28,0.192,3.45762279373657e-40,"1","Ypel3"
1.6781935364193e-44,0.55674327681926,0.459,0.381,3.72508619278993e-40,"1","Eml2"
2.31285654451045e-44,0.710957801155479,0.562,0.486,5.13384767184984e-40,"1","Alcam"
2.92063498846599e-44,1.01092637976164,0.354,0.273,6.48293348389795e-40,"1","Prxl2a"
4.03499322058954e-44,0.401513290171284,0.651,0.608,8.95647445174259e-40,"1","Tprgl"
4.22102787794762e-44,0.310727563111258,0.748,0.699,9.36941558068033e-40,"1","Cyth1"
5.06502183415334e-44,0.486910715289688,0.655,0.598,1.12428289652702e-39,"1","Armc7"
5.08839129533576e-44,0.302191304692683,0.843,0.829,1.12947021582568e-39,"1","Ngly1"
6.09832108325142e-44,0.298273610378648,0.849,0.836,1.35364433084932e-39,"1","Ndfip2"
6.51936727809842e-44,0.436530625360606,0.56,0.495,1.44710395471951e-39,"1","Atp6v0d1"
6.70995603589286e-44,0.47510876846362,0.512,0.438,1.48940894128714e-39,"1","Tmem106b"
6.72996482249644e-44,0.528537184631202,0.513,0.443,1.49385029164954e-39,"1","Ikzf4"
1.14960674257888e-43,0.62360739520821,0.517,0.451,2.55178208650233e-39,"1","Cd274"
1.45540587589736e-43,0.633197470990781,0.438,0.363,3.23056442272938e-39,"1","Padi2"
2.42146540097862e-43,0.315582498128312,0.802,0.772,5.37492675055224e-39,"1","Nlk"
2.61046500871345e-43,0.378468218038937,0.619,0.558,5.79444917984124e-39,"1","Ostm1"
2.96949995929566e-43,0.456938077300323,0.731,0.692,6.59139905964858e-39,"1","Focad"
3.41612324689168e-43,0.347613457857084,0.72,0.687,7.58276877112546e-39,"1","Edem2"
4.14102743537026e-43,0.653970809931004,0.365,0.278,9.19183859829136e-39,"1","Gm13832"
4.6129376082325e-43,0.603915095390927,0.417,0.341,1.02393376089937e-38,"1","Arfgap3"
5.07066272125555e-43,0.325983843470237,0.775,0.737,1.12553500423709e-38,"1","Ctsb"
7.74305582469986e-43,0.895308087420351,0.35,0.268,1.71872610140863e-38,"1","Eps8"
8.71926510615047e-43,0.47904218234805,0.515,0.446,1.93541527561222e-38,"1","Rit1"
1.17573653935926e-42,0.454805406651776,0.776,0.749,2.60978239641576e-38,"1","Serpinb9"
1.23539621941307e-42,0.498580593027876,0.574,0.51,2.74220898823119e-38,"1","Prag1"
1.26699744710866e-42,0.378004514593343,0.638,0.574,2.81235423334709e-38,"1","Lactb"
1.37190910124404e-42,0.276102098488421,0.824,0.799,3.0452266320314e-38,"1","Aftph"
1.40695680893531e-42,0.498583934457715,0.476,0.401,3.12302202879371e-38,"1","Kdm4a"
2.21502056348524e-42,0.506847111881937,0.45,0.367,4.91668114476819e-38,"1","Nbr1"
2.52537566199789e-42,0.259596834845614,0.885,0.861,5.60557635693671e-38,"1","Ep300"
3.12917722962656e-42,0.301401419365777,0.81,0.774,6.94583469660208e-38,"1","Secisbp2l"
3.17624706010332e-42,0.437400427011609,0.669,0.626,7.05031559931133e-38,"1","Map3k8"
3.21143404617214e-42,0.785460643047472,0.294,0.213,7.12842015228831e-38,"1","Gm15518"
3.43454208102678e-42,0.617547065576086,0.478,0.408,7.62365305725514e-38,"1","Pik3ap1"
3.89215687709042e-42,0.545983635908842,0.489,0.421,8.63942062007759e-38,"1","Agl"
4.81771117105814e-42,0.481870767538815,0.508,0.444,1.06938734863977e-37,"1","Acads"
5.81771151727426e-42,0.504070701898258,0.491,0.419,1.29135742548937e-37,"1","Snx20"
9.65112348397125e-42,0.724639203630144,0.299,0.219,2.1422598797371e-37,"1","Slc28a2"
1.3399762691789e-41,0.389251607169121,0.636,0.582,2.97434532469641e-37,"1","Pcmtd1"
1.40326111411215e-41,0.341784214931361,0.751,0.714,3.11481869499474e-37,"1","Atp6v1h"
2.480852796802e-41,0.302713790543925,0.784,0.764,5.50674895306139e-37,"1","Kdm5c"
2.90115118970426e-41,0.306385396135654,0.866,0.847,6.43968529578655e-37,"1","Slfn2"
3.53891131858189e-41,0.261435848958883,0.874,0.861,7.85532145385623e-37,"1","Irag2"
3.79132778946211e-41,0.256694251749526,0.858,0.853,8.41561029426905e-37,"1","Tox4"
4.07644560834692e-41,0.343780152660993,0.733,0.704,9.04848631684766e-37,"1","Usp38"
5.21707607222877e-41,0.367225060349576,0.663,0.618,1.15803437575262e-36,"1","Bfar"
5.7251493231015e-41,0.317802606556311,0.767,0.727,1.27081139524884e-36,"1","Scarb2"
7.49942682661177e-41,0.337416807062074,0.767,0.742,1.66464777270301e-36,"1","Rabgap1"
1.06618596194507e-40,0.599097046271936,0.381,0.303,2.36661297972948e-36,"1","Bsdc1"
1.10353942785421e-40,0.286593948702794,0.808,0.777,2.449526468008e-36,"1","Plekha2"
1.40402844866024e-40,0.402018532150597,0.61,0.552,3.11652194749113e-36,"1","Akap8l"
1.49853115759433e-40,0.338695587498627,0.838,0.829,3.32628961051214e-36,"1","Ralgapa2"
1.89075056163005e-40,0.50892425508946,0.472,0.404,4.19689902165021e-36,"1","Gpr107"
2.06540481520712e-40,0.394217943908417,0.615,0.545,4.58457906831524e-36,"1","Plod2"
3.13103015157368e-40,0.388034698786647,0.616,0.557,6.9499476274481e-36,"1","Sat1"
3.57425012484744e-40,0.492347887466284,0.436,0.357,7.93376300212387e-36,"1","Pcmtd2"
3.73093179084787e-40,0.259227191567885,0.904,0.891,8.28154929614501e-36,"1","Ubc"
4.01329615371377e-40,0.352300063767402,0.73,0.69,8.90831347239846e-36,"1","Sting1"
4.55137991801117e-40,0.394956698481231,0.657,0.613,1.01026980040094e-35,"1","Dapp1"
6.66016011405652e-40,0.487391065366425,0.494,0.423,1.47835574051713e-35,"1","Fbxo4"
7.30872792263492e-40,0.480184635372722,0.474,0.397,1.62231833698727e-35,"1","Rpap2"
7.73977871756407e-40,0.297886674906716,0.838,0.812,1.7179986819377e-35,"1","Rnf169"
7.9340415983841e-40,0.574466355295948,0.35,0.267,1.76111921359332e-35,"1","Ctso"
1.05296535112549e-39,0.337988675561226,0.729,0.702,2.33726718989325e-35,"1","Stambpl1"
1.34974151507598e-39,0.255450172443507,0.895,0.88,2.99602124101416e-35,"1","Dlg1"
2.04328504276109e-39,0.411589022312751,0.581,0.512,4.53547980941679e-35,"1","Ctse"
2.11747037837776e-39,0.314119938293317,0.761,0.742,4.70014899888512e-35,"1","Sirt7"
2.7480922063481e-39,0.42530686048214,0.547,0.485,6.09994027043089e-35,"1","Rab3gap2"
3.54215838452774e-39,0.30833560559172,0.897,0.876,7.86252896613622e-35,"1","Pim2"
3.89340698762122e-39,0.307512644263345,0.762,0.732,8.64219549042283e-35,"1","Tmem9b"
3.98125680712919e-39,0.518069505376621,0.541,0.481,8.83719573478466e-35,"1","Gramd1a"
5.7417178549601e-39,0.531500316781942,0.447,0.38,1.27448911226549e-34,"1","Ehbp1l1"
7.78133355990773e-39,0.349032529172663,0.721,0.689,1.72722261029272e-34,"1","Maco1"
8.35444221539418e-39,0.456957740379064,0.575,0.508,1.85443553855105e-34,"1","L3mbtl3"
1.00459210559124e-38,0.268932290105223,0.831,0.811,2.22989309678088e-34,"1","Lasp1"
1.11985421825223e-38,0.314364004524328,0.766,0.732,2.48574040825447e-34,"1","Sos2"
1.75345219475114e-38,0.601219959345922,0.376,0.302,3.8921378366891e-34,"1","Dhrs11"
1.80995384653421e-38,0.281567314383473,0.903,0.895,4.01755455315198e-34,"1","Ifngr1"
1.84550302985576e-38,0.262766295377985,0.949,0.952,4.09646307537082e-34,"1","Prkca"
1.87444293530093e-38,0.257096485629172,0.864,0.859,4.16070098348748e-34,"1","Sec31a"
1.98641382880323e-38,0.569147004508735,0.39,0.317,4.40924277579453e-34,"1","Sertad1"
1.9995056570637e-38,0.673488965280831,0.333,0.255,4.4383027069843e-34,"1","Tob1"
2.30155246916149e-38,0.656923403598812,0.41,0.33,5.10875601579776e-34,"1","Fgl2"
2.8404072246221e-38,0.429692927423926,0.528,0.468,6.30485191649367e-34,"1","Snap23"
3.46444579090683e-38,0.461349032610043,0.528,0.461,7.69003032207589e-34,"1","Pde4b"
3.83033501762382e-38,0.479057526641845,0.528,0.47,8.50219463861958e-34,"1","5031425E22Rik"
4.25946266896031e-38,0.520416896940712,0.552,0.495,9.4547292862912e-34,"1","Fhl2"
4.47327526255054e-38,0.295505336988721,0.78,0.756,9.92932910028344e-34,"1","Borcs8"
5.34648352415761e-38,0.280521648518782,0.819,0.802,1.18675894785726e-33,"1","Ifi203"
6.80674444404843e-38,0.280171826932621,0.842,0.83,1.51089306424543e-33,"1","Slc35b1"
7.19112019846412e-38,0.38570662255536,0.644,0.604,1.59621295045308e-33,"1","Stx6"
7.50069620909982e-38,0.395793699457852,0.67,0.633,1.66492953753389e-33,"1","Fbxo28"
7.69547753210125e-38,0.294894369123581,0.771,0.749,1.70816514780051e-33,"1","Saraf"
7.92100508671354e-38,0.305495641570518,0.8,0.785,1.7582254990978e-33,"1","Tet3"
8.19074453709888e-38,0.388945616689411,0.614,0.571,1.81809956489984e-33,"1","Wdfy1"
8.80956279376811e-38,0.250292217931582,0.868,0.855,1.95545865333271e-33,"1","Fdx2"
1.1417638047413e-37,0.265886948816826,0.865,0.825,2.53437311738426e-33,"1","Aim2"
1.21033496146493e-37,0.254302183263862,0.885,0.869,2.68658051396369e-33,"1","Gbf1"
1.23142170303644e-37,0.398601909042134,0.724,0.693,2.73338675422998e-33,"1","Cdc14a"
1.25163143118144e-37,0.66277684422392,0.295,0.218,2.77824628779345e-33,"1","Sytl1"
1.28428222896173e-37,0.318726335450373,0.769,0.745,2.85072126362636e-33,"1","Hyou1"
1.31637594255452e-37,0.303204519504161,0.788,0.763,2.92195967968826e-33,"1","Sacm1l"
1.80267673931935e-37,0.391819767068175,0.674,0.649,4.00140155826715e-33,"1","Cfap36"
3.34572330561023e-37,0.394072736264983,0.607,0.551,7.42650202146302e-33,"1","Slc38a9"
4.12502759369644e-37,0.364733299149552,0.651,0.606,9.15632374972799e-33,"1","Tmem135"
4.72108098148616e-37,0.308212716674302,0.763,0.736,1.04793834546048e-32,"1","Rpe"
5.13047082171591e-37,0.447876228275607,0.714,0.681,1.13881060829628e-32,"1","Cited2"
5.77005891200717e-37,0.54103996627549,0.355,0.273,1.28077997669823e-32,"1","Ssh1"
6.81901192994654e-37,0.271692988521699,0.819,0.81,1.51361607809023e-32,"1","Prkcsh"
6.82713455975318e-37,0.268297089752779,0.841,0.806,1.51541905822841e-32,"1","Ier5"
7.22254818397145e-37,0.518946710300532,0.565,0.507,1.60318902039614e-32,"1","Gm2a"
1.22128415179009e-36,0.528647923588375,0.428,0.348,2.71088443172847e-32,"1","Xdh"
1.60037387894866e-36,0.516842645458201,0.458,0.391,3.55234989910235e-32,"1","Polr3gl"
1.60796946182347e-36,0.563264131745949,0.422,0.35,3.56920981440956e-32,"1","Il10ra"
1.61988220468656e-36,0.308687242473069,0.742,0.707,3.59565252974275e-32,"1","Rab22a"
1.72789333134845e-36,0.26924952604185,0.812,0.794,3.83540482759416e-32,"1","Zap70"
2.0449993203919e-36,0.298778395536036,0.798,0.786,4.53928499147389e-32,"1","N4bp1"
2.25189149480499e-36,0.596401691775664,0.338,0.261,4.99852355101865e-32,"1","Smim3"
2.31586052891874e-36,0.530561667629961,0.426,0.357,5.14051561604092e-32,"1","Mllt11"
2.83553260293185e-36,0.270518692673562,0.803,0.79,6.29403171872784e-32,"1","Tfg"
3.6408384087906e-36,0.368089365437079,0.684,0.641,8.08156901599249e-32,"1","Arl4a"
5.61454614236387e-36,0.728067877961962,0.296,0.22,1.24626080722051e-31,"1","Gm16341"
6.35628060995508e-36,0.252840992910542,0.826,0.808,1.41090360699173e-31,"1","Tmed7"
8.37959086968548e-36,0.69434392880716,0.303,0.227,1.86001778534409e-31,"1","Spef2"
1.01404581740512e-35,0.423257930772763,0.668,0.631,2.25087750089415e-31,"1","Mdfic"
1.5317259421307e-35,0.461175844965698,0.539,0.489,3.39997207374752e-31,"1","Arhgef7"
1.92474240024304e-35,0.291979124969271,0.793,0.765,4.27235070581947e-31,"1","Parp14"
1.95655246490037e-35,0.350038223115858,0.676,0.64,4.34295950633935e-31,"1","Batf"
2.59701752081676e-35,0.466919816931526,0.487,0.421,5.76459979095695e-31,"1","Dstn"
2.62624294511889e-35,0.763973674499232,0.265,0.196,5.8294714652804e-31,"1","Gm26827"
3.01264199437457e-35,0.293854187639715,0.776,0.759,6.68716143491324e-31,"1","Ube4b"
3.83719806313749e-35,0.368153170768938,0.658,0.601,8.51742854074628e-31,"1","Fasl"
4.74366736521757e-35,0.309005290899685,0.688,0.653,1.05295184505734e-30,"1","Trmt1l"
5.21700989364756e-35,0.947450071821155,0.373,0.308,1.15801968609295e-30,"1","Errfi1"
8.52449008548031e-35,0.559341582943296,0.489,0.424,1.89218106427407e-30,"1","Ptprj"
1.25438902560817e-34,0.306037307601904,0.841,0.834,2.78436732014246e-30,"1","Resf1"
1.59965870364757e-34,0.340638039777967,0.66,0.614,3.55076242448651e-30,"1","Trim12c"
1.73647177030536e-34,0.324556950106958,0.671,0.639,3.85444638854681e-30,"1","Ndel1"
1.8779223705229e-34,0.336519347922324,0.623,0.575,4.16842428584969e-30,"1","Rnf14"
1.8826209028427e-34,0.288484012014236,0.787,0.764,4.17885361803994e-30,"1","Herc4"
2.77630611503014e-34,0.256462188842331,0.836,0.822,6.16256668353241e-30,"1","Atp6v1d"
2.84671168083579e-34,0.467049589388087,0.482,0.418,6.3188459179512e-30,"1","Gpr18"
2.87104916075993e-34,0.371838321604659,0.528,0.449,6.37286782213883e-30,"1","9230114K14Rik"
3.39347979200614e-34,0.411835042216816,0.544,0.492,7.53250709431602e-30,"1","Tmem127"
4.5213473872623e-34,0.53181249402053,0.373,0.302,1.00360347955061e-29,"1","Snx14"
9.3988250661448e-34,0.527884411432325,0.836,0.818,2.08625719993216e-29,"1","Irf8"
1.33133982946775e-33,0.483815934007959,0.455,0.393,2.95517501946956e-29,"1","Ric8a"
1.44259297224063e-33,0.254504631531372,0.833,0.816,3.20212362048253e-29,"1","Fbxo11"
1.47761123883915e-33,0.597780476643405,0.392,0.326,3.27985366685127e-29,"1","Apobr"
1.78742707060133e-33,0.505910290271848,0.436,0.37,3.96755186861377e-29,"1","Nfkbiz"
2.402813519782e-33,0.324067035512816,0.669,0.622,5.33352516986011e-29,"1","Il1rapl1"
2.88159399627445e-33,0.294789608026467,0.79,0.773,6.39627419353039e-29,"1","Degs1"
3.00719162426029e-33,0.551856998269515,0.356,0.285,6.67506324837056e-29,"1","Man2b2"
3.4608649898165e-33,0.278966050498272,0.809,0.798,7.68208201789569e-29,"1","Stx16"
4.2110857508969e-33,0.923563163512019,0.395,0.327,9.34734704126586e-29,"1","Rgs1"
5.78942648118123e-33,0.743847663970446,0.264,0.192,1.2850789960278e-28,"1","Itm2a"
7.57342349732563e-33,0.329089362779336,0.71,0.68,1.68107281370137e-28,"1","Spata13"
8.33034673592889e-33,0.74300211112998,0.293,0.221,1.84908706497414e-28,"1","Cers6"
1.07052753585638e-32,0.477281008771396,0.47,0.406,2.3762499713404e-28,"1","Rassf2"
1.15128304730095e-32,0.34433682066363,0.836,0.829,2.55550298009391e-28,"1","Malt1"
1.30939507065599e-32,0.362644444613427,0.564,0.507,2.90646423833511e-28,"1","Slc35b3"
1.75374282388676e-32,0.427888421993412,0.604,0.566,3.89278294618143e-28,"1","BE692007"
1.76107673335386e-32,0.286426844759477,0.743,0.719,3.90906202502557e-28,"1","Trabd"
2.00884913483851e-32,0.444103739327905,0.455,0.383,4.45904242460104e-28,"1","Slc2a9"
2.12462176759352e-32,0.259077574750333,0.805,0.791,4.71602293752733e-28,"1","Cdk7"
2.32046626606842e-32,0.256004360311404,0.878,0.876,5.15073897079206e-28,"1","Slc39a6"
2.5812659679763e-32,0.454441258200286,0.488,0.429,5.72963606911699e-28,"1","Gnpda2"
2.60028684435557e-32,0.450858638574088,0.536,0.482,5.77185670841606e-28,"1","Slc30a4"
3.06551473585728e-32,0.53540670630796,0.423,0.356,6.8045230591824e-28,"1","Lrp12"
3.52226343545632e-32,0.37394804578756,0.6,0.563,7.81836814768239e-28,"1","Fam120b"
4.51584801152684e-32,0.349811678080286,0.655,0.609,1.00238278311861e-27,"1","Stat2"
4.7636882520646e-32,0.363332715482583,0.629,0.596,1.05739588131078e-27,"1","Mlxip"
6.9279191620001e-32,0.72947545383357,0.269,0.202,1.53779021638916e-27,"1","Lpar6"
1.16850950562191e-31,0.384154114796815,0.599,0.555,2.59374054962895e-27,"1","Tbc1d22b"
1.25697778077589e-31,0.448279818136067,0.478,0.421,2.79011357998825e-27,"1","Ezh1"
1.26378148077619e-31,0.429071815534445,0.666,0.642,2.80521575287891e-27,"1","Ptger4"
1.49383963595767e-31,0.286750428777726,0.798,0.789,3.31587583993525e-27,"1","Uhrf1bp1l"
1.66638059967203e-31,0.422641293841598,0.477,0.419,3.698865017092e-27,"1","Galnt11"
2.16936858905786e-31,0.27621833245213,0.765,0.746,4.81534745713173e-27,"1","Rc3h2"
2.31140969350931e-31,0.26405964215635,0.817,0.804,5.13063609668263e-27,"1","Rad54l2"
2.72202146915505e-31,0.505360880835937,0.425,0.36,6.04207105508346e-27,"1","Gm7072"
4.43248808755765e-31,0.589420919911256,0.327,0.258,9.83879380795171e-27,"1","Plekhm3"
4.44936750498583e-31,0.749369390886812,0.25,0.182,9.87626105081706e-27,"1","Ctla4"
4.87433130234515e-31,0.528752777164355,0.358,0.289,1.08195531918155e-26,"1","Gns"
5.74456878423667e-31,0.357663262869873,0.577,0.526,1.27512193303701e-26,"1","D130009I18Rik"
5.7489495589545e-31,0.70987978698377,0.394,0.33,1.27609433360113e-26,"1","Il18rap"
5.84597399869615e-31,0.331138012929141,0.785,0.767,1.29763084849058e-26,"1","Adam19"
5.96056133945261e-31,0.523332854561317,0.421,0.358,1.3230658005183e-26,"1","Gm15232"
6.58285994568652e-31,0.251585005264273,0.881,0.844,1.46119742214404e-26,"1","Myc"
7.76160730254966e-31,0.307712230930063,0.76,0.739,1.72284397294695e-26,"1","Ifnar1"
1.01301049091338e-30,0.612190497063825,0.315,0.248,2.24857938668043e-26,"1","Gm10509"
1.26964073805636e-30,0.538172000047458,0.419,0.352,2.81822154626369e-26,"1","Hsd11b1"
1.52818742917658e-30,0.440780677417096,0.464,0.406,3.39211763654326e-26,"1","Gdap2"
1.55615412492972e-30,0.541896316577275,0.441,0.377,3.4541953111065e-26,"1","Atp2b4"
1.59487617823737e-30,0.492809808376938,0.521,0.477,3.54014665283349e-26,"1","Tanc1"
1.76587050302664e-30,0.506981205119267,0.47,0.418,3.91970275556823e-26,"1","Ksr1"
1.80769622149313e-30,0.257655285404125,0.838,0.82,4.01254330284829e-26,"1","Sptan1"
1.97797536388187e-30,0.534201989168679,0.427,0.365,4.39051191520859e-26,"1","Tnfrsf26"
2.39014942855879e-30,0.271369928209891,0.796,0.782,5.30541468657194e-26,"1","Twf2"
2.52723995828e-30,0.443881466292097,0.424,0.358,5.60971453539411e-26,"1","2310001H17Rik"
3.11855663874522e-30,0.266600168569629,0.783,0.763,6.92226017102276e-26,"1","Ripk1"
5.02460378396618e-30,0.424259690705713,0.484,0.423,1.11531130192697e-25,"1","Cpped1"
5.68318499613828e-30,0.418980771467041,0.643,0.605,1.26149657359281e-25,"1","Pde11a"
6.1460348606014e-30,0.378094132672387,0.564,0.515,1.36423535800769e-25,"1","Tbc1d22a"
6.66138543416156e-30,0.256370332536074,0.795,0.776,1.47862772482084e-25,"1","Cop1"
7.5739334877936e-30,0.315640492799268,0.688,0.66,1.68118601628554e-25,"1","Arfip1"
7.86330990234037e-30,0.328936646078733,0.787,0.769,1.74541889902249e-25,"1","Nfatc1"
8.21879697445612e-30,0.591281675897514,0.34,0.275,1.82432636442003e-25,"1","Myo6"
8.29313655145665e-30,0.366972661071222,0.573,0.52,1.84082752032683e-25,"1","Kbtbd11"
8.55667394983708e-30,0.311984589372426,0.707,0.688,1.89932491664534e-25,"1","Xlr4b"
8.70052758806204e-30,0.555729466822092,0.369,0.304,1.93125610872213e-25,"1","Gfi1"
8.90238308265458e-30,0.373145610678074,0.592,0.562,1.97606197285684e-25,"1","Pdlim2"
9.34654425931074e-30,0.485337673759251,0.439,0.379,2.0746524292392e-25,"1","Arap1"
1.72536046430891e-29,0.324403050334148,0.852,0.861,3.82978262262649e-25,"1","Arl15"
1.95794943844063e-29,0.445251903601035,0.452,0.391,4.34606036850668e-25,"1","Tec"
2.41273291523435e-29,0.4179442606359,0.466,0.412,5.35554325194568e-25,"1","Rmc1"
2.67569226616156e-29,0.556821395700762,0.332,0.269,5.93923412319882e-25,"1","Fbxo6"
3.43325257594533e-29,0.447935852654526,0.476,0.414,7.62079074282585e-25,"1","Spata6"
3.73544857187686e-29,0.49196219652114,0.45,0.388,8.29157519499508e-25,"1","Trio"
3.75815405250518e-29,0.587769945706754,0.271,0.204,8.34197455034576e-25,"1","Tafa3"
4.80310461855828e-29,0.914633071814132,0.278,0.207,1.06614513218138e-24,"1","Ifitm1"
4.81891389958756e-29,0.258167312690626,0.931,0.943,1.06965431829145e-24,"1","Plac8"
5.09930411186491e-29,0.294641584134728,0.679,0.649,1.13189253371065e-24,"1","Crtc3"
6.25694688785956e-29,0.283204896757505,0.722,0.674,1.38885450069819e-24,"1","Ddit4"
7.12297340037313e-29,0.412365287569338,0.584,0.536,1.58108640568082e-24,"1","Osm"
7.38081456423064e-29,0.26479790334239,0.826,0.822,1.63831940882227e-24,"1","Cdk17"
8.32557717062758e-29,0.37565350894733,0.54,0.492,1.8480283645642e-24,"1","Pigp"
9.68598244173007e-29,0.575960878657447,0.329,0.264,2.14999752259082e-24,"1","Tnip2"
1.03254629858002e-28,0.362436180240477,0.56,0.521,2.29194301895808e-24,"1","Acadvl"
1.03827316920034e-28,0.512751709669972,0.403,0.338,2.30465495367399e-24,"1","Kcnn4"
1.06389352526235e-28,0.272198797657039,0.789,0.784,2.36152445802483e-24,"1","Hbs1l"
1.61454448680635e-28,0.310850008324361,0.69,0.659,3.58380439736405e-24,"1","Ak3"
1.98928916820639e-28,0.269770587666848,0.755,0.732,4.41562516666773e-24,"1","Vav1"
2.38273541709733e-28,0.352807576942966,0.543,0.501,5.28895780533095e-24,"1","Yipf3"
2.49267630758071e-28,0.259212895989848,0.814,0.811,5.53299359993691e-24,"1","Spint2"
2.63445807394903e-28,0.258663032279918,0.81,0.796,5.84770658674467e-24,"1","Ifi35"
2.69032256626509e-28,0.43633598849077,0.483,0.433,5.97170900033863e-24,"1","Arhgap27os3"
2.76820173274244e-28,0.256394173910375,0.884,0.873,6.14457738616841e-24,"1","Rcsd1"
3.04811205995629e-28,0.437734452413338,0.401,0.34,6.76589433948499e-24,"1","Atg13"
3.31764781288939e-28,0.258777853961532,0.794,0.78,7.36418285027057e-24,"1","Arl2bp"
3.37940349063985e-28,0.597170190179499,0.34,0.277,7.50126192817327e-24,"1","Ndrg1"
3.66650425839385e-28,0.270803752973304,0.718,0.692,8.13853950235683e-24,"1","Midn"
4.42249077205512e-28,0.47790477225218,0.523,0.478,9.81660276673076e-24,"1","Ubash3b"
4.46598871985168e-28,0.555879716543075,0.484,0.415,9.91315516145477e-24,"1","Ifitm3"
4.64657965987206e-28,0.442102625564485,0.443,0.385,1.0314012871018e-23,"1","Arid3a"
4.74072584257577e-28,0.439849762684661,0.411,0.347,1.05229891527654e-23,"1","Fam117a"
5.05916972891064e-28,0.583044990573443,0.332,0.271,1.12298390472629e-23,"1","Sec23a"
5.34180684888677e-28,0.479897623878431,0.384,0.323,1.1857208662474e-23,"1","Tmem87b"
7.08186214767269e-28,0.602308976037258,0.268,0.203,1.57196094091891e-23,"1","Insl6"
7.68451625091459e-28,0.26939055042821,0.784,0.76,1.70573207221551e-23,"1","Rcn1"
8.23502961835546e-28,0.599319682320403,0.285,0.222,1.82792952438636e-23,"1","Ptger2"
1.05529648467631e-27,0.358746814596092,0.564,0.528,2.34244160703601e-23,"1","Glmp"
1.26808166615117e-27,0.628571430612414,0.496,0.437,2.81476087435575e-23,"1","Ccr2"
1.30270044084027e-27,0.445852367878549,0.486,0.435,2.89160416853315e-23,"1","Dcaf6"
1.3441810817262e-27,0.254772229836279,0.763,0.744,2.98367874710765e-23,"1","Efl1"
1.70165628038387e-27,0.334010955721957,0.603,0.563,3.77716644556808e-23,"1","Tmem199"
1.83302926070395e-27,0.545449991081451,0.371,0.309,4.06877504998456e-23,"1","Dse"
1.8333596245144e-27,0.438374166288295,0.432,0.381,4.06950835853462e-23,"1","Creb3"
2.55023031442484e-27,0.274381234683538,0.712,0.648,5.66074622892881e-23,"1","Mt1"
2.55670379878957e-27,0.302882187839858,0.669,0.64,5.6751154221732e-23,"1","Mib1"
3.22733067821365e-27,0.290226500888386,0.686,0.659,7.16370590643084e-23,"1","Acadm"
3.38346704880224e-27,0.549874897560219,0.302,0.238,7.51028180822633e-23,"1","4930581F22Rik"
3.59710741084927e-27,0.412907960345184,0.631,0.595,7.98449931986213e-23,"1","Hemk1"
3.66477511648058e-27,0.26873843062308,0.675,0.65,8.13470132605193e-23,"1","Rragc"
3.93057283961126e-27,0.282211053176046,0.717,0.694,8.7246925320851e-23,"1","Srpk2"
4.03473170253385e-27,0.389425414995191,0.421,0.357,8.95589396011438e-23,"1","Zfp950"
4.52800738725537e-27,0.276351283523968,0.702,0.676,1.00508179974907e-22,"1","Scamp2"
4.61913012456091e-27,0.399060504701608,0.435,0.374,1.02530831374878e-22,"1","S1pr4"
4.75519201866728e-27,0.360033418400229,0.548,0.504,1.05550997238358e-22,"1","Lnx2"
6.56027600149795e-27,0.310581332244586,0.72,0.69,1.4561844640525e-22,"1","Fcho2"
7.09132261519701e-27,0.46053367749306,0.438,0.384,1.57406088089528e-22,"1","Tmem156"
7.17570483793675e-27,0.615137793219263,0.26,0.196,1.59279120287682e-22,"1","Plcg2"
7.49254507463982e-27,0.301284532031045,0.66,0.627,1.6631202302178e-22,"1","Zfp322a"
8.24730860216639e-27,0.36102970588369,0.511,0.456,1.83065509042287e-22,"1","Ccdc186"
8.34420807850498e-27,0.374871101850933,0.553,0.513,1.85216386718575e-22,"1","Atp8b2"
9.78740011379414e-27,0.30082763911042,0.631,0.597,2.17250920325888e-22,"1","Avl9"
1.17005812985635e-26,0.282989964196002,0.832,0.834,2.59717803084214e-22,"1","Fbxl17"
1.51006117510075e-26,0.537957414482157,0.355,0.293,3.35188279037115e-22,"1","Antxr2"
1.55621768992636e-26,0.299479498307824,0.647,0.617,3.45433640632954e-22,"1","Vps37a"
1.83597828526428e-26,0.312225284859361,0.618,0.578,4.07532099980113e-22,"1","Clec2d"
1.83760702781605e-26,0.371508932175692,0.551,0.501,4.07893631964329e-22,"1","Gm20559"
1.92561706774492e-26,0.301155734943347,0.652,0.626,4.27429220527339e-22,"1","Txndc11"
2.72915281992066e-26,0.736478398387366,0.386,0.324,6.05790051437789e-22,"1","Large1"
2.94870564890705e-26,0.585947603090671,0.279,0.219,6.54524192887899e-22,"1","Mccc1"
3.30243549004763e-26,0.434472113117757,0.437,0.384,7.33041605725872e-22,"1","Fuca2"
4.36860796719986e-26,0.369083676450748,0.575,0.538,9.69699910479353e-22,"1","Dync2h1"
5.39479608081666e-26,0.36213254846607,0.58,0.544,1.19748288605887e-21,"1","Slc37a3"
6.91052229999107e-26,0.364611979366372,0.506,0.457,1.53392863492902e-21,"1","Arel1"
7.20712514353953e-26,0.465055899514975,0.607,0.563,1.59976556811147e-21,"1","Maml2"
7.57532074333276e-26,0.303803193696422,0.691,0.664,1.68149394539757e-21,"1","Clec16a"
9.21446553400528e-26,0.404979986570792,0.489,0.444,2.04533491458315e-21,"1","Phykpl"
9.41541244442803e-26,0.411284024230402,0.466,0.419,2.08993910028969e-21,"1","Tspyl1"
9.83409294092353e-26,0.445347861216344,0.507,0.458,2.1828736100968e-21,"1","Eya2"
1.04046187749715e-25,0.366166306341392,0.494,0.444,2.30951322948043e-21,"1","Leng8"
1.04219496384099e-25,0.297654743152848,0.615,0.581,2.31336016123784e-21,"1","Tfb2m"
1.1329992486588e-25,0.32004357174824,0.702,0.67,2.51491843224794e-21,"1","Hdac8"
1.69816569868347e-25,0.390644232146173,0.477,0.429,3.7694184013677e-21,"1","Snx19"
2.87726118165542e-25,0.525936228597558,0.451,0.402,6.38665664492054e-21,"1","Pkp3"
2.89364073479161e-25,0.530508577816696,0.497,0.448,6.42301433901694e-21,"1","Mgst2"
3.12246334875246e-25,0.309856101659862,0.653,0.626,6.93093189522584e-21,"1","Numb"
3.42907779125205e-25,0.406012279697945,0.512,0.475,7.61152397324218e-21,"1","Ctsa"
3.91312745369234e-25,0.384333971546024,0.507,0.464,8.68596900896089e-21,"1","Snx13"
4.18991138427014e-25,0.295366052094331,0.661,0.629,9.30034629966444e-21,"1","Hivep2"
4.97946569534829e-25,0.378124698893746,0.53,0.483,1.10529200039646e-20,"1","Rbm41"
6.55061517461992e-25,0.438084530764741,0.42,0.369,1.45404005031038e-20,"1","Plekhb2"
6.66971048869205e-25,0.53099186477978,0.324,0.266,1.48047563717497e-20,"1","Wdr6"
7.47619569936663e-25,0.399804201833265,0.491,0.431,1.65949115938841e-20,"1","Mycn"
7.57608088287666e-25,0.648391757886255,0.295,0.237,1.68166267357213e-20,"1","Cdc42ep3"
7.65930068393587e-25,0.302030948163579,0.562,0.516,1.70013497281324e-20,"1","Smim10l1"
8.56562997993468e-25,0.444299603855214,0.438,0.388,1.9013128866461e-20,"1","Psen2"
9.76223537820269e-25,0.266920317036621,0.721,0.706,2.16692338689965e-20,"1","Ap3m1"
1.06598094633239e-24,0.254318517211656,0.718,0.69,2.366157906574e-20,"1","B3galnt2"
1.12619342563737e-24,0.382117054769165,0.567,0.527,2.49981154688727e-20,"1","Jun"
1.13336295309436e-24,1.38848079273324,0.359,0.298,2.51572574698355e-20,"1","Gzmc"
1.43802285771188e-24,0.284229464443395,0.889,0.884,3.19197933726305e-20,"1","Dennd4a"
1.56195135890631e-24,0.26294043783642,0.716,0.708,3.46706343136434e-20,"1","Smim30"
1.5802668773632e-24,0.619774132700738,0.396,0.343,3.5077183876831e-20,"1","Sgk1"
1.62215689860231e-24,0.392348059035108,0.465,0.412,3.60070166782754e-20,"1","Lipa"
1.64019341774727e-24,0.466161355815367,0.396,0.341,3.64073732937362e-20,"1","4930486L24Rik"
1.66271596276059e-24,0.370805189052107,0.478,0.431,3.69073062253969e-20,"1","Chmp1b"
1.66592381970243e-24,0.296435211211305,0.604,0.575,3.69785110259347e-20,"1","Fbxo38"
1.66677854067738e-24,0.336660547353266,0.506,0.45,3.69974832674158e-20,"1","Sesn2"
1.78344367109901e-24,0.482761336427415,0.382,0.326,3.95870991673846e-20,"1","Alg2"
1.84826464514784e-24,0.326846346107224,0.597,0.561,4.10259303283467e-20,"1","Lgals8"
1.94268875518849e-24,0.283053668433785,0.871,0.883,4.31218622989188e-20,"1","Samhd1"
2.00635272027559e-24,0.447217443000452,0.442,0.395,4.45350113319574e-20,"1","Ppp1r13b"
2.8222582076499e-24,0.344434998937592,0.578,0.535,6.26456654352049e-20,"1","Sdccag8"
2.85353310057576e-24,0.499067168922303,0.365,0.31,6.33398742334802e-20,"1","Slc25a53"
3.26076712239127e-24,0.254091613476361,0.727,0.717,7.2379247815719e-20,"1","Zcchc9"
3.32310155985629e-24,0.504614943844417,0.373,0.318,7.376288532413e-20,"1","Klhl18"
4.03639142229753e-24,0.28268157680157,0.765,0.75,8.95957804007383e-20,"1","Xpr1"
4.29114394322071e-24,0.59057611883676,0.313,0.254,9.52505221076701e-20,"1","Gm36496"
4.40487046736785e-24,0.634450411857717,0.268,0.21,9.77749097641641e-20,"1","Gm17173"
4.49672663761013e-24,0.302218539418234,0.665,0.632,9.98138411750321e-20,"1","Lgals3bp"
4.73056911473947e-24,0.50191195579779,0.347,0.293,1.05004442639872e-19,"1","Fam8a1"
5.0264129334011e-24,0.359680722453948,0.524,0.482,1.11571287882704e-19,"1","Kdm5d"
5.04840846327996e-24,0.311161259637431,0.591,0.562,1.12059522659425e-19,"1","Usp32"
7.08326373775278e-24,0.310266035680338,0.786,0.786,1.57227205186899e-19,"1","Etv6"
7.22731121190587e-24,0.35950426635479,0.69,0.676,1.60424626970675e-19,"1","Eno3"
1.07071140776972e-23,0.479388531869398,0.435,0.393,2.37665811182645e-19,"1","Ppard"
1.10907300532854e-23,0.262500719005005,0.685,0.663,2.46180934992776e-19,"1","Spopl"
1.13259191325531e-23,0.319690519713219,0.586,0.555,2.51401426985281e-19,"1","Fbxo33"
1.14462478268503e-23,0.450882950843307,0.42,0.372,2.54072363012595e-19,"1","Zswim8"
1.19922099887217e-23,0.390878354021869,0.464,0.418,2.66191085119656e-19,"1","Gvin2"
1.27800058101126e-23,0.267602992006446,0.707,0.689,2.8367778896707e-19,"1","Gpbp1l1"
1.56587002976256e-23,0.313085351272801,0.662,0.63,3.47576170506395e-19,"1","Erich1"
1.72327858854707e-23,0.435884500814499,0.469,0.422,3.82516148299793e-19,"1","Gpr146"
1.88512855349829e-23,0.333867429703739,0.555,0.524,4.18441985020015e-19,"1","Tvp23b"
1.9401111332559e-23,0.33138394256606,0.55,0.508,4.30646468248811e-19,"1","Tatdn1"
2.02746417664316e-23,0.373377226749716,0.402,0.339,4.50036223289481e-19,"1","Bbc3"
2.52759635305785e-23,0.39653077838231,0.466,0.418,5.61050562488252e-19,"1","Ccdc71l"
3.15520905822679e-23,0.418903746892928,0.458,0.407,7.003617546546e-19,"1","Wars2"
4.00969970862837e-23,0.488034479170593,0.36,0.307,8.90033044324239e-19,"1","Slc35a2"
4.72059377368135e-23,0.378896490522199,0.453,0.408,1.04783019994405e-18,"1","Adprm"
5.24741302463399e-23,0.490262575516531,0.318,0.263,1.16476826907801e-18,"1","Akr1b10"
5.79257433056724e-23,0.289682599246437,0.771,0.771,1.28577772415601e-18,"1","Mbtd1"
6.1714645386378e-23,0.514168094496096,0.376,0.32,1.36987998364143e-18,"1","Ifih1"
6.19802155646531e-23,0.263037024162277,0.702,0.693,1.3757748448886e-18,"1","Cyb5r4"
6.22808935103658e-23,0.511259801016254,0.38,0.329,1.38244899324959e-18,"1","Sec24d"
6.82478546497034e-23,0.259159219069563,0.722,0.705,1.51489762965947e-18,"1","Kcnk5"
6.91345779912766e-23,0.560537394267851,0.356,0.299,1.53458022767237e-18,"1","Pecam1"
7.87579570195286e-23,0.570062941302448,0.304,0.25,1.74819037196248e-18,"1","Trim13"
9.01580584048556e-23,0.360045375095678,0.517,0.473,2.00123842241258e-18,"1","Trim56"
9.25947082032311e-23,0.371484118734939,0.497,0.449,2.05532473798712e-18,"1","Fbxo17"
9.37647634379951e-23,0.428992671888638,0.442,0.4,2.08129645403318e-18,"1","Snapin"
9.44317230507965e-23,0.559183550473235,0.27,0.213,2.09610095655853e-18,"1","Ccdc125"
1.03306249782995e-22,0.589503057720303,0.273,0.22,2.29308882643314e-18,"1","Kdm4b"
1.07205411002921e-22,0.416687973198077,0.387,0.331,2.37963850803184e-18,"1","Dnaaf9"
1.41169447079771e-22,0.414898189642824,0.577,0.537,3.13353821682968e-18,"1","Atg4a"
1.57157022742694e-22,0.485311566913408,0.548,0.515,3.48841443381959e-18,"1","Cradd"
1.65932907175039e-22,0.289875608605012,0.639,0.615,3.68321274056433e-18,"1","Unc119"
1.67613074218918e-22,0.464233148193915,0.347,0.294,3.72050740843731e-18,"1","Pxmp4"
1.98906135941447e-22,0.322416085449245,0.551,0.52,4.41511949949229e-18,"1","Vps50"
2.0986844680686e-22,0.30026988094886,0.601,0.574,4.65844991377186e-18,"1","Arhgap1"
2.14173375489759e-22,0.520719252687849,0.365,0.316,4.75400641574619e-18,"1","Gm20069"
2.28630133541365e-22,0.474332136010031,0.365,0.31,5.07490307421768e-18,"1","Tlr1"
2.45854287737386e-22,0.341988541520998,0.537,0.499,5.45722762490676e-18,"1","Capn1"
2.45894998414631e-22,0.279554284646758,0.666,0.636,5.45813127980957e-18,"1","Brwd1"
2.68409988222425e-22,0.253126610684893,0.669,0.652,5.95789650857318e-18,"1","Qars"
2.68939011032424e-22,0.285626137285909,0.638,0.617,5.96963922788672e-18,"1","Ext2"
2.72539170755759e-22,0.453582853018566,0.509,0.48,6.04955197326559e-18,"1","Dennd11"
3.23157943873642e-22,0.469407244171701,0.341,0.288,7.17313688016323e-18,"1","Vwa5a"
3.64628829718602e-22,0.356683297702098,0.471,0.425,8.09366613326381e-18,"1","Tmem229b"
3.80854577943352e-22,0.464573470158301,0.696,0.691,8.45382906660859e-18,"1","Hip1"
3.83706732427664e-22,0.267533911859211,0.705,0.691,8.51713833969685e-18,"1","Fbxw11"
4.66277962376544e-22,0.461174173864269,0.331,0.277,1.03499719308721e-17,"1","Mpv17"
5.4863851071188e-22,0.439254313778136,0.429,0.38,1.21781290222716e-17,"1","Gm56555"
5.77504704043854e-22,0.35933852751907,0.524,0.486,1.28188719156614e-17,"1","2810001A02Rik"
6.46834606789771e-22,0.37412396079679,0.434,0.388,1.43577877669125e-17,"1","Gskip"
6.61845278989523e-22,0.471490579576062,0.326,0.268,1.46909796577305e-17,"1","Pkd1l3"
7.3990694139328e-22,0.258017916572839,0.715,0.703,1.64237143781066e-17,"1","Phkb"
7.88125921480655e-22,0.472117421069337,0.387,0.338,1.74940310791061e-17,"1","Acadsb"
1.0211812709693e-21,0.298076610859442,0.646,0.626,2.26671606717055e-17,"1","Vgll4"
1.04644276977735e-21,0.317340914126048,0.646,0.629,2.32278901607479e-17,"1","Itpkb"
1.11672888913757e-21,0.264455985960321,0.722,0.715,2.47880311521866e-17,"1","Gfpt1"
1.13540997253667e-21,0.321845314589776,0.568,0.539,2.52026951603965e-17,"1","Slc39a14"
1.21414147123318e-21,0.371442698327432,0.443,0.395,2.6950298236963e-17,"1","Stx5a"
1.56173711719208e-21,0.313846353247607,0.562,0.529,3.46658787903126e-17,"1","Tbc1d23"
1.58741784141203e-21,0.328473362666427,0.541,0.503,3.52359138258229e-17,"1","Traf3ip2"
2.00962346923274e-21,0.458648957303665,0.393,0.346,4.46076121465591e-17,"1","Asb7"
2.22027439167092e-21,0.328447552440482,0.548,0.522,4.92834306719193e-17,"1","Pxn"
2.3108107582723e-21,0.39234858001231,0.61,0.595,5.12930664013702e-17,"1","Orai1"
2.67871271485724e-21,0.32455082425593,0.671,0.654,5.94593861316862e-17,"1","Stap1"
3.00008698562208e-21,0.293274552066333,0.643,0.626,6.65929308198534e-17,"1","Arhgap17"
3.02162271154034e-21,0.538995465784454,0.292,0.239,6.70709593280609e-17,"1","Mccc2"
3.51036007294046e-21,0.272044940983239,0.625,0.599,7.79194625390595e-17,"1","Syap1"
3.75704788255376e-21,0.515486797548443,0.28,0.225,8.33951918490459e-17,"1","ENSMUSG00000095041"
3.78773164378831e-21,0.262111398921031,0.644,0.621,8.40762792971692e-17,"1","Eci2"
4.07654189010724e-21,0.26122384783025,0.706,0.7,9.04870003347104e-17,"1","Bet1"
4.3804294201287e-21,0.312173744006824,0.551,0.518,9.72323918385968e-17,"1","Fbxw4"
5.04392573612841e-21,0.337180875207213,0.508,0.469,1.11960019564842e-16,"1","Pja2"
5.39596216899507e-21,0.460822332583557,0.333,0.278,1.19774172265184e-16,"1","Dop1b"
5.53000050086884e-21,0.679993291872382,0.324,0.268,1.22749421117786e-16,"1","Akr1c13"
6.48322653604422e-21,0.473332239606028,0.366,0.316,1.43908179420574e-16,"1","Mvp"
7.55991134702472e-21,0.61072467110339,0.286,0.231,1.67807352169908e-16,"1","Afp"
7.64925120229413e-21,0.394871085279486,0.468,0.427,1.69790428937323e-16,"1","Ercc6"
8.08851684195715e-21,0.64295914252691,0.51,0.479,1.79540808340923e-16,"1","Gata3"
8.50180644867754e-21,0.417877472332138,0.43,0.382,1.88714597741295e-16,"1","Bcl3"
1.01041364835609e-20,0.431637582155401,0.387,0.338,2.24281517525601e-16,"1","Klhl28"
1.04114820645526e-20,0.258421569464257,0.723,0.709,2.31103667386874e-16,"1","Norad"
1.13805286833977e-20,0.362100917379683,0.506,0.472,2.52613595185379e-16,"1","Frrs1"
1.20843846584364e-20,0.400343192787926,0.448,0.402,2.68237086263314e-16,"1","Rab40c"
1.31020567982789e-20,0.371924393558702,0.505,0.466,2.90826354751397e-16,"1","9930111J21Rik2"
1.61017557421031e-20,0.257245447494807,0.649,0.634,3.57410672207464e-16,"1","Sec16a"
1.62407791528005e-20,0.286625051268929,0.599,0.571,3.60496574854714e-16,"1","Brox"
1.83125925353954e-20,0.26217908290213,0.64,0.616,4.06484616508172e-16,"1","Gyg"
1.92723985979378e-20,0.297083028672474,0.567,0.541,4.27789431678425e-16,"1","Ccdc88b"
1.99249295024324e-20,0.523191945509503,0.267,0.216,4.42273660165492e-16,"1","Blcap"
2.40141024590239e-20,0.587440022408036,0.334,0.282,5.33041032282953e-16,"1","Ptger3"
2.85880084187957e-20,0.266513547830259,0.725,0.718,6.34568022872008e-16,"1","Bicdl1"
3.07486167772568e-20,0.280111589826109,0.569,0.539,6.82527046604769e-16,"1","Cog3"
3.40743612555769e-20,0.400963130193238,0.398,0.351,7.56348596790041e-16,"1","Vps33b"
4.18234638819141e-20,0.358112606497829,0.557,0.533,9.28355427786848e-16,"1","Aff1"
4.4846091946679e-20,0.267830536181529,0.618,0.596,9.95448702940434e-16,"1","Pigbos1"
4.52605243083978e-20,0.510277924435242,0.305,0.255,1.00464785807351e-15,"1","Chst12"
5.69913810720885e-20,0.506292013210799,0.41,0.368,1.26503768565715e-15,"1","Mfhas1"
5.84407880611002e-20,0.373349014115274,0.505,0.475,1.29721017259224e-15,"1","Man2a2"
6.40044579942849e-20,0.326122274416297,0.534,0.507,1.42070695409914e-15,"1","Phkg2"
6.41931468611433e-20,0.356517569664476,0.488,0.447,1.4248952808768e-15,"1","Slc39a11"
6.55585296255096e-20,0.416625643370082,0.253,0.2,1.45520268209744e-15,"1","Pik3ip1"
6.61264095363844e-20,0.284676759262501,0.554,0.525,1.46780791247913e-15,"1","Gpatch2"
6.62352360375496e-20,0.310963631435034,0.528,0.495,1.47022353432549e-15,"1","Pex2"
6.77831041664234e-20,0.398603506611402,0.363,0.312,1.5045815631821e-15,"1","Tyk2"
6.78953701634453e-20,0.307692510827323,0.58,0.555,1.50707353151799e-15,"1","Spty2d1"
8.93746899644552e-20,0.298737781970173,0.538,0.503,1.98384999314101e-15,"1","Maf1"
1.32920509789028e-19,0.450511253541426,0.349,0.3,2.95043655578704e-15,"1","1110002L01Rik"
1.35674137327615e-19,0.441269100482578,0.391,0.341,3.01155882626108e-15,"1","Amn1"
1.60544256020511e-19,0.387768690870908,0.493,0.451,3.56360085088728e-15,"1","Galnt3"
1.62736093152199e-19,0.350438249355527,0.377,0.323,3.61225305969937e-15,"1","Cmah"
1.75728848310958e-19,0.278625838133429,0.622,0.6,3.90065324595833e-15,"1","Crbn"
1.80755150208374e-19,0.360142450935034,0.69,0.678,4.01222206917528e-15,"1","Jaml"
2.0265627377173e-19,0.279837245701305,0.587,0.562,4.49836130891109e-15,"1","Mapk8ip3"
2.10980277564814e-19,0.695234941133049,0.252,0.201,4.68312922110617e-15,"1","2610035D17Rik"
2.32281196075775e-19,0.644208604196783,0.279,0.229,5.15594570929398e-15,"1","H2-Q10"
2.38989078109528e-19,0.250864320426151,0.669,0.651,5.30484056679719e-15,"1","Vcpip1"
2.57817799869185e-19,0.452704772198495,0.547,0.523,5.7227817036963e-15,"1","Susd3"
2.59822260576143e-19,0.539873605472921,0.316,0.268,5.76727471800866e-15,"1","Dkkl1"
2.84011767014517e-19,0.511933716033382,0.31,0.263,6.30420919242123e-15,"1","Lppos"
3.91263177115602e-19,0.263546037286087,0.681,0.665,8.68486874243502e-15,"1","Bcl2l11"
4.86596557036595e-19,0.307823119530869,0.562,0.542,1.08009837765413e-14,"1","Sirt2"
4.90312897268189e-19,0.41381100924918,0.412,0.372,1.0883475380662e-14,"1","Plekho2"
5.50204124256557e-19,0.497801509960426,0.319,0.272,1.22128809461228e-14,"1","Casp6"
5.61676652715148e-19,0.310125287464406,0.571,0.548,1.24675366603181e-14,"1","BC029722"
6.18271388181051e-19,0.301572478063445,0.555,0.528,1.37237700034548e-14,"1","Ranbp10"
6.21937447417216e-19,0.267484129947909,0.679,0.666,1.38051455203199e-14,"1","Herc3"
6.5985095145489e-19,0.533374012693626,0.26,0.211,1.46467115694442e-14,"1","Zfp760"
6.74367439626113e-19,0.287545851336438,0.573,0.548,1.49689340573808e-14,"1","Pgs1"
6.83850751736788e-19,0.305749965989333,0.548,0.52,1.51794351363015e-14,"1","Pnpla2"
6.88366731466984e-19,0.260932403483585,0.603,0.583,1.52796763383727e-14,"1","Stambp"
9.17825101967092e-19,0.29521066449403,0.584,0.565,2.03729637883635e-14,"1","Trip4"
9.32943189507798e-19,0.286690761351153,0.552,0.52,2.07085399775046e-14,"1","Trmt13"
1.06356449055371e-18,0.42977400429435,0.337,0.287,2.36079409968206e-14,"1","Insr"
1.28302151888536e-18,0.362587247712689,0.492,0.459,2.84792286546983e-14,"1","Glb1"
1.40992756563219e-18,0.40477313526298,0.345,0.297,3.12961621743378e-14,"1","Nat2"
1.47091263726316e-18,0.44494218563743,0.341,0.294,3.26498478093303e-14,"1","Nudt16"
1.6970671210303e-18,0.303949629379965,0.527,0.499,3.76697988855096e-14,"1","Arl3"
1.75535383789877e-18,0.283503421703893,0.602,0.584,3.8963589139839e-14,"1","Chchd5"
1.82006347947616e-18,0.410083407248915,0.448,0.411,4.03999490539324e-14,"1","Pdlim5"
1.92627443340092e-18,0.378002052423609,0.468,0.43,4.27575135982001e-14,"1","Cyria"
2.01506117787983e-18,0.363907066104018,0.608,0.592,4.47283129653986e-14,"1","Hipk2"
2.31725168792847e-18,0.459068843921308,0.306,0.257,5.14360357169483e-14,"1","Slc25a20"
2.393257395804e-18,0.343480569599237,0.481,0.448,5.31231344146614e-14,"1","Ubxn6"
2.53374845030281e-18,0.60163904613252,0.502,0.469,5.62416143513715e-14,"1","Maml3"
2.56195858500056e-18,0.348651709178033,0.501,0.471,5.68677947112575e-14,"1","Arnt"
2.92713449080882e-18,0.319274233362596,0.473,0.434,6.49736042924833e-14,"1","Zcchc4"
2.95988990916889e-18,0.509219638915323,0.271,0.223,6.57006763138219e-14,"1","Limk1"
3.76593555177394e-18,0.395161220115868,0.397,0.354,8.35924714427261e-14,"1","Iqsec1"
4.81205871589119e-18,0.309227569875251,0.698,0.682,1.06813267316637e-13,"1","Cobll1"
5.01502378723598e-18,0.706104519899239,0.32,0.277,1.11318483005277e-13,"1","Dusp1"
6.28448252372007e-18,0.440988997803295,0.287,0.239,1.39496658579014e-13,"1","Eola1"
6.61269376456899e-18,0.388845805887726,0.43,0.394,1.46781963492138e-13,"1","Tpp1"
7.07743118833116e-18,0.445067713141885,0.352,0.309,1.57097740087387e-13,"1","Asl"
7.23715764111091e-18,0.42686247938136,0.323,0.275,1.60643188159739e-13,"1","Unc45a"
7.9000616260234e-18,0.340071088939502,0.592,0.571,1.75357667912841e-13,"1","Gngt2"
8.70898146447012e-18,0.284478765993935,0.629,0.606,1.93313261566843e-13,"1","Nbeal1"
8.95749796810105e-18,0.490666840697473,0.285,0.237,1.98829582397939e-13,"1","Gba"
9.68891245454298e-18,0.428734937882961,0.356,0.312,2.1506478975349e-13,"1","Socs5"
9.94289687846919e-18,0.380680456098961,0.486,0.456,2.20702482011381e-13,"1","Ift57"
1.23712526636996e-17,0.349362328940408,0.485,0.451,2.7460469537614e-13,"1","Tmem254"
1.57712884835238e-17,0.312905265651182,0.503,0.473,3.50075290468777e-13,"1","Tmem29"
1.59160318013996e-17,0.25681201035017,0.585,0.568,3.53288157895666e-13,"1","Ginm1"
1.59376287548491e-17,0.263351365016409,0.574,0.553,3.53767545471386e-13,"1","Anxa11"
1.62097415558624e-17,0.53481035067972,0.383,0.342,3.59807633315477e-13,"1","Nedd4l"
1.65377538305885e-17,0.257503420894618,0.837,0.854,3.67088521777574e-13,"1","Ikzf3"
1.85615026400339e-17,0.430237340529327,0.405,0.366,4.12009674100832e-13,"1","Kif3b"
2.11576677854585e-17,0.283747233070581,0.58,0.555,4.69636751833823e-13,"1","Tnrc18"
2.19915371469422e-17,0.32846981170838,0.494,0.46,4.88146150050676e-13,"1","Casd1"
2.25000040243189e-17,0.31780075487777,0.44,0.399,4.99432589327806e-13,"1","Ercc4"
2.26924832645492e-17,0.479047643444718,0.254,0.207,5.03705051023198e-13,"1","Chpf2"
2.38829249854715e-17,0.417995598844565,0.485,0.451,5.3012928590251e-13,"1","Bbs9"
3.07042659985121e-17,0.294677751213916,0.532,0.503,6.81542592368973e-13,"1","Rnf11"
3.81437511148693e-17,0.320023094223083,0.543,0.51,8.46676843496753e-13,"1","Car12"
3.88753644319214e-17,0.391711540708965,0.348,0.304,8.62916464295359e-13,"1","Rab43"
5.47333295781806e-17,0.452587961125035,0.434,0.381,1.21491571664687e-12,"1","Serpina3g"
6.15207221723856e-17,0.390884970393087,0.532,0.504,1.36557547006044e-12,"1","Parp11"
6.74907566221207e-17,0.346296907511281,0.487,0.459,1.49809232474121e-12,"1","Prkx"
6.8627839521618e-17,0.474705690118829,0.353,0.307,1.52333215386135e-12,"1","Dapk2"
7.65603299833032e-17,0.362778142493803,0.427,0.398,1.69940964463938e-12,"1","Tmc6"
8.21369161568009e-17,0.343378642994931,0.489,0.456,1.82319312793251e-12,"1","Ap1s3"
1.06110007554571e-16,0.392395992319325,0.45,0.42,2.35532383768881e-12,"1","Vps8"
1.14735640867197e-16,0.505924025935008,0.271,0.225,2.54678702032918e-12,"1","Ikbip"
1.26835378159314e-16,0.370377632316152,0.394,0.355,2.81536488900229e-12,"1","Ano10"
1.49808093712454e-16,0.377115157138662,0.392,0.352,3.32529025613534e-12,"1","Myo18a"
1.775526264937e-16,0.44559356517268,0.306,0.259,3.94113565028065e-12,"1","Tmsb15b1"
2.10604349734818e-16,0.519471227132182,0.321,0.279,4.67478475106377e-12,"1","Plk3"
2.27225485509951e-16,0.373386993034137,0.481,0.446,5.04372410186438e-12,"1","Eml5"
2.30211872709039e-16,0.33198243202865,0.425,0.383,5.11001293852254e-12,"1","Pnpla8"
2.62221575986885e-16,0.299833034683419,0.509,0.486,5.82053232218089e-12,"1","Dpp3"
2.93547507448639e-16,0.55876463119261,0.312,0.269,6.51587402283745e-12,"1","Tgfbr3"
3.66707187575404e-16,0.429791559839316,0.279,0.234,8.13979944261124e-12,"1","Fbh1"
4.05138507639659e-16,0.442414646553738,0.372,0.33,8.99285945407751e-12,"1","Milr1"
4.56302257670852e-16,0.444900474702183,0.312,0.27,1.01285412135199e-11,"1","Qsox1"
4.70325439396156e-16,0.352529579662049,0.65,0.654,1.04398137782765e-11,"1","Dnmt3a"
4.86828398530488e-16,0.296939700361705,0.558,0.539,1.08061299621812e-11,"1","Fam118b"
5.60489134960056e-16,0.262201509247447,0.608,0.594,1.24411773287084e-11,"1","Cir1"
6.17866287779413e-16,0.277021989678874,0.513,0.482,1.37147779898396e-11,"1","Exoc6"
7.46813345261595e-16,0.278916401853771,0.556,0.536,1.65770158247716e-11,"1","Dusp19"
7.64719479728733e-16,0.296627144186916,0.484,0.456,1.69744782915387e-11,"1","Tbcel"
7.9049049907684e-16,0.280807207229771,0.567,0.551,1.75465176080086e-11,"1","Trim11"
7.97946274859348e-16,0.319522967692123,0.418,0.38,1.7712013463053e-11,"1","Zfyve26"
8.71776695114297e-16,0.303815074601478,0.516,0.489,1.9350827301452e-11,"1","Irak4"
1.0004167167321e-15,0.267410051580783,0.596,0.583,2.22062498613024e-11,"1","Eif2b2"
1.09384033387629e-15,0.369633342063058,0.483,0.454,2.4279973891052e-11,"1","St3gal3"
1.21208762348342e-15,0.38145827349494,0.434,0.405,2.69047089784615e-11,"1","Xlr4a"
1.38561357972009e-15,0.357332552757188,0.381,0.341,3.07564646290468e-11,"1","Pnpo"
1.49090584594381e-15,0.297635652841111,0.509,0.486,3.30936370624148e-11,"1","Zbed6"
1.54235711057655e-15,0.373353077424315,0.371,0.333,3.42357007834677e-11,"1","Usb1"
1.58594426736121e-15,0.500137202764835,0.302,0.261,3.52032049026167e-11,"1","Daam1"
1.64899391338012e-15,0.32959146342283,0.534,0.509,3.66027178952985e-11,"1","Nckap1"
2.19745833238805e-15,0.428473893681402,0.347,0.31,4.87769826040177e-11,"1","Zfp933"
2.37715544012452e-15,0.392047962704533,0.332,0.292,5.2765719304444e-11,"1","Dcaf11"
2.40900687247422e-15,0.30706828927442,0.489,0.461,5.34727255483102e-11,"1","Cryzl1"
2.45175456235225e-15,0.386173032705092,0.335,0.292,5.4421596020533e-11,"1","Pccb"
2.54669027101139e-15,0.367948759655524,0.38,0.342,5.65288839456399e-11,"1","Zfyve16"
2.57405945764161e-15,0.396458158553581,0.306,0.263,5.71363977812709e-11,"1","Spindoc"
2.64479432232491e-15,0.336413456182597,0.411,0.378,5.87064995726461e-11,"1","Ankrd16"
2.89444056808863e-15,0.628151420367097,0.621,0.606,6.42478972898632e-11,"1","Gzma"
2.90757077188477e-15,0.334308155832874,0.468,0.437,6.45393484235262e-11,"1","Myd88"
3.10242581148093e-15,0.276915973202077,0.521,0.492,6.88645457374423e-11,"1","Dbt"
3.63210412510916e-15,0.307461382545188,0.446,0.409,8.06218152650481e-11,"1","Mvd"
4.74443977734628e-15,0.430700916900377,0.312,0.268,1.05312329737755e-10,"1","Med12l"
5.00720183260213e-15,0.293719421769492,0.499,0.478,1.11144859078269e-10,"1","Cat"
6.41472500875065e-15,0.266885551135599,0.561,0.535,1.42387651019238e-10,"1","Aplp2"
7.14638618588256e-15,0.257394586208027,0.577,0.561,1.58628334168035e-10,"1","Synj1"
9.47229301726395e-15,0.271938698216984,0.5,0.468,2.10256488104208e-10,"1","Smad7"
1.03639162790572e-14,0.291777286015496,0.509,0.481,2.30047849646233e-10,"1","Dhx57"
1.22863964663083e-14,0.279022288056736,0.458,0.426,2.72721142362645e-10,"1","Pus3"
1.25842443490784e-14,0.410868331984338,0.356,0.32,2.79332471816494e-10,"1","Ppm1k"
1.48624619246566e-14,0.276841795136092,0.545,0.529,3.29902067341602e-10,"1","Sertad2"
1.6575231580464e-14,0.362340838246069,0.371,0.331,3.6792041539156e-10,"1","Cdc14b"
1.77886533240891e-14,0.280091197797859,0.512,0.486,3.94854737834805e-10,"1","Tbc1d9b"
1.8688356703748e-14,0.268662955896728,0.548,0.53,4.14825453753095e-10,"1","Surf1"
1.89984445881311e-14,0.282931169362195,0.547,0.527,4.21708474522746e-10,"1","Foxk1"
2.1563250916916e-14,0.318500271897777,0.493,0.472,4.78639480602785e-10,"1","Aqp9"
2.24496126287628e-14,0.35006535952546,0.447,0.416,4.98314051520648e-10,"1","Trp53bp2"
2.28015766651447e-14,0.325843165093479,0.506,0.487,5.06126597236218e-10,"1","Lyrm1"
2.52615781224339e-14,0.255140593383767,0.564,0.543,5.60731249583665e-10,"1","Por"
2.57842890335847e-14,0.584130627613021,0.28,0.241,5.72333863678479e-10,"1","Rai14"
2.58672644194966e-14,0.4579976084793,0.295,0.256,5.74175668319566e-10,"1","Rhbdf2"
2.83122888099609e-14,0.474429599466068,0.487,0.474,6.28447874714702e-10,"1","Gfod1"
2.84507514534414e-14,0.331855485333064,0.404,0.371,6.31521330012038e-10,"1","Dusp22"
2.93354352380745e-14,0.331304618624161,0.588,0.574,6.51158655979539e-10,"1","Raph1"
2.99630758725964e-14,0.281688940550076,0.525,0.504,6.65090395144023e-10,"1","Hint2"
3.08826583786078e-14,0.497758856059437,0.267,0.225,6.85502368029958e-10,"1","Ntng2"
3.15876824181197e-14,0.308765494906479,0.474,0.453,7.01151786635003e-10,"1","A930015D03Rik"
3.22322122767741e-14,0.288039875134086,0.553,0.54,7.15458415907556e-10,"1","Ell"
3.34338694738216e-14,0.339072380454114,0.671,0.684,7.42131600710418e-10,"1","Tespa1"
3.72897101874194e-14,0.286233666173284,0.481,0.457,8.27719697030147e-10,"1","Gpatch2l"
3.93277018204933e-14,0.408084042399355,0.321,0.281,8.72956997309489e-10,"1","Cyren"
3.9339142018286e-14,0.310288671476768,0.421,0.387,8.73210935379895e-10,"1","Mrtfb"
4.8879241365468e-14,0.440781587136574,0.3,0.262,1.08497252058929e-09,"1","Reck"
5.03038161788154e-14,0.298710776459037,0.462,0.435,1.11659380772116e-09,"1","Dubr"
5.55150548910284e-14,0.44528067709269,0.272,0.231,1.23226767341616e-09,"1","H60b"
6.72147055900753e-14,0.269373735909043,0.58,0.569,1.4919648199829e-09,"1","Fbxl3"
7.07897633280315e-14,0.337276867784291,0.435,0.411,1.57132037659232e-09,"1","Gdi1"
9.48108907332416e-14,0.357756419000701,0.429,0.4,2.10451734160576e-09,"1","Zfp182"
9.91352361137023e-14,0.270161206284223,0.49,0.466,2.20050483601585e-09,"1","Bdh1"
1.19186929364044e-13,0.274196378788746,0.494,0.468,2.64559227109368e-09,"1","Vps35l"
1.22246486503229e-13,0.34623372585545,0.478,0.458,2.71350526091216e-09,"1","Mfsd10"
1.22658378909266e-13,0.576769538191478,0.301,0.263,2.72264803664898e-09,"1","Gm56730"
1.23817021420639e-13,0.424637698259261,0.492,0.464,2.74836642447392e-09,"1","Itih5"
1.2549530531763e-13,0.378885536183566,0.321,0.284,2.78561929213542e-09,"1","Flad1"
1.26541882252332e-13,0.254500267744539,0.578,0.563,2.80885016035501e-09,"1","Hmbox1"
1.43239219160542e-13,0.376771269327025,0.372,0.339,3.17948094770656e-09,"1","Zfp120"
1.59901092064631e-13,0.388784691887807,0.299,0.26,3.54932454055862e-09,"1","Ndst1"
1.60495518237391e-13,0.393745077231166,0.335,0.297,3.56251901831537e-09,"1","Wdr59"
1.69311536376583e-13,0.402883190624275,0.338,0.304,3.758208172951e-09,"1","Slc43a2"
1.83201750715743e-13,0.340514847717137,0.393,0.36,4.06652926063734e-09,"1","Slc25a26"
1.97862141286767e-13,0.431398011468434,0.283,0.244,4.39194595014237e-09,"1","AI987944"
2.06654311398634e-13,0.273629493355065,0.489,0.464,4.58710575011549e-09,"1","Rrm2b"
2.06698460821184e-13,0.280418957671127,0.449,0.418,4.58808573484782e-09,"1","Gm51425"
2.43642390450243e-13,0.370005374958985,0.362,0.327,5.40813014082405e-09,"1","Rdh14"
2.58638996437481e-13,0.466564834364427,0.272,0.233,5.74100980392277e-09,"1","Klhdc1"
2.76798503420272e-13,0.379329742798571,0.327,0.29,6.14409638041979e-09,"1","Plpp5"
3.60164261726104e-13,0.434584161537328,0.257,0.215,7.99456611753434e-09,"1","Kdm4d"
3.74292757582492e-13,0.258734211482617,0.526,0.509,8.30817634005857e-09,"1","Nfs1"
5.14983868524316e-13,0.265245800540385,0.496,0.473,1.14310969296342e-08,"1","Stxbp3"
5.15883764133675e-13,0.336326734279017,0.418,0.39,1.14510719124752e-08,"1","Tmem168"
5.66529189310955e-13,0.285280060961651,0.457,0.432,1.25752484151353e-08,"1","Tmem68"
6.25825005639235e-13,0.429677683266692,0.365,0.333,1.38914376501741e-08,"1","Unc93b1"
8.3408019736676e-13,0.260055434547991,0.491,0.466,1.851407814095e-08,"1","BC002059"
8.46700301266421e-13,0.265965834071486,0.606,0.598,1.87942065872107e-08,"1","Rnf130"
9.81256840606209e-13,0.373747225630836,0.426,0.401,2.1780958090936e-08,"1","Afg1l"
1.00391240140482e-12,0.277163399069544,0.516,0.499,2.22838435739828e-08,"1","Arl8a"
1.14906662424587e-12,0.380884550192754,0.36,0.323,2.55058318583855e-08,"1","Ern1"
1.5721298866415e-12,0.387365721460446,0.341,0.309,3.48965670937814e-08,"1","Ahdc1"
1.90741522869036e-12,0.368722406643375,0.425,0.397,4.23388958312399e-08,"1","2810403D21Rik"
2.04262622085063e-12,0.293488932689227,0.414,0.385,4.53401742242214e-08,"1","Zfp329"
2.11276625709302e-12,0.359337912270123,0.456,0.424,4.68970726086937e-08,"1","Itgb7"
2.7567957661936e-12,0.324377705105462,0.364,0.331,6.11925956221994e-08,"1","Lrig2"
2.91697455733666e-12,0.291712953250235,0.727,0.735,6.47480842492019e-08,"1","Sp4"
3.11907607322629e-12,0.333564203090069,0.432,0.406,6.92341315974039e-08,"1","Kif1b"
3.52823198942286e-12,0.375863942050122,0.319,0.283,7.83161654692192e-08,"1","Mthfs"
3.86704103309358e-12,0.459424669339351,0.264,0.229,8.58367098115782e-08,"1","Tamalin"
3.92044881603644e-12,0.37994089183441,0.296,0.26,8.70222023695608e-08,"1","Mcfd2"
3.94531454100545e-12,0.368315866092706,0.303,0.268,8.75741468666979e-08,"1","Selenoo"
4.25694480925613e-12,0.352474461168028,0.342,0.305,9.44914039310584e-08,"1","Slc35d2"
4.41779186188558e-12,0.269196933942295,0.494,0.481,9.80617259582743e-08,"1","Vps33a"
5.18850836246947e-12,0.408974834978054,0.304,0.267,1.15169320121735e-07,"1","Dgke"
6.13079854531919e-12,0.497938708551442,0.251,0.215,1.3608533531045e-07,"1","Mblac2"
6.29119919322557e-12,0.332731780402592,0.363,0.329,1.39645748492028e-07,"1","Wdr11"
7.42523217710364e-12,0.325359723623345,0.436,0.411,1.64817878635169e-07,"1","Aco1"
7.43506100757166e-12,0.253135067337729,0.507,0.484,1.65036049185068e-07,"1","Gabarapl1"
9.19992289366031e-12,0.363471670113303,0.451,0.423,2.04210688470578e-07,"1","Isg20"
9.59619596541289e-12,0.307945592543466,0.408,0.381,2.1300676184427e-07,"1","Abhd14a"
9.74187198401412e-12,0.377216563108144,0.283,0.246,2.16240332429161e-07,"1","Zfp408"
1.11806609356574e-11,0.296499067280752,0.468,0.439,2.48177130788786e-07,"1","Pikfyve"
1.15809404091844e-11,0.338716411311896,0.358,0.329,2.57062134262667e-07,"1","Asah1"
1.31164772952237e-11,0.285237827562518,0.455,0.438,2.91146446522081e-07,"1","Golga2"
1.52744269009214e-11,0.311327167999307,0.66,0.667,3.39046453919752e-07,"1","Prex1"
1.65586997464088e-11,0.291556288825845,0.365,0.334,3.67553458271037e-07,"1","Grina"
1.66681798912922e-11,0.404793229557872,0.265,0.229,3.69983589047012e-07,"1","Cfap68"
1.69830268048379e-11,0.316458003697793,0.363,0.332,3.76972245986986e-07,"1","Vamp2"
1.84247795811867e-11,0.261984580967732,0.459,0.437,4.08974832363602e-07,"1","Zfp942"
1.89844363045204e-11,0.256858768909376,0.484,0.466,4.2139753265144e-07,"1","Ap5m1"
1.92404092201274e-11,0.253892730136615,0.412,0.379,4.27079363459169e-07,"1","Manea"
2.15555056452336e-11,0.402096238269566,0.31,0.272,4.7846755880725e-07,"1","Ppm1l"
2.38933629473289e-11,0.43451959522452,0.289,0.254,5.30360977341859e-07,"1","Hrh2"
2.43264041122299e-11,0.306992385982399,0.396,0.37,5.39973192079168e-07,"1","Sft2d1"
2.51661874466169e-11,0.261329231953573,0.472,0.454,5.58613862752554e-07,"1","Insig2"
3.12590432626049e-11,0.284373456984032,0.465,0.445,6.93856983300041e-07,"1","Zfp655"
3.14790608089858e-11,0.33763868882225,0.379,0.349,6.98740712777057e-07,"1","Micu3"
3.50338139631736e-11,0.358624339597596,0.298,0.266,7.77645568540564e-07,"1","Jakmip1"
4.2793413333836e-11,0.402086147539212,0.25,0.214,9.49885395771158e-07,"1","5430405H02Rik"
4.28541986826597e-11,0.443533315250937,0.421,0.399,9.51234648158998e-07,"1","Metrnl"
4.31322138236141e-11,0.290594975441209,0.4,0.372,9.57405750242761e-07,"1","Gm6712"
4.74075388344975e-11,0.283375648586741,0.424,0.401,1.05230513950934e-06,"1","Helz2"
5.45702769643217e-11,0.285621885947019,0.484,0.467,1.21129643777705e-06,"1","Miga1"
6.71948380427555e-11,0.280011600960678,0.502,0.491,1.49152382003504e-06,"1","Itpk1"
7.0798191636919e-11,0.264213742664204,0.69,0.689,1.57150745976469e-06,"1","Slc4a7"
7.13199294717904e-11,0.334453589583338,0.449,0.433,1.58308847448533e-06,"1","Dus2"
7.44621986360458e-11,0.307239674040304,0.429,0.404,1.65283742312431e-06,"1","Mospd2"
7.578905113898e-11,0.252413403878925,0.489,0.475,1.68228956813194e-06,"1","Spg11"
7.95164183022401e-11,0.354357161462509,0.357,0.33,1.76502593705482e-06,"1","Itprid2"
8.75558613453979e-11,0.30301803064142,0.367,0.336,1.9434774542838e-06,"1","Pcnx4"
8.92067837711227e-11,0.385859452245606,0.336,0.305,1.98012297936761e-06,"1","Lrrc32"
8.92610933631395e-11,0.25118235980157,0.488,0.473,1.98132848938161e-06,"1","Tnfrsf1b"
1.01384920888724e-10,0.428006934098144,0.256,0.224,2.250441088967e-06,"1","Gm57315"
1.11259387890817e-10,0.331340969342227,0.359,0.327,2.46962463301247e-06,"1","Usp33"
1.39836155175971e-10,0.385014648557099,0.358,0.332,3.10394313644103e-06,"1","Slc38a6"
1.58254054492606e-10,0.259967019593917,0.437,0.41,3.51276524757237e-06,"1","Gbp9"
1.60252636379003e-10,0.396120839879112,0.251,0.217,3.55712776970474e-06,"1","ENSMUSG00000121596"
1.65439865684123e-10,0.326363998534319,0.429,0.412,3.67226869859047e-06,"1","Zdhhc17"
1.73279259139406e-10,0.267865419129031,0.442,0.418,3.84627971511739e-06,"1","Mpp1"
1.7944264818716e-10,0.277045686803479,0.431,0.41,3.98308846181039e-06,"1","Vps39"
1.83811183988382e-10,0.333514737122607,0.296,0.264,4.08005685099011e-06,"1","Pik3r4"
2.40822328583872e-10,0.258835754708669,0.568,0.564,5.34553322757621e-06,"1","Nxpe3"
2.55385813469695e-10,0.306668433517483,0.448,0.428,5.66879890158683e-06,"1","Oas3"
2.64704432734308e-10,0.328697720552808,0.322,0.292,5.87564429340343e-06,"1","Zfp369"
2.65748349787481e-10,0.353787228124967,0.364,0.342,5.89881612023272e-06,"1","Lysmd3"
3.1392430575553e-10,0.317268953346555,0.387,0.364,6.9681778148555e-06,"1","Nsun3"
3.5103464086285e-10,0.260958347173796,0.54,0.527,7.79191592323267e-06,"1","Gbe1"
3.80893963896343e-10,0.418241722684077,0.276,0.246,8.45470331660712e-06,"1","Zfp951"
4.18074807643188e-10,0.331777551779535,0.362,0.337,9.28000650525585e-06,"1","Gatb"
4.20462014958819e-10,0.442736051844987,0.261,0.231,9.33299534604091e-06,"1","Gm26771"
4.51735175128368e-10,0.285143960597269,0.49,0.482,1.00271656823244e-05,"1","Slc35b4"
4.54594678036498e-10,0.294987222902403,0.455,0.436,1.00906380683762e-05,"1","Kat6b"
4.63096161781695e-10,0.265619184906076,0.413,0.39,1.02793455030683e-05,"1","Rnf123"
4.88764006559098e-10,0.337256966946181,0.354,0.325,1.08490946535923e-05,"1","Cuedc1"
5.03959129767577e-10,0.292140497533156,0.478,0.466,1.11863808034509e-05,"1","Abi3"
6.57388949381042e-10,0.253780524369813,0.533,0.529,1.4592062509411e-05,"1","Ptgr2"
7.23537735046908e-10,0.352508766820228,0.263,0.231,1.60603671048362e-05,"1","Nbdy"
7.29266494013262e-10,0.344042244606371,0.337,0.31,1.61875283676124e-05,"1","Zfp935"
8.59870397380512e-10,0.337657545969812,0.318,0.289,1.90865432106552e-05,"1","Entpd7"
8.74512510128587e-10,0.348311124557241,0.343,0.319,1.94115541873242e-05,"1","Sepsecs"
1.11910355971114e-09,0.287022112846809,0.384,0.358,2.48407417149083e-05,"1","Rhob"
1.24080663702659e-09,0.517263708743544,0.428,0.41,2.75421849220792e-05,"1","Trerf1"
1.28288275131028e-09,0.304310223063387,0.415,0.402,2.84761484308344e-05,"1","Gmppb"
1.31266029698225e-09,0.289814337671605,0.392,0.372,2.91371206121151e-05,"1","Fam53b"
1.37665254300354e-09,0.390295682271397,0.283,0.252,3.05575564970495e-05,"1","Swap70"
1.42207330655275e-09,0.281937436712381,0.406,0.39,3.15657611855514e-05,"1","Ubl7"
1.42937591019788e-09,0.397939809892623,0.342,0.318,3.17278570786624e-05,"1","Dync2i1"
1.52988512996727e-09,0.390302342690741,0.264,0.234,3.39588602298836e-05,"1","Sgsm2"
1.8021586715459e-09,0.280845984009569,0.433,0.416,4.00025160323042e-05,"1","Dlg4"
1.90556544219753e-09,0.253576042327698,0.479,0.459,4.22978361204585e-05,"1","Gab3"
2.19270245320646e-09,0.305852559881252,0.378,0.358,4.86714163538238e-05,"1","Tefm"
2.29355978080247e-09,0.321787429575492,0.368,0.347,5.09101464544724e-05,"1","Cep19"
2.40201986950798e-09,0.281642505486373,0.617,0.62,5.33176350434686e-05,"1","Tnf"
2.40502339129487e-09,0.284364295717915,0.415,0.396,5.33843042165721e-05,"1","Kdsr"
2.67422860430723e-09,0.463589291701821,0.495,0.481,5.93598523298076e-05,"1","Enah"
3.30042807945591e-09,0.261789896979294,0.415,0.396,7.32596020796829e-05,"1","Mmut"
3.74716331891762e-09,0.276317465714092,0.364,0.338,8.31757841900144e-05,"1","Mical1"
4.41039348695848e-09,0.293845038601522,0.362,0.337,9.78975042300174e-05,"1","Ggact"
4.42717303094086e-09,0.374932578441503,0.286,0.262,9.82699597677942e-05,"1","Cbr4"
4.47684074665885e-09,0.373733124696757,0.258,0.227,9.93724340535864e-05,"1","Mthfsl"
5.82318563572518e-09,0.313491869532543,0.352,0.331,0.000129257251556192,"1","Tmem120a"
6.15326231983875e-09,0.323398232582588,0.341,0.318,0.000136583963713461,"1","Tpcn1"
6.32624124382158e-09,0.329992127240816,0.269,0.24,0.000140423576889108,"1","Supt7l"
6.38819695632998e-09,0.349234229838811,0.255,0.224,0.000141798807839657,"1","Fam117b"
6.7550327178896e-09,0.291856764910172,0.355,0.33,0.000149941461238995,"1","D030028A08Rik"
7.0082549958398e-09,0.292437473635221,0.427,0.41,0.000155562236142656,"1","Tmem241"
7.19276180260963e-09,0.339422616867332,0.374,0.356,0.000159657733732526,"1","Extl3"
7.36056809719018e-09,0.255521247889043,0.512,0.502,0.00016338253005333,"1","Atp8a1"
7.40034690581581e-09,0.299602147505517,0.37,0.345,0.000164265500268394,"1","Ppp1r9b"
7.80336240879165e-09,0.312207094205312,0.413,0.395,0.000173211235387948,"1","Fam120c"
8.18746851097951e-09,0.381695208952638,0.285,0.257,0.000181737238538212,"1","Vcl"
8.19668966532466e-09,0.283505164177861,0.485,0.471,0.000181941920501212,"1","Podnl1"
9.37142977737393e-09,0.293998200794853,0.378,0.355,0.000208017626768369,"1","Cstpp1"
9.83755851286256e-09,0.348810319004647,0.312,0.285,0.00021836428631001,"1","Nod1"
9.97593317315644e-09,0.281048016665101,0.392,0.371,0.000221435788644554,"1","Ift46"
1.14778796676448e-08,0.344974381197027,0.331,0.307,0.000254774494982711,"1","Klhl42"
1.17586010883226e-08,0.353197541730934,0.351,0.333,0.000261005668357497,"1","Pip4p2"
1.18826594810422e-08,0.307934607199742,0.394,0.377,0.000263759392500694,"1","Smurf1"
1.24019859195975e-08,0.38461502401587,0.292,0.267,0.000275286881457306,"1","Aldh7a1"
1.27807293939656e-08,0.331589652143436,0.282,0.252,0.000283693850357854,"1","Tsc22d1"
1.3034742427481e-08,0.295396262653491,0.376,0.355,0.000289332177662795,"1","Zfp263"
1.30788488511837e-08,0.267440259827651,0.412,0.388,0.000290311207949724,"1","Adgre5"
1.44186657183112e-08,0.318225630102777,0.296,0.27,0.000320051122949353,"1","Inpp5k"
1.86012445617885e-08,0.310353368462805,0.304,0.277,0.00041289182553802,"1","Adck1"
1.94745607062551e-08,0.331865414431155,0.368,0.347,0.000432276823996744,"1","Pcnx"
2.01468185823167e-08,0.376003894053963,0.345,0.319,0.000447198932071683,"1","Zdhhc14"
2.17018286998841e-08,0.271220345211128,0.432,0.415,0.000481715491651328,"1","Dusp4"
2.29588729608346e-08,0.264243340319827,0.41,0.394,0.000509618103111645,"1","Edem3"
2.80724963024493e-08,0.372219291295731,0.387,0.358,0.000623125200425467,"1","Fhit"
2.87544126966006e-08,0.250282864329431,0.418,0.404,0.000638261698626444,"1","Rad51d"
3.56886772811114e-08,0.313975065453043,0.303,0.277,0.00079218156960883,"1","Nr2c1"
3.92141827553514e-08,0.341463428499781,0.44,0.428,0.000870437214620536,"1","Dennd5a"
4.03998407810974e-08,0.302099916005188,0.405,0.394,0.000896755265818019,"1","Ripk3"
4.15445407555009e-08,0.357925525419685,0.298,0.274,0.000922164171149854,"1","Plekhm2"
4.3710488840943e-08,0.295665489623837,0.321,0.3,0.000970241720802411,"1","Rida"
4.59100939347904e-08,0.257537419450793,0.327,0.301,0.00101906635507054,"1","Zhx2"
4.81576463215332e-08,0.299175577213752,0.383,0.365,0.00106895527539907,"1","Fez2"
5.93151274070663e-08,0.321920561064091,0.285,0.259,0.00131661788305465,"1","Arl5b"
6.46754902086763e-08,0.321459461608866,0.342,0.317,0.00143560185616199,"1","Eci1"
6.97926508536726e-08,0.263052583346322,0.275,0.248,0.00154918747099897,"1","Gm36551"
7.0216863351354e-08,0.475977400016621,0.364,0.352,0.00155860371581001,"1","Tbx21"
7.56197082704996e-08,0.27816152522532,0.444,0.44,0.00167853066448028,"1","Hsd17b4"
8.99370375829276e-08,0.285354977444947,0.331,0.308,0.00199633242322824,"1","Zdhhc24"
1.02285412467131e-07,0.308007384540375,0.283,0.258,0.00227042930053291,"1","2010315B03Rik"
1.23936824547616e-07,0.252151603483594,0.424,0.412,0.00275102569448344,"1","Ipo4"
1.29804731548956e-07,0.276601790073929,0.456,0.445,0.00288127562619218,"1","Bmp2k"
1.50737445825739e-07,0.28827810723682,0.338,0.319,0.00334591908499394,"1","Kctd10"
1.61514138799767e-07,0.335487116910697,0.292,0.271,0.00358512933893844,"1","Nkiras2"
2.03585706797617e-07,0.332784871202144,0.312,0.289,0.00451899193378671,"1","Tgtp1"
2.25101171258597e-07,0.288547234504703,0.378,0.365,0.00499657069842709,"1","Zfp386"
2.28613697251107e-07,0.283525923777143,0.331,0.31,0.00507453823788281,"1","Sumf1"
2.33464729049705e-07,0.288028309703589,0.394,0.38,0.0051822165907163,"1","Snap47"
2.52233390628759e-07,0.252846985272017,0.404,0.391,0.00559882457178656,"1","Blzf1"
2.72619245277073e-07,0.296750476956178,0.304,0.279,0.00605132938741519,"1","Tnfrsf10b"
2.87259349018533e-07,0.273349546601954,0.347,0.327,0.00637629577016438,"1","Mafk"
2.9056300501492e-07,0.321318829484568,0.265,0.24,0.00644962702231617,"1","Pcyt1a"
3.40651032559516e-07,0.330683981664892,0.294,0.273,0.00756143096972358,"1","Dmac2"
3.81531591201471e-07,0.26964350921892,0.701,0.71,0.00846885672989906,"1","Sell"
3.86615699019128e-07,0.274181454024174,0.691,0.719,0.00858170867112758,"1","Tmem164"
3.98558601298623e-07,0.26290979921991,0.44,0.43,0.00884680527302554,"1","Prorp"
4.01803107608482e-07,0.267781550000281,0.418,0.406,0.00891882357958547,"1","Celsr1"
4.85777995486563e-07,0.277719146478558,0.366,0.35,0.0107828141658152,"1","Phospho2"
5.97091121575237e-07,0.307144697353921,0.274,0.25,0.0132536316256055,"1","Uba7"
6.16395004899557e-07,0.253287699143358,0.429,0.421,0.0136821199237555,"1","Snx18"
7.30916223823985e-07,0.262533331785759,0.354,0.335,0.016224147420221,"1","Zfp141"
8.05834947908928e-07,0.334571390971687,0.282,0.262,0.0178871183387345,"1","Gss"
1.29312786254529e-06,0.330681107794813,0.317,0.295,0.0287035591649178,"1","Itga4"
1.41548427806585e-06,0.287826876260406,0.332,0.317,0.0314195045202276,"1","Rgs14"
1.54606864181159e-06,0.301275623611025,0.299,0.28,0.0343180856422918,"1","Gale"
1.62507418706896e-06,0.374154088884442,0.259,0.237,0.0360717717303698,"1","Fcmr"
1.89936857695031e-06,0.285986367674181,0.328,0.311,0.0421602843025659,"1","Ighmbp2"
1.97019659020859e-06,0.281401636042178,0.325,0.308,0.0437324537128601,"1","Slc39a1"
2.4392889092963e-06,0.280844993938673,0.295,0.274,0.05414489591965,"1","Coq10b"
2.868000299584e-06,0.28645211268444,0.352,0.338,0.0636610026498661,"1","Trappc14"
2.92628875417664e-06,0.252874420891296,0.37,0.362,0.0649548314764589,"1","Cybc1"
2.98790850372973e-06,0.326854322042167,0.265,0.246,0.0663226050572887,"1","Mospd1"
3.15063670560676e-06,0.27453269817587,0.302,0.286,0.0699346829543532,"1","Tmem276-zftraf1"
3.37617313112672e-06,0.26493405483225,0.306,0.288,0.0749409149916198,"1","Stx2"
3.59477214717145e-06,0.283132154019762,0.297,0.277,0.0797931573507646,"1","Abhd5"
4.003451035599e-06,0.260070280359574,0.325,0.306,0.088864602637191,"1","Gm12185"
4.1710288886778e-06,0.277238251765129,0.317,0.302,0.0925843282419811,"1","Cbr1"
4.36596601497793e-06,0.300334240637801,0.289,0.271,0.0969113476344651,"1","Uckl1"
4.84044246512667e-06,0.352399545693346,0.274,0.255,0.107443301398417,"1","Pcx"
5.11128676947566e-06,0.279430432134544,0.356,0.343,0.113455232422051,"1","Nt5dc3"
5.93955920910347e-06,0.287777562203198,0.345,0.335,0.13184039576447,"1","Alg9"
6.48224168789159e-06,0.297107250843691,0.373,0.361,0.14388631874613,"1","Mtss1"
7.14426404120293e-06,0.261330583901591,0.314,0.299,0.158581228922582,"1","Strip1"
1.02512847299674e-05,0.256294067114354,0.434,0.428,0.227547767151086,"1","Il15ra"
1.03470194304497e-05,0.363454367003619,0.302,0.289,0.229672790297691,"1","Sema4b"
1.03615970327775e-05,0.328835625510354,0.253,0.235,0.229996369336561,"1","Osbpl7"
1.19475234819294e-05,0.263651878841779,0.322,0.307,0.265199178728386,"1","Decr1"
1.89724905801959e-05,0.296093017584711,0.284,0.267,0.421132373408608,"1","Zfp512b"
1.91931141086133e-05,0.300778862063769,0.28,0.263,0.42602955386889,"1","Atp7a"
2.06694770908385e-05,0.257892382196585,0.372,0.362,0.458800382985342,"1","Esrra"
2.18219733397187e-05,0.30601122495412,0.313,0.298,0.484382342221735,"1","Zfp36"
2.30181534415699e-05,0.269625641160944,0.274,0.258,0.510933951942527,"1","Akt1s1"
2.52462336794576e-05,0.261851935884618,0.38,0.368,0.560390648982921,"1","Parp8"
4.32614350796772e-05,0.25046806749238,0.295,0.283,0.960274074463594,"1","Zkscan6"
4.79804679329931e-05,0.263047413598477,0.281,0.268,1,"1","Rab2b"
4.80673163732142e-05,0.271287587542791,0.336,0.326,1,"1","Tmem65"
4.93145153415176e-05,0.288006035811544,0.268,0.253,1,"1","Mfsd8"
5.21396455563135e-05,0.294176929398908,0.283,0.27,1,"1","Rad52"
5.23313329422661e-05,0.278916474398694,0.42,0.419,1,"1","Dock5"
6.40188972232141e-05,0.252929664545354,0.295,0.283,1,"1","Zfp738"
6.61886768848772e-05,0.293989214421792,0.309,0.298,1,"1","Vps45"
6.92625037630796e-05,0.262571946789629,0.27,0.255,1,"1","Cyb561a3"
7.44585273877474e-05,0.268342112279192,0.399,0.394,1,"1","Nek6"
8.49938580879506e-05,0.251151014547169,0.346,0.337,1,"1","Zfp239"
8.71332399263364e-05,0.279211620683029,0.263,0.247,1,"1","Pick1"
0.00014439548641963,0.265330904464446,0.277,0.265,1,"1","Ctdsp2"
0.00016627430130079,0.287562487051962,0.259,0.246,1,"1","Nmnat1"
0.00018265046646,0.311118390270743,0.3,0.289,1,"1","1700097N02Rik"
0.000237759022164112,0.350421692453544,0.281,0.267,1,"1","Zcchc18"
0.000267582882706123,0.273844582029034,0.272,0.261,1,"1","Gm56743"
0.000402237523969645,0.272632693664581,0.272,0.262,1,"1","Gm5617"
0.000422399634565055,0.292818239806285,0.289,0.272,1,"1","Gbp10"
0.000505135837587003,0.299334109628056,0.402,0.402,1,"1","1700109H08Rik"
0.00051467379979345,0.27614023553329,0.296,0.287,1,"1","Plod3"
0.000606414183670379,0.260676799523563,0.538,0.561,1,"1","Hilpda"
0.000823981300244807,0.257779318422313,0.445,0.441,1,"1","Gbp6"
0.00094862317030276,0.268371011221046,0.308,0.3,1,"1","Tmco3"
0.00201025614262179,0.370688702656688,0.285,0.278,1,"1","Tnfsf10"
0.00207755304762231,0.254018790879587,0.267,0.259,1,"1","Dpy19l3"
0.00283747559200959,0.26691491860165,0.258,0.248,1,"1","Als2"
0.00293603943021057,0.412151645222978,0.364,0.364,1,"1","Gm12840"
0.00427076327763912,0.259950885785895,0.392,0.389,1,"1","Cd5"
0.00973804880511595,0.270544720854663,0.254,0.247,1,"1","Aig1"
0,1.69870666863488,0.925,0.451,0,"2","E2f8"
0,1.48257008835035,0.841,0.392,0,"2","Ccne2"
0,1.61122659574493,0.973,0.528,0,"2","H1f1"
0,1.31641613246135,0.893,0.455,0,"2","Esco2"
0,1.13220032890723,0.971,0.533,0,"2","H2ac24"
0,1.56439898496347,0.718,0.3,0,"2","E2f7"
0,1.2615501826184,0.835,0.418,0,"2","Neil3"
0,1.15995680438317,0.975,0.559,0,"2","H2ac8"
0,1.45855736981844,0.943,0.547,0,"2","Brca1"
0,1.36081493328131,0.881,0.494,0,"2","Exo1"
0,0.757211752718114,0.978,0.594,0,"2","H3c3"
0,1.42682189296729,0.796,0.414,0,"2","Mybl2"
0,1.17553809977129,0.988,0.618,0,"2","Fbxo5"
0,1.19288556735274,0.921,0.551,0,"2","Cdc6"
0,1.02952620025341,0.836,0.466,0,"2","Pbk"
0,0.87666544655248,0.785,0.417,0,"2","H2ac18"
0,0.776296627151664,0.857,0.494,0,"2","H3c6"
0,1.19536244268848,0.929,0.579,0,"2","Rad51ap1"
0,1.21602343532121,0.747,0.402,0,"2","Tcf19"
0,1.30813568878295,0.751,0.407,0,"2","Rad54l"
0,0.995011163167714,0.771,0.431,0,"2","Mastl"
0,1.11546666677831,0.835,0.495,0,"2","Polq"
0,1.20195211060259,0.928,0.591,0,"2","Mcm10"
0,1.20082356347695,0.939,0.603,0,"2","Brip1"
0,1.04335610181797,0.829,0.505,0,"2","Bard1"
0,1.23938232198093,0.689,0.367,0,"2","Rad54b"
0,1.09806842631559,0.797,0.476,0,"2","Lrr1"
0,0.835800664002995,0.966,0.646,0,"2","H2ac20"
0,1.11112313183132,0.676,0.358,0,"2","E2f1"
0,1.09491071486059,0.906,0.592,0,"2","Cdc45"
0,0.765827032806748,0.958,0.651,0,"2","H1f3"
0,1.14103207897978,0.703,0.398,0,"2","Dna2"
0,1.02022295557355,0.837,0.533,0,"2","Kntc1"
0,1.19065167870497,0.641,0.338,0,"2","Dscc1"
0,1.13538773433159,0.995,0.698,0,"2","H1f5"
0,1.00957535675526,0.929,0.635,0,"2","Cenpp"
0,1.33149944925223,0.989,0.707,0,"2","Clspn"
0,1.00356472366954,0.859,0.577,0,"2","Dck"
0,0.876792283192723,0.866,0.593,0,"2","Zgrf1"
0,0.884439294580143,0.9,0.627,0,"2","Cep128"
0,0.90276623521099,0.89,0.619,0,"2","Wdhd1"
0,0.992383058541961,0.945,0.675,0,"2","Rad51"
0,0.892680366117185,0.88,0.612,0,"2","Chaf1a"
0,0.979519596806764,0.787,0.52,0,"2","Psmc3ip"
0,1.01742677801356,0.958,0.695,0,"2","Wdr76"
0,0.968088634415003,0.875,0.616,0,"2","Gins2"
0,1.11025199388406,0.979,0.72,0,"2","Rad51b"
0,1.04855519227307,0.946,0.692,0,"2","Dhfr"
0,0.872952838974204,0.863,0.61,0,"2","Cenps"
0,0.934099243571554,0.929,0.676,0,"2","Cenph"
0,0.959048266997318,0.915,0.663,0,"2","Prim2"
0,0.955907895263276,0.829,0.577,0,"2","Mtbp"
0,0.876024284854725,0.922,0.675,0,"2","Pole"
0,0.963968556227903,0.866,0.622,0,"2","Shmt1"
0,0.997431521745235,0.975,0.735,0,"2","Ncapg2"
0,1.12036840793636,0.985,0.747,0,"2","Atad5"
0,1.06354399832527,0.956,0.719,0,"2","Ccne1"
0,0.895182158757507,0.929,0.704,0,"2","Rpa2"
0,0.83257537331476,0.965,0.74,0,"2","Blm"
0,0.842111080122466,0.935,0.712,0,"2","Rfc3"
0,0.944342031673467,0.951,0.733,0,"2","Fam111a"
0,0.899957963719126,0.972,0.758,0,"2","Tk1"
0,0.643064138654511,0.99,0.778,0,"2","H4c4"
0,1.03732680841421,0.971,0.765,0,"2","Prim1"
0,0.923869152068127,0.97,0.764,0,"2","Fen1"
0,0.878772115903465,0.978,0.789,0,"2","Ncapd3"
0,0.992335515915502,0.982,0.795,0,"2","Tyms"
0,0.796800638711723,0.966,0.79,0,"2","Rfc4"
0,1.0203007365296,0.994,0.819,0,"2","Uhrf1"
0,1.11872020960796,0.998,0.829,0,"2","Rrm2"
0,0.882388313199891,0.984,0.82,0,"2","Mcm7"
0,0.770842033124405,0.969,0.808,0,"2","Mcm5"
0,0.806568773870773,0.987,0.844,0,"2","Mcm6"
0,0.885734436826593,0.99,0.851,0,"2","Lig1"
0,0.835875224890599,0.98,0.855,0,"2","Hat1"
0,0.984176289621706,0.995,0.871,0,"2","Pola1"
0,0.692776223955691,0.98,0.857,0,"2","Mcm2"
0,0.951108268691867,0.99,0.872,0,"2","Orc6"
0,0.809295550957785,0.995,0.885,0,"2","Gmnn"
0,0.971191641959965,0.997,0.895,0,"2","Atad2"
0,0.642644021695803,0.998,0.909,0,"2","Hells"
0,0.684706182640284,0.996,0.909,0,"2","Rrm1"
0,0.945734474073991,0.998,0.922,0,"2","H1f4"
0,0.581583215574584,0.988,0.915,0,"2","Dctpp1"
0,0.72774343091998,0.995,0.923,0,"2","Mcm3"
0,0.591893501996141,0.996,0.925,0,"2","Nsd2"
0,0.616747423271397,0.994,0.923,0,"2","Siva1"
0,0.586210698633501,0.998,0.928,0,"2","Usp1"
0,0.737354120842716,0.998,0.928,0,"2","Slbp"
0,0.689899784136774,0.994,0.937,0,"2","Mcm4"
0,0.639780087613476,0.997,0.942,0,"2","Dnmt1"
0,0.723786437748477,0.998,0.947,0,"2","Tipin"
0,0.511911112342304,0.997,0.946,0,"2","Topbp1"
0,0.739830300527359,0.995,0.946,0,"2","Rfc1"
0,0.721562989642329,0.996,0.955,0,"2","Paics"
0,0.963841400165866,0.997,0.962,0,"2","Pcna"
0,0.474336416935192,0.996,0.963,0,"2","Dtymk"
0,0.489203586447387,0.998,0.968,0,"2","Ezh2"
0,0.519774228904657,0.997,0.967,0,"2","Dnajc9"
0,0.52233225817848,0.997,0.969,0,"2","Baz1b"
0,0.603700263388682,0.998,0.974,0,"2","Nasp"
0,0.481667085029389,0.999,0.977,0,"2","Smc6"
0,0.48803492990111,0.997,0.976,0,"2","Smc3"
0,0.489983454031039,0.996,0.976,0,"2","Nolc1"
0,0.654470276851105,0.999,0.985,0,"2","Dut"
0,0.394023601314164,0.999,0.992,0,"2","Snu13"
0,0.340677801980391,1,0.995,0,"2","Ranbp1"
0,0.452376862184493,1,0.997,0,"2","Srsf3"
0,0.353522769059272,1,0.999,0,"2","Nap1l1"
6.22522713759971e-322,0.802390206539057,0.889,0.673,1.38181366773301e-317,"2","Nup85"
6.43273470885303e-321,0.399634891105983,1,0.985,1.42787412332411e-316,"2","Dek"
4.5451865528553e-318,0.459330348669111,0.999,0.949,1.00889505913729e-313,"2","Pclaf"
2.48954599944565e-316,1.25179876562192,0.585,0.291,5.52604525496951e-312,"2","Cdca5"
9.30465060159475e-315,0.814178639957203,0.868,0.643,2.06535329403599e-310,"2","Pola2"
3.34659826139166e-313,0.605398626814815,0.975,0.875,7.42844416081107e-309,"2","Casp8ap2"
1.88274126484557e-311,0.887635207330817,0.819,0.54,4.17912078557772e-307,"2","Chek1"
9.90847490798633e-310,0.696903973964638,0.924,0.68,2.19938417532573e-305,"2","Dtl"
7.2155038953343e-309,0.516352848636998,0.996,0.925,1.60162539964736e-304,"2","Cbx5"
1.35852664788607e-306,0.788408215921372,0.893,0.668,3.01552160031272e-302,"2","Brca2"
1.57544698533025e-305,0.429212008793147,0.998,0.979,3.49701967333755e-301,"2","Rbbp4"
2.2648603244834e-305,0.606371166442129,0.962,0.848,5.0273104622558e-301,"2","Ppil1"
1.10254205330224e-304,0.952737118292885,0.767,0.486,2.44731259571499e-300,"2","Cenpk"
1.83249644230112e-303,1.17456949859736,0.609,0.319,4.0675923529758e-299,"2","Ercc6l"
1.37061802886693e-301,0.712649890584338,0.938,0.754,3.04236083867593e-297,"2","Mms22l"
6.5919189330902e-301,0.654925066980864,0.944,0.802,1.46320824557803e-296,"2","Rfc2"
1.79371623808437e-300,0.944240331418774,0.684,0.357,3.98151193367587e-296,"2","H2bc14"
5.22905799638057e-296,0.308597555665682,0.999,0.997,1.16069400345659e-291,"2","Hnrnpab"
1.01466540483296e-292,1.0530012771209,0.599,0.3,2.25225279910772e-288,"2","E2f2"
3.6186419578081e-292,0.366606266433925,0.999,0.991,8.03229955374665e-288,"2","Supt16"
3.51256277972498e-289,1.17586695369757,0.578,0.293,7.79683560215554e-285,"2","Zranb3"
4.75355016172512e-289,1.20274712943509,0.585,0.304,1.05514552939812e-284,"2","Skp2"
6.06950722531679e-289,0.892833354889137,0.78,0.519,1.34724851880357e-284,"2","Fancm"
3.8415057804109e-286,0.603295420749202,0.943,0.718,8.52699038077808e-282,"2","H1f2"
3.40797903323387e-285,0.446727576622399,0.995,0.964,7.56469106006922e-281,"2","Fabp5"
5.03337143658411e-285,0.37424723447951,0.998,0.99,1.11725745777857e-280,"2","Srsf7"
9.94792897419058e-285,1.00994266843599,0.677,0.391,2.20814179440108e-280,"2","Chaf1b"
1.63770700145549e-284,0.697995963934958,0.926,0.702,3.63521823113074e-280,"2","Asf1b"
8.76349236896292e-281,0.717367770504562,0.905,0.728,1.9452324011387e-276,"2","Ubr7"
2.2147739016565e-280,0.971727800907298,0.644,0.337,4.91613362950694e-276,"2","H3c11"
2.38534537380218e-275,0.675961343002548,0.934,0.783,5.29475112622869e-271,"2","Slf1"
1.89791126521376e-274,0.899194216484087,0.715,0.42,4.21279363539498e-270,"2","Stil"
7.46753376788076e-272,0.446908782433615,0.992,0.959,1.65756847045649e-267,"2","Mrpl12"
1.13776925369472e-270,0.446415284437432,0.996,0.966,2.52550641242617e-266,"2","Rif1"
2.39407338021597e-267,0.304104331504193,1,0.998,5.31412468206539e-263,"2","Hsp90aa1"
1.35423968305817e-266,0.430101741604835,0.995,0.973,3.00600582448422e-262,"2","Hpf1"
1.54572168337344e-265,0.933516443034083,0.714,0.441,3.43103842058403e-261,"2","Gins1"
3.27997512000566e-265,0.778136915561263,0.846,0.625,7.28056077387656e-261,"2","Paxip1"
3.68624057726043e-265,0.753738871054245,0.873,0.663,8.18234820934498e-261,"2","Meaf6"
1.20127527299718e-264,0.93466894563939,0.736,0.465,2.66647072347184e-260,"2","Cgas"
2.15913259727949e-261,0.478958544980561,0.987,0.941,4.79262662618128e-257,"2","Uchl5"
4.3000105196353e-261,0.555736424629951,0.969,0.882,9.54473335043448e-257,"2","Rpa1"
2.97232428846917e-259,1.12124141062072,0.494,0.218,6.59766822311501e-255,"2","Ung"
2.46042847602681e-256,0.441920203525108,0.991,0.956,5.4614130882367e-252,"2","Cisd1"
8.57637731246803e-255,0.660652091547582,0.917,0.738,1.90369847204853e-250,"2","Rfwd3"
1.2747605189235e-254,0.826580445226586,0.76,0.477,2.8295859238545e-250,"2","Gen1"
1.00159180288398e-253,0.893801330320479,0.702,0.424,2.22323332486158e-249,"2","Fancd2"
2.54425502693614e-253,0.314020792823993,0.999,0.994,5.64748288329016e-249,"2","Ptges3"
5.60712809028063e-252,0.322017099182454,0.998,0.993,1.24461422219959e-247,"2","Pa2g4"
7.68225775215132e-250,0.71059270542388,0.87,0.662,1.70523075324503e-245,"2","Arl6ip6"
1.10257801268605e-249,0.36067226645535,0.998,0.985,2.44739241475922e-245,"2","Rbbp7"
3.38810106833055e-249,0.613051226583507,0.946,0.803,7.52056794137333e-245,"2","Rbbp8"
1.92408191603706e-248,0.523074343488053,0.98,0.902,4.27088462902746e-244,"2","Ppat"
7.72193932846475e-241,0.848815818146662,0.723,0.456,1.71403887273932e-236,"2","Ticrr"
2.83925676896749e-239,0.752536975720006,0.905,0.748,6.30229825007714e-235,"2","Immp2l"
2.3236440311537e-238,0.734069123610479,0.849,0.635,5.15779265595187e-234,"2","Slc29a1"
1.59443254166759e-236,0.773940334544732,0.784,0.526,3.53916191273954e-232,"2","Zfp367"
3.44355234441108e-236,0.477202840371324,0.976,0.915,7.64365313888928e-232,"2","Hspa14"
3.01265369773241e-235,0.428110337188645,0.991,0.95,6.68718741285664e-231,"2","Tfdp1"
1.24560545183223e-232,0.955054971668422,0.627,0.366,2.76487042143199e-228,"2","Cenpi"
3.85989604308782e-231,0.87190437354859,0.713,0.473,8.56781124684203e-227,"2","Cdk2"
1.00298160167936e-230,0.946683646785596,0.635,0.376,2.22631826124768e-226,"2","Kif24"
1.50799218795297e-229,0.667158207841226,0.887,0.7,3.3472902595992e-225,"2","Umps"
4.06349535279804e-229,0.673335526500753,0.859,0.669,9.01974063460582e-225,"2","Rnf168"
6.54427347784903e-227,0.729710717741228,0.819,0.577,1.45263238387815e-222,"2","Fignl1"
1.30782594379046e-226,0.822869141797123,0.852,0.675,2.90298124743169e-222,"2","Nefh"
2.06310172766491e-224,0.969205288978543,0.653,0.398,4.57946690489781e-220,"2","Atrnl1"
2.28787652422332e-224,1.16211605798304,0.48,0.24,5.07839952081849e-220,"2","Cenpu"
3.69645346038605e-222,1.00029389024965,0.535,0.28,8.20501774601892e-218,"2","H2ac15"
5.84426014970661e-222,0.675097532914983,0.873,0.69,1.29725042543038e-217,"2","Brip1os"
2.17815619867682e-221,0.625094723537055,0.907,0.699,4.83485331420293e-217,"2","Cdca7"
4.21060882203832e-219,0.568493248165288,0.941,0.803,9.34628840227846e-215,"2","Ctdspl2"
4.92832478799244e-219,0.257705868000341,1,1,1.09394025319068e-214,"2","Npm1"
1.13522292274e-216,0.343903729456642,0.997,0.982,2.51985432160597e-212,"2","Mrpl18"
2.29684085233105e-215,0.693621184100306,0.84,0.644,5.09829763991922e-211,"2","Pold2"
1.0388275942373e-214,0.601546695014006,0.923,0.764,2.30588561092853e-210,"2","Hirip3"
1.87502024458286e-213,0.890451154027212,0.681,0.444,4.16198243690057e-209,"2","Haus8"
3.75777339776973e-210,0.953263466792545,0.515,0.263,8.34112961102947e-206,"2","H2ac4"
3.1145130128911e-209,1.08515614111458,0.528,0.291,6.91328453471438e-205,"2","Fanci"
3.15144753410971e-209,0.330308200398009,0.999,0.992,6.99526809146332e-205,"2","Smchd1"
2.58050156792564e-208,0.369633731346349,0.998,0.98,5.72793933032455e-204,"2","Suz12"
5.76383009909092e-207,0.859204245406099,0.669,0.425,1.27939736709521e-202,"2","Gins3"
3.0777361588803e-206,0.576297237330366,0.919,0.778,6.83165095186661e-202,"2","Atm"
1.38303979508854e-204,0.802633490145438,0.731,0.514,3.06993343315803e-200,"2","Tubg1"
2.57779658416614e-204,0.443539855650456,0.996,0.898,5.72193507787358e-200,"2","Smc2"
6.93677328503022e-204,0.327154178769837,0.998,0.992,1.53975556607816e-199,"2","Srsf2"
1.37396546149995e-203,0.325159445397256,0.997,0.985,3.04979113489143e-199,"2","C1qbp"
2.17990693166909e-203,0.517398819429166,0.983,0.908,4.83873941622587e-199,"2","Gmds"
1.10564727422988e-202,0.64114266137723,0.878,0.697,2.45420525460807e-198,"2","Rfc5"
5.58488922246086e-202,0.351353389247772,0.995,0.979,1.23967786070964e-197,"2","Srsf10"
4.17747864794751e-201,0.44140410735293,1,0.9,9.27274935484909e-197,"2","Top2a"
2.50257900516794e-199,0.536812996222207,0.928,0.701,5.55497461777128e-195,"2","Plk4"
1.52586207613699e-198,0.641822987292467,0.841,0.599,3.38695605040128e-194,"2","Trip13"
1.68299747602356e-198,0.405223821078521,0.985,0.948,3.7357494975295e-194,"2","Lsm8"
7.47768943466078e-198,0.358947698414973,0.993,0.971,1.65982272381165e-193,"2","Dpy30"
3.47760382204912e-197,0.401086278490794,0.987,0.954,7.71923720380244e-193,"2","Ddx27"
2.41370050664871e-196,0.646836451221359,0.822,0.59,5.35769101460814e-192,"2","Cdt1"
2.56728856932716e-195,0.682212462814261,0.832,0.643,5.69861043733549e-191,"2","Spidr"
1.31973189535773e-194,0.309316581692713,0.999,0.994,2.92940888812556e-190,"2","Hspd1"
2.76718925761033e-194,0.553325021274426,0.915,0.761,6.14232999511764e-190,"2","Nup107"
6.24086176873669e-194,0.498392142692772,0.96,0.867,1.38528408680648e-189,"2","Apex1"
1.07344091565901e-193,0.639878791222125,0.842,0.614,2.3827168004883e-189,"2","Zwilch"
2.89964920474549e-193,0.620197472388435,0.847,0.642,6.43635133977357e-189,"2","Sass6"
5.67884688728771e-192,0.905184688979178,0.657,0.433,1.26053364357125e-187,"2","Cntln"
1.8049219518133e-190,0.416401206607245,0.979,0.915,4.00638525643997e-186,"2","Nsmce4a"
3.47700819977482e-190,1.22506785742753,0.397,0.191,7.71791510104016e-186,"2","Fancb"
1.24473975294139e-189,0.558544234110376,0.912,0.749,2.76294882960399e-185,"2","Usp37"
1.83832817685868e-189,0.267711456672262,1,0.994,4.08053705417321e-185,"2","Smarca5"
4.74270797146811e-189,0.445482304227771,0.965,0.912,1.05273888842678e-184,"2","Eed"
7.44575380442436e-189,0.38245184112951,0.99,0.952,1.65273397196807e-184,"2","Nudc"
1.12205397596912e-188,0.421320910309506,0.987,0.958,2.49062321045865e-184,"2","Pcm1"
3.59278297535815e-188,0.454087937623644,0.972,0.902,7.9749003704025e-184,"2","Uba2"
1.11412866937755e-187,0.89931135944381,0.56,0.323,2.47303140741735e-183,"2","Alms1"
2.71050102383582e-187,0.428915957783696,0.948,0.617,6.01649912260838e-183,"2","Kif11"
3.56305147505656e-187,0.488437026156402,0.948,0.853,7.90890535918305e-183,"2","Emc8"
9.30947931087718e-187,0.475054019594898,0.968,0.884,2.06642512263541e-182,"2","Kpna3"
2.15367484545928e-186,0.538813543308381,0.908,0.715,4.78051205446597e-182,"2","Rbl1"
1.9726531727956e-185,0.431716704616701,0.958,0.727,4.37869824765439e-181,"2","Incenp"
2.25194428818555e-184,0.383595275225829,0.987,0.949,4.99864073648547e-180,"2","Naa50"
7.67565755056548e-184,0.713408516819726,0.783,0.589,1.70376570649902e-179,"2","Ankrd26"
2.14754546456183e-183,0.871219083408689,0.595,0.362,4.7669066676879e-179,"2","Eme1"
7.13962920906291e-183,0.405817092212427,0.984,0.929,1.58478349553569e-178,"2","Parp1"
4.96380363243349e-182,0.932992781958475,0.568,0.345,1.10181549229126e-177,"2","Mtfr2"
1.66372642943597e-181,0.704300240142312,0.624,0.364,3.69297355541903e-177,"2","H2bc18"
4.06736643977526e-181,0.859202928415536,0.643,0.42,9.02833328636913e-177,"2","Hook1"
1.28639223234834e-180,0.520560452446452,0.826,0.525,2.8554048381436e-176,"2","Cdca2"
1.7579108912354e-180,0.98358423393878,0.45,0.232,3.90203480527522e-176,"2","H2ac13"
8.19110504193621e-179,0.561108253942698,0.809,0.508,1.81817958615858e-174,"2","Aurkb"
1.60928459480326e-178,0.355363143908399,0.99,0.959,3.5721290150848e-174,"2","Phf5a"
1.89168814667909e-178,0.484115662821395,0.952,0.807,4.19898017918357e-174,"2","D17H6S56E-5"
2.06384880337667e-178,0.578198679855866,0.883,0.738,4.5811251888552e-174,"2","Nup155"
7.74694562905608e-178,0.343733116486421,0.998,0.947,1.71958952128158e-173,"2","Tmpo"
7.91317998736504e-178,0.482777513410282,0.951,0.866,1.75648856179542e-173,"2","Gart"
3.78293234089101e-177,1.08324215678532,0.405,0.198,8.39697491707578e-173,"2","H2ac22"
7.29422446690322e-177,0.439340047799776,0.976,0.913,1.61909900491851e-172,"2","Ipo5"
1.42406452861579e-176,1.21795128964704,0.369,0.175,3.16099603416847e-172,"2","H2ac6"
4.57967594971385e-175,0.318331966166203,0.999,0.952,1.01655067055798e-170,"2","Stmn1"
9.8370054933395e-173,0.25739512991129,1,1,2.18352010935657e-168,"2","Ncl"
3.77060579348968e-172,1.13770798642411,0.403,0.202,8.36961367980905e-168,"2","H3c1"
4.68254260100094e-172,0.38156429253431,0.99,0.931,1.03938398114418e-167,"2","Lsm2"
1.139265719032e-171,0.813568434771918,0.639,0.423,2.52882811653534e-167,"2","Ccp110"
2.17640520100222e-171,0.632289787078832,0.741,0.494,4.83096662466463e-167,"2","H2bc6"
1.4270218728783e-170,0.760340154036619,0.68,0.468,3.16756045122796e-166,"2","Donson"
7.79493100746049e-170,0.548306086357089,0.906,0.77,1.730240835726e-165,"2","Prkar2a"
6.08227111912849e-169,1.14234539918386,0.41,0.211,1.35008172031295e-164,"2","Chtf18"
2.67652801158836e-167,0.342988846857616,0.995,0.963,5.94108922732269e-163,"2","Lyar"
4.20167471116536e-166,0.948854644401118,0.51,0.3,9.32645735637374e-162,"2","Fanca"
1.01014083179087e-165,0.572371908630663,0.864,0.698,2.2422096043262e-161,"2","Cdca4"
1.20977400071977e-165,0.586470932637385,0.728,0.462,2.68533534939768e-161,"2","Ttk"
7.24776752709347e-165,0.416059070145342,0.969,0.905,1.60878695798894e-160,"2","Exosc7"
8.34758893925575e-165,0.475756893228101,0.921,0.683,1.8529143168466e-160,"2","Ncapg"
1.10974588352392e-164,0.645820309680701,0.79,0.598,2.46330293765803e-160,"2","Nup43"
2.15814344764751e-164,0.64913131904539,0.796,0.611,4.79043101074319e-160,"2","Nup133"
3.49428658121689e-164,0.506953000019105,0.932,0.821,7.75626792432713e-160,"2","Trmt6"
7.9918902001169e-164,0.402343942360642,0.995,0.942,1.77395986771995e-159,"2","Kcnq5"
8.08230536792808e-164,0.480031758436128,0.803,0.512,1.794029322519e-159,"2","Anln"
2.00494323899937e-163,0.535206364210298,0.897,0.745,4.4503725076069e-159,"2","Haus6"
2.91557906397606e-163,0.780719975278759,0.569,0.335,6.47171084830766e-159,"2","H2bc11"
5.64151710996136e-163,0.662459384064577,0.767,0.568,1.25224755289812e-158,"2","Dnaaf2"
4.76899002125657e-160,0.593902668200005,0.843,0.681,1.05857271501832e-155,"2","Naa40"
5.50017779229419e-159,0.502975431590049,0.919,0.752,1.22087446455554e-154,"2","Rad18"
1.11950004038622e-156,0.627163917265937,0.755,0.55,2.4849542396453e-152,"2","Pole2"
3.32101493162339e-156,0.346538219806232,0.987,0.948,7.37165684372445e-152,"2","Sf3a3"
1.25453186154674e-155,0.299847363919755,0.995,0.977,2.7846843730753e-151,"2","Cdk4"
1.89127962118351e-155,0.474657676690235,0.825,0.55,4.19807337514105e-151,"2","Spc25"
6.55142103713099e-155,0.523178668599761,0.909,0.786,1.45421892761197e-150,"2","Mthfd1"
8.53510669450081e-155,0.514339261765409,0.93,0.817,1.89453763297834e-150,"2","Mcph1"
3.93756347570212e-154,0.602471676500335,0.724,0.485,8.740209647016e-150,"2","Ncaph"
9.94929524987331e-154,0.808326302404407,0.59,0.383,2.20844506661438e-149,"2","Tsen34"
5.45573575284962e-153,0.586984356767276,0.837,0.678,1.21100966506003e-148,"2","Nelfe"
5.56343121445104e-153,0.465895667336351,0.932,0.796,1.2349148266717e-148,"2","Cdc25a"
5.73197747776557e-153,0.336009556782564,0.996,0.974,1.27232704073962e-148,"2","Ak2"
4.07531973126774e-152,0.288642410511935,0.995,0.983,9.04598720749499e-148,"2","Ppig"
1.00965222554186e-151,0.656548985714928,0.743,0.547,2.24112504503528e-147,"2","Msh6"
1.01457480154619e-150,0.450948438288699,0.931,0.837,2.25205168699207e-146,"2","Srsf4"
1.30817518797193e-150,1.24858869515296,0.286,0.122,2.90375646474128e-146,"2","Pask"
1.50584953860827e-150,0.252486398894982,0.998,0.99,3.34253422084879e-146,"2","Alyref"
2.9679688619079e-150,0.313542226217249,0.995,0.972,6.58800048277697e-146,"2","Smarcc1"
3.44231771911878e-150,0.309919900369789,0.994,0.972,7.64091264112796e-146,"2","Psip1"
5.18144110990762e-150,0.57471164508729,0.777,0.568,1.1501244831662e-145,"2","Timeless"
1.26265297538769e-149,0.630461619010113,0.689,0.461,2.80271080946805e-145,"2","Ska1"
4.00630199065644e-149,0.442948244705604,0.832,0.552,8.8927885286601e-145,"2","Sgo1"
1.49005583730556e-148,1.25894059126601,0.296,0.13,3.30747694206714e-144,"2","D430020J02Rik"
3.84199665621855e-148,1.02909188960118,0.429,0.241,8.52807997780831e-144,"2","Siah1b"
1.30640944659246e-147,0.979204744374388,0.436,0.244,2.89983704860129e-143,"2","Aunip"
2.99874843593708e-146,0.424735769614078,0.944,0.856,6.65632190324954e-142,"2","Abcf2"
1.60063051317037e-145,0.677998266228928,0.693,0.501,3.55291955008428e-141,"2","Etaa1"
1.83991904540134e-145,0.520192536720859,0.878,0.74,4.08406830507735e-141,"2","Metrn"
1.9068931951443e-145,0.419711558572507,0.949,0.877,4.23273082526181e-141,"2","Idh3a"
1.24417801932652e-144,0.255361119933451,0.998,0.99,2.76170194949909e-140,"2","Fkbp3"
2.43925151574726e-144,0.591325131309526,0.799,0.632,5.41440658950419e-140,"2","Msh2"
7.38772104876309e-144,0.659817373607801,0.669,0.46,1.63985244119394e-139,"2","Cdc7"
2.31749942550456e-143,0.663241591482431,0.518,0.294,5.14415347479246e-139,"2","H2ac10"
2.50767632788779e-143,0.536950661570806,0.881,0.731,5.56628914501252e-139,"2","Mbnl3"
5.60186816845582e-143,0.548269026532274,0.826,0.654,1.24344667735214e-138,"2","Zmynd19"
6.3373053470765e-143,0.640103859996319,0.535,0.308,1.40669166789057e-138,"2","H3c7"
1.61675179441433e-142,0.686297675651604,0.747,0.572,3.58870395806148e-138,"2","Syce2"
1.04875636348504e-141,0.306099048657079,0.997,0.981,2.32792450002774e-137,"2","Stag1"
1.44519958921937e-141,0.275363480962161,0.996,0.983,3.20790952819023e-137,"2","Phb2"
2.2524637313637e-141,0.56137714333002,0.786,0.578,4.999793744508e-137,"2","Lin54"
5.7332303222728e-141,0.523836935542755,0.85,0.713,1.27260513463489e-136,"2","Cnot9"
1.27944209418548e-140,0.488178205611815,0.908,0.783,2.8399776164635e-136,"2","Rmi2"
2.12321194620783e-139,0.807473068840133,0.585,0.383,4.71289355699752e-135,"2","Alpl"
1.18323207230389e-138,0.676718518687285,0.673,0.486,2.62642023089295e-134,"2","Tssc4"
1.26400530078441e-138,0.599331663119652,0.691,0.471,2.80571256615115e-134,"2","Ube2t"
5.54173860711764e-138,0.498038832042233,0.876,0.751,1.2300997186219e-133,"2","Pgp"
6.09546351124076e-138,0.369107404167482,0.984,0.931,1.35301003559011e-133,"2","Rad50"
8.05090311504578e-138,0.644265518867659,0.733,0.546,1.78705896444671e-133,"2","Pfas"
1.13248542061476e-137,0.972879500424997,0.424,0.239,2.51377788813857e-133,"2","BC055324"
9.25312280934645e-137,0.334117486816335,0.98,0.941,2.05391566999063e-132,"2","Polr2f"
1.49206988679983e-136,1.23407395975052,0.279,0.124,3.31194752772959e-132,"2","Ctdspl"
1.76590363843182e-135,0.479271716009565,0.869,0.722,3.9197763062271e-131,"2","Slf2"
3.81389211531217e-135,0.276370760357501,0.992,0.977,8.46569632835841e-131,"2","Impdh2"
3.52218933060947e-134,0.528109528967566,0.833,0.665,7.81820365715385e-130,"2","Rbmx2"
8.83616007070692e-134,0.595320756646499,0.75,0.575,1.96136245089481e-129,"2","Dgcr8"
2.67267289139765e-133,0.307776768869231,0.99,0.96,5.93253201703537e-129,"2","Stip1"
8.55559179495063e-133,0.65888535986927,0.653,0.451,1.89908471072519e-128,"2","Ddias"
4.96398733897675e-132,0.935954878039267,0.456,0.27,1.10185626963267e-127,"2","Mybl1"
6.08766244476522e-132,0.253353037973732,0.996,0.991,1.35127843286454e-127,"2","Rsl1d1"
1.77837947837319e-130,0.731976836659524,0.579,0.38,3.94746892814498e-126,"2","2810408I11Rik"
6.09086744549286e-130,0.77937581606247,0.515,0.319,1.35198984687605e-125,"2","Traip"
7.66236628528785e-130,0.580653453611849,0.838,0.675,1.70081544434534e-125,"2","Wwox"
1.43192530565448e-129,0.344624337223164,0.982,0.824,3.17844460096126e-125,"2","Kif15"
2.3100637380383e-129,0.329654303667387,0.979,0.935,5.12764847932361e-125,"2","Eif4a3"
1.96654379326591e-127,0.373098467621043,0.964,0.91,4.36513725791235e-123,"2","Zc3h18"
4.97515693910886e-127,0.389234600302792,0.948,0.866,1.10433558577399e-122,"2","Eif1ad"
2.19287476047602e-126,0.450070223406728,0.885,0.747,4.86752410582862e-122,"2","Nxt1"
2.0202647218812e-125,0.423852238058735,0.918,0.797,4.4843816031597e-121,"2","Cep57"
2.33514671122904e-125,0.547050777248227,0.785,0.61,5.1833251549151e-121,"2","Gemin6"
2.43474864697202e-125,0.656889964992436,0.65,0.453,5.4044115716838e-121,"2","Ndc1"
2.858167035591e-125,0.546340180685286,0.793,0.659,6.34427336890135e-121,"2","Sart3"
2.27746083198737e-124,0.371147706373178,0.971,0.897,5.05527980876237e-120,"2","Phip"
8.8893177174882e-124,0.579994878802947,0.725,0.545,1.97316185375086e-119,"2","Msh3"
1.14934075605098e-123,0.693739697117261,0.642,0.456,2.55119167620636e-119,"2","Nfya"
1.80465443640158e-123,0.432289443799604,0.847,0.604,4.00579145248059e-119,"2","Shcbp1"
1.90202474614305e-123,0.320247451875736,0.979,0.946,4.22192432901372e-119,"2","Cdc123"
3.91837045352913e-122,0.35569607059285,0.974,0.903,8.6976068956986e-118,"2","Fkbp4"
7.29751885110105e-122,0.454854124462879,0.886,0.755,1.6198302593789e-117,"2","Impa2"
7.99493128599561e-122,0.705307558110255,0.571,0.384,1.77463489755245e-117,"2","Palb2"
1.24214264341497e-121,0.294954689096436,0.993,0.963,2.75718402558822e-117,"2","Ppa1"
8.37329910062693e-121,0.448086405985157,0.785,0.553,1.85862120136616e-116,"2","Cit"
8.51228485333918e-121,0.429105970614071,0.915,0.814,1.8894718688957e-116,"2","Znrd2"
3.50166208656794e-120,0.290000024525476,0.996,0.973,7.77263933355485e-116,"2","Bzw2"
3.68380897814963e-119,0.432798520503778,0.895,0.804,8.17695078879872e-115,"2","Rprd1b"
6.42391183614598e-119,0.393437774576402,0.94,0.856,1.42591571026932e-114,"2","Fmr1"
1.47986968876904e-118,0.721780280653394,0.555,0.369,3.28486674816064e-114,"2","Samd1"
1.92540086720595e-118,0.366085153093671,0.974,0.912,4.27381230493705e-114,"2","Pds5b"
3.84885553958495e-118,0.559773079703743,0.788,0.633,8.54330464121671e-114,"2","Tmem109"
5.56957328894002e-118,0.373458407072562,0.934,0.799,1.23627818294602e-113,"2","Dleu2"
9.77533006609842e-118,0.425761786723729,0.905,0.812,2.16983001477187e-113,"2","Tfam"
1.13794344345803e-117,0.880975215312559,0.416,0.242,2.52589306144378e-113,"2","Haus5"
1.14930017273957e-117,0.361819246880018,0.958,0.881,2.55110159343003e-113,"2","Mcmbp"
2.01975731104083e-117,0.450812024069756,0.861,0.712,4.48325530331733e-113,"2","Pold3"
2.18485238302438e-117,0.48060961499209,0.858,0.728,4.84971683459922e-113,"2","Tubgcp2"
2.30966146111872e-117,0.354385362259249,0.964,0.904,5.12675554524522e-113,"2","Bri3bp"
2.95721192322168e-117,1.01268396869699,0.364,0.202,6.56412330597516e-113,"2","Enkd1"
6.40294197784326e-117,0.659533996038517,0.508,0.313,1.42126103082187e-112,"2","H4c3"
1.23481071316082e-116,0.268286364566359,0.993,0.973,2.74090934000308e-112,"2","Nhp2"
1.53502113337093e-116,0.361953662771271,0.956,0.898,3.40728640974346e-112,"2","Prelid3b"
4.95385391914547e-116,0.354246972430994,0.963,0.885,1.09960695443272e-111,"2","Aarsd1"
5.62877554503054e-116,0.453832269855059,0.882,0.767,1.24941930773043e-111,"2","Znhit3"
6.79982743383932e-116,0.554230930056841,0.745,0.576,1.50935769548931e-111,"2","Tdp2"
1.03626911178807e-115,0.340967026271775,0.978,0.924,2.30020654743597e-111,"2","Mthfd1l"
1.78799856994935e-115,0.819902885170651,0.461,0.287,3.96882042571658e-111,"2","Nsl1"
7.10409874298285e-115,0.788318017888018,0.522,0.344,1.5768967979799e-110,"2","Mcm8"
7.41061852124909e-115,0.832824529148119,0.476,0.3,1.64493499316166e-110,"2","Lair1"
9.05690637167554e-115,0.292065177662781,0.99,0.96,2.01036150732082e-110,"2","Actn4"
3.32917778516539e-114,0.333239189146975,0.953,0.781,7.38977592973161e-110,"2","Diaph3"
3.88434509198771e-114,0.382776617690466,0.953,0.882,8.62208080068511e-110,"2","Orc2"
5.17220470160691e-114,0.70444003390156,0.601,0.421,1.14807427761568e-109,"2","Prrg1"
1.7561073799566e-113,0.636275858247357,0.63,0.449,3.89803155128967e-109,"2","Nrm"
2.18668775761087e-113,0.54775641586056,0.752,0.579,4.85379081556885e-109,"2","Sclt1"
2.89367364344518e-113,0.36262230813201,0.975,0.926,6.42308738635526e-109,"2","Faf1"
1.10477501729914e-112,0.861569011843895,0.438,0.268,2.4522691058989e-108,"2","Zfand4"
2.74251344391442e-112,1.11719527813151,0.275,0.133,6.08755709145684e-108,"2","Rapgef5"
4.07449425042218e-112,0.413393856654,0.922,0.812,9.04415488766211e-108,"2","Srm"
7.28031303541025e-112,0.748309991599972,0.506,0.326,1.61601108447001e-107,"2","Tube1"
1.89461537099844e-111,0.290716902219322,0.99,0.963,4.20547773900524e-107,"2","Eri1"
1.24629559565487e-109,0.424529973275536,0.889,0.783,2.76640233367512e-105,"2","Nudt19"
1.43888764229184e-109,0.432176143356585,0.878,0.769,3.1938988995952e-105,"2","Prpf4"
3.66222801117923e-109,0.381687311285271,0.935,0.837,8.12904751641455e-105,"2","Cse1l"
3.80179294794949e-109,0.417749764820579,0.901,0.794,8.43883980656349e-105,"2","Cinp"
3.84132964335373e-109,0.515298707763162,0.774,0.621,8.52659940935228e-105,"2","Ipo9"
4.87697116596918e-109,0.903605202782387,0.384,0.224,1.08254128971018e-104,"2","4930579G24Rik"
7.02261737401305e-108,0.321243643123431,0.967,0.911,1.55881037850968e-103,"2","Rpa3"
7.93763434231293e-108,0.303295399691802,0.978,0.941,1.7619166949632e-103,"2","Polr2j"
1.49715883590729e-106,0.453540680542451,0.874,0.758,3.32324346806342e-102,"2","Trim37"
3.83637958899748e-106,0.674730697798289,0.526,0.349,8.51561177369771e-102,"2","Dsn1"
6.59724722293357e-106,0.322755985009181,0.968,0.911,1.46439096607457e-101,"2","Timm8a1"
1.29131460730044e-105,0.302475980013173,0.978,0.942,2.86633103382479e-101,"2","Atic"
2.36210496509005e-105,0.433136381641487,0.874,0.746,5.24316439101037e-101,"2","Ctps"
3.8228661152462e-105,0.391393235736737,0.925,0.843,8.48561591601199e-101,"2","Ahsa1"
9.31707628444455e-105,0.443255763841848,0.883,0.77,2.06811142285816e-100,"2","Alad"
1.05344818046374e-104,0.44077819349856,0.861,0.743,2.33833892617536e-100,"2","Naa16"
3.38856209796441e-104,0.609421536483833,0.576,0.392,7.52159128885161e-100,"2","Haspin"
5.76615016885727e-103,0.792141273290016,0.455,0.291,1.27991235298125e-98,"2","Pkmyt1"
5.80938194977229e-103,0.507998130776567,0.746,0.592,1.28950851139096e-98,"2","Myg1"
1.21291935716428e-102,0.33220565448584,0.97,0.907,2.69231709709756e-98,"2","Cep83"
1.32088437691639e-102,0.382273840220512,0.922,0.85,2.93196705144131e-98,"2","Mrpl41"
1.76219124316501e-102,0.507994136615334,0.754,0.605,3.91153590245337e-98,"2","Gins4"
3.09682269133346e-102,0.389819144802214,0.908,0.813,6.87401732795289e-98,"2","Pole3"
3.7383459952788e-102,0.328252362820038,0.976,0.948,8.29800660572036e-98,"2","Brd2"
9.09258213530672e-102,0.308556535627232,0.977,0.933,2.01828045657403e-97,"2","Mrpl17"
1.39227434769575e-101,0.300975811979679,0.972,0.926,3.09043136958026e-97,"2","Pin1"
1.49610890743006e-101,0.354647873910367,0.939,0.872,3.32091294182251e-97,"2","Mrpl40"
3.85425905672071e-101,0.531337534968542,0.672,0.489,8.55529882820296e-97,"2","Ttf2"
7.38524165939891e-100,0.506039411570199,0.768,0.604,1.63930209113678e-95,"2","Rttn"
3.09681914909967e-98,0.541742775608318,0.694,0.536,6.87400946525653e-94,"2","Helb"
2.0224314805456e-97,0.34970985631939,0.955,0.873,4.48919115736706e-93,"2","Dennd1a"
3.25779992053149e-97,0.43280701460302,0.812,0.62,7.23133848360375e-93,"2","Mis18a"
4.19661991692314e-97,0.67312179239855,0.529,0.365,9.31523722959429e-93,"2","Med18"
4.39098871940586e-97,0.3145946603256,0.964,0.901,9.7466776604652e-93,"2","Ftsj3"
8.32152749911254e-97,0.490633302786403,0.611,0.418,1.84712945897801e-92,"2","2700099C18Rik"
1.06747822115509e-96,0.846093898502337,0.341,0.192,2.36948140749796e-92,"2","H2bc3"
2.96132386595819e-95,0.314023924386312,0.963,0.913,6.57325058526739e-91,"2","Nfx1"
8.02154216637766e-95,0.292046550631011,0.98,0.906,1.78054171467085e-90,"2","Lsm3"
1.83266517209184e-94,0.370235232640545,0.936,0.85,4.06796688249227e-90,"2","Cdkal1"
2.05286785530799e-94,0.570086330514211,0.636,0.469,4.55675077842714e-90,"2","Cep152"
6.01933142064073e-94,0.475664683804941,0.715,0.54,1.33611099543962e-89,"2","Lin9"
6.08085341676884e-94,0.611331936617655,0.546,0.377,1.34976703292018e-89,"2","Tfdp2"
1.28068807363897e-93,0.349733191341152,0.94,0.861,2.84274331705643e-89,"2","Utp20"
2.2602412957928e-93,0.356342119658421,0.78,0.564,5.01705760427127e-89,"2","Ndc80"
7.12262023379084e-93,0.275388229607226,0.982,0.953,1.58100801329455e-88,"2","Gmps"
3.10282772345261e-92,0.262601366750594,0.987,0.955,6.88734669774775e-88,"2","Uchl3"
9.17880775586142e-92,0.429243305954666,0.808,0.646,2.03741995756856e-87,"2","Suv39h1"
1.28733058386467e-91,0.537346753969241,0.664,0.508,2.85748769700442e-87,"2","Zw10"
8.02603089962654e-91,0.301269435256324,0.973,0.917,1.7815380787901e-86,"2","Ubap2"
9.66936619300721e-91,0.867594945198847,0.381,0.235,2.14630921386181e-86,"2","Nt5dc2"
3.72359481303384e-90,0.357406285460173,0.947,0.873,8.26526340649122e-86,"2","Adk"
4.06226432721282e-90,0.555550023331448,0.683,0.526,9.01700812711429e-86,"2","Slc25a13"
5.90370568407088e-90,0.995630680869732,0.282,0.151,1.31044555069321e-85,"2","Recql4"
3.49497252883668e-88,0.779241746293578,0.386,0.237,7.75779052225879e-84,"2","Ssx2ip"
6.37772810681968e-88,0.578553753749877,0.62,0.461,1.41566430787077e-83,"2","Cdin1"
1.06172346879334e-87,0.478338088725583,0.766,0.637,2.35670758368057e-83,"2","Isoc1"
1.1360585837204e-87,0.263547781803152,0.989,0.959,2.52170923828417e-83,"2","Sae1"
4.11678878420252e-87,0.362909295460633,0.913,0.831,9.13803606429433e-83,"2","Slc10a7"
8.77520757576358e-87,0.372973432020979,0.881,0.783,1.94783282559224e-82,"2","Timm50"
1.15954615550833e-86,0.367950860889686,0.892,0.791,2.57384460138184e-82,"2","Nt5c3b"
2.0624149633228e-86,0.824727200234507,0.332,0.191,4.57794249408762e-82,"2","H2bc9"
2.20243682001852e-86,0.470747295845297,0.772,0.639,4.88874900939512e-82,"2","Ndufaf2"
9.53493242534663e-86,0.668587375063244,0.461,0.307,2.11646895045419e-81,"2","Cenpo"
1.69294687684988e-85,0.862380627664613,0.328,0.192,3.75783418254368e-81,"2","H2bc13"
2.18222722417625e-85,0.282799279509521,0.968,0.91,4.84388976950402e-81,"2","Tomm40"
9.86846140918652e-85,0.606080060756693,0.551,0.399,2.19050237899713e-80,"2","Mad2l2"
4.36301429770513e-84,0.4826950475519,0.712,0.557,9.68458283661607e-80,"2","Jade1"
6.64707698135503e-84,0.481246550460577,0.631,0.47,1.47545167755138e-79,"2","Cep162"
3.02494584155983e-83,0.491591854346139,0.683,0.532,6.71447228451035e-79,"2","Helq"
3.27843931738148e-83,0.7032883656058,0.473,0.322,7.27715175279168e-79,"2","Gm17092"
4.88802332257895e-83,0.418439840899561,0.793,0.636,1.08499453691285e-78,"2","Haus4"
7.57997704792252e-83,0.430279870149808,0.767,0.611,1.68252750532736e-78,"2","Agfg2"
7.95699678159137e-83,0.644260476591027,0.511,0.359,1.76621457560984e-78,"2","Platr25"
5.21293045418753e-82,0.562247354050542,0.6,0.45,1.15711417291601e-77,"2","Ipp"
6.14097947161499e-82,0.535870842766222,0.625,0.468,1.36311321331438e-77,"2","Pold1"
6.71689168501084e-82,0.293380041760357,0.953,0.903,1.49094844732186e-77,"2","Mrpl34"
7.29106214922342e-82,0.682608233371414,0.465,0.313,1.61839706526312e-77,"2","Casp7"
1.08524884179451e-81,0.513511682062982,0.688,0.555,2.40892685413128e-77,"2","Scmh1"
1.15060712153782e-81,0.313501957666593,0.957,0.913,2.55400262767749e-77,"2","Taf1"
3.31458259121731e-81,0.386525131085483,0.821,0.706,7.35737897772505e-77,"2","Gps2"
3.7755662157834e-81,0.425175670960382,0.789,0.667,8.38062432917442e-77,"2","Emsy"
9.55083363831986e-81,0.419808859598425,0.793,0.641,2.11999854269786e-76,"2","Mad1l1"
1.15208723192608e-80,0.55932880552756,0.607,0.457,2.55728802870633e-76,"2","Pms1"
1.22791695827467e-80,0.280961154382947,0.965,0.932,2.72560727228228e-76,"2","Gimap1"
1.32474460793786e-80,0.405686369094714,0.84,0.723,2.94053560623968e-76,"2","Arhgap10"
3.41729774622485e-80,0.325635035705107,0.931,0.857,7.5853758072953e-76,"2","Trim27"
3.92357700526905e-80,0.894445314669393,0.295,0.169,8.70916387859571e-76,"2","H2ac11"
4.63905511742735e-80,0.660434512916085,0.432,0.284,1.02973106441535e-75,"2","Ccdc15"
8.64726084910146e-80,0.398611910563051,0.845,0.754,1.91943249067505e-75,"2","Itpa"
1.09145179203643e-79,0.703528753001474,0.423,0.275,2.42269554278326e-75,"2","Tonsl"
1.16861025142077e-79,0.332069570953158,0.89,0.772,2.59396417507869e-75,"2","Cep295"
1.17111045710417e-79,0.435008884439083,0.784,0.666,2.59951388163412e-75,"2","Grsf1"
2.74014503707015e-79,0.396886539230022,0.84,0.734,6.0822999387846e-75,"2","Qdpr"
3.48848972807419e-79,0.70974319347083,0.456,0.311,7.74340064940627e-75,"2","Gk"
4.61946154568278e-79,0.335288653747865,0.925,0.841,1.02538187929521e-74,"2","Diaph2"
4.67788346916149e-79,0.427534110185202,0.768,0.632,1.03834979364978e-74,"2","Ccdc82"
5.35030540675486e-79,0.480047464668896,0.688,0.547,1.18760729113738e-74,"2","Rnaseh2a"
8.74091338155574e-79,0.350870061889352,0.765,0.555,1.94022054330393e-74,"2","Nuf2"
9.30115939491468e-79,0.508059308697056,0.629,0.482,2.06457835088921e-74,"2","Polh"
5.649294019161e-78,0.355679840636122,0.755,0.559,1.25397379343317e-73,"2","Spdl1"
6.71923392900467e-78,0.608772364807166,0.538,0.391,1.49146835522117e-73,"2","Mdc1"
1.30971607406967e-77,0.76365688370304,0.393,0.257,2.90717676961245e-73,"2","Ccdc14"
2.03435829896683e-77,0.519081689518479,0.55,0.39,4.51566511621667e-73,"2","Xndc1"
5.56538455572236e-77,0.437449764341148,0.745,0.624,1.23534840983369e-72,"2","Gemin2"
6.26459829643245e-77,0.485188615351735,0.71,0.568,1.39055288385911e-72,"2","Tada2a"
7.79910085068442e-77,0.301556580860836,0.931,0.865,1.73116641582642e-72,"2","Sf3b4"
7.85882770877296e-77,0.436492255118886,0.729,0.589,1.74442398651633e-72,"2","Sfmbt1"
1.76742947795316e-76,0.438043156844279,0.769,0.637,3.92316321221263e-72,"2","Atp11c"
2.59482269246554e-76,0.635349655134127,0.458,0.307,5.75972793046576e-72,"2","Txndc16"
2.92362174179826e-76,0.287249133701764,0.973,0.922,6.48956318026959e-72,"2","Ppid"
5.25066244513976e-76,0.492104395101935,0.68,0.54,1.16548954294767e-71,"2","Cltb"
5.4221629227366e-76,0.558825624062407,0.598,0.456,1.20355750395984e-71,"2","Dhodh"
7.40327394462558e-76,0.400883680046617,0.813,0.696,1.64330471748854e-71,"2","Cdca7l"
7.91159008814251e-76,0.407433864572502,0.817,0.716,1.75613565186499e-71,"2","Cnot10"
9.84620273306602e-76,0.574118057161957,0.533,0.387,2.18556162065866e-71,"2","Nfatc2ip"
2.60975487436071e-75,0.44479720727089,0.713,0.574,5.79287289461847e-71,"2","Tshz1"
2.77662332451203e-75,0.273013412065497,0.967,0.916,6.16327079341935e-71,"2","Mrto4"
3.29836003808417e-75,0.351847630439533,0.912,0.839,7.32136977653543e-71,"2","Hsph1"
4.31770591838608e-75,0.541555312665052,0.554,0.406,9.58401182704158e-71,"2","Rps6ka5"
4.35527687318787e-75,0.855009476623454,0.303,0.178,9.66740807541513e-71,"2","H4c1"
5.56970639839179e-75,0.65997880545213,0.491,0.349,1.23630772925102e-70,"2","Slc43a3"
5.62909195765493e-75,0.784725125937972,0.34,0.209,1.24948954184066e-70,"2","Usp49"
6.31772446460582e-75,0.272062976058495,0.979,0.944,1.40234529940855e-70,"2","Hmgn1"
6.78469402487352e-75,0.474107346828653,0.725,0.589,1.50599853270118e-70,"2","Ppif"
7.28669734165978e-75,0.52980050670407,0.551,0.401,1.61742820892822e-70,"2","Tspan3"
7.5328573888041e-75,0.45822825555185,0.717,0.579,1.67206835459285e-70,"2","Exosc2"
1.03432599174941e-74,0.472466079388798,0.671,0.524,2.29589340388616e-70,"2","Ada"
1.59734267136129e-74,0.499122119136862,0.658,0.513,3.54562152762065e-70,"2","Trmt2a"
1.7287171836751e-74,0.279938051006404,0.954,0.914,3.83723353260362e-70,"2","Ppp1r7"
5.44044462686669e-74,0.438836399293549,0.699,0.563,1.2076154938256e-69,"2","Ncoa7"
7.20817727053237e-74,0.607980968260146,0.492,0.347,1.59999910874007e-69,"2","Cep78"
8.76423837364064e-74,0.652780687732281,0.45,0.31,1.94539799179701e-69,"2","Alg6"
1.12928206527777e-73,0.256304736616928,0.961,0.92,2.50666740029707e-69,"2","Pbdc1"
1.3496100087617e-73,0.253529076083517,0.969,0.937,2.99572933644834e-69,"2","Ncbp1"
2.46883051601858e-73,0.457564963392314,0.678,0.538,5.48006309640645e-69,"2","Mis12"
2.73915740848495e-73,0.614781804231468,0.488,0.347,6.08010769961403e-69,"2","Rpain"
3.1008535996215e-73,0.482450829981339,0.664,0.525,6.88296473507985e-69,"2","Myo9a"
3.37400540460202e-73,0.256141320668879,0.969,0.93,7.48927979659511e-69,"2","Sdhd"
4.14723124329747e-73,0.606421278116506,0.469,0.326,9.2056091907474e-69,"2","Mbd4"
6.31390208463191e-73,0.307679554039202,0.949,0.886,1.40149684572575e-68,"2","E2f3"
7.01692363697131e-73,0.352926106880242,0.851,0.736,1.55754653969852e-68,"2","Cenpq"
1.13999669537952e-72,0.384697256536783,0.821,0.706,2.53045066473392e-68,"2","Naf1"
1.47606080728814e-72,0.607158750469989,0.443,0.298,3.27641217393749e-68,"2","Zfp808"
1.55849232704996e-72,0.369697141199059,0.857,0.755,3.4593854183528e-68,"2","Mre11a"
1.56903623993832e-72,0.561771907725944,0.568,0.427,3.48278974179108e-68,"2","2310022A10Rik"
1.5798372760849e-72,0.320701525965177,0.911,0.823,3.50676480172566e-68,"2","Cep192"
3.38127521308248e-72,0.327655010114701,0.875,0.778,7.50541659047918e-68,"2","Elof1"
6.77170065011186e-72,0.287601043925729,0.95,0.888,1.50311439330533e-67,"2","Ivns1abp"
6.98883427830324e-72,0.410244714455341,0.809,0.699,1.55131154475497e-67,"2","Scfd2"
1.73714448192697e-71,0.499587428663634,0.601,0.454,3.85593960653328e-67,"2","Them6"
7.07731664015704e-71,0.826987900967649,0.323,0.202,1.57095197461566e-66,"2","Hrob"
8.78369289979728e-71,0.374880536755474,0.793,0.655,1.949716312968e-66,"2","Nbn"
6.19581326637008e-70,0.320152252845129,0.892,0.825,1.37528467073617e-65,"2","Akap8"
6.88522258727472e-70,0.390928940110809,0.789,0.669,1.52831285769737e-65,"2","Sin3a"
7.04342576493569e-70,0.439213778170669,0.733,0.609,1.56342921704278e-65,"2","Gps1"
9.37229966659317e-70,0.38099802153928,0.906,0.826,2.08036935699369e-65,"2","Ulbp1"
9.49601693805306e-70,0.303326452760312,0.914,0.826,2.10783087973964e-65,"2","Ciapin1"
9.58812198008905e-70,0.256038521289661,0.966,0.921,2.12827543592037e-65,"2","Actl6a"
1.75765587328824e-69,0.338279390512704,0.862,0.76,3.90146874193791e-65,"2","Npat"
3.21664908995355e-69,0.54926561307535,0.563,0.427,7.13999598496988e-65,"2","Zfp143"
3.68536244593819e-69,0.505392139587116,0.618,0.477,8.18039902124899e-65,"2","Lrrc40"
4.21887547180262e-69,0.552446595217366,0.528,0.388,9.36463788476028e-65,"2","Fbxo45"
4.57254424511301e-69,0.29981313801253,0.906,0.832,1.01496764608774e-64,"2","Senp1"
4.65722167248138e-69,0.399670970276544,0.807,0.706,1.03376349464069e-64,"2","Sp1"
4.6874158716902e-69,0.288322116802206,0.948,0.896,1.04046570103907e-64,"2","Nup214"
5.47454533781195e-69,0.271749766116068,0.954,0.902,1.21518482863412e-64,"2","Mrps5"
6.01182170349664e-69,0.304626652958396,0.921,0.831,1.33444406352515e-64,"2","Rrp15"
8.88859649862767e-69,0.502376589483169,0.629,0.494,1.97300176480038e-64,"2","Smpd4"
1.3460911076964e-68,0.707735321266997,0.375,0.244,2.98791843175371e-64,"2","Tiam1"
1.60295911555205e-68,0.295464311777973,0.926,0.851,3.55808834879088e-64,"2","Prpf19"
1.67813858070423e-68,0.277793804148783,0.943,0.898,3.72496420758918e-64,"2","Trnt1"
2.45216953800156e-68,0.40349840847457,0.759,0.644,5.44308072350206e-64,"2","Ddx19a"
2.48800570420128e-68,0.391676693877311,0.781,0.662,5.52262626161558e-64,"2","Cherp"
2.77112948271208e-68,0.543609678059848,0.572,0.433,6.151076112776e-64,"2","Dnph1"
6.37319391810318e-68,0.489892257009226,0.506,0.356,1.41465785400136e-63,"2","Foxm1"
1.55295583606361e-67,0.735655276137514,0.336,0.209,3.4470960693104e-63,"2","Pidd1"
2.44863454746482e-67,0.254272790878476,0.967,0.933,5.43523410500766e-63,"2","Tmco1"
2.54472382016707e-67,0.443814590245658,0.682,0.548,5.64852346362484e-63,"2","Pms2"
7.42804573484591e-67,0.476639666966383,0.644,0.504,1.64880331176375e-62,"2","Mast2"
9.40690183026303e-67,0.623048704493283,0.446,0.314,2.08804999926349e-62,"2","9430015G10Rik"
1.89449454518128e-66,0.327084554797905,0.865,0.772,4.20520954193889e-62,"2","Prkdc"
7.99743964504194e-66,0.738034807703856,0.323,0.2,1.77519167800996e-61,"2","Cchcr1"
1.52363438051524e-65,0.252757680199798,0.965,0.916,3.38201123442968e-61,"2","Smc5"
1.64538207143539e-65,0.367031227286869,0.817,0.712,3.65225458396513e-61,"2","Mrpl49"
3.03546854210238e-65,0.277352791053699,0.943,0.883,6.73782952290465e-61,"2","Dynll2"
3.40607718674694e-65,0.306404427851286,0.895,0.82,7.56046953142217e-61,"2","Taf3"
6.00410795388569e-65,0.286053945780527,0.933,0.875,1.33273184252401e-60,"2","Mrps34"
8.90656115752115e-65,0.439100070801341,0.533,0.384,1.97698938013497e-60,"2","Tbc1d31"
1.55336245632294e-64,0.430129937567806,0.689,0.555,3.44799864430003e-60,"2","Dbr1"
3.11375997252408e-64,0.400391311932202,0.731,0.609,6.9116130110117e-60,"2","Bclaf3"
6.13218023917654e-64,0.295251735861412,0.893,0.82,1.36116004769002e-59,"2","Emc3"
1.12138490451665e-63,0.293860394451117,0.922,0.851,2.48913807255562e-59,"2","Hspbp1"
2.50813758874172e-63,0.392492432064435,0.724,0.599,5.56731300573e-59,"2","Dtnbp1"
5.23385906625611e-63,0.686042635027781,0.409,0.28,1.16175969693687e-58,"2","Pbx3"
5.46275151319535e-63,0.320373776916321,0.899,0.821,1.21256695338397e-58,"2","Magohb"
5.54928338494622e-63,0.400704114401647,0.687,0.55,1.23177443295651e-58,"2","Pdlim1"
7.05832695606444e-63,0.266152721901239,0.939,0.887,1.56673683443762e-58,"2","Nup50"
7.81204110926499e-63,0.373300114105115,0.803,0.695,1.73403876502355e-58,"2","Stard7"
8.76201989574862e-63,0.418837070105425,0.714,0.59,1.94490555625932e-58,"2","Endog"
9.80137241782987e-63,0.292922440767429,0.921,0.851,2.1756106355857e-58,"2","Dis3"
1.14099106237996e-62,0.341363801373706,0.836,0.728,2.53265786116481e-58,"2","Hmgxb4"
1.18127745719899e-62,0.610709591437112,0.423,0.293,2.6220815717446e-58,"2","Pmm1"
1.53871316018845e-62,0.457801667816379,0.655,0.525,3.41548160167031e-58,"2","Pwwp3a"
2.54851497129052e-62,0.25783152013213,0.781,0.602,5.65693868177358e-58,"2","Bora"
2.737578873994e-62,0.756877665573523,0.305,0.188,6.07660382660448e-58,"2","Zbtb14"
4.17406875693828e-62,0.471350086458823,0.62,0.493,9.26518041977591e-58,"2","Grwd1"
4.73853027777415e-62,0.284939888246861,0.869,0.719,1.05181156575753e-57,"2","Ncapd2"
5.97546691919254e-62,0.305986020334921,0.852,0.751,1.32637439205317e-57,"2","Nup160"
8.27440577313565e-62,0.52833617108535,0.524,0.392,1.83666984946292e-57,"2","Pkig"
8.6494840157391e-62,0.252815826435035,0.959,0.91,1.91992596697361e-57,"2","Nip7"
1.50905782967786e-61,0.310709092397626,0.891,0.805,3.34965566453595e-57,"2","Stub1"
1.57744630262526e-61,0.539917882465761,0.488,0.352,3.5014575579373e-57,"2","Tinf2"
1.6975504504268e-61,0.306224826015953,0.893,0.81,3.76805273481237e-57,"2","Noc4l"
2.20087962806475e-61,0.498880001962428,0.583,0.451,4.88529251041533e-57,"2","Trmt2b"
3.59022057483262e-61,0.386165438852147,0.748,0.632,7.96921260995597e-57,"2","Umad1"
8.31113637897024e-61,0.491430473947906,0.612,0.486,1.84482294204002e-56,"2","Apex2"
8.58086812251985e-61,0.254968329558872,0.77,0.597,1.90469529715573e-56,"2","Hjurp"
9.88576697704501e-61,0.374654447328922,0.749,0.636,2.19434369589468e-56,"2","Haus1"
1.63499657669424e-60,0.384619004975485,0.601,0.451,3.62920190128821e-56,"2","Melk"
2.32217254970253e-60,0.294618965959413,0.911,0.84,5.15452640857471e-56,"2","Lap3"
2.77607966381217e-60,0.274472038522827,0.624,0.439,6.16206402976387e-56,"2","Ccnf"
2.93184760866266e-60,0.591395012771502,0.427,0.3,6.50782213694851e-56,"2","Tti1"
1.10325141429723e-59,0.553258884394009,0.495,0.364,2.44888716431556e-55,"2","Top3a"
1.3283419679379e-59,0.587652164455753,0.433,0.304,2.94852066623175e-55,"2","Nmnat3"
2.74058676809158e-59,0.350299220856819,0.799,0.686,6.08328044913289e-55,"2","Smco4"
4.95209253343731e-59,0.429276127648099,0.661,0.537,1.09921597964708e-54,"2","Oser1"
6.10297154759433e-59,0.274917288345085,0.944,0.865,1.35467659441951e-54,"2","1700025G04Rik"
6.72853657812934e-59,0.283048793960981,0.926,0.869,1.49353326424737e-54,"2","Ndufaf4"
1.49894186130192e-58,0.510058618041273,0.477,0.346,3.32720124953187e-54,"2","Cenpn"
1.68475699710598e-58,0.388860517873734,0.756,0.639,3.73965510647615e-54,"2","2310033P09Rik"
2.40681630401344e-58,0.271653749088721,0.92,0.851,5.34241015001864e-54,"2","Psmg2"
3.32372117317647e-58,0.416755494517446,0.701,0.586,7.37766388809982e-54,"2","Clcc1"
3.6176639641346e-58,0.439386532592001,0.628,0.5,8.03012870118958e-54,"2","Akip1"
6.50627906124598e-58,0.36979318598709,0.766,0.659,1.44419876322477e-53,"2","Nop9"
6.54152597245672e-58,0.680950190933084,0.317,0.203,1.45202252010622e-53,"2","Xrcc2"
2.11185513065017e-57,0.299003659529577,0.862,0.753,4.68768483350417e-53,"2","Ifrd2"
2.27574362268327e-57,0.45897509440157,0.58,0.447,5.05146811927006e-53,"2","Luzp1"
2.29926805471026e-57,0.253656393133036,0.985,0.97,5.10368530104037e-53,"2","Stat1"
2.92981609013007e-57,0.415683018038709,0.64,0.513,6.50331277526172e-53,"2","Oard1"
3.15261513529494e-57,0.59183021498626,0.392,0.27,6.99785981581418e-53,"2","2610020C07Rik"
3.731328721421e-57,0.313433531315364,0.832,0.719,8.28243036293819e-53,"2","Rcc1"
5.46940369490759e-57,0.684468815469225,0.428,0.307,1.21404353815864e-52,"2","Gm12610"
1.03079715338391e-56,0.326098073380813,0.836,0.747,2.28806044136627e-52,"2","Cibar1"
1.40704440972873e-56,0.428617407139838,0.615,0.485,3.12321647627486e-52,"2","Csrp1"
1.75190315412244e-56,0.500503840161459,0.537,0.411,3.88869943120557e-52,"2","Dctd"
2.9631009151784e-56,0.285536528589446,0.904,0.83,6.57719510142149e-52,"2","Thoc3"
4.095864319891e-56,0.542813344000777,0.441,0.314,9.09159003086204e-52,"2","Neto2"
4.22367221957087e-56,0.26369826731379,0.94,0.885,9.37528522578147e-52,"2","Hdac2"
4.99605822461745e-56,0.604025426240101,0.384,0.261,1.10897504411834e-51,"2","Ccdc138"
5.26491387888593e-56,0.309062103845951,0.861,0.763,1.16865293369631e-51,"2","Nup93"
6.22897185453659e-56,0.283940624664883,0.912,0.848,1.38264488255149e-51,"2","Ltn1"
1.05746223756783e-55,0.358082792825128,0.741,0.615,2.34724892872931e-51,"2","Cenpm"
2.26854030500211e-55,0.254271675273332,0.949,0.903,5.03547891501317e-51,"2","Rrp1b"
2.37761161058221e-55,0.638080986906884,0.344,0.228,5.27758449200932e-51,"2","Mob3b"
2.41292624261235e-55,0.489449125221792,0.434,0.307,5.35597238072663e-51,"2","Ska3"
2.56327405021313e-55,0.514532685524559,0.519,0.393,5.68969940925809e-51,"2","Pradc1"
5.3096216783813e-55,0.450893674980754,0.534,0.399,1.1785767239503e-50,"2","Slfn3"
6.7817957192666e-55,0.289419572096878,0.859,0.761,1.50535519580561e-50,"2","Ints7"
7.83724615094717e-55,0.723430070052431,0.297,0.189,1.73963352812574e-50,"2","Slc36a4"
8.7897350378844e-55,0.288696541074038,0.904,0.823,1.9510574863592e-50,"2","Cfap298"
9.04887569647247e-55,0.285841634588103,0.903,0.828,2.008578938346e-50,"2","Qki"
1.04725157973934e-54,0.300238432974725,0.889,0.803,2.32458433154741e-50,"2","Adsl"
1.16405870801886e-54,0.250703775252882,0.939,0.88,2.58386111418945e-50,"2","Rbmxl1"
1.17568744468475e-54,0.311496890233117,0.862,0.775,2.60967342096673e-50,"2","Get4"
2.60135248903228e-54,0.383194338961978,0.7,0.58,5.77422211990496e-50,"2","Setdb2"
4.13293954463903e-54,0.500261472726485,0.506,0.38,9.17388590723527e-50,"2","Ddx11"
1.24122806548961e-53,0.574733472216198,0.399,0.279,2.7551539369673e-49,"2","Smyd4"
1.33664275718454e-53,0.263814092638,0.919,0.85,2.96694592812252e-49,"2","Trim28"
1.69843160061658e-53,0.265618591665288,0.929,0.866,3.77000862388863e-49,"2","Smarcad1"
2.11944285090481e-53,0.334852040182807,0.786,0.673,4.7045272961534e-49,"2","Nup62"
2.42430393492385e-53,0.283035427407458,0.875,0.8,5.38122744435046e-49,"2","Fam76b"
2.54317196284765e-53,0.299906606871978,0.876,0.782,5.64507880593293e-49,"2","Tmem238"
2.95121567183992e-53,0.277712019466221,0.898,0.804,6.55081342678306e-49,"2","Rnaseh2b"
3.12839604166677e-53,0.415856460324902,0.66,0.549,6.94410069368774e-49,"2","Mettl14"
4.02349336096008e-53,0.382602464598374,0.69,0.572,8.93094821332308e-49,"2","Jpt2"
4.98911401219719e-53,0.287245292873573,0.887,0.785,1.10743363728741e-48,"2","Pdss1"
9.73394609410841e-53,0.742842942974908,0.285,0.18,2.16064401450924e-48,"2","Rims2"
1.00355275364082e-52,0.753661892820567,0.299,0.193,2.22758604725653e-48,"2","Bag2"
1.10159674836763e-52,0.364881557237623,0.744,0.622,2.44521430235163e-48,"2","Cluh"
1.13471376083385e-52,0.254837277183662,0.937,0.885,2.5187241349229e-48,"2","Cops3"
1.15033783258382e-52,0.436265306497994,0.557,0.424,2.5534048869863e-48,"2","Wee1"
1.19048515998382e-52,0.705954937959783,0.283,0.179,2.64251990961608e-48,"2","H2bc8"
1.3855390193972e-52,0.314543225459914,0.836,0.746,3.07548096135598e-48,"2","Larp1b"
2.07393402804839e-52,0.785230319435315,0.265,0.164,4.603511362059e-48,"2","Cmtm4"
2.11366896574032e-52,0.293177044933918,0.857,0.761,4.69171100325379e-48,"2","Bex3"
4.29187511607997e-52,0.362048545521791,0.719,0.601,9.52667519516271e-48,"2","Net1"
6.88098738939531e-52,0.547553802960318,0.439,0.322,1.52737277082408e-47,"2","Gnb1l"
7.33885394420531e-52,0.387101039008416,0.625,0.504,1.62900540999525e-47,"2","Zfp827"
1.01378243874257e-51,0.574287250528983,0.356,0.241,2.25029287927687e-47,"2","Lpcat1"
1.2009822942266e-51,0.295833430990675,0.85,0.749,2.66582039849479e-47,"2","Snhg5"
1.59314798566766e-51,0.368702851674009,0.721,0.596,3.5363105837865e-47,"2","Zdhhc2"
2.15297491271258e-51,0.392774448141238,0.655,0.532,4.77895841374811e-47,"2","Slc35b2"
2.22500034018684e-51,0.277723824973286,0.897,0.83,4.93883325511273e-47,"2","Mrps7"
2.74840881074603e-51,0.458194925474727,0.59,0.47,6.10064303721295e-47,"2","Alg13"
3.56202405172442e-51,0.292258446538819,0.877,0.798,7.90662478761269e-47,"2","Tex9"
3.96534965134263e-51,0.312213616765775,0.84,0.752,8.80188662108525e-47,"2","Asf1a"
5.3615238014799e-51,0.583036550146307,0.369,0.255,1.19009743821449e-46,"2","Oip5"
5.49390549834072e-51,0.367423256886973,0.708,0.591,1.21948220346669e-46,"2","Ube2e3"
6.25189079506633e-51,0.319593434846354,0.804,0.707,1.38773219978087e-46,"2","Gtf3c2"
9.47467283443666e-51,0.276256987323544,0.874,0.764,2.10309312905991e-46,"2","Tex30"
9.72871151075883e-51,0.30347432665326,0.836,0.76,2.15948209404314e-46,"2","Fdx1"
1.98965961098589e-50,0.500690743714836,0.482,0.363,4.41644743850538e-46,"2","Setd6"
2.39728382087732e-50,0.581970788560406,0.412,0.299,5.3212508972014e-46,"2","Igsf8"
2.47872370707957e-50,0.275808460205797,0.87,0.792,5.50202301260452e-46,"2","Wdr18"
3.2760012511954e-50,0.28554560515141,0.88,0.791,7.27173997727843e-46,"2","Nup205"
4.46377509357927e-50,0.2651406062547,0.926,0.859,9.9082415752179e-46,"2","Exosc1"
4.50932517165582e-50,0.542212095182943,0.412,0.294,1.00093490835244e-45,"2","Gpr180"
5.24745563112949e-50,0.643420332076292,0.34,0.231,1.16477772644181e-45,"2","Efcab7"
6.00310658325185e-50,0.685577595885691,0.291,0.188,1.33250956828441e-45,"2","Slc12a2"
7.11550525414049e-50,0.269580920952387,0.887,0.81,1.57942870126157e-45,"2","Wdr74"
7.46674139408898e-50,0.273825891760116,0.909,0.834,1.65739258724593e-45,"2","Mtap"
1.02317864825268e-49,0.289966151845661,0.823,0.736,2.27114964552647e-45,"2","Pank2"
1.3942669367615e-49,0.432437469807902,0.535,0.413,3.09485431952951e-45,"2","Mgme1"
1.62548136138489e-49,0.436730264660677,0.541,0.418,3.60808097786604e-45,"2","Rtel1"
1.76420838309994e-49,0.473399116424202,0.533,0.415,3.91601334796695e-45,"2","Shq1"
1.8115078612045e-49,0.347140140653802,0.783,0.687,4.02100399951563e-45,"2","Rrp8"
2.55771371629996e-49,0.443187467617129,0.561,0.443,5.67735713607103e-45,"2","Gcfc2"
2.80440474294821e-49,0.344093954517934,0.752,0.658,6.22493720792213e-45,"2","Apoo"
3.31217359531072e-49,0.326495716172704,0.793,0.698,7.35203172951121e-45,"2","Gfm1"
3.66542374172529e-49,0.281675167189691,0.86,0.77,8.13614107950762e-45,"2","Srbd1"
4.5491051440288e-49,0.325107571267592,0.794,0.7,1.00976486882007e-44,"2","Prpf3"
7.88765665789199e-49,0.351237294832431,0.705,0.597,1.75082314835228e-44,"2","Ing2"
9.53802297302997e-49,0.407256627296752,0.549,0.429,2.11715495932346e-44,"2","Pot1a"
1.12948613544699e-48,0.273167322875112,0.908,0.839,2.50712037485167e-44,"2","Atad3a"
1.3481285969016e-48,0.486363129599988,0.481,0.364,2.99244104654249e-44,"2","Deaf1"
1.42589902429487e-48,0.406008198381296,0.623,0.507,3.16506806422733e-44,"2","Tyw1"
1.54049958257465e-48,0.423353533895825,0.543,0.421,3.41944692344096e-44,"2","Ddb2"
8.3574593895154e-48,0.270730262188075,0.87,0.792,1.85510526069073e-43,"2","Ccdc25"
8.8969709066786e-48,0.325199893899164,0.764,0.665,1.97486063215545e-43,"2","Fxn"
9.73074580323606e-48,0.544447351372698,0.478,0.365,2.15993364594431e-43,"2","E2f6"
1.11852462387282e-47,0.537798480680338,0.433,0.32,2.4827891076105e-43,"2","Thop1"
1.1533256214733e-47,0.535494356119185,0.457,0.345,2.56003688198428e-43,"2","Tarsl2"
1.23974345562442e-47,0.6638122920187,0.31,0.206,2.75185854844952e-43,"2","Irak1bp1"
1.53772653852303e-47,0.312528564459977,0.787,0.684,3.41329159755956e-43,"2","Cfap20"
2.57695305947195e-47,0.627870365623865,0.324,0.22,5.72006270610989e-43,"2","Mns1"
3.39463783086885e-47,0.356382451009928,0.712,0.602,7.53507759317958e-43,"2","Tmem245"
5.11271269804156e-47,0.321060093117332,0.697,0.586,1.13486883758429e-42,"2","Pml"
6.33595419399674e-47,0.434542314677412,0.523,0.402,1.40639175244146e-42,"2","Zfp934"
1.18594770741926e-46,0.503943114721838,0.447,0.334,2.63244812615852e-42,"2","Nmral1"
1.33616442114884e-46,0.34179242746304,0.703,0.593,2.96588416562408e-42,"2","Cdk5rap2"
1.62437188370485e-46,0.363480308217258,0.677,0.56,3.60561827025966e-42,"2","Cep57l1"
1.93249600373514e-46,0.311421706646886,0.781,0.696,4.28956137949089e-42,"2","Xpo5"
1.93380150286982e-46,0.346059102630561,0.704,0.596,4.29245919592014e-42,"2","AW554918"
3.95501266533539e-46,0.294686394263355,0.803,0.71,8.77894161324496e-42,"2","Brd3"
6.37883895500422e-46,0.295867270852945,0.835,0.746,1.41591088284229e-41,"2","Mettl1"
7.52012156070894e-46,0.279574282892832,0.879,0.791,1.66924138283056e-41,"2","Smyd3"
9.227611119675e-46,0.323313289942114,0.737,0.632,2.04825284023426e-41,"2","Hdgfl2"
1.77159946435261e-45,0.477809451684777,0.492,0.377,3.93241933102348e-41,"2","Hemgn"
2.52809509579053e-45,0.339456250308716,0.709,0.61,5.61161268412625e-41,"2","Rnf8"
4.73162118186725e-45,0.442665751205824,0.474,0.361,1.05027795373907e-40,"2","E130307A14Rik"
5.54712774187329e-45,0.359481292919284,0.652,0.543,1.23129594486361e-40,"2","Bag4"
6.16837157263739e-45,0.452742805826018,0.484,0.364,1.36919343797832e-40,"2","Rpp40"
7.78316208284659e-45,0.253959494044182,0.88,0.806,1.72762848752946e-40,"2","Tor1a"
1.16876329165188e-44,0.452461126411897,0.49,0.379,2.59430387847969e-40,"2","Xrcc1"
2.11621750178625e-44,0.302812353067284,0.8,0.696,4.69736798871495e-40,"2","Fto"
2.18925557019509e-44,0.341516763657076,0.709,0.601,4.85949058916204e-40,"2","Fancl"
2.55865406772779e-44,0.261900068718565,0.884,0.811,5.67944443413538e-40,"2","Scamp3"
3.69592854179233e-44,0.65288067738006,0.268,0.174,8.20385258421642e-40,"2","Prkar2b"
5.88595824167307e-44,0.390131229707763,0.635,0.526,1.30650615090417e-39,"2","Pycrl"
6.15322650258252e-44,0.335425227331341,0.72,0.614,1.36583168677824e-39,"2","Tufm"
8.87825903743441e-44,0.285516242555574,0.84,0.75,1.97070715853932e-39,"2","Tusc3"
1.16679941093365e-43,0.295046770303205,0.839,0.767,2.58994465244942e-39,"2","Atl3"
1.34190744762982e-43,0.250424083039759,0.879,0.802,2.9786319615039e-39,"2","Dpy19l1"
1.41105045909924e-43,0.291974940431855,0.818,0.73,3.13210870406258e-39,"2","Polr1g"
1.96145336271809e-43,0.575100849021205,0.353,0.249,4.35383802922534e-39,"2","Mcrip2"
2.14532398636713e-43,0.332758118738364,0.718,0.611,4.76197565253912e-39,"2","Mrpl47"
1.07965223744147e-42,0.250772875063709,0.819,0.697,2.39650407144883e-38,"2","Ccdc34"
1.28454612194958e-42,0.37642440856788,0.552,0.437,2.85130702689148e-38,"2","2700049A03Rik"
1.49999439738483e-42,0.567873680106167,0.36,0.259,3.32953756387511e-38,"2","D3Ertd751e"
1.79124392460367e-42,0.574888322529871,0.289,0.194,3.97602413944277e-38,"2","Eldr"
1.84680639366214e-42,0.330155745749972,0.722,0.627,4.09935615201185e-38,"2","Ppwd1"
3.29308540360182e-42,0.330949648982066,0.567,0.432,7.30966167037496e-38,"2","Kifc1"
4.05451043230418e-42,0.389981938550015,0.519,0.401,8.99979680658559e-38,"2","Lmo4"
4.16472886949557e-42,0.288802075229793,0.808,0.699,9.24444867161931e-38,"2","Pmf1"
5.67652613608498e-42,0.345159748230422,0.676,0.571,1.26001850642678e-37,"2","Sanbr"
9.80485660543771e-42,0.313615062942376,0.698,0.587,2.17638402070901e-37,"2","Cenpj"
1.10255899140084e-41,0.292765734906743,0.75,0.65,2.44735019321245e-37,"2","1110059E24Rik"
1.98863374144825e-41,0.271784893063211,0.838,0.76,4.41417031589268e-37,"2","Cstf2"
2.99835510331511e-41,0.382299028026252,0.533,0.423,6.65544882282855e-37,"2","Jazf1"
4.55744081424049e-41,0.29616753458925,0.783,0.677,1.01161513753696e-36,"2","Gstcd"
5.35006712524374e-41,0.363226937968516,0.629,0.521,1.18755439979035e-36,"2","Tsen15"
1.82874443878896e-40,0.266170321165795,0.854,0.779,4.05926403077985e-36,"2","Hddc2"
1.9644256519678e-40,0.42106102400772,0.57,0.469,4.36043561967293e-36,"2","Slfn9"
2.29821034779474e-40,0.273006448772528,0.838,0.766,5.10133750899997e-36,"2","Pphln1"
3.15240733949659e-40,0.393928486601494,0.372,0.265,6.99739857148058e-36,"2","H4c8"
3.9986264545013e-40,0.392207935139204,0.577,0.47,8.87575114105654e-36,"2","Slc19a1"
4.22172610951526e-40,0.265066018811197,0.861,0.777,9.37096544529102e-36,"2","Msl3"
6.85639422137733e-40,0.280056873617467,0.82,0.746,1.52191382531913e-35,"2","Strbp"
8.74471815151018e-40,0.285029769673667,0.804,0.708,1.94106508809071e-35,"2","Ankrd28"
3.02615325887981e-39,0.38825701188243,0.404,0.296,6.7171523887355e-35,"2","Kifc5b"
3.63469722401989e-39,0.267466962872574,0.841,0.764,8.06793742815696e-35,"2","Med14"
5.73853654408171e-39,0.344517371542404,0.841,0.791,1.27378295668982e-34,"2","Irf1"
6.94457896643854e-39,0.440067817949516,0.452,0.348,1.54148819318036e-34,"2","Pdxk"
1.18150243864379e-38,0.321137253371237,0.633,0.53,2.62258096305763e-34,"2","Inip"
1.44220916596292e-38,0.353464524716759,0.586,0.475,3.2012716856879e-34,"2","Fbxo42"
1.55200299844471e-38,0.297455788866724,0.803,0.718,3.44498105564771e-34,"2","Utp15"
1.8725017144164e-38,0.326827220326385,0.651,0.547,4.15639205549008e-34,"2","Eif2b1"
1.98003851951687e-38,0.561844738123244,0.295,0.202,4.3950915017716e-34,"2","Tanc2"
2.25231358009945e-38,0.257179564441901,0.797,0.716,4.99946045374675e-34,"2","Topors"
2.36890037694355e-38,0.264408750002854,0.86,0.772,5.25824816670159e-34,"2","Svil"
3.91556585501108e-38,0.25164715498816,0.881,0.822,8.6913815283681e-34,"2","Nfyb"
4.68293247153694e-38,0.297063420005233,0.696,0.598,1.03947052070705e-33,"2","Hs2st1"
4.72659882164358e-38,0.392533642571768,0.58,0.478,1.04916314044023e-33,"2","Ppm1d"
6.02724227572227e-38,0.307304875062898,0.705,0.604,1.33786696794207e-33,"2","Xrcc6"
1.04734862974058e-37,0.312091601305658,0.699,0.603,2.32479975343516e-33,"2","Recql"
1.63033797464072e-37,0.259222263252454,0.797,0.702,3.61886120231001e-33,"2","Med4"
3.31105624644626e-37,0.261078299339653,0.841,0.768,7.34955155023676e-33,"2","Wdr70"
3.31578436138605e-37,0.271862618991148,0.773,0.694,7.36004654696862e-33,"2","C2cd3"
3.81020058168632e-37,0.298257026309141,0.732,0.638,8.45750223116912e-33,"2","Nubp2"
5.09438286279731e-37,0.31968399182268,0.644,0.538,1.13080016405512e-32,"2","Ythdc2"
5.71995770993865e-37,0.263380816597546,0.873,0.799,1.26965901287508e-32,"2","Tbc1d5"
5.81229288030319e-37,0.388809008948238,0.513,0.407,1.2901546506409e-32,"2","Nanp"
7.52918132033198e-37,0.28030958664312,0.696,0.593,1.67125237767409e-32,"2","Pxk"
9.23114982850326e-37,0.396640438934491,0.479,0.373,2.04903832743287e-32,"2","Suv39h2"
1.42979361291432e-36,0.330757801584918,0.67,0.576,3.17371288258592e-32,"2","St7"
1.44591405866835e-36,0.319801935032803,0.632,0.53,3.20949543602614e-32,"2","Saal1"
1.58529621853068e-36,0.386828890561981,0.559,0.455,3.51888201627254e-32,"2","Lsm11"
2.01997499763252e-36,0.260810425161507,0.824,0.744,4.4837385022449e-32,"2","Ankrd10"
2.73198899066166e-36,0.496839943179737,0.355,0.26,6.06419596257168e-32,"2","Zhx3"
3.14425327507267e-36,0.280831364718552,0.777,0.696,6.97929899467881e-32,"2","Heatr3"
3.53262084933684e-36,0.310246202190833,0.701,0.597,7.84135849927297e-32,"2","Vegfb"
4.70487909566987e-36,0.32854127354805,0.639,0.538,1.04434201286584e-31,"2","Depdc5"
5.13903408951021e-36,0.264113086351799,0.786,0.705,1.14071139684858e-31,"2","Rb1"
5.76482268474341e-36,0.383696024037102,0.574,0.475,1.27961769133249e-31,"2","Dnajb1"
6.81639982125842e-36,0.343030498245118,0.601,0.5,1.51303626832473e-31,"2","Drosha"
1.11841164041773e-35,0.257982493383986,0.829,0.753,2.48253831823523e-31,"2","Mrpl46"
1.11848699880019e-35,0.516538828548228,0.362,0.269,2.48270559123677e-31,"2","Fastkd3"
1.26200578952815e-35,0.381685017025725,0.516,0.414,2.80127425101563e-31,"2","Cwf19l1"
1.44775659142698e-35,0.378946656508909,0.527,0.426,3.21358530599046e-31,"2","Rmi1"
1.7880040141618e-35,0.255297844469795,0.822,0.74,3.96883251023495e-31,"2","Nudcd1"
2.86363077545315e-35,0.394489823011126,0.438,0.332,6.35640123227336e-31,"2","Ogfrl1"
5.50876412971554e-35,0.257000958461541,0.805,0.724,1.22278037387296e-30,"2","Golt1b"
7.18605749841935e-35,0.26256847154589,0.807,0.724,1.59508918292414e-30,"2","Sipa1"
7.62882145578498e-35,0.27086893702269,0.809,0.725,1.69336949854059e-30,"2","Mycbp"
1.11396930196237e-34,0.302437672877321,0.751,0.667,2.47267765956586e-30,"2","Gpn1"
1.16411664754772e-34,0.294527893728736,0.7,0.603,2.58398972256168e-30,"2","Pelp1"
1.23277993167814e-34,0.362776288607638,0.485,0.382,2.73640161434596e-30,"2","Wdyhv1"
2.17916712332048e-34,0.351919075367235,0.528,0.423,4.83709726363448e-30,"2","Cactin"
3.64992346471788e-34,0.419278840670301,0.426,0.33,8.10173511463427e-30,"2","Wdcp"
3.77164342023362e-34,0.475320010506458,0.408,0.314,8.37191689989257e-30,"2","Tfb1m"
9.01573134497662e-34,0.401021527424901,0.449,0.348,2.00122188664446e-29,"2","Znhit2"
1.44735771040985e-33,0.276805693300869,0.74,0.648,3.21269990979675e-29,"2","Obi1"
1.45123591490073e-33,0.354950844017482,0.576,0.479,3.22130836030516e-29,"2","Abraxas1"
1.47924257034166e-33,0.274700102949244,0.758,0.664,3.28347473338739e-29,"2","Wdr5"
1.75716814660308e-33,0.2591464132373,0.766,0.676,3.90038613501487e-29,"2","Setdb1"
2.79081083266205e-33,0.275186774762484,0.78,0.7,6.19476280525995e-29,"2","Uqcc6"
3.11610438239253e-33,0.300390322700538,0.691,0.601,6.91681689759669e-29,"2","Tubgcp3"
3.3019123886315e-33,0.331087251136757,0.663,0.584,7.32925492904534e-29,"2","Gmeb1"
4.18469021931917e-33,0.267464153942385,0.791,0.713,9.28875687982277e-29,"2","Dnajc11"
4.97413209157628e-33,0.628728085781301,0.324,0.237,1.10410810036719e-28,"2","Gm36551"
6.88712699456013e-33,0.357142911211919,0.442,0.342,1.52873557898251e-28,"2","Nemp2"
7.84747251782937e-33,0.509870431817189,0.376,0.289,1.74190347478258e-28,"2","Jade3"
8.22366480676301e-33,0.383363748508394,0.467,0.37,1.82540687715719e-28,"2","Mpp7"
9.83153991410049e-33,0.333686166570581,0.56,0.454,2.18230691473289e-28,"2","Calhm6"
1.26028139712499e-32,0.307184190746378,0.627,0.525,2.79744661719835e-28,"2","Galnt2"
1.67689764907511e-32,0.629602597145828,0.27,0.188,3.72220971165203e-28,"2","Gatm"
1.70494606983874e-32,0.30698846777296,0.608,0.513,3.78446879122105e-28,"2","Toe1"
1.81469535336507e-32,0.356306251059525,0.55,0.459,4.02807927586445e-28,"2","Rad1"
1.83326193113632e-32,0.344207843670277,0.56,0.464,4.06929150854328e-28,"2","Taf5"
2.36226538241273e-32,0.284831866806731,0.756,0.664,5.24352046934153e-28,"2","Trappc13"
2.52641081279717e-32,0.281376030263762,0.77,0.698,5.60787408116587e-28,"2","A430005L14Rik"
3.54469084913786e-32,0.250492923439172,0.818,0.738,7.86815027783132e-28,"2","Dimt1"
5.41836384536443e-32,0.460261067743177,0.331,0.243,1.20271422275554e-27,"2","Pam"
7.24874922033235e-32,0.362076898290344,0.485,0.386,1.60900486443717e-27,"2","Zmym1"
7.26400420185177e-32,0.322469815655383,0.518,0.418,1.61239101268504e-27,"2","Rundc3b"
8.62538466340654e-32,0.297238539032052,0.726,0.642,1.91457663373635e-27,"2","Ddx56"
8.80583931247217e-32,0.412473060419378,0.452,0.358,1.95463215218945e-27,"2","4933404O12Rik"
1.00306231710273e-31,0.330652682945979,0.48,0.38,2.22649742527292e-27,"2","Cnst"
1.00578984151197e-31,0.253062346415938,0.776,0.697,2.23255171120413e-27,"2","Ccdc86"
1.27415004680281e-31,0.263950524758393,0.681,0.582,2.82823085888819e-27,"2","Dtnb"
1.6887169170201e-31,0.272338615952232,0.707,0.614,3.74844494070952e-27,"2","Cirbp"
1.74238958943841e-31,0.272808771936127,0.752,0.668,3.86758217167644e-27,"2","Sf3a2"
2.32651639862478e-31,0.373463970720713,0.479,0.381,5.16416845002742e-27,"2","Fads1"
3.21247426616948e-31,0.445635489412203,0.38,0.29,7.13072912861639e-27,"2","Ctnnbip1"
6.5078307097622e-31,0.474926056139895,0.323,0.236,1.44454318264591e-26,"2","Tarbp1"
7.786244765206e-31,0.375423794345221,0.503,0.416,1.72831275053278e-26,"2","Iigp1"
8.97487924836671e-31,0.387758524810027,0.411,0.317,1.99215394675996e-26,"2","Baiap2"
1.42346868660721e-30,0.254490904332234,0.81,0.731,3.15967344366202e-26,"2","Coro1c"
1.6648691615006e-30,0.258776120974491,0.758,0.663,3.69551007778288e-26,"2","Smyd2"
2.74922208179227e-30,0.262685541934809,0.724,0.633,6.1024482549543e-26,"2","Nsmce3"
2.74999844639405e-30,0.366557538787359,0.497,0.405,6.10417155146088e-26,"2","Coa7"
4.0855899931125e-30,0.288330171398175,0.659,0.569,9.06878410771181e-26,"2","Dhrs7b"
4.21924862946616e-30,0.366254232710038,0.488,0.392,9.36546618282603e-26,"2","Ctc1"
4.56313185000635e-30,0.279941961010326,0.617,0.514,1.01287837674591e-25,"2","Rhno1"
7.15614711717705e-30,0.291879887425558,0.606,0.511,1.58844997559979e-25,"2","Nit2"
1.30591822235556e-29,0.410287943829234,0.415,0.327,2.89874667816265e-25,"2","Mtres1"
1.46738215759768e-29,0.346050492560922,0.545,0.455,3.25714817521958e-25,"2","Hus1"
2.02684855665736e-29,0.347935502096735,0.492,0.396,4.49899574121234e-25,"2","Rbm48"
2.27181618503921e-29,0.422941328709029,0.357,0.269,5.04275038593153e-25,"2","Slc25a25"
2.91058817670225e-29,0.277658921971872,0.675,0.582,6.46063257582599e-25,"2","Rev1"
3.38122979892307e-29,0.279822056470545,0.648,0.559,7.50531578466953e-25,"2","Pias2"
3.852763357414e-29,0.279966470479635,0.638,0.541,8.55197882445186e-25,"2","Uap1"
4.82919781901087e-29,0.366055487758976,0.433,0.343,1.07193703988584e-24,"2","Dcakd"
5.18533962392801e-29,0.32413436798584,0.603,0.516,1.1509898363233e-24,"2","Tamm41"
7.50770543265769e-29,0.528627571149252,0.3,0.222,1.66648537488703e-24,"2","Lrrc20"
9.25364802685538e-29,0.293127320244972,0.623,0.53,2.05403225252109e-24,"2","Ctu2"
1.50954632075568e-28,0.280066869645426,0.577,0.481,3.35073996818138e-24,"2","Zdhhc15"
1.59739695257991e-28,0.299177231391579,0.61,0.522,3.54574201564164e-24,"2","Kif16b"
2.52831535438586e-28,0.310622406972996,0.554,0.461,5.6121015921303e-24,"2","Wdr55"
2.59450419680276e-28,0.262024867931082,0.728,0.649,5.75902096564308e-24,"2","Mpv17l2"
2.69454204689024e-28,0.373846217064705,0.431,0.341,5.98107498148226e-24,"2","Banp"
3.13452549061878e-28,0.272869274553551,0.735,0.656,6.95770623152652e-24,"2","Sap130"
3.42813149905994e-28,0.403777306091405,0.429,0.343,7.60942348846334e-24,"2","Ftx"
4.65694962552452e-28,0.250537606792429,0.746,0.665,1.03370310837768e-23,"2","Nup188"
6.53724203521844e-28,0.438967376621905,0.344,0.261,1.45107161455744e-23,"2","Stk35"
8.06817025367336e-28,0.371737634841895,0.42,0.332,1.79089175120788e-23,"2","Rmnd1"
9.90455070277266e-28,0.345106878480135,0.521,0.434,2.19851311949445e-23,"2","Orc5"
1.1194004113365e-27,0.455429534743831,0.304,0.224,2.48473309304362e-23,"2","Hsf2"
1.14136443341456e-27,0.423229499827849,0.316,0.233,2.53348663285031e-23,"2","Tmtc4"
1.35668224297418e-27,0.270661152881224,0.674,0.585,3.01142757472978e-23,"2","Hspe1-rs1"
1.40057501324818e-27,0.297629335817395,0.586,0.496,3.108856356907e-23,"2","Fastkd2"
1.67065131480393e-27,0.267797592438605,0.687,0.607,3.70834472347028e-23,"2","Brpf1"
2.55631334027228e-27,0.301180759936801,0.562,0.471,5.67424872140239e-23,"2","Idh2"
3.83096669521751e-27,0.275704956306182,0.633,0.551,8.50359677337431e-23,"2","Cbwd1"
4.43001337560659e-27,0.418215913655798,0.362,0.281,9.83330068983395e-23,"2","Dclre1b"
7.90513665885165e-27,0.280483323751752,0.644,0.554,1.7547031841653e-22,"2","Fbxl14"
3.57760148776397e-26,0.301002284223924,0.591,0.504,7.94120202238968e-22,"2","Mfap1a"
3.61465999910294e-26,0.325373245434414,0.6,0.518,8.0234608000088e-22,"2","Comtd1"
3.79256350590823e-26,0.280683095857488,0.747,0.672,8.41835321406449e-22,"2","Klrk1"
3.91281910995323e-26,0.444724970664827,0.334,0.254,8.68528457836318e-22,"2","Dhrs13"
4.32142949612481e-26,0.365392066911835,0.403,0.317,9.59227705254824e-22,"2","Gm56549"
4.45026248994904e-26,0.281167802355845,0.644,0.557,9.87824764893988e-22,"2","Lpcat4"
5.01820983822452e-26,0.459183499516199,0.335,0.256,1.1138920377907e-21,"2","Egfl7"
5.94846865513665e-26,0.436180969789335,0.26,0.185,1.32038158738068e-21,"2","D330041H03Rik"
8.95731863479554e-26,0.372453436062465,0.439,0.357,1.98825601736557e-21,"2","Nelfcd"
1.23437837764871e-25,0.360964736861029,0.481,0.397,2.73994968486684e-21,"2","Prkab1"
1.29177850560454e-25,0.276729268823835,0.48,0.385,2.86736074889041e-21,"2","Sh3rf1"
1.4207827143409e-25,0.387323897806671,0.346,0.266,3.1537113910225e-21,"2","Tmem201"
2.54866240478656e-25,0.337060731626508,0.426,0.34,5.65726593990473e-21,"2","Tpst1"
2.71055527030155e-25,0.315805452225025,0.458,0.371,6.01661953348835e-21,"2","Nemp1"
3.19052680150937e-25,0.388542538773326,0.39,0.31,7.08201234131034e-21,"2","B3galt6"
4.2227558031026e-25,0.263562435219837,0.658,0.581,9.37325105614684e-21,"2","Pgam5"
8.87481297586419e-25,0.344613958907596,0.454,0.37,1.96994223625257e-20,"2","Manea"
9.65335989229887e-25,0.358067519560096,0.386,0.305,2.14275629529358e-20,"2","Ppargc1b"
1.02135798465325e-24,0.311838166643437,0.571,0.488,2.26710831853483e-20,"2","Atpaf2"
1.1175572521853e-24,0.450004672511159,0.322,0.248,2.48064183267571e-20,"2","Tubgcp6"
1.28791480590532e-24,0.419315256530512,0.325,0.248,2.85878449466804e-20,"2","Carmil2"
1.35492346477292e-24,0.279431193990557,0.643,0.559,3.00752361475646e-20,"2","Mmd"
1.52053731913035e-24,0.362553504805165,0.373,0.291,3.37513668727363e-20,"2","Osgin2"
1.59617385676102e-24,0.320608821524028,0.532,0.45,3.54302710985243e-20,"2","Gm56577"
1.82002352589256e-24,0.320212083210555,0.467,0.382,4.03990622042372e-20,"2","Slc39a8"
2.33037228331342e-24,0.276516349928483,0.621,0.545,5.1727273572708e-20,"2","Lrrcc1"
4.3165352092114e-24,0.381593327238944,0.412,0.336,9.58141320388655e-20,"2","Zc3h8"
6.11915166767315e-24,0.302871924846396,0.536,0.457,1.35826809567341e-19,"2","Zfp410"
6.58135965643894e-24,0.471913598643028,0.256,0.187,1.46086440293975e-19,"2","Mutyh"
6.9771837192837e-24,0.38757735114863,0.358,0.277,1.5487254701694e-19,"2","Tmed8"
1.2787880519148e-23,0.365740855766455,0.368,0.29,2.83852583883528e-19,"2","Rad9a"
2.15791550010165e-23,0.475526047498411,0.257,0.19,4.78992503557562e-19,"2","Mrnip"
2.93538172113198e-23,0.329017514254145,0.472,0.393,6.51566680639665e-19,"2","Stk3"
3.81123721426827e-23,0.261867551212949,0.551,0.463,8.45980324451128e-19,"2","Tmx4"
4.45362917095042e-23,0.367671733343701,0.281,0.208,9.88572067075864e-19,"2","Snx16"
4.83536943085301e-23,0.250755107523183,0.646,0.564,1.07330695256644e-18,"2","Snip1"
5.45202609599709e-23,0.333362967220052,0.401,0.32,1.21018623252847e-18,"2","Ppm1m"
7.78828120699451e-23,0.298876910083816,0.383,0.302,1.72876477951657e-18,"2","Zfp101"
9.63374195224073e-23,0.43442640188246,0.295,0.223,2.13840170113888e-18,"2","Rcor3"
1.28243047748252e-22,0.380808905255086,0.365,0.291,2.84661093086796e-18,"2","Hmces"
1.89248485433566e-22,0.28270316197789,0.534,0.45,4.20074863116887e-18,"2","Gon7"
2.02636077953e-22,0.381872727232979,0.399,0.322,4.49791302232274e-18,"2","Gtpbp10"
2.05029570817958e-22,0.394175629464464,0.409,0.334,4.55104138344622e-18,"2","Ccdc88a"
3.47500371289099e-22,0.277629607777737,0.526,0.445,7.71346574150414e-18,"2","St3gal3"
3.85708660520117e-22,0.27581892020536,0.484,0.399,8.56157513756505e-18,"2","Entpd5"
4.4229138115962e-22,0.278490901775751,0.54,0.461,9.81754178760009e-18,"2","Gnl1"
4.96864810701827e-22,0.252435016668013,0.566,0.491,1.10289082031484e-17,"2","Primpol"
6.0696536346405e-22,0.273790824626012,0.585,0.506,1.34728101728115e-17,"2","Prdx4"
7.25957094541239e-22,0.379674048387547,0.346,0.272,1.61140696275319e-17,"2","Cep76"
1.12440228953727e-21,0.282814921783658,0.47,0.389,2.49583576208588e-17,"2","Gpank1"
1.65290444319449e-21,0.253493199566735,0.629,0.546,3.66895199255882e-17,"2","Med9"
1.81701687177709e-21,0.367742124955291,0.362,0.289,4.03323235028361e-17,"2","Zfp692"
2.52478762989836e-21,0.360909266431169,0.342,0.268,5.60427110208538e-17,"2","Acsl1"
2.57708133296795e-21,0.282999785302677,0.492,0.41,5.72034743478895e-17,"2","Ptprs"
2.72362985902925e-21,0.343392872753296,0.411,0.335,6.04564119808722e-17,"2","Ampd2"
2.79433248929861e-21,0.309115763251,0.461,0.383,6.20257982649613e-17,"2","Qtrt2"
2.81189738241177e-21,0.462515669252026,0.253,0.189,6.2415686197394e-17,"2","Ogfod3"
2.93976924885603e-21,0.372449301618016,0.295,0.225,6.52540580168574e-17,"2","Ppfibp1"
5.3255574906501e-21,0.339739466485167,0.45,0.38,1.1821139961996e-16,"2","Spout1"
6.17409737966514e-21,0.282215768428014,0.449,0.367,1.37046439536427e-16,"2","Tfap4"
6.40502485058782e-21,0.290888676286393,0.428,0.35,1.42172336608498e-16,"2","Spice1"
6.59649722836159e-21,0.309407419291338,0.411,0.334,1.46422448977942e-16,"2","Smad1"
6.76909392092534e-21,0.273498905691596,0.53,0.449,1.5025357776278e-16,"2","Enoph1"
7.12104680885068e-21,0.411049371160242,0.304,0.234,1.58065876016059e-16,"2","H4c9"
7.73985829670736e-21,0.251313326768299,0.656,0.582,1.71801634612013e-16,"2","Coq5"
8.09007214898926e-21,0.26391788112324,0.588,0.502,1.79575331491115e-16,"2","Tspan4"
8.16185964668861e-21,0.326756129255323,0.441,0.368,1.81168798577547e-16,"2","Nme6"
8.7963518425755e-21,0.285560230133377,0.601,0.519,1.95252621849648e-16,"2","Acer3"
1.02863581079299e-20,0.300522690528881,0.485,0.409,2.2832629092172e-16,"2","Gna11"
1.06505481763473e-20,0.352224410604292,0.419,0.344,2.3641021787038e-16,"2","Slc35e1"
1.46938941476094e-20,0.292512324856788,0.457,0.381,3.26160368394485e-16,"2","Galnt12"
2.20573382155729e-20,0.294412931615337,0.49,0.413,4.89606736371072e-16,"2","Rrp12"
4.05219627074708e-20,0.364980608169819,0.357,0.285,8.9946600621773e-16,"2","Ift74"
5.93050360073441e-20,0.291467269609039,0.445,0.366,1.31639388425502e-15,"2","Echdc1"
6.01549496956821e-20,0.360855345795696,0.269,0.201,1.33525941839505e-15,"2","Alkbh2"
6.09807147311205e-20,0.260076596032681,0.513,0.436,1.35358892488668e-15,"2","Sp2"
7.022291882223e-20,0.308802973653272,0.467,0.393,1.55873812909704e-15,"2","Slc25a37"
7.54139841019189e-20,0.304943289253166,0.508,0.431,1.67396420511029e-15,"2","Htra2"
1.34983067759806e-19,0.345322012823291,0.385,0.314,2.99621915506442e-15,"2","Serp2"
2.39991978814921e-19,0.362786726289175,0.422,0.351,5.3271019537548e-15,"2","Lif"
2.56648325754699e-19,0.292145905127879,0.282,0.212,5.69682288677705e-15,"2","Kiz"
2.79657051701316e-19,0.272434224278254,0.401,0.325,6.20754757661411e-15,"2","Uck1"
2.90511923908474e-19,0.259600277000705,0.539,0.465,6.44849317499639e-15,"2","Wdr4"
2.90809256364913e-19,0.251549087831931,0.587,0.524,6.45509306353197e-15,"2","Mfsd14b"
5.70702546008059e-19,0.334525094857569,0.312,0.243,1.26678844137409e-14,"2","Tmem64"
6.80524173138126e-19,0.307931354470357,0.414,0.341,1.5105595071147e-14,"2","Slc20a2"
7.06723579498029e-19,0.351501181554982,0.36,0.292,1.56871432941178e-14,"2","Dclre1a"
8.88584517341157e-19,0.290586746745118,0.389,0.318,1.97239105314217e-14,"2","Nadk2"
1.13554189483704e-18,0.284603430569989,0.442,0.368,2.52056234396979e-14,"2","Nudt8"
1.24794114581336e-18,0.317888230111645,0.351,0.281,2.77005496136192e-14,"2","Foxred1"
1.41578059544373e-18,0.334821108472674,0.326,0.257,3.14260818770644e-14,"2","Ext1"
1.56718582103631e-18,0.390627436036423,0.278,0.215,3.47868236695429e-14,"2","Tesc"
2.01135840300296e-18,0.270427033539889,0.482,0.409,4.46461224714568e-14,"2","Poc1b"
3.1941540842932e-18,0.371224407168027,0.31,0.248,7.09006382090561e-14,"2","Gas2"
4.15985348838259e-18,0.383361018196886,0.256,0.197,9.23362678816283e-14,"2","Ints6l"
4.36714804571595e-18,0.278318119426436,0.447,0.376,9.6937585170757e-14,"2","Itpripl1"
6.34944882442136e-18,0.301488504575903,0.365,0.294,1.40938715555681e-13,"2","Hacd1"
6.55843317182369e-18,0.266450438669347,0.475,0.404,1.45577541114971e-13,"2","5730480H06Rik"
1.57737898613413e-17,0.251510198055839,0.493,0.422,3.50130813552193e-13,"2","Phactr4"
1.74329520042733e-17,0.329539672540828,0.346,0.281,3.86959235638855e-13,"2","Rhot2"
2.33173276277904e-17,0.267502210289022,0.507,0.438,5.17574721354063e-13,"2","Zfp422"
2.74305727701742e-17,0.335529294359719,0.32,0.256,6.08876423779556e-13,"2","Gm20324"
6.48964456586788e-17,0.334951176735129,0.289,0.227,1.44050640428569e-12,"2","Wrap53"
8.48394367174097e-17,0.375225004503817,0.306,0.245,1.88318097681634e-12,"2","E130308A19Rik"
1.08901597289527e-16,0.354376540069302,0.279,0.219,2.41728875503563e-12,"2","Lyrm4"
1.28768428831386e-16,0.284634084148705,0.374,0.309,2.85827281477028e-12,"2","Ccdc191"
1.96549169419462e-16,0.379220232749517,0.281,0.222,4.3628019136038e-12,"2","Arhgdig"
2.18046935750551e-16,0.299730092433351,0.409,0.345,4.83998783285497e-12,"2","Wdr53"
2.3121266323271e-16,0.275871573541329,0.314,0.25,5.13222748577647e-12,"2","Bcl9"
3.10783356666041e-16,0.350584115181852,0.252,0.193,6.89845816791611e-12,"2","Rragb"
4.92948147119315e-16,0.257295335800274,0.516,0.45,1.09419700216074e-11,"2","Slc35a4"
5.77039926926327e-16,0.257986378114433,0.495,0.427,1.28085552579837e-11,"2","Trub1"
6.63521091974235e-16,0.397078079681479,0.267,0.211,1.47281776785521e-11,"2","Stxbp4"
8.86515631058631e-16,0.279010811788035,0.334,0.272,1.96779874626084e-11,"2","Cntrob"
9.27642162004176e-16,0.299555045587893,0.418,0.356,2.05908730700067e-11,"2","Ints5"
1.3107553023908e-15,0.250201253997656,0.521,0.452,2.90948354471686e-11,"2","Qrsl1"
3.70269928551738e-15,0.256878779062237,0.441,0.377,8.21888160406293e-11,"2","Gm11508"
3.78405785069969e-15,0.250101020336091,0.458,0.393,8.3994732111981e-11,"2","Ubqln2"
9.51678309091225e-15,0.282611747411546,0.389,0.328,2.11244034268979e-10,"2","Ipmk"
1.04099208824512e-14,0.348990478654468,0.297,0.241,2.31069013827769e-10,"2","Top1mt"
1.76643567608589e-14,0.278689673102199,0.361,0.3,3.92095727020785e-10,"2","Poc1a"
1.87709040764959e-14,0.323111330990341,0.267,0.213,4.16657757785979e-10,"2","Pan2"
2.51756810917105e-14,0.37415510613811,0.279,0.224,5.58824593192697e-10,"2","Cln6"
2.90375634539913e-14,0.250915535223504,0.429,0.365,6.44546795988246e-10,"2","Nsun5"
3.01305502797296e-14,0.269363680610293,0.406,0.346,6.68807824559157e-10,"2","Tysnd1"
6.89263270488843e-14,0.269229629536212,0.364,0.308,1.52995768150408e-09,"2","Sirt3"
7.86089609979832e-14,0.297667273839282,0.305,0.248,1.74488310727223e-09,"2","Oxnad1"
8.74672902817252e-14,0.265421182297378,0.373,0.313,1.94151144238345e-09,"2","Bcl7a"
8.97273714097512e-14,0.334917089064344,0.253,0.203,1.99167846318225e-09,"2","Irf2bp1"
9.6189929332585e-14,0.259488303686493,0.405,0.346,2.13512786139539e-09,"2","Slc16a10"
9.67218934534758e-14,0.255183399986488,0.317,0.26,2.1469358689868e-09,"2","Ift80"
1.11215423958077e-13,0.252057061809193,0.444,0.387,2.46864876559743e-09,"2","Alg1"
1.86470108234803e-13,0.255807897596253,0.367,0.308,4.13907699248792e-09,"2","Afdn"
2.24930077591269e-13,0.32017941496895,0.326,0.274,4.9927729322934e-09,"2","Lrrc14"
2.8011667675714e-13,0.277609261016474,0.298,0.242,6.21774987397824e-09,"2","Pot1b"
2.85306637771081e-13,0.300212451476486,0.272,0.219,6.33295143860469e-09,"2","Ift140"
5.15482670072253e-13,0.251059219356758,0.487,0.431,1.14421688275938e-08,"2","Abitram"
5.39266672587643e-13,0.254068703027784,0.369,0.312,1.19701023314279e-08,"2","Cbx6"
6.44548615190633e-13,0.264298347520929,0.345,0.288,1.43070456113865e-08,"2","Tmem41a"
7.35971659290418e-13,0.268106853426723,0.318,0.263,1.63363629212694e-08,"2","Abhd11"
9.37618944384502e-13,0.263325477426477,0.38,0.322,2.08123277085028e-08,"2","Cers4"
9.45024905320111e-13,0.30175572965847,0.279,0.229,2.09767178233905e-08,"2","Zfp850"
1.04678760548706e-12,0.260538162969029,0.278,0.225,2.32355444789962e-08,"2","Osgepl1"
1.1729512808988e-12,0.299676663539093,0.288,0.236,2.60359995821107e-08,"2","Pusl1"
1.40971929873243e-12,0.266527040929339,0.331,0.276,3.12915392739637e-08,"2","2210408I21Rik"
1.94181168216231e-12,0.300111446191984,0.325,0.272,4.31023939089569e-08,"2","Retreg2"
2.0453202026921e-12,0.280807606437888,0.307,0.254,4.53999725391565e-08,"2","4930430F08Rik"
2.70983315644764e-12,0.30823971729071,0.251,0.203,6.01501665736683e-08,"2","Zpbp"
5.25856247408455e-12,0.282980346521795,0.262,0.21,1.16724311237255e-07,"2","Dvl2"
5.44712677913149e-12,0.28207531979821,0.361,0.305,1.20909873116382e-07,"2","Lgalsl"
6.29172304196871e-12,0.298557833317226,0.295,0.246,1.39657376362579e-07,"2","Trmt61a"
6.7880141206083e-12,0.305191705912979,0.29,0.24,1.50673549435142e-07,"2","Tchp"
1.20742032790779e-11,0.259638862690574,0.351,0.295,2.68011090185692e-07,"2","Slc25a44"
2.15186054796964e-11,0.280565612406226,0.288,0.238,4.77648485832822e-07,"2","Kmt5c"
9.90834414963047e-11,0.261956232149572,0.307,0.259,2.19935515089347e-06,"2","Pdxp"
1.05735477722423e-10,0.272349289249862,0.294,0.247,2.34701039900462e-06,"2","Lmnb2"
1.11629209477343e-10,0.284372291289947,0.265,0.22,2.47783356276857e-06,"2","Btbd8"
2.107545516105e-10,0.253500292622617,0.324,0.277,4.67811878209826e-06,"2","Tsen2"
2.1951687627307e-10,0.253693802768828,0.34,0.293,4.87261610263333e-06,"2","Mmgt1"
4.31637764723656e-10,0.254858039655234,0.311,0.263,9.581063463571e-06,"2","Mllt1"
2.14120970016655e-09,0.286089951016091,0.262,0.22,4.7528431714597e-05,"2","Nme4"
5.21687297872234e-09,0.25790636985263,0.262,0.221,0.0001157989295087,"2","Fam122b"
0,1.55612454747742,0.518,0.215,0,"3","Ung"
0,0.925122264678579,0.913,0.699,0,"3","Cdca7"
0,0.98347862716688,0.894,0.689,0,"3","Dtl"
0,0.807689663296215,0.992,0.911,0,"3","Hells"
0,0.627183507262581,0.972,0.904,0,"3","Ppat"
0,0.498118681788169,1,0.999,0,"3","Hspa8"
7.46141691469723e-313,0.449639407322119,0.997,0.987,1.65621071255534e-308,"3","Cacybp"
5.22200843997375e-307,0.358271852980786,1,1,1.15912921342097e-302,"3","Ncl"
3.70831905232358e-293,0.910456265122547,0.816,0.579,8.23135580044265e-289,"3","Cdc6"
7.27482498404662e-281,0.395669413404917,0.999,0.994,1.61479290170883e-276,"3","Hspd1"
1.67187678256251e-279,0.405441342510946,0.998,0.99,3.711064894254e-275,"3","Nop58"
2.72443421090499e-275,0.529698875141601,0.983,0.926,6.04742661794581e-271,"3","Mcm3"
2.72809431064473e-265,0.312758109112731,0.999,0.999,6.05555094133811e-261,"3","Eif3a"
1.78533603441236e-261,0.864241752128039,0.821,0.657,3.96291039558511e-257,"3","Zmynd19"
1.80225559081193e-258,0.51392135438766,0.978,0.941,4.00046673492524e-254,"3","Mcm4"
9.4784346835232e-258,0.62404361654905,0.956,0.852,2.10392814670164e-253,"3","Mcm6"
8.06639260960357e-256,0.372401996945092,0.996,0.991,1.79049716755371e-251,"3","Rsl1d1"
1.95166465674019e-244,0.416114786427277,0.996,0.975,4.3321100385662e-240,"3","Nasp"
1.80735236339062e-240,0.40504324197473,0.998,0.984,4.01178004101817e-236,"3","Ddx21"
2.56449573929954e-229,0.394816903932704,0.995,0.977,5.69241119252319e-225,"3","Nolc1"
3.89617600120649e-210,0.538620596302262,0.945,0.882,8.64834186987805e-206,"3","Casp8ap2"
1.37607888877786e-204,0.412901931317031,0.993,0.972,3.05448230942021e-200,"3","Wdr43"
3.4003238700075e-200,0.534433874779412,0.941,0.87,7.54769889425565e-196,"3","Rrs1"
2.5029607440136e-199,0.684823024375939,0.85,0.723,5.555821963487e-195,"3","Polr1g"
6.82637577377292e-197,0.449945026785658,0.986,0.965,1.51525063050438e-192,"3","Mat2a"
3.6175223006756e-196,0.351789912794427,0.996,0.988,8.02981425080963e-192,"3","Nop56"
8.88173836751871e-195,0.385161662359553,0.988,0.97,1.97147946543813e-190,"3","Dkc1"
2.83283369895876e-194,0.31587808162035,0.998,0.993,6.28804096157875e-190,"3","G3bp1"
2.0808769360279e-193,0.602091695074495,0.9,0.804,4.61892253490114e-189,"3","Cdc25a"
2.86098123342011e-190,0.525594280034605,0.945,0.866,6.35052004382263e-186,"3","Mcm2"
5.18442548216659e-190,0.327842777882819,0.999,0.997,1.15078692427652e-185,"3","Hspa5"
2.62608730217083e-189,0.561901393716831,0.977,0.935,5.82912598462859e-185,"3","Idi1"
5.9870778020814e-184,0.484071352955609,0.949,0.831,1.32895165972801e-179,"3","Uhrf1"
7.75701201035201e-183,0.268001161421957,0.997,0.995,1.72182395593784e-178,"3","Bzw1"
3.42889068575853e-175,0.284689051433569,0.999,0.993,7.61110865517822e-171,"3","Cct6a"
1.62889781300158e-173,0.302533111422459,0.997,0.993,3.61566447551962e-169,"3","Hspa4"
1.76366828690974e-173,0.400095864951719,0.983,0.938,3.91481449645355e-169,"3","Gnl3"
6.95789182492836e-172,0.345140892721777,0.995,0.984,1.54444324837935e-167,"3","Tomm5"
2.42796385811909e-170,0.832933479805432,0.673,0.493,5.38935137586693e-166,"3","Orc1"
2.64638180948192e-170,0.61222489452944,0.87,0.762,5.87417370250701e-166,"3","Slc16a1"
6.12678210331261e-169,0.408828157688726,0.984,0.958,1.3599618234723e-164,"3","Ubtf"
1.35132570835246e-164,0.435623168771343,0.952,0.912,2.99953767482995e-160,"3","Nip7"
1.14562292774671e-163,0.285820119434604,0.996,0.996,2.54293921271937e-159,"3","Sfpq"
9.28367063302475e-160,0.319162958566479,0.993,0.985,2.0606963704125e-155,"3","Llph"
4.53508626711804e-155,0.606853412902806,0.827,0.716,1.00665309871219e-150,"3","Umps"
3.03461145685898e-149,0.593462390894279,0.936,0.884,6.73592705078987e-145,"3","Cyp51"
1.44376349708578e-148,0.282957144297473,0.994,0.985,3.2047218344813e-144,"3","C1qbp"
1.59266320722888e-148,0.559058393647039,0.869,0.781,3.53523452108594e-144,"3","Snhg4"
5.54959164559405e-146,0.368206993284514,0.974,0.955,1.23184285757251e-141,"3","Gmps"
7.46268546082283e-144,0.505807125563835,0.907,0.838,1.65649229173884e-139,"3","Fasn"
3.27883443764177e-143,0.577822821985182,0.842,0.754,7.27802880123343e-139,"3","Amd1"
4.99123706675803e-142,0.467319838654035,0.913,0.834,1.10790489170828e-137,"3","Rrp15"
6.71659923769694e-142,0.260615225811096,0.996,0.991,1.49088353279159e-137,"3","Cct5"
1.79026470138086e-138,0.33916189428139,0.987,0.968,3.9738505576551e-134,"3","Rif1"
6.37212477858841e-138,0.525828904740063,0.934,0.881,1.41442053710327e-133,"3","Fdps"
6.15225436069072e-134,0.355286501490067,0.97,0.944,1.36561590044252e-129,"3","Atic"
1.40691235826917e-133,0.652249533173297,0.715,0.567,3.12292336165007e-129,"3","Chek1"
9.06696282999303e-133,0.258619593312665,0.999,0.996,2.01259373937355e-128,"3","Dynll1"
3.41168475055533e-132,0.264441191423645,0.997,0.99,7.57291664080767e-128,"3","Srsf7"
6.3831742004105e-131,0.300499230786971,0.993,0.976,1.41687317726512e-126,"3","Mybbp1a"
8.57486037749632e-129,0.426672387176369,0.928,0.869,1.90336175799286e-124,"3","Ndufaf4"
4.80864180858358e-128,0.391052359368785,0.964,0.949,1.0673742222513e-123,"3","Snhg3"
1.27412247790829e-127,0.341915742151847,0.98,0.963,2.82816966421304e-123,"3","Rdx"
1.40820825763449e-124,0.464243135896776,0.907,0.847,3.12579986947127e-120,"3","Fam136a"
5.01422534743375e-123,0.30018332596271,0.987,0.978,1.11300760036987e-118,"3","Cdv3"
1.00886888973062e-122,0.306242761362302,0.989,0.97,2.23938627453505e-118,"3","Gtpbp4"
2.57832449527099e-121,0.418259634680182,0.936,0.887,5.72310688215303e-117,"3","Mcmbp"
3.89881222551271e-121,0.312281908710296,0.989,0.979,8.65419349697057e-117,"3","Tomm70a"
1.15603568512525e-120,0.557624786308558,0.796,0.681,2.56605241027252e-116,"3","Arl6ip6"
1.31763184830715e-118,0.466118486370832,0.903,0.825,2.92474741368737e-114,"3","Tmem97"
1.58837731087855e-118,0.332100324988107,0.982,0.963,3.52572111695711e-114,"3","Larp4"
4.37459005911489e-118,0.409341694873299,0.926,0.835,9.71027755421732e-114,"3","Mcm7"
1.38549080010879e-115,0.358119818514529,0.963,0.935,3.07537392900147e-111,"3","Snrpa"
1.81133328813715e-115,0.2754693403883,0.992,0.978,4.02061649967803e-111,"3","Ebna1bp2"
2.45785813103106e-115,0.330410803984738,0.973,0.954,5.45570769344964e-111,"3","Ddx18"
8.34218460037351e-115,0.420239543246133,0.921,0.884,1.85171471574491e-110,"3","Rbmxl1"
1.04278715121736e-113,0.252192939634334,0.999,0.992,2.31467463955718e-109,"3","Srsf2"
1.01060738957682e-112,0.278455518012767,0.989,0.987,2.24324522264367e-108,"3","Dnaja2"
3.35801444959589e-111,0.264618209815296,0.993,0.988,7.453784673768e-107,"3","Eif5b"
5.39581068400653e-111,0.463668744326836,0.843,0.725,1.19770809752893e-106,"3","Rpa2"
1.23181616447645e-107,0.333908157612044,0.971,0.939,2.73426234028837e-103,"3","Nsun2"
3.35502275898294e-107,0.552159794137652,0.745,0.609,7.44714401811444e-103,"3","Cdt1"
3.45516408727266e-106,0.433879849035701,0.892,0.821,7.66942772451913e-102,"3","Tsr1"
5.95629426633368e-106,0.289474688386855,0.989,0.984,1.32211863829809e-101,"3","Ddx24"
8.66099177631756e-105,0.490751741959132,0.838,0.736,1.92248034458921e-100,"3","Rfc3"
3.36256168674472e-104,0.527739033327472,0.789,0.694,7.46387817606727e-100,"3","Ccdc86"
9.88664214042717e-104,0.460308486964995,0.874,0.801,2.19453795591062e-99,"3","Dhcr24"
3.38833713410318e-102,0.337875994021135,0.957,0.922,7.52109193656884e-98,"3","Nifk"
1.23390856342326e-101,0.28613877275824,0.988,0.965,2.73890683823062e-97,"3","Lyar"
2.73675658081289e-101,0.27726650991496,0.985,0.975,6.07477858243036e-97,"3","Bzw2"
7.85516927730483e-101,0.371611916343773,0.954,0.917,1.74361192448335e-96,"3","Tuba4a"
4.43689130108028e-99,0.359648590614789,0.935,0.901,9.8485676210079e-95,"3","Nus1"
1.16925259567555e-98,0.373765874513491,0.929,0.877,2.59538998662101e-94,"3","Timm9"
4.80327012681744e-98,0.375978270773101,0.915,0.822,1.06618187004967e-93,"3","Mcm5"
1.2299504652536e-96,0.306098466383872,0.976,0.952,2.73012104772342e-92,"3","Sdf2l1"
2.40394377521381e-96,0.278980084363514,0.984,0.966,5.33603399784209e-92,"3","Ppa1"
1.24533530579136e-95,0.388181736227997,0.896,0.819,2.76427077826508e-91,"3","Srm"
2.3911743051751e-95,0.265713455560619,0.989,0.976,5.30768960519717e-91,"3","Abce1"
4.06718326222474e-95,0.298218965482285,0.981,0.96,9.02792668716026e-91,"3","Eif1a"
1.29472408704198e-94,0.3233042848475,0.972,0.954,2.87389905600708e-90,"3","Ipo7"
6.05040419421238e-94,0.326833942691223,0.958,0.925,1.34300821898932e-89,"3","Noc2l"
1.16287434688312e-93,0.324442261101011,0.963,0.946,2.58123218777647e-89,"3","Dnttip2"
2.03085935700423e-93,0.301291209511248,0.99,0.973,4.50789851474229e-89,"3","Ppm1g"
4.1120264095318e-93,0.364351002412213,0.926,0.884,9.12746502123774e-89,"3","Eif3j1"
1.17612738301724e-92,0.482418365362537,0.791,0.714,2.61064995208336e-88,"3","Naf1"
5.32124711304813e-92,0.276907928575345,0.982,0.932,1.18115722168329e-87,"3","Slbp"
7.00699772023824e-91,0.260662778738577,0.992,0.975,1.55534328396128e-86,"3","Odc1"
3.77170365406148e-90,0.316142151790217,0.952,0.935,8.37205060092026e-86,"3","Rars"
8.28812081014301e-89,0.390630305388025,0.88,0.829,1.83971417622744e-84,"3","Usp10"
3.10226459890416e-88,0.317024402835417,0.958,0.918,6.88609673018756e-84,"3","Mrto4"
7.83987014892179e-88,0.263356779535784,0.979,0.962,1.74021597695617e-83,"3","Mrpl12"
9.51441610819033e-87,0.607830229203238,0.596,0.452,2.11191494353501e-82,"3","Ccne2"
1.14731412995899e-86,0.338840161629395,0.943,0.916,2.54669317426998e-82,"3","Polr1f"
3.7209881930036e-85,0.541873129335632,0.677,0.564,8.2594774920101e-81,"3","Msh6"
5.24029372956187e-85,0.334781201385474,0.939,0.911,1.16318799915085e-80,"3","Bri3bp"
1.12805215882536e-84,0.478571852746719,0.758,0.651,2.50393737694466e-80,"3","Wdhd1"
6.39220882571054e-84,0.374801842953858,0.884,0.84,1.41887859304297e-79,"3","Mtap"
1.47287477539619e-83,0.320329004986494,0.944,0.91,3.26934013894692e-79,"3","Rpf2"
4.31608636574013e-83,0.250206839070791,0.989,0.98,9.58041690603336e-79,"3","Zranb2"
5.8990639877733e-83,0.299380975762608,0.961,0.936,1.30941523336604e-78,"3","Wdr75"
6.71380006497451e-83,0.664567492569459,0.529,0.394,1.49026220042239e-78,"3","E2f1"
3.56712523832178e-82,0.45321245012101,0.783,0.697,7.91794789150284e-78,"3","Nop2"
4.06920594558401e-82,0.392230229248495,0.872,0.831,9.03241643741283e-78,"3","Thap12"
8.04091712466042e-82,0.328376886900943,0.962,0.952,1.78484237416087e-77,"3","Nufip2"
2.64139609974143e-81,0.329054411849229,0.922,0.877,5.86310692259606e-77,"3","Nop16"
8.93285210594985e-81,0.306694598270818,0.947,0.932,1.98282518195769e-76,"3","Chd1"
1.04179872871732e-80,0.322442527400975,0.95,0.924,2.31248063813383e-76,"3","Cebpz"
2.78546999598283e-80,0.310912145902863,0.952,0.927,6.18290775008309e-76,"3","Ppid"
5.27053474226966e-80,0.306002947630788,0.946,0.91,1.1699005967416e-75,"3","Fkbp4"
2.06812625274677e-78,0.282706449991107,0.952,0.882,4.590619843222e-74,"3","Orc6"
2.23505826205714e-78,0.407700494982479,0.846,0.793,4.96115882428823e-74,"3","Pttg1"
5.76319375992059e-78,0.271210572539827,0.978,0.958,1.27925611888957e-73,"3","Strap"
5.9904955355366e-78,0.43641553405098,0.806,0.737,1.32971029402306e-73,"3","Pus7"
8.91282379210731e-78,0.254021454549032,0.965,0.948,1.97837949713406e-73,"3","1110038B12Rik"
3.43591022684901e-77,0.305314116316633,0.947,0.915,7.62668993053675e-73,"3","Nop14"
6.77393755461057e-77,0.311639132539613,0.938,0.898,1.50361091899691e-72,"3","Wdr12"
7.9801820382967e-77,0.32653805015639,0.944,0.931,1.77136100704072e-72,"3","Tcf20"
9.80594666085488e-77,0.32340954276379,0.943,0.906,2.17662598030996e-72,"3","Ftsj3"
3.17646415691463e-76,0.325154320723862,0.921,0.874,7.0507974891034e-72,"3","Gart"
1.49473532393669e-75,0.256906044133468,0.975,0.952,3.31786399854226e-71,"3","Naa50"
1.5689248901473e-75,0.32314305518996,0.925,0.876,3.48254257865996e-71,"3","Apex1"
1.71218402560074e-74,0.258226708435941,0.981,0.964,3.80053488162597e-70,"3","Kmt5a"
2.3476931284378e-74,0.348546494474132,0.901,0.856,5.21117443719339e-70,"3","Dis3"
3.64280754896497e-74,0.41547978257437,0.895,0.842,8.08593991643754e-70,"3","Myc"
6.34104717316816e-74,0.310634881860582,0.952,0.937,1.40752224102814e-69,"3","Atp13a3"
5.57983252461751e-73,0.324282172589321,0.923,0.894,1.23855542548935e-68,"3","Ivns1abp"
3.17899840773322e-72,0.323234544721144,0.932,0.901,7.05642276564542e-68,"3","Trnt1"
7.85086778714532e-72,0.257409863375037,0.973,0.961,1.74265712271265e-67,"3","Adss"
1.77785750205369e-71,0.272461342869466,0.967,0.942,3.94631029730857e-67,"3","Pabpc4"
9.69156199277659e-71,0.437626067806624,0.748,0.645,2.15123601553662e-66,"3","Chaf1a"
6.48988858221696e-69,0.2599168078715,0.966,0.942,1.4405605685947e-64,"3","Pum3"
6.74629310586464e-69,0.314043884652373,0.941,0.909,1.49747468070877e-64,"3","Acsl5"
2.228134154499e-68,0.54213932831233,0.635,0.544,4.94578938274142e-64,"3","Helq"
6.87922560293489e-68,0.399013500165736,0.841,0.775,1.52698170708346e-63,"3","Elovl6"
1.0533901028308e-67,0.275263838970698,0.955,0.938,2.33821001125352e-63,"3","Api5"
4.69856142694024e-67,0.401035261147073,0.821,0.756,1.04293967993793e-62,"3","Ccnb2"
1.04283585003952e-66,0.374860842480419,0.824,0.758,2.31478273633272e-62,"3","Chchd4"
1.74460713732132e-66,0.302246522312398,0.936,0.908,3.87250446271212e-62,"3","Wdr3"
1.74800172284446e-66,0.64422427814419,0.498,0.394,3.88003942419784e-62,"3","Epop"
2.4169510696536e-65,0.385057028802771,0.803,0.736,5.36490628931009e-61,"3","Znhit6"
2.50310998821137e-65,0.369058884819209,0.829,0.77,5.55615324083278e-61,"3","Usp37"
6.56614886109174e-65,0.385679507710703,0.83,0.757,1.45748806269653e-60,"3","Ctps"
7.62771735683762e-65,0.54570199937451,0.59,0.492,1.69312442169725e-60,"3","Scarb1"
1.17375174160182e-64,0.330452499527804,0.873,0.833,2.60537674083356e-60,"3","Knop1"
2.5029384833833e-64,0.566943684476955,0.588,0.498,5.55577255156592e-60,"3","Sigmar1"
2.61145203320782e-64,0.470304856554843,0.777,0.719,5.7966400781114e-60,"3","Sc5d"
5.34506664431942e-64,0.311426883047221,0.907,0.866,1.18644444303958e-59,"3","Abcf2"
6.91528848405503e-64,0.375842391368841,0.838,0.788,1.53498658480569e-59,"3","A630089N07Rik"
8.26148018319601e-64,0.334954456298054,0.874,0.839,1.83380075626402e-59,"3","Nup54"
1.3623075984614e-63,0.274561137472616,0.944,0.916,3.02391417630476e-59,"3","Rsl24d1"
6.59069696456537e-63,0.475879993769898,0.649,0.561,1.46293700522457e-58,"3","Pcgf6"
7.00616071139084e-63,0.645778894348221,0.555,0.454,1.55515749310742e-58,"3","Acsl3"
1.14473129710279e-62,0.54986511590339,0.538,0.425,2.54096006017907e-58,"3","Chaf1b"
3.28630595238284e-62,0.505188667927382,0.602,0.498,7.29461332250419e-58,"3","Grwd1"
9.78840485132394e-61,0.254102445080857,0.967,0.954,2.17273222484838e-56,"3","Rad23b"
1.67486446042878e-60,0.426480581572607,0.689,0.59,3.71769664281377e-56,"3","Timeless"
2.09647235949173e-60,0.277469987130682,0.939,0.906,4.6535396963638e-56,"3","Rrp1b"
3.76946022643013e-60,0.308628299085784,0.893,0.843,8.36707086460696e-56,"3","Atad3a"
3.98978021197238e-60,0.360440266301419,0.847,0.806,8.85611513651509e-56,"3","Cenpa"
4.9081347361021e-60,0.323792871894716,0.887,0.845,1.08945866737258e-55,"3","Hsph1"
5.52020252103946e-60,0.324406614520907,0.89,0.839,1.22531935359513e-55,"3","Sdad1"
6.63920805056099e-60,0.323596759899651,0.9,0.847,1.47370501098302e-55,"3","Gpatch4"
1.01318218630426e-59,0.279096302411049,0.936,0.92,2.24896049893957e-55,"3","Thumpd1"
2.30363966853832e-59,0.274105083200517,0.937,0.908,5.11338897225451e-55,"3","Utp18"
3.38963540021906e-59,0.398262137731721,0.782,0.73,7.52397369786626e-55,"3","Tma16"
2.43643309132486e-58,0.589789569979924,0.51,0.406,5.40815053281379e-54,"3","Slfn3"
4.35552290497032e-56,0.622243762557163,0.602,0.521,9.66795419216261e-52,"3","Insig1"
1.0187936259908e-55,0.40216364434792,0.768,0.696,2.26141621161178e-51,"3","Nefh"
1.76867840960975e-55,0.29700801991601,0.908,0.874,3.92593546581075e-51,"3","Aatf"
2.41533675841815e-55,0.515716887508614,0.594,0.499,5.36132300266077e-51,"3","Cgas"
2.56667117988224e-55,0.518887182967556,0.829,0.796,5.69724001798461e-51,"3","Hmgcs1"
3.24072958584479e-55,0.253371930301379,0.944,0.927,7.19344746169967e-51,"3","Rpl7l1"
2.06778380968847e-54,0.333015260417694,0.833,0.79,4.5898597223655e-50,"3","Nampt"
6.0042389764845e-54,0.352888435907117,0.817,0.761,1.33276092561027e-49,"3","Pinx1"
6.78240193873316e-54,0.402434307281863,0.719,0.652,1.5054897583406e-49,"3","Msh2"
1.46953343490011e-53,0.579699224384876,0.527,0.434,3.26192336544778e-49,"3","Acat2"
5.71754322345004e-53,0.739267822079306,0.475,0.383,1.2691230693092e-48,"3","Ccnb1ip1"
1.26714648221969e-52,0.344752344368771,0.815,0.772,2.81268504658304e-48,"3","Ints7"
1.58008004087636e-52,0.568026138536352,0.521,0.419,3.50730366673326e-48,"3","Fads2"
3.47003570867604e-52,0.284773787618611,0.912,0.871,7.70243826254821e-48,"3","Mettl16"
3.6919102542671e-52,0.427050794780822,0.671,0.592,8.19493319139669e-48,"3","Dnaaf2"
8.45121388478516e-52,0.328463911427119,0.841,0.801,1.87591594600576e-47,"3","Krr1"
9.84175730494949e-52,0.884959553214105,0.315,0.22,2.18457486897964e-47,"3","Utp14b"
5.65054909791603e-51,0.664090980563736,0.433,0.339,1.25425238326442e-46,"3","Tpst1"
1.772963621695e-50,0.390799334563283,0.731,0.663,3.9354473510764e-46,"3","Rcl1"
1.99841657422268e-50,0.356752242575601,0.771,0.707,4.43588526980208e-46,"3","Cdca7l"
2.05964758112195e-50,0.392483516643758,0.718,0.663,4.57179973581639e-46,"3","Ptrh2"
4.49955329795403e-50,0.305519365684572,0.891,0.856,9.98765845546855e-46,"3","Nol8"
7.69305057553557e-50,0.307859361882997,0.889,0.858,1.70762643625163e-45,"3","Nufip1"
8.90571296537131e-50,0.453312848235741,0.633,0.557,1.97680110692347e-45,"3","St6galnac4"
1.00011575557342e-49,0.32473405512465,0.821,0.764,2.21995694264632e-45,"3","Ifrd2"
1.11673236558568e-49,0.33383777064801,0.826,0.796,2.47881083189053e-45,"3","Nom1"
1.64921269410487e-49,0.261159448402986,0.915,0.891,3.66075741710458e-45,"3","Psmd3"
2.21947757146636e-49,0.811693483900066,0.34,0.244,4.92657436538387e-45,"3","Scd1"
3.02058567787891e-49,0.332161133855139,0.811,0.77,6.70479402918781e-45,"3","Gemin5"
3.40902817224186e-49,0.298363578917172,0.833,0.766,7.56701983392525e-45,"3","Ppan"
6.53206596418939e-49,0.347433928768867,0.74,0.653,1.44992268207112e-44,"3","Shmt1"
6.55935061342902e-49,0.254624930829575,0.92,0.896,1.45597905566284e-44,"3","Kpna3"
1.03877242423825e-48,0.254810170699357,0.916,0.896,2.30576315008163e-44,"3","Mapk1ip1l"
1.12508320467005e-48,0.260751979851116,0.916,0.891,2.49734718940611e-44,"3","Hdac2"
1.32371699844702e-48,0.661493813929334,0.401,0.302,2.93825462145286e-44,"3","Ppargc1b"
1.41927427482192e-48,0.265219166024176,0.925,0.889,3.15036310782221e-44,"3","Orc2"
2.72633950490508e-48,0.527530316375326,0.513,0.423,6.0516557990378e-44,"3","Dancr"
1.31296691691853e-47,0.333018136700985,0.909,0.897,2.91439266548406e-43,"3","Hmgcr"
1.76757862913247e-47,0.250064420477647,0.939,0.912,3.92349428308534e-43,"3","2810004N23Rik"
1.97486985010753e-47,0.347191102366867,0.804,0.767,4.38361860628369e-43,"3","Zbtb11"
2.97140209917109e-47,0.323795015385401,0.821,0.79,6.59562123953007e-43,"3","Prkar2a"
7.93287382051218e-47,0.347159711573951,0.76,0.718,1.76086000193909e-42,"3","Ppp1r8"
1.79463949770619e-46,0.374784001706494,0.762,0.719,3.98356129305843e-42,"3","Stard4"
2.21610821836173e-46,0.322565484760871,0.861,0.84,4.91909541229752e-42,"3","Acly"
2.72679499909353e-46,0.2683640690392,0.895,0.874,6.0526668594879e-42,"3","Sf3b4"
6.27471482503699e-46,0.270410316101496,0.891,0.857,1.39279844971346e-41,"3","Sinhcaf"
7.58687173010211e-46,0.398050001637192,0.65,0.576,1.68405791793077e-41,"3","Pole2"
1.18525623600578e-45,0.348180730518582,0.723,0.664,2.63091326706204e-41,"3","Wdr77"
1.27541413355586e-45,0.355172303082069,0.736,0.678,2.83103675225394e-41,"3","Grsf1"
1.61930959371053e-45,0.367410108910553,0.729,0.684,3.59438150515927e-41,"3","Trim25"
2.45571488520937e-45,0.757220872661721,0.288,0.197,5.45095033069925e-41,"3","Alkbh2"
2.58670138168727e-45,0.49346730688485,0.547,0.468,5.74170105693124e-41,"3","Them6"
3.3354187378297e-45,0.519759622869838,0.524,0.434,7.40362897236058e-41,"3","Simc1"
1.7774607937937e-44,0.447028166302612,0.61,0.539,3.94542972398388e-40,"3","Noa1"
1.9542207111518e-44,0.382099262594811,0.691,0.635,4.33778371254364e-40,"3","Cluh"
2.19391317350846e-44,0.298245452182347,0.804,0.756,4.86982907123674e-40,"3","Gcsh"
2.60320385317826e-44,0.386070108922875,0.686,0.621,5.77833159289977e-40,"3","Ccdc85b"
2.73783133918958e-44,0.289173351227939,0.84,0.815,6.07716422359912e-40,"3","Adsl"
3.62844541394671e-44,0.273148431737905,0.862,0.832,8.05406028533751e-40,"3","Pdcd11"
1.42709191220843e-43,0.322377680808356,0.8,0.757,3.16771591752906e-39,"3","Rcn1"
2.47134360141211e-43,0.250214938307024,0.914,0.902,5.48564139205446e-39,"3","Skic8"
6.09744971613774e-43,0.274713401931385,0.85,0.803,1.35345091349109e-38,"3","Slf1"
6.93270967545301e-43,0.306786605448274,0.819,0.784,1.5388535666603e-38,"3","Mrpl19"
8.74423076766813e-43,0.273303760577493,0.907,0.905,1.94095690349929e-38,"3","Znrf3"
1.32076074393298e-42,0.352814566871359,0.723,0.667,2.93169262330803e-38,"3","Srfbp1"
1.91649014105461e-42,0.536912016117368,0.492,0.41,4.25403316609892e-38,"3","Fnip2"
3.25720888663609e-42,0.422658403340522,0.601,0.535,7.23002656566613e-38,"3","Pycrl"
7.91887962573776e-42,0.521706632725013,0.453,0.367,1.75775371052501e-37,"3","Tfap4"
9.16386658289908e-42,0.276716286093687,0.835,0.779,2.03410346540611e-37,"3","Mms22l"
1.72276382136221e-41,0.292733223557224,0.832,0.797,3.8240188542777e-37,"3","Nudt19"
1.80454182473367e-41,0.543459520248393,0.494,0.406,4.00554148836133e-37,"3","Alpl"
2.98752323513485e-41,0.267070094735569,0.873,0.843,6.63140532502882e-37,"3","Xpo4"
3.70060388343662e-41,0.464774097621943,0.738,0.7,8.21423044006426e-37,"3","Msmo1"
3.9053350513257e-41,0.256520411417154,0.898,0.881,8.66867221342765e-37,"3","Nmd3"
2.64305165880019e-40,0.402021297498482,0.629,0.57,5.86678176703879e-36,"3","Dbr1"
2.69405774380464e-40,0.260202979666391,0.887,0.851,5.97999997392316e-36,"3","Eif2b3"
6.67122320729786e-40,0.305068562979429,0.82,0.79,1.48081141532391e-35,"3","Cand1"
8.28951501721044e-40,0.705295504046613,0.326,0.245,1.8400236483702e-35,"3","Klf16"
3.03619426316534e-39,0.278493858557169,0.843,0.802,6.7394404059481e-35,"3","Mthfd1"
4.77101900923783e-39,0.264746320577679,0.85,0.803,1.05902308948052e-34,"3","Rrp9"
5.70557944242226e-39,0.371861460468917,0.665,0.602,1.26646746883447e-34,"3","Endog"
1.07321269878227e-38,0.513852935882695,0.599,0.551,2.382210227487e-34,"3","Pmvk"
9.78792843184449e-38,0.545193807467065,0.438,0.359,2.17262647401652e-33,"3","Slc35f2"
9.79951113861499e-38,0.503195603484795,0.46,0.383,2.17519748743837e-33,"3","Lrrc42"
1.14039759717371e-37,0.369782117863349,0.647,0.589,2.53134054644648e-33,"3","Rev1"
2.06694183926906e-37,0.441921010542259,0.715,0.7,4.58799080062553e-33,"3","Cdc20"
2.08945397599334e-37,0.45927669211944,0.517,0.443,4.63796099051241e-33,"3","Dna2"
2.36148834293956e-37,0.349575119961592,0.702,0.652,5.24179567482294e-33,"3","Eif3j2"
2.73705953520242e-37,0.38401385126176,0.615,0.563,6.07545105028882e-33,"3","Minpp1"
2.9427964830404e-37,0.300680473235164,0.786,0.742,6.53212535340477e-33,"3","Hyou1"
3.56958594991738e-37,0.280062975490996,0.725,0.641,7.92340993303161e-33,"3","Mcm10"
4.86920739232056e-37,0.400828597895406,0.552,0.477,1.0808179648734e-32,"3","Slc19a1"
1.73835882817978e-36,0.27851821122454,0.796,0.752,3.85863509091067e-32,"3","Nol9"
4.42579754233971e-36,0.329925980826845,0.729,0.669,9.82394280473144e-32,"3","Jaml"
5.54773804573296e-36,0.284354688742017,0.75,0.703,1.23143141401135e-31,"3","Heatr3"
6.86223614091735e-36,0.506057084446266,0.435,0.356,1.52321055619942e-31,"3","Slc25a33"
7.00724887440749e-36,0.322131193061848,0.763,0.714,1.55539903265223e-31,"3","Sqle"
1.08425282038866e-35,0.264320553649118,0.83,0.8,2.40671598541672e-31,"3","Rabggtb"
1.2003170888579e-35,0.4148518609621,0.564,0.502,2.66434384213787e-31,"3","Josd1"
1.59647022149097e-35,0.309795004867238,0.796,0.761,3.54368495064351e-31,"3","Eif2ak2"
3.06456944961604e-35,0.259081971887693,0.884,0.855,6.80242480731273e-31,"3","Rbm34"
1.4948576991144e-34,0.286702482789458,0.768,0.742,3.31813563472422e-30,"3","Pus1"
2.54705466097088e-34,0.355221127390252,0.63,0.564,5.65369723095706e-30,"3","Zfp367"
2.63512889983222e-34,0.445221334797108,0.611,0.559,5.84919561895758e-30,"3","Nsdhl"
3.62179878846649e-34,0.47542961443496,0.628,0.589,8.03930677075907e-30,"3","Fdft1"
5.03528549091826e-34,0.324479525244455,0.712,0.67,1.11768232041913e-29,"3","Pop1"
5.52492651354141e-34,0.361217932921478,0.648,0.594,1.22636793821079e-29,"3","Slc25a32"
6.02713660377761e-34,0.257765199748232,0.854,0.843,1.33784351194052e-29,"3","Lrrc58"
6.30031140060449e-34,0.366518635516322,0.591,0.526,1.39848012159218e-29,"3","Etaa1"
7.88555354512618e-34,0.284484696979993,0.748,0.696,1.75035632041166e-29,"3","Rnf168"
1.10143018761795e-33,0.332191222503793,0.88,0.843,2.44484458745556e-29,"3","Ifi27l2a"
1.25393379181751e-33,0.365670664659794,0.607,0.547,2.78335683769733e-29,"3","Spryd7"
1.49822848027229e-33,0.28104251974782,0.78,0.748,3.32561775766041e-29,"3","Fam98a"
3.39996671165837e-33,0.287998665470594,0.782,0.749,7.54690610986809e-29,"3","Polr1a"
4.48240410753029e-33,0.40387718448022,0.558,0.505,9.94959239748499e-29,"3","Carm1"
6.13865528005525e-33,0.294226663100943,0.741,0.692,1.36259731251386e-28,"3","Noc3l"
6.5683635585045e-33,0.377499594162238,0.64,0.596,1.45797965908124e-28,"3","Txndc5"
8.10758779557806e-33,0.393489287462123,0.56,0.501,1.79964126298446e-28,"3","Bid"
1.45931534102227e-32,0.304999929070332,0.722,0.68,3.23924226246713e-28,"3","Nat10"
2.39760538776218e-32,0.340631282013987,0.65,0.608,5.3219646792157e-28,"3","Ppif"
2.9338514684154e-32,0.254668487234054,0.855,0.833,6.51227010444167e-28,"3","Heatr1"
4.57680360128582e-32,0.317739696317081,0.674,0.628,1.01591309537741e-27,"3","Kti12"
8.3451368064852e-32,0.317837435007134,0.686,0.625,1.85237001693552e-27,"3","Lrp8"
9.07032265963155e-32,0.312430432926335,0.699,0.658,2.01333952075842e-27,"3","Obi1"
1.40670833301187e-31,0.330708840877527,0.66,0.605,3.12247048678645e-27,"3","Pprc1"
1.7405945337455e-31,0.461278114123997,0.53,0.462,3.86359768655489e-27,"3","Calhm6"
3.1089094054626e-31,0.269298682904303,0.607,0.527,6.90084620730534e-27,"3","Ighm"
3.53211056057503e-31,0.278872240025118,0.731,0.676,7.84022581130839e-27,"3","Pola2"
3.57339341136312e-31,0.2678462995659,0.773,0.742,7.93186135520271e-27,"3","Mrpl50"
4.19798944583213e-31,0.260548992514071,0.828,0.805,9.31827717291357e-27,"3","Phax"
5.2626391499781e-31,0.260375334717329,0.786,0.75,1.16814801212064e-26,"3","Timm10"
2.06534558849456e-30,0.40606200122178,0.587,0.544,4.58444760278137e-26,"3","Taf7"
2.50564756997707e-30,0.279646959045433,0.693,0.635,5.5617859110781e-26,"3","Zgrf1"
2.78692294143165e-30,0.697451211564943,0.271,0.201,6.18613285309584e-26,"3","Bag2"
5.87945679345354e-30,0.287271157890802,0.783,0.74,1.30506302444288e-25,"3","Ly9"
6.31475114483206e-30,0.422352159987248,0.517,0.46,1.40168531161837e-25,"3","Riox1"
7.90235880009516e-30,0.29025906877406,0.74,0.718,1.75408658285712e-25,"3","Tomm34"
9.03574813207956e-30,0.254282844893548,0.813,0.786,2.0056650128777e-25,"3","Isg20l2"
9.7636352641163e-30,0.357483591704688,0.549,0.481,2.16723411957589e-25,"3","Gins1"
3.07045526405446e-29,0.455165932697374,0.452,0.382,6.81548954962169e-25,"3","Slc35g1"
5.13866096581092e-29,0.326041516812532,0.644,0.597,1.14062857458105e-24,"3","Exosc2"
8.86813367272468e-29,0.299372595789257,0.71,0.675,1.9684596313347e-24,"3","Smyd2"
1.46454760991061e-28,0.368668996824699,0.569,0.505,3.25085632971858e-24,"3","Car12"
2.55578502706637e-28,0.343321314284715,0.641,0.604,5.67307602457922e-24,"3","Morc2a"
3.21244090865104e-28,0.252884614151424,0.754,0.722,7.13065508493272e-24,"3","Dnajc11"
3.9229558636396e-28,0.272953527202845,0.764,0.733,8.70778513052082e-24,"3","Jagn1"
5.32766559388377e-28,0.571195709926286,0.342,0.274,1.18258193187438e-23,"3","Pdp2"
5.73770399950428e-28,0.479415114871585,0.477,0.399,1.27359815676997e-23,"3","Gm4951"
1.11686220555239e-27,0.285956642030535,0.69,0.652,2.47909903766464e-23,"3","Rrp7a"
1.16451553274371e-27,0.29040438442254,0.708,0.672,2.58487512803121e-23,"3","Ing5"
1.61763267692018e-27,0.269322727571792,0.756,0.72,3.59065925295972e-23,"3","Ankrd28"
2.47020503346815e-27,0.302481044953206,0.707,0.676,5.48311411278925e-23,"3","Nbn"
2.67748365178166e-27,0.280137310786316,0.763,0.744,5.94321046185974e-23,"3","Pnp"
3.15891622904236e-27,0.292603166096452,0.782,0.765,7.01184635360534e-23,"3","Rnf213"
4.01414530846385e-27,0.281848110352138,0.715,0.678,8.91019834119721e-23,"3","Nopchap1"
7.0618690232716e-27,0.341476457300596,0.58,0.524,1.5675230670956e-22,"3","Acer3"
1.69765325757069e-26,0.314440897649731,0.708,0.677,3.76828093582966e-22,"3","Gpn1"
1.80388239977432e-26,0.411212897015925,0.481,0.422,4.00407776277907e-22,"3","Pus3"
3.23626865074008e-26,0.272902288552934,0.713,0.678,7.18354552404775e-22,"3","Isyna1"
4.98116216570488e-26,0.272391386895256,0.774,0.754,1.10566856592151e-21,"3","Ccdc127"
1.2395134294457e-25,0.283139794437046,0.62,0.557,2.75134795934063e-21,"3","Exo1"
1.7477765108707e-25,0.298457491641449,0.729,0.684,3.87953952117969e-21,"3","Irgm1"
2.56475677308743e-25,0.349521320181145,0.595,0.557,5.69299060922217e-21,"3","Zfp961"
2.98816387730978e-25,0.256029906315207,0.773,0.752,6.63282735846453e-21,"3","Slc39a7"
3.66465362963617e-25,0.40967053030637,0.506,0.457,8.13443166170341e-21,"3","Gcfc2"
4.35481620156734e-25,0.339237784355327,0.577,0.532,9.66638552261903e-21,"3","Yars2"
4.68495384328434e-25,0.49245042281803,0.491,0.42,1.03991920459383e-20,"3","Iigp1"
9.19889435389683e-25,0.54995175663478,0.318,0.257,2.04187857973448e-20,"3","Pdxp"
1.33438606703673e-24,0.26590131598389,0.695,0.658,2.96193675300143e-20,"3","Usp36"
1.41061221356818e-24,0.283772126292004,0.867,0.852,3.13113593045728e-20,"3","Ifi47"
1.97586724119592e-24,0.338014611187122,0.571,0.535,4.38583251528259e-20,"3","2300009A05Rik"
2.07052764915129e-24,0.39237374313995,0.505,0.457,4.59595022282111e-20,"3","Pelo"
3.12117807143566e-24,0.270855875264722,0.675,0.645,6.92807896516574e-20,"3","Nsmce3"
3.36938880896856e-24,0.318619990386984,0.625,0.588,7.4790323392675e-20,"3","Tada2a"
3.63734210665221e-24,0.31282429726994,0.588,0.542,8.07380827413592e-20,"3","Abhd17c"
4.6111550311825e-24,0.373551846667283,0.537,0.481,1.02353808227158e-19,"3","Cdkn3"
6.52473712573127e-24,0.587961407517182,0.295,0.234,1.44829589979857e-19,"3","Mettl13"
7.54891355272813e-24,0.481617523179978,0.36,0.299,1.67563234129906e-19,"3","Spire1"
2.64717255858175e-23,0.528292038457231,0.304,0.241,5.87592892828392e-19,"3","Tarbp1"
2.89950932285662e-23,0.279397361711771,0.695,0.679,6.43604084394483e-19,"3","Pwp1"
3.52186879209284e-23,0.36153492975147,0.493,0.438,7.81749215780849e-19,"3","Polr1b"
4.78238434215862e-23,0.274152500329038,0.684,0.654,1.06154585242895e-18,"3","Surf6"
6.98290304621758e-23,0.273000448699136,0.65,0.612,1.54999498916892e-18,"3","Utp25"
8.1022385130226e-23,0.311755225895652,0.569,0.522,1.79845388273563e-18,"3","Ydjc"
9.03857599095213e-23,0.287937566089226,0.632,0.592,2.00629271271164e-18,"3","Noct"
1.80185371760413e-22,0.294272241083603,0.615,0.572,3.99957469696588e-18,"3","Msh3"
4.23745132876769e-22,0.299036723266452,0.656,0.627,9.40587071446564e-18,"3","Pcyt2"
5.85974661050724e-22,0.259831105010682,0.721,0.71,1.30068795513429e-17,"3","Norad"
6.23916439403018e-22,0.269745750875576,0.68,0.655,1.38490732054288e-17,"3","Ap1ar"
7.40398378866436e-22,0.36420491611847,0.452,0.384,1.64346228156983e-17,"3","Rtp4"
7.72238756190629e-22,0.337433618909556,0.555,0.519,1.71413836711634e-17,"3","Rbm19"
1.64114422521958e-21,0.350133592409831,0.547,0.506,3.6428478367199e-17,"3","Fastkd2"
1.94714383406621e-21,0.361686185985921,0.512,0.473,4.32207516847676e-17,"3","Slc31a1"
2.10512254285759e-21,0.352778369567683,0.536,0.499,4.672740508381e-17,"3","Mmgt2"
2.17046951779969e-21,0.428823372424435,0.396,0.34,4.81779118865997e-17,"3","Zc3h8"
2.29287931545911e-21,0.45919843453414,0.367,0.31,5.08950421652459e-17,"3","Igsf8"
3.0611455812166e-21,0.394919988951782,0.425,0.374,6.79482484662649e-17,"3","L2hgdh"
3.38624108136775e-21,0.314318877420845,0.585,0.554,7.516439328312e-17,"3","Rybp"
5.33069738707921e-21,0.517400998733593,0.314,0.26,1.18325489900997e-16,"3","Dhrs13"
5.4124391739674e-21,0.323938457005424,0.567,0.529,1.20139912344554e-16,"3","Ntmt1"
6.3375951553113e-21,0.265519104917935,0.699,0.672,1.40675599662445e-16,"3","Gpat4"
6.60416190909978e-21,0.270207965192284,0.597,0.559,1.46592581896288e-16,"3","Slc7a6"
8.43055495687826e-21,0.518356907419247,0.32,0.265,1.87133028377827e-16,"3","Dhcr7"
9.82832058438916e-21,0.448492027806159,0.383,0.33,2.18159232011686e-16,"3","Macir"
1.16672380850267e-20,0.352720036125173,0.5,0.458,2.58977683773338e-16,"3","Gm56577"
1.20011274942666e-20,0.416996193882687,0.423,0.368,2.66389026990236e-16,"3","Dusp7"
1.3716434434435e-20,0.359342707712398,0.48,0.436,3.04463695141153e-16,"3","Tex264"
1.38914318744345e-20,0.2826785705127,0.619,0.587,3.08348113316822e-16,"3","Mfng"
2.29269997994495e-20,0.37863641991729,0.458,0.412,5.0891061454838e-16,"3","Usp31"
2.98668075555478e-20,0.417022907107923,0.458,0.421,6.62953527310494e-16,"3","Nanp"
3.01794430706744e-20,0.444357827803694,0.349,0.293,6.6989309783976e-16,"3","Dag1"
5.28974305748245e-20,0.321616393325182,0.549,0.506,1.17416426646938e-15,"3","9430038I01Rik"
6.81327742678256e-20,0.333479219430967,0.525,0.482,1.51234319042292e-15,"3","Faap24"
9.71508547733155e-20,0.299704985485978,0.545,0.507,2.15645752340329e-15,"3","Camkk2"
1.260134328073e-19,0.452041799209702,0.452,0.409,2.79712016802365e-15,"3","Mvd"
1.79439236237382e-19,0.355848635590181,0.504,0.465,3.98301272676116e-15,"3","Gcat"
2.2238065341645e-19,0.315502070708737,0.582,0.553,4.93618336388493e-15,"3","Coil"
2.75032458560892e-19,0.338729938339811,0.509,0.464,6.10489548267613e-15,"3","Luzp1"
2.8172422444492e-19,0.546974863258999,0.289,0.238,6.25343261000388e-15,"3","Cnnm3"
3.78464030608368e-19,0.258114522311169,0.655,0.633,8.40076608741395e-15,"3","Bpnt2"
3.85725372679048e-19,0.272361674288232,0.588,0.546,8.56194609735682e-15,"3","Polr3h"
4.81151742705676e-19,0.343679577417433,0.49,0.441,1.06801252328379e-14,"3","Phlpp1"
8.18207481063736e-19,0.272079938647445,0.676,0.658,1.81617514571717e-14,"3","Ube2q2"
1.34616448739638e-18,0.265636884342849,0.643,0.611,2.98808131267375e-14,"3","Vegfb"
1.48325141687932e-18,0.30339928934464,0.569,0.543,3.29237317004703e-14,"3","Nr2c2ap"
2.02096039188049e-18,0.368594565497087,0.452,0.401,4.48592578185712e-14,"3","Pus7l"
2.02398814213526e-18,0.297556899773785,0.65,0.627,4.49264647909764e-14,"3","Pank3"
2.74627203886407e-18,0.391937399590021,0.406,0.359,6.09590004466658e-14,"3","Pdxk"
4.40244585015118e-18,0.379380942846023,0.463,0.423,9.77210905358056e-14,"3","Aacs"
5.03840177793958e-18,0.256184223340649,0.638,0.616,1.11837404264925e-13,"3","Unc119"
8.15969216512689e-18,0.439232364312203,0.346,0.296,1.81120686989322e-13,"3","Eid2"
9.33753418743338e-18,0.352675604956143,0.448,0.402,2.07265246358459e-13,"3","Smyd5"
9.68009151575862e-18,0.495937192313716,0.321,0.273,2.14868991375294e-13,"3","Tmem201"
1.04521336058779e-17,0.323483092543409,0.523,0.491,2.32006009649672e-13,"3","Rab9"
1.04700197380118e-17,0.48244456676852,0.39,0.346,2.32403028124649e-13,"3","Cep89"
1.07482468539701e-17,0.400736498195166,0.366,0.315,2.38578835417574e-13,"3","Bcl7a"
1.84860912108621e-17,0.333880964158863,0.497,0.459,4.10335766607506e-13,"3","Siah2"
2.59727824131026e-17,0.312938856114951,0.49,0.453,5.76517851223639e-13,"3","Prps1l3"
2.81531284059748e-17,0.412942525822959,0.346,0.296,6.24914991227422e-13,"3","Jade3"
3.61315871531531e-17,0.385108836591433,0.408,0.364,8.0201284003854e-13,"3","Neu1"
4.01475708516486e-17,0.362770129504139,0.433,0.391,8.91155630194044e-13,"3","Slc39a8"
5.51909832718971e-17,0.446036642188094,0.329,0.282,1.2250742556863e-12,"3","Mir17hg"
7.79499224506876e-17,0.298066740829338,0.56,0.527,1.73025442863791e-12,"3","Zfp398"
1.01357005488551e-16,0.291464965184093,0.552,0.52,2.24982145082938e-12,"3","Gusb"
1.15826723286612e-16,0.407385649453092,0.367,0.318,2.57100577679293e-12,"3","Usp28"
1.19620740131196e-16,0.40404900624382,0.426,0.384,2.65522156869216e-12,"3","Lss"
1.3728750899118e-16,0.405341097016718,0.373,0.328,3.04737083707721e-12,"3","Rangrf"
1.96666384802197e-16,0.260898137404783,0.601,0.584,4.36540374345436e-12,"3","Pip4k2b"
1.96700804986613e-16,0.383441773445551,0.337,0.285,4.36616776828784e-12,"3","Ifit2"
2.30258119343616e-16,0.318558712541567,0.47,0.43,5.11103947507025e-12,"3","Atp23"
2.80965710850793e-16,0.276069929293972,0.546,0.513,6.23659588375506e-12,"3","Tspan4"
3.11871725559937e-16,0.25181835724087,0.648,0.627,6.92261669225393e-12,"3","Ndufaf6"
4.13739691586454e-16,0.312189724879889,0.631,0.618,9.18377993414452e-12,"3","Zdhhc2"
4.18848346981648e-16,0.298034529169702,0.497,0.465,9.29717675795165e-12,"3","Patz1"
4.89926467090693e-16,0.311487490978614,0.502,0.473,1.08748977900121e-11,"3","Wdr55"
5.4967313772027e-16,0.27475501292748,0.591,0.575,1.22010946379768e-11,"3","Rbm15b"
7.38169518319062e-16,0.261547009532207,0.662,0.646,1.63851487981282e-11,"3","Twf1"
1.50780556290516e-15,0.340885316832985,0.416,0.374,3.34687600798059e-11,"3","Dyrk2"
1.6026913323602e-15,0.261224702485714,0.583,0.564,3.55749395043993e-11,"3","Mcur1"
1.70437212523387e-15,0.363390951707666,0.451,0.415,3.78319480638161e-11,"3","Xndc1"
2.15449202241353e-15,0.269033674983662,0.559,0.537,4.78232594215131e-11,"3","Trmt2a"
2.3159417460398e-15,0.472832892360129,0.265,0.217,5.14069589368454e-11,"3","Mfsd2a"
2.56220282731398e-15,0.447886193092669,0.284,0.237,5.68732161578884e-11,"3","Ets2"
3.69251881036455e-15,0.289979935870258,0.607,0.583,8.19628400336619e-11,"3","Golm2"
4.60281385267988e-15,0.315404169816264,0.441,0.402,1.02168659087935e-10,"3","Camsap1"
4.61768925476895e-15,0.298426750526454,0.483,0.446,1.02498848388106e-10,"3","Ddx31"
6.43797490435971e-15,0.434092097239174,0.29,0.244,1.42903728952073e-10,"3","Jade2"
7.83463413104674e-15,0.391304739439245,0.366,0.329,1.73905373806845e-10,"3","Mrm3"
8.42137293088174e-15,0.419305381474727,0.351,0.308,1.86929214946782e-10,"3","Lgalsl"
9.2768464257575e-15,0.375871364604608,0.39,0.351,2.05918160112539e-10,"3","Akap1"
1.26545777652936e-14,0.265818724578335,0.553,0.53,2.80893662656221e-10,"3","Slc25a51"
1.53424791423934e-14,0.271802690606637,0.532,0.503,3.40557009523705e-10,"3","Donson"
2.00067851940998e-14,0.376803821591496,0.403,0.361,4.44090610953433e-10,"3","Alms1"
2.139174735888e-14,0.267385091639332,0.564,0.54,4.7483261612506e-10,"3","Fam210a"
4.62660023695996e-14,0.275951452005063,0.463,0.421,1.026966454598e-09,"3","Il15ra"
4.8298271111167e-14,0.284810722597748,0.486,0.45,1.07207672385457e-09,"3","Eef1akmt4"
6.84313561440009e-14,0.264751595586772,0.605,0.597,1.51897081232839e-09,"3","2410004B18Rik"
6.97484417262701e-14,0.343739351076839,0.388,0.345,1.54820616099802e-09,"3","Cd9"
9.62805477660239e-14,0.296475850260375,0.454,0.422,2.13713931876243e-09,"3","Rrp12"
1.15423092484461e-13,0.345186157394866,0.439,0.407,2.56204638387757e-09,"3","Zfp770"
1.63831019697131e-13,0.379975008440218,0.361,0.325,3.63655714421722e-09,"3","Mafk"
1.79144899472088e-13,0.392414528179429,0.332,0.291,3.97647933358193e-09,"3","Phlpp2"
3.61726164703e-13,0.27077934517454,0.548,0.524,8.0292356779125e-09,"3","Phtf2"
4.61629032820803e-13,0.260953625075287,0.504,0.479,1.02467796415234e-08,"3","Dhodh"
5.63717200466358e-13,0.314043329209774,0.421,0.386,1.25128306987517e-08,"3","Zfp746"
8.50008955783463e-13,0.269880284352627,0.508,0.486,1.88676487915255e-08,"3","Rbm14"
9.21419471598367e-13,0.336499033594703,0.368,0.328,2.0452748011069e-08,"3","D030028A08Rik"
1.184243019478e-12,0.380008264461297,0.307,0.266,2.62866423033531e-08,"3","Pcsk4"
1.46427207008553e-12,0.313533710624752,0.439,0.407,3.25024471396885e-08,"3","Usp46"
1.49108859830177e-12,0.315370601724545,0.397,0.356,3.30976936165045e-08,"3","Phf11c"
1.52767609779457e-12,0.289342654519719,0.484,0.456,3.3909826342746e-08,"3","Elac2"
1.67669070839131e-12,0.327564574474796,0.385,0.353,3.72175036541619e-08,"3","Pwp2"
2.22793513112271e-12,0.285868301273731,0.487,0.46,4.94534761055308e-08,"3","Enoph1"
2.41250160351713e-12,0.327481133186176,0.352,0.311,5.35502980932697e-08,"3","Shfl"
3.58144626426786e-12,0.266970331468474,0.473,0.428,7.94973627279538e-08,"3","Cxcr6"
4.28509603316653e-12,0.286378851043324,0.449,0.418,9.51162766481974e-08,"3","Mpp1"
6.59161073172596e-12,0.281004885231283,0.486,0.462,1.46313983412121e-07,"3","Gon7"
7.99163621770575e-12,0.421485050015749,0.328,0.285,1.77390349124415e-07,"3","Ptger3"
8.80247555550746e-12,0.250907654078684,0.557,0.538,1.95388549905599e-07,"3","Tsen15"
9.04329333062807e-12,0.323117059858878,0.351,0.317,2.00733982059951e-07,"3","Thap11"
1.040237699143e-11,0.254163456084167,0.402,0.369,2.30901562078772e-07,"3","5430416N02Rik"
1.09417375563186e-11,0.450065396443032,0.271,0.232,2.42873748537605e-07,"3","Hsf2"
1.26868134657399e-11,0.41270259602872,0.3,0.264,2.81609198499029e-07,"3","Ppm1f"
1.42834901044565e-11,0.396581433200251,0.298,0.262,3.1705062984862e-07,"3","Mcrip2"
1.72282197152345e-11,0.288613605206668,0.511,0.483,3.8241479301906e-07,"3","Slfn9"
2.05874805238138e-11,0.389611058962688,0.326,0.293,4.56980305187094e-07,"3","Tmem41a"
2.13140565871274e-11,0.416285256630005,0.293,0.257,4.73108114064466e-07,"3","Lpcat1"
4.35527602214696e-11,0.304798170481688,0.4,0.371,9.66740618635961e-07,"3","Cipc"
4.94871099032937e-11,0.261168544503471,0.503,0.48,1.09846537852341e-06,"3","2610318N02Rik"
5.1116944417199e-11,0.27082110459777,0.51,0.493,1.13464281522857e-06,"3","Fbxo42"
6.21130486481181e-11,0.25211921210567,0.444,0.413,1.37872334084228e-06,"3","Taf4b"
7.8042812991665e-11,0.264905882359793,0.456,0.431,1.73231631997599e-06,"3","Dctd"
1.35095664304401e-10,0.372096656753211,0.361,0.323,2.99871846056478e-06,"3","Ifi208"
1.8240624134626e-10,0.270642959989762,0.512,0.499,4.04887133916293e-06,"3","Champ1"
1.93572037720285e-10,0.257431157319308,0.481,0.455,4.29671852127717e-06,"3","Dnph1"
2.55858380527186e-10,0.317624343032438,0.332,0.301,5.67928847256195e-06,"3","Osgin2"
2.98814105770879e-10,0.321136812230321,0.373,0.344,6.63277670579621e-06,"3","Ampd2"
4.921151514716e-10,0.402078143602415,0.281,0.249,1.09234800172151e-05,"3","Trmt61a"
4.99380349469958e-10,0.272313832456356,0.332,0.297,1.10847456171847e-05,"3","Tonsl"
5.36865727108631e-10,0.311721710557646,0.419,0.395,1.19168085446303e-05,"3","Ccdc137"
6.37432762581666e-10,0.2799824463072,0.445,0.427,1.41490950310252e-05,"3","Tspan3"
9.19085829647573e-10,0.287429480730773,0.373,0.344,2.04009481606872e-05,"3","Dhx33"
1.1828959609431e-09,0.382875747800476,0.263,0.227,2.6256741645054e-05,"3","Ifi204"
2.08265031540627e-09,0.315205580088798,0.373,0.347,4.6228589051073e-05,"3","Agpat2"
2.08719614222106e-09,0.397700227061402,0.305,0.277,4.63294927688808e-05,"3","Acsl1"
2.22357092572308e-09,0.357283415306421,0.317,0.287,4.93566038382751e-05,"3","Agap3"
2.65903706042733e-09,0.264586838762427,0.467,0.451,5.90226456303054e-05,"3","Ube2g2"
3.05157856262646e-09,0.270590900689045,0.48,0.456,6.77358893546195e-05,"3","Hsd17b7"
3.23664020184026e-09,0.313198144672249,0.413,0.392,7.18437025602483e-05,"3","Urb1"
4.64546106572794e-09,0.360603677996767,0.362,0.334,0.000103115299275963,"3","Neto2"
4.79276358473616e-09,0.274110870775687,0.482,0.469,0.000106384973290389,"3","Bdh1"
5.43530156859323e-09,0.28751076557256,0.413,0.397,0.000120647388918064,"3","Fads1"
5.49182347891193e-09,0.267927773366728,0.436,0.418,0.000121902005761408,"3","Paip2b"
6.97468341001544e-09,0.32840351179371,0.274,0.236,0.000154817047652113,"3","Usp18"
7.32398908915424e-09,0.353612481130531,0.299,0.262,0.000162570585811957,"3","Gm47015"
8.07069725004195e-09,0.340785233979034,0.352,0.325,0.000179145266859181,"3","Eif2ak4"
9.5756742581624e-09,0.311002048683039,0.354,0.329,0.000212551241508431,"3","Spata5l1"
1.10405533812106e-08,0.339155021740416,0.34,0.315,0.000245067163402732,"3","Hmga1"
1.10764261163828e-08,0.313985689057667,0.456,0.441,0.000245863430505348,"3","Rdh11"
1.20178231189015e-08,0.300946939865601,0.318,0.29,0.000266759619770256,"3","Tmem170b"
1.68797028590843e-08,0.288290836303938,0.408,0.39,0.000374678764363094,"3","Spout1"
1.75756357393483e-08,0.29963637070811,0.308,0.281,0.000390126386506314,"3","Ddx51"
1.79562530704569e-08,0.322602241332876,0.333,0.305,0.000398574949404932,"3","Rab11fip1"
1.83186410789981e-08,0.312733070937931,0.369,0.34,0.00040661887603052,"3","Arhgap5"
1.84300630489334e-08,0.329689804763332,0.338,0.312,0.000409092109497175,"3","Gpr180"
3.01209325232034e-08,0.319234342447684,0.33,0.301,0.000668594339217546,"3","Dnmt3b"
3.1244131527694e-08,0.27449100437406,0.39,0.367,0.000693525987520223,"3","Cry1"
3.19850913444224e-08,0.276837605272554,0.37,0.345,0.000709973072572145,"3","Pnpo"
3.69300057314829e-08,0.286039998940771,0.343,0.315,0.000819735337221726,"3","Gm32856"
3.70017943762628e-08,0.266637456117891,0.421,0.405,0.000821328829769905,"3","Ubqln4"
5.72686296445725e-08,0.262374972174827,0.459,0.452,0.00127119177222058,"3","Haus2"
6.2477304625522e-08,0.267730179135095,0.37,0.349,0.00138680873077271,"3","Actr5"
1.45970627703851e-07,0.352576907099046,0.287,0.264,0.00324011002314238,"3","Cdr2"
1.51394065212251e-07,0.250551266722665,0.4,0.374,0.00336049406551634,"3","AB124611"
1.6704441087706e-07,0.290517167292884,0.385,0.369,0.0037078847882381,"3","Dhx37"
1.82592890233128e-07,0.278477718227974,0.395,0.38,0.00405301438450474,"3","Tatdn2"
2.10010838993308e-07,0.254035814188136,0.411,0.398,0.00466161059313445,"3","Dusp12"
2.4495244087933e-07,0.27879126964143,0.4,0.385,0.00543720933019848,"3","Socs6"
3.05986148011119e-07,0.309553099764665,0.324,0.302,0.00679197452740282,"3","Gpd1l"
3.18557890784803e-07,0.286464610802334,0.321,0.294,0.00707102950175028,"3","Yes1"
4.04067658480802e-07,0.29213159346353,0.36,0.344,0.00896908981529837,"3","Epm2aip1"
4.16146809416843e-07,0.295948208870052,0.347,0.326,0.00923721072862567,"3","Fpgs"
4.20529964694314e-07,0.271882641399413,0.334,0.307,0.00933450362631969,"3","Lrrc32"
4.47927993531547e-07,0.252666787523842,0.356,0.329,0.00994265767241976,"3","Lair1"
5.48226773015109e-07,0.298143816301861,0.313,0.289,0.0121689896806164,"3","Zbtb2"
6.65465125181597e-07,0.283028844371062,0.348,0.328,0.0147713293836559,"3","Nadk2"
7.13740957481831e-07,0.36242578076307,0.287,0.264,0.0158429080332242,"3","Gm20324"
1.59404194501104e-06,0.276411008740533,0.34,0.321,0.03538294905341,"3","Nkrf"
1.69489752148396e-06,0.363365969186574,0.323,0.3,0.0376216402843794,"3","Pbx3"
2.19881226680908e-06,0.305763383643053,0.352,0.335,0.0488070358863611,"3","Fbxo21"
4.39477197756564e-06,0.289481709023466,0.276,0.255,0.0975507535860245,"3","Slc25a22"
4.79820113870468e-06,0.262086730585755,0.385,0.372,0.106505670675828,"3","Cd320"
5.26842026950193e-06,0.340405673692626,0.275,0.253,0.116943124722134,"3","E130308A19Rik"
5.83461597147556e-06,0.301982731533859,0.306,0.287,0.129510970718843,"3","Iqcb1"
6.44915093400108e-06,0.270346678845408,0.379,0.365,0.143151803282022,"3","Ippk"
1.0979723774939e-05,0.276173371800617,0.3,0.284,0.243716928632322,"3","Fastkd3"
1.10295647431468e-05,0.276564541278752,0.29,0.272,0.24482324860363,"3","Dgke"
1.43119308574168e-05,0.291397688090275,0.258,0.239,0.317681929242081,"3","Prdm15"
1.8264368348678e-05,0.266526573774385,0.336,0.32,0.405414184235606,"3","Cbx6"
2.21685608902378e-05,0.256066693798354,0.323,0.304,0.492075546080608,"3","Hacd1"
2.32731341806315e-05,0.282256219474968,0.297,0.282,0.516593759407477,"3","Med22"
3.22537311234226e-05,0.274093148356552,0.297,0.277,0.715936069746611,"3","Xxylt1"
4.8836814899575e-05,0.355262218978915,0.256,0.237,1,"3","Spata48"
6.76836957483158e-05,0.274850523907535,0.356,0.347,1,"3","Wdcp"
0.000165656047720813,0.255155528483578,0.344,0.337,1,"3","Nagpa"
0.000174601298252683,0.322132298513166,0.252,0.238,1,"3","Myo19"
0.000186568232006335,0.265323929199036,0.256,0.24,1,"3","Bbs12"
0.000191405040867835,0.251994663636803,0.265,0.25,1,"3","Smad5"
0.000560001444351802,0.256677835831743,0.293,0.284,1,"3","Ccdc134"
0.000742856319989782,0.256013616182884,0.298,0.29,1,"3","Tnk2"
0.000754267424884395,0.267945739729198,0.345,0.342,1,"3","Ccdc117"
0.000904509868548211,0.278248183647515,0.255,0.244,1,"3","Pusl1"
0.00152293934765029,0.258925101670116,0.331,0.329,1,"3","Mtrr"
0.00283244522019564,0.261786852978993,0.27,0.263,1,"3","Prmt6"
0,3.43680973884106,0.9,0.165,0,"4","Trib3"
0,2.76026622243716,0.78,0.176,0,"4","Pck2"
0,2.81392042176029,0.713,0.197,0,"4","Ddit3"
0,2.08676825758024,0.878,0.412,0,"4","Niban1"
0,1.83334702083242,0.835,0.379,0,"4","Efcab11"
0,2.07805416231358,0.851,0.412,0,"4","Cyb5r1"
0,1.87525631466675,0.94,0.534,0,"4","Asns"
0,2.94728288361631,0.457,0.075,0,"4","Angptl6"
0,2.83051591793419,0.413,0.065,0,"4","Gpt2"
0,3.05214913827603,0.376,0.049,0,"4","Chac1"
0,3.08587329425559,0.366,0.042,0,"4","Nupr1"
0,1.83573189298363,0.986,0.726,0,"4","Eif4ebp1"
0,1.70333021169843,0.98,0.727,0,"4","Cebpb"
0,1.61247309651978,0.965,0.737,0,"4","Phf10"
0,1.33957033271075,0.98,0.791,0,"4","Clic4"
0,1.57803190517003,0.98,0.802,0,"4","Slc7a5"
0,1.19921523448918,0.984,0.834,0,"4","Shmt2"
0,1.39898629652123,0.99,0.879,0,"4","Slc3a2"
0,1.24171952388272,0.998,0.933,0,"4","Atf4"
0,1.18797072020417,0.998,0.94,0,"4","Mthfd2"
0,1.15630153810859,0.995,0.95,0,"4","Sars"
0,1.13134047976573,0.996,0.953,0,"4","Nars"
0,1.11738519375433,0.99,0.953,0,"4","Lars"
0,0.828025912247654,0.998,0.985,0,"4","Hspa9"
0,0.879414016177982,1,0.998,0,"4","Eif3c"
1.29445199210407e-321,0.775021725183572,0.996,0.988,2.8732950868734e-317,"4","Eprs"
4.93077514549564e-321,1.22431227568253,0.999,0.977,1.09448415904567e-316,"4","2410006H16Rik"
4.94065645841247e-320,1.44592669756158,0.936,0.618,1.09667751407381e-315,"4","Aars"
4.51010789200057e-318,3.10055052320558,0.318,0.049,1.00110864878737e-313,"4","Cox6a2"
8.61056463157e-312,2.5425907161565,0.416,0.086,1.91128703126959e-307,"4","Slc7a3"
1.13247826475201e-306,0.912256414991011,0.991,0.945,2.51376200427004e-302,"4","Gars"
4.83546392917156e-303,1.13076958065097,0.974,0.887,1.07332792835821e-298,"4","Psph"
1.1305325562888e-295,1.37805637535823,0.961,0.619,2.50944311519426e-291,"4","H2ac8"
4.17256058927676e-295,1.26791982811828,0.988,0.741,9.26183274001761e-291,"4","H1f5"
3.19530264704442e-290,2.95223123732662,0.253,0.033,7.09261328564451e-286,"4","Slc7a11"
1.50005673522136e-289,1.01421073953169,0.98,0.865,3.32967593517086e-285,"4","Psat1"
3.37132126481985e-287,1.46465332715047,0.899,0.53,7.48332181152062e-283,"4","Cars"
1.8890462797095e-286,1.75872041633761,0.805,0.388,4.19311602707119e-282,"4","Tbc1d31"
1.17081022696344e-283,2.58382109091908,0.333,0.059,2.59884746079074e-279,"4","Slc1a4"
1.40583127961148e-281,2.41546080926011,0.448,0.11,3.12052369135361e-277,"4","Ciart"
7.35433951072346e-252,2.14839203210963,0.472,0.131,1.63244274119529e-247,"4","Glrp1"
3.61416603582336e-247,0.438246475530525,1,0.999,8.02236434971712e-243,"4","Anp32b"
7.68761452250484e-233,1.26557898877103,0.932,0.594,1.7064197955604e-228,"4","H1f1"
1.27228812363342e-228,1.18766408150757,0.929,0.71,2.8240979480291e-224,"4","Lonp1"
1.10205108506059e-221,1.11971089933095,0.937,0.735,2.446222793509e-217,"4","Xpot"
2.74834598333933e-220,0.748294628162452,0.996,0.949,6.10050357921832e-216,"4","Rcc2"
5.5337160723941e-217,0.88223299547272,0.978,0.882,1.22831895658932e-212,"4","Dennd2d"
2.79251021508678e-216,1.96429599408388,0.531,0.187,6.19853492442813e-212,"4","Atf5"
1.44378431390986e-213,0.813820430098126,1,0.996,3.20476804158571e-209,"4","Gas5"
8.5318894755992e-211,1.94576065576386,0.452,0.135,1.89382350689875e-206,"4","Soat2"
4.37195534203473e-210,0.65415194928054,0.996,0.984,9.70442927271449e-206,"4","Ghitm"
1.59873290700028e-209,1.06700729355192,0.981,0.897,3.54870743366852e-205,"4","Chchd10"
2.55567950385445e-200,0.505555349719926,0.997,0.994,5.67284179470572e-196,"4","Eif2s2"
6.26493615468168e-200,0.833309015967019,0.98,0.884,1.39062787825469e-195,"4","Slc7a1"
6.24173101705365e-198,0.460743345664053,1,0.996,1.3854770338554e-193,"4","Uqcrq"
1.89928116033054e-193,0.902082794532489,0.988,0.808,4.2158343915857e-189,"4","H4c4"
8.89833034661431e-185,1.41522818928597,0.757,0.407,1.97516238703798e-180,"4","Gtpbp2"
7.95597781062817e-184,0.959416030460625,0.928,0.735,1.76598839462514e-179,"4","Hax1"
7.19930825330362e-183,0.875701819171449,0.988,0.933,1.5980304529858e-178,"4","H1f4"
3.04518622877006e-181,1.13027641927804,0.857,0.579,6.75939987200089e-177,"4","Aldh18a1"
4.11901931455642e-178,0.898393489264532,0.97,0.672,9.14298717252088e-174,"4","Fbxo5"
4.30985196114257e-178,0.751188851745614,0.995,0.953,9.56657839814816e-174,"4","Taf15"
1.35741856107378e-175,0.991172272594154,0.954,0.695,3.01306198001547e-171,"4","H1f3"
7.41948280833904e-175,1.11283714133534,0.875,0.61,1.64690259896702e-170,"4","Cebpg"
1.38934917386312e-174,1.01311242433504,0.918,0.586,3.08393836122396e-170,"4","Ndc80"
1.35299280899165e-172,1.16895336449017,0.922,0.782,3.00323813811877e-168,"4","Sqstm1"
4.31621240561134e-172,0.986050835150506,0.915,0.708,9.58069667673548e-168,"4","Yars"
1.63780812447738e-169,1.28113316569218,0.838,0.552,3.63544269390245e-165,"4","Arl14ep"
3.76757921817239e-165,0.359519484688905,1,1,8.36289559057725e-161,"4","Eef1a1"
7.73504930385916e-164,0.842530503918308,0.977,0.662,1.71694889397762e-159,"4","Kif11"
3.3062769650611e-163,0.673751525117434,0.996,0.96,7.33894297934611e-159,"4","Srpk1"
4.90070159797299e-163,0.775688038590829,0.973,0.866,1.08780873370206e-158,"4","Slc38a2"
2.09309842758507e-158,1.14261109910803,0.75,0.392,4.64605057971059e-154,"4","H2bc18"
1.72173278410625e-155,0.585959813490956,1,0.972,3.82173026088065e-151,"4","Ezh2"
2.24456401317978e-155,0.813574594585393,0.979,0.648,4.98225874005516e-151,"4","H3c3"
2.15409542716042e-154,0.985242540499512,0.883,0.544,4.78144561966798e-150,"4","H3c6"
6.41769737400753e-153,0.770752940774785,0.98,0.758,1.42453628610845e-148,"4","Incenp"
1.14436144778585e-151,0.658693860510196,0.982,0.927,2.54013910565025e-147,"4","Tars"
1.52662946481835e-151,0.885487838668714,0.885,0.517,3.38865942305729e-147,"4","Esco2"
1.96712421199135e-149,0.628513504539038,0.998,0.992,4.3664256133572e-145,"4","Rpl22l1"
6.82812360597188e-144,0.698915950413633,1,0.898,1.51563859681758e-139,"4","Mki67"
3.0275749106334e-143,0.751597394340119,0.97,0.852,6.72030802913296e-139,"4","Iars"
1.39109980208193e-141,0.608699778097769,0.998,0.912,3.08782423068127e-137,"4","Smc2"
8.07821880923258e-140,0.427208235446573,0.999,0.995,1.79312222908536e-135,"4","Krtcap2"
8.33467647020725e-140,0.561103193850086,0.995,0.977,1.8500481360919e-135,"4","Leprotl1"
2.30061684420785e-138,0.932576270362943,0.817,0.478,5.10667920908817e-134,"4","Neil3"
2.45678175948098e-138,0.574940999405923,0.999,0.935,5.45331847151993e-134,"4","Cbx5"
1.24258368569523e-137,1.02441542972276,0.836,0.589,2.75816300713769e-133,"4","Mars1"
3.23946294435484e-135,0.396287504845763,1,0.998,7.19063589758443e-131,"4","H2az1"
2.87442937273017e-134,1.63660220897274,0.409,0.15,6.38037087864916e-130,"4","Gch1"
5.19070722721839e-133,1.01389398342482,0.802,0.486,1.15218128322567e-128,"4","Ska1"
7.71778541836706e-133,0.518322352203451,0.989,0.954,1.71311682931494e-128,"4","Sf3a3"
2.16005074284417e-132,0.88390648009631,0.859,0.516,4.7946646338912e-128,"4","Pbk"
2.96466941573818e-130,0.392603247083088,0.997,0.99,6.58067670211405e-126,"4","U2af1"
1.88995019745119e-129,0.846191699573707,0.923,0.761,4.19512245328241e-125,"4","Nup160"
1.31156964763979e-128,0.774867463629412,0.933,0.619,2.91129114686604e-124,"4","Nusap1"
1.34331107048336e-128,0.714184293760033,0.977,0.711,2.98174758315191e-124,"4","Knl1"
1.23585318727301e-127,0.250913922332162,1,1,2.7432233197899e-123,"4","Rpl10a"
2.06270134069919e-127,0.797925235548685,0.909,0.584,4.57857816595e-123,"4","Spc25"
5.4638640480829e-126,0.790990124350303,0.903,0.587,1.21281390275296e-121,"4","Sgo1"
2.12924364229354e-125,0.534590813571826,0.998,0.974,4.72628211279897e-121,"4","Smc4"
4.08836836064196e-123,0.81737774128025,0.912,0.652,9.07495125011696e-119,"4","Brip1"
4.10125171545786e-123,0.636688378129542,0.999,0.914,9.10354843280182e-119,"4","Top2a"
7.78712783124421e-121,1.22572356367871,0.624,0.33,1.72850876470128e-116,"4","Pde4dip"
5.86788872368331e-120,1.58971207009239,0.414,0.162,1.30249525999598e-115,"4","Gpc1"
1.64367454958471e-118,1.69599952869761,0.327,0.11,3.64846439771318e-114,"4","P2rx3"
1.65188432183393e-118,1.78156707411018,0.365,0.133,3.66668762917477e-114,"4","Gab2"
3.40952812555213e-118,0.557017159264255,0.995,0.95,7.56812958028806e-114,"4","Dnmt1"
2.70546247086245e-117,0.603723818677012,0.968,0.896,6.00531504657339e-113,"4","Phgdh"
4.07322086330116e-117,0.436849899639051,0.996,0.987,9.04132835026959e-113,"4","Smc1a"
8.97315372158961e-116,0.799581461072232,0.891,0.693,1.99177093158125e-111,"4","Bcat1"
3.4610677398958e-115,0.540372377619342,0.991,0.982,7.6825320622467e-111,"4","Tcea1"
5.21314006202362e-115,0.343425527578863,0.999,0.999,1.15716069956738e-110,"4","Rbm39"
3.99790733167736e-114,0.74901561989448,0.902,0.594,8.87415490412423e-110,"4","Ckap2l"
8.08995917537946e-114,0.548518188447508,0.996,0.935,1.79572823815898e-109,"4","Nsd2"
3.7346668223181e-113,1.10484848475989,0.69,0.406,8.28983994549949e-109,"4","Lmo4"
8.57965505509614e-113,0.362803352312333,0.998,0.996,1.90442603257969e-108,"4","Gng5"
3.51040847618059e-112,0.606448047568796,0.975,0.841,7.79205369457805e-108,"4","Spc24"
3.98849146949617e-112,0.740739310272865,0.884,0.545,8.85325451484066e-108,"4","Aurkb"
1.32319391023119e-111,1.0680282538041,0.633,0.334,2.93709352254017e-107,"4","H3c7"
1.14980975086093e-109,0.815497423033979,0.883,0.606,2.55223270398601e-105,"4","Brca1"
6.03117892002556e-108,0.947853362656494,0.898,0.715,1.33874078487807e-103,"4","Cd69"
7.35081572937889e-108,0.3603454811659,1,0.999,1.63166056745023e-103,"4","H3f3b"
5.71963755763255e-107,0.646777161265931,0.943,0.597,1.2695879486677e-102,"4","H2ac24"
7.71144140637246e-106,0.673535513786525,0.951,0.749,1.7117086489725e-101,"4","H1f2"
2.24520459568298e-105,0.696639271394932,0.977,0.757,4.9836806410375e-101,"4","Rad51b"
5.15741382763404e-105,0.539656813571793,0.984,0.919,1.14479114731993e-100,"4","Vrk1"
4.56590025574341e-104,0.707543122860688,0.875,0.549,1.01349287976736e-99,"4","Anln"
7.79126692322202e-103,0.825978665688762,0.824,0.525,1.72942751894759e-98,"4","E2f8"
5.519052969263e-102,0.503219212695355,0.998,0.958,1.22506418758731e-97,"4","Stmn1"
9.5758043742628e-102,0.794548206223934,0.799,0.495,2.12554129695511e-97,"4","Ttk"
4.05368856167249e-101,1.38376696673914,0.46,0.213,8.99797250034443e-97,"4","Batf3"
2.49088493899122e-100,0.37516815195041,1,0.997,5.5290172990788e-96,"4","Ankrd11"
4.00361826079953e-100,0.733164012171228,0.904,0.665,8.88683145349672e-96,"4","Cep128"
2.38298860461034e-98,0.777512448540251,0.782,0.478,5.28951980565357e-94,"4","Mastl"
4.67451821227511e-98,0.452549663117501,0.998,0.975,1.03760280757871e-93,"4","Psip1"
5.19928485571171e-97,0.854397487072695,0.764,0.477,1.15408525942233e-92,"4","Spag5"
6.84524954915554e-97,0.627770052101049,0.952,0.714,1.51944004242606e-92,"4","Ncapg"
1.35769938899359e-96,0.767078902766421,0.832,0.543,3.01368533374908e-92,"4","Polq"
2.47570937679123e-96,0.553453325881173,0.976,0.896,5.4953321036635e-92,"4","Atxn2l"
7.29913928910083e-96,0.869951207747519,0.725,0.438,1.62018994800171e-91,"4","2700099C18Rik"
5.71540784674687e-95,0.461196147070106,0.999,0.954,1.2686490797424e-90,"4","Tmpo"
9.34204572054549e-95,0.824285761434075,0.829,0.642,2.07365388858948e-90,"4","Nfe2l1"
3.71820652067142e-94,0.695086012932934,0.896,0.643,8.25330301393435e-90,"4","Zwilch"
7.13776359115388e-94,0.865995801436457,0.734,0.461,1.58436938432843e-89,"4","Fancd2"
5.12845116107348e-93,0.796652893178218,0.829,0.577,1.13836230422348e-88,"4","Kntc1"
5.14088399804754e-93,0.529113463380152,0.991,0.846,1.14112202104661e-88,"4","Kif15"
1.33803906441155e-92,0.898746957834664,0.688,0.412,2.97004531127431e-88,"4","Rad54b"
2.84445899420527e-92,1.20664794535053,0.586,0.337,6.31384562943745e-88,"4","Ppp1r15a"
7.87410293826905e-92,0.37389993247937,0.998,0.987,1.74781462920758e-87,"4","Ssrp1"
1.37561618181105e-91,0.608719314220757,0.954,0.789,3.05345523876598e-87,"4","Tk1"
2.92565766712423e-91,0.631158296191107,0.785,0.469,6.49408232371565e-87,"4","H2ac18"
3.02020467637665e-91,0.612406161471471,0.914,0.61,6.70394832015326e-87,"4","Mis18bp1"
3.49094521489703e-91,1.27096538904171,0.44,0.204,7.74885109350693e-87,"4","Vegfa"
1.41335921293927e-90,0.524861594608944,0.984,0.72,3.13723344496129e-86,"4","Cdk1"
2.45303629287223e-90,0.605479247623541,0.947,0.669,5.4450046592885e-86,"4","Kif4"
1.12096501194778e-89,0.833454239547034,0.829,0.606,2.48820603702049e-85,"4","Herpud1"
3.56635585840309e-89,0.966096473285171,0.729,0.486,7.91624009889735e-85,"4","Cep162"
5.70811855710338e-89,0.45877647792787,0.995,0.967,1.26703107612024e-84,"4","Arpc5l"
7.97306974403405e-89,0.577276208339266,0.948,0.859,1.76978229108324e-84,"4","Cnpy2"
2.13423987819939e-88,0.508999609001202,0.991,0.91,4.73737225763918e-84,"4","Atad2"
2.64129927563016e-88,0.544676983326763,0.98,0.804,5.86289200211626e-84,"4","Diaph3"
3.56975653940344e-87,1.50976718489898,0.278,0.099,7.92378859051381e-83,"4","Jdp2"
6.30103187547918e-87,0.366575648947207,0.997,0.987,1.39864004540011e-82,"4","Dek"
1.63930582905239e-86,0.773741915373073,0.836,0.612,3.63876714874759e-82,"4","Mtbp"
5.70647924479138e-86,0.669661282405107,0.858,0.566,1.26666719796634e-81,"4","Cdca2"
1.36652860802927e-85,0.678503259822767,0.889,0.745,3.03328355124257e-81,"4","Wars1"
1.61214137098627e-85,0.883428005313174,0.598,0.321,3.57847020117823e-81,"4","H2ac10"
1.67581771393401e-85,0.460410655433336,0.991,0.981,3.71981257961932e-81,"4","Mia2"
7.0666733457222e-85,0.26173173697181,0.997,0.998,1.56858948254996e-80,"4","Rps18-ps6"
1.18314239984875e-84,0.707442062785738,0.791,0.515,2.62622118494426e-80,"4","Ncaph"
1.70933910709332e-84,0.577178921954036,0.962,0.748,3.79422001601504e-80,"4","Clspn"
4.49530772339519e-84,0.47381154899753,0.941,0.692,9.97823455362029e-80,"4","H2ac20"
8.77452279053666e-84,0.766155465503434,0.764,0.497,1.94768082381542e-79,"4","Ube2t"
9.30947808010908e-84,0.636404409116089,0.925,0.741,2.06642484944181e-79,"4","Rbl1"
1.61709876086804e-83,0.681536630440172,0.902,0.699,3.5894741194988e-79,"4","Brca2"
2.05108827350052e-83,0.57769087166247,0.946,0.732,4.55280064068911e-79,"4","Plk4"
2.58954393180447e-83,0.254079281763261,1,0.999,5.74801066542639e-79,"4","Hnrnpf"
6.34876250688373e-83,0.652022541048127,0.923,0.715,1.40923481365298e-78,"4","Rad51"
1.40574575588287e-82,0.689813267816762,0.874,0.719,3.12033385433321e-78,"4","Gps2"
4.00784810257714e-82,0.409371937904162,0.999,0.99,8.89622043329049e-78,"4","Tubb5"
1.21826575053595e-81,0.803842286590897,0.825,0.637,2.70418448646465e-77,"4","Nfe2l2"
8.81309708780614e-81,1.05860485445071,0.46,0.224,1.95624316058033e-76,"4","H2ac22"
9.13809008519674e-81,0.642509878038733,0.889,0.636,2.02838185621112e-76,"4","Shcbp1"
1.19927010236148e-80,0.502718565405142,0.972,0.876,2.66201984621178e-76,"4","Eif1ad"
2.77684021230284e-78,0.461529252023122,0.989,0.9,6.16375221924862e-74,"4","Gmnn"
9.9669531922504e-78,0.664166664774177,0.797,0.514,2.21236460008382e-73,"4","Gen1"
1.43015067990356e-76,0.570906913271112,0.941,0.785,3.17450546418193e-72,"4","Hirip3"
2.37366639114795e-76,0.407342865764603,0.998,0.938,5.26882728843109e-72,"4","Usp1"
6.41602030043286e-76,0.558277642539054,0.944,0.823,1.42416402608708e-71,"4","Rbbp8"
7.08599234152917e-76,0.54362741853073,0.965,0.822,1.57287772004923e-71,"4","Tyms"
7.0987189420669e-76,0.544054762602797,0.948,0.771,1.57570264357059e-71,"4","Ncapg2"
9.70664656706671e-76,0.62306220483855,0.854,0.592,2.1545843384918e-71,"4","Kif22"
1.16350846269862e-75,0.50198116139651,0.966,0.814,2.58263973465213e-71,"4","Rfc4"
1.23017919013751e-75,0.40606576107672,0.996,0.973,2.73062874834824e-71,"4","Ctcf"
6.59871549182715e-75,0.729336400026688,0.853,0.726,1.46471687772087e-70,"4","Ttc39b"
1.17837925009737e-74,0.67045782026017,0.84,0.61,2.61564842144114e-70,"4","Fignl1"
1.81178110736053e-74,1.36712701720441,0.303,0.125,4.02161052400817e-70,"4","H3c2"
2.16649905709122e-74,0.448649424220213,0.953,0.652,4.80897795702539e-70,"4","Prc1"
2.79136203692502e-74,0.765652725247407,0.774,0.566,6.19598631336248e-70,"4","Mid1ip1"
4.75433998360498e-74,0.608766642917144,0.837,0.542,1.0553208461608e-69,"4","Sgo2a"
5.05309239485221e-74,0.556534642544863,0.988,0.962,1.12163491888535e-69,"4","Txnrd1"
1.0876729965066e-73,0.929480157749073,0.554,0.315,2.41430775034569e-69,"4","H2ac15"
5.840399948314e-73,0.362311446025056,0.998,0.978,1.29639357652726e-68,"4","Nasp"
8.8737692322617e-73,0.629155465354412,0.837,0.583,1.96971055648513e-68,"4","Cit"
1.41072855493301e-72,1.53236891756885,0.331,0.147,3.1313941733848e-68,"4","Hmox1"
1.97075171136115e-72,0.846925902793901,0.729,0.523,4.37447757370834e-68,"4","Rhbdd1"
1.34187818605816e-71,0.882246716993415,0.598,0.357,2.97856700959329e-67,"4","Cenpn"
2.42853958529824e-71,0.547333795471326,0.923,0.677,5.39062931748651e-67,"4","Cenpp"
1.0883793324296e-70,0.717228066771495,0.67,0.404,2.41587560419398e-66,"4","H2bc14"
1.35756298154607e-70,0.582549284088978,0.856,0.616,3.01338255013781e-66,"4","Hjurp"
1.53998380843974e-70,0.352010788197385,0.997,0.982,3.41830205959369e-66,"4","Ybx3"
3.28397451485686e-70,0.557707578202841,0.917,0.697,7.28943823062777e-66,"4","Racgap1"
3.53340007913667e-70,0.674062455308633,0.844,0.693,7.84308815565967e-66,"4","Sel1l"
6.76157394468111e-70,0.672284874076438,0.773,0.527,1.50086656850087e-65,"4","H2bc6"
7.59087231791683e-70,0.572476037954762,0.952,0.856,1.684945928408e-65,"4","Krcc1"
1.24012393608596e-69,0.473060483774469,0.976,0.936,2.75270310093001e-65,"4","Slc1a5"
4.16715894567952e-69,0.701899149069848,0.725,0.464,9.24984271172482e-65,"4","Melk"
4.38499364258584e-69,0.789164634912698,0.706,0.477,9.73337038844779e-65,"4","Ndc1"
5.36334522161003e-69,0.461896548321404,0.969,0.817,1.19050173884078e-64,"4","Ncapd3"
1.2990898218233e-68,0.580348448867038,0.907,0.711,2.88358967750119e-64,"4","Pole"
2.05183526846747e-68,0.363530894607803,0.998,0.98,4.55445874541724e-64,"4","Smc6"
2.52474456758684e-68,0.319036922163182,0.998,0.985,5.60417551667251e-64,"4","Ppig"
2.81667958231427e-67,0.509356264233684,0.936,0.699,6.25218366886298e-63,"4","Bub1"
4.32730206023006e-67,0.745341124423454,0.666,0.414,9.60531238309266e-63,"4","Espl1"
4.67372706850681e-67,0.873124402660747,0.613,0.383,1.03742719739646e-62,"4","Dscc1"
7.5393069651136e-67,0.825395089799091,0.571,0.334,1.67349996704627e-62,"4","Cdca5"
8.19718744318643e-67,0.50497701527958,0.944,0.795,1.81952969676409e-62,"4","Prim1"
9.81688498443646e-67,0.579297409942609,0.888,0.668,2.17905395999536e-62,"4","Sass6"
1.74282724844352e-66,1.38297236989036,0.268,0.108,3.86855364337008e-62,"4","Prr5l"
2.99704963557211e-66,0.482124105685525,0.96,0.772,6.65255107607941e-62,"4","Blm"
8.02398612180574e-66,0.559749129027488,0.922,0.817,1.78108419945722e-61,"4","Atf1"
8.77561196248211e-66,0.30682845566432,0.996,0.985,1.94792258731215e-61,"4","Banf1"
1.38017006438607e-65,0.34452282493591,0.999,0.998,3.06356349191777e-61,"4","Itk"
3.28423756651895e-65,0.614518993807204,0.764,0.524,7.29002212640211e-61,"4","Lrr1"
1.32020917328677e-64,0.561593849694687,0.867,0.632,2.93046830194464e-60,"4","Rad51ap1"
1.74548925550817e-64,0.300846076771695,0.996,0.994,3.87446250045148e-60,"4","Tln1"
1.95158179835555e-64,0.716437508524232,0.704,0.462,4.33192611780982e-60,"4","Stil"
1.99022824517951e-64,0.465462564591826,0.971,0.872,4.41770963582497e-60,"4","Lig1"
2.07436466044657e-64,0.552284141343541,0.865,0.643,4.60446723679325e-60,"4","Mcm10"
2.23782057426729e-64,0.412520338155019,0.983,0.932,4.9672903287011e-60,"4","Mthfd1l"
3.48919028855967e-64,0.596029889507056,0.844,0.64,7.7449556835159e-60,"4","Cdc45"
4.59476417703987e-64,0.412534042304834,0.974,0.938,1.01989980437754e-59,"4","Sugt1"
7.3275562606247e-64,0.505665054524901,0.929,0.775,1.62649766317086e-59,"4","Rad18"
7.85832512128407e-64,0.525479361104982,0.918,0.737,1.74431242717143e-59,"4","Ncapd2"
1.03998862151476e-63,0.922599090903989,0.489,0.272,2.30846274317631e-59,"4","H4c8"
1.15458853275122e-63,0.382860389652368,0.989,0.954,2.56284016614788e-59,"4","Bub3"
1.3719606474349e-63,0.600639224462204,0.865,0.719,3.04534104911124e-59,"4","Got1"
1.90221033987194e-63,0.596175303981818,0.715,0.45,4.22233629141376e-59,"4","Kif14"
1.47511846273157e-62,1.12634922433879,0.349,0.166,3.27432045172527e-58,"4","Recql4"
1.5373796188254e-62,0.35394317795201,0.987,0.957,3.41252153990674e-58,"4","Eif3g"
2.78617382548097e-62,0.692811399649927,0.795,0.597,6.18447004042011e-58,"4","Cenpj"
5.28532058690382e-62,0.412213156230993,0.965,0.916,1.17318261067504e-57,"4","Pfdn6"
6.69653962234246e-62,0.553066931658538,0.9,0.749,1.48643089997136e-57,"4","Cenpq"
8.02923666048913e-62,0.384341172180971,0.992,0.967,1.78224966152877e-57,"4","Atp6v1g1"
1.3886268688761e-61,0.536733326418427,0.951,0.881,3.08233506084428e-57,"4","Dennd4a"
1.73320957929927e-61,0.842667994682059,0.67,0.464,3.84720530317058e-57,"4","Ahi1"
2.45137160969209e-61,0.466974139660111,0.961,0.885,5.44130956203354e-57,"4","Ubr2"
1.9889219443615e-60,0.889652145241974,0.47,0.261,4.41481003989922e-56,"4","H2ac13"
2.34510760661346e-60,0.279935778044568,0.998,0.996,5.20543535439989e-56,"4","Pafah1b1"
2.51058341460462e-60,0.409233796184861,0.984,0.889,5.57274200539788e-56,"4","Pola1"
2.93959645830376e-60,0.385232317694046,0.984,0.938,6.52502225849686e-56,"4","Rad50"
4.82182086624834e-60,0.538007240011524,0.83,0.58,1.07029957768114e-55,"4","Nuf2"
1.30851814104777e-59,0.356996914344025,0.993,0.939,2.90451771768373e-55,"4","Lsm2"
3.0688083199869e-59,0.578739191129904,0.852,0.633,6.81183382787492e-55,"4","Trip13"
3.13239596970761e-59,0.413941325321953,0.977,0.935,6.95297933395999e-55,"4","Lims1"
4.16278918197847e-59,0.287430471489196,1,0.996,9.24014314723761e-55,"4","Luc7l2"
9.79799248504637e-59,0.25414082346321,0.995,0.994,2.17486039190574e-54,"4","Sf3b2"
1.9903006053144e-58,0.836022797939463,0.515,0.299,4.41787025361637e-54,"4","H2ac4"
4.95061523807572e-58,0.734455295843387,0.631,0.403,1.09888806439567e-53,"4","Cenpi"
5.48889580800455e-58,0.601640911447091,0.834,0.691,1.21837020250277e-53,"4","Trim35"
8.16059647369114e-58,0.440879132161935,0.964,0.754,1.81140759926522e-53,"4","Cenpe"
1.00082870044031e-57,0.915040885310179,0.515,0.311,2.22153946636736e-53,"4","D6Wsu163e"
2.13901574060913e-57,0.538033894965399,0.856,0.684,4.74797323943008e-53,"4","Nup62"
2.84347671726713e-57,0.550910931284019,0.897,0.736,6.31166526931785e-53,"4","Wdr76"
3.67627830159846e-57,0.620412857988965,0.8,0.601,8.16023494605811e-53,"4","Sclt1"
7.27406021088175e-57,0.632686428776999,0.631,0.381,1.61462314500942e-52,"4","H3c11"
1.43208674100891e-56,0.380594207432732,0.976,0.931,3.17880293901749e-52,"4","Rheb"
1.9694670333259e-56,0.413983877307438,0.982,0.809,4.3716259738735e-52,"4","Tpx2"
3.89940026964794e-56,0.802169648097952,0.58,0.371,8.65549877853752e-52,"4","Dsn1"
7.9805566368687e-56,0.827541939277173,0.529,0.319,1.77144415668575e-51,"4","Ska3"
8.94157860860589e-56,0.867997636074219,0.617,0.417,1.98476220375225e-51,"4","Scpep1"
1.73657955721814e-55,0.452518891190885,0.948,0.827,3.85468564315712e-51,"4","Brd8"
1.74169775087557e-55,0.512431739265459,0.869,0.71,3.8660464976185e-51,"4","Pmf1"
2.07041276257388e-55,0.548436118206189,0.885,0.774,4.59569520908525e-51,"4","Snhg6"
2.60571224521163e-55,0.47375572443137,0.905,0.682,5.78389947069626e-51,"4","Bub1b"
5.12629570703144e-55,0.577513052868991,0.706,0.46,1.13788385808977e-50,"4","Ccnf"
5.9789192552746e-55,0.666606891692691,0.762,0.578,1.3271407070933e-50,"4","Gtf2a1"
8.79542448586565e-55,1.009143504648,0.389,0.207,1.9523203731276e-50,"4","H2bc9"
9.2485104079711e-55,1.0498565027134,0.362,0.189,2.05289185525734e-50,"4","H2bc8"
1.0877633087112e-54,0.271514089038881,0.998,0.985,2.41450821634626e-50,"4","Anp32e"
1.52444154948627e-54,0.626237196606561,0.787,0.611,3.38380290739467e-50,"4","Myg1"
1.65842838214718e-54,0.78184263362764,0.982,0.958,3.68121347985209e-50,"4","Snhg1"
2.02980233786218e-54,0.416876837707454,0.973,0.918,4.50555224935267e-50,"4","Nop14"
4.65610025744169e-54,0.494573115546569,0.929,0.827,1.03351457414433e-49,"4","Nfyb"
7.9847292333492e-54,0.526586136564016,0.887,0.732,1.77237034792652e-49,"4","Pold3"
2.41873606933807e-53,0.471417518521969,0.914,0.735,5.36886845310971e-49,"4","Asf1b"
4.8153365415751e-53,0.528239549558513,0.818,0.583,1.06886025213342e-48,"4","Spdl1"
6.47505334657039e-53,0.812784450807845,0.54,0.336,1.43726759133823e-48,"4","Zranb3"
1.33397982039891e-52,0.374326226714952,0.935,0.774,2.96103500733946e-48,"4","H2ax"
1.42670047726387e-52,0.567809686194121,0.778,0.554,3.16684704938261e-48,"4","Bard1"
2.47704303407004e-52,0.377765067953036,0.989,0.854,5.49829242272527e-48,"4","Rrm2"
1.4725195782629e-51,0.623492938112304,0.814,0.688,3.26855170787016e-47,"4","Sos1"
2.91141978914124e-51,0.358459010741573,0.985,0.929,6.46247850595682e-47,"4","Ckap5"
4.86669802762212e-51,0.519318355527405,0.876,0.756,1.08026096119128e-46,"4","Mettl1"
7.10579523314791e-51,0.783099320803738,0.457,0.264,1.57727336790184e-46,"4","Depdc1b"
7.12154834201763e-51,0.255291784189807,0.997,0.991,1.58077008547765e-46,"4","Dnajc2"
1.48858531248974e-50,0.576487635595935,0.718,0.494,3.30421281813347e-46,"4","Ticrr"
2.56007566707932e-50,0.357062442013793,0.971,0.737,5.68259995821597e-46,"4","Kif20b"
3.93732025064458e-50,0.546060233313589,0.832,0.656,8.73966976035576e-46,"4","Haus4"
6.13947839358202e-50,0.386264148441038,0.965,0.907,1.3627800190234e-45,"4","Vars"
7.8110514398155e-50,0.514579363658304,0.885,0.71,1.73381908809585e-45,"4","Ccdc34"
1.1255674699596e-49,0.735829517716795,0.634,0.438,2.49842211306933e-45,"4","Tdp1"
1.46927750486074e-49,0.475218044841257,0.776,0.536,3.26135527753938e-45,"4","Kif18a"
1.90373720139425e-49,0.662160540131423,0.693,0.506,4.22572546593481e-45,"4","Spata24"
1.9451592428316e-49,0.500651316939381,0.841,0.646,4.31766997131331e-45,"4","Mis18a"
2.94571217283281e-49,0.479318940690386,0.911,0.819,6.53859731003699e-45,"4","Wdr74"
4.16726836527415e-49,0.42332684564926,0.922,0.833,9.25008559039904e-45,"4","Ruvbl2"
5.16223445177869e-49,0.460112724192795,0.924,0.786,1.14586118126132e-44,"4","Cep295"
7.47964113437495e-49,0.541108559639776,0.839,0.709,1.66025594259721e-44,"4","Arid5a"
7.52983761815144e-49,0.530331643802069,0.842,0.667,1.67139805610108e-44,"4","Suv39h1"
2.28631528922956e-48,0.614305353270724,0.78,0.627,5.07493404750285e-44,"4","Tbpl1"
4.04899836487364e-48,1.17011593765476,0.387,0.22,8.98756167051002e-44,"4","Hectd2"
7.77998809648459e-48,0.445677773770152,0.911,0.764,1.72692395777668e-43,"4","Rfwd3"
8.0241341803645e-48,0.281032992114904,0.996,0.988,1.78111706401551e-43,"4","Pbrm1"
1.58443781464474e-47,0.742660337587735,0.558,0.36,3.51697661716693e-43,"4","Sft2d2"
3.55175185348844e-47,0.269834722850178,0.995,0.979,7.88382358918828e-43,"4","Impdh2"
4.43139903210422e-47,0.500687296150613,0.814,0.605,9.83637643156174e-43,"4","Lin54"
5.27905786042192e-47,0.373117725872425,0.947,0.785,1.17179247327785e-42,"4","Tacc3"
7.11601642217338e-47,0.727048432823613,0.538,0.338,1.57954216522983e-42,"4","H4c3"
1.94397306608765e-46,0.509257677448037,0.81,0.636,4.31503701479477e-42,"4","Nup133"
2.0235448747823e-46,0.731740155904895,0.484,0.29,4.49166255855427e-42,"4","Mxd3"
2.18125001058108e-46,0.542791029430032,0.839,0.702,4.84172064848682e-42,"4","Mrps31"
2.75393645782767e-46,0.291879778187578,0.993,0.97,6.11291275544008e-42,"4","Cbx1"
5.45204163110164e-46,0.314724520538475,0.977,0.943,1.21018968085563e-41,"4","Psmc5"
1.03509573582007e-45,0.682044329728057,0.644,0.45,2.2976020047998e-41,"4","Sesn2"
1.11960062941439e-45,0.439001276317823,0.956,0.882,2.48517751711112e-41,"4","Bin2"
1.16025473096246e-45,0.522899761810761,0.845,0.706,2.57541742631737e-41,"4","Pdcd2"
1.23183057124566e-45,0.499167972250842,0.679,0.444,2.734294318994e-41,"4","Kifc1"
1.79879172336735e-45,0.456855602941182,0.893,0.779,3.99277798835851e-41,"4","0610010K14Rik"
5.1513864690416e-45,0.446836138488333,0.907,0.787,1.14345325453316e-40,"4","Fam13b"
6.82094502802635e-45,0.45547849423979,0.915,0.823,1.51404516787101e-40,"4","Pla2g12a"
1.10086127294706e-44,0.425515421156763,0.856,0.661,2.44358176756058e-40,"4","Ska2"
1.18987619416264e-44,0.280157994393798,0.997,0.99,2.64116818818282e-40,"4","Cd53"
1.65232185494999e-44,1.04132674915281,0.281,0.137,3.66765882143249e-40,"4","Clec2i"
1.71536187882316e-44,0.541583015249193,0.788,0.624,3.80758876242376e-40,"4","Gins4"
1.83425659591113e-44,0.66447334052185,0.568,0.373,4.07149936594394e-40,"4","Foxm1"
2.1169831263919e-44,0.431983590129054,0.95,0.889,4.69906744565209e-40,"4","Anapc16"
6.18334075129936e-44,0.323084602194452,0.991,0.936,1.37251614656592e-39,"4","Rad21"
6.69441140950647e-44,1.05109547699735,0.275,0.135,1.48595850056815e-39,"4","H2bc15"
1.03139035384404e-43,0.790036356844987,0.44,0.266,2.28937716842762e-39,"4","Oip5"
1.05581962256404e-43,0.25466704769023,0.997,0.991,2.34360281620541e-39,"4","Calm2"
1.2366606984969e-43,0.508920471167771,0.931,0.884,2.74501575245357e-39,"4","Ero1a"
1.99363862784221e-43,0.328755806431098,0.995,0.945,4.42527966222135e-39,"4","Cks2"
2.21171186662504e-43,0.336211224492159,0.967,0.896,4.90933683034759e-39,"4","Aarsd1"
2.37175378217791e-43,0.572292795555809,0.876,0.762,5.2645818703003e-39,"4","Snhg5"
2.47640463570158e-43,0.527408502574011,0.675,0.457,5.49687536986679e-39,"4","Kif2c"
2.63757933557904e-43,0.423577194131705,0.915,0.844,5.85463485118479e-39,"4","Mrps18b"
2.76259497393915e-43,0.447943333003588,0.911,0.745,6.13213206365274e-39,"4","Rfc3"
4.44758050651188e-43,0.275201805354703,0.987,0.969,9.87229445030442e-39,"4","Psmc3"
4.66590555195102e-43,0.356292896115899,0.972,0.921,1.03569105536657e-38,"4","Ubald2"
5.41272195077686e-43,0.532113005508688,0.779,0.597,1.20146189141394e-38,"4","Timeless"
1.51303725424871e-42,0.582994888659385,0.858,0.734,3.35848879325585e-38,"4","Gclm"
2.84689528153591e-42,0.722360630352536,0.494,0.311,6.31925345642525e-38,"4","Pkmyt1"
4.01539016060012e-42,0.633588702870029,0.556,0.37,8.91296153948409e-38,"4","E2f7"
4.80722065161126e-42,0.294914701637335,0.981,0.958,1.06705876803815e-37,"4","Ndufs7"
7.52242634849407e-42,0.425653310757166,0.807,0.568,1.66975297657523e-37,"4","Plk1"
9.92155678699315e-42,0.316323318626634,0.978,0.946,2.20228796000887e-37,"4","Psmc2"
1.77387119244499e-41,0.445852791227795,0.972,0.956,3.93746188587014e-37,"4","Esd"
2.94424496171115e-41,0.489660607351347,0.78,0.626,6.53534054151023e-37,"4","Nup43"
4.02330450065574e-41,0.556135833084941,0.729,0.556,8.93052900010554e-37,"4","Cdkn1b"
4.33092955493706e-41,0.774455385525218,0.831,0.723,9.61336433309379e-37,"4","Snhg12"
4.54209288077945e-41,0.502290595292049,0.853,0.717,1.00820835674662e-36,"4","Sp1"
1.47234818050367e-40,0.90928177232521,0.375,0.219,3.268171256264e-36,"4","Btbd8"
1.65126847018988e-40,0.29676684846705,0.999,0.996,3.66532062328047e-36,"4","Hif1a"
3.1685113179926e-40,0.492843191984131,0.693,0.477,7.03314457254818e-36,"4","Depdc1a"
3.68393213645133e-40,0.393533118893663,0.933,0.823,8.17722416328101e-36,"4","Ctdspl2"
4.34060963218961e-40,0.726144934254619,0.664,0.504,9.63485120057129e-36,"4","Pde4d"
4.36640488458307e-40,0.294394197633981,0.991,0.953,9.69210892230903e-36,"4","Lsm8"
9.2383115153908e-40,1.04774643465005,0.344,0.195,2.0506280070713e-35,"4","Gbp11"
1.22342571394865e-39,0.389185833780002,0.929,0.814,2.71563805725182e-35,"4","Cep57"
1.35979905428299e-39,0.752388528884966,0.479,0.31,3.01834596079195e-35,"4","Nsl1"
1.70849653609166e-39,0.470879381727256,0.824,0.695,3.79234976116265e-35,"4","Hdac4"
1.79295939490539e-39,0.422146563927626,0.809,0.608,3.9798319688715e-35,"4","Arhgap11a"
4.56572782714478e-39,0.644622876749611,0.587,0.411,1.01345460579133e-34,"4","Xndc1"
5.90983041200664e-39,0.563897394169125,0.595,0.395,1.31180505655311e-34,"4","Eme1"
8.30330105891517e-39,0.255419161374008,0.99,0.984,1.8430837360474e-34,"4","Sltm"
9.50936416630359e-39,0.373102860300106,0.949,0.817,2.11079356399441e-34,"4","Dleu2"
1.02594826831475e-38,0.38810835130506,0.894,0.778,2.27729737117825e-34,"4","Tex30"
1.27225181899176e-38,0.280847561377451,0.986,0.958,2.824017362616e-34,"4","Mrpl23"
1.43469089273121e-38,0.536525670679941,0.665,0.476,3.18458337459546e-34,"4","Mybl2"
1.47560420192072e-38,0.55891220638774,0.605,0.416,3.27539864700342e-34,"4","Haspin"
1.76326803984476e-38,0.704683102776726,0.547,0.372,3.91392606804342e-34,"4","E130307A14Rik"
2.15781917535379e-38,0.58608864126239,0.716,0.564,4.78971122353282e-34,"4","Mafg"
2.24419251485127e-38,0.387196364627124,0.807,0.585,4.98143412521536e-34,"4","Kif23"
2.5709063464588e-38,0.88524326794868,0.342,0.193,5.70664081723459e-34,"4","H4c1"
2.68031960263654e-38,0.416556638056354,0.855,0.694,5.94950542197232e-34,"4","Meaf6"
3.07707161463161e-38,0.34287164846345,0.957,0.885,6.83017586299779e-34,"4","Ifrd1"
3.14459335639709e-38,0.608197623830794,0.587,0.404,6.98005387319462e-34,"4","Nfatc2ip"
4.02379514850428e-38,0.56138433359839,0.68,0.505,8.93161809113495e-34,"4","Pon2"
5.9063184439713e-38,0.649214965184512,0.482,0.306,1.31102550500831e-33,"4","Kifc5b"
5.93575729940957e-38,0.322188606515776,0.969,0.919,1.31756004774994e-33,"4","Rpa3"
8.13508995155648e-38,0.472900735448319,0.752,0.577,1.80574591654699e-33,"4","Lockd"
1.18701347142202e-37,0.624605883015331,0.562,0.388,2.63481380251546e-33,"4","Ccdc18"
1.41787745152672e-37,0.502924642891394,0.762,0.583,3.14726257915387e-33,"4","Chek1"
2.0324231900668e-37,0.2670720208447,0.99,0.967,4.51136975499128e-33,"4","Eif3d"
2.69420554763782e-37,0.747074143373395,0.442,0.276,5.98032805409166e-33,"4","Cenpu"
3.03044228946683e-37,0.83793522879092,0.342,0.194,6.72667274992952e-33,"4","Mrnip"
3.30190601315799e-37,0.445301616693597,0.871,0.741,7.3292407774068e-33,"4","Hmgxb4"
6.38595846902821e-37,0.574145269203363,0.659,0.488,1.41749120137019e-32,"4","Pold1"
7.44193229282424e-37,0.25807922113652,0.991,0.972,1.6518857110382e-32,"4","Nop53"
8.45036527974427e-37,0.536275193471659,0.678,0.489,1.87572758114484e-32,"4","Cdc7"
1.27216080693546e-36,0.498346028090542,0.742,0.561,2.82381534315465e-32,"4","Psmc3ip"
1.31524279654681e-36,0.446693328359769,0.828,0.682,2.91944443549495e-32,"4","Zfp639"
1.33977820601839e-36,0.845952741486462,0.365,0.216,2.97390568389901e-32,"4","Hrob"
2.22993179717176e-36,0.315074289754558,0.958,0.737,4.94977961018215e-32,"4","Ccna2"
2.606705865635e-36,0.751085029882432,0.52,0.357,5.78610500995001e-32,"4","Myb"
3.97052024394088e-36,0.350802924589898,0.936,0.784,8.81336378547557e-32,"4","Atad5"
4.48953520828405e-36,0.496316578041282,0.833,0.719,9.96542130182811e-32,"4","Ube2w"
4.52241182627985e-36,0.354444671681534,0.947,0.873,1.00383975307934e-31,"4","Gabpb2"
6.45792645978116e-36,0.56030121869069,0.557,0.369,1.43346593627762e-31,"4","H2bc11"
6.79978423053724e-36,0.542913343991719,0.696,0.528,1.50934810565235e-31,"4","Zw10"
7.78359728787693e-36,0.318420142446363,0.974,0.916,1.72772508999004e-31,"4","Cep83"
8.02861873624163e-36,0.430195536841711,0.86,0.767,1.78211250088355e-31,"4","Zfp131"
1.04871465964687e-35,0.495675833191072,0.77,0.623,2.32783193001815e-31,"4","Bclaf3"
1.25862334065879e-35,0.470752956524984,0.784,0.624,2.79376622926031e-31,"4","Stk40"
1.45512169062505e-35,0.701536480771667,0.437,0.274,3.22993361668041e-31,"4","Cntrob"
2.68853908406691e-35,0.422600245113611,0.675,0.465,5.96775020490331e-31,"4","Parpbp"
2.88015514389331e-35,0.409757797865089,0.882,0.715,6.39308037289999e-31,"4","Cenph"
3.4686469364763e-35,0.68995038034562,0.515,0.346,7.69935560489645e-31,"4","Traip"
3.6320810636892e-35,0.560658648812544,0.696,0.556,8.06213033707092e-31,"4","Dnaja3"
4.01047539973164e-35,0.288106811607147,0.986,0.954,8.90205224478431e-31,"4","Stag2"
4.03150789733957e-35,0.358541395988275,0.94,0.882,8.94873807972464e-31,"4","Safb"
4.35083985292715e-35,0.39839625864925,0.876,0.762,9.65755922154239e-31,"4","Asf1a"
4.90323540748085e-35,0.256484898375807,0.998,0.956,1.08837116339852e-30,"4","Pclaf"
5.58624163726063e-35,0.468421069716453,0.813,0.676,1.23997805622274e-30,"4","Mcrip1"
6.83327963116164e-35,0.576626828068126,0.533,0.359,1.51678307972895e-30,"4","Cdkn2c"
7.55511653746426e-35,0.614622814381332,0.523,0.347,1.67700921782094e-30,"4","E2f2"
7.67162764955409e-35,0.346534179242448,0.933,0.868,1.70287118937152e-30,"4","Ngdn"
8.27775602800634e-35,0.428423970734165,0.902,0.802,1.83741350553657e-30,"4","Eea1"
9.97271680936126e-35,0.545057823279944,0.765,0.641,2.21364395017392e-30,"4","Ascc2"
1.03533217798164e-34,0.286171788868755,0.973,0.924,2.29812683546584e-30,"4","Nsmce4a"
1.21474238773832e-34,0.397653437973075,0.867,0.721,2.69636367806274e-30,"4","Cdca4"
1.69694115710453e-34,0.921768279514156,0.28,0.151,3.76670028642492e-30,"4","H4c6"
1.74311017463094e-34,0.261009240438233,0.99,0.958,3.86918165462831e-30,"4","Ddx27"
1.75741297906979e-34,0.275414098964307,1,0.998,3.90092958964122e-30,"4","Malat1"
1.78094838542917e-34,0.600505090149197,0.653,0.49,3.95317113113713e-30,"4","Ccdc9"
1.78864765515088e-34,0.275765219159786,0.987,0.955,3.9702612001384e-30,"4","Naa50"
2.7033325365584e-34,0.41865179458674,0.868,0.732,6.00058723139869e-30,"4","Dhfr"
2.90964235587177e-34,0.512663916214785,0.569,0.386,6.45853313732856e-30,"4","Cenpl"
3.55468483813201e-34,0.840974267351411,0.344,0.204,7.89033393520161e-30,"4","H2ac6"
4.58725158730001e-34,0.468115822968946,0.741,0.563,1.01823223483298e-29,"4","Lin9"
7.86522983256665e-34,0.578903802420303,0.58,0.418,1.74584506593482e-29,"4","Cep44"
8.43593068029469e-34,0.576548541230842,0.647,0.481,1.87252353310501e-29,"4","Mnd1"
9.84585169621339e-34,0.285517880735351,0.98,0.944,2.18548370100849e-29,"4","Utp11"
1.2630662250607e-33,0.316657437887782,0.95,0.875,2.80362809976724e-29,"4","Ubl4a"
1.2912850649374e-33,0.319804006717156,0.965,0.917,2.86626545864154e-29,"4","Iws1"
1.30328274891231e-33,0.501807425969597,0.711,0.529,2.89289671776065e-29,"4","Cenpk"
1.46093558457855e-33,0.265179740878776,0.958,0.827,3.24283871708901e-29,"4","D17H6S56E-5"
2.4803302175045e-33,0.30012262508213,0.998,0.991,5.50558898379474e-29,"4","Eif5"
2.79026860258303e-33,0.638740266409314,0.493,0.33,6.19355921715355e-29,"4","9430015G10Rik"
2.99822384123029e-33,0.400939880610087,0.989,0.948,6.65515746037887e-29,"4","1110038B12Rik"
5.2575988486737e-33,0.406842829588901,0.884,0.769,1.1670292164401e-28,"4","Maz"
5.35959651923398e-33,0.267027756118373,0.984,0.96,1.18966963937437e-28,"4","Arf6"
5.51059804904896e-33,0.605876025606885,0.609,0.457,1.2231874489474e-28,"4","Siah2"
7.78422790752606e-33,0.381788306726293,0.814,0.625,1.72786506863356e-28,"4","Bora"
1.26254476956992e-32,0.442210883388658,0.857,0.747,2.80247062501436e-28,"4","Tubgcp2"
1.49850480849401e-32,0.268226218572381,0.971,0.934,3.32623112341415e-28,"4","Mrpl35"
1.91390645470622e-32,0.26335513367805,0.994,0.953,4.2482981575114e-28,"4","Topbp1"
3.45159837564255e-32,0.328735151385456,0.8,0.597,7.66151291441377e-28,"4","Ect2"
3.76876497337427e-32,0.675514131693177,0.455,0.303,8.36552761139886e-28,"4","Ccdc15"
4.04350972214363e-32,0.843673646060577,0.307,0.174,8.97537853024222e-28,"4","Glce"
4.07207612557526e-32,0.480797047690384,0.544,0.368,9.0387873759394e-28,"4","Kif18b"
4.10528342980065e-32,0.272537495176686,0.984,0.957,9.1124976291285e-28,"4","Sipa1l1"
4.47468476597413e-32,0.436775545698466,0.743,0.572,9.93245777503278e-28,"4","Cep57l1"
6.23782950435094e-32,0.476771613916327,0.762,0.605,1.38461101508078e-27,"4","Cdk5rap2"
6.74352676893276e-32,0.540745036446842,0.723,0.591,1.49686063690001e-27,"4","Glmn"
7.16272728337457e-32,0.42567665589781,0.769,0.608,1.58991057509065e-27,"4","Ing2"
1.48711831890838e-31,0.34696100154074,0.904,0.782,3.30095653248093e-27,"4","Pcnt"
1.89502926072114e-31,0.287559914931457,0.965,0.914,4.20639645002272e-27,"4","Ide"
1.91640454729167e-31,0.269099626693811,0.925,0.71,4.25384317362333e-27,"4","Cep55"
2.31500560848639e-31,0.491886307909041,0.555,0.378,5.13861794915724e-27,"4","Mtfr2"
2.61159627506297e-31,0.562170648573292,0.671,0.531,5.79696025175727e-27,"4","Gsto1"
2.79162237807715e-31,0.260050408004938,0.973,0.942,6.19656419261785e-27,"4","Eif6"
8.50064521504635e-31,0.646569375573352,0.522,0.369,1.88688821838384e-26,"4","Tinf2"
1.01242129580802e-30,0.426923025040482,0.792,0.649,2.24727155030506e-26,"4","Haus1"
1.03486739582727e-30,0.706590080051258,0.351,0.213,2.29709515851779e-26,"4","H2bc3"
1.16990041925828e-30,0.49905103839184,0.696,0.546,2.5968279606276e-26,"4","Clcn5"
1.29720622195248e-30,0.558884927932159,0.592,0.426,2.87940865086792e-26,"4","Mgme1"
1.43506454880361e-30,0.320996250391918,0.918,0.761,3.18541277897937e-26,"4","Mad2l1"
1.54628166957983e-30,0.448904851852741,0.597,0.409,3.43228142196635e-26,"4","Prr11"
1.56421739384156e-30,0.460278319696,0.676,0.514,3.47209334911012e-26,"4","Ttf2"
2.28018203296088e-30,0.431767936255054,0.742,0.59,5.06132005856327e-26,"4","Zbtb20"
2.3439232428956e-30,0.363790849991669,0.883,0.78,5.20280642225536e-26,"4","Ing1"
2.41961787098017e-30,0.522991034432371,0.575,0.41,5.37082578821468e-26,"4","Palb2"
2.46734510955942e-30,0.517802864810326,0.695,0.551,5.47676593968904e-26,"4","Cnppd1"
2.85621546875794e-30,0.518634044563832,0.659,0.508,6.339941476002e-26,"4","Gle1"
3.02261276615811e-30,0.557583764942782,0.617,0.455,6.70929355704116e-26,"4","Ccp110"
3.59496626497575e-30,0.474553637631202,0.706,0.553,7.97974661836666e-26,"4","Tmco4"
3.78203097811186e-30,0.359332400664852,0.849,0.706,8.39497416211489e-26,"4","Nup85"
5.24216986338321e-30,0.45859259277622,0.747,0.609,1.16360444457517e-25,"4","Rbbp5"
5.66035018921735e-30,0.743800696539784,0.351,0.216,1.25642793150058e-25,"4","Pan2"
7.52704883465327e-30,0.50995241398969,0.533,0.365,1.67077902982799e-25,"4","Ercc6l"
8.77612198037736e-30,0.989567741210728,0.253,0.138,1.94803579598436e-25,"4","H4c18"
1.14931039639044e-29,0.285149628904248,0.967,0.915,2.55112428686786e-25,"4","Mrpl13"
1.52887793497165e-29,0.747010548571005,0.446,0.305,3.39365035225657e-25,"4","Erlin1"
2.10268027698088e-29,0.448528651724706,0.702,0.546,4.66731941081445e-25,"4","Tubg1"
2.18646461352835e-29,0.342551894151189,0.9,0.814,4.85329550264887e-25,"4","Pin4"
2.39523096421597e-29,0.414008599562317,0.782,0.654,5.31669417127018e-25,"4","Pign"
2.61915934719548e-29,0.262179914924871,0.994,0.854,5.81374800296982e-25,"4","Birc5"
2.93068039342716e-29,0.372950846535847,0.838,0.73,6.50523126929026e-25,"4","Hscb"
3.7158905554692e-29,0.369071276461529,0.848,0.732,8.24816226597499e-25,"4","Sos2"
3.86842872611729e-29,0.607108754315561,0.487,0.336,8.58675124336254e-25,"4","Sh2b1"
4.76278400514727e-29,0.28467395845158,0.963,0.845,1.05719516562254e-24,"4","Dbf4"
4.84689310032156e-29,0.288325124311572,0.973,0.936,1.07586486147838e-24,"4","Pals2"
5.91669245110863e-29,0.265768689492766,0.977,0.925,1.31332822337258e-24,"4","Mrps17"
9.85731793726525e-29,0.373819972717796,0.857,0.734,2.18802886253477e-24,"4","Rcc1"
1.13780222677545e-28,0.323169643470312,0.909,0.85,2.52557960277348e-24,"4","Slc25a39"
1.36630177097482e-28,0.403340260371234,0.816,0.671,3.0327800410328e-24,"4","Spidr"
1.49278288709516e-28,0.703694707935278,0.526,0.383,3.31353017448512e-24,"4","Relb"
1.54147443756055e-28,0.317399658959051,0.911,0.755,3.42161080905316e-24,"4","Ccne1"
1.67783089236923e-28,0.333928813397577,0.877,0.768,3.72428123179199e-24,"4","Mre11a"
1.74387636732891e-28,0.257780990053421,0.984,0.955,3.87088237255999e-24,"4","Arid1a"
1.97455680074749e-28,0.948120384877195,0.5,0.367,4.3829237306192e-24,"4","5430416N02Rik"
2.25480912073457e-28,0.525521519569095,0.544,0.391,5.00499980529453e-24,"4","Xrcc1"
2.53895348161698e-28,0.810326449643298,0.315,0.191,5.63571504314522e-24,"4","Zfp382"
3.56214380139652e-28,0.65702342264655,0.345,0.211,7.90689059595987e-24,"4","2010016I18Rik"
4.78252998971998e-28,0.355197225668374,0.716,0.537,1.06157818181814e-23,"4","Kpna2"
5.01202738223152e-28,0.432533595402966,0.764,0.629,1.11251971803393e-23,"4","Sgf29"
5.33996349378657e-28,0.294077514868409,0.92,0.843,1.1853116967158e-23,"4","Mrpl2"
5.75747004119419e-28,0.368555758928435,0.871,0.763,1.27798562504388e-23,"4","Odf2"
6.8027873373226e-28,0.452041667987852,0.699,0.556,1.5100147052655e-23,"4","Akap8l"
6.8310742450949e-28,0.52809355175998,0.575,0.417,1.51629355018371e-23,"4","Kif24"
8.8148661155984e-28,0.298254293099742,0.931,0.872,1.95663583167938e-23,"4","Farsb"
1.02096260087225e-27,0.29314691027537,0.907,0.73,2.26623068515613e-23,"4","Dlgap5"
1.07918530519587e-27,0.459537836515654,0.675,0.523,2.39546762194328e-23,"4","Tpk1"
1.63536717561443e-27,0.26357311572158,0.973,0.921,3.63002451971135e-23,"4","Naa10"
1.65930371265143e-27,0.544480041434924,0.584,0.435,3.68315645097238e-23,"4","Ccdc77"
1.76026755969941e-27,0.676035068090133,0.39,0.251,3.90726590226478e-23,"4","Gas2"
1.76532966126615e-27,0.292142517418923,0.939,0.833,3.91850224911248e-23,"4","Mcm5"
1.94086885295683e-27,0.303794921557206,0.943,0.85,4.30814659290828e-23,"4","Srsf4"
2.24735121544039e-27,0.416807329625129,0.733,0.566,4.98844549291303e-23,"4","Zfp367"
2.34385647742703e-27,0.418792462508951,0.823,0.705,5.20265822294478e-23,"4","A430005L14Rik"
3.09671843947528e-27,0.537113726682809,0.481,0.327,6.87378592010329e-23,"4","Fanci"
3.79637277659017e-27,0.427595575291136,0.775,0.663,8.4268086521972e-23,"4","Ppp2cb"
3.99291029614939e-27,0.795850710958888,0.337,0.21,8.86306298436279e-23,"4","Them4"
4.01078498532361e-27,0.475441415272344,0.643,0.482,8.90273943192282e-23,"4","Cdin1"
4.46030991655965e-27,0.305211333035214,0.929,0.868,9.90054992178746e-23,"4","Snrnp48"
4.55131530888571e-27,0.383498328454144,0.842,0.734,1.01025545911336e-22,"4","Vezf1"
5.36456267066032e-27,0.318093970798356,0.914,0.824,1.19077197600647e-22,"4","Med8"
5.65176330465693e-27,0.412818071606676,0.783,0.668,1.2545219007347e-22,"4","Mocs2"
5.68306695706261e-27,0.329284310048756,0.944,0.847,1.26147037245919e-22,"4","Uhrf1"
6.80827131123834e-27,0.332130066937369,0.687,0.495,1.51123198295557e-22,"4","Aurka"
7.77501091055309e-27,0.362862696569156,0.738,0.558,1.72581917181547e-22,"4","Exo1"
7.78268424301659e-27,0.322841554001869,0.892,0.796,1.72752242142239e-22,"4","Parp2"
8.12049327434725e-27,0.423590893417247,0.791,0.666,1.80250589210686e-22,"4","Sap30"
9.29102519881313e-27,0.545028251504813,0.587,0.435,2.06232886338055e-22,"4","Jazf1"
1.08598937459225e-26,0.43792174206663,0.761,0.623,2.41057061478241e-22,"4","Cirbp"
1.33856049608846e-26,0.505350011212777,0.613,0.464,2.97120273316755e-22,"4","Zfp110"
1.51058930942496e-26,0.704993579113256,0.298,0.175,3.35305509013059e-22,"4","Tspyl4"
1.95866078712051e-26,0.378026666726451,0.847,0.713,4.34763934917141e-22,"4","Angel2"
3.02982941777422e-26,0.502418012259713,0.642,0.496,6.72531235863344e-22,"4","P2ry10"
3.33881675213912e-26,0.608933976574371,0.544,0.411,7.41117154472319e-22,"4","Stc2"
3.47107015985391e-26,0.317972354719484,0.887,0.766,7.70473443382773e-22,"4","Nxt1"
8.32399088268724e-26,0.434510844452692,0.657,0.501,1.84767625623009e-21,"4","Polh"
1.14767447145291e-25,0.282136138849176,0.943,0.894,2.54749302428402e-21,"4","Mrpl24"
1.26546675040307e-25,0.351118636008784,0.837,0.719,2.8089565458697e-21,"4","Brip1os"
1.27767664381157e-25,0.579586211152604,0.47,0.328,2.83605884626855e-21,"4","Cenpo"
1.57507385177961e-25,0.514257587556234,0.602,0.449,3.49619142879519e-21,"4","Odf2l"
1.59092011315903e-25,0.334521299500049,0.781,0.637,3.53136537517911e-21,"4","Zgrf1"
1.61230173826019e-25,0.300527332063912,0.907,0.784,3.57882616841615e-21,"4","Nup107"
1.73550441205279e-25,0.269287039878142,0.99,0.957,3.85229914343357e-21,"4","Atp8b4"
1.82334965542934e-25,0.2902781088528,0.947,0.869,4.0472892301565e-21,"4","Numa1"
1.93358368555551e-25,0.279942032327955,0.94,0.846,4.29197570682756e-21,"4","Mcm7"
3.45706565806244e-25,0.395255492363143,0.739,0.6,7.67364864120119e-21,"4","Tdp2"
3.71387469186026e-25,0.681147208767119,0.424,0.291,8.24368765352221e-21,"4","Amz2"
3.73942967302598e-25,0.766264444469402,0.256,0.147,8.30041204521578e-21,"4","Pask"
5.24800913641532e-25,0.593362067406214,0.509,0.37,1.16490058801011e-20,"4","Mcm8"
5.6265767373187e-25,0.57979083284321,0.406,0.273,1.24893123838263e-20,"4","Aunip"
6.10450002411688e-25,0.388170230572498,0.765,0.62,1.35501587035322e-20,"4","Rnf8"
6.33076007184448e-25,0.644477381127224,0.338,0.211,1.40523881314732e-20,"4","H2bc13"
7.37589090090203e-25,0.475852967725655,0.602,0.459,1.63722650327322e-20,"4","Wipi2"
7.77353927353965e-25,0.252850701480048,0.967,0.92,1.7254925125476e-20,"4","Gtf2f1"
8.01805526132044e-25,0.255289906305046,0.973,0.918,1.7797677263553e-20,"4","Taf1"
8.88164423936039e-25,0.445568630335263,0.636,0.481,1.97145857181083e-20,"4","Haus8"
1.06868602019156e-24,0.324649849806788,0.884,0.806,2.37216235901922e-20,"4","Nol12"
1.22539894528103e-24,0.399050176342147,0.78,0.649,2.7200180388403e-20,"4","Echs1"
1.24898088036683e-24,0.297966223434816,0.911,0.818,2.77236286015025e-20,"4","Ccni"
1.28194753081501e-24,0.597695685615102,0.423,0.291,2.84553893415008e-20,"4","Ccdc51"
1.30494671110007e-24,0.366327332392173,0.798,0.671,2.89659021462883e-20,"4","Ing5"
1.67695274744868e-24,0.277453183009934,0.942,0.876,3.72233201351183e-20,"4","Zwint"
2.24434960393847e-24,0.300331544673629,0.906,0.791,4.98178281586222e-20,"4","Cenpc1"
2.78970621181745e-24,0.76461223953133,0.491,0.369,6.1923108783712e-20,"4","Slc43a3"
3.15168833978299e-24,0.280712742656414,0.925,0.861,6.99580260781631e-20,"4","Prpf19"
5.26633251557649e-24,0.708543133044315,0.476,0.344,1.16896782848251e-19,"4","Bbc3"
5.8459241091295e-24,0.316525016562373,0.908,0.821,1.29761977450348e-19,"4","Ak6"
6.10558547087492e-24,0.375697372863142,0.773,0.631,1.35525680697011e-19,"4","Cenpm"
6.46227613322235e-24,0.412871048492784,0.758,0.645,1.43443143329137e-19,"4","Map3k5"
6.50116775748874e-24,0.349626700906289,0.839,0.722,1.44306420712978e-19,"4","Bbip1"
7.49284086754345e-24,0.323404376801585,0.882,0.813,1.66318588736862e-19,"4","Ndufv1"
8.67713564714113e-24,0.620450167120258,0.318,0.194,1.92606379959592e-19,"4","Pcgf1"
1.03399379862908e-23,0.418110106748241,0.747,0.635,2.29515603481696e-19,"4","Mea1"
1.43521107406003e-23,0.342831350083689,0.944,0.908,3.18573802109104e-19,"4","Ccdc47"
1.98857439426817e-23,0.388411346894029,0.747,0.627,4.41403858295706e-19,"4","Hmg20b"
2.19324277369775e-23,0.414918556812577,0.742,0.612,4.86834098477691e-19,"4","Fam76a"
2.42300788476077e-23,0.548732778945654,0.565,0.432,5.37835060180349e-19,"4","B9d2"
2.45407211802666e-23,0.661889817495178,0.347,0.226,5.44730388038378e-19,"4","Enkd1"
2.51069414911127e-23,0.251577810135958,0.957,0.92,5.57298780278228e-19,"4","Timm8a1"
2.87096913321514e-23,0.379658538997913,0.688,0.541,6.37269018499764e-19,"4","Abhd17c"
4.71772010450269e-23,0.280392351783214,0.934,0.871,1.04719233159646e-18,"4","Rbm22"
5.31671334605609e-23,0.781481068341606,0.539,0.414,1.18015086142407e-18,"4","Mt2"
9.22202140511021e-23,0.381544137830356,0.789,0.667,2.04701209129231e-18,"4","Chd1l"
1.0058792226888e-22,0.389693913092096,0.694,0.556,2.23275011060232e-18,"4","Ddx20"
1.27055348389036e-22,0.413018899152637,0.67,0.53,2.82024756819144e-18,"4","Vps72"
1.53657636189175e-22,0.407186214157055,0.636,0.483,3.41073855049111e-18,"4","Nfya"
2.12089375060151e-22,0.335039917159654,0.843,0.725,4.70774785821016e-18,"4","Tceal9"
2.42337338922773e-22,0.366686085449487,0.762,0.623,5.37916191206879e-18,"4","Dck"
2.67445598034482e-22,0.261883652795363,0.955,0.887,5.93648993957141e-18,"4","Fam104a"
3.2065853671488e-22,0.330604926765725,0.824,0.73,7.11765753946019e-18,"4","Exosc4"
3.42895587108165e-22,0.548981115209999,0.473,0.344,7.61125334703994e-18,"4","4930503L19Rik"
3.74764091273403e-22,0.273008778988621,0.94,0.885,8.31863853399573e-18,"4","Gtf2a2"
4.12649363985261e-22,0.80653479569796,0.494,0.388,9.15957793238084e-18,"4","Avpi1"
4.25064227776727e-22,0.504007845609767,0.509,0.38,9.43515066396e-18,"4","Nemp1"
5.07135723634468e-22,0.27939163460569,0.956,0.898,1.12568916575143e-17,"4","Pip4k2a"
5.34874719906791e-22,0.293950865021178,0.862,0.723,1.1872614157771e-17,"4","Rfc5"
5.51954769307992e-22,0.253384062616577,0.976,0.947,1.22517400143295e-17,"4","Hnrnpul2"
5.69793082186141e-22,0.304565252622758,0.897,0.829,1.26476970452858e-17,"4","Mettl9"
5.94813847444954e-22,0.261681001499152,0.939,0.86,1.32030829717356e-17,"4","Psmg2"
6.60183306870423e-22,0.285464615120802,0.897,0.768,1.46540888626028e-17,"4","Fam111a"
7.0475526642448e-22,0.672662478465712,0.297,0.187,1.56434526488242e-17,"4","H2ac11"
7.14788581847154e-22,0.568554640884319,0.464,0.331,1.58661621512613e-17,"4","Dele1"
7.32464949666083e-22,0.266104119363715,0.899,0.825,1.6258524487738e-17,"4","Psmg1"
7.93660717162647e-22,0.285043666742778,0.935,0.858,1.76168869388593e-17,"4","Trim28"
9.24439422808248e-22,0.276855688741994,0.944,0.887,2.05197818680747e-17,"4","Ilf3"
1.1403295201125e-21,0.289387197950983,0.883,0.802,2.53118943579372e-17,"4","Thumpd3"
1.72490496408383e-21,0.560981347843621,0.389,0.267,3.82877154877687e-17,"4","BC055324"
2.07086907272624e-21,0.51294249406175,0.61,0.492,4.59670808073043e-17,"4","Bcl2a1b"
2.11247721666114e-21,0.281466485812013,0.911,0.835,4.68906567782274e-17,"4","Smarcc2"
2.1639601948591e-21,0.402860837721505,0.74,0.617,4.80334244452875e-17,"4","Tsc22d2"
3.23339472318695e-21,0.283638122701991,0.886,0.812,7.17716626705807e-17,"4","Htatsf1"
3.23372669499514e-21,0.434191562902104,0.691,0.563,7.1779031448807e-17,"4","Mettl14"
3.47386881735549e-21,0.287113607107588,0.936,0.874,7.71094661388399e-17,"4","Map4k4"
3.94799674567713e-21,0.37729674183147,0.8,0.709,8.76336837637953e-17,"4","Gnpnat1"
3.99714803883271e-21,0.445915132980866,0.636,0.505,8.87246950179696e-17,"4","Med7"
4.21842115830398e-21,0.357815214312246,0.769,0.657,9.36362944508734e-17,"4","Socs4"
4.48764038313681e-21,0.36457075664418,0.786,0.675,9.96121535844879e-17,"4","Rmnd5a"
4.8554003327805e-21,0.525984201850912,0.511,0.379,1.07775321186729e-16,"4","Rpp40"
4.93595854602159e-21,0.375491163465927,0.725,0.597,1.09563471846041e-16,"4","9130401M01Rik"
5.05559552414247e-21,0.37408433143476,0.787,0.677,1.1221905384939e-16,"4","Slc25a12"
5.07949049033083e-21,0.658194824993836,0.314,0.206,1.12749450413873e-16,"4","Eldr"
5.46045334489864e-21,0.512329158457305,0.536,0.402,1.21205682896715e-16,"4","Tfdp2"
8.59307101803631e-21,0.381468878118465,0.629,0.493,1.90740397387352e-16,"4","Cep152"
8.74410712520192e-21,0.373839852391715,0.985,0.96,1.94092945858107e-16,"4","Zfas1"
1.06397523995902e-20,0.326111473600724,0.791,0.686,2.36170584013704e-16,"4","Sin3a"
1.38560110305358e-20,0.325629680986518,0.769,0.636,3.07561876844803e-16,"4","Gemin6"
1.40428599109923e-20,0.479294131571333,0.54,0.408,3.11709361444295e-16,"4","Gstp3"
1.44610559102292e-20,0.283399627118184,0.916,0.838,3.20992058039357e-16,"4","Ciapin1"
1.64026409938138e-20,0.33832341757802,0.815,0.699,3.64089422139684e-16,"4","Wwox"
1.7022167605085e-20,0.327391498391739,0.824,0.705,3.77841054330071e-16,"4","Xpo5"
1.71358900476223e-20,0.392078742251942,0.7,0.568,3.80365351387072e-16,"4","Gid4"
1.76362795530883e-20,0.443649568551727,0.54,0.409,3.91472497239901e-16,"4","Kdm4a"
1.89670084001141e-20,0.367700907233691,0.693,0.559,4.21010685457332e-16,"4","Pknox1"
1.91696275280416e-20,0.372642588006523,0.777,0.687,4.25508222239938e-16,"4","Zyg11b"
2.42556905199499e-20,0.395782676783081,0.701,0.584,5.38403562471328e-16,"4","Tsr3"
2.69694941755512e-20,0.351687798786077,0.755,0.632,5.98641862214711e-16,"4","Mdfic"
3.24940633555786e-20,0.346676782042517,0.795,0.669,7.21270724303778e-16,"4","Zfp511"
3.28666180562519e-20,0.509506479320933,0.509,0.386,7.29540320994623e-16,"4","Kctd9"
3.44046781912851e-20,0.478397689745226,0.493,0.36,7.63680641811955e-16,"4","Alms1"
3.50977792838866e-20,0.299128671192194,0.885,0.774,7.7906540676443e-16,"4","Usp37"
3.51738287597504e-20,0.299458598872004,0.788,0.669,7.80753476980179e-16,"4","Scaper"
3.67394447671728e-20,0.266257929640111,0.887,0.796,8.15505455496935e-16,"4","Timm50"
4.16066520112709e-20,0.301193590257454,0.844,0.757,9.2354285469418e-16,"4","Mtln"
4.46838778063476e-20,0.574617743822142,0.34,0.228,9.91848035667497e-16,"4","Hyls1"
6.18222523529252e-20,0.531232664706835,0.404,0.282,1.37226853547788e-15,"4","Scnm1"
6.75115050087094e-20,0.375149621143185,0.685,0.555,1.49855287667832e-15,"4","Lrrfip2"
6.90768777131045e-20,0.337302311280308,0.791,0.677,1.53329945459778e-15,"4","Fxn"
7.64043579570564e-20,0.384965457553467,0.758,0.652,1.69594753357278e-15,"4","Bcl10"
8.32727699690746e-20,0.455890448221532,0.562,0.433,1.84840567500355e-15,"4","Rtel1"
1.08914513467393e-19,0.427862259735601,0.595,0.471,2.41757545543573e-15,"4","Ipp"
1.13728719768089e-19,0.332883507764095,0.845,0.736,2.52443639269227e-15,"4","Mphosph9"
1.28107743338209e-19,0.660295971789532,0.315,0.206,2.84360757887822e-15,"4","Nat9"
1.29511414234178e-19,0.371581501438471,0.774,0.658,2.87476486175604e-15,"4","Tasor"
1.40542667932172e-19,0.349796451960511,0.713,0.592,3.11962560009041e-15,"4","Gmeb1"
1.43829075787115e-19,0.487810088962808,0.525,0.397,3.1925739952466e-15,"4","Samd1"
1.48361835090495e-19,0.297226995864409,0.795,0.662,3.29318765350371e-15,"4","Mad1l1"
1.56760629199459e-19,0.294994101945552,0.838,0.744,3.4796156863404e-15,"4","Aimp2"
1.76193346399884e-19,0.509253603085386,0.43,0.311,3.91096371003822e-15,"4","Zfp101"
1.99461628947993e-19,0.434763935639204,0.595,0.468,4.42744977775859e-15,"4","U2af1l4"
2.20129680882661e-19,0.262077582965942,0.945,0.897,4.88621852655242e-15,"4","Sp3"
2.37316943133162e-19,0.423580434350682,0.511,0.386,5.2677241867268e-15,"4","D5Ertd579e"
2.37621752370565e-19,0.315359722776125,0.837,0.733,5.27449003736943e-15,"4","Cenpv"
2.43272532199033e-19,0.453631487556225,0.468,0.346,5.39992039722194e-15,"4","Mbd4"
2.55535318252106e-19,0.250650464041724,0.925,0.871,5.672117459242e-15,"4","Supt20"
2.88552289075465e-19,0.360707461798934,0.695,0.566,6.40499516060809e-15,"4","Rnaseh2a"
3.12951008947837e-19,0.328518294392663,0.707,0.561,6.94657354561513e-15,"4","Fancm"
3.53018600720247e-19,0.339254101689174,0.735,0.601,7.83595388018732e-15,"4","Dgcr8"
3.91740527762327e-19,0.29437794244745,0.856,0.737,8.69546449474038e-15,"4","Cmc2"
4.43411006760335e-19,0.255009205657871,0.963,0.914,9.84239411705915e-15,"4","Snhg8"
4.71018034420112e-19,0.400765032576482,0.66,0.542,1.04551873100232e-14,"4","Apip"
4.80145427564527e-19,0.25802834861638,0.89,0.825,1.06577880556498e-14,"4","Tsfm"
5.82534549984843e-19,0.256759149940217,0.888,0.767,1.29305194060136e-14,"4","Haus6"
6.33184389850181e-19,0.405119073781939,0.609,0.474,1.40547939015045e-14,"4","Taf5"
6.64491423911715e-19,0.54505413232826,0.451,0.331,1.47497161365683e-14,"4","Osbpl2"
6.95788081673336e-19,0.264933892341097,0.891,0.783,1.5444408048903e-14,"4","Mms22l"
7.21250200957192e-19,0.285458149591479,0.821,0.7,1.60095907106468e-14,"4","Trim59"
8.06156317949171e-19,0.385376299365786,0.673,0.552,1.78942517895177e-14,"4","Inpp5b"
8.56840350613537e-19,0.260384493662607,0.891,0.835,1.90192852625687e-14,"4","Derl1"
9.8986560490675e-19,0.378711459291243,0.635,0.505,2.19720468321151e-14,"4","Setd1b"
1.09501602356955e-18,0.254219256942697,0.904,0.83,2.43060706751734e-14,"4","Tia1"
1.30248009728606e-18,0.496712379499799,0.489,0.368,2.89111507194587e-14,"4","Cep78"
1.75122316437865e-18,0.361810603634431,0.69,0.557,3.88719005797129e-14,"4","Mis12"
1.84912240999758e-18,0.301919893337307,0.811,0.702,4.10449701347163e-14,"4","Nkap"
2.0259166436412e-18,0.317776624055757,0.789,0.651,4.49692717389037e-14,"4","Cenps"
2.18914290805026e-18,0.303120548133144,0.818,0.698,4.85924051299917e-14,"4","Rnf168"
2.38442745599073e-18,0.294005155824493,0.868,0.783,5.29271362406262e-14,"4","Hmgb3"
2.49675779082572e-18,0.569171405171044,0.343,0.234,5.54205326829586e-14,"4","H3c1"
2.74461757520074e-18,0.265329835535062,0.918,0.847,6.09222763167308e-14,"4","Gsr"
2.76496527066174e-18,0.262933431253095,0.933,0.873,6.13739341128786e-14,"4","Ino80"
3.07029639590685e-18,0.411913768326502,0.623,0.502,6.81513690999445e-14,"4","Dnajb12"
3.13095169802312e-18,0.41821300485241,0.615,0.49,6.94977348410193e-14,"4","Fzr1"
3.19970645244055e-18,0.590429811946534,0.3,0.198,7.10238841248229e-14,"4","Rfesd"
3.25818518009744e-18,0.412192742669735,0.674,0.564,7.23219364426229e-14,"4","Gclc"
3.44524802547194e-18,0.28758628450421,0.889,0.824,7.64741704214006e-14,"4","Add3"
3.89772631119574e-18,0.348333459923219,0.763,0.662,8.65178309296117e-14,"4","Tmem209"
4.28179929849354e-18,0.298645511471139,0.769,0.658,9.50430990286612e-14,"4","Ndufaf2"
4.68198383146403e-18,0.264272593628869,0.912,0.824,1.03925995107007e-13,"4","Rfc2"
4.80034255582469e-18,0.386562772395421,0.476,0.353,1.06553203711641e-13,"4","Tube1"
4.8579002464788e-18,0.306362682382181,0.828,0.739,1.0783081177109e-13,"4","Hsd17b10"
4.90699121553712e-18,0.297570660344282,0.861,0.782,1.08920484011277e-13,"4","B4galnt1"
5.65312295132131e-18,0.279303604719873,0.847,0.754,1.25482370150479e-13,"4","Ppp2r2d"
6.5299567124456e-18,0.479913072359379,0.583,0.469,1.44945449146155e-13,"4","Cntln"
1.11125101015787e-17,0.305705371313178,0.819,0.72,2.46664386724743e-13,"4","Ibtk"
1.13136510299298e-17,0.352511441671514,0.631,0.509,2.51129111911352e-13,"4","Gmeb2"
1.21123745061103e-17,0.363009207337648,0.618,0.498,2.68858376912131e-13,"4","Rnf214"
1.6053527076482e-17,0.254142144653455,0.888,0.81,3.56340140516672e-13,"4","Cinp"
1.73872878357248e-17,0.329650636714039,0.76,0.659,3.85945628089583e-13,"4","Smarcd1"
1.94957974419082e-17,0.430574283084469,0.837,0.776,4.32748215818036e-13,"4","Bhlhe40"
2.22134288609434e-17,0.284248401248184,0.854,0.754,4.9307148042636e-13,"4","Strbp"
2.81079669150509e-17,0.283757683293013,0.842,0.751,6.23912541613386e-13,"4","Psmd5"
3.42315693063558e-17,0.279084675307941,0.849,0.757,7.5983814389318e-13,"4","Mrps22"
3.76937917750748e-17,0.613755956785906,0.376,0.271,8.36689096031334e-13,"4","Smim3"
5.25990215362678e-17,0.454340635230936,0.471,0.356,1.16754048104054e-12,"4","Dnajc17"
5.57806190547748e-17,0.372732840112691,0.631,0.514,1.23816240115884e-12,"4","Mfap1a"
5.75509847281142e-17,0.469444985071588,0.413,0.298,1.27745920800995e-12,"4","Pex16"
5.86866076940413e-17,0.34006195448732,0.78,0.678,1.30266663098464e-12,"4","Ddit4"
6.29403794225646e-17,0.253875260203435,0.945,0.886,1.39708760204267e-12,"4","Slk"
7.10442256444588e-17,0.424739940470376,0.508,0.392,1.57696867663005e-12,"4","Usp42"
8.08365982841099e-17,0.281319809034064,0.848,0.757,1.79432997211239e-12,"4","Plekha5"
8.42525303016869e-17,0.558368591997594,0.36,0.253,1.87015341510654e-12,"4","Oxnad1"
9.59683256895698e-17,0.436361998855556,0.573,0.459,2.13020892533138e-12,"4","Gm56577"
9.67403132370392e-17,0.318203576197417,0.606,0.465,2.14734473292256e-12,"4","Rad54l"
9.74209963463666e-17,0.367883509933095,0.647,0.524,2.1624538559003e-12,"4","Toe1"
1.02066106400469e-16,0.391419438969523,0.497,0.375,2.26556136377122e-12,"4","Aptx"
1.08127763788905e-16,0.282971683555897,0.805,0.694,2.40011197282231e-12,"4","Kxd1"
1.25580469652121e-16,0.499659910106939,0.375,0.269,2.78750968486812e-12,"4","Haus5"
1.2612659013969e-16,0.535868125209661,0.35,0.246,2.79963192133069e-12,"4","Eri2"
1.66939341017417e-16,0.492594261167232,0.486,0.374,3.7055525525636e-12,"4","Ercc1"
1.68289102445893e-16,0.441907874557127,0.472,0.358,3.7355132069915e-12,"4","Cep290"
1.77173087477895e-16,0.276190377860273,0.856,0.769,3.93271102274683e-12,"4","Ifrd2"
1.8892220301434e-16,0.316575010634059,0.635,0.514,4.19350614030931e-12,"4","Kansl3"
1.96114444170867e-16,0.25781836628082,0.882,0.792,4.35315231726074e-12,"4","Elof1"
2.37480958214104e-16,0.302356608838458,0.81,0.706,5.27136482947847e-12,"4","Mecp2"
2.41865840257123e-16,0.256518117783333,0.9,0.82,5.36869605618737e-12,"4","Upf3b"
2.45074635917587e-16,0.686250545009321,0.273,0.183,5.43992169346269e-12,"4","Aplf"
2.96932161259328e-16,0.250456370600001,0.811,0.71,6.5910031834733e-12,"4","Fto"
3.14065520582959e-16,0.695140209737478,0.264,0.176,6.97131236037994e-12,"4","Ttc28"
3.27556330779227e-16,0.298997324984696,0.736,0.609,7.2707678743065e-12,"4","AW554918"
3.7571434797572e-16,0.646342401285755,0.289,0.196,8.33973138201706e-12,"4","Fosl1"
3.76938026392332e-16,0.306446357163952,0.789,0.696,8.3668933718306e-12,"4","Parp4"
3.88466545659524e-16,0.477515155393051,0.464,0.359,8.62279191400446e-12,"4","Spice1"
5.16773633382916e-16,0.439664634800129,0.348,0.242,1.14708243402006e-11,"4","Aig1"
5.70946466051435e-16,0.379201714546173,0.539,0.418,1.26732987069437e-11,"4","Mkrn2"
5.760865447406e-16,0.282254615713629,0.798,0.683,1.27873930336071e-11,"4","Mtx2"
6.32951282013093e-16,0.403814624477669,0.524,0.407,1.40496196068446e-11,"4","Rbm48"
6.68034113779742e-16,0.282279446719563,0.817,0.69,1.48283532235689e-11,"4","Rbmx2"
6.74409228356509e-16,0.36380526548904,0.722,0.598,1.49698616418294e-11,"4","Syce2"
9.92606721222273e-16,0.443338552122835,0.814,0.751,2.20328913909708e-11,"4","Serpinb9"
1.04047926413672e-15,0.309638372236377,0.718,0.607,2.30955182260428e-11,"4","Ube2e3"
1.04258794930614e-15,0.54169792101141,0.325,0.228,2.31423247107483e-11,"4","Gm53681"
1.1523984754892e-15,0.401605541458194,0.412,0.299,2.55797889604337e-11,"4","Mybl1"
1.29730668725774e-15,0.251978320408785,0.878,0.808,2.879631653706e-11,"4","St3gal4"
1.50053656337683e-15,0.330389788099855,0.675,0.554,3.33074100972756e-11,"4","Oser1"
1.53710574426844e-15,0.471045351910841,0.346,0.243,3.41191362055266e-11,"4","Chtf18"
1.56698935701724e-15,0.259998484743803,0.828,0.737,3.47824627577116e-11,"4","Dph6"
1.58680984886465e-15,0.617229291862012,0.252,0.166,3.52224182152487e-11,"4","Wdr62"
1.99293149731885e-15,0.403164635554899,0.522,0.413,4.42371004459865e-11,"4","Mdc1"
1.99869404628207e-15,0.395867370820765,0.481,0.363,4.43650117453231e-11,"4","Parp8"
2.20182529919459e-15,0.268136811779815,0.846,0.754,4.88739161662223e-11,"4","Nae1"
2.48832270043075e-15,0.267326091201404,0.853,0.771,5.52332989814614e-11,"4","Dld"
2.78721732006413e-15,0.400889471546961,0.547,0.428,6.18678628534634e-11,"4","Phactr4"
3.17247416701722e-15,0.287711584980889,0.72,0.614,7.04194090852812e-11,"4","Usf2"
3.32255508224217e-15,0.485323353274405,0.342,0.241,7.37507551605294e-11,"4","Cep83os"
3.82377544894304e-15,0.479455930336958,0.435,0.333,8.48763436401886e-11,"4","Gk"
4.59737755999576e-15,0.400984848410297,0.557,0.434,1.02047989699226e-10,"4","Shc1"
5.70711205091947e-15,0.315984555742154,0.744,0.642,1.26680766194259e-10,"4","Uxt"
5.73929269413703e-15,0.426063110386289,0.483,0.37,1.2739507993176e-10,"4","Aspscr1"
5.79301794109695e-15,0.299522567591333,0.711,0.587,1.28587619238529e-10,"4","Ube2s"
5.83005820309118e-15,0.387767655946481,0.6,0.504,1.29409801934015e-10,"4","Rnf11"
5.93290657549979e-15,0.407928059051569,0.386,0.279,1.31692727256369e-10,"4","Cdc25c"
6.27864057905855e-15,0.317637299441436,0.652,0.532,1.39366984933363e-10,"4","Kif16b"
6.53793966025729e-15,0.326594559437267,0.729,0.617,1.45122646638731e-10,"4","Net1"
6.89429536422758e-15,0.311509886425239,0.748,0.644,1.5303267419976e-10,"4","Rab28"
7.05068884624591e-15,0.309587781549504,0.665,0.551,1.5650414032012e-10,"4","Stard3nl"
7.86236851766215e-15,0.261507650681155,0.78,0.664,1.74520993986547e-10,"4","Wdhd1"
8.15502205936643e-15,0.283012886773905,0.765,0.653,1.81017024651757e-10,"4","Rbm15"
8.54025411162704e-15,0.482480773919185,0.439,0.337,1.89568020515785e-10,"4","Adat2"
9.34458849040222e-15,0.261686086972554,0.795,0.698,2.07421830721458e-10,"4","Cfap20"
9.88729930592129e-15,0.267914276005824,0.804,0.704,2.19468382693535e-10,"4","C2cd3"
1.02116618249439e-14,0.330506270133935,0.597,0.477,2.26668257528279e-10,"4","Nrm"
1.10932709171186e-14,0.40482738154616,0.448,0.336,2.46237334547282e-10,"4","Dnaaf9"
1.48133536850941e-14,0.417769868150892,0.475,0.367,3.28812011748034e-10,"4","Zfp598"
1.94669702486449e-14,0.407050720582904,0.4,0.295,4.32108338609171e-10,"4","Fam72a"
1.95088162334863e-14,0.394204498564517,0.496,0.383,4.33037193934695e-10,"4","Top3a"
2.03504225092475e-14,0.256850612978222,0.863,0.787,4.51718328437767e-10,"4","Samsn1"
2.04246952709618e-14,0.317840653667967,0.755,0.667,4.5336696092954e-10,"4","Tbce"
2.05309107535415e-14,0.367812646595819,0.564,0.453,4.5572462599636e-10,"4","Clpb"
2.1106582864207e-14,0.313679273301519,0.529,0.411,4.68502819836802e-10,"4","2810408I11Rik"
2.35218277855226e-14,0.279555165151001,0.755,0.641,5.22114011355246e-10,"4","Gemin2"
2.4635020180525e-14,0.488626563345188,0.424,0.324,5.46823542947114e-10,"4","Ern1"
2.74778584527219e-14,0.519012804049388,0.28,0.192,6.09926024075068e-10,"4","2210408F21Rik"
2.86016667998267e-14,0.518131863951907,0.355,0.258,6.34871197955753e-10,"4","Tgif1"
2.88960842956633e-14,0.349838205549753,0.624,0.519,6.41406383110839e-10,"4","Cep85"
3.00107833116312e-14,0.356403075724324,0.555,0.44,6.66149357168277e-10,"4","Dus4l"
3.10403982800821e-14,0.311750772175489,0.757,0.668,6.89003720622982e-10,"4","Ptrh2"
3.22480412878163e-14,0.314616874809792,0.639,0.524,7.15809772465657e-10,"4","Mast2"
3.33853528405615e-14,0.424170330557808,0.441,0.336,7.41054677001944e-10,"4","Hgs"
4.29059373760595e-14,0.349737631611644,0.562,0.453,9.52383091936394e-10,"4","Galnt3"
4.63702241915563e-14,0.539574460175865,0.308,0.218,1.02927986637997e-09,"4","Rfx1"
4.67058523405983e-14,0.510071864335594,0.365,0.267,1.03672980440426e-09,"4","Zkscan17"
4.79133753585313e-14,0.283680219838542,0.827,0.746,1.06353319283332e-09,"4","Med19"
4.9294979755453e-14,0.450595627117983,0.402,0.299,1.09420066563179e-09,"4","Hmces"
5.00195924372352e-14,0.305416193135384,0.649,0.526,1.11028489332931e-09,"4","Rhno1"
5.20940459848662e-14,0.279353773304858,0.827,0.713,1.15633153872608e-09,"4","Med4"
6.50820067463123e-14,0.25348908756847,0.839,0.745,1.44462530374789e-09,"4","Slf2"
6.58351895446166e-14,0.313257394678511,0.695,0.581,1.46134370232186e-09,"4","Top3b"
6.82275422440976e-14,0.290565477614544,0.591,0.464,1.51444675519223e-09,"4","Gins3"
7.26069731614245e-14,0.298577726053555,0.699,0.591,1.61165698326414e-09,"4","Mipol1"
7.48211314352484e-14,0.291480305458419,0.776,0.658,1.66080465446821e-09,"4","Pou2f1"
7.77450238741912e-14,0.282170069967844,0.732,0.626,1.72570629493542e-09,"4","Fra10ac1"
9.3957594186406e-14,0.373666889038535,0.551,0.444,2.08557671815565e-09,"4","Sp2"
1.10187879124365e-13,0.258419656560615,0.844,0.759,2.44584035292354e-09,"4","Aip"
1.14380963301611e-13,0.284433784799717,0.744,0.639,2.53891424240585e-09,"4","Ppwd1"
1.18006658562982e-13,0.476745232832591,0.376,0.277,2.61939380012251e-09,"4","Ccdc14"
1.23318529283012e-13,0.32351622552903,0.651,0.541,2.73730139449501e-09,"4","Dync1li2"
1.28638057150564e-13,0.384779317807661,0.531,0.416,2.85537895457108e-09,"4","Tsen34"
1.29447434729309e-13,0.273533458677792,0.766,0.661,2.87334470868646e-09,"4","Ensa"
1.44210988967534e-13,0.359850776162136,0.587,0.487,3.20105132211235e-09,"4","Ulk2"
1.83559446376766e-13,0.409587666073433,0.312,0.22,4.07446903122508e-09,"4","Kiz"
1.93111345521662e-13,0.400798757357123,0.375,0.278,4.28649253654434e-09,"4","Khnyn"
2.17222637899922e-13,0.293145356672447,0.733,0.625,4.82169089346458e-09,"4","Chchd6"
2.24606727542427e-13,0.269001983998573,0.791,0.708,4.98559553125925e-09,"4","Cpsf7"
2.30390160191691e-13,0.392304465730684,0.501,0.399,5.11397038577497e-09,"4","Zmym1"
2.41403334743291e-13,0.274014444773291,0.78,0.684,5.35842982129684e-09,"4","Irf2bp2"
2.90985866316155e-13,0.320825685086325,0.646,0.545,6.45901327461969e-09,"4","Pnrc2"
3.10087825800093e-13,0.332077680172046,0.542,0.431,6.88301946928466e-09,"4","Rbks"
3.22292473905815e-13,0.303449634508177,0.748,0.657,7.15392604328738e-09,"4","Ss18l2"
3.50768909438137e-13,0.378714167686734,0.503,0.402,7.78601748279833e-09,"4","Stk19"
3.55221236877618e-13,0.391622753814347,0.518,0.409,7.88484579497249e-09,"4","Entpd5"
3.59121789906636e-13,0.549256353742296,0.304,0.219,7.97142637055759e-09,"4","Cchcr1"
3.6785029342222e-13,0.308388269301156,0.648,0.532,8.16517296309303e-09,"4","D030056L22Rik"
3.83092721311266e-13,0.522916015531749,0.349,0.26,8.50350913494616e-09,"4","Ssx2ip"
3.86547664315551e-13,0.299045112775632,0.796,0.713,8.58019850481229e-09,"4","Ier2"
4.02153105204473e-13,0.34979259248303,0.556,0.457,8.92659247622369e-09,"4","Taf6"
4.76374379417181e-13,0.264455428722534,0.779,0.688,1.05740820999232e-08,"4","C2cd5"
4.9082362510585e-13,0.395330668678105,0.458,0.349,1.08948120064746e-08,"4","Nmral1"
5.09931583817142e-13,0.454277726170118,0.397,0.298,1.13189513659891e-08,"4","Tonsl"
5.69542203246039e-13,0.312063268475401,0.631,0.531,1.26421282854523e-08,"4","Oard1"
5.8523184240662e-13,0.267723721929912,0.8,0.691,1.29903912058997e-08,"4","Gstcd"
5.9633100855908e-13,0.287652621673949,0.687,0.577,1.32367593969859e-08,"4","Lrrc8d"
5.97905187737413e-13,0.276416459400121,0.745,0.656,1.32717014522074e-08,"4","Mrpl38"
6.85882158896914e-13,0.288123244317991,0.556,0.447,1.52245262810348e-08,"4","Poc5"
7.32724522956305e-13,0.374189095067906,0.459,0.352,1.62642862360611e-08,"4","Skp2"
8.72226983211617e-13,0.283627656392114,0.685,0.585,1.93608223463483e-08,"4","Cpsf4"
9.05736264612003e-13,0.389047251178214,0.525,0.42,2.01046278655926e-08,"4","0610009B22Rik"
9.07757645279259e-13,0.27004016998563,0.777,0.703,2.01494964522637e-08,"4","Lias"
9.73655476632808e-13,0.275834084789904,0.675,0.565,2.16122306148184e-08,"4","Cep135"
9.86815662649535e-13,0.324169372856105,0.686,0.589,2.19043472638317e-08,"4","Rbm4"
1.05775792906092e-12,0.36061641600568,0.435,0.334,2.34790527513652e-08,"4","Fanca"
1.32291577377245e-12,0.268748607730065,0.766,0.678,2.93647614304271e-08,"4","Bola1"
1.35768809178032e-12,0.417940574239718,0.451,0.351,3.01366025732478e-08,"4","Dars2"
1.69298127967466e-12,0.325872380314172,0.565,0.463,3.75791054649383e-08,"4","Tcf19"
1.78552077461941e-12,0.275260907169202,0.681,0.58,3.96332046342271e-08,"4","Dhrs7b"
1.78862349257598e-12,0.350325392173347,0.49,0.384,3.9702075664709e-08,"4","Caml"
1.94161256338378e-12,0.371644576278042,0.5,0.402,4.30979740694299e-08,"4","Flywch1"
2.04585032659435e-12,0.258978949025256,0.794,0.706,4.54117396994149e-08,"4","Gm47283"
2.15220350817738e-12,0.279459714136788,0.571,0.456,4.77724612710134e-08,"4","Arhgap19"
2.30033686403437e-12,0.250617562726748,0.792,0.697,5.1060577370971e-08,"4","Casc3"
2.3510016995245e-12,0.337770369988815,0.434,0.332,5.21851847243454e-08,"4","Gtdc1"
2.39706949647688e-12,0.264100720117054,0.769,0.676,5.32077516132974e-08,"4","Nbn"
2.76815131217751e-12,0.32813651806783,0.55,0.441,6.14446546764041e-08,"4","Atrnl1"
2.92270712296783e-12,0.431696172810248,0.323,0.233,6.4875330008517e-08,"4","Brpf3"
3.11418937566707e-12,0.458811807850325,0.386,0.294,6.9125661571682e-08,"4","Ift74"
3.37195888351453e-12,0.252928135044253,0.75,0.66,7.4847371337372e-08,"4","Gabpb1"
3.45468549444253e-12,0.273818758551877,0.611,0.509,7.66836539201408e-08,"4","Prr14"
3.62673046168795e-12,0.360553704415154,0.453,0.35,8.05025360580873e-08,"4","Mettl3"
3.68827590958744e-12,0.507477992574143,0.338,0.249,8.18686603651123e-08,"4","Mbd6"
4.27681178095566e-12,0.388305869826786,0.481,0.382,9.49323911018728e-08,"4","Slc48a1"
4.60518351679832e-12,0.26219666801393,0.764,0.675,1.02221258522372e-07,"4","Hmgn5"
5.57778513797e-12,0.39506821595578,0.402,0.306,1.2381009670752e-07,"4","Poc1a"
5.9321792251208e-12,0.411041422511314,0.402,0.307,1.31676582260006e-07,"4","Epg5"
6.69031120780649e-12,0.319455044483623,0.554,0.453,1.48504837879681e-07,"4","2700049A03Rik"
7.0378162485504e-12,0.374040045267667,0.598,0.507,1.56218407269073e-07,"4","Lrrc8b"
7.07416195358544e-12,0.419203386225162,0.369,0.28,1.57025172883736e-07,"4","Tsen2"
7.46762622445744e-12,0.403829814326882,0.47,0.371,1.65758899304282e-07,"4","Nsun5"
7.82317528354403e-12,0.260484926259948,0.735,0.649,1.73651021768827e-07,"4","Prkag1"
8.05902220530223e-12,0.295656709752169,0.753,0.672,1.78886115891094e-07,"4","Hdac8"
9.07554475994999e-12,0.256707828370139,0.749,0.653,2.0144986703661e-07,"4","Ccdc82"
9.43142040209657e-12,0.293844062523383,0.615,0.514,2.09349238665338e-07,"4","Slc25a28"
1.36704688940285e-11,0.427612494111703,0.382,0.293,3.03443398040751e-07,"4","Aldh16a1"
1.46065158605017e-11,0.253275238513436,0.783,0.699,3.24220832555556e-07,"4","Pop7"
1.47257058833771e-11,0.422319186711303,0.478,0.385,3.26866493493322e-07,"4","Tmem107"
1.61947572826999e-11,0.336818136477302,0.613,0.512,3.59475027404091e-07,"4","Prpsap2"
1.64424639035406e-11,0.445615139759949,0.385,0.294,3.6497337126689e-07,"4","Zswim7"
1.79420963757236e-11,0.443452515611086,0.281,0.201,3.98260713251936e-07,"4","Grk5"
1.84588247623629e-11,0.289425937630135,0.489,0.38,4.0973053325017e-07,"4","E2f6"
2.03234496296926e-11,0.304527394834908,0.617,0.516,4.51119611430287e-07,"4","Tssc4"
2.10111863896434e-11,0.268173291984572,0.633,0.531,4.66385304290915e-07,"4","Ing3"
2.17200824499519e-11,0.500634858975912,0.287,0.207,4.82120670141582e-07,"4","Sirt6"
2.24017284320141e-11,0.470147816953934,0.295,0.214,4.97251166005416e-07,"4","Septin10"
2.34942410472806e-11,0.319766465693222,0.591,0.498,5.21501668526486e-07,"4","Pdcd2l"
2.50594124214476e-11,0.47378404845502,0.413,0.325,5.56243777518872e-07,"4","Gm12610"
2.89557203328629e-11,0.288190969392204,0.587,0.488,6.42730124228558e-07,"4","Ptpn12"
3.00344923972979e-11,0.35579371878341,0.467,0.37,6.66675627742822e-07,"4","4933404O12Rik"
3.34909705146726e-11,0.435817981664906,0.386,0.295,7.43399072514187e-07,"4","Zfand4"
3.46552687493724e-11,0.340282397366879,0.44,0.343,7.69243000429818e-07,"4","Smad1"
3.51286269938957e-11,0.274410090338947,0.685,0.593,7.79750133383504e-07,"4","Dhdds"
3.75147376459047e-11,0.262662778938347,0.716,0.618,8.32714631526146e-07,"4","Use1"
4.36045783740802e-11,0.40170521671478,0.307,0.226,9.67890826169459e-07,"4","Fancb"
4.66215319795198e-11,0.458507063472937,0.307,0.227,1.0348581453494e-06,"4","Glt8d1"
4.74391579728028e-11,0.326384162569665,0.613,0.519,1.0530069895223e-06,"4","Ric8b"
5.01816875165415e-11,0.318316472832663,0.52,0.417,1.11388291780467e-06,"4","Poc1b"
5.53787173716808e-11,0.251175189533011,0.701,0.617,1.2292413894992e-06,"4","Lsm10"
6.47770095021123e-11,0.304020202292836,0.593,0.504,1.43785527991839e-06,"4","Csrp1"
6.75048108912155e-11,0.259601329233986,0.715,0.609,1.49840428735231e-06,"4","Pdik1l"
7.65487100818502e-11,0.363772829809096,0.417,0.329,1.69915171768683e-06,"4","Ogg1"
8.81294098420988e-11,0.263847579789985,0.575,0.473,1.95620851026507e-06,"4","Birc2"
9.03526397422423e-11,0.355229199894637,0.406,0.316,2.00555754435855e-06,"4","Ccdc191"
9.58542754471491e-11,0.288570196812018,0.664,0.56,2.12767735210037e-06,"4","Dpf2"
9.73256124627487e-11,0.503534777898653,0.298,0.222,2.16033661983563e-06,"4","Irak1bp1"
9.78813405583666e-11,0.341642002010394,0.323,0.238,2.17267211637406e-06,"4","Spef2"
1.11976066462776e-10,0.426637197695639,0.314,0.234,2.48553274727425e-06,"4","Gys1"
1.19558526590556e-10,0.262786405382128,0.572,0.47,2.65384061473057e-06,"4","Fam174a"
1.30825778025872e-10,0.379162401264507,0.449,0.362,2.90393979484028e-06,"4","Zfpl1"
1.62745823714985e-10,0.329908046616223,0.476,0.378,3.61246904900152e-06,"4","Kctd13"
1.66892796025055e-10,0.329358798877502,0.484,0.393,3.70451939336814e-06,"4","Lclat1"
2.08051969246583e-10,0.310291531901967,0.405,0.31,4.6181295613664e-06,"4","Lin37"
2.12454961274415e-10,0.262709668780325,0.642,0.546,4.7158627754082e-06,"4","Myo9a"
2.15756673871741e-10,0.308620069552798,0.507,0.416,4.78915088993103e-06,"4","Zfp869"
2.23634966500067e-10,0.281264033857022,0.566,0.471,4.96402535140199e-06,"4","Ciz1"
2.25974957498092e-10,0.444037451061718,0.574,0.497,5.01596613158514e-06,"4","Alcam"
2.36643641767034e-10,0.369348291297471,0.384,0.297,5.25277891630285e-06,"4","Smyd4"
2.57022434516909e-10,0.373211878191833,0.424,0.336,5.70512697897183e-06,"4","Coasy"
2.57079033027147e-10,0.376111388261464,0.358,0.273,5.70638329610359e-06,"4","Siah1b"
2.73449463283101e-10,0.302344228195489,0.505,0.411,6.069757736495e-06,"4","Hace1"
2.74499969672646e-10,0.437328277503027,0.275,0.199,6.09307582682373e-06,"4","Pard6a"
2.76304993481851e-10,0.263732266829662,0.664,0.582,6.13314194031665e-06,"4","Thoc2l"
2.76815627540788e-10,0.289979530282712,0.597,0.499,6.14447648452287e-06,"4","Primpol"
3.01809078509107e-10,0.361441404531345,0.355,0.267,6.69925611566666e-06,"4","Plekhm3"
3.65038299362864e-10,0.307070557320277,0.378,0.288,8.10275513095748e-06,"4","Coa4"
3.76248176165624e-10,0.430452841716384,0.304,0.226,8.35158076634836e-06,"4","Lyrm4"
4.08394818581751e-10,0.254293601809725,0.707,0.615,9.06513978805912e-06,"4","Mrgbp"
4.85439398165994e-10,0.350289931196166,0.477,0.388,1.07752983210906e-05,"4","Suv39h2"
5.1306120553735e-10,0.253814317268161,0.613,0.513,1.13884195793126e-05,"4","Cdk2"
5.88458962154918e-10,0.31731805598468,0.516,0.429,1.30620235829527e-05,"4","Arl13b"
6.84417725981829e-10,0.50448981115281,0.252,0.182,1.51920202636187e-05,"4","Arf2"
7.16508170477466e-10,0.50509061053315,0.277,0.207,1.59043318600883e-05,"4","Stau2"
7.65706351098568e-10,0.25653205883219,0.677,0.591,1.69963838753349e-05,"4","Arhgap12"
7.83802268054145e-10,0.465953932553625,0.261,0.19,1.73980589439979e-05,"4","Ccdc130"
7.99572297866189e-10,0.338026017908305,0.364,0.276,1.77481062957358e-05,"4","Ctdsp1"
8.69366183846943e-10,0.268533000838094,0.708,0.617,1.92973211828506e-05,"4","Fancl"
8.89105217456461e-10,0.277506287877196,0.633,0.542,1.97354685118811e-05,"4","Bmi1"
9.44814858949329e-10,0.330749482137354,0.533,0.448,2.09720554240982e-05,"4","Zfp143"
9.48459564900156e-10,0.416416389678319,0.312,0.235,2.10529569620888e-05,"4","Mns1"
9.55583753925221e-10,0.46039599031485,0.277,0.202,2.12110925858781e-05,"4","Atp6v0a1"
9.67207306085822e-10,0.301444962140177,0.522,0.431,2.1469100573187e-05,"4","Dus2"
1.06462872807167e-09,0.413210782337612,0.292,0.214,2.36315638770068e-05,"4","Ptges2"
1.11409225769494e-09,0.396981670420228,0.326,0.248,2.47295058440546e-05,"4","Btbd19"
1.19968100853237e-09,0.301692089960504,0.59,0.503,2.66293193463931e-05,"4","Fxr2"
1.2222028379144e-09,0.275615859100682,0.662,0.589,2.7129236393186e-05,"4","Mtfr1"
1.35909021087242e-09,0.261428142284306,0.45,0.355,3.0167725410735e-05,"4","Ccsap"
1.37211484230093e-09,0.263681105034516,0.587,0.49,3.04568331545538e-05,"4","Rcan3"
1.3894897338535e-09,0.471198458722421,0.293,0.22,3.08425036223462e-05,"4","Izumo1r"
1.4446724642948e-09,0.356324003122114,0.403,0.318,3.20673946899518e-05,"4","Gstz1"
1.45504380649022e-09,0.332264988392446,0.372,0.286,3.22976073726634e-05,"4","Troap"
1.49852437251183e-09,0.253844689843235,0.595,0.501,3.32627454966451e-05,"4","Micu1"
1.82391391874977e-09,0.394550264439795,0.325,0.247,4.04854172544885e-05,"4","Efcab7"
2.17127144378892e-09,0.382857959949672,0.36,0.28,4.81957122377826e-05,"4","Ccdc138"
2.2909430180692e-09,0.273660014826913,0.562,0.472,5.08520621720821e-05,"4","5730455P16Rik"
2.37870718471414e-09,0.269473331769232,0.647,0.556,5.28001633790998e-05,"4","Med9"
2.87613354610403e-09,0.324247800177579,0.444,0.359,6.38415363228712e-05,"4","Zfp740"
2.95646319767221e-09,0.322283498361422,0.609,0.521,6.562461359873e-05,"4","Kdm6b"
3.43288510596425e-09,0.355324822465807,0.362,0.278,7.61997506970884e-05,"4","Cenpt"
3.45371542275281e-09,0.403225677615112,0.396,0.317,7.66621212388442e-05,"4","Nfxl1"
3.64712615428822e-09,0.28064292456298,0.42,0.331,8.09552592467356e-05,"4","Zc3h6"
3.71029296906698e-09,0.378783918865687,0.482,0.402,8.23573730343798e-05,"4","Pithd1"
4.62391682400459e-09,0.251456574784369,0.602,0.514,0.00010263708174243,"4","Cfl2"
4.68531274060661e-09,0.341113622735218,0.398,0.317,0.000103999886903245,"4","Tomm40l"
5.0004552394664e-09,0.349837907067196,0.416,0.334,0.000110995104950436,"4","Mfap1b"
5.47211628176263e-09,0.416495546323372,0.333,0.259,0.000121464565106285,"4","Mdm1"
7.13803751019079e-09,0.374406519079309,0.395,0.315,0.000158443018613705,"4","Rpp38"
7.37016816729629e-09,0.260044428723185,0.489,0.399,0.000163595622809476,"4","Mlh3"
7.58615979892695e-09,0.272787967995774,0.496,0.405,0.000168389989056782,"4","Ctc1"
8.63531105554151e-09,0.598781239844775,0.621,0.555,0.000191677999499855,"4","Nfkbia"
8.94007129064444e-09,0.310333846856008,0.447,0.361,0.000198442762438435,"4","Pofut1"
8.99450227556049e-09,0.251004856880201,0.656,0.564,0.000199650967010616,"4","Zmym5"
9.89095883175223e-09,0.366198753834442,0.296,0.226,0.000219549613188404,"4","Dnajc4"
9.90447158287905e-09,0.376761551087393,0.264,0.195,0.000219849555725166,"4","Pcgf2"
1.20024741892706e-08,0.279477219345017,0.373,0.291,0.00026641891957924,"4","Gigyf1"
1.23009785528455e-08,0.264028286809528,0.555,0.467,0.000273044820937511,"4","Med31"
1.25279604820536e-08,0.265807912462832,0.411,0.326,0.000278083138820143,"4","Btrc"
1.35491071350304e-08,0.268280190988881,0.474,0.387,0.000300749531076269,"4","Pnpla8"
1.36697087343726e-08,0.307652419317875,0.475,0.392,0.00030342652477687,"4","Smim13"
1.44967484617956e-08,0.38156885746003,0.37,0.296,0.000321784325606476,"4","Ift88"
1.51304356390127e-08,0.456060791285624,0.261,0.197,0.000335850279879164,"4","Mutyh"
1.91650906993163e-08,0.374581462897448,0.349,0.275,0.000425407518252724,"4","Spryd3"
1.98742235033953e-08,0.338758975705574,0.421,0.347,0.000441148139104865,"4","Zfand2b"
2.23533515798918e-08,0.367414399380775,0.366,0.292,0.000496177345018859,"4","Dclre1b"
2.36107296833481e-08,0.317770365794658,0.38,0.301,0.000524087366781277,"4","Dclre1a"
2.41481935281049e-08,0.283269853235388,0.438,0.354,0.000536017451743344,"4","Ftx"
2.431181175069e-08,0.34288766583883,0.51,0.43,0.000539649285430065,"4","Alg8"
2.47501947669796e-08,0.295077653594841,0.609,0.521,0.000549380073242647,"4","Gkap1"
2.59748461522697e-08,0.371118517463888,0.369,0.295,0.000576563660041931,"4","Smg9"
2.93752974400777e-08,0.322580289897845,0.439,0.368,0.000652043477277405,"4","Ubtd1"
3.03872772676028e-08,0.39925732694787,0.296,0.229,0.00067450639350898,"4","Rnf113a1"
3.37107514415328e-08,0.524598066862299,0.32,0.254,0.000748277549747704,"4","Swap70"
3.4316421661784e-08,0.316362831380989,0.37,0.295,0.000761721611626619,"4","Zfp568"
3.54160660819867e-08,0.32632659011775,0.321,0.251,0.000786130418821859,"4","4930579G24Rik"
3.84750618763971e-08,0.290493049493922,0.489,0.408,0.000854030948470386,"4","Mex3c"
4.48119360992369e-08,0.293488396226407,0.319,0.245,0.000994690545594762,"4","Nudt13"
4.5902725452318e-08,0.397429203708601,0.37,0.297,0.0010189027968651,"4","Snx10"
5.23453102617067e-08,0.351002308873179,0.337,0.263,0.0011619088518791,"4","Gatc"
5.5644425934213e-08,0.326111934079507,0.297,0.229,0.00123513932246173,"4","Wdpcp"
5.58832721639526e-08,0.273212990355054,0.454,0.369,0.00124044099222326,"4","Coq3"
5.68897135943555e-08,0.28745571054033,0.458,0.378,0.00126278097265391,"4","Tfap4"
5.71722653891741e-08,0.261503887600423,0.6,0.512,0.0012690527748435,"4","Smim36"
5.80719935270853e-08,0.282581345818281,0.424,0.342,0.00128902404032071,"4","Leng1"
5.92604144871441e-08,0.379553085237899,0.329,0.259,0.00131540342037114,"4","E4f1"
6.25776876221986e-08,0.331297026990933,0.464,0.381,0.00138903693214994,"4","Setd6"
6.44580840825676e-08,0.253943037816844,0.486,0.404,0.00143077609238075,"4","Ogfod1"
6.50590610320966e-08,0.282370150769755,0.453,0.369,0.00144411597772945,"4","Ankrd54"
7.27812032174532e-08,0.306383191753102,0.356,0.283,0.00161552436781781,"4","Phka2"
7.61779799782547e-08,0.278791451500047,0.352,0.275,0.00169092262157732,"4","Cdk5rap1"
7.96892652494855e-08,0.279280849424334,0.559,0.491,0.00176886262074283,"4","Vezt"
8.40236388155508e-08,0.309799398726727,0.398,0.32,0.00186507271078878,"4","Bcl7a"
9.29612317314723e-08,0.395144508729829,0.347,0.279,0.00206346046074349,"4","Dmap1"
9.58638641490789e-08,0.333191688696107,0.296,0.227,0.00212789019251711,"4","Zfyve19"
9.91098786434293e-08,0.438132550080427,0.258,0.197,0.0021999419762482,"4","Arl6"
1.03459156012625e-07,0.423171897477421,0.336,0.268,0.00229648288601224,"4","Snrnp35"
1.11713288677282e-07,0.377346082731441,0.289,0.225,0.00247969986876962,"4","Ift140"
1.22089890430794e-07,0.286575598732212,0.359,0.286,0.00271002929789234,"4","Lancl1"
1.31565634523818e-07,0.374840913376233,0.254,0.194,0.00292036238952519,"4","Carf"
1.38908668868174e-07,0.265042551539636,0.434,0.352,0.00308335572286686,"4","Wdr53"
1.39695132311812e-07,0.365419064490133,0.253,0.19,0.0031008128519253,"4","Hmga1b"
1.44504802323073e-07,0.266582952216629,0.422,0.342,0.00320757309716525,"4","Snupn"
1.48622758889684e-07,0.288887116490137,0.551,0.472,0.00329897937907432,"4","Plekhf2"
1.49408759076018e-07,0.296986516449202,0.389,0.316,0.00331642622521037,"4","Gm32856"
1.51220187487892e-07,0.354085193239616,0.272,0.208,0.00335663450166874,"4","Spata1"
1.63872785368415e-07,0.342409384270046,0.351,0.282,0.00363748421682271,"4","Slc25a25"
1.77364971648837e-07,0.286271483731492,0.417,0.342,0.00393697027568924,"4","Ddx28"
1.85349612280336e-07,0.272213154528562,0.333,0.258,0.00411420534378661,"4","Zfp74"
1.8582905826248e-07,0.272678264007258,0.402,0.321,0.00412484760625226,"4","Zfp617"
1.88404887430559e-07,0.27710999298167,0.557,0.485,0.00418202328629612,"4","Dhrs7"
1.92902042881845e-07,0.276347912597729,0.708,0.65,0.00428184664584832,"4","Abcc1"
2.02637430392417e-07,0.288435597114665,0.394,0.319,0.00449794304242048,"4","Dus3l"
2.06601365550858e-07,0.353633685777359,0.375,0.302,0.00458593051113239,"4","Osgin2"
2.08951875210504e-07,0.402234157439384,0.389,0.322,0.00463810477404756,"4","Nfkb2"
2.09921922680963e-07,0.399236176397757,0.264,0.203,0.00465963691774933,"4","Usp11"
2.10440235040401e-07,0.308332623598378,0.33,0.261,0.00467114189719179,"4","Lrrc57"
2.16864435246847e-07,0.341060505092674,0.256,0.195,0.00481373986917427,"4","Prepl"
2.3741377654522e-07,0.269449516761501,0.361,0.282,0.00526987359797424,"4","Dusp1"
2.64069204313592e-07,0.418240939729229,0.25,0.192,0.00586154412814881,"4","Zscan21"
2.76304656367024e-07,0.257310138185078,0.421,0.343,0.00613313445737883,"4","Tbc1d10b"
2.95594123071197e-07,0.370959486166544,0.273,0.209,0.00656130274981135,"4","Irf2bp1"
4.06725939993828e-07,0.38101576923174,0.284,0.221,0.009028095690043,"4","Zfp605"
4.21377543926098e-07,0.26784582022019,0.467,0.392,0.00935331734252759,"4","Med18"
4.45699361491613e-07,0.317269945551894,0.307,0.241,0.00989318872702933,"4","Neurl4"
5.0309458038862e-07,0.268747033851967,0.382,0.31,0.0111671904008862,"4","Hspa4l"
5.81417486452665e-07,0.290318171780603,0.271,0.209,0.0129057239467898,"4","Zpbp"
5.9100759670405e-07,0.314337244338791,0.359,0.29,0.0131185956240398,"4","Prr12"
6.89729356988816e-07,0.375869789916868,0.259,0.197,0.0153099225370807,"4","Cc2d1a"
7.2649725794724e-07,0.255333937189844,0.405,0.335,0.0161260596346549,"4","Neto2"
7.3624145052459e-07,0.458715787949332,0.271,0.212,0.0163423514772943,"4","Rrad"
9.47222942914971e-07,0.375391477596266,0.299,0.24,0.0210255076638836,"4","Zfp524"
9.55419035367604e-07,0.255052237181718,0.543,0.472,0.0212074363280547,"4","Bnip1"
9.74093780739001e-07,0.334779123273209,0.287,0.225,0.0216219596510636,"4","Zfp810"
1.04887815229656e-06,0.254546976114168,0.454,0.378,0.0232819483465268,"4","Lmf2"
1.09863955881836e-06,0.285378517896202,0.341,0.273,0.0243865022870912,"4","Pde6d"
1.1528874806521e-06,0.277876257981406,0.353,0.282,0.0255906434080346,"4","Cep76"
1.16580074741225e-06,0.276819805310691,0.289,0.225,0.0258772791903097,"4","Fam122b"
1.26060647922364e-06,0.262068224976599,0.357,0.29,0.0279816820193272,"4","2610020C07Rik"
1.33607494674303e-06,0.251665191480904,0.475,0.404,0.0296568555928551,"4","Zscan26"
1.37969160265058e-06,0.270207343285983,0.472,0.403,0.030625014504035,"4","Slc25a37"
1.43313455926693e-06,0.265142431080592,0.264,0.201,0.031811287812048,"4","Zbtb9"
1.46824745736805e-06,0.280432974166248,0.416,0.349,0.0325906888111987,"4","Btf3l4"
1.71771320856414e-06,0.29587752216906,0.413,0.34,0.0381280800904983,"4","Klhdc3"
1.83221449108993e-06,0.345767471889521,0.271,0.214,0.0406696650587231,"4","Prxl2c"
1.89643390249122e-06,0.252480677785183,0.553,0.487,0.0420951433335976,"4","Rnf181"
1.93771455941201e-06,0.344100163078463,0.293,0.23,0.0430114500752683,"4","Trmt10b"
1.96546547797791e-06,0.251822254282795,0.377,0.306,0.0436274372146756,"4","Elp6"
2.0183146320601e-06,0.252423634709907,0.335,0.268,0.0448005298878381,"4","Zfp825"
2.12434438669312e-06,0.312720847675541,0.34,0.274,0.0471540723514272,"4","D3Ertd751e"
2.59445807307298e-06,0.317354992795011,0.325,0.26,0.057589185848001,"4","Rhbdf2"
3.08517975222125e-06,0.344358765281368,0.264,0.206,0.068481734960055,"4","Ears2"
3.2800370317618e-06,0.269697917350685,0.376,0.308,0.0728069819940167,"4","Katnip"
3.73665768272201e-06,0.276653433188716,0.605,0.537,0.0829425905833804,"4","Sdhaf1"
4.11556322823562e-06,0.326330109643711,0.634,0.565,0.0913531569771461,"4","Plscr1"
4.14553480418449e-06,0.297109063350729,0.315,0.254,0.092018436048483,"4","Nek4"
4.80472538110098e-06,0.348780926053518,0.273,0.217,0.106650489284298,"4","Acp6"
4.97644608458535e-06,0.275230304886127,0.265,0.207,0.110462173739541,"4","Zbtb14"
5.25360754853294e-06,0.270650420503648,0.361,0.294,0.116614326754786,"4","Spg20"
5.36605895958439e-06,0.307874231619145,0.292,0.237,0.119110410725895,"4","Pex11b"
5.52861977462495e-06,0.274475014887564,0.253,0.197,0.12271877313735,"4","Gemin8"
6.61412883458661e-06,0.294209789720269,0.43,0.37,0.146813817741319,"4","Rpain"
6.87039976172789e-06,0.317260212638867,0.384,0.319,0.152502263511074,"4","Zcwpw1"
6.89585276388265e-06,0.273820963846403,0.298,0.238,0.153067243799903,"4","Ermard"
6.98807989993711e-06,0.331987341920887,0.586,0.517,0.155114409538904,"4","H1f0"
7.0463405784286e-06,0.27158906006358,0.275,0.216,0.15640762181938,"4","ENSMUSG00000121477"
7.11834320577056e-06,0.279253222465912,0.368,0.301,0.158005864138489,"4","Det1"
7.12681520619524e-06,0.255766707960229,0.325,0.264,0.158193917131916,"4","Szt2"
8.53735497849974e-06,0.261227485808868,0.376,0.312,0.189503668457759,"4","Ring1"
8.90660837796858e-06,0.297290322732466,0.315,0.257,0.197699986165769,"4","Uvssa"
1.08971857608204e-05,0.258603800398498,0.34,0.278,0.24188483233293,"4","Retreg2"
1.15098813181512e-05,0.259504235310369,0.401,0.341,0.255484835619001,"4","Nt5m"
1.45742366938976e-05,0.250106123528122,0.383,0.322,0.323504331894446,"4","B3galt6"
1.65225206089297e-05,0.333192641267148,0.257,0.205,0.366750389956413,"4","Ints6l"
1.66155456166411e-05,0.260048738682328,0.336,0.277,0.368815266052582,"4","Tada2b"
1.66176166662814e-05,0.250479751129046,0.312,0.253,0.368861237141448,"4","Ankzf1"
1.73850893510826e-05,0.250355305558191,0.315,0.254,0.385896828325979,"4","Ahcyl"
2.31263007220647e-05,0.290634114684584,0.265,0.212,0.513334497127671,"4","Cutc"
2.53564792556449e-05,0.278118141827173,0.347,0.286,0.56283777003755,"4","Traf3ip1"
2.82212330423395e-05,0.255343035118611,0.343,0.287,0.626426709840811,"4","Nsun6"
2.92494359435351e-05,0.297261814991985,0.277,0.226,0.649249729638648,"4","Twnk"
3.01738775638381e-05,0.272586822773357,0.275,0.22,0.669769560284514,"4","Brf2"
3.79672880780379e-05,0.263007479214658,0.293,0.24,0.842759893468208,"4","Cox15"
3.84865908591575e-05,0.327406600184467,0.269,0.22,0.85428685730072,"4","Coq4"
3.88399518933357e-05,0.256640772828994,0.266,0.214,0.862130412176374,"4","Tmem62"
3.95020205135249e-05,0.271155038695678,0.303,0.248,0.876826349338712,"4","Zfp51"
4.60021583535138e-05,0.264693604815357,0.327,0.272,1,"4","Csgalnact2"
5.10998789165887e-05,0.288485153241022,0.282,0.231,1,"4","Usp49"
5.80021913258225e-05,0.258333911056975,0.307,0.253,1,"4","Tti2"
6.43253521093942e-05,0.332181781586978,0.351,0.301,1,"4","Zfp52"
9.83569369230752e-05,0.256079952127542,0.35,0.294,1,"4","Fiz1"
0.000116631387480372,0.270229665431954,0.311,0.26,1,"4","Cep41"
0.000117143286584519,0.261337719683225,0.391,0.334,1,"4","Armt1"
0.00012474079098384,0.290729394118157,0.304,0.25,1,"4","Mterf4"
0.000219785717086434,0.273625307460318,0.278,0.23,1,"4","Mpst"
0.000300443998217571,0.264607998925718,0.282,0.237,1,"4","Rhebl1"
0.000379211887043891,0.295574409073033,0.432,0.381,1,"4","Nfkbiz"
0.000809091225504748,0.268607751841691,0.253,0.21,1,"4","Aldh3a2"
0.00113599135438964,0.266300162132804,0.259,0.217,1,"4","Mcat"
0.00152941416588101,0.258999614278507,0.282,0.243,1,"4","Pygo2"
0.00210963955762987,0.374221203977064,0.3,0.268,1,"4","Cemip2"
0,3.03055792124467,0.852,0.185,0,"5","Trib3"
0,4.03598154436461,0.442,0.047,0,"5","Nupr1"
1.52394758931698e-315,2.46543826802768,0.892,0.422,3.38270646400689e-311,"5","Niban1"
1.61991675207352e-303,1.84105281469513,0.973,0.733,3.59572921457758e-299,"5","Eif4ebp1"
2.3916716754968e-266,1.87381373172065,0.924,0.544,5.30879361810024e-262,"5","Asns"
3.82055450666636e-256,1.18757399607555,0.985,0.954,8.48048483844733e-252,"5","Nars"
4.42408399367753e-256,3.12804715402554,0.439,0.085,9.82013924076601e-252,"5","Angptl6"
7.78805857661087e-252,1.17983045681753,0.995,0.996,1.72871536225031e-247,"5","Gas5"
4.04502018487528e-249,0.789534301458864,0.997,0.998,8.97873130436765e-245,"5","Eif3c"
1.08529153259439e-244,1.12468215986539,0.99,0.951,2.40902161489977e-240,"5","Sars"
1.18164512292928e-244,2.48264937705748,0.664,0.212,2.62289767936612e-240,"5","Ddit3"
1.26593276324259e-237,2.89055663505284,0.617,0.192,2.80999095456957e-233,"5","Atf5"
6.26357534039472e-233,1.39332477802378,0.995,0.978,1.39032581830742e-228,"5","2410006H16Rik"
5.37207898523443e-231,1.89130908359244,0.959,0.784,1.19244037235249e-226,"5","Sqstm1"
2.04413812838835e-223,2.25267371044653,0.632,0.196,4.53737340358362e-219,"5","Pck2"
4.38481066299916e-220,1.06862784566698,0.995,0.934,9.73296422865924e-216,"5","Atf4"
1.20014781031878e-217,1.60447458271086,0.924,0.745,2.6639680945646e-213,"5","Phf10"
2.03078763686806e-209,1.02725096503769,0.983,0.954,4.50773931755603e-205,"5","Lars"
3.07051579233119e-209,0.829443711433036,0.986,0.989,6.81562390423754e-205,"5","Eprs"
5.07741175161053e-206,1.27274989415959,0.978,0.882,1.12703308650499e-201,"5","Slc3a2"
7.83433795344532e-199,3.36995766136805,0.263,0.037,1.73898799552626e-194,"5","Slc7a11"
2.44071676355312e-197,0.89837866861809,0.986,0.985,5.41765900005887e-193,"5","Ghitm"
6.95955628900902e-195,1.3626436393505,0.946,0.735,1.54481270947133e-190,"5","Cebpb"
1.75817362785498e-193,3.38719069753067,0.317,0.056,3.9026180017497e-189,"5","Cox6a2"
2.14369331801683e-186,0.370294634608008,1,1,4.75835605800195e-182,"5","Rps23"
2.54311363515434e-184,0.796835049066367,0.995,0.985,5.64494933595208e-180,"5","Hspa9"
5.44519118398596e-183,2.76870941212886,0.321,0.059,1.20866908710936e-178,"5","Chac1"
2.60816025778881e-177,0.345253860981886,0.999,1,5.78933332421382e-173,"5","Rpl34"
6.08069267300884e-172,2.55131456545904,0.397,0.095,1.34973135262777e-167,"5","Slc7a3"
1.5210188263592e-171,2.66895559420131,0.329,0.066,3.37620548886951e-167,"5","Slc1a4"
5.15327869037142e-170,0.392311324578569,1,1,1.14387327090174e-165,"5","Rps15a"
3.40526712900583e-169,1.98056134006506,0.769,0.426,7.55867144625424e-165,"5","Cyb5r1"
5.08475189031317e-169,0.545568877872301,1,1,1.12866237709281e-164,"5","Eef1a1"
8.15827097557811e-169,1.11257831927972,0.96,0.89,1.81089140844907e-164,"5","Psph"
2.16678068402326e-167,0.438609660995696,1,1,4.80960308432644e-163,"5","Rps7"
2.38914894424859e-167,0.384680600033038,1,1,5.3031939115486e-163,"5","Rpl17"
1.22548789299183e-166,2.38089685700146,0.475,0.139,2.72021547607397e-162,"5","Glrp1"
4.65163153201513e-166,3.13759792959428,0.329,0.069,1.0325226511614e-161,"5","Agap1"
1.52267551547866e-164,0.31572458542967,1,1,3.37988284170797e-160,"5","Rps27a"
3.85670165048972e-163,0.341689939208619,1,1,8.56072065359204e-159,"5","Rps6"
5.46873708181683e-161,0.305533008027318,1,1,1.21389557005088e-156,"5","Rps14"
6.1173104665691e-157,0.312860941375355,0.999,1,1.35785940426434e-152,"5","Rpl6"
5.64045277369953e-151,1.17018220033552,0.949,0.807,1.25201130217808e-146,"5","Slc7a5"
4.72942643249575e-150,0.853203722544319,0.981,0.947,1.04979078522108e-145,"5","Gars"
6.60273969050132e-150,0.304899795360694,0.999,1,1.46561012910058e-145,"5","Rpl14"
9.77876722994083e-150,0.266794483835321,1,1,2.17059296202997e-145,"5","Rpl13"
1.6488954378883e-149,0.366801684675274,0.999,1,3.66005320348067e-145,"5","Rps18"
3.91216674297028e-149,0.324388488841797,1,1,8.68383651937112e-145,"5","Rack1"
4.55293651993519e-148,0.298891896889352,1,1,1.01061531933001e-143,"5","Rpl18"
2.87020717889858e-147,0.303942426680206,1,1,6.37099887500118e-143,"5","Rps3"
8.55072921922684e-146,0.274771205250707,1,1,1.89800536479178e-141,"5","Rpl15"
2.72166593492248e-145,0.316743307728697,1,1,6.04128187574742e-141,"5","Rpl5"
3.1273701446388e-145,2.53739742988214,0.33,0.077,6.94182351005474e-141,"5","Gpt2"
7.53643293033121e-142,0.315130791944712,1,1,1.67286201754562e-137,"5","Rpl12"
8.29736429897879e-142,1.30729243517705,0.874,0.628,1.84176595344432e-137,"5","Aars"
6.10446734133539e-140,0.809844037195322,0.979,0.943,1.35500861575622e-135,"5","Mthfd2"
5.69040673771565e-139,0.28851263391975,1,1,1.26309958357074e-134,"5","Rps20"
1.04943588223496e-137,0.300114967511649,0.999,1,2.32943282779694e-133,"5","Rpl4"
4.42539860070888e-137,1.14997277337255,0.914,0.741,9.8230572739935e-133,"5","Xpot"
6.9315690130342e-137,0.527670560698492,0.996,0.996,1.5386003738232e-132,"5","Uqcrq"
7.31094318199187e-137,0.310262172484059,0.997,1,1.62281005810674e-132,"5","Rpl35a"
5.51779960803624e-136,0.379865917553968,1,1,1.2247859789958e-131,"5","Rpl10a"
3.54082749150605e-135,0.319605993697881,1,1,7.85957478289598e-131,"5","Rpl30"
2.91852678279287e-134,0.312198827509156,1,1,6.47825389976533e-130,"5","Rpl27"
5.07825978859338e-133,0.941916370541736,0.961,0.885,1.12722132527407e-128,"5","Dennd2d"
1.43519087512926e-130,1.06496493630023,0.959,0.9,3.18569318552442e-126,"5","Chchd10"
8.47805337642113e-130,0.319610580267642,1,1,1.8818735079642e-125,"5","Rps12"
2.10659471048241e-124,0.331619911430243,1,1,4.67600827885781e-120,"5","Eef1b2"
2.39419109241826e-124,0.303949081401807,0.999,1,5.3143859678408e-120,"5","Rpl18a"
5.46726214309647e-124,0.458031954354766,0.994,0.998,1.21356817790312e-119,"5","Rps18-ps6"
3.32844174052669e-122,0.518081103940954,0.995,0.994,7.38814213144709e-118,"5","Eif2s2"
1.35630945738754e-117,2.48875052772369,0.374,0.113,3.01060010256313e-113,"5","P2rx3"
3.08878373611883e-116,0.26116166264161,1,1,6.85617325906296e-112,"5","Rpl7"
3.89706144207389e-115,0.274134075127954,1,1,8.65030728297141e-111,"5","Rps15"
8.9322078509822e-113,0.25875273324502,0.999,1,1.98268217668252e-108,"5","Rpl36"
8.58593736548623e-111,2.25967874407683,0.408,0.137,1.90582051701698e-106,"5","Gab2"
1.77434430531881e-109,0.734067469220695,0.986,0.982,3.93851205451616e-105,"5","Tcea1"
3.50832254812392e-109,0.303622434617763,0.999,0.999,7.78742356007066e-105,"5","Rpl35"
9.25785710167267e-107,0.294660376865877,1,1,2.05496654085828e-102,"5","Rpl38"
3.42200329333663e-105,0.572870519307559,0.992,0.982,7.59582071021931e-101,"5","Ybx3"
1.53766102788395e-104,1.29520542492954,0.797,0.56,3.41314618359399e-100,"5","Arl14ep"
1.63559855397625e-104,0.288662540328696,1,0.999,3.63053811026109e-100,"5","Rpl26"
5.66747296614921e-102,2.69623378133073,0.28,0.074,1.25800897429614e-97,"5","Atf3"
3.23729851363819e-99,0.683002189005125,0.982,0.982,7.18583151072269e-95,"5","Mia2"
2.2003849050888e-97,0.667723265245633,0.994,0.992,4.8841943738256e-93,"5","Rpl22l1"
1.64711232722627e-96,1.15330327158259,0.82,0.618,3.65609523274415e-92,"5","Cebpg"
5.89138583646318e-95,0.858105523020981,0.972,0.956,1.30771091411973e-90,"5","Esd"
2.43987037794516e-94,0.871970422530576,0.924,0.798,5.41578027792487e-90,"5","Clic4"
2.95459286272679e-94,0.594404549825558,0.997,0.998,6.55830977739466e-90,"5","Ftl1"
2.09971784567399e-93,1.99243357525898,0.393,0.145,4.66074370204255e-89,"5","Soat2"
2.52259102875366e-89,1.90039906579256,0.404,0.157,5.59939530652449e-85,"5","Gch1"
1.71654049028085e-86,1.77946044217438,0.492,0.218,3.81020492627641e-82,"5","Batf3"
6.15884796587806e-86,0.674930962055368,0.96,0.929,1.36707948298595e-81,"5","Tars"
4.80130730123334e-82,0.877200002731784,0.891,0.757,1.06574618165476e-77,"5","Mtln"
2.24488536615803e-81,0.863073124556197,0.865,0.742,4.98297204726097e-77,"5","Hax1"
2.69635477678326e-81,1.08890690835035,0.765,0.544,5.9850986980258e-77,"5","Cars"
5.74438587424342e-81,0.590519389831151,0.983,0.962,1.27508133250581e-76,"5","Srpk1"
2.32743269804001e-80,0.748813493963143,0.987,0.961,5.16620235983941e-76,"5","Zfas1"
2.44969731142025e-80,0.551754253735653,0.994,0.99,5.43759312215953e-76,"5","Cd53"
2.61197769927323e-80,0.973690506065538,0.869,0.718,5.7978068990768e-76,"5","Lonp1"
1.17319514306391e-79,0.6914658153091,0.981,0.95,2.60414125905897e-75,"5","1110038B12Rik"
1.54194915824685e-79,0.922418412005561,0.864,0.75,3.42266454656053e-75,"5","Wars1"
3.21436891666938e-78,0.867698763499378,0.866,0.715,7.13493468433101e-74,"5","Yars"
7.12626150250449e-76,1.95932077065121,0.334,0.122,1.58181626571092e-71,"5","Ciart"
2.78891066465642e-75,0.692116210057139,0.924,0.87,6.19054500233786e-71,"5","Psat1"
3.17433093941289e-75,0.485693394344547,0.996,0.989,7.0460623862148e-71,"5","Ccnd2"
1.02390073505769e-74,0.902050671996513,0.869,0.777,2.27275246160756e-70,"5","Snhg6"
7.03677952653211e-74,0.864575675668897,0.866,0.699,1.56195395150433e-69,"5","Bcat1"
3.82534261069791e-73,1.23510197027924,0.66,0.419,8.49111299296616e-69,"5","Gtpbp2"
2.26272111374123e-71,0.899464536422336,0.938,0.885,5.02256205617141e-67,"5","Ero1a"
1.34672480742394e-69,0.676659265446216,0.92,0.84,2.98932505503892e-65,"5","Shmt2"
1.10809998297302e-67,0.968306222091154,0.777,0.589,2.45964953220521e-63,"5","Aldh18a1"
1.18874982185719e-67,0.671766587185658,0.944,0.869,2.6386679795764e-63,"5","Slc38a2"
1.73052039344132e-67,0.872250242368754,0.938,0.883,3.8412361173217e-63,"5","Dennd4a"
5.9303223380037e-67,0.671836273369286,0.923,0.857,1.31635364936668e-62,"5","Iars"
1.14755628818969e-64,1.41339181787633,0.569,0.344,2.54723069289465e-60,"5","Ppp1r15a"
2.3822174403628e-62,1.08439725554664,0.834,0.726,5.28780805237332e-58,"5","Snhg12"
4.14384635597445e-62,0.658242224224092,0.95,0.887,9.19809575635649e-58,"5","Slc7a1"
8.12183526968195e-62,1.05359565050041,0.721,0.529,1.8028037748113e-57,"5","Rhbdd1"
5.02703392001033e-60,1.99351620311643,0.263,0.094,1.11585071922469e-55,"5","Acot2"
3.18222507585704e-59,1.49845069037366,0.585,0.387,7.06358500087987e-55,"5","Avpi1"
4.76976999892459e-58,0.465293520065961,0.995,0.996,1.05874584666129e-53,"5","Hif1a"
8.63129849619033e-58,1.22280819100326,0.562,0.339,1.91588932719937e-53,"5","Pde4dip"
1.41119368391124e-57,0.289259305759557,1,1,3.13242662017779e-53,"5","Npm1"
2.79532796032418e-56,0.562567965279856,0.922,0.899,6.20478947353158e-52,"5","Phgdh"
6.5467050399109e-56,0.4756483413807,0.97,0.951,1.45317211770902e-51,"5","Rcc2"
1.49194451423509e-55,0.444344751514995,0.997,0.998,3.31166923824763e-51,"5","Itk"
6.36331860458524e-55,0.421989135218626,0.987,0.978,1.41246583065979e-50,"5","Aimp1"
1.21980284711595e-54,0.365239563331489,0.996,0.997,2.70759637974327e-50,"5","Ankrd11"
9.20960013115618e-54,0.648125438510959,0.891,0.864,2.04425494111274e-49,"5","Cnpy2"
8.44072475501632e-53,0.917695381656979,0.748,0.632,1.87358767387097e-48,"5","Tbpl1"
8.45011687362341e-53,0.525612563628112,0.956,0.937,1.87567244243819e-48,"5","Slc1a5"
1.41056775375294e-52,0.550559986222589,0.963,0.937,3.13103724300539e-48,"5","Lims1"
3.02171749135505e-50,1.90192799040055,0.329,0.152,6.7073063155608e-46,"5","Hmox1"
8.53293771654071e-50,0.876135417025024,0.738,0.567,1.89405618494054e-45,"5","Mafg"
3.89263900747684e-47,0.874266284517911,0.836,0.741,8.64049080489635e-43,"5","Hsd17b10"
5.70161532846664e-47,0.815579001990034,0.833,0.722,1.26558755445974e-42,"5","Ube2w"
5.74295916636952e-47,0.308237921683124,0.994,0.995,1.27476464615904e-42,"5","Krtcap2"
6.38547178992596e-47,0.518710206616425,0.95,0.916,1.41738317320987e-42,"5","Snhg8"
1.4588848926272e-46,0.320991236422441,0.995,0.996,3.23828679616461e-42,"5","Gng5"
1.57371188083924e-45,0.789091446066713,0.811,0.711,3.49316826189887e-41,"5","Gnpnat1"
5.23249041869714e-45,0.42950379503165,0.982,0.985,1.1614558982382e-40,"5","Sltm"
6.12787334102612e-45,0.796280982011339,0.802,0.698,1.36020404550757e-40,"5","Parp4"
1.38558959708106e-44,0.745790604606107,0.802,0.696,3.07559322864083e-40,"5","Trim35"
9.05643862298206e-43,1.5836237318087,0.367,0.19,2.01025768114333e-38,"5","2210408F21Rik"
1.03434528305508e-42,1.66047876175969,0.254,0.104,2.29593622479737e-38,"5","Jdp2"
2.47985823774986e-42,0.334022338212549,0.983,0.994,5.50454133033337e-38,"5","Tln1"
1.77908982420516e-41,0.867885147044875,0.706,0.547,3.9490456827882e-37,"5","Kdm5b"
2.70905838507247e-41,1.63428387349601,0.252,0.105,6.01329689734536e-37,"5","Tsc22d3"
5.21853229210318e-41,0.683487601743115,0.816,0.724,1.15835761287814e-36,"5","Got1"
7.00224831163438e-41,0.427069759166695,0.978,0.958,1.55428905773348e-36,"5","Eif3g"
7.08706483465223e-41,0.488751744432298,0.956,0.936,1.57311578134776e-36,"5","Ogt"
1.57642195613606e-40,0.700595794987889,0.82,0.713,3.49918381603522e-36,"5","Arid5a"
2.42289571481694e-40,0.765465606826744,0.782,0.699,5.37810161817915e-36,"5","Sel1l"
3.44226471052467e-40,0.728846980634154,0.769,0.634,7.64079497795161e-36,"5","Mdfic"
3.59234958848633e-40,1.6056497658123,0.372,0.197,7.9739383815631e-36,"5","Gbp11"
6.1576996617515e-40,0.769998240020457,0.769,0.649,1.36682459391898e-35,"5","Nfe2l1"
1.20381047656838e-39,1.31985234572787,0.388,0.212,2.67209811483883e-35,"5","2010016I18Rik"
1.34536854262903e-39,0.624880851388254,0.882,0.73,2.98631455407365e-35,"5","Lgals3"
6.13086984057408e-39,0.425288117155175,0.992,0.997,1.36086917851223e-34,"5","Foxp1"
7.0717707890936e-39,0.499348472535538,0.963,0.955,1.56972096205511e-34,"5","Taf15"
8.49325957525666e-39,0.882808079773843,0.614,0.414,1.88524882791972e-34,"5","Mt2"
1.09563769984189e-38,0.911664860516243,0.647,0.5,2.43198700233904e-34,"5","P2ry10"
1.6525699507665e-38,0.429045593497433,0.978,0.974,3.6682095197164e-34,"5","6820431F20Rik"
1.91726171162147e-37,0.745418380243378,0.763,0.644,4.25574582128619e-33,"5","Nfe2l2"
3.0169100702305e-36,0.384125173874649,0.972,0.969,6.69663528289065e-32,"5","Arpc5l"
3.74030559787117e-36,0.925906822160671,0.571,0.411,8.30235633559463e-32,"5","Kdm4a"
5.42432925161352e-36,0.886824667502016,0.666,0.535,1.20403836398065e-31,"5","Gsto1"
1.00245104173882e-35,0.906837663800026,0.675,0.555,2.22514057734765e-31,"5","Cnppd1"
2.09998248191088e-35,0.461924289690571,0.956,0.94,4.66133111509759e-31,"5","Zfand5"
3.06751256310888e-35,0.432530524384649,0.969,0.956,6.80895763633278e-31,"5","Arhgef6"
5.48021459646337e-35,1.37259126402493,0.388,0.224,1.21644323397697e-30,"5","Hectd2"
8.27799816209151e-35,0.768085523791985,0.774,0.693,1.83746725203945e-30,"5","Sos1"
8.66204350595401e-35,1.33028739513313,0.431,0.271,1.92271379701661e-30,"5","Smim3"
9.79073419567905e-35,1.47689654782169,0.358,0.201,2.17324926941488e-30,"5","Atp6v0a1"
1.02369118865254e-34,0.668785375921823,0.742,0.615,2.27228733145204e-30,"5","Herpud1"
2.43328022801842e-33,0.688189004499964,0.788,0.684,5.40115212213248e-29,"5","Epb41l4aos"
3.91467080345613e-33,0.622915800624307,0.856,0.744,8.68939478243156e-29,"5","Ahnak"
6.52099066121545e-33,0.329418683861041,0.995,0.999,1.44746429706999e-28,"5","Fth1"
8.94269940957425e-33,0.309129873968557,0.996,0.995,1.9850109879432e-28,"5","Cdk6"
1.28727348590409e-32,0.590398510197707,0.815,0.73,2.8573609566613e-28,"5","Ttc39b"
2.23184202603201e-32,0.330173978082,0.992,0.992,4.95401974518325e-28,"5","Mycbp2"
2.83745711247245e-32,0.462145442838133,0.909,0.889,6.2983035525551e-28,"5","Ubr2"
4.37679999521597e-32,0.869988786170335,0.574,0.418,9.71518294938089e-28,"5","Lmo4"
7.10226375937218e-32,0.44791875165509,0.941,0.92,1.57648948666784e-27,"5","Nop14"
1.01033244538948e-31,0.762893281469313,0.684,0.56,2.24263492903104e-27,"5","Akap8l"
1.9089952216272e-31,0.345160150948834,0.997,0.999,4.23739669344591e-27,"5","Dock2"
4.56393302790775e-31,0.786998129282273,0.728,0.646,1.01305621420468e-26,"5","Ascc2"
6.46998894477373e-31,0.827181331398373,0.644,0.494,1.43614344607143e-26,"5","Bcl2a1b"
1.97709004116557e-30,0.467355870168832,0.927,0.915,4.38854676437521e-26,"5","Riok3"
2.26739958441854e-30,0.96385494340265,0.562,0.424,5.03294685753384e-26,"5","Scpep1"
2.50162600089988e-30,1.10113554308863,0.399,0.242,5.55285923419747e-26,"5","Aig1"
5.4075541444819e-30,0.592876828061438,0.86,0.789,1.20031479345065e-25,"5","Samsn1"
6.52843895631296e-30,0.505988526241391,0.951,0.93,1.44911759513279e-25,"5","Rbpj"
7.93944043122372e-30,0.824249722088496,0.688,0.596,1.76231759251873e-25,"5","Glmn"
8.42321372540656e-30,0.688221766780364,0.863,0.776,1.86970075062849e-25,"5","Bhlhe40"
8.78262529891649e-30,0.713888350115634,0.692,0.592,1.94947933760049e-25,"5","Arhgap12"
1.20246969781109e-29,0.3981619997776,0.97,0.959,2.66912198823128e-25,"5","D16Ertd472e"
1.99477566301335e-29,0.536999114349156,0.873,0.827,4.42780353919074e-25,"5","Pla2g12a"
5.90997819449621e-29,0.426942750383091,0.917,0.896,1.31183785983232e-24,"5","Mrpl24"
1.8114376629855e-28,0.388724606877406,0.974,0.958,4.02084818052892e-24,"5","Sipa1l1"
2.34563417546123e-28,0.613641623596959,0.784,0.7,5.20660417927129e-24,"5","Hdac4"
3.45848629081454e-28,0.47245858307617,0.904,0.868,7.67680201972104e-24,"5","Il12rb2"
5.02634798568124e-28,1.29984815710213,0.33,0.189,1.11569846238166e-23,"5","Irak2"
5.53077231877558e-28,0.339268442301377,0.982,0.978,1.22766553159861e-23,"5","Leprotl1"
5.56593895859628e-28,0.70464773578503,0.638,0.511,1.23547147063962e-23,"5","Pon2"
9.86461405079931e-28,0.342853450700174,0.955,0.952,2.18964838085592e-23,"5","BC005537"
1.24116494108269e-27,0.917430847312509,0.506,0.367,2.75501381972125e-23,"5","Sft2d2"
1.32459178426417e-27,0.507174605549974,0.911,0.885,2.94019638353118e-23,"5","Bin2"
1.57953296543976e-27,0.57380892399167,0.855,0.806,3.50608932338662e-23,"5","Eea1"
1.61808800759319e-27,1.05082637787284,0.439,0.296,3.5916699504546e-23,"5","Snx10"
7.24211681613273e-27,0.488125350427113,0.881,0.831,1.60753266967698e-22,"5","Klf7"
8.16274139684303e-27,0.347831147705868,0.983,0.984,1.81188370785725e-22,"5","Cox7a2l"
1.01044848596911e-26,0.311067020369216,0.985,0.984,2.24289250430564e-22,"5","Vasp"
1.27945113108481e-26,0.44410426271839,0.974,0.963,2.83999767566895e-22,"5","Txnrd1"
1.31648465225955e-26,0.482995389049543,0.905,0.864,2.92220098262052e-22,"5","Ubl3"
1.80182785269795e-26,0.744147786887794,0.624,0.522,3.99951728463364e-22,"5","Smim10l1"
5.96349971360853e-26,1.11281429759833,0.347,0.213,1.32371803142969e-21,"5","Vegfa"
6.29988734373725e-26,0.967886557325225,0.469,0.333,1.39838599368936e-21,"5","Osbpl2"
6.53076480495978e-26,1.2770891303178,0.303,0.173,1.44963386375692e-21,"5","Gpc1"
7.79740333584262e-26,0.332183945124941,0.944,0.946,1.73078961845699e-21,"5","Prdx3"
8.51319509191357e-26,0.832132600056419,0.556,0.411,1.88967391455206e-21,"5","Gstp3"
8.84300531606001e-26,0.631643733312873,0.974,0.959,1.96288189000584e-21,"5","Snhg1"
1.57046820262563e-25,0.411242624543798,0.923,0.891,3.4859682693681e-21,"5","Cr1l"
3.17210577446855e-25,0.7572163496894,0.591,0.455,7.04112318758785e-21,"5","Galnt3"
5.74516589268799e-25,0.784524658369598,0.584,0.447,1.27525447319995e-20,"5","Garin3"
8.86778662667115e-25,0.840263989316125,0.797,0.723,1.9683825975222e-20,"5","Cd69"
1.98811299953453e-24,1.1958093165249,0.276,0.153,4.41301442506679e-20,"5","Tacc2"
2.26360977921358e-24,0.525629425973409,0.787,0.682,5.02453462692037e-20,"5","Crem"
2.6595321810597e-24,0.49689454025597,0.81,0.736,5.90336358229821e-20,"5","Sos2"
3.34662592933058e-24,0.996770416455879,0.493,0.37,7.42850557533509e-20,"5","5430416N02Rik"
3.60638965501469e-24,0.684703229268211,0.616,0.505,8.0051031172361e-20,"5","Rnf11"
4.40896476553676e-24,0.795630434037848,0.582,0.473,9.78657909006194e-20,"5","Ahi1"
5.40599878782545e-24,1.05941772543466,0.386,0.253,1.19996955093362e-19,"5","Swap70"
5.53824470937445e-24,0.317985335689559,0.959,0.96,1.22932417813985e-19,"5","Mrpl23"
9.18356753159141e-24,0.438070142252939,0.887,0.843,2.03847648498735e-19,"5","Filip1l"
1.52040705360445e-23,0.606492017136285,0.719,0.631,3.3748475368858e-19,"5","Stk40"
1.60452654191791e-23,0.387940322304152,0.968,0.955,3.56156756509518e-19,"5","Atxn1"
1.62017378867061e-23,0.648987852964371,0.684,0.575,3.59629975871215e-19,"5","Mid1ip1"
2.49789944525668e-23,1.26596419906315,0.325,0.197,5.54458739863625e-19,"5","Glcci1"
2.7261035576904e-23,0.277407213230654,0.986,0.985,6.05113206700537e-19,"5","Ppp2r5a"
1.39558693445549e-22,1.11228565567758,0.299,0.178,3.09778431841085e-18,"5","Tspyl4"
1.91970941407133e-22,0.263017751066155,0.978,0.973,4.26117898641414e-18,"5","Nop53"
3.39173050284466e-22,0.71443806093164,0.583,0.461,7.5286241971643e-18,"5","Gm56577"
3.51893781300001e-22,0.433354898998132,0.86,0.818,7.81098626351611e-18,"5","Pin4"
3.53945272076108e-22,0.806602450944226,0.573,0.458,7.85652320427336e-18,"5","Sesn2"
4.11584896331041e-22,0.395270337132704,0.866,0.83,9.13594994386012e-18,"5","Rab6a"
4.51098301363998e-22,1.04913572138612,0.44,0.316,1.00130289953767e-17,"5","Gm32856"
5.7195316420971e-22,0.530886805382655,0.806,0.75,1.26956443859629e-17,"5","Nrip1"
1.04712368622459e-21,0.31505068347634,0.946,0.94,2.32430044631273e-17,"5","Sugt1"
1.54615994168099e-21,0.359182730729149,0.904,0.892,3.43201122254929e-17,"5","Anapc16"
1.74833441324719e-21,0.504929919745586,0.813,0.761,3.8807778970848e-17,"5","Anxa7"
2.60096122138313e-21,0.994286700980826,0.277,0.16,5.77335362310414e-17,"5","Mthfr"
3.22583928624492e-21,0.781989428818364,0.594,0.489,7.16039546367785e-17,"5","Ulk2"
7.78506630387376e-21,0.64190783729044,0.641,0.562,1.72805116747086e-16,"5","Dnaja3"
7.85406395268917e-21,1.43804324357656,0.257,0.146,1.74336657557841e-16,"5","Gpr141"
1.17625085293437e-20,0.566295426690709,0.75,0.69,2.61092401825841e-16,"5","Zyg11b"
1.2864560488208e-20,0.296081215003711,0.95,0.961,2.85554649156752e-16,"5","Mrpl21"
2.00860895940424e-20,0.982279280869493,0.425,0.309,4.4585093071896e-16,"5","Erlin1"
2.38487873622715e-20,0.374715065996922,0.879,0.852,5.2937153308034e-16,"5","Atxn7l3b"
2.53232798483995e-20,0.611527554159555,0.67,0.58,5.62100842794923e-16,"5","Lrrc8d"
3.06431970575116e-20,0.480703705757721,0.951,0.938,6.80187045085584e-16,"5","Cblb"
3.86358229160448e-20,0.97836297748592,0.408,0.286,8.57599361267446e-16,"5","Ndrg1"
5.11877658377112e-20,0.372127296507044,0.911,0.89,1.13621483829967e-15,"5","Paip2"
9.91665334109036e-20,1.40317297217045,0.267,0.157,2.20119954212183e-15,"5","Plek"
1.06452083738613e-19,1.05593672971735,0.262,0.151,2.36291690274599e-15,"5","Thrb"
1.44715082654478e-19,1.12356053423279,0.325,0.214,3.21224068968144e-15,"5","Them4"
1.62949902696012e-19,1.00981884405436,0.412,0.3,3.61699899014337e-15,"5","Zfp52"
1.79765527144361e-19,0.443363941331398,0.815,0.772,3.99025540602339e-15,"5","Coa8"
2.44239459242135e-19,0.572364294378481,0.706,0.621,5.42138327679768e-15,"5","Tsc22d2"
3.09087312648724e-19,0.336489719167415,0.911,0.879,6.86081107886372e-15,"5","Tmem147"
4.53445385517666e-19,0.513524075966693,0.706,0.639,1.00651272223356e-14,"5","Mea1"
6.45541537313596e-19,0.289387355219994,0.946,0.946,1.43290855037499e-14,"5","Utp11"
1.02008475013776e-18,0.595314594436393,0.745,0.674,2.26428211988077e-14,"5","Hdac8"
1.02525919874002e-18,0.452139401488103,0.824,0.782,2.27576784344322e-14,"5","Nfu1"
1.25756514007007e-18,0.268977089249874,0.958,0.952,2.79141734141353e-14,"5","Mrpl15"
1.5355236945288e-18,0.687805130871969,0.54,0.438,3.40840194474557e-14,"5","Gnpda2"
1.80263575574995e-18,0.628031688339482,0.624,0.523,4.00131058703816e-14,"5","Kdm6b"
3.02855761518677e-18,0.364402700463721,0.869,0.848,6.72248933843008e-14,"5","Mrps18b"
3.40434192553898e-18,0.667462025017729,0.634,0.528,7.55661777211888e-14,"5","Tpk1"
4.29024800334121e-18,0.37065731044918,0.893,0.875,9.52306349301648e-14,"5","Farsb"
8.79171341534867e-18,0.652300774024383,0.653,0.566,1.95149662680494e-13,"5","Plscr1"
9.81730509421988e-18,0.840587416269343,0.368,0.257,2.17914721176399e-13,"5","2010204K13Rik"
1.37697729714132e-17,0.428246171746506,0.757,0.712,3.05647650646458e-13,"5","Pdcd2"
1.49991707134637e-17,0.851358530409918,0.404,0.295,3.32936592326754e-13,"5","Amz2"
1.50006923379959e-17,0.879809635950742,0.389,0.267,3.32970367826494e-13,"5","Neurl3"
1.92359630728482e-17,0.295703056425991,0.964,0.969,4.26980672328011e-13,"5","Atp6v1g1"
2.03211967099297e-17,0.539946377621076,0.723,0.682,4.51069603370309e-13,"5","Slc25a12"
2.30620271595597e-17,0.621923060541487,0.677,0.619,5.11907816860746e-13,"5","Bin1"
2.6040628061583e-17,0.567401977419665,0.507,0.379,5.78023821082958e-13,"5","Fbxl20"
2.77567859760036e-17,0.357388244926808,0.866,0.837,6.16117378309351e-13,"5","Derl1"
3.38167371611914e-17,0.680904950374405,0.874,0.855,7.50630114766965e-13,"5","Itgav"
9.93357449521992e-17,0.918786323951139,0.479,0.38,2.20495553070397e-12,"5","Nfkbiz"
1.5016005247667e-16,0.940663430868455,0.304,0.2,3.33310268482464e-12,"5","Rfesd"
1.6923167292367e-16,0.503770960175537,0.678,0.601,3.7564354438867e-12,"5","Mars1"
1.71158312396208e-16,0.861998067416416,0.43,0.322,3.79920106025863e-12,"5","Trim16"
2.13326491358305e-16,0.299830217215254,0.935,0.919,4.73520812868031e-12,"5","Mrpl32"
2.15433655828271e-16,0.352006964304358,0.922,0.91,4.78198085842014e-12,"5","Ccdc47"
2.78177115290381e-16,0.303065879716513,0.923,0.917,6.17469742810059e-12,"5","Ide"
2.81914189315244e-16,0.314788041862632,0.945,0.953,6.25764926023047e-12,"5","Rab8b"
6.42393940852964e-16,0.366143899838643,0.81,0.782,1.42592183051132e-11,"5","Aasdhppt"
7.46478885868259e-16,0.750068070684961,0.356,0.252,1.65695918296177e-11,"5","Plin2"
8.75605302882521e-16,0.399683853448603,0.919,0.926,1.94358109080833e-11,"5","Zfand6"
1.06429080501154e-15,0.421422606998346,0.747,0.694,2.36240629988412e-11,"5","Maco1"
1.20769901445221e-15,0.623323882627801,0.503,0.402,2.68072950237957e-11,"5","Kdm7a"
1.24819246529851e-15,0.252370315402548,0.942,0.947,2.77061281522311e-11,"5","Pabpc4"
1.33307808808226e-15,0.69086396922347,0.488,0.388,2.95903343211618e-11,"5","Pnpla8"
1.4078496484433e-15,0.679585347191065,0.516,0.433,3.12500386464959e-11,"5","Dus2"
1.90439566535867e-15,0.397232988112214,0.777,0.738,4.22718705839665e-11,"5","Tma16"
2.56781096453758e-15,0.335887528566605,0.923,0.9,5.69976999798407e-11,"5","Atxn2l"
2.90690842243956e-15,0.279419475210278,0.947,0.948,6.4524646252891e-11,"5","Psmc2"
3.18440376273965e-15,0.411535895129437,0.84,0.796,7.06842103215321e-11,"5","Snhg4"
3.39923773261466e-15,0.271489357987824,0.942,0.932,7.54528799508475e-11,"5","Ralbp1"
3.59561018793009e-15,0.257575059922355,0.949,0.945,7.98117593414841e-11,"5","Psmc5"
4.31573881153252e-15,0.337391554752297,0.923,0.898,9.57964543995873e-11,"5","Ubn2"
4.76692780469899e-15,0.288344370269022,0.914,0.908,1.05811496480904e-10,"5","Ccny"
5.21987475278697e-15,0.253014841137516,0.956,0.964,1.15865559887612e-10,"5","Eif1a"
6.12192127938637e-15,0.422657063125808,0.761,0.721,1.35888286638539e-10,"5","Uty"
6.31105313312224e-15,0.939456249005062,0.331,0.236,1.40086446395914e-10,"5","Gys1"
8.3449696577692e-15,0.599955602322322,0.573,0.501,1.85233291493503e-10,"5","Htatip2"
1.07659157864823e-14,0.353057373210973,0.886,0.874,2.38971032712548e-10,"5","Supt20"
1.18334872796005e-14,0.487449169980827,0.651,0.542,2.62667917145293e-10,"5","Zfp608"
1.49602093778162e-14,0.536533096598928,0.701,0.652,3.32071767559385e-10,"5","Abcc1"
1.62898854423251e-14,0.826049858379829,0.472,0.385,3.6158658716329e-10,"5","Slc48a1"
2.31068679238004e-14,0.495012900593987,0.712,0.681,5.12903147304597e-10,"5","Rmnd5a"
2.34548375627702e-14,0.562615360260364,0.585,0.501,5.2062702938081e-10,"5","Lncpint"
2.61743359320623e-14,0.32092159782473,0.872,0.853,5.80991734683988e-10,"5","Slc25a39"
3.21339643643504e-14,0.579311322511797,0.633,0.552,7.13277606995485e-10,"5","Clcn5"
3.466396319669e-14,0.253136991777696,0.944,0.946,7.69435991076927e-10,"5","Gnai3"
5.84023764369967e-14,0.428504483395561,0.729,0.683,1.29635754977202e-09,"5","Mcrip1"
7.24442647358259e-14,0.378603939239535,0.792,0.775,1.60804534434113e-09,"5","Dld"
9.21470887134019e-14,0.318203152863842,0.851,0.823,2.04538892817138e-09,"5","Ccni"
9.73658861949034e-14,0.751475538089236,0.399,0.303,2.16123057586827e-09,"5","Zhx2"
1.03099532675894e-13,0.473963627230034,0.745,0.709,2.28850032680683e-09,"5","Mrps31"
1.04442998974536e-13,0.31999431974701,0.941,0.931,2.31832124823778e-09,"5","Msi2"
1.47196614635676e-13,0.504507248377547,0.675,0.608,3.26732325506811e-09,"5","Smim14"
1.5524124509327e-13,0.523744713369748,0.526,0.45,3.44588991733531e-09,"5","2610005L07Rik"
1.66861773430861e-13,0.838012980468565,0.347,0.256,3.70383078484481e-09,"5","Oxnad1"
1.86885318048582e-13,0.326600129673757,0.868,0.857,4.14829340472438e-09,"5","Rabac1"
2.23149214310536e-13,0.271171779639155,0.958,0.958,4.95324311005097e-09,"5","Ociad1"
2.35913529405534e-13,0.262697310461311,0.941,0.934,5.23657261221465e-09,"5","Mthfd1l"
2.55334912042932e-13,0.286166783514888,0.904,0.892,5.66766904261696e-09,"5","Gnl2"
2.93157187808331e-13,0.371590956682841,0.779,0.744,6.50721009778151e-09,"5","Gm2000"
3.05869082136263e-13,0.282366811069963,0.927,0.932,6.78937601617862e-09,"5","Serp1"
3.46510165966513e-13,0.339195746374794,0.856,0.86,7.6914861539587e-09,"5","Eid1"
3.89965837223171e-13,0.351533586961786,0.86,0.831,8.65607168884272e-09,"5","Tmem123"
4.12073572594077e-13,0.352378232786073,0.851,0.819,9.14679709087073e-09,"5","Fbxo11"
4.5057010757437e-13,0.641959437250097,0.461,0.378,1.00013046778283e-08,"5","Ercc1"
5.43643621697412e-13,0.753249170432028,0.332,0.241,1.20672574708174e-08,"5","Nipal3"
5.65510256374879e-13,0.380854839958613,0.819,0.813,1.25526311607532e-08,"5","Ubxn2a"
6.68073523888342e-13,0.46350512865553,0.716,0.671,1.48292280097495e-08,"5","Tbce"
7.17748684500574e-13,0.402500850531646,0.787,0.749,1.59318675498592e-08,"5","Vapb"
9.14063074574723e-13,0.860768567888126,0.327,0.24,2.02894580663351e-08,"5","Spef2"
9.80092962511266e-13,0.443991350568334,0.7,0.672,2.17551234888626e-08,"5","Ptrh2"
1.72915842478958e-12,0.443987363604168,0.725,0.702,3.83821295550544e-08,"5","Ice1"
2.56371367541318e-12,0.451826636844686,0.774,0.748,5.69067524531463e-08,"5","Aven"
2.6538964919361e-12,0.593045464447296,0.58,0.509,5.89085404315057e-08,"5","Zfp983"
2.73428337850234e-12,0.921804334048915,0.264,0.179,6.06928881526164e-08,"5","Glce"
2.76740375795675e-12,0.650047961293069,0.458,0.367,6.1428061215366e-08,"5","Parp8"
3.07660184710606e-12,0.28767091996174,0.868,0.847,6.82913312002131e-08,"5","Ywhag"
3.14570849981677e-12,0.289304944149298,0.947,0.954,6.98252915704328e-08,"5","Gsk3b"
3.23673606080916e-12,0.335180248265972,0.904,0.883,7.1845830341781e-08,"5","Oga"
3.38184237461708e-12,0.850341152123315,0.344,0.255,7.50667551893753e-08,"5","Tsc22d1"
3.77024783867911e-12,0.967385330049344,0.271,0.187,8.36881912751601e-08,"5","Dnase2a"
3.79655129571447e-12,0.331445445979692,0.893,0.856,8.42720491109741e-08,"5","Klf6"
3.91704681822115e-12,0.803657083665811,0.294,0.203,8.69466882240548e-08,"5","Grk5"
6.04187310334001e-12,0.663686678838318,0.442,0.361,1.34111457274838e-07,"5","Mtss1"
6.67122605307453e-12,0.380046209620568,0.764,0.73,1.48081204700095e-07,"5","Odr4"
6.97141246748952e-12,0.379140766842037,0.779,0.735,1.54744442540865e-07,"5","Prmt3"
7.62798002254823e-12,0.3423964277888,0.751,0.703,1.69318272560503e-07,"5","Dctn2"
9.06754256255429e-12,0.313941767097258,0.924,0.915,2.01272242261018e-07,"5","Commd7"
9.22811856594904e-12,0.637001201422323,0.497,0.434,2.04836547808371e-07,"5","Ercc6"
1.28142684272038e-11,0.707266746975065,0.439,0.347,2.84438316278644e-07,"5","Trps1"
1.32596185826696e-11,0.316753436922245,0.802,0.79,2.94323753679518e-07,"5","Prkdc"
1.53023528742734e-11,0.487719869499805,0.561,0.486,3.39666326750246e-07,"5","Dhrs7"
1.95164238125343e-11,0.748381967904423,0.37,0.287,4.33206059366823e-07,"5","Ypel5"
2.46720212505345e-11,0.440536801656999,0.782,0.748,5.47644855698115e-07,"5","Gm56906"
2.52656727955378e-11,0.62459179890649,0.583,0.514,5.60822139042552e-07,"5","Exoc6b"
2.62066067186623e-11,0.417442962479078,0.721,0.673,5.81708049334146e-07,"5","Mocs2"
3.09378131243334e-11,0.300921376574144,0.809,0.749,6.86726637920829e-07,"5","Bach2"
3.11326328959987e-11,0.491150706013979,0.529,0.45,6.91051052392484e-07,"5","Eml5"
3.37920462013126e-11,0.745062273731186,0.386,0.31,7.50082049530536e-07,"5","Epg5"
3.61472282377679e-11,0.314644897922322,0.852,0.855,8.02360025193734e-07,"5","Med10"
3.80973334191323e-11,0.264467874359185,0.919,0.9,8.4564650990448e-07,"5","Utp14a"
4.02303501223952e-11,0.303180148278032,0.868,0.858,8.92993081666807e-07,"5","Smap1"
4.28784430796074e-11,0.335299977579566,0.819,0.793,9.51772801038045e-07,"5","Fam13b"
4.83711932055628e-11,0.335046125134233,0.829,0.772,1.07369537558388e-06,"5","Rhoq"
5.55920316299139e-11,0.395054818513147,0.68,0.645,1.2339763260892e-06,"5","Lin7c"
6.476043854512e-11,0.371516870951223,0.738,0.711,1.43748745438603e-06,"5","Parvg"
7.11444949352127e-11,0.4483906851654,0.763,0.74,1.57919435407692e-06,"5","Gclm"
7.15014458942755e-11,0.398171456921609,0.692,0.669,1.58711759451523e-06,"5","Ppp2cb"
7.54880527512242e-11,0.757570176683276,0.309,0.228,1.67560830691892e-06,"5","Fam117b"
8.12521365359232e-11,0.409562343053135,0.637,0.581,1.80355367468789e-06,"5","Zfp397"
9.42068625562314e-11,0.356812665977597,0.725,0.69,2.09110972816067e-06,"5","Rhof"
1.03677888563933e-10,0.564591612939033,0.489,0.417,2.30133809245361e-06,"5","Stc2"
1.07810925255484e-10,0.660165745001617,0.407,0.327,2.39307910789598e-06,"5","Ern1"
1.25113568764306e-10,0.295195988690513,0.861,0.845,2.7771458858613e-06,"5","Rnf138"
1.40464697657523e-10,0.529175966522838,0.635,0.585,3.11789489390404e-06,"5","Thoc2l"
1.47392147725637e-10,0.360774041769491,0.804,0.775,3.27166350306597e-06,"5","Phf21a"
1.83777122167214e-10,0.389840126335823,0.802,0.789,4.07930078074565e-06,"5","Capn2"
1.89356648625295e-10,0.706658451728734,0.329,0.245,4.20314952953567e-06,"5","N4bp2l1"
2.03693505750422e-10,0.826717564140595,0.307,0.231,4.52138474714212e-06,"5","Gm53681"
2.06301250819268e-10,0.402534014269649,0.687,0.641,4.57926886443528e-06,"5","Osbpl9"
2.26713405080066e-10,0.444194793735654,0.644,0.588,5.03235745256223e-06,"5","Impact"
2.43450349980316e-10,0.861066321064062,0.356,0.282,5.40386741851309e-06,"5","Neat1"
2.52894762917135e-10,0.268848716818661,0.905,0.906,5.61350505247166e-06,"5","Kdm5a"
2.88020272130611e-10,0.433859487313403,0.692,0.632,6.39318598048317e-06,"5","Snhg20"
2.94993226645494e-10,0.493560912900618,0.553,0.492,6.54796465185002e-06,"5","Ptpn12"
3.32396490738467e-10,0.295924541732595,0.881,0.864,7.37820490492176e-06,"5","Atf6"
3.38318057593007e-10,0.501752297054265,0.529,0.47,7.50964592439197e-06,"5","Hyi"
3.53848307840313e-10,0.514964335188833,0.47,0.404,7.85437088913144e-06,"5","Ric8a"
3.92812567448621e-10,0.535884183030525,0.504,0.443,8.71926055965704e-06,"5","Atg12"
3.92980927124511e-10,0.614858803549306,0.575,0.511,8.72299763938276e-06,"5","Pde4d"
3.98893910210031e-10,0.415959313036396,0.659,0.621,8.85424812493206e-06,"5","Lsm10"
4.21075825396539e-10,0.430588998866926,0.626,0.584,9.34662009632699e-06,"5","Pstk"
4.84666161517427e-10,0.631989196742011,0.374,0.296,1.07581347872023e-05,"5","Zswim7"
5.3480638733381e-10,0.285939912807694,0.833,0.825,1.18710973796486e-05,"5","Wdr74"
5.55578341264996e-10,0.388205239989274,0.614,0.541,1.23321724410591e-05,"5","Adam8"
5.64237369452318e-10,0.604208487631051,0.534,0.475,1.25243768897331e-05,"5","Aqp9"
5.66276521846198e-10,0.332316973365076,0.941,0.952,1.25696399554201e-05,"5","Ubxn4"
5.99360347602608e-10,0.255637992836561,0.886,0.902,1.33040016357351e-05,"5","Pip4k2a"
6.10964674716717e-10,0.384430209001196,0.634,0.593,1.3561582884687e-05,"5","Rbm4"
6.91664496325585e-10,0.606630488119019,0.502,0.439,1.5352876824939e-05,"5","Pdcd1lg2"
7.27577202075663e-10,0.362467812887024,0.734,0.712,1.61500311544735e-05,"5","Norad"
8.1447822733344e-10,0.440103864243048,0.626,0.575,1.80789732121204e-05,"5","Gid4"
8.6519147569933e-10,0.376145484177565,0.714,0.691,1.9204655186098e-05,"5","Cluap1"
8.75175891451001e-10,0.423959963203353,0.638,0.593,1.94262792625379e-05,"5","Zkscan3"
8.99538548776915e-10,0.385182201520122,0.899,0.897,1.99670571672012e-05,"5","Ifngr1"
9.21074644417024e-10,0.415774021368878,0.614,0.555,2.04450938821247e-05,"5","2510002D24Rik"
1.1112005618311e-09,0.25464809709836,0.886,0.876,2.46653188709649e-05,"5","Nob1"
1.18015254677532e-09,0.526966492360634,0.458,0.386,2.61958460807717e-05,"5","Arhgef12"
1.1835366007069e-09,0.333587049217094,0.789,0.757,2.6270961925891e-05,"5","Ptpmt1"
1.19189114111476e-09,0.448933062073434,0.621,0.587,2.64564076593243e-05,"5","Gm39323"
1.2949647456975e-09,0.321146825377302,0.775,0.768,2.87443324602473e-05,"5","Slu7"
1.49776404721151e-09,0.256349056239508,0.919,0.929,3.32458685559539e-05,"5","Mta3"
1.50942734027327e-09,0.810947153442118,0.29,0.214,3.35047586720458e-05,"5","Prxl2c"
1.63913715964777e-09,0.262552872463545,0.882,0.878,3.63839275327015e-05,"5","Map4k4"
1.64741904417233e-09,0.272899118483242,0.884,0.876,3.65677605234932e-05,"5","Ino80"
1.69455775649683e-09,0.541615108844963,0.488,0.413,3.76140985209601e-05,"5","Fosl2"
1.69555692639917e-09,0.321294423399082,0.77,0.739,3.76362770952823e-05,"5","Cenpv"
1.93274610381928e-09,0.387328120616049,0.657,0.585,4.29011652664765e-05,"5","Slc24a3"
2.13450338061504e-09,0.546093083677947,0.429,0.349,4.73795715395121e-05,"5","Bbc3"
2.14297218808796e-09,0.265884234477728,0.877,0.857,4.75675536589885e-05,"5","Fdx2"
2.17175853114786e-09,0.365194964234494,0.701,0.681,4.82065241158891e-05,"5","Prmt7"
2.29190706246201e-09,0.626314262999919,0.372,0.299,5.08734610654692e-05,"5","Tmem154"
2.78679982354465e-09,0.526894946585964,0.592,0.54,6.18585956832206e-05,"5","2300009A05Rik"
3.00642844966947e-09,0.347050870836933,0.789,0.763,6.67336922973132e-05,"5","Mettl1"
3.18556186103703e-09,0.549044278992838,0.465,0.389,7.07099166294389e-05,"5","Relb"
3.96360836147568e-09,0.4424898303763,0.522,0.47,8.79802147996757e-05,"5","Ncoa4"
4.19737497020137e-09,0.357264544115348,0.732,0.695,9.31691322135597e-05,"5","B3galnt2"
5.41720746601061e-09,0.311964501591368,0.9,0.908,0.000120245754123037,"5","Cytip"
5.81071000481822e-09,0.367400673449238,0.768,0.716,0.00012898032997695,"5","Ier2"
5.89168335929199e-09,0.669074836632106,0.354,0.282,0.000130777695526204,"5","Ctso"
6.61355969696936e-09,0.440134624430105,0.596,0.548,0.000146801184593629,"5","Abhd17c"
8.85165833551122e-09,0.535448386513791,0.531,0.465,0.000196480260073343,"5","Acpp"
1.09547331241605e-08,0.346025641628456,0.798,0.798,0.00024316221115699,"5","Golgb1"
1.38718339350581e-08,0.598629031581217,0.367,0.295,0.000307913097856486,"5","Spg20"
1.44403000107149e-08,0.280377624872331,0.814,0.805,0.000320531339337839,"5","Tpd52l2"
1.4640228387991e-08,0.402523142081662,0.611,0.561,0.000324969149528237,"5","N6amt1"
1.58309290687298e-08,0.422474918489056,0.633,0.596,0.000351399132538595,"5","Mipol1"
1.95119541643549e-08,0.493564784560584,0.513,0.466,0.000433106846586186,"5","Wipi2"
1.97644676530136e-08,0.314228131337085,0.787,0.789,0.000438711888493943,"5","Tet3"
2.0654712083027e-08,0.30732213810068,0.745,0.682,0.00045847264410695,"5","Ddit4"
2.15227945228528e-08,0.368851577505553,0.685,0.663,0.000477741470023764,"5","Prep"
2.93282354758889e-08,0.661131401992235,0.34,0.27,0.000650998842858305,"5","Plekhm3"
3.00336819198174e-08,0.272697477124698,0.76,0.748,0.000666657637574186,"5","Dohh"
3.16124512892862e-08,0.476107999667056,0.506,0.459,0.000701701581268285,"5","Rit1"
3.42116124731219e-08,0.287142580545615,0.802,0.8,0.000759395162065888,"5","Stx16"
3.53117967295157e-08,0.274848282433867,0.97,0.973,0.00078381595200506,"5","Rsrp1"
3.83777594885342e-08,0.347304367376541,0.673,0.621,0.000851871127366994,"5","Gm20186"
4.07283513822414e-08,0.273373354429462,0.784,0.768,0.000904047215631613,"5","Tmtc2"
4.21608368843162e-08,0.300035661526575,0.782,0.756,0.000935844096321166,"5","Psmd5"
4.52848269831214e-08,0.3838990462195,0.546,0.489,0.00100518730454434,"5","Tbc1d9b"
4.58942386851024e-08,0.43509014725159,0.669,0.634,0.00101871441609322,"5","Dennd4c"
4.67255687000906e-08,0.285719223386166,0.801,0.763,0.00103716744843591,"5","Itfg1"
4.73933221287554e-08,0.26888476485881,0.743,0.726,0.00105198957129198,"5","Ibtk"
4.77971607078175e-08,0.625706523241357,0.318,0.25,0.00106095357623142,"5","Btbd19"
5.20507865626232e-08,0.255219942094143,0.865,0.884,0.00115537130933055,"5","Polr2m"
5.39288374401923e-08,0.385828692982882,0.659,0.631,0.00119705840465995,"5","Sp140"
5.42093521312951e-08,0.274218566324158,0.855,0.862,0.00120328498925836,"5","Krcc1"
6.2693143535367e-08,0.263566545295466,0.797,0.783,0.00139159970705454,"5","Kdm6a"
6.37019303282348e-08,0.458442214335624,0.558,0.516,0.00141399174749583,"5","Prpsap2"
7.96261101980058e-08,0.52977721699179,0.442,0.395,0.00176746076806514,"5","Smim13"
8.40821241630198e-08,0.69071504096559,0.421,0.364,0.00186637091004655,"5","Myb"
8.55872625855735e-08,0.440137048062578,0.512,0.464,0.00189978046761197,"5","Siah2"
8.65116403385317e-08,0.439387597231145,0.406,0.325,0.00192029888059439,"5","Gm17767"
8.76746343890623e-08,0.60476187687822,0.412,0.344,0.00194611385953402,"5","Fgl2"
8.82901845307183e-08,0.305266274522454,0.685,0.651,0.00195977722602835,"5","Map3k5"
9.20052546321898e-08,0.263039016159882,0.884,0.884,0.00204224063707072,"5","Ralgapa1"
9.22620138053512e-08,0.289855086871715,0.807,0.793,0.00204793992043738,"5","Dtd1"
9.23070589451355e-08,0.407276853119382,0.488,0.416,0.00204893978740517,"5","Dock5"
1.00240823852288e-07,0.429102299185669,0.526,0.474,0.00222504556704924,"5","Fam174a"
1.00491114795134e-07,0.279382463306567,0.723,0.713,0.0022306012751076,"5","Ddhd2"
1.00688748574847e-07,0.280549206690173,0.968,0.975,0.00223498815211587,"5","Lars2"
1.02737918649659e-07,0.310307315755181,0.819,0.822,0.00228047358026647,"5","Aff4"
1.07238960534244e-07,0.424105256676142,0.701,0.675,0.00238038320697861,"5","Scaper"
1.12363268198997e-07,0.670473756563267,0.341,0.279,0.00249412746421313,"5","Gm30373"
1.22105788985879e-07,0.377396773618335,0.674,0.649,0.00271038219811956,"5","Rab28"
1.39436000735639e-07,0.429683247617036,0.573,0.537,0.00309506090832899,"5","Aff1"
1.44349696037119e-07,0.535968952171004,0.371,0.305,0.00320413020293592,"5","Hacd1"
1.5603567586561e-07,0.379668594197301,0.625,0.595,0.00346352389718894,"5","Parn"
1.83750131741903e-07,0.283969731577578,0.901,0.92,0.00407870167427502,"5","Esf1"
1.87064722142423e-07,0.43824082824475,0.535,0.493,0.00415227563739537,"5","2810001A02Rik"
1.96566418585664e-07,0.41087140874126,0.601,0.561,0.00436318479334599,"5","Lrrfip2"
2.28726138499395e-07,0.257203771727562,0.783,0.784,0.00507703409627107,"5","Zdhhc21"
2.37028800044848e-07,0.62253374087378,0.322,0.262,0.00526132827459548,"5","Tgif1"
2.39128085036154e-07,0.319199593254432,0.747,0.748,0.0053079261035475,"5","Znhit6"
2.44144760962188e-07,0.296817581755842,0.7,0.67,0.00541928125907769,"5","Ttc13"
2.69014872418188e-07,0.503592239661468,0.515,0.467,0.00597132312306652,"5","Rrm2b"
2.74971863041536e-07,0.299554636522652,0.737,0.712,0.00610355044393298,"5","Nabp2"
2.81215226900912e-07,0.605025108372891,0.322,0.266,0.00624213439151954,"5","Mcfd2"
3.02188781127865e-07,0.418819347950726,0.575,0.547,0.00670768437469521,"5","Rab10os"
3.09817667734518e-07,0.619232875577652,0.267,0.204,0.0068770227707031,"5","Dnajb9"
3.10129500337097e-07,0.393521620119639,0.575,0.546,0.00688394451898253,"5","Bmi1"
3.34192332898275e-07,0.316812073615945,0.763,0.753,0.00741806721334302,"5","Saraf"
4.14275092650699e-07,0.305207234600631,0.703,0.674,0.00919566423156756,"5","Wdr77"
4.48068583603316e-07,0.373164040937168,0.597,0.562,0.0099457783502428,"5","Slc38a9"
4.82544896630544e-07,0.367207665206615,0.57,0.532,0.0107110490705082,"5","Nenf"
5.00039735446359e-07,0.529764418132431,0.379,0.325,0.0110993820077028,"5","Fbxl12"
5.43393363126447e-07,0.260898285110983,0.763,0.753,0.0120617024813177,"5","Wdr83os"
6.09200518867416e-07,0.495958197824598,0.501,0.466,0.0135224239173,"5","Ccdc186"
6.30370534964764e-07,0.532623023946561,0.418,0.361,0.0139923347646129,"5","Rhob"
6.39416507069938e-07,0.477354254664946,0.361,0.297,0.0141931282074314,"5","Itga4"
6.55777403878465e-07,0.279200766961015,0.784,0.793,0.0145562910338903,"5","Serinc1"
7.37716864932456e-07,0.296966478416613,0.814,0.819,0.0163751012509057,"5","Ankrd12"
7.74342723020421e-07,0.693852036033317,0.368,0.318,0.0171880854228843,"5","Rpp38"
7.78896540019962e-07,0.312631800841863,0.478,0.415,0.0172891664988231,"5","Ipcef1"
8.00407968128769e-07,0.700432231201772,0.336,0.278,0.0177666556685543,"5","Ppm1l"
8.1693474830763e-07,0.675143184443429,0.281,0.223,0.0181335006081845,"5","Zfp605"
8.24298706213839e-07,0.5220024526528,0.481,0.446,0.0182969583818286,"5","Dus4l"
8.41894201621457e-07,0.552769493657407,0.399,0.341,0.0186875255933915,"5","Dnaaf9"
8.5904813898999e-07,0.354147092464393,0.614,0.581,0.0190682915411608,"5","Nfkbib"
8.83993047245438e-07,0.694633199475394,0.452,0.409,0.019621993669707,"5","Ptpre"
1.04617779052646e-06,0.433913024982462,0.562,0.531,0.0232220084163158,"5","Sertad2"
1.04925267815525e-06,0.319998274396622,0.724,0.7,0.0232902616970122,"5","Noc3l"
1.05331073432556e-06,0.258663622862156,0.763,0.759,0.0233803383698244,"5","Rnh1"
1.09314386468665e-06,0.299010437263153,0.616,0.575,0.0242645143644495,"5","Il16"
1.09714607076659e-06,0.657166346176961,0.282,0.224,0.024353351332806,"5","Blcap"
1.27864271707502e-06,0.373633287640434,0.529,0.476,0.0283820323909142,"5","Cdyl2"
1.29685365291455e-06,0.400550161601888,0.452,0.399,0.0287862605337443,"5","Hagh"
1.37008811990332e-06,0.327187532037989,0.671,0.652,0.030411845997494,"5","Trmt1"
1.64127049499607e-06,0.296307128092379,0.655,0.633,0.0364312811774279,"5","1500011B03Rik"
1.68775889869512e-06,0.337448561135465,0.665,0.649,0.0374631842743355,"5","Rilpl2"
1.73242766106557e-06,0.315984987947915,0.647,0.627,0.0384546967926726,"5","Poldip2"
1.76703500074373e-06,0.250749007549354,0.833,0.824,0.0392228759115085,"5","Zfp652"
1.84745238505443e-06,0.583028633062035,0.37,0.321,0.0410079005910531,"5","D6Wsu163e"
1.8513162159551e-06,0.610778212044949,0.362,0.309,0.0410936660455553,"5","1110002L01Rik"
1.90652797422499e-06,0.336687175087441,0.678,0.664,0.0423192014438722,"5","Socs4"
1.9448032231097e-06,0.391061826712945,0.564,0.525,0.043168797143366,"5","Ehd1"
1.9688006781916e-06,0.333815774558017,0.614,0.6,0.043701468653819,"5","Pigbos1"
1.98941995020444e-06,0.30788029414048,0.831,0.821,0.044159154634688,"5","Rtn4"
2.0704645838377e-06,0.318143907904592,0.576,0.535,0.0459581023674454,"5","D130009I18Rik"
2.1000086359646e-06,0.353476533370083,0.467,0.41,0.0466138916925061,"5","Kif1b"
2.12541079054306e-06,0.419252224153042,0.539,0.503,0.0471777433176843,"5","Flot1"
2.2968935762133e-06,0.268274014800014,0.796,0.781,0.0509841467112066,"5","Dusp5"
2.29988809862492e-06,0.251170700290973,0.754,0.726,0.0510506161251774,"5","Rraga"
2.71428248369669e-06,0.645361670749234,0.549,0.512,0.0602489282906155,"5","Spp1"
2.76652932242799e-06,0.342083489777877,0.565,0.526,0.0614086513699341,"5","Zfp827"
2.85875768439492e-06,0.607895339897683,0.285,0.231,0.0634558443205139,"5","Trmt10b"
2.86854693695347e-06,0.346099108768727,0.728,0.689,0.0636731363595561,"5","Irf2bp2"
2.99087668597681e-06,0.326001017601001,0.646,0.629,0.0663884897986272,"5","Arhgap17"
3.07580135642098e-06,0.285296776207382,0.725,0.716,0.0682735627084765,"5","Prpsap1"
3.08935562294315e-06,0.585652882540182,0.341,0.286,0.0685744267624692,"5","Ell2"
3.25491282679954e-06,0.567250480084523,0.352,0.305,0.0722493000164693,"5","Osgin2"
3.25718640292964e-06,0.268470597724159,0.675,0.659,0.0722997665858292,"5","Surf6"
3.27384309762526e-06,0.404564332778981,0.504,0.472,0.072669495237988,"5","Zfp110"
3.30489734799822e-06,0.355874938050938,0.582,0.558,0.0733588064335166,"5","Hapstr1"
3.38091473997272e-06,0.406139183229693,0.585,0.558,0.0750461644831745,"5","Inpp5b"
3.66827376019681e-06,0.400005966000858,0.522,0.494,0.0814246726550885,"5","Vezt"
3.71624018379755e-06,0.295566977776039,0.714,0.694,0.0824893833597543,"5","Hadh"
3.89829915549893e-06,0.282092716826616,0.77,0.771,0.0865305463546098,"5","Mbtd1"
3.98531845287541e-06,0.340002602055781,0.614,0.595,0.0884621136984756,"5","Dnaaf10"
4.2905786669397e-06,0.509337324015084,0.308,0.25,0.0952379746700605,"5","Zfp951"
4.30761178507032e-06,0.570020475901615,0.602,0.586,0.0956160587932059,"5","Tob2"
4.7011673481194e-06,0.413277763731532,0.537,0.499,0.104351811626206,"5","Bcas3"
5.08869675512818e-06,0.650266013196882,0.27,0.213,0.11295380187358,"5","Gm30603"
5.15104074549672e-06,0.462841141435276,0.481,0.439,0.114337651427791,"5","Dubr"
5.2408392829559e-06,0.513876628191718,0.331,0.276,0.116330909563772,"5","Dkkl1"
5.571904895983e-06,0.499317966986052,0.37,0.321,0.123679572976135,"5","Pja1"
5.71545656902892e-06,0.357666263556696,0.67,0.646,0.126865989462735,"5","Rexo5"
6.72458907334711e-06,0.267003495369567,0.778,0.77,0.149265703661086,"5","Arhgef3"
6.93773131906644e-06,0.389578599010697,0.646,0.623,0.153996822089318,"5","Use1"
6.96416349237143e-06,0.396790684790194,0.429,0.383,0.154583537040169,"5","Nbr1"
7.08948266711256e-06,0.287105606929857,0.736,0.735,0.157365246761897,"5","Tmem11"
8.00757541558077e-06,0.395428769094562,0.502,0.475,0.177744151499646,"5","Atxn3"
8.09987373938136e-06,0.335043698916701,0.576,0.565,0.179792897393048,"5","Dpm2"
8.15663195769645e-06,0.456928389340306,0.467,0.427,0.181052759564988,"5","Ksr1"
8.25753502688055e-06,0.44717602058258,0.456,0.42,0.183292504991668,"5","G6pdx"
8.98743221468838e-06,0.438640551070901,0.266,0.209,0.199494032869438,"5","Ypel3"
9.08689329126388e-06,0.276835323216607,0.818,0.828,0.201701770386184,"5","Add3"
9.5369170837997e-06,0.477897651183088,0.499,0.46,0.211690948509102,"5","Lilrb4a"
9.82008625366308e-06,0.2983459551332,0.635,0.617,0.217976454572559,"5","Rbbp5"
1.01598041718106e-05,0.429623236807984,0.549,0.5,0.225517173201679,"5","Alcam"
1.06885333988444e-05,0.273135529858168,0.777,0.773,0.23725337585415,"5","Zfp131"
1.07072117662505e-05,0.288445447803711,0.752,0.751,0.237667979575462,"5","Ltv1"
1.09254018502909e-05,0.315706571478722,0.759,0.771,0.242511144870907,"5","Nup160"
1.11876600083206e-05,0.259146032979079,0.73,0.71,0.248332489204693,"5","Nfat5"
1.13558415602797e-05,0.319840025873174,0.561,0.529,0.252065615113528,"5","Sco2"
1.1482794883383e-05,0.672561574790981,0.267,0.218,0.254883598026453,"5","ENSMUSG00000121477"
1.21495999756289e-05,0.28752979380528,0.706,0.715,0.269684670659035,"5","Zfp622"
1.22780897914586e-05,0.308617436384562,0.56,0.532,0.272536759101007,"5","Gfm2"
1.23272643878989e-05,0.415450096868017,0.462,0.416,0.273628287618192,"5","Wars2"
1.26855882539018e-05,0.498524190720384,0.297,0.241,0.281582002471859,"5","Pogk"
1.31208114342139e-05,0.268662052177741,0.777,0.756,0.291242651405245,"5","Smim26"
1.40767577270334e-05,0.537507548863771,0.33,0.282,0.31246179126696,"5","Sec23a"
1.4371062205471e-05,0.322389268854829,0.593,0.568,0.31899446777484,"5","Fam53a"
1.45055996034926e-05,0.251949233026263,0.759,0.771,0.321980794398725,"5","Washc2"
1.46473341329999e-05,0.445571803345416,0.425,0.393,0.325126875750198,"5","Blzf1"
1.48606880270999e-05,0.263799446843219,0.705,0.69,0.329862692137537,"5","Mtx2"
1.59301020310999e-05,0.254824861351598,0.718,0.709,0.353600474784324,"5","Katna1"
1.6297254348761e-05,0.387947555636946,0.504,0.444,0.361750154779448,"5","Spata7"
1.64024681555818e-05,0.380182782267803,0.53,0.514,0.36408558564945,"5","Fbxo9"
1.67737527041209e-05,0.589981453172122,0.322,0.281,0.372326988773371,"5","Fbxo6"
1.68965347708364e-05,0.310510886766024,0.542,0.506,0.375052382308256,"5","Bmyc"
1.72714107128627e-05,0.356842258189453,0.513,0.475,0.383373503593414,"5","Pja2"
1.75917620475345e-05,0.41645037755053,0.33,0.269,0.390484342169123,"5","Ung"
1.76030425086557e-05,0.624538634611035,0.311,0.26,0.39073473456463,"5","Gm10509"
1.78357132544267e-05,0.331963173190381,0.666,0.641,0.39589932710851,"5","Copg2"
1.8707214663547e-05,0.607433649451647,0.286,0.24,0.415244043886753,"5","2610044O15Rik8"
1.89755765922165e-05,0.314055277014878,0.598,0.569,0.421200873617429,"5","Crcp"
1.9228400025104e-05,0.521126172056067,0.341,0.296,0.426812795357233,"5","Zfp369"
1.95440193302573e-05,0.426643245051125,0.424,0.385,0.433818597073722,"5","Manea"
1.9574589019272e-05,0.613025213879097,0.273,0.225,0.434497152460781,"5","Gsdme"
2.04491240833832e-05,0.352857444716857,0.548,0.517,0.453909207278857,"5","2700062C07Rik"
2.05910499349095e-05,0.285430856971723,0.684,0.683,0.457059535405185,"5","Zmym2"
2.13580410559196e-05,0.398075653158034,0.457,0.42,0.474084437318246,"5","Gm1976"
2.21607441001195e-05,0.256328150875138,0.638,0.618,0.491902036790353,"5","Npepl1"
2.2318148116319e-05,0.500853624229272,0.372,0.324,0.495395933737934,"5","Nfkb2"
2.26201362663126e-05,0.402484311327876,0.522,0.488,0.50209916470334,"5","Gabarapl1"
2.28075716689762e-05,0.345449598421171,0.487,0.443,0.506259668336265,"5","Pbxip1"
2.31002274906192e-05,0.615276823857899,0.303,0.259,0.512755749609274,"5","Uvssa"
2.31390711883286e-05,0.345697419367285,0.648,0.644,0.51361796316733,"5","Pdrg1"
2.37096846922374e-05,0.275242531388646,0.691,0.689,0.526283871113594,"5","Marchf6"
2.38154497763959e-05,0.295054025446052,0.702,0.691,0.528631538686661,"5","Rb1cc1"
2.41063419619137e-05,0.407002066059444,0.483,0.454,0.535088472528599,"5","Ubxn6"
2.421172184065e-05,0.363941407695943,0.481,0.443,0.537427589696907,"5","Mrrf"
2.48487154132017e-05,0.554285557701858,0.294,0.24,0.551566936026838,"5","Afp"
2.49282874571349e-05,0.315536507147955,0.605,0.593,0.553333196686023,"5","Mtfr1"
2.61609820188181e-05,0.461539284731066,0.462,0.428,0.580695317871705,"5","Il15ra"
2.68155834321868e-05,0.370891320228475,0.476,0.449,0.59522550544425,"5","Ttc19"
2.71355324959103e-05,0.504634623791719,0.371,0.326,0.602327414811721,"5","Crebrf"
2.79109251117791e-05,0.35280981236073,0.485,0.453,0.61953880470616,"5","Leng8"
2.79960816610899e-05,0.283431972033204,0.703,0.697,0.621429024631212,"5","A630001G21Rik"
2.79973128371425e-05,0.291526913262303,0.619,0.597,0.621456353046052,"5","Cir1"
2.97718276339618e-05,0.367106660293827,0.471,0.431,0.66084525799105,"5","Pus3"
3.03187673544729e-05,0.280465392966908,0.671,0.65,0.672985678967236,"5","Gpd2"
3.07160686529656e-05,0.527833991707005,0.275,0.222,0.681804575889878,"5","Kdm4d"
3.08606692070666e-05,0.388663918022872,0.516,0.487,0.685014274389257,"5","Exoc6"
3.13147096751339e-05,0.253414255091147,0.961,0.971,0.695092610658946,"5","Cyb5a"
3.3921752591336e-05,0.280566982857274,0.606,0.589,0.752961142269885,"5","Gtf2a1"
3.61338717169382e-05,0.432143995423639,0.447,0.41,0.802063550500877,"5","Rab40c"
3.61614447401798e-05,0.346912952222383,0.575,0.563,0.802675588897771,"5","Rnf166"
3.63583246020838e-05,0.509796729938151,0.323,0.276,0.807045731192455,"5","Mnt"
3.65812842254659e-05,0.281753078573135,0.687,0.674,0.811994765952666,"5","Tigd2"
3.7059065885416e-05,0.26977610696619,0.642,0.616,0.822600085458578,"5","Mbip"
3.85138710379898e-05,0.282102412362083,0.655,0.644,0.854892395430259,"5","Josd2"
3.85316548249115e-05,0.2568940260165,0.701,0.694,0.855287142148561,"5","3830406C13Rik"
3.92060991608061e-05,0.447270973936324,0.349,0.305,0.870257783072414,"5","Samd8"
4.02373662699813e-05,0.377047003414165,0.528,0.5,0.893148819094775,"5","Cep162"
4.05609510145347e-05,0.435264146720778,0.415,0.381,0.900331429669626,"5","Aptx"
4.16187257674879e-05,0.491179709007909,0.407,0.369,0.923810855860929,"5","Slc25a33"
4.20181446319283e-05,0.369777556183314,0.583,0.569,0.932676756394912,"5","Prrc1"
4.66883283878876e-05,0.499547762590016,0.398,0.364,1,"5","Hibch"
4.94833160601331e-05,0.753685486252174,0.261,0.215,1,"5","Insl6"
5.04264746166889e-05,0.309517860754809,0.567,0.544,1,"5","Fam210a"
5.49006884204289e-05,0.260073364582048,0.728,0.721,1,"5","Uqcc5"
5.5113691793725e-05,0.434203183626305,0.445,0.412,1,"5","Rpap2"
5.73401162988071e-05,0.426300346493009,0.616,0.609,1,"5","ENSMUSG00000121399"
6.22431493673591e-05,0.437804266020941,0.361,0.317,1,"5","Shfl"
6.23146674379253e-05,0.382670870766364,0.542,0.518,1,"5","Slc35b3"
6.33044574481178e-05,0.511596465240571,0.254,0.211,1,"5","Nat9"
6.37580976970659e-05,0.518510289110022,0.262,0.215,1,"5","Sik1"
6.42682934692046e-05,0.265436738705256,0.927,0.928,1,"5","Chd2"
6.60232803412856e-05,0.337889459372936,0.467,0.431,1,"5","Prorp"
6.61317419656151e-05,0.398134415004606,0.454,0.426,1,"5","Dynlt3"
6.64335103833739e-05,0.26872652326769,0.715,0.709,1,"5","Rftn1"
6.65735082737232e-05,0.265059832316613,0.718,0.707,1,"5","Stambpl1"
6.71251045963663e-05,0.374578558448189,0.57,0.557,1,"5","Stard3nl"
6.84484745784213e-05,0.346526902592021,0.602,0.59,1,"5","Golga5"
6.96867900230279e-05,0.415433924079969,0.385,0.344,1,"5","Pisd"
7.09393856038071e-05,0.333504596169928,0.408,0.361,1,"5","Arhgap25"
7.40015981548555e-05,0.45587995286434,0.406,0.373,1,"5","Alg10b"
8.00807380988009e-05,0.259040027994104,0.621,0.607,1,"5","Eaf1"
8.11612125631708e-05,0.278381707186778,0.611,0.589,1,"5","Mterf3"
8.12460974081847e-05,0.59540591769214,0.286,0.241,1,"5","Kantr"
8.54653252827687e-05,0.505130321932991,0.379,0.339,1,"5","Rnf170"
8.92177002523764e-05,0.395324168592078,0.47,0.45,1,"5","Herpud2"
9.0043850441602e-05,0.466923715762655,0.386,0.347,1,"5","Acadsb"
9.16143540729777e-05,0.511517160515176,0.326,0.288,1,"5","Cyren"
9.22818575333973e-05,0.353012838609375,0.487,0.456,1,"5","Zbtb44"
9.26495624635216e-05,0.586598458336429,0.284,0.241,1,"5","Bbs12"
9.94836617140368e-05,0.512690636810352,0.276,0.232,1,"5","Arhgdig"
0.000100108273634997,0.346942639205544,0.503,0.466,1,"5","Casd1"
0.000109111849419553,0.313804256562159,0.594,0.569,1,"5","Gclc"
0.000109676809622509,0.545571942005639,0.326,0.285,1,"5","Jmy"
0.000125003762293104,0.355687818402595,0.512,0.491,1,"5","Lyrm1"
0.000125303434129223,0.455794147933141,0.33,0.283,1,"5","Trp53cor1"
0.000129518126335806,0.459766218716263,0.325,0.281,1,"5","Nr2c1"
0.000130860070066976,0.264077199473087,0.701,0.699,1,"5","Srpk2"
0.000131490757361523,0.283340749436484,0.634,0.626,1,"5","2310039H08Rik"
0.000140932296378586,0.466491016159352,0.377,0.344,1,"5","Sh2b1"
0.000162255658422281,0.409824492206118,0.39,0.35,1,"5","Amn1"
0.00016821409028049,0.370020180164621,0.467,0.439,1,"5","Paox"
0.000171608752297593,0.501157446591483,0.425,0.392,1,"5","D5Ertd579e"
0.000177295685112537,0.435406984871208,0.343,0.302,1,"5","Gns"
0.000180905131340147,0.626676678735914,0.257,0.219,1,"5","Acp6"
0.000182455319856389,0.274301176064982,0.585,0.569,1,"5","Golga1"
0.000182604518424146,0.262573130825663,0.665,0.676,1,"5","Alkbh8"
0.00018336366458717,0.463610582630404,0.374,0.334,1,"5","D030028A08Rik"
0.000195807657314971,0.518308107006548,0.277,0.232,1,"5","Ntng2"
0.000202293649683496,0.255679807340278,0.684,0.693,1,"5","Erlec1"
0.000202973351513376,0.465225033459046,0.32,0.279,1,"5","Pkd1l3"
0.000208906068704643,0.339920406760706,0.552,0.521,1,"5","L3mbtl3"
0.000219672850090763,0.259128133279489,0.668,0.665,1,"5","Rnf114"
0.000236188111214356,0.267272677407034,0.594,0.582,1,"5","Rfk"
0.000236694061902233,0.277070059077652,0.635,0.632,1,"5","Fra10ac1"
0.000237742657459261,0.349274690207008,0.513,0.495,1,"5","Rcan3"
0.000239691709460682,0.456315002703833,0.37,0.339,1,"5","Tmem42"
0.00024191169725703,0.335429508099313,0.37,0.323,1,"5","Zdhhc14"
0.000242334771657728,0.519701287178789,0.424,0.398,1,"5","Fam120c"
0.000245133370363203,0.40754040115712,0.415,0.385,1,"5","Hps3"
0.000246323259315916,0.465780626702503,0.349,0.309,1,"5","Spire1"
0.00025629279089265,0.326740783080013,0.605,0.597,1,"5","Sfi1"
0.000269240630931208,0.36964982331785,0.489,0.466,1,"5","Ankra2"
0.000280641436709153,0.38450597737004,0.507,0.485,1,"5","Dennd11"
0.000281782787325844,0.398450231321587,0.498,0.481,1,"5","Man2a2"
0.000289228300294758,0.331744335936922,0.524,0.51,1,"5","Maf1"
0.000293533046709921,0.353522812694853,0.434,0.407,1,"5","Flywch1"
0.000314148308099245,0.404278318759406,0.454,0.427,1,"5","Zfp518a"
0.000322092452648702,0.331754580909586,0.582,0.558,1,"5","Nfkbia"
0.000345889924873836,0.330405322168854,0.449,0.422,1,"5","Rab11fip2"
0.000361426761103792,0.449388548500249,0.362,0.321,1,"5","Eci1"
0.000363099218000795,0.486306703299285,0.322,0.284,1,"5","Unc45a"
0.000365436093642362,0.353938086667293,0.438,0.409,1,"5","Camsap1"
0.000371263633902146,0.318524618150141,0.565,0.561,1,"5","Pex3"
0.000371393722623817,0.369524497464044,0.499,0.481,1,"5","Guf1"
0.000372905445787477,0.547462683325035,0.271,0.23,1,"5","Lztfl1"
0.000374797563515961,0.471139674068974,0.408,0.376,1,"5","Mfhas1"
0.000420486622516544,0.317416437088035,0.502,0.479,1,"5","Mfsd6"
0.000438005844943824,0.416571743055607,0.356,0.315,1,"5","Tnfrsf4"
0.00044433973598972,0.329766650765882,0.489,0.459,1,"5","Tars2"
0.000455083865310741,0.403140826917971,0.421,0.399,1,"5","Kdsr"
0.000492314778639078,0.263820055423256,0.602,0.576,1,"5","Dip2c"
0.000493182846638979,0.344479637964192,0.517,0.509,1,"5","Dnajb12"
0.000505872936502411,0.311979210422932,0.555,0.54,1,"5","Ccdc66"
0.000508437456234028,0.380204019217792,0.426,0.402,1,"5","Lztr1"
0.000523581090648971,0.354465247488861,0.531,0.528,1,"5","Dcaf17"
0.00053642603344607,0.355177226787722,0.399,0.373,1,"5","Pcmtd2"
0.000538218227186822,0.480968361392591,0.266,0.23,1,"5","Lyrm4"
0.000553552071541501,0.458979826703299,0.374,0.341,1,"5","Gatb"
0.00058396462397616,0.39348690654273,0.47,0.443,1,"5","Jazf1"
0.000594066475019426,0.622670128321237,0.268,0.232,1,"5","Usp20"
0.000596860281192422,0.301497739257541,0.533,0.513,1,"5","Josd1"
0.000602066857166733,0.264885886938367,0.598,0.574,1,"5","Tdrd3"
0.000621913470353679,0.414523083317115,0.358,0.328,1,"5","Mtrr"
0.00063132294185156,0.403312971021347,0.409,0.386,1,"5","Abhd14a"
0.00064348648050488,0.257236920762674,0.698,0.691,1,"5","Kmt5b"
0.000643904126590849,0.337289921075471,0.449,0.431,1,"5","Galnt11"
0.000645699301618182,0.403019279978013,0.487,0.474,1,"5","Mios"
0.000647020190281877,0.372813357399374,0.467,0.449,1,"5","Zfp655"
0.000677858187550122,0.350512279739081,0.445,0.429,1,"5","Stam"
0.000678882514958039,0.503017881134856,0.335,0.303,1,"5","Fam8a1"
0.000722693058710034,0.372542850397185,0.434,0.405,1,"5","Zfp182"
0.000738512957675094,0.317305568156723,0.48,0.455,1,"5","Dennd10"
0.000747629701605655,0.386814957687377,0.347,0.317,1,"5","Fgd3"
0.00074917014117249,0.320457331101191,0.629,0.63,1,"5","Vgll4"
0.000758534425495103,0.366634835440382,0.368,0.34,1,"5","Coasy"
0.00076626812404093,0.493164462840581,0.315,0.289,1,"5","Scnm1"
0.000832187320047724,0.263717454701774,0.601,0.58,1,"5","Rreb1"
0.000840266429325154,0.548536664777715,0.315,0.283,1,"5","Khnyn"
0.000840776155985052,0.670357433989004,0.302,0.266,1,"5","Gm14636"
0.00087967377454219,0.268699923464232,0.624,0.628,1,"5","Rchy1"
0.000886501438926468,0.359932099806836,0.284,0.241,1,"5","Ltb4r1"
0.00089151606471755,0.489870595876698,0.25,0.212,1,"5","Tbc1d12"
0.000893705535200906,0.273015765321579,0.687,0.685,1,"5","Arid5b"
0.000894168285647366,0.447607716458031,0.422,0.398,1,"5","Qtrt2"
0.000942980331423696,0.386336128310387,0.376,0.346,1,"5","Usp40"
0.000944792797215997,0.272391963388158,0.597,0.587,1,"5","Pip4k2b"
0.000974742466251535,0.376973146517244,0.417,0.389,1,"5","Gm56555"
0.00102717147383558,0.305756192548147,0.558,0.554,1,"5","Polr3h"
0.0010349509081173,0.32215034418073,0.49,0.463,1,"5","Rnf216"
0.00103759529090539,0.312364299178291,0.484,0.467,1,"5","Arel1"
0.00112721347852721,0.360798236672837,0.375,0.345,1,"5","Ddx28"
0.00112743809397592,0.297481657904022,0.526,0.516,1,"5","Tatdn1"
0.00116676682164544,0.292300959389391,0.693,0.706,1,"5","Phkb"
0.00121667818932158,0.284278203079881,0.65,0.661,1,"5","Chd6"
0.00121980143328639,0.509841466282546,0.261,0.228,1,"5","Dmac2l"
0.0012562670048725,0.337120684932044,0.439,0.418,1,"5","Ip6k2"
0.00129459815343548,0.374305331891419,0.406,0.383,1,"5","Kctd13"
0.00131104382880174,0.354918380830251,0.439,0.413,1,"5","Litaf"
0.00132440546114363,0.334568454437308,0.543,0.539,1,"5","Pts"
0.00139077949111997,0.294855683216569,0.453,0.422,1,"5","Mettl15"
0.00144786971266348,0.300648567542852,0.745,0.759,1,"5","Vps37b"
0.00148843031335484,0.423676188473355,0.341,0.312,1,"5","Zdhhc24"
0.00151071835428671,0.348618881600635,0.365,0.337,1,"5","Alg2"
0.00156902239284828,0.327310660377581,0.375,0.347,1,"5","Klhl28"
0.00167599756917672,0.41885700793808,0.304,0.273,1,"5","Adam9"
0.00168415548834607,0.435095222707013,0.377,0.349,1,"5","Zfyve16"
0.001811240633778,0.308288043606349,0.386,0.352,1,"5","4930486L24Rik"
0.0018118491604499,0.387093654476275,0.327,0.298,1,"5","Snrk"
0.0018651936780426,0.28762999103,0.565,0.574,1,"5","Fbxl6"
0.00188375221233064,0.286926956686196,0.504,0.498,1,"5","Crlf2"
0.00193558803833866,0.399648220875107,0.367,0.344,1,"5","Dedd2"
0.00198195218302078,0.367294456406269,0.416,0.399,1,"5","Kat8"
0.00204461092421913,0.444383097581252,0.27,0.235,1,"5","Wdr41"
0.00205553871791904,0.347722389645215,0.397,0.373,1,"5","Zfp598"
0.00211435861361236,0.261408884941449,0.598,0.59,1,"5","Smim8"
0.00213571554800795,0.250804465932573,0.644,0.658,1,"5","Atp6v1b2"
0.00218293691792775,0.261838185252856,0.526,0.52,1,"5","Slc25a28"
0.00218949475855312,0.366481473013084,0.484,0.472,1,"5","Thap2"
0.0022508938261011,0.282891337814866,0.371,0.333,1,"5","Prdm1"
0.00244693892562744,0.401581832076412,0.273,0.243,1,"5","Mlycd"
0.00246035071688325,0.286133338494024,0.529,0.537,1,"5","Ing3"
0.00251119074853057,0.287671374890607,0.449,0.432,1,"5","Sco1"
0.00257191357652438,0.253081497035493,0.683,0.665,1,"5","Tasor"
0.00261739980413894,0.434505091154031,0.389,0.371,1,"5","Ubtd1"
0.00284613742010872,0.260073519107053,0.498,0.48,1,"5","Invs"
0.00287327253083802,0.390153380213034,0.293,0.262,1,"5","2010315B03Rik"
0.00292232572869708,0.263928957437144,0.522,0.489,1,"5","Lilrb4b"
0.00297719951170714,0.410401299384577,0.268,0.235,1,"5","Map4k5"
0.0030252255537527,0.317124219424369,0.533,0.528,1,"5","Metap1d"
0.0030896522900009,0.252705937048096,0.594,0.604,1,"5","Avl9"
0.00309323200217568,0.421898274061641,0.302,0.28,1,"5","Abhd5"
0.00313456862765515,0.419522652826421,0.415,0.398,1,"5","Mettl4"
0.00314199081302668,0.553996946659294,0.3,0.272,1,"5","Ormdl3"
0.00316301703315764,0.267818273824772,0.522,0.515,1,"5","Pex7"
0.00323837552321203,0.290358112373029,0.564,0.569,1,"5","Lgals8"
0.00324978807857122,0.334278875370874,0.389,0.364,1,"5","Cep290"
0.00327828031227372,0.26634920456465,0.551,0.558,1,"5","Spryd7"
0.0032961718981473,0.365883715171125,0.515,0.504,1,"5","Mettl5"
0.00331233418326909,0.43976410537937,0.267,0.237,1,"5","Nbdy"
0.00342958123012162,0.261983486260395,0.628,0.615,1,"5","Hivep3"
0.00348132596343152,0.443637892498087,0.372,0.351,1,"5","Dcp1b"
0.00355608608174522,0.435357732708519,0.309,0.288,1,"5","Tmem167b"
0.00358774024337018,0.330948384594276,0.454,0.433,1,"5","Ezh1"
0.00372526167168941,0.457981328721988,0.279,0.251,1,"5","4930581F22Rik"
0.0038357208200721,0.413512229705201,0.322,0.298,1,"5","Adat1"
0.00384026170983635,0.255916196591895,0.556,0.552,1,"5","Irf2bpl"
0.00428900143349326,0.267783341007163,0.508,0.498,1,"5","1110065P20Rik"
0.00439108102776649,0.50846062849834,0.451,0.439,1,"5","Dancr"
0.00441676117681416,0.491858137686311,0.261,0.228,1,"5","Gm4890"
0.00449977717281425,0.345965750754159,0.458,0.449,1,"5","Ing4"
0.00456566600821545,0.399851136693223,0.43,0.419,1,"5","Taf4b"
0.0045693321026624,0.389248172063376,0.353,0.333,1,"5","Rdh14"
0.00479119186302245,0.33689059745955,0.362,0.34,1,"5","Grina"
0.004830022873688,0.379840919639935,0.388,0.37,1,"5","Zfp950"
0.00501435522879652,0.35122905344384,0.303,0.269,1,"5","Zcchc18"
0.00507244233319376,0.254840566910713,0.549,0.552,1,"5","Noa1"
0.00533125673868982,0.353618266076557,0.271,0.24,1,"5","Klhdc1"
0.00546565440266774,0.381340765019597,0.25,0.219,1,"5","Ccpg1"
0.00552277580653904,0.320943695918291,0.445,0.435,1,"5","Tmem175"
0.00564804520537372,0.327231072963047,0.487,0.475,1,"5","Mettl25"
0.00568839225256799,0.321836654555422,0.298,0.268,1,"5","Mcrip2"
0.00582703185173602,0.260329153097109,0.493,0.482,1,"5","Trim56"
0.00583842888643728,0.385365890007754,0.356,0.338,1,"5","Dele1"
0.00608603059578643,0.403662073665163,0.374,0.356,1,"5","Pigl"
0.00639355503434637,0.344430230808765,0.424,0.402,1,"5","2810403D21Rik"
0.00646883448338258,0.32829814980664,0.361,0.341,1,"5","Pyroxd1"
0.00654044804906522,0.374918161102359,0.39,0.368,1,"5","Zfp984"
0.00682169202929991,0.314037014158261,0.374,0.353,1,"5","Atmin"
0.00691299574455848,0.255653930099744,0.44,0.428,1,"5","Tfpt"
0.00694577691575853,0.285058477021676,0.44,0.435,1,"5","Dctd"
0.00695983753806059,0.294261459405219,0.496,0.482,1,"5","5031425E22Rik"
0.00698168988545858,0.492197516944786,0.271,0.243,1,"5","Mxd1"
0.00710093478813928,0.254675764574594,0.503,0.492,1,"5","Ndufaf7"
0.00711529596674152,0.349055123807082,0.299,0.275,1,"5","Trmu"
0.00712823580514198,0.305283909915619,0.39,0.368,1,"5","Nsun3"
0.0075698642473169,0.316146422483898,0.469,0.466,1,"5","Pelo"
0.00760467392193711,0.264638134822273,0.431,0.412,1,"5","Usp46"
0.00770088957046839,0.253270613452929,0.56,0.567,1,"5","Dpf2"
0.00775243256730765,0.315386673230472,0.449,0.433,1,"5","Acot13"
0.00782730221764313,0.318979865091623,0.371,0.352,1,"5","Btf3l4"
0.00834908576049588,0.351707481148996,0.277,0.25,1,"5","Zfp51"
0.0083674731082783,0.27554905012473,0.488,0.48,1,"5","Gtf2e1"
0.00857074169879903,0.491109440854168,0.472,0.463,1,"5","Dusp2"
0.00873920871013702,0.305089150265065,0.44,0.435,1,"5","Agl"
0.00898878149374083,0.254312405885669,0.508,0.49,1,"5","Ptpn3"
0.00920176043182163,0.354392415426371,0.325,0.305,1,"5","Pex16"
0.0094940559509022,0.293555266098499,0.471,0.459,1,"5","Fam174c"
0.00978250199641244,0.265620484699947,0.421,0.412,1,"5","Rnaset2a"
0.00995852814672911,0.428169071566443,0.315,0.296,1,"5","Tsacc"
6.91815599730617e-191,2.20138707048526,0.995,0.865,1.53562308672205e-186,"6","Pdcd4"
2.63919098455865e-168,1.47721387368171,0.995,0.996,5.85821222842483e-164,"6","Arhgap15"
3.86393942380881e-167,2.1632321914893,0.975,0.873,8.57678633902842e-163,"6","Utrn"
6.55426017225052e-167,3.5458389794314,0.528,0.117,1.45484913043445e-162,"6","Gm26740"
3.74802344286988e-166,1.58541664779794,0.993,0.97,8.31948763613828e-162,"6","Sp100"
6.91977122807614e-165,2.10913949669985,0.97,0.802,1.53598161949606e-160,"6","Ifi203"
8.36796062249424e-164,1.98482548109332,0.98,0.872,1.85743621937505e-159,"6","Mndal"
4.00428362204554e-158,1.85289544294007,0.983,0.915,8.88830835585448e-154,"6","Gm2682"
7.73086323339772e-149,1.42671880475473,0.993,0.997,1.71601971191729e-144,"6","Foxp1"
6.91040099905368e-145,3.1734811418205,0.756,0.326,1.53390170975995e-140,"6","Cmah"
1.16701880601656e-143,3.30034114167196,0.647,0.211,2.59043164371495e-139,"6","Scml4"
8.44835837122216e-143,2.13128607126311,0.963,0.878,1.87528210766018e-138,"6","Samhd1"
1.43039214938032e-139,1.20120376889062,0.995,0.988,3.17504145397949e-135,"6","Ms4a6b"
9.88535655826282e-133,1.02946651037501,0.998,0.999,2.1942525952376e-128,"6","Dock2"
1.22584076030521e-128,2.55764954943367,0.879,0.569,2.72099873564947e-124,"6","Ripor2"
6.92894971494164e-126,1.54584160247221,0.98,0.986,1.5380189682256e-121,"6","Akap13"
2.11010584367233e-124,3.460178548519,0.62,0.216,4.68380194119948e-120,"6","Tcf7"
6.39331677503653e-123,1.54263911488432,0.973,0.923,1.41912452455486e-118,"6","Ltb"
2.11934365833379e-122,1.05564504630623,0.995,0.997,4.70430711840351e-118,"6","Rapgef6"
2.17401287108535e-122,2.03938461446711,0.916,0.748,4.82565636994816e-118,"6","Bach2"
3.22336477410311e-120,1.34761270252105,0.983,0.979,7.15490278907668e-116,"6","Fyb"
2.04663977266606e-119,1.37639720818125,0.965,0.976,4.54292630338684e-115,"6","Npc2"
1.0292749610847e-118,1.08042313514891,0.995,0.977,2.28468163111971e-114,"6","Ms4a4b"
2.0869209366864e-118,1.25343516121686,0.993,0.972,4.6323384031628e-114,"6","Rsrp1"
2.10954320592209e-116,3.38248728041406,0.444,0.111,4.68255305418527e-112,"6","Klhl24"
5.32652719052678e-116,1.6137353572239,0.963,0.935,1.18232924048123e-111,"6","Peli1"
1.27079756488807e-115,1.93473046282709,0.919,0.753,2.82078935478204e-111,"6","Slfn1"
8.94857127666316e-113,0.746738595761999,0.995,1,1.98631436628092e-108,"6","Ptprc"
1.25345585413687e-111,0.974223166859427,0.99,0.994,2.7822959594276e-107,"6","Gimap4"
2.5287054648222e-111,3.32564476880759,0.568,0.204,5.61296752026584e-107,"6","Pik3ip1"
5.49524980036361e-110,1.39224638299146,0.98,0.976,1.21978059818671e-105,"6","AW112010"
6.05717982285523e-109,1.28262663461258,0.988,0.975,1.34451220527918e-104,"6","Stat4"
1.34922525023089e-108,0.571768139496901,1,0.996,2.99487528793751e-104,"6","mt-Co1"
2.9226796413464e-108,2.21211583239506,0.862,0.566,6.48747199989661e-104,"6","Maml2"
6.39120581841029e-107,1.69138323395228,0.963,0.923,1.41865595551253e-102,"6","Lyst"
8.95023453696206e-107,1.27403891573779,0.983,0.987,1.98668356016947e-102,"6","Nsd3"
4.03498133603387e-106,2.96895628697104,0.565,0.204,8.95644807159439e-102,"6","Ypel3"
6.08892551061571e-105,2.6177010169006,0.743,0.411,1.35155879559137e-100,"6","Ipcef1"
6.14635514262543e-104,1.38877777047491,0.951,0.917,1.36430645100857e-99,"6","Tnrc6b"
7.5594581669746e-104,0.868910186189689,0.995,0.999,1.67797292932335e-99,"6","Skap1"
3.62355235816979e-102,3.13131701659084,0.543,0.188,8.04319916942948e-98,"6","Ddx60"
1.01766025189771e-99,1.14467743867362,0.988,0.991,2.25890046113734e-95,"6","Camk1d"
2.55456272974951e-98,1.1360045522665,0.983,0.985,5.67036289122499e-94,"6","Ets1"
6.93281051199911e-96,2.33391276536002,0.746,0.394,1.53887594934844e-91,"6","Gbp2b"
8.3218602426942e-96,1.3089768887261,0.958,0.955,1.84720331807083e-91,"6","Pitpnc1"
1.05825911380424e-95,1.40584937820575,0.97,0.973,2.34901775491127e-91,"6","Stat1"
1.69111058176429e-95,3.77556586151512,0.331,0.073,3.75375815834219e-91,"6","Tcp11l2"
2.98714485735378e-95,1.28551950882837,0.941,0.918,6.63056543986819e-91,"6","Irf2"
4.17689586794946e-95,0.902440929906595,0.993,0.999,9.27145575808743e-91,"6","Bcl2"
2.59032413436983e-94,1.0100933287989,0.995,0.998,5.74974248106071e-90,"6","Jak1"
9.51287897311219e-94,3.93939280501977,0.299,0.06,2.11157374566171e-89,"6","Arl5c"
9.9522311640947e-94,1.07098184815217,0.968,0.98,2.2090967514941e-89,"6","Sh3kbp1"
1.53899661249044e-93,2.9910825738906,0.496,0.166,3.41611078074502e-89,"6","Mxd4"
1.24967385504349e-92,0.582493635726189,1,1,2.77390105604004e-88,"6","B2m"
1.69550362094363e-92,1.84748426621811,0.847,0.707,3.76350938740858e-88,"6","Cyth1"
2.1409548730964e-92,1.2972654917536,0.951,0.954,4.75227753181207e-88,"6","Bcl11b"
4.13031521049589e-92,1.0487829865827,0.985,0.991,9.16806067273772e-88,"6","Elf1"
4.84956380422381e-90,0.952546018961657,0.995,0.998,1.07645767762356e-85,"6","Dock10"
9.51719326415581e-89,1.21903451759979,0.956,0.944,2.11253138884466e-84,"6","Tut4"
1.04130653401335e-88,1.01503813702921,0.988,0.996,2.31138811354944e-84,"6","Gimap3"
3.68215070339553e-88,3.52691369926625,0.338,0.079,8.17326991632707e-84,"6","Ifngas1"
4.40505460652209e-88,2.17178542325746,0.719,0.379,9.77789971009708e-84,"6","Gbp2"
4.16133355776743e-87,1.11257176919396,0.98,0.989,9.23691209817636e-83,"6","Prkcq"
8.38659211723088e-87,1.48927227911285,0.938,0.898,1.86157185226174e-82,"6","Ppm1h"
2.30792192246505e-86,1.57636324618203,0.886,0.814,5.12289429129568e-82,"6","Pnrc1"
3.18397003289217e-86,2.41657213461247,0.756,0.483,7.06745828201075e-82,"6","Aff3"
6.46617261908106e-86,2.60574585409071,0.635,0.321,1.43529633625742e-81,"6","Crebrf"
4.25055241456878e-85,1.76777458169783,0.886,0.817,9.43495119461831e-81,"6","Btg1"
1.81857627685154e-84,1.47571025933784,0.926,0.853,4.03669376172737e-80,"6","Ifi47"
7.2960746416703e-84,1.7754089738313,0.881,0.8,1.61950968821156e-79,"6","Ube2h"
8.04976663549012e-84,1.21535645071064,0.923,0.918,1.78680670007974e-79,"6","Lsp1"
1.06766457590976e-83,1.17233291969763,0.963,0.956,2.36989505914689e-79,"6","Evl"
1.58509032323458e-83,2.15880916010058,0.76,0.513,3.51842499048379e-79,"6","4930523C07Rik"
1.58676269354998e-83,1.00528349951428,0.975,0.977,3.52213715087289e-79,"6","Tcf12"
2.70206711510243e-82,0.857807658419166,0.998,0.995,5.99777837539286e-78,"6","Mir142hg"
5.62209232022946e-82,1.39704429393226,0.968,0.974,1.24793583232133e-77,"6","Lef1"
5.87787450523402e-82,1.18602410706868,0.97,0.971,1.3047118039268e-77,"6","Cd8b1"
1.05911468502357e-81,1.50624751312537,0.869,0.804,2.35091686634683e-77,"6","Plaat3"
1.34519460930827e-81,1.72295001013963,0.936,0.849,2.98592847428156e-77,"6","Ifi27l2a"
1.86773850458975e-80,1.25023957529246,0.958,0.96,4.14581915863787e-76,"6","Ccnd3"
3.35536647666534e-80,1.39376584542128,0.919,0.85,7.44790696825406e-76,"6","Slfn2"
4.52045160722702e-80,2.0575951737104,0.76,0.523,1.00340464325618e-75,"6","Gm8369"
6.4304474276909e-80,1.01448920911267,0.975,0.989,1.42736641552455e-75,"6","Stk17b"
8.71040236835893e-80,0.812930496727023,0.99,0.995,1.93344801370463e-75,"6","Ablim1"
9.13886240462146e-80,0.661420180801333,0.995,0.999,2.02855328795383e-75,"6","H2-D1"
2.09692536784909e-79,1.77733005900505,0.82,0.603,4.65454523901462e-75,"6","Zbp1"
5.8580145082973e-79,1.24809010290995,0.956,0.951,1.30030348040675e-74,"6","Prkca"
7.27904838568599e-79,0.718896235676134,0.993,0.999,1.61573037017072e-74,"6","H2-K1"
7.81721263866927e-79,1.20320495176159,0.951,0.923,1.73518668940542e-74,"6","Gbp7"
1.09475668384049e-78,0.938085238957339,0.993,0.992,2.43003141112073e-74,"6","Grap2"
1.1435164707808e-78,1.54268701142568,0.936,0.941,2.53826351019215e-74,"6","Rabgap1l"
2.45320785259684e-78,0.636064701031063,0.998,0.991,5.44538547040922e-74,"6","mt-Nd5"
3.13120491447842e-78,1.23585007158449,0.921,0.891,6.95033554866775e-74,"6","Nlrc5"
1.63936347770025e-77,3.50213487213521,0.291,0.065,3.63889511145124e-73,"6","Ifit1"
5.67633117005358e-77,2.23177628457039,0.748,0.497,1.25997522981679e-72,"6","Trp53inp1"
1.14371984115732e-76,1.28127555933613,0.928,0.893,2.5387149314169e-72,"6","Mllt3"
3.04000522386354e-76,1.20306033974246,0.953,0.924,6.7478995954099e-72,"6","Gbp4"
5.58233335027251e-76,2.90585485309079,0.481,0.187,1.23911053375999e-71,"6","Abcg1"
9.20829342173003e-76,0.72578430177268,0.985,0.996,2.04396489082141e-71,"6","Itm2b"
2.55227928516554e-75,2.28120375030146,0.76,0.57,5.66529432928196e-71,"6","BE692007"
3.58371430986917e-75,3.22742625222401,0.405,0.13,7.95477065361659e-71,"6","Gm19705"
4.70347280567276e-75,1.82996908521732,0.827,0.685,1.04402985867518e-70,"6","Rasa3"
1.31772389816676e-74,1.36329510797427,0.906,0.824,2.92495173676075e-70,"6","Trim30a"
4.8334488175445e-74,1.1907907633857,0.923,0.937,1.07288063403035e-69,"6","Ogt"
1.19460506267701e-73,0.598413495553136,0.998,1,2.65166485762415e-69,"6","Mbnl1"
1.19717542858868e-72,0.490160909675025,0.998,1,2.6573702988383e-68,"6","Rps27"
1.64067684028583e-72,0.9636135347699,0.99,0.993,3.64181038238245e-68,"6","Themis"
4.31695669937362e-72,1.29285954178645,0.921,0.944,9.58234878559963e-68,"6","Usp3"
6.29743227006954e-72,1.5718086929784,0.832,0.753,1.39784104098734e-67,"6","Dtx3l"
1.39186058445543e-71,1.94482324480532,0.738,0.516,3.08951293931572e-67,"6","Sh3bp5"
1.99148313759692e-71,0.499613587596287,1,1,4.42049512052388e-67,"6","Eef1a1"
2.06788091668763e-71,0.852723472228929,0.985,0.992,4.59007527077153e-67,"6","Ankrd44"
2.46583101971558e-71,2.45562167815135,0.531,0.232,5.47340511446267e-67,"6","Gbp5"
6.09688895170456e-71,1.10982735077556,0.928,0.937,1.35332644060986e-66,"6","Traf3ip3"
6.95986170182669e-71,1.55737332086067,0.909,0.9,1.54488050195447e-66,"6","Man1a"
7.94093130181907e-71,1.03967895418459,0.968,0.98,1.76264852106478e-66,"6","Ppp3cc"
1.76189361005381e-70,1.63879908094148,0.847,0.775,3.91087524623644e-66,"6","Phf21a"
1.88651921743372e-70,1.87691403879666,0.783,0.568,4.18750670693763e-66,"6","Ifi214"
2.98266008043503e-70,0.906434824683294,0.975,0.986,6.62061058054163e-66,"6","Zc3hav1"
4.63761186760282e-70,1.18647818341861,0.916,0.915,1.0294107062518e-65,"6","Arhgap45"
1.02600786704314e-69,1.44435444335027,0.859,0.796,2.27742966247565e-65,"6","H2-T23"
8.03528372974944e-69,1.31715915861565,0.951,0.957,1.78359192949248e-64,"6","S100a13"
8.41134705580316e-69,1.00209645189082,0.958,0.923,1.86706670597663e-64,"6","Limd2"
1.0689128539217e-68,1.31155005134544,0.896,0.705,2.37266586185e-64,"6","Sell"
3.97376529808405e-68,1.70753623651952,0.82,0.624,8.82056683215717e-64,"6","Tnfsf8"
1.38324763429148e-67,1.8031521030897,0.807,0.703,3.0703947738368e-63,"6","Dgka"
6.12316989475164e-67,1.16562617081045,0.941,0.906,1.35916002153802e-62,"6","Igtp"
7.82311034619029e-67,1.06788295942685,1,0.999,1.73649580354386e-62,"6","Inpp4b"
9.15846837147088e-67,1.89953747107556,0.709,0.503,2.03290522441539e-62,"6","Ctss"
1.36311404447337e-66,1.13890992406965,0.933,0.954,3.02570424451754e-62,"6","Rasgrp1"
1.90616698616254e-66,2.21062115423539,0.637,0.379,4.231118859185e-62,"6","Fbxl20"
3.96753726165825e-66,1.9415565770373,0.696,0.47,8.80674245970281e-62,"6","9930111J21Rik2"
1.20674613339884e-65,1.67440846738533,0.835,0.769,2.67861439230539e-61,"6","Parp14"
2.75399867253703e-65,1.36378588949177,0.852,0.807,6.11305085343044e-61,"6","Parp9"
4.71767148704824e-65,3.10726243404926,0.39,0.134,1.0471815399801e-60,"6","Patj"
2.23135165555889e-64,0.694771785034836,0.998,0.998,4.95293126984406e-60,"6","Jarid2"
2.68537782835543e-64,0.946678565935486,0.97,0.96,5.96073316560055e-60,"6","Dock8"
4.75260539122936e-64,3.14650176511749,0.306,0.083,1.05493581869118e-59,"6","Art2b"
4.94046042681565e-64,1.66130577149153,0.802,0.719,1.09663400094027e-59,"6","Itpr2"
9.95139070655807e-64,0.35371398037688,0.998,1,2.2089101951347e-59,"6","Tpt1"
2.26579558771705e-63,0.758483785762261,0.978,0.993,5.02938646605553e-59,"6","Myl12b"
1.70376433599969e-62,1.90317141478357,0.753,0.584,3.78184569661851e-58,"6","Ssbp2"
9.99494132000298e-62,1.48359490807605,0.805,0.657,2.21857712480106e-57,"6","Xaf1"
3.12976809603554e-61,2.95809081618934,0.427,0.166,6.94714624277008e-57,"6","A330040F15Rik"
7.51565770133704e-61,2.19864126852164,0.696,0.497,1.66825053996578e-56,"6","Bcas3"
1.2320530951452e-60,1.7743600892905,0.743,0.577,2.7347882552938e-56,"6","Cd27"
1.82022813118598e-60,1.75577572528805,0.751,0.633,4.04036038279352e-56,"6","Map3k8"
1.88840647281563e-60,1.13058100025788,0.879,0.891,4.19169584770886e-56,"6","Paip2"
4.73581533081902e-60,0.877393323565841,0.97,0.99,1.0512089289819e-55,"6","Fyn"
1.09105941783208e-59,1.37332707415599,0.886,0.885,2.42182458976186e-55,"6","Gramd3"
1.14257745416136e-59,1.68391179999335,0.773,0.633,2.53617917500197e-55,"6","Hivep2"
1.47791005196831e-59,0.686865202889495,0.993,0.997,3.28051694235407e-55,"6","Ankrd11"
4.97432786670709e-59,1.02978787957357,0.889,0.897,1.10415155657297e-54,"6","Tapbp"
6.11515929912562e-59,1.0137144778656,0.946,0.957,1.35738190962691e-54,"6","Kmt2a"
2.39459850250699e-58,1.63455199362068,0.778,0.662,5.31529029601477e-54,"6","Dpp4"
6.74828326058783e-58,1.07220780132093,0.931,0.953,1.49791643535268e-53,"6","Pde3b"
7.93873486684807e-58,1.71154565042162,0.699,0.508,1.76216097839427e-53,"6","Gm20559"
2.12804916993962e-57,2.10215775217597,0.669,0.448,4.72363074251498e-53,"6","Fas"
2.48018981999326e-57,2.72158106825769,0.462,0.2,5.50527734343903e-53,"6","Ccr7"
2.56231828431171e-57,1.98455035408654,0.741,0.596,5.6875778956867e-53,"6","Zbtb20"
5.08831613226582e-57,1.58230836755773,0.751,0.63,1.12945353187904e-52,"6","Sp140"
8.09217908037712e-57,1.96743799064539,0.642,0.391,1.79622099047131e-52,"6","Rtp4"
6.75102752057741e-56,1.63662462606286,0.78,0.666,1.49852557874257e-51,"6","Bcl2l11"
1.82868172151343e-55,0.721697792632699,0.993,0.998,4.05912481724337e-51,"6","Satb1"
1.90382474624836e-55,1.74511195407463,0.679,0.438,4.22591978924749e-51,"6","Gbp6"
2.1186020229709e-55,0.310803923027446,1,1,4.70266091038851e-51,"6","Rps15a"
2.13845012613738e-55,2.25072297312865,0.57,0.325,4.74671774498713e-51,"6","Ifi208"
4.29895039595935e-55,2.35858656195461,0.667,0.477,9.54238019391097e-51,"6","Dusp10"
4.63390236174408e-55,1.30807787222136,0.862,0.799,1.02858730723633e-50,"6","Irf1"
1.11565367313529e-54,0.936145495889756,0.975,0.961,2.47641645825841e-50,"6","Ptpn22"
2.46266835485894e-54,1.34626085986085,0.835,0.769,5.46638494728039e-50,"6","Arhgef3"
2.7906169775045e-54,0.881614706273251,0.956,0.971,6.19433250496673e-50,"6","Stk4"
3.77376565479111e-54,1.35812236041239,0.83,0.816,8.37662762393983e-50,"6","ENSMUSG00000121501"
3.85704318346729e-54,1.8115303648058,0.686,0.52,8.56147875434235e-50,"6","Gbp8"
3.94272324513803e-54,0.639835371635996,0.99,0.998,8.75166278723289e-50,"6","Cmss1"
4.36679831482465e-54,1.47645638824702,0.83,0.807,9.69298221941627e-50,"6","4933406I18Rik"
6.59215093539107e-54,1.55083384405368,0.758,0.676,1.46325974312876e-49,"6","H2-T22"
2.27025709296369e-53,1.06927228209949,0.958,0.955,5.03928966925151e-49,"6","Atxn1"
2.66529189743665e-53,1.25337274961147,0.82,0.782,5.91614842474013e-49,"6","Rigi"
4.11224528945875e-53,1.16122731035983,0.877,0.88,9.12795086901159e-49,"6","Ncoa2"
7.86623930301206e-53,1.58342685015619,0.765,0.668,1.74606913808959e-48,"6","Herc6"
1.16794244441956e-52,0.359090988991166,1,1,2.5924818438781e-48,"6","Rps7"
1.48312630484337e-52,1.05593131553477,0.896,0.914,3.29209545886083e-48,"6","Cast"
1.52357242603586e-52,1.21842029512985,0.889,0.849,3.38187371407179e-48,"6","Ikzf3"
3.27958338760309e-52,2.76548759797612,0.378,0.148,7.27969124546258e-48,"6","Hbp1"
5.12176376400272e-52,0.749105217726747,0.968,0.984,1.13687790269568e-47,"6","Cox7a2l"
7.41118785807275e-52,1.28110718073382,0.886,0.849,1.64506136885641e-47,"6","Prkch"
9.4069456934741e-52,0.759171976659325,0.983,0.989,2.08805973558044e-47,"6","Cd247"
1.93493525972449e-51,1.34111533347039,0.822,0.828,4.29497579601046e-47,"6","Add3"
2.94175756479853e-51,1.06725898666301,0.884,0.926,6.52981926658329e-47,"6","Klf13"
5.25386939209917e-51,1.66585487571264,0.662,0.484,1.16620138896425e-46,"6","Lgals9"
6.73596041495408e-51,1.99506903946433,0.62,0.412,1.49518113330736e-46,"6","Gbp9"
6.82224573425739e-51,1.40032205150788,0.773,0.748,1.51433388563311e-46,"6","Sesn3"
4.39776631046934e-50,1.76775245399879,0.711,0.584,9.76172187934879e-46,"6","Arhgef18"
5.03734000726343e-50,2.29187358760302,0.553,0.336,1.11813836141226e-45,"6","Ikbke"
7.5223149096273e-50,1.76014294269243,0.672,0.506,1.66972824048997e-45,"6","Parp11"
7.67917430950097e-50,2.65790164063729,0.346,0.125,1.70454632147993e-45,"6","Slc14a1"
1.27261997086987e-49,1.29174976522623,0.832,0.772,2.82483454933984e-45,"6","Foxo1"
3.13352964509805e-49,1.33139287215836,0.822,0.79,6.95549575322415e-45,"6","Tnik"
1.07639020453409e-48,0.777006501955382,0.96,0.986,2.38926333700431e-44,"6","Top2b"
1.27415616378752e-48,1.37204181149488,0.864,0.881,2.82824443675916e-44,"6","Arap2"
2.47500130535843e-48,2.03432558032702,0.64,0.46,5.49376039750411e-44,"6","Ust"
5.14919353493132e-48,0.768932954690883,0.941,0.982,1.14296648894871e-43,"6","Il2rg"
5.6716778025725e-48,1.08407662614919,0.84,0.864,1.25894232183702e-43,"6","Krit1"
5.71028224077832e-48,1.8941519600812,0.585,0.361,1.26751134898556e-43,"6","Tgtp2"
6.57396846946574e-48,2.29961107029634,0.496,0.264,1.45922378116731e-43,"6","Phf11b"
1.55643557767713e-47,1.16267683420454,0.854,0.871,3.45482005176992e-43,"6","Mbnl2"
1.62789332372483e-47,0.535262668689402,1,1,3.61343481067201e-43,"6","Laptm5"
2.16419587152059e-47,1.2928288034049,0.844,0.792,4.80386557601426e-43,"6","Txnip"
2.32785829369671e-47,0.793888869097863,0.96,0.983,5.1671470545186e-43,"6","Gimap7"
7.89980462379813e-47,1.49791128356387,0.694,0.428,1.75351963234447e-42,"6","Iigp1"
1.06651951534838e-46,2.27014408729533,0.435,0.199,2.3673533682188e-42,"6","Gbp11"
1.24297770363418e-46,1.24770985776497,0.835,0.805,2.75903760875679e-42,"6","Samd9l"
1.88716401727876e-46,0.8686817164767,0.928,0.952,4.18893796915366e-42,"6","Gimap6"
3.84715469169355e-46,2.06466911493604,0.654,0.469,8.53952926915217e-42,"6","Sidt1"
5.62365430854317e-46,1.27197854313965,0.84,0.774,1.24828254686733e-41,"6","Cd226"
5.9162008966154e-46,1.33686947393192,0.83,0.822,1.31321911302172e-41,"6","Slco3a1"
6.37321670290519e-46,1.28811167410258,0.77,0.746,1.41466291154386e-41,"6","Tspan13"
7.31375069030252e-46,0.306202408311604,1,1,1.62343324072645e-41,"6","Rpl18a"
1.01184109751167e-45,0.295421375424615,0.998,1,2.24598368414667e-41,"6","Rpl39"
1.04151403163949e-45,0.599312261223914,0.993,0.998,2.31184869603017e-41,"6","Shisa5"
1.20730265237412e-45,1.10581731815285,0.837,0.855,2.67984969747484e-41,"6","Ncoa3"
1.21476745065962e-45,1.29967923703407,0.793,0.788,2.69641931022915e-41,"6","N4bp1"
2.34127678720323e-45,1.31541011608602,0.788,0.753,5.19693208455502e-41,"6","Saraf"
3.06155843290849e-45,1.98835039992367,0.57,0.361,6.79574125352697e-41,"6","Ifi209"
3.4079988673063e-45,0.754903964635812,0.948,0.988,7.56473508575979e-41,"6","Ppp1r12a"
3.73643691222053e-45,1.65152186698087,0.723,0.556,8.29376901405591e-41,"6","Nfkbia"
5.23956966967165e-45,2.41472554644994,0.462,0.244,1.16302727957702e-40,"6","N4bp2l1"
8.70132815578279e-45,2.19959177602655,0.553,0.342,1.93143381073911e-40,"6","Tmem71"
9.95311946572111e-45,1.37186727819651,0.8,0.767,2.20929392780611e-40,"6","Rnf213"
1.88217389897694e-44,1.02092740321083,0.859,0.895,4.17786140355911e-40,"6","Gimap8"
2.71361820479644e-44,2.75013331571221,0.306,0.111,6.02341832918665e-40,"6","1810041H14Rik"
3.23263947072552e-44,1.23365036942405,0.763,0.749,7.17548983316944e-40,"6","Cnp"
4.35003956131845e-44,0.919816963522879,0.916,0.954,9.65578281425856e-40,"6","Mcl1"
5.50721925745789e-44,1.51690097660781,0.714,0.622,1.22243745857793e-39,"6","Trim12c"
2.11477416117456e-43,0.486767266855668,0.988,0.998,4.69416420555918e-39,"6","Cd3e"
2.99688875950952e-43,0.437147140871847,1,1,6.65219397948328e-39,"6","Tmsb10"
4.14922974189644e-43,0.335862368565622,1,0.993,9.21004525808754e-39,"6","mt-Co2"
7.39935331532716e-43,1.53429136552676,0.763,0.681,1.64243445540317e-38,"6","Gm44174"
8.42372122970318e-43,0.911216901386681,0.909,0.943,1.86981340135721e-38,"6","Dock11"
1.44550184047615e-42,0.26392881685191,1,1,3.20858043530491e-38,"6","Rpl17"
2.34622458313029e-42,1.35910957403449,0.731,0.691,5.2079147071743e-38,"6","Rb1cc1"
3.77586360479555e-42,2.7390789627732,0.286,0.1,8.38128444356468e-38,"6","E230032D23Rik"
5.71078654891945e-42,1.39349331378164,0.714,0.538,1.26762329026365e-37,"6","Ighm"
6.77405056663485e-42,1.27710689535487,0.78,0.761,1.50363600427594e-37,"6","Kat2b"
1.08681166268796e-41,1.92668282618229,0.588,0.405,2.41239584766846e-37,"6","Abcb1a"
1.6554729806756e-41,0.9980661421737,0.884,0.909,3.67465337520563e-37,"6","Cytip"
1.91020062254365e-41,1.55182610240893,0.649,0.524,4.24007232186013e-37,"6","Ctse"
4.87640095550802e-41,1.39913569322313,0.736,0.701,1.08241472009411e-36,"6","Zup1"
7.47003860693812e-41,0.775228813934219,0.963,0.989,1.65812446958206e-36,"6","Ccnd2"
7.8456652938662e-41,2.95636912344857,0.346,0.146,1.74150232527948e-36,"6","Dzip1"
1.17430603570392e-40,0.355982194956813,1,0.994,2.606607107452e-36,"6","mt-Atp6"
1.45073664243043e-40,0.914438009173254,0.928,0.975,3.22020012520283e-36,"6","Lars2"
2.88770367911465e-40,1.0737441960386,0.852,0.895,6.40983585653079e-36,"6","Fryl"
3.05934961615974e-40,1.15347790999076,0.867,0.92,6.79083834298977e-36,"6","Epsti1"
3.05945677541446e-40,0.835271860079973,0.899,0.951,6.79107620438749e-36,"6","Arid4b"
3.7806065036745e-40,0.579862457797332,0.97,0.99,8.39181225620628e-36,"6","Sri"
4.61991161670832e-40,0.763219720481709,0.941,0.971,1.02548178156075e-35,"6","Selplg"
6.15991037753188e-40,0.820360043574791,0.894,0.947,1.36731530650075e-35,"6","Dnm2"
8.91729082888328e-40,1.10030412332501,0.778,0.782,1.97937104528722e-35,"6","Psap"
8.95831752745354e-40,0.899036878115055,0.894,0.933,1.98847774156886e-35,"6","Cyld"
1.20371306692593e-39,1.0554180000589,0.857,0.866,2.67188189465549e-35,"6","Foxn3"
1.23259757632378e-39,2.08985243580007,0.511,0.307,2.7359968401659e-35,"6","Pecam1"
1.7117495915441e-39,0.778722675126625,0.956,0.94,3.79957056835045e-35,"6","Plac8"
2.40545673839335e-39,0.616300675019899,0.968,0.993,5.33939232221173e-35,"6","Macf1"
3.18099961321954e-39,1.08197534863387,0.82,0.845,7.06086484146342e-35,"6","Filip1l"
3.23348764718786e-39,1.11873045033242,0.83,0.854,7.1773725304629e-35,"6","Cd96"
6.92598462648028e-39,1.08758094484683,0.77,0.786,1.53736080753983e-34,"6","Twf2"
9.46779201920906e-39,1.71952872871924,0.573,0.408,2.10156579450384e-34,"6","Trim14"
1.43904465841736e-38,0.868689178481121,0.889,0.924,3.19424742828902e-34,"6","Sp110"
1.51133051680294e-38,2.28249156707592,0.435,0.234,3.35470034814749e-34,"6","Gm30054"
1.60075907811888e-38,0.765349215545046,0.904,0.947,3.55320492570048e-34,"6","Erbin"
1.67099402507009e-38,2.31275697583339,0.509,0.305,3.70910543744808e-34,"6","Slamf6"
1.72499200440406e-38,0.352331642009119,0.998,0.992,3.82896475217569e-34,"6","mt-Nd4"
1.91364554809305e-38,2.14927278440936,0.477,0.272,4.24771902310215e-34,"6","Gbp10"
2.40678951903709e-38,1.26134529798278,0.741,0.686,5.34235069540662e-34,"6","Spata13"
4.73565135789019e-38,0.775979201219459,0.928,0.958,1.05117253191089e-33,"6","Aak1"
1.36862153778136e-37,0.800971226507234,0.886,0.942,3.03792922741328e-33,"6","Etnk1"
1.44869554048074e-37,1.43936070489988,0.686,0.6,3.2156694912051e-33,"6","Zfp36l1"
1.61323390709404e-37,0.566410954860437,0.985,0.996,3.58089530357664e-33,"6","Ikzf1"
1.63587149683555e-37,1.25600667354282,0.783,0.765,3.63114396152588e-33,"6","Rhoh"
2.49049721954418e-37,1.60156232279679,0.672,0.593,5.52815667822221e-33,"6","Tmem131l"
3.48264596122734e-37,0.918271007738585,0.859,0.902,7.73042924013632e-33,"6","Nek7"
3.67537279932026e-37,1.19863558669309,0.768,0.756,8.15822500265118e-33,"6","Prkcb"
5.52800160772662e-37,2.10047811139421,0.449,0.255,1.22705051686708e-32,"6","Inpp1"
6.6591577103474e-37,1.21750727068447,0.82,0.835,1.47813323696581e-32,"6","Resf1"
9.35406765570154e-37,0.33895807852211,1,0.992,2.07632239753607e-32,"6","mt-Co3"
1.09433220415102e-36,0.843315714099308,0.864,0.912,2.42908919355401e-32,"6","Tut7"
1.15397075169768e-36,2.52033193048103,0.304,0.12,2.56146887754334e-32,"6","Ifi206"
1.22749152719373e-36,1.24941859326236,0.756,0.743,2.72466294291193e-32,"6","Ifnar1"
1.84699455587451e-36,1.25921525804192,0.76,0.763,4.09977381567464e-32,"6","Senp7"
1.95972050364537e-36,1.5688907335899,0.652,0.563,4.34999160194162e-32,"6","Nxpe3"
3.33783116633786e-36,0.671077388311552,0.958,0.989,7.40898383992015e-32,"6","Nipbl"
5.65710177179906e-36,1.8373044460595,0.575,0.424,1.25570688028624e-31,"6","Spata6"
5.74731454410226e-36,1.67376202137406,0.657,0.565,1.27573140935438e-31,"6","Cdkn1b"
8.32917997405197e-36,1.06056554687164,0.785,0.787,1.84882807884032e-31,"6","Prkacb"
1.10705263994373e-35,1.47778586410001,0.699,0.617,2.45732474488311e-31,"6","Stat2"
1.27509571731229e-35,1.26194574246492,0.719,0.695,2.83032996371809e-31,"6","Elk4"
1.33323841304272e-35,1.70246448888579,0.61,0.502,2.95938930543093e-31,"6","Lncpint"
1.49510633286089e-35,0.838339355122364,0.847,0.922,3.31868752705132e-31,"6","Ubac2"
1.99852059502257e-35,1.02601297699609,0.765,0.785,4.4361161647716e-31,"6","Plgrkt"
2.51884306650967e-35,0.829502862766683,0.889,0.904,5.59107595473151e-31,"6","Arl4c"
2.5893583784049e-35,1.58689858346834,0.714,0.671,5.74759879254535e-31,"6","Chd3"
2.79244422559284e-35,1.18697811059507,0.81,0.868,6.19838844754842e-31,"6","Mbd5"
3.06881833877656e-35,0.677141491551094,0.938,0.977,6.81185606658233e-31,"6","Usp25"
4.63455424559643e-35,0.734581295464414,0.914,0.939,1.02873200589504e-30,"6","Cblb"
4.74291300899824e-35,2.62997760548711,0.299,0.121,1.05278440060734e-30,"6","Zc3h12d"
6.86723832235097e-35,0.758982798131695,0.916,0.962,1.52432089041224e-30,"6","Kmt2e"
7.94626915256004e-35,1.42838259643812,0.657,0.585,1.76383336379375e-30,"6","Clec2d"
1.41015073098846e-34,0.67785792993961,0.948,0.983,3.13011157757508e-30,"6","Kansl1"
1.73162444916076e-34,1.44627473521242,0.642,0.547,3.84368678980214e-30,"6","Sorl1"
2.33408014323197e-34,0.576950923302675,0.988,0.998,5.180957693932e-30,"6","Itk"
2.39969716494636e-34,1.22201490314894,0.793,0.82,5.32660779703143e-30,"6","Ankrd12"
2.56038297390875e-34,0.838806053650718,0.872,0.916,5.68328208718526e-30,"6","Bltp1"
2.71270309970456e-34,0.643929816505863,0.963,0.993,6.02138707041421e-30,"6","Mycbp2"
3.18121502363609e-34,1.98912051557238,0.467,0.287,7.06134298796503e-30,"6","Nod1"
4.13599981482566e-34,0.768311060971439,0.904,0.956,9.18067878896852e-30,"6","Pnisr"
4.45695930259269e-34,2.18605619986186,0.4,0.2,9.89311256396499e-30,"6","Tmem108"
4.603514176161e-34,0.651052588060576,0.973,0.995,1.02184204168246e-29,"6","Myh9"
4.7600845870829e-34,1.9972208522368,0.62,0.516,1.05659597579479e-29,"6","Pros1"
6.03974388209444e-34,1.20227096396866,0.738,0.699,1.3406419495085e-29,"6","Cd84"
9.56393997096053e-34,0.731824562253061,0.894,0.931,2.12290775535411e-29,"6","Rbm5"
1.02618101090851e-33,1.80970073296991,0.546,0.406,2.27781398991363e-29,"6","Syne1"
1.17982592603856e-33,1.67367007164218,0.605,0.409,2.6188596080278e-29,"6","Gm4951"
1.4253129674126e-33,0.854043067772783,0.879,0.939,3.16376719376575e-29,"6","Lpp"
1.63706335998518e-33,1.04373313718741,0.825,0.87,3.6337895401591e-29,"6","Clk1"
3.10800330658602e-33,2.91812707960563,0.291,0.118,6.89883493962898e-29,"6","Sntb1"
5.11542839000895e-33,1.32588042229125,0.714,0.68,1.13547163973029e-28,"6","Jak2"
7.51430095208075e-33,0.646964120061629,0.951,0.988,1.66794938233336e-28,"6","Atp11b"
1.10833375110639e-32,0.868700102251106,0.842,0.896,2.46016842733084e-28,"6","Esyt2"
1.8531989608049e-32,0.669003444248775,0.921,0.97,4.11354573329865e-28,"6","Gmfg"
4.58365333724651e-32,0.862480402118756,0.864,0.939,1.01743353126861e-27,"6","Cog5"
4.89668925802599e-32,0.734069816099896,0.916,0.951,1.08691811460403e-27,"6","Xrn1"
8.41042876473432e-32,1.01166125243508,0.879,0.893,1.86686287290808e-27,"6","Cd8a"
1.04375973675584e-31,0.706092004570183,0.931,0.972,2.31683348767694e-27,"6","Zfp292"
1.70915719032071e-31,0.638622574383745,0.946,0.985,3.79381621535488e-27,"6","Ddx6"
2.83768102787964e-31,0.8504825809598,0.936,0.978,6.29880057758445e-27,"6","Pim1"
3.0054806321514e-31,1.0506171784,0.746,0.748,6.67126535918647e-27,"6","Adcy7"
3.65573699803094e-31,0.923401346520405,0.83,0.876,8.11463941452928e-27,"6","Ssh2"
3.7973392936845e-31,0.432136733970777,0.99,0.997,8.42895403019148e-27,"6","Cd3g"
4.47670342241688e-31,1.36507765766512,0.689,0.668,9.93693858673876e-27,"6","Herc3"
6.0611622680469e-31,1.16184137012433,0.748,0.784,1.34539618863837e-26,"6","Vps54"
8.9493573501732e-31,1.14945743650411,0.76,0.772,1.98648885101795e-26,"6","Il4ra"
1.31417458554472e-30,0.610152735402528,0.973,0.99,2.91707332753361e-26,"6","Cd53"
1.60798347908311e-30,0.850229606007129,0.872,0.915,3.56924092852077e-26,"6","Cnot6l"
2.08212971405729e-30,1.14501876284046,0.728,0.717,4.62170332629296e-26,"6","Arid5a"
2.12955187458433e-30,1.52968726034924,0.617,0.523,4.72696629601484e-26,"6","Slfn8"
2.67269973287294e-30,1.40784011742366,0.719,0.684,5.93259159705806e-26,"6","Arid5b"
2.91169405672059e-30,1.6400457077009,0.583,0.493,6.4630872977027e-26,"6","Dennd1c"
2.92940548783508e-30,1.50781181901184,0.593,0.476,6.50240136134753e-26,"6","Gbp3"
4.7244268741093e-30,2.01357140152893,0.464,0.296,1.04868103324604e-25,"6","Itga4"
5.11531234951669e-30,0.656188419693126,0.933,0.973,1.13544588222222e-25,"6","Glipr2"
5.94162654774921e-30,0.390403597216454,0.993,0.998,1.31886284480389e-25,"6","Cd3d"
7.12362794026488e-30,0.703669021128591,0.919,0.971,1.58123169390059e-25,"6","Scand1"
1.33812648133493e-29,0.863058234506661,0.849,0.907,2.97023935061915e-25,"6","Kdm5a"
1.7367230885736e-29,0.571477523147971,0.941,0.987,3.85500423970681e-25,"6","Cotl1"
2.07624399160918e-29,1.9378218960011,0.435,0.27,4.6086387881749e-25,"6","Jakmip1"
2.50787159893312e-29,1.24049406267353,0.691,0.698,5.56672258815185e-25,"6","Grap"
3.03941130695939e-29,0.844746914620043,0.857,0.916,6.74658127805776e-25,"6","Jmjd1c"
3.51784495885471e-29,0.893137305701623,0.847,0.875,7.80856045516979e-25,"6","Arhgap26"
3.67477729965981e-29,0.832476807593237,0.83,0.884,8.15690317205487e-25,"6","Oga"
4.73559649618288e-29,1.47362027909305,0.543,0.396,1.05116035425771e-24,"6","Sla"
5.49341724758373e-29,1.61154960599705,0.558,0.457,1.21937382644616e-24,"6","Rnf167"
6.71279979027994e-29,1.75581462172103,0.472,0.307,1.49004016944844e-24,"6","Gm12185"
7.44418036785908e-29,1.31097565318558,0.696,0.677,1.65238471625368e-24,"6","Hdac8"
8.43618938237623e-29,1.94756063115326,0.457,0.296,1.87258095720605e-24,"6","Vwa5a"
8.78353430992791e-29,0.888497269586466,0.84,0.897,1.9496811107747e-24,"6","Kmt2c"
1.07436044958991e-28,0.824031813991793,0.847,0.916,2.38475788995472e-24,"6","Chaserr"
1.46127164707972e-28,0.552571664498821,0.96,0.99,3.24358467502286e-24,"6","Ndfip1"
2.33094243384538e-28,0.25022236863988,1,1,5.17399292040659e-24,"6","Rps19"
2.36772943214379e-28,1.63923499701944,0.595,0.439,5.25564902052957e-24,"6","Isg15"
2.37132879756698e-28,0.92681399505977,0.751,0.8,5.26363853195942e-24,"6","Ifi35"
2.60156709094501e-28,0.766249052434013,0.844,0.905,5.77469847177064e-24,"6","Tbc1d10c"
2.78371873705554e-28,1.0399143763055,0.825,0.883,6.17902048064219e-24,"6","Peak1"
3.29651880891139e-28,1.07784425364737,0.756,0.795,7.31728280014062e-24,"6","Fam13b"
4.73354668230118e-28,0.687730347733996,0.926,0.971,1.05070535707039e-23,"6","Supt4a"
5.84529352472397e-28,1.19311604062458,0.716,0.753,1.29747980368298e-23,"6","Trpc4ap"
6.05037439238121e-28,1.81877188565611,0.528,0.403,1.34300160387686e-23,"6","Kdm7a"
6.25258233208159e-28,1.26346237649924,0.736,0.758,1.38788570025215e-23,"6","Fchsd2"
7.10754514651364e-28,0.602330494584049,0.933,0.97,1.57766179617163e-23,"6","Lrrfip1"
7.352729877852e-28,0.769626346630194,0.805,0.845,1.63208545098681e-23,"6","Lrch3"
7.8591525986824e-28,1.07405084615117,0.741,0.793,1.74449610232953e-23,"6","Stk38"
1.04096306968849e-27,0.812794138376012,0.842,0.901,2.31062572578753e-23,"6","Arid4a"
1.35743256957018e-27,0.871067945410034,0.886,0.887,3.01309307467492e-23,"6","Slc9a9"
1.73524692159242e-27,0.646534341710677,0.901,0.954,3.85172759185869e-23,"6","Vps13a"
3.48964835739888e-27,0.913166406509709,0.817,0.895,7.74597245891829e-23,"6","Hcst"
4.87753171145426e-27,0.709900025945403,0.859,0.917,1.0826657139915e-22,"6","Rinl"
4.88140573819529e-27,1.01344854178376,0.736,0.771,1.08352563170721e-22,"6","Il27ra"
4.90782212594759e-27,1.18367200898192,0.8,0.799,1.08938927729659e-22,"6","Gprin3"
4.98009518025459e-27,0.75994697479288,0.832,0.909,1.10543172716111e-22,"6","Crlf3"
5.33376686256951e-27,0.943609225065766,0.793,0.838,1.18393623048455e-22,"6","Tle4"
7.60376682769662e-27,0.907584819462842,0.805,0.857,1.68780812274382e-22,"6","Nin"
7.61628432691363e-27,0.96488420281628,0.773,0.823,1.69058663204502e-22,"6","Nmi"
1.05330838914432e-26,1.30017806260461,0.667,0.632,2.33802863138366e-22,"6","Itpkb"
1.14582944972943e-26,0.914026942481706,0.756,0.801,2.54339762956441e-22,"6","Stk10"
1.33638927178622e-26,1.0091907221266,0.768,0.819,2.96638326658387e-22,"6","Hipk1"
1.49184755137772e-26,0.904277033326272,0.775,0.846,3.31145400979313e-22,"6","Exoc2"
1.5197698523547e-26,0.737725404248125,0.879,0.944,3.37343314127174e-22,"6","Tspo"
1.5766926673533e-26,0.593502239448466,0.899,0.957,3.49978471372411e-22,"6","Anxa6"
2.01985915167317e-26,1.01353573694546,0.736,0.797,4.48348135896894e-22,"6","Mtmr3"
2.43018585195092e-26,1.05590392718602,0.751,0.784,5.39428353557547e-22,"6","Atf7ip"
2.81860896216884e-26,0.927211355760401,0.938,0.973,6.25646631332617e-22,"6","Mef2a"
3.05564341521736e-26,1.16619098266005,0.694,0.714,6.78261168875798e-22,"6","Smarca2"
3.14913730801166e-26,0.687521395513015,0.943,0.971,6.99014008259347e-22,"6","Fam172a"
3.27569139386777e-26,0.625973271201134,0.938,0.979,7.27105218696829e-22,"6","Nptn"
3.31893329309158e-26,0.864659747263853,0.783,0.795,7.36703623067539e-22,"6","Bnip3l"
3.74668917305382e-26,0.538187261856084,0.96,0.983,8.31652595742756e-22,"6","Wipf1"
4.03118319775974e-26,0.70793373841916,0.854,0.929,8.9480173440673e-22,"6","Efr3a"
4.12395502616529e-26,0.723167318983806,0.869,0.924,9.1539429715791e-22,"6","Ptk2b"
4.70527503332429e-26,2.03224190437673,0.375,0.215,1.04442989914699e-21,"6","Gm12216"
5.75684263536049e-26,0.356791092152521,0.993,0.999,1.27784635977097e-21,"6","Arhgdib"
5.83267464994631e-26,1.42951427444518,0.602,0.548,1.29467879204858e-21,"6","Tecpr1"
5.8422066999456e-26,0.802036850893563,0.827,0.9,1.29679462118692e-21,"6","Trim33"
5.86190011592723e-26,0.998401309705403,0.736,0.691,1.30116596873237e-21,"6","Irgm1"
6.28316737476698e-26,1.3007786256339,0.691,0.681,1.39467466217703e-21,"6","Camk2d"
6.52799156734381e-26,1.81082169621337,0.442,0.29,1.44901828820331e-21,"6","Irf7"
7.81281950382975e-26,0.684966405283121,0.859,0.935,1.73421154526509e-21,"6","Tmem50a"
8.08939435344191e-26,1.40551974806066,0.625,0.536,1.7956028646335e-21,"6","Klf3"
8.11285692083149e-26,0.605053569344396,0.901,0.962,1.80081085071697e-21,"6","Bod1l"
8.39691719332308e-26,0.468707322776837,0.98,0.994,1.86386370940192e-21,"6","Fli1"
1.09811421529487e-25,1.05108424794746,0.719,0.709,2.43748412369002e-21,"6","Lrch1"
1.28023978081962e-25,0.727166999072986,0.854,0.932,2.84174824148532e-21,"6","Pan3"
1.62984402417378e-25,0.665373222396624,0.852,0.917,3.61776478045853e-21,"6","Add1"
1.82316541567492e-25,0.789130537469639,0.82,0.886,4.04688027317362e-21,"6","Nub1"
1.96848821713725e-25,0.722578401288137,0.872,0.93,4.36945329557956e-21,"6","Sptbn1"
2.16331072628277e-25,0.825942344311485,0.765,0.839,4.80190081912987e-21,"6","Rassf5"
2.20030561999562e-25,2.02185723576973,0.373,0.216,4.88401838470427e-21,"6","2010016I18Rik"
2.63611535884487e-25,1.33469538104601,0.659,0.637,5.85138526202795e-21,"6","Susd6"
3.19952833663982e-25,0.407338953410354,0.998,1,7.1019930488394e-21,"6","Cd52"
3.53638868564549e-25,0.65365362817285,0.899,0.957,7.84972196552729e-21,"6","Itsn2"
3.99989282627349e-25,0.473939524388532,0.98,0.997,8.87856210647927e-21,"6","Elmo1"
5.72182860709628e-25,0.720584516263893,0.842,0.914,1.27007429591716e-20,"6","Kdm2a"
7.11027504289795e-25,0.979830574562486,0.81,0.815,1.57826775127206e-20,"6","Txk"
7.47348091054256e-25,0.743313406116843,0.83,0.908,1.65888855771313e-20,"6","4930453N24Rik"
7.88896455378849e-25,0.947666064344598,0.756,0.762,1.75111346200443e-20,"6","Il10rb"
1.0393662508706e-24,0.688179762755281,0.849,0.945,2.30708126705746e-20,"6","Ccnl2"
1.53393845543063e-24,1.37591132958224,0.617,0.593,3.40488318951938e-20,"6","Pcmtd1"
1.64329326866001e-24,1.69422428027114,0.489,0.36,3.64761806844463e-20,"6","Arhgap25"
2.39774843100941e-24,2.25005853841878,0.267,0.122,5.32228219231159e-20,"6","Zfp945"
2.41186707485172e-24,1.17128238242675,0.669,0.694,5.35362134604836e-20,"6","Pced1b"
2.4436034742922e-24,0.45768218253751,0.941,0.989,5.42406663188639e-20,"6","Fermt3"
2.54481848338012e-24,0.905208341847282,0.768,0.799,5.64873358755886e-20,"6","Card11"
2.69834691130196e-24,1.12000833540812,0.719,0.773,5.98952063901695e-20,"6","B4galt1"
2.86449127626367e-24,1.87170867232895,0.437,0.295,6.35831128592246e-20,"6","Insr"
2.9695273131158e-24,0.621598394385409,0.953,0.99,6.59145977692314e-20,"6","Camk4"
3.16699392345089e-24,1.62645953887175,0.511,0.391,7.02977641188394e-20,"6","Adgre5"
3.27799492433171e-24,0.606618548108296,0.889,0.941,7.27616533353911e-20,"6","Cnn2"
3.59392873625981e-24,0.658238964303079,0.862,0.943,7.97744361587591e-20,"6","Phf3"
5.06295186470988e-24,0.833516254732934,0.798,0.888,1.12382342540965e-19,"6","Bin2"
5.32132228932194e-24,0.627986154133033,0.901,0.967,1.18117390856079e-19,"6","Gramd1b"
6.81247493483953e-24,0.664944663716495,0.877,0.945,1.51216506128633e-19,"6","Crebbp"
7.6479337684228e-24,1.13727401796248,0.674,0.671,1.69761185857681e-19,"6","Mbp"
8.0925680464088e-24,0.737171259489891,0.793,0.863,1.79630732926136e-19,"6","Tor1aip1"
8.14666818648568e-24,1.45043950841005,0.568,0.461,1.80831593735423e-19,"6","Gab3"
9.33828022064689e-24,1.54564811210034,0.56,0.456,2.07281806057699e-19,"6","Mgst2"
9.38220244767523e-24,1.03718354904056,0.723,0.765,2.08256747731047e-19,"6","Fnip1"
9.87608274246635e-24,0.963768930622405,0.728,0.779,2.19219408634526e-19,"6","Otulinl"
1.16414511456258e-23,1.54842216148092,0.491,0.361,2.58405291079457e-19,"6","Phf11c"
1.25720614710654e-23,0.906263420257409,0.763,0.82,2.7906204847324e-19,"6","Arid1b"
1.34777736428679e-23,0.458329695158693,0.983,0.995,2.99166141550738e-19,"6","Ptpn18"
1.35496702641262e-23,1.95867549800511,0.43,0.292,3.00762030852808e-19,"6","Ifit2"
1.77064528730337e-23,0.956368941867637,0.736,0.795,3.93030134422728e-19,"6","Lonp2"
1.86922834417628e-23,0.700425915467402,0.852,0.918,4.1491261555681e-19,"6","Rasa1"
2.07800921482379e-23,2.41571075532745,0.402,0.25,4.61255705414436e-19,"6","Ms4a4c"
2.0829061915922e-23,0.778875649874617,0.891,0.954,4.6234268734772e-19,"6","Ppp3ca"
2.75384790115731e-23,0.58267643388488,0.943,0.974,6.11271618619889e-19,"6","Lnpep"
3.0338107230818e-23,1.43949830452258,0.499,0.377,6.73414966202466e-19,"6","AB124611"
3.98180202686711e-23,0.936826521325865,0.709,0.736,8.83840595903692e-19,"6","Scarb2"
5.2078462020704e-23,0.418678278400782,0.98,0.996,1.15598562147357e-18,"6","Xrn2"
6.02335599820432e-23,0.684696584854197,0.837,0.901,1.33700433092141e-18,"6","Ube2r2"
7.30198253355403e-23,1.03125549574856,0.783,0.748,1.62082106297299e-18,"6","Ahnak"
7.70641810613515e-23,0.525243980183104,0.926,0.979,1.71059362701882e-18,"6","Ube2b"
9.05634638531131e-23,0.85100070683263,0.78,0.835,2.01023720714755e-18,"6","Stim1"
1.01714031382036e-22,0.81998917534028,0.802,0.881,2.25774635458705e-18,"6","Stat3"
1.02713165035027e-22,0.988116153283969,0.709,0.702,2.27992412428249e-18,"6","Parp4"
1.19974623676551e-22,1.62695891362511,0.491,0.385,2.66307672174841e-18,"6","Cracr2a"
1.47059970485544e-22,0.750222501361768,0.857,0.907,3.26429016486763e-18,"6","Znrf3"
1.57853585898186e-22,0.654959301157729,0.854,0.946,3.50387604618203e-18,"6","Tap2"
1.63639893534946e-22,0.718901766875945,0.852,0.936,3.6323147167952e-18,"6","Map1lc3b"
1.64973365134509e-22,0.684201107503748,0.854,0.935,3.66191378589069e-18,"6","Zmynd11"
1.68711739227494e-22,1.21136695895239,0.625,0.604,3.74489447563269e-18,"6","Crbn"
3.08812005888894e-22,0.824342215719192,0.802,0.872,6.85470009471577e-18,"6","Uvrag"
3.54556314330387e-22,1.0156003095453,0.694,0.681,7.87008650919161e-18,"6","H2-Q4"
5.2306918812079e-22,0.332818780924413,0.99,0.999,1.16105667687172e-17,"6","Macroh2a1"
6.99615634392925e-22,2.05064677304243,0.259,0.118,1.55293682366198e-17,"6","Ccl5"
7.24043078997252e-22,1.1442150975816,0.625,0.602,1.6071584224502e-17,"6","Vsir"
8.91225312592134e-22,1.74040025085623,0.462,0.349,1.97825282636076e-17,"6","Atosa"
1.08307151622819e-21,0.866409913405353,0.81,0.848,2.40409384457171e-17,"6","Prr13"
1.09867272336357e-21,0.892501984692189,0.798,0.835,2.43872384405011e-17,"6","Fbxl17"
1.43969192954197e-21,1.38064978038688,0.627,0.622,3.19568417600431e-17,"6","Asap1"
1.55078024848976e-21,0.670198141043043,0.849,0.883,3.44226691757271e-17,"6","Grcc10"
1.5699885170843e-21,0.784112155209205,0.807,0.88,3.48490351137203e-17,"6","Helz"
2.42997002231678e-21,1.53193684671916,0.521,0.438,5.39380445853657e-17,"6","Rab19"
2.62538103584074e-21,1.06503602285463,0.672,0.704,5.82755828525569e-17,"6","Marf1"
2.68894161715822e-21,0.967502083664049,0.723,0.78,5.9686437076061e-17,"6","Nlk"
2.96676353989025e-21,2.39428538397761,0.341,0.195,6.58532502949438e-17,"6","Gm20275"
3.03514669602108e-21,0.448598114266798,0.958,0.988,6.737115121158e-17,"6","Arl6ip5"
3.18783349494201e-21,0.853538809578814,0.723,0.77,7.07603400872279e-17,"6","Tmtc2"
3.37393434890035e-21,1.35005889260833,0.56,0.513,7.4891220742541e-17,"6","Madd"
3.73205490469625e-21,1.01559655047771,0.667,0.699,8.28404227195426e-17,"6","Srpk2"
3.83709748777528e-21,0.872958635285972,0.78,0.843,8.5172052936148e-17,"6","Zfp654"
4.22279274863682e-21,2.08146026353683,0.291,0.154,9.37333306414916e-17,"6","Oas1b"
5.07540061480645e-21,0.566581141189561,0.936,0.976,1.12658667446859e-16,"6","Arhgef1"
5.54396996962114e-21,0.376982685381831,0.998,0.999,1.2305950141568e-16,"6","Celf2"
6.88991817689373e-21,0.559322599534895,0.909,0.971,1.5293551377251e-16,"6","Trip12"
7.53167619592616e-21,0.929511284942991,0.716,0.763,1.67180616520973e-16,"6","Entrep3"
7.90109476427944e-21,1.51711472668218,0.489,0.391,1.75380600482711e-16,"6","Rnasel"
8.63064927826343e-21,0.509233942571471,0.958,0.989,1.91574522029613e-16,"6","Pik3cd"
9.38627390709628e-21,1.35565918759867,0.523,0.437,2.08347121915816e-16,"6","Cyria"
9.50679694926941e-21,1.49810459027983,0.556,0.479,2.11022371882933e-16,"6","Btg2"
9.77301674681541e-21,1.4592778331311,0.546,0.465,2.16931652729062e-16,"6","Irgm2"
1.17229018832447e-20,0.85967446417639,0.849,0.924,2.60213253102382e-16,"6","Fam169b"
1.56303405703195e-20,1.05250290631297,0.667,0.7,3.46946669639382e-16,"6","Stat5b"
1.91154101678278e-20,0.560955200650556,0.921,0.956,4.24304759495274e-16,"6","Nfatc3"
3.33008618403678e-20,1.98658085475614,0.415,0.291,7.39179230270644e-16,"6","Cyth3"
3.62403602669885e-20,1.3707438739189,0.543,0.483,8.04427276846343e-16,"6","Atxn7"
3.81006775656531e-20,0.864545167749657,0.743,0.825,8.45720739924802e-16,"6","Cdk17"
3.88278880846477e-20,1.83680773174568,0.363,0.226,8.61862631814925e-16,"6","Atp10d"
4.25302613036179e-20,1.01826935933752,0.647,0.668,9.44044210156407e-16,"6","Hexb"
4.81250625098503e-20,1.43202995209626,0.556,0.503,1.06823201253115e-15,"6","Atp8a1"
5.4023267425277e-20,1.52260510740104,0.511,0.43,1.19915446703887e-15,"6","Gpr18"
5.72114425638303e-20,0.777500084168779,0.758,0.822,1.26992239058934e-15,"6","Relch"
7.10120762632243e-20,0.804826971110492,0.889,0.865,1.57625505681479e-15,"6","Ly6a"
8.82461929200011e-20,2.12205441301115,0.296,0.166,1.95880074424526e-15,"6","Ap3m2"
9.20431881922926e-20,0.653794159651869,0.795,0.884,2.04308264830432e-15,"6","Znrf2"
1.00070627106721e-19,1.46801374570845,0.506,0.432,2.22126770988788e-15,"6","Ezh1"
1.14150467591409e-19,0.762984448783424,0.827,0.89,2.53379792912652e-15,"6","Dennd1a"
1.40569892030172e-19,1.3193541897305,0.58,0.568,3.12022989339372e-15,"6","Usp32"
1.44505443889746e-19,1.88460721296715,0.281,0.149,3.20758733802069e-15,"6","BC147527"
1.87639823488878e-19,0.605236076169958,0.906,0.966,4.16504116198262e-15,"6","Clint1"
2.04047676545458e-19,0.308896034635942,0.975,0.998,4.52924627627954e-15,"6","Arpc5"
2.23230356776926e-19,0.904575342645157,0.694,0.748,4.95504422937742e-15,"6","Ikbkb"
2.29494688676394e-19,1.0483787145109,0.696,0.723,5.09409360454991e-15,"6","Uty"
2.4183064126621e-19,0.614668739030414,0.899,0.938,5.36791474418607e-15,"6","Ankib1"
2.60338389055668e-19,0.816576512002194,0.798,0.876,5.77873122186865e-15,"6","Cd28"
4.0542146447938e-19,0.891956726620632,0.714,0.754,8.99914024704879e-15,"6","Lpxn"
4.25938354281368e-19,0.679186099176393,0.8,0.866,9.45455364998352e-15,"6","Kidins220"
4.40954549892696e-19,1.01656594221331,0.659,0.704,9.78786814396816e-15,"6","Hdac4"
4.60378616845875e-19,0.991993247290861,0.689,0.762,1.02190241581279e-14,"6","Baz2a"
5.11308024315591e-19,0.469932420766295,0.956,0.986,1.13495042157332e-14,"6","Ppp2r5a"
6.08003584186124e-19,1.72287787342522,0.346,0.208,1.34958555581794e-14,"6","Cxcr3"
8.53331236210698e-19,0.499369506513943,0.931,0.982,1.89413934501689e-14,"6","Bptf"
1.14886829404173e-18,0.874786449816651,0.763,0.85,2.55014295228444e-14,"6","Sec24a"
1.1668087457136e-18,0.677457123913152,0.867,0.929,2.58996537286048e-14,"6","Chd2"
1.47305207243079e-18,0.312874245418759,0.978,0.998,3.26973368517463e-14,"6","Msn"
1.48300317460938e-18,0.973522701014179,0.746,0.75,3.29182214668044e-14,"6","Gm56906"
1.67079573286404e-18,1.27828463648697,0.61,0.636,3.70866528823831e-14,"6","Man2b1"
1.94963780781728e-18,1.49646435052852,0.486,0.397,4.32761104201202e-14,"6","Slc2a9"
1.96213687106276e-18,0.605587269338589,0.886,0.932,4.35535521269801e-14,"6","Cd2"
2.36336191710698e-18,1.71634989023256,0.405,0.289,5.24595444740235e-14,"6","Nck2"
2.4032095473148e-18,1.81548820190586,0.343,0.218,5.33440423217465e-14,"6","Ccpg1"
3.27263587920585e-18,0.794443639465191,0.765,0.832,7.26426986107323e-14,"6","Traf3"
3.28488992272342e-18,0.764677447715126,0.753,0.833,7.29147016146918e-14,"6","Ngly1"
3.64544059596436e-18,0.416626220631344,0.956,0.992,8.0917844908621e-14,"6","Ostf1"
3.68960834385752e-18,1.01080607752604,0.642,0.694,8.18982364086053e-14,"6","Gpbp1l1"
5.18801418763464e-18,1.20846862418264,0.622,0.645,1.15158350922926e-13,"6","Ccm2"
5.78310343788584e-18,0.512073540178452,0.936,0.983,1.28367547010752e-13,"6","Zcchc7"
5.78931797985102e-18,1.49509076552074,0.531,0.474,1.28505491198753e-13,"6","Pde4b"
6.57373299478753e-18,0.706859845957943,0.788,0.859,1.45917151285299e-13,"6","Tap1"
6.60454579310634e-18,0.812930612434916,0.746,0.849,1.46601102969581e-13,"6","Dip2b"
6.91173387045146e-18,1.53451484630625,0.593,0.589,1.53419756722411e-13,"6","Ncoa7"
7.37742603833306e-18,1.02308518358002,0.664,0.723,1.63756725772879e-13,"6","Map3k1"
7.77330093460146e-18,0.475754846581907,0.943,0.986,1.72543960845349e-13,"6","Arhgap30"
8.03861184994912e-18,1.50429470138884,0.472,0.376,1.78433067233321e-13,"6","Tnfrsf26"
9.89731512117468e-18,1.71668443684056,0.388,0.269,2.19690703744714e-13,"6","Neurl3"
1.10762994228263e-17,0.810411061071218,0.798,0.883,2.45860618288474e-13,"6","Nr3c1"
1.13550893379482e-17,0.58610929815888,0.872,0.941,2.52048918034437e-13,"6","Ctsw"
1.16906499073155e-17,0.687321429041944,0.775,0.865,2.59497355992682e-13,"6","Zfc3h1"
1.24585582928651e-17,0.350819989728317,0.98,0.994,2.76542618426727e-13,"6","Psmb9"
1.28154789027572e-17,0.806327255666645,0.733,0.81,2.84465185204501e-13,"6","Sppl3"
1.41100593693413e-17,0.878021467684481,0.709,0.77,3.13200987821269e-13,"6","Herc4"
1.41533233420823e-17,0.86069504348033,0.743,0.836,3.141613182242e-13,"6","Gtf2i"
1.74235982733134e-17,1.01687339070738,0.647,0.666,3.86751610872738e-13,"6","Prex1"
2.18719932026174e-17,0.741220789471891,0.719,0.822,4.85492633118499e-13,"6","Pkn1"
2.30463273905131e-17,0.805239076642485,0.746,0.815,5.1155932908722e-13,"6","Zdhhc18"
2.45873311543812e-17,1.09308624732401,0.593,0.611,5.457649896338e-13,"6","Smim14"
2.80166065487898e-17,0.63682860111597,0.867,0.952,6.21884615563488e-13,"6","Mdm4"
2.87632471729726e-17,1.64249476165247,0.405,0.294,6.38457797498472e-13,"6","Il6st"
2.97536927101076e-17,1.13055402707338,0.588,0.57,6.60442717086259e-13,"6","Map3k3"
3.78613338715829e-17,0.383255140757089,0.975,0.996,8.40408027947527e-13,"6","Trac"
4.09168388499755e-17,0.727487614652925,0.854,0.923,9.08231071952907e-13,"6","Csnk1g1"
4.14050464618243e-17,0.574603947063161,0.998,0.998,9.19067816313113e-13,"6","Malat1"
4.21760457763862e-17,1.61974773048965,0.551,0.452,9.36181688098445e-13,"6","Il7r"
4.33543652044438e-17,0.707526258821838,0.815,0.911,9.62336844443038e-13,"6","Tbc1d1"
4.44716511655965e-17,0.957611857378117,0.812,0.886,9.87137240922746e-13,"6","Dennd4a"
5.32659785481795e-17,0.690184446769578,0.775,0.861,1.18234492583394e-12,"6","Tnrc6c"
5.51305593147883e-17,0.756802220960309,0.758,0.857,1.22373302511036e-12,"6","Mat2b"
5.60716272631767e-17,1.38142483111418,0.516,0.477,1.24462191036073e-12,"6","Tbc1d14"
5.68743682958972e-17,0.918585831691574,0.701,0.786,1.26244035306403e-12,"6","Vps13c"
5.87733536767145e-17,0.673835461447908,0.758,0.843,1.30459213156203e-12,"6","Rictor"
6.97312550375917e-17,0.797344523325476,0.852,0.897,1.54782466806942e-12,"6","Ifngr1"
7.28747868336186e-17,1.26474707203556,0.585,0.598,1.61760164334583e-12,"6","Cir1"
7.44674470660047e-17,2.04826559196103,0.311,0.192,1.65295392252411e-12,"6","Gm49625"
8.43047695033559e-17,2.08656836478523,0.333,0.216,1.87131296866599e-12,"6","Tafa3"
8.80364557598925e-17,0.731984108473984,0.79,0.86,1.95414520850233e-12,"6","Arl15"
9.30555870424297e-17,1.61726397616244,0.393,0.282,2.06555486558081e-12,"6","Ctso"
1.03713620602445e-16,0.662949912670613,0.805,0.881,2.30213123651247e-12,"6","Ccdc88c"
1.10575427890295e-16,0.661840521831987,0.822,0.928,2.45444277288088e-12,"6","Zfand6"
1.24012022291165e-16,0.501775257675033,0.916,0.974,2.75269485879698e-12,"6","Nop53"
1.25434969049003e-16,1.71401859747284,0.447,0.372,2.78428000798072e-12,"6","Pcmtd2"
1.35600846202915e-16,0.367418524353003,0.988,0.998,3.0099319831661e-12,"6","Ncor1"
1.42683213194736e-16,0.602243784033966,0.894,0.963,3.16713928328356e-12,"6","Ttc14"
1.74307513296941e-16,1.13957052004374,0.6,0.6,3.8691038726522e-12,"6","Irf9"
1.99453756468197e-16,1.39948345633399,0.516,0.471,4.42727503232456e-12,"6","Trafd1"
2.22710572038531e-16,0.768093782852131,0.758,0.868,4.94350656753928e-12,"6","Zdhhc20"
2.22736493416531e-16,0.433625957885648,0.936,0.977,4.94408194436673e-12,"6","Lcp2"
2.34959475787875e-16,1.85085464219946,0.304,0.182,5.21539548406347e-12,"6","Ifngr2"
2.37113044929053e-16,0.814521105918969,0.691,0.754,5.2631982582902e-12,"6","Kdm4c"
2.83762091564242e-16,0.86885310959011,0.933,0.986,6.29866714645147e-12,"6","Exoc4"
3.58787257884362e-16,0.515736891158672,0.854,0.942,7.96400076325919e-12,"6","Gimap9"
4.0737471103438e-16,0.878960386315371,0.723,0.787,9.04249646083012e-12,"6","Etv6"
4.10395184820594e-16,0.474271425391843,0.953,0.992,9.10954191746272e-12,"6","Rap1a"
4.12997254712019e-16,1.01826186774359,0.664,0.745,9.16730006284268e-12,"6","Tmem59"
4.76721129760774e-16,1.53033892449797,0.39,0.288,1.05817789172999e-11,"6","Dop1b"
5.66086291652072e-16,1.056320878097,0.659,0.684,1.25654174158010e-11,"6","Rgs10"
5.69043898138011e-16,0.895035236957055,0.679,0.745,1.26310674069694e-11,"6","Mrtfa"
6.30881127588543e-16,0.760961683184034,0.721,0.803,1.40036683890829e-11,"6","Rbm33"
6.64266152836953e-16,0.479724416143354,0.906,0.979,1.47447157945218e-11,"6","Nsd1"
6.9553612088934e-16,1.77149782163442,0.402,0.298,1.54388152753807e-11,"6","St8sia4"
7.62531769612912e-16,0.584844644751765,0.827,0.948,1.69259176900978e-11,"6","Abi1"
7.88337937318563e-16,1.24468930631445,0.484,0.388,1.74987371946601e-11,"6","Cd5"
8.09380449654514e-16,0.444431610849767,0.941,0.985,1.79658178409813e-11,"6","Tax1bp1"
8.92892673198764e-16,0.718951476939235,0.719,0.826,1.9819538666993e-11,"6","Ccni"
9.09735891220759e-16,0.691598487387678,0.78,0.843,2.01934075774272e-11,"6","Plcl2"
9.47126064012314e-16,1.30329225943158,0.519,0.429,2.10233572428813e-11,"6","Itgb7"
9.67578199648325e-16,0.927811034099474,0.679,0.766,2.14773332975939e-11,"6","Acap2"
1.05602805479079e-15,0.973437078371863,0.649,0.668,2.34406547321913e-11,"6","Birc3"
1.09875086587263e-15,0.894583629824718,0.691,0.766,2.43889729697748e-11,"6","Fars2"
1.10002077287532e-15,0.596086327556657,0.842,0.935,2.44171610955136e-11,"6","Rsbn1l"
1.13044462310378e-15,0.98976457137248,0.691,0.734,2.50924792990346e-11,"6","Btbd9"
1.21430007924474e-15,0.831145474682422,0.674,0.746,2.69538188589956e-11,"6","Dcaf8"
1.29839031298568e-15,0.74231776302608,0.802,0.907,2.88203697773431e-11,"6","Phc3"
1.42177140401931e-15,0.659298532466007,0.857,0.944,3.15590598550167e-11,"6","Rps6ka3"
1.48406885444525e-15,0.40315538148405,0.973,0.996,3.29418763621212e-11,"6","Fnbp1"
1.76710105093802e-15,1.90696934338316,0.348,0.239,3.92243420276713e-11,"6","Klhdc1"
1.77748680365868e-15,0.674060659354023,0.854,0.898,3.94548745808118e-11,"6","Rbl2"
1.78709358345259e-15,1.0198283716467,0.669,0.671,3.96681162718971e-11,"6","Myo1f"
2.26952473224686e-15,0.706528491758684,0.76,0.865,5.03766404816836e-11,"6","Git2"
2.64726959160928e-15,0.71813765506286,0.738,0.835,5.87614431249513e-11,"6","Limd1"
2.81666775999603e-15,0.391132153946125,0.919,0.982,6.25215742686319e-11,"6","Ndufv3"
2.90038026374874e-15,0.297165296807721,0.993,0.997,6.43797407144307e-11,"6","Eif3f"
2.95272589390747e-15,0.721479376275146,0.756,0.866,6.55416566670641e-11,"6","Stx8"
3.50794971628067e-15,0.619606632431484,0.81,0.904,7.78659598522821e-11,"6","Pip4k2a"
3.66142726130567e-15,1.79530788571679,0.356,0.241,8.1272700919202e-11,"6","Usp18"
3.81794615679888e-15,0.616001672006129,0.815,0.901,8.47469508424647e-11,"6","Asxl2"
4.38743711355631e-15,1.41100937600451,0.521,0.481,9.73879416096095e-11,"6","Foxo3"
4.8486666748764e-15,0.626928049776435,0.832,0.933,1.07625854182231e-10,"6","Msi2"
5.12103210174814e-15,0.57902163444044,0.844,0.881,1.13671549562503e-10,"6","1700025G04Rik"
7.7663123401238e-15,1.09100941137862,0.617,0.653,1.72388835013728e-10,"6","Pik3r5"
8.1335148745183e-15,1.19068549352874,0.548,0.531,1.80539629669683e-10,"6","Kbtbd11"
8.8792352298313e-15,0.96173738278785,0.672,0.729,1.97092384396565e-10,"6","Rere"
1.05454301508164e-14,0.59375141776991,0.847,0.937,2.34076913057671e-10,"6","Iqgap2"
1.12916867274147e-14,0.841303014449677,0.681,0.748,2.50641570288425e-10,"6","Rabgap1"
1.14787981225366e-14,1.62723350961408,0.407,0.313,2.54794881925945e-10,"6","Atg10"
1.1507303333555e-14,0.63137898384501,0.837,0.923,2.55427612094921e-10,"6","Zeb1"
1.16803319359083e-14,1.1325391018587,0.573,0.577,2.59268327981356e-10,"6","Lbh"
1.76649127134696e-14,1.25488918228669,0.563,0.573,3.92108067500885e-10,"6","Tapt1"
2.02417199247847e-14,1.50058755560653,0.42,0.33,4.49305457170447e-10,"6","Ifih1"
2.2489129154575e-14,0.815601238867414,0.711,0.704,4.99191199844102e-10,"6","Dnah8"
2.25754321126842e-14,0.478614288204526,0.914,0.977,5.01106866605252e-10,"6","Picalm"
2.78918745961749e-14,1.19755584106313,0.523,0.504,6.19115940411293e-10,"6","Orai2"
2.94484428674954e-14,0.630753750988473,0.921,0.972,6.53667086329796e-10,"6","Pvt1"
3.25093758898226e-14,0.571632286342814,0.79,0.905,7.21610616626391e-10,"6","Mkln1"
3.34626892346766e-14,0.47106956777332,0.889,0.974,7.42771312942116e-10,"6","Smg1"
3.48343978033008e-14,0.55559644583201,0.926,0.981,7.73219128039868e-10,"6","Rfx7"
4.66166802598951e-14,0.676895609004203,0.8,0.879,1.03475045172889e-09,"6","Map4k4"
4.79542859566794e-14,0.501948300207504,0.867,0.96,1.06444128538041e-09,"6","Fnbp4"
5.10679990475254e-14,1.75716296486709,0.336,0.233,1.13355637485792e-09,"6","Sytl1"
5.28480956419474e-14,0.567506208808773,0.884,0.96,1.17306917896431e-09,"6","Sipa1l1"
5.42339193539813e-14,0.752146375686167,0.726,0.785,1.20383030790032e-09,"6","Crim1"
6.12130734919113e-14,1.04142729344604,0.593,0.598,1.35874659229996e-09,"6","Akt3"
7.59153998320811e-14,1.55713590513178,0.39,0.292,1.6850941300727e-09,"6","Tgtp1"
9.18453837163695e-14,1.32445457578947,0.501,0.474,2.03869198235225e-09,"6","Smad7"
9.32303975893482e-14,0.330438638011619,0.978,0.994,2.06943513529076e-09,"6","Tln1"
1.06130030501705e-13,1.37429781018757,0.477,0.442,2.35576828704634e-09,"6","Kif21b"
1.12540477889676e-13,1.59181895232501,0.378,0.289,2.49806098771713e-09,"6","Ssh1"
1.15037331129513e-13,0.909755602702966,0.635,0.699,2.5534836390818e-09,"6","A630001G21Rik"
1.15985295736505e-13,0.642811650797646,0.805,0.899,2.5745256094632e-09,"6","Sik3"
1.16578939632514e-13,0.591530596084141,0.857,0.962,2.58770272302292e-09,"6","Ptpn1"
1.43386275091219e-13,1.26838880588837,0.56,0.556,3.18274514819979e-09,"6","Slc12a6"
1.71803272807282e-13,0.417338542523553,0.948,0.993,3.81351724650324e-09,"6","Sema4d"
1.76347084066755e-13,0.507278712225839,0.891,0.952,3.91437622502977e-09,"6","Dennd1b"
1.77051611995166e-13,0.875874189215797,0.669,0.734,3.9300146314567e-09,"6","Ttc39b"
1.98338662564926e-13,0.277791956310177,0.993,0.988,4.40252329295366e-09,"6","mt-Nd4l"
2.00619081161581e-13,1.1902927739322,0.551,0.565,4.45314174454362e-09,"6","Akap8l"
2.86155388682495e-13,0.728171198521557,0.701,0.809,6.35179116258534e-09,"6","Idnk"
3.0846270044048e-13,1.70451640825023,0.427,0.366,6.84694656167733e-09,"6","Itga6"
3.44234136291028e-13,0.459834806476695,0.874,0.968,7.64096512325195e-09,"6","Tnks2"
3.49271342464808e-13,0.524670714135519,0.849,0.94,7.75277598869135e-09,"6","Lims1"
3.9756879397402e-13,0.855517193869835,0.684,0.68,8.82483451984132e-09,"6","Jaml"
4.31786263610638e-13,1.68847977892984,0.412,0.335,9.58435969336533e-09,"6","Zc3h6"
4.47031717552714e-13,0.50169095530968,0.869,0.949,9.92276303451759e-09,"6","Septin6"
4.53571775525864e-13,0.287968986554981,0.98,0.998,1.00679327013476e-08,"6","Psme1"
4.53580339650614e-13,0.777802034930835,0.704,0.814,1.00681227992247e-08,"6","Wdr82"
5.04432493674068e-13,1.57861724712769,0.373,0.289,1.11968880620833e-08,"6","Ypel5"
5.54185567380068e-13,1.3397851032144,0.533,0.537,1.23012570391354e-08,"6","Heca"
5.66665702288071e-13,1.88601990757606,0.319,0.219,1.25782785936883e-08,"6","Snx29"
5.86540302930359e-13,0.99381485347793,0.684,0.746,1.30194351041452e-08,"6","Il21r"
6.20718067491733e-13,0.942250163576188,0.632,0.689,1.3778078944114e-08,"6","Rsu1"
6.62301279051512e-13,0.698371842852174,0.728,0.861,1.47011014911064e-08,"6","Slmap"
6.71901218053806e-13,1.83733518241802,0.262,0.161,1.49141913371403e-08,"6","Gm56993"
8.38149865093051e-13,0.654242498326036,0.8,0.921,1.86044125554705e-08,"6","Osbpl8"
8.45722185134928e-13,1.04569405563274,0.59,0.604,1.877249534344e-08,"6","Prkce"
9.87427906640108e-13,1.38381188616652,0.427,0.364,2.19179372436905e-08,"6","Il10ra"
1.12791480271087e-12,0.653437722807408,0.8,0.897,2.50363248757732e-08,"6","Dgkd"
1.31049168247084e-12,0.327875845968956,0.97,0.996,2.90889838758053e-08,"6","Atrx"
1.45147808813294e-12,0.473576100509334,0.864,0.956,3.22184591222869e-08,"6","Ddx17"
1.45384938550376e-12,1.10061847936116,0.58,0.609,3.2271094810027e-08,"6","Fam78a"
1.45753216420676e-12,0.757535218772813,0.723,0.832,3.23528414488975e-08,"6","Malt1"
1.4888981862679e-12,2.01506139614337,0.289,0.193,3.30490730405885e-08,"6","Pnpla7"
1.55640669119108e-12,0.562160161724218,0.812,0.911,3.45475593243685e-08,"6","Prr14l"
1.66623966097783e-12,0.897536029382619,0.674,0.767,3.69855217547249e-08,"6","Tank"
1.81577586395216e-12,1.70522100920769,0.341,0.254,4.03047768521461e-08,"6","Uba7"
1.89711355282003e-12,0.526321814219175,0.867,0.954,4.21102295319463e-08,"6","Rab8b"
1.94067839104277e-12,0.620140365571755,0.773,0.869,4.30772382459764e-08,"6","Pycard"
2.15843325804449e-12,0.95800913020421,0.593,0.633,4.79107430288136e-08,"6","Il1rapl1"
2.67198606847643e-12,1.36583146060296,0.415,0.357,5.93100747619714e-08,"6","1600014C10Rik"
2.78699132514857e-12,1.6244659009417,0.333,0.243,6.18628464443228e-08,"6","Nipal3"
2.87725220515673e-12,0.697440373525873,0.738,0.847,6.3866367197864e-08,"6","Rnf138"
3.32163679413216e-12,0.547109171412264,0.788,0.892,7.37303719193515e-08,"6","Ubr2"
3.33740960763072e-12,0.605657292963098,0.805,0.905,7.40804810605792e-08,"6","Bbx"
3.77222233235663e-12,1.05645543006012,0.607,0.674,8.37320191113201e-08,"6","Trim24"
3.96869998163357e-12,0.87485423956697,0.723,0.82,8.80932334923203e-08,"6","Rnf169"
4.04482516247001e-12,0.492650375490619,0.901,0.937,8.97829841313468e-08,"6","Emb"
4.30679680427579e-12,1.24509285163675,0.531,0.538,9.55979686645097e-08,"6","Aff1"
4.37464716146471e-12,0.926670577334091,0.59,0.626,9.71040430430321e-08,"6","Mideas"
4.65885832410848e-12,1.11524807119293,0.565,0.603,1.03412678220236e-07,"6","Marchf2"
4.86683551419335e-12,0.662648126311227,0.743,0.841,1.0802914790855e-07,"6","Ythdf3"
5.02692574550324e-12,0.86483828540313,0.689,0.688,1.11582670772935e-07,"6","Ly6c2"
5.08722211687564e-12,1.20470340908772,0.499,0.458,1.12921069328289e-07,"6","Pou2f2"
5.44362175469148e-12,0.472410418950977,0.849,0.954,1.20832072088887e-07,"6","BC005537"
5.57768375135487e-12,0.447243505407717,0.899,0.969,1.23807846228824e-07,"6","Psmb10"
5.81355683522533e-12,1.02319120344117,0.551,0.577,1.29043521071497e-07,"6","Il16"
6.11206286906705e-12,1.03727771158318,0.519,0.506,1.35669459504681e-07,"6","Mov10"
6.29884966219821e-12,1.15828210207688,0.528,0.545,1.39815565951814e-07,"6","Ip6k1"
7.32921991368527e-12,0.685170754238786,0.738,0.853,1.62686694424072e-07,"6","Elf4"
7.99684902509262e-12,0.859869320872151,0.679,0.732,1.77506057809981e-07,"6","Klhl6"
8.13288966234719e-12,0.931570414755765,0.578,0.553,1.80525751835121e-07,"6","Kdm5b"
8.2605548041788e-12,0.502356578445954,0.941,0.979,1.83359534988357e-07,"6","2410006H16Rik"
8.64661243493554e-12,0.836966000486519,0.632,0.692,1.91928856218264e-07,"6","Mindy2"
9.82264645191512e-12,1.10640967846376,0.56,0.596,2.1803328329316e-07,"6","Pik3c2a"
1.06716104012321e-11,0.820210714774858,0.664,0.766,2.36877736076148e-07,"6","Arhgap4"
1.12705775663563e-11,0.539857768112378,0.785,0.908,2.5017301024041e-07,"6","Phf14"
1.19776754490294e-11,1.03827386369025,0.593,0.629,2.65868461942105e-07,"6","Ahcyl2"
1.20610816349286e-11,0.526383443564638,0.8,0.927,2.67719829050509e-07,"6","Gpatch8"
1.33618133415635e-11,0.945378365947525,0.575,0.575,2.96592170742684e-07,"6","Rel"
1.4793678222942e-11,1.45602769342997,0.452,0.371,3.28375275514643e-07,"6","Adamts6"
1.50608431794631e-11,0.517229376996892,0.822,0.936,3.34305536054542e-07,"6","Setx"
1.54227826386634e-11,0.446596282511811,0.926,0.972,3.42339506230412e-07,"6","Bst2"
1.56753893169071e-11,0.652200819979381,0.723,0.848,3.47946616667387e-07,"6","Ranbp9"
1.57334085958006e-11,0.455287969360901,0.817,0.919,3.49234470600987e-07,"6","Tlk1"
1.61295053013081e-11,0.543598994202843,0.812,0.932,3.58026629173135e-07,"6","Cmip"
1.72463057404086e-11,0.389921263792753,0.931,0.986,3.82816248519851e-07,"6","H2aj"
1.75042385850147e-11,0.598961316509907,0.733,0.834,3.88541583871572e-07,"6","Cabin1"
1.87610219450125e-11,0.727576440636946,0.736,0.853,4.16438404113442e-07,"6","Pde7a"
1.97637834744474e-11,0.963868270277625,0.605,0.668,4.38696701782308e-07,"6","Gpr132"
2.06559256526937e-11,0.616465507568608,0.773,0.905,4.58499581712842e-07,"6","Ambra1"
2.15469733885936e-11,0.384696111132935,0.98,0.996,4.78278168306612e-07,"6","Gas5"
2.2152222966986e-11,0.714720197206721,0.711,0.813,4.91712893198189e-07,"6","Rnf111"
2.24500449818843e-11,0.68930958193047,0.788,0.864,4.98323648462886e-07,"6","Airn"
2.30013152156069e-11,1.75233627283862,0.319,0.234,5.10560193840826e-07,"6","Slc28a2"
2.30443200416718e-11,1.65421783030303,0.42,0.347,5.1151477196499e-07,"6","Klf2"
2.80426688506404e-11,1.42785756125394,0.427,0.369,6.22463120477666e-07,"6","Parp8"
2.86679627407859e-11,1.85862570675353,0.264,0.175,6.36342768957225e-07,"6","Etfbkmt"
3.1350250000867e-11,1.74997222850328,0.279,0.187,6.95881499269245e-07,"6","Igflr1"
3.16561132802942e-11,1.45605890080776,0.432,0.387,7.02670746482689e-07,"6","Arhgef12"
3.20688710266439e-11,0.533202869237177,0.84,0.926,7.11832730178415e-07,"6","Trpm7"
3.37036679780573e-11,1.25062287708106,0.477,0.445,7.48120318108939e-07,"6","Dcaf6"
3.52714103289713e-11,1.0697136526567,0.565,0.598,7.82919495072177e-07,"6","Sfi1"
3.74162658197782e-11,0.888668398631232,0.6,0.657,8.30528852401616e-07,"6","Crtc3"
4.62273740738401e-11,1.08234689233693,0.595,0.614,1.02610902231703e-06,"6","Pde11a"
5.14989068857534e-11,0.987421809606189,0.595,0.656,1.14312123614307e-06,"6","Vcpip1"
5.35035272460549e-11,2.016354657003,0.286,0.194,1.18761779428068e-06,"6","Ctla4"
5.46286948279376e-11,1.19001560934609,0.543,0.57,1.21259313909573e-06,"6","Pacs1"
6.1039365889683e-11,1.81908514234492,0.284,0.193,1.35489080465329e-06,"6","Irak2"
6.31622671736995e-11,0.901916139793429,0.57,0.618,1.40201284445461e-06,"6","Map4k2"
6.58494831138075e-11,0.963467914273343,0.615,0.699,1.46166097667718e-06,"6","Nt5dc1"
6.80899365002054e-11,1.05340739659488,0.558,0.608,1.51139232049506e-06,"6","4833420G17Rik"
6.86873750324928e-11,0.990624971169219,0.583,0.636,1.52465366359624e-06,"6","Snhg20"
7.09143047792365e-11,1.25227500458384,0.442,0.391,1.57408482318471e-06,"6","Relb"
8.04651772010056e-11,0.400638186207858,0.916,0.98,1.78608553833072e-06,"6","Ankrd17"
8.52349754379762e-11,0.287842213504411,0.968,0.995,1.89196074979676e-06,"6","Pfdn5"
9.06378113508793e-11,1.22802264390161,0.464,0.448,2.01188749855547e-06,"6","Thap3"
9.53111332456072e-11,0.94915032633569,0.588,0.633,2.11562122465274e-06,"6","Numb"
9.83808440580765e-11,0.674730900794957,0.733,0.834,2.18375959555712e-06,"6","Evi2b"
1.03243387779308e-10,1.0835925091432,0.526,0.553,2.29169347853731e-06,"6","Pgs1"
1.05331534578512e-10,0.650301139751291,0.704,0.81,2.33804407303924e-06,"6","Nr2c2"
1.10300634278168e-10,0.624940617658255,0.78,0.901,2.4483431790725e-06,"6","Ubn2"
1.13696191654247e-10,0.972813217104362,0.565,0.614,2.52371436614931e-06,"6","Pxk"
1.17072601543533e-10,0.669479265360467,0.704,0.815,2.59866053646181e-06,"6","Mysm1"
1.20046981320575e-10,0.416534820359347,0.901,0.968,2.6646828443728e-06,"6","Ppp2r5c"
1.23849949616326e-10,0.410028314300586,0.936,0.974,2.74909733163358e-06,"6","Socs1"
1.28702100588283e-10,1.39867807833618,0.407,0.36,2.85680052675812e-06,"6","Fam117a"
1.39033212190255e-10,0.638812051346221,0.662,0.75,3.08612021098709e-06,"6","Nckap1l"
1.39825381133379e-10,0.460680584471307,0.884,0.955,3.10370398501761e-06,"6","Vti1a"
1.45150037084013e-10,0.352656709038437,0.956,0.985,3.22189537315385e-06,"6","Ppp4r3b"
1.66674680226719e-10,0.806150031369622,0.64,0.743,3.69967787699249e-06,"6","Prdm2"
1.67579209280052e-10,0.865262293095033,0.635,0.691,3.71975570838931e-06,"6","Irf2bp2"
1.6962627462182e-10,0.694500856467713,0.699,0.79,3.76519441778054e-06,"6","Rapgef2"
1.79716253381235e-10,0.509923196672612,0.825,0.929,3.98916167630327e-06,"6","Gng2"
1.83086634055166e-10,1.10001159558368,0.521,0.552,4.06397401612253e-06,"6","Pnrc2"
2.14975002966365e-10,1.41897331361814,0.378,0.32,4.7718001408444e-06,"6","Tlr1"
2.34645223622122e-10,0.554625012949683,0.852,0.918,5.20842002874025e-06,"6","Crip1"
2.44722574432765e-10,0.92007491080784,0.588,0.624,5.43210698468407e-06,"6","Gm20186"
2.46086285305086e-10,0.717570144075761,0.679,0.687,5.462377274917e-06,"6","Klrk1"
2.84620698995136e-10,0.665498525963755,0.723,0.867,6.31772565559504e-06,"6","Mitd1"
2.87201600766607e-10,0.825093336179545,0.736,0.81,6.37501393221638e-06,"6","Smyd3"
2.92264290817046e-10,0.473721385614077,0.849,0.961,6.48739046326596e-06,"6","Cnot4"
2.95544739443742e-10,0.717655051138104,0.704,0.807,6.56020658143273e-06,"6","Atm"
3.00901564416541e-10,0.688089133034803,0.691,0.802,6.67911202535396e-06,"6","Stx16"
3.09931558288676e-10,0.419636444707257,0.899,0.975,6.87955079933373e-06,"6","6820431F20Rik"
3.23470297470106e-10,0.775803449381112,0.625,0.704,7.18007019294394e-06,"6","Elovl5"
3.35574638758472e-10,0.454210126142385,0.849,0.946,7.4487502565218e-06,"6","Cdk13"
3.54097315732239e-10,1.7053097862457,0.254,0.169,7.8598981173085e-06,"6","Slc25a45"
3.9728764372475e-10,0.414875139097713,0.896,0.974,8.81859382775828e-06,"6","Kpna4"
4.19887485006898e-10,0.349751971804481,0.965,0.994,9.32024250469811e-06,"6","Lck"
5.30527556674707e-10,0.293211929048969,0.956,0.995,1.17761201755085e-05,"6","Psme2"
5.43915867523808e-10,0.784375105259308,0.657,0.773,1.2073300511426e-05,"6","Rasal3"
5.57654090951571e-10,1.70886692148211,0.306,0.227,1.2378247856852e-05,"6","Mylip"
5.78118386053702e-10,0.775738254775541,0.672,0.784,1.2832493815234e-05,"6","Washc4"
6.16182939112842e-10,1.37928322073741,0.449,0.424,1.36774126994877e-05,"6","Acp5"
6.37945713849161e-10,0.549206723302437,0.741,0.849,1.41604810103098e-05,"6","Gpsm3"
6.87765488096258e-10,0.473972894798887,0.849,0.948,1.52663305392726e-05,"6","Taok3"
6.94961100106122e-10,0.984420692120598,0.558,0.585,1.54260515390556e-05,"6","AI504432"
7.06498199043446e-10,1.8456390080693,0.264,0.178,1.56821405241674e-05,"6","Cd55"
7.13713096897156e-10,0.433528448573641,0.822,0.936,1.58422896118262e-05,"6","Ccnl1"
7.42641923046365e-10,0.446306495299661,0.817,0.932,1.64844227658602e-05,"6","Mark2"
7.43760033511574e-10,1.10764388573969,0.528,0.564,1.65092414638564e-05,"6","Rnf166"
8.72227316849913e-10,1.00607689070974,0.548,0.495,1.93608297521175e-05,"6","Klrd1"
8.88161861983968e-10,0.679191497944699,0.684,0.798,1.97145288504581e-05,"6","Epc1"
9.51069856691648e-10,0.425339716185201,0.849,0.959,2.11108976089845e-05,"6","Arhgef6"
9.66302727082271e-10,0.932942928107489,0.553,0.618,2.14490216330452e-05,"6","Tprgl"
1.0433098062767e-09,1.4746360605666,0.309,0.232,2.31583477699239e-05,"6","Ifi204"
1.05350805717242e-09,0.847307620582034,0.61,0.703,2.33847183450562e-05,"6","Kdm3b"
1.07702987642673e-09,0.604792154279761,0.778,0.889,2.39068321670441e-05,"6","Srgap2"
1.12560627303181e-09,0.474964296492887,0.827,0.928,2.4985082442487e-05,"6","Herc1"
1.15748217884028e-09,1.08222375349698,0.489,0.482,2.56926319237176e-05,"6","5031425E22Rik"
1.20293522792554e-09,0.585207128712381,0.738,0.861,2.67015532542631e-05,"6","Tmem87a"
1.23520646413232e-09,1.05635460320567,0.521,0.523,2.74178778843452e-05,"6","L3mbtl3"
1.27161027776216e-09,0.904382213957983,0.583,0.667,2.82259333354867e-05,"6","Rnf114"
1.31046238453579e-09,1.0199343682148,0.548,0.566,2.9088333549541e-05,"6","Traf1"
1.34842149393613e-09,0.418098899702427,0.859,0.951,2.99309119009002e-05,"6","Mllt10"
1.41568124006867e-09,0.84559703626883,0.602,0.683,3.14238764858042e-05,"6","Rmnd5a"
1.43383424425842e-09,0.596844676078043,0.719,0.822,3.18268187198041e-05,"6","Atp9b"
1.47912585053238e-09,0.855055868127324,0.575,0.644,3.28321565042671e-05,"6","Osbpl9"
1.50002241058033e-09,0.838733028289797,0.64,0.697,3.32959974476516e-05,"6","Prkd2"
1.6810016253324e-09,1.10533026344672,0.486,0.483,3.73131930775032e-05,"6","Trim56"
1.69297615939394e-09,0.451654779534271,0.97,0.993,3.75789918100672e-05,"6","S100a10"
1.78137217839377e-09,1.37213287799802,0.37,0.305,3.95411182438066e-05,"6","Antxr2"
1.82510940734141e-09,0.573298766501809,0.775,0.876,4.05119535147572e-05,"6","Supt20"
1.89890304261223e-09,0.84900457810015,0.615,0.667,4.21499508368637e-05,"6","Eif4e3"
1.93125060960732e-09,0.514649394257979,0.783,0.908,4.28679697814537e-05,"6","Uggt1"
2.15738058101238e-09,0.655936138968541,0.721,0.834,4.78873767567318e-05,"6","Cflar"
2.25221598694252e-09,0.508443638705139,0.785,0.859,4.99924382621631e-05,"6","H2az2"
2.25399993563175e-09,1.25531696400917,0.486,0.476,5.00320365712179e-05,"6","Rfx3"
2.34591903671232e-09,0.769866790282313,0.6,0.669,5.20723648579034e-05,"6","Spopl"
2.41849855127737e-09,0.590798036135968,0.731,0.858,5.36834123427038e-05,"6","Arhgap9"
2.60951926495838e-09,1.92378071362272,0.299,0.223,5.79234991242812e-05,"6","Kdm4d"
2.63469868977912e-09,0.419627736999738,0.859,0.957,5.8482406817027e-05,"6","Rbm6"
2.68131457023488e-09,0.723009377225459,0.627,0.721,5.95171395155036e-05,"6","Nisch"
2.69267314054496e-09,0.545887645088083,0.795,0.889,5.97692657006764e-05,"6","Suco"
2.70932850074726e-09,0.330580568140868,0.933,0.982,6.0138964731087e-05,"6","Cyfip2"
2.77525846748204e-09,1.48607663220273,0.363,0.305,6.16024122026988e-05,"6","Zhx2"
2.80005725760363e-09,1.23342424052474,0.422,0.399,6.21528709470278e-05,"6","Kdsr"
2.93616809191434e-09,1.6792678591978,0.254,0.171,6.51741231362225e-05,"6","Pmepa1"
3.01083770238128e-09,0.925183304507043,0.563,0.6,6.68315644797573e-05,"6","Trim44"
3.28833497443593e-09,0.971151145987559,0.583,0.654,7.29911714275544e-05,"6","Hectd4"
3.32706961620764e-09,0.658096503134605,0.709,0.851,7.3850964270961e-05,"6","Cdc42se2"
3.52062688145822e-09,0.833185345348526,0.595,0.68,7.81473548877281e-05,"6","Sike1"
3.710603715644e-09,0.565878656014638,0.741,0.876,8.23642706761499e-05,"6","Snx2"
3.83177610480504e-09,1.12061275687588,0.491,0.502,8.50539341983574e-05,"6","Hmg20a"
3.93953516085735e-09,0.326495931909886,0.951,0.99,8.74458619655505e-05,"6","Apbb1ip"
3.98542145584853e-09,1.18709757196,0.511,0.522,8.84644000554697e-05,"6","Cradd"
4.36760649134922e-09,1.20674147639851,0.479,0.465,9.69477612884786e-05,"6","Cd274"
4.43737582030669e-09,1.6707685476842,0.286,0.21,9.84964310833476e-05,"6","Izumo4"
4.63514085077226e-09,1.00580823845321,0.551,0.605,0.000102886221464592,"6","Avl9"
4.66867216669924e-09,1.05116428676612,0.452,0.416,0.000103630516084223,"6","Gstp3"
5.35270722670417e-09,0.340308269672547,0.919,0.981,0.000118814042311153,"6","Hp1bp3"
5.40875651836419e-09,0.793741790902184,0.637,0.74,0.00012005816843813,"6","Pik3ca"
5.54610045673929e-09,1.05706802411412,0.598,0.677,0.000123106791838242,"6","Scaper"
5.76040049829008e-09,0.903456222404865,0.585,0.662,0.000127863609860545,"6","Chd6"
5.7828637414308e-09,1.83338813501597,0.277,0.2,0.000128362226468539,"6","Glcci1"
5.89874825801604e-09,0.497483455675332,0.812,0.914,0.000130934515083182,"6","Tnrc6a"
5.94679396041274e-09,0.576224959283132,0.746,0.879,0.000132000985539282,"6","Prrc2b"
6.08223678648222e-09,0.390204291628173,0.909,0.972,0.000135007409949546,"6","Smap2"
6.2811860924289e-09,0.662963833386515,0.714,0.829,0.000139423487693644,"6","Epb41"
6.41025174215777e-09,1.31771053612731,0.536,0.547,0.000142288357920676,"6","Mgmt"
6.79190915178654e-09,0.4112594721233,0.879,0.966,0.000150760007442206,"6","Gabarapl2"
6.81621259296993e-09,0.320944562229581,0.936,0.977,0.000151299470926154,"6","Srgn"
6.85302593920695e-09,1.25600565978267,0.472,0.478,0.000152116616772577,"6","Tnip1"
6.85633669049411e-09,1.03785651111078,0.528,0.582,0.000152190105518898,"6","Slc25a36"
6.89521566484397e-09,1.48370900275196,0.316,0.249,0.000153053102112542,"6","Trim21"
7.20904878680166e-09,1.34122290054697,0.41,0.381,0.000160019255920636,"6","Ctps2"
7.30080600417057e-09,0.76001848471232,0.622,0.738,0.000162055990874574,"6","Setd7"
8.06284887799081e-09,0.661226276914113,0.719,0.834,0.000178971056544762,"6","Cep350"
8.83941185978915e-09,0.677122966005113,0.669,0.786,0.00019620842505174,"6","Kdm6a"
1.04354269063186e-08,1.13211179498819,0.501,0.5,0.000231635171039553,"6","St3gal6"
1.05766464601703e-08,0.499550627761453,0.768,0.89,0.000234769821476401,"6","Atad2b"
1.11126864598101e-08,1.39037288666558,0.417,0.364,0.000246668301348404,"6","Xdh"
1.1156924554549e-08,0.866149546833742,0.598,0.688,0.000247650254337324,"6","Acbd5"
1.17255671890528e-08,0.560747951528083,0.731,0.861,0.000260272414895405,"6","Taok1"
1.17473002357112e-08,0.703343616843578,0.632,0.727,0.000260754823332082,"6","Ubash3a"
1.29100605193539e-08,0.380178269750134,0.874,0.959,0.0002865646133481,"6","Cd37"
1.34443055902126e-08,0.898303984789672,0.588,0.653,0.000298423251185948,"6","Map3k5"
1.46264439335097e-08,0.959532731284363,0.523,0.573,0.000324663175992115,"6","Fbxl3"
1.5339284331463e-08,0.608530524111849,0.667,0.791,0.000340486094305485,"6","Tet3"
1.54806324050665e-08,0.562103412623773,0.83,0.944,0.000343623597495262,"6","Rap1gds1"
1.62533849864185e-08,0.968790851994646,0.511,0.535,0.000360776386543531,"6","Plcg1"
1.74833112593308e-08,1.18180364449125,0.412,0.383,0.000388077060023367,"6","Itm2c"
1.80845049750783e-08,1.05924138416461,0.533,0.586,0.000401421756931813,"6","Hpcal1"
1.82354764576464e-08,0.55112504910186,0.802,0.921,0.000404772870930378,"6","Rras2"
1.87158637767416e-08,0.53072550171307,0.696,0.835,0.000415436028252334,"6","Tmem123"
1.90544824450209e-08,0.518758493541676,0.79,0.917,0.000422952346832128,"6","Wdr26"
2.05132411055592e-08,0.907041294569396,0.615,0.707,0.000455332412820097,"6","Phkb"
2.09434632669678e-08,1.40035058905932,0.44,0.434,0.000464882054136884,"6","Snx20"
2.10885587736486e-08,1.08098113655029,0.504,0.541,0.000468102739098678,"6","Gramd4"
2.16090014069679e-08,0.285500977612835,0.951,0.995,0.000479655004230467,"6","Iqgap1"
2.80547502935797e-08,0.894430277082861,0.588,0.662,0.000622731292266589,"6","Trmt1l"
2.84726393891701e-08,0.66944478007234,0.751,0.827,0.000632007176521408,"6","Dleu2"
3.20807867445083e-08,0.576359778603085,0.778,0.883,0.000712097223367851,"6","Pik3r1"
3.22842214020836e-08,0.406798847898487,0.84,0.942,0.00071661286246205,"6","Frg1"
3.37322172540446e-08,1.25539476232984,0.407,0.384,0.000748754026388028,"6","Nbr1"
4.13316464243542e-08,1.0601894072143,0.568,0.637,0.00091743855568139,"6","Dennd4c"
4.21592042307441e-08,0.498161042671489,0.706,0.793,0.000935807856309828,"6","Sqstm1"
4.34027687188624e-08,0.88194255409768,0.64,0.759,0.00096341125725259,"6","Xrcc4"
4.5928061480218e-08,1.13333705597731,0.469,0.479,0.0010194651806764,"6","Birc2"
4.80287757325105e-08,0.690879626291356,0.699,0.822,0.00106609473493453,"6","Fbxo11"
5.15977570469682e-08,1.53658864796773,0.44,0.446,0.00114531541317155,"6","H2-DMa"
5.79903187883064e-08,0.454656273201537,0.788,0.894,0.00128721110614404,"6","Chd8"
5.98607207539431e-08,1.33909526903739,0.343,0.298,0.00132872841857528,"6","Snrk"
6.08318638180325e-08,1.28750497806486,0.44,0.445,0.00135028488116887,"6","Pbxip1"
6.89309892380764e-08,0.57689143031854,0.741,0.846,0.00153006116811758,"6","Tnfaip8"
6.99657854273577e-08,0.856686855641983,0.578,0.671,0.00155303053913106,"6","Stim2"
7.17310960935559e-08,0.45769584488138,0.8,0.924,0.00159221513998866,"6","Trip11"
7.22200981500268e-08,1.38911155739624,0.538,0.547,0.00160306951863615,"6","Plxdc2"
7.39657293375783e-08,0.552315424562913,0.76,0.859,0.00164181729410623,"6","Nabp1"
8.00944366093332e-08,0.438446765032178,0.807,0.904,0.00177785620941737,"6","Rev3l"
8.80297184170811e-08,0.464414652326238,0.753,0.896,0.00195399565970395,"6","Scaf8"
9.36215811689409e-08,1.00292296484711,0.516,0.582,0.00207811823720698,"6","Fbxo38"
9.50035531212786e-08,0.386231107780013,0.911,0.971,0.00210879386863302,"6","Gphn"
9.92738043444718e-08,1.54717100045732,0.299,0.236,0.00220358063503424,"6","ENSMUSG00000095041"
9.96139161137486e-08,0.369948619546575,0.943,0.989,0.00221113009597688,"6","Hectd1"
1.01371676625167e-07,1.05374841188419,0.501,0.552,0.00225014710604884,"6","Slc37a3"
1.01838856193427e-07,0.706444487421204,0.617,0.714,0.00226051709092549,"6","Sdf2"
1.04928104604276e-07,1.03675157156052,0.484,0.493,0.00232908913790112,"6","Ulk2"
1.09088849192525e-07,0.874609685505815,0.528,0.572,0.00242144518552647,"6","Fam120b"
1.09518102681207e-07,0.474990576156602,0.805,0.916,0.00243097332521474,"6","Glg1"
1.10701242656715e-07,0.750664253007652,0.607,0.693,0.0024572354832511,"6","Kmt5b"
1.11311530244068e-07,1.3153582951202,0.388,0.358,0.00247078203682758,"6","Znfx1"
1.11690000698488e-07,0.494655976593175,0.82,0.936,0.00247918294550433,"6","Tcf20"
1.15982386645768e-07,0.642375345775788,0.699,0.814,0.00257446103637611,"6","Eeig1"
1.17081523309051e-07,1.14388319480584,0.543,0.569,0.002598858572891,"6","Dglucy"
1.21525159685367e-07,0.473157299373168,0.8,0.925,0.0026974939695361,"6","Kat6a"
1.22459053046156e-07,0.710290706950968,0.674,0.781,0.00271822360046552,"6","Ttc3"
1.37656319114035e-07,1.00579832666116,0.514,0.57,0.00305555731537423,"6","Lgals8"
1.40497473109836e-07,0.432105563350266,0.852,0.959,0.00311862241061904,"6","AU020206"
1.40995463652582e-07,1.1322555787051,0.467,0.482,0.00312967630669635,"6","Slc17a9"
1.43367862342935e-07,0.342497736941345,0.864,0.955,0.00318233644042614,"6","Gsk3b"
1.45241735450757e-07,1.69229970164781,0.289,0.23,0.00322393080180045,"6","Mettl8"
1.51454652198721e-07,0.479785476447521,0.78,0.885,0.00336183891485502,"6","Gatad2b"
1.51804917027521e-07,0.944057084110508,0.536,0.596,0.00336961374325988,"6","Zkscan3"
1.54238095727505e-07,0.335412139537337,0.904,0.976,0.00342362301086343,"6","Phf20l1"
1.55676743294419e-07,0.335164992254204,0.844,0.961,0.00345555667090622,"6","Sdf4"
1.5894086519084e-07,0.836575198149059,0.514,0.538,0.00352801038464106,"6","Tapbpl"
1.73593368786936e-07,1.09865446845723,0.479,0.511,0.00385325200696362,"6","Maf1"
1.7687965395391e-07,0.562067551931682,0.659,0.767,0.00392619767881495,"6","Rcn1"
1.77293060305067e-07,0.61781838065018,0.637,0.763,0.00393537405959157,"6","Borcs8"
1.80939903640365e-07,0.557667166581512,0.667,0.78,0.00401632304110518,"6","Epc2"
2.03277146466359e-07,0.673358056082031,0.667,0.804,0.00451214282011378,"6","Usp48"
2.04867701855922e-07,0.878954957581436,0.56,0.646,0.00454744837809589,"6","Pdrg1"
2.06898948316727e-07,0.32095432498278,0.946,0.987,0.00459253595578639,"6","Nfkb1"
2.10358341559643e-07,0.377699422138832,0.879,0.962,0.00466932410759939,"6","Zfp148"
2.15950759471547e-07,0.967156103537629,0.501,0.541,0.00479345900798994,"6","Wdr7"
2.22043473632551e-07,0.338194299742725,0.425,0.694,0.00492869898422174,"6","Slc4a7"
2.26190422238619e-07,1.19082426632877,0.407,0.395,0.00502074880243062,"6","Rnf123"
2.3066760537516e-07,0.668398643653166,0.598,0.694,0.00512012883651243,"6","Trim25"
2.32528481039986e-07,0.99011317411155,0.506,0.545,0.00516143469364458,"6","Sdccag8"
2.4139397682238e-07,0.730792776889088,0.642,0.784,0.00535822210352638,"6","Herc2"
2.55304617516786e-07,0.682451689921464,0.627,0.743,0.00566699659502011,"6","Mknk2"
2.66381596754828e-07,1.05350419353366,0.469,0.493,0.00591287230316691,"6","Bicra"
2.75136530379415e-07,0.558083242455482,0.704,0.834,0.00610720556483187,"6","Ldb1"
2.78311279323839e-07,0.385423971414674,0.923,0.987,0.00617767546715125,"6","Dnajc7"
2.84484718104856e-07,0.722246202744164,0.625,0.733,0.00631470728777349,"6","Lamp2"
2.87844257450649e-07,1.58814464659826,0.405,0.363,0.00638927898263206,"6","Fhit"
2.99564320276834e-07,1.05327394587646,0.491,0.526,0.00664942921718489,"6","Fbxw4"
3.0386727451571e-07,1.08695404699444,0.469,0.475,0.00674494189242521,"6","Calhm6"
3.28182953157896e-07,0.866227270603754,0.546,0.629,0.00728467701124582,"6","Bfar"
3.3246732214776e-07,1.24936034476347,0.442,0.452,0.00737977714971382,"6","Garin3"
3.76379899429307e-07,0.649008188039575,0.672,0.817,0.00835450462763233,"6","Marchf7"
4.01262118863512e-07,0.731565158759061,0.681,0.819,0.00890681525241338,"6","Pcgf5"
4.13169612518559e-07,0.467984869465066,0.758,0.903,0.00917112588907444,"6","Syf2"
4.15857169500076e-07,0.553110423885515,0.719,0.831,0.00923078159139319,"6","Ifnar2"
4.36811833417934e-07,0.688844250463301,0.57,0.657,0.00969591226637788,"6","Adar"
4.46425296100638e-07,1.07004626908036,0.464,0.487,0.00990930229754585,"6","Dhx57"
4.58270448020063e-07,1.64046697529396,0.402,0.372,0.0101722291347013,"6","Mx1"
4.59819646243646e-07,0.64341041048269,0.679,0.794,0.0102066166876702,"6","Dmxl1"
5.0902508700239e-07,0.615233187345588,0.662,0.799,0.0112988298561921,"6","Rprd2"
5.41642188008489e-07,0.455348668966219,0.847,0.956,0.0120228316472244,"6","Gabarap"
5.57711290402448e-07,0.871707532616785,0.531,0.616,0.0123795175130631,"6","Mau2"
5.74815371442379e-07,0.525151644015436,0.677,0.823,0.0127591767999065,"6","Laptm4a"
5.832866887574e-07,1.1123641945197,0.447,0.468,0.012947214630348,"6","Arel1"
6.29790633972519e-07,1.44638554134,0.338,0.293,0.013979462702288,"6","Tbxa2r"
6.86488625653914e-07,0.332022860633534,0.978,0.997,0.0152379880236399,"6","Wnk1"
6.98283337672084e-07,1.41385066550239,0.319,0.275,0.0154997952463072,"6","Inpp5k"
7.07827069984248e-07,0.857687009862517,0.585,0.683,0.0157116374724404,"6","Dcaf5"
7.08914681256666e-07,1.58985147135776,0.262,0.2,0.0157357791798542,"6","Dhx58"
7.47102457845744e-07,1.49580019641591,0.299,0.243,0.016583433256802,"6","Mxd1"
7.5615873253873e-07,0.776613258477676,0.585,0.667,0.0167844553861622,"6","Tasor"
7.70394525326546e-07,0.658136050292614,0.622,0.752,0.0171004472786733,"6","Smad4"
7.85135958226328e-07,0.524531664353875,0.807,0.946,0.0174276628647498,"6","Vmp1"
8.26600207208005e-07,0.452207159180714,0.756,0.909,0.0183480447993961,"6","Rab21"
8.30763052281295e-07,1.16486586545147,0.462,0.476,0.0184404474714879,"6","Abhd18"
8.44403749252608e-07,0.521657071878452,0.78,0.917,0.0187432300221601,"6","Zmynd8"
8.4738463106719e-07,1.45914295077903,0.346,0.31,0.0188093966557984,"6","Slc43a2"
8.78236599788159e-07,1.5047920883264,0.264,0.206,0.0194942178054978,"6","Faah"
9.36598313192216e-07,1.40680954016,0.38,0.358,0.0207896727579276,"6","Cep97"
1.05394087140818e-06,0.639192992961247,0.686,0.788,0.0233943255226473,"6","Ass1"
1.11942517763707e-06,0.329756232410071,0.941,0.991,0.0248478806680101,"6","Atp1b3"
1.12583126303575e-06,0.495919141228709,0.738,0.873,0.0249900765456045,"6","Rc3h1"
1.16346371128929e-06,0.711516415652956,0.632,0.741,0.0258254039994884,"6","Sos2"
1.19627572308296e-06,0.554976499498366,0.679,0.817,0.0265537322252725,"6","Vrk2"
1.22370189687812e-06,1.07702151204061,0.437,0.432,0.0271625110050036,"6","Oas3"
1.2891823379105e-06,0.250210282980966,0.965,0.997,0.0286159803545994,"6","Cyrib"
1.35020737749811e-06,0.440268747933451,0.812,0.935,0.0299705531583255,"6","Cbl"
1.41534781792577e-06,0.571133132301654,0.662,0.79,0.0314164755144983,"6","Pias1"
1.49140497726576e-06,0.34375185751098,0.899,0.976,0.0331047162803681,"6","Lamp1"
1.49371138239757e-06,0.416967767174005,0.8,0.928,0.0331559115550788,"6","Rsf1"
1.56209107698446e-06,1.44909876939436,0.299,0.252,0.0346737356358239,"6","Zfp951"
1.60158416729961e-06,0.436746215211447,0.716,0.824,0.0355503637615494,"6","Aff4"
1.60338604476748e-06,0.38418051093575,0.879,0.969,0.0355903600357039,"6","Wdr33"
1.65670688179549e-06,1.26415574952027,0.368,0.353,0.0367739226552145,"6","Atg13"
1.66892113465488e-06,0.407956401420594,0.8,0.93,0.0370450424259343,"6","Stk24"
1.69139529480509e-06,1.63505211485147,0.257,0.202,0.0375439013587885,"6","H2-T24"
1.69629504861096e-06,1.12064461832502,0.528,0.599,0.0376526611940176,"6","Tasp1"
1.70818181272042e-06,1.25383382362265,0.351,0.317,0.0379165116969552,"6","Fgd3"
1.71118637100556e-06,0.268939211383156,0.128,0.258,0.0379832038772105,"6","Plin2"
1.73643573207202e-06,1.04427785131368,0.43,0.428,0.0385436639448027,"6","Ralgps2"
1.75731085997521e-06,0.768585535272348,0.551,0.632,0.0390070291588698,"6","Eipr1"
1.78673566352321e-06,0.735020634661922,0.583,0.671,0.0396601715232248,"6","Tbcd"
1.79663340249587e-06,0.491337298646656,0.765,0.887,0.0398798716352007,"6","Apc"
1.83082768689744e-06,1.10745855002156,0.417,0.42,0.0406388821660626,"6","Rassf2"
1.92668083083061e-06,1.16254477112851,0.417,0.411,0.0427665344019471,"6","Hivep1"
2.12190253541463e-06,0.814189739688659,0.546,0.611,0.0470998705785987,"6","Rcbtb1"
2.12949513902436e-06,0.409070812419451,0.815,0.908,0.0472684036009237,"6","Smg6"
2.21070289756046e-06,0.928788270715388,0.496,0.557,0.0490709722171496,"6","Tspan14"
2.23536516556905e-06,0.40277296944993,0.812,0.936,0.0496184005801363,"6","Ash1l"
2.28353070731558e-06,0.391689039910774,0.953,0.992,0.0506875311102839,"6","Lrrc8c"
2.38385474186547e-06,0.778378444337235,0.516,0.582,0.0529144237051879,"6","Acaa2"
2.51306473265921e-06,0.626492341994759,0.684,0.828,0.0557824978708364,"6","Atp6v1d"
2.60026727967994e-06,1.03816282564755,0.472,0.506,0.0577181328070557,"6","P2ry10"
2.79532113451334e-06,0.802994008335142,0.563,0.65,0.0620477432227926,"6","Gpcpd1"
2.86786490311706e-06,0.846713087316333,0.585,0.607,0.0636579972544894,"6","Ly6c1"
2.90797606060394e-06,0.796116205690129,0.533,0.627,0.0645483446172256,"6","Ccndbp1"
2.97246472354284e-06,0.420290172285608,0.785,0.936,0.0659797994684805,"6","Agfg1"
3.04212919211552e-06,0.301836734770825,0.242,0.441,0.0675261416773881,"6","Rbks"
3.1083733831746e-06,0.393360089429127,0.775,0.912,0.0689965639863267,"6","Ddx50"
3.32865310536365e-06,0.792319712612193,0.551,0.631,0.0738861129797569,"6","Lax1"
3.35080306306997e-06,0.797250585545043,0.565,0.677,0.0743777755909642,"6","Vps41"
3.548335472656e-06,1.36039131920473,0.385,0.372,0.0787624024865452,"6","2310001H17Rik"
3.61654984694508e-06,0.260661507659948,0.158,0.306,0.0802765569526399,"6","Kat5"
3.63879088693342e-06,0.857877851287801,0.504,0.526,0.0807702413172611,"6","Gpr174"
3.65295822987742e-06,1.05812696704009,0.449,0.479,0.081084713828589,"6","Stxbp3"
3.73350385565742e-06,1.51903392127533,0.267,0.214,0.0828725850840279,"6","Gm30603"
3.8902030011255e-06,1.60083430361627,0.254,0.199,0.0863508360159828,"6","Pglyrp1"
4.03811790470184e-06,0.620522643662171,0.64,0.755,0.0896341031306667,"6","Xpr1"
4.08433972317181e-06,0.33683588741734,0.825,0.946,0.0906600888352447,"6","N4bp2l2"
4.1012975717896e-06,1.01997151041779,0.43,0.442,0.0910365022010138,"6","Zfp942"
4.12124759475789e-06,0.274200862528938,0.18,0.331,0.0914793328608409,"6","Frmd6"
4.13457270995147e-06,0.549131341579741,0.672,0.802,0.0917751104427928,"6","Akap10"
4.23828844851045e-06,1.13263997388264,0.499,0.567,0.0940772886915864,"6","Bmt2"
4.38498261996028e-06,0.278441472987187,0.99,0.999,0.0973334592152584,"6","Ptp4a2"
4.43047288185575e-06,0.731225039452741,0.585,0.671,0.0983432065585521,"6","Sh2d3c"
4.44067709675467e-06,0.800075717559714,0.595,0.715,0.0985697095166635,"6","Lpin2"
4.60902799864301e-06,0.609758104519751,0.635,0.768,0.102306594485879,"6","Cwf19l2"
4.62598897419946e-06,0.59714048385421,0.644,0.775,0.102683077260305,"6","Nfatc1"
4.69649548733196e-06,0.423230066520722,0.728,0.862,0.104248110332307,"6","Dnajc13"
5.06540554288331e-06,0.609772289854106,0.696,0.861,0.112436806835381,"6","Rabac1"
5.1149945633063e-06,0.690534690382613,0.605,0.701,0.11353753432171,"6","Crot"
5.19758473122662e-06,0.289941631403775,0.193,0.355,0.115370788279037,"6","Cep19"
5.77158268373425e-06,0.355589397567173,0.835,0.965,0.128111820830849,"6","Sec62"
5.91436138736237e-06,0.619866189580378,0.652,0.79,0.131281079715283,"6","Hltf"
5.93157118995414e-06,0.87189012064261,0.627,0.686,0.131663085703412,"6","Fgf13"
6.10309842381423e-06,0.526925846956082,0.677,0.82,0.135470475713404,"6","Scp2"
6.12951029852246e-06,0.567248981540238,0.672,0.812,0.136056740096303,"6","Nck1"
6.15423840590053e-06,0.70781716053382,0.644,0.755,0.136605629895774,"6","Wdr44"
6.77034757732635e-06,0.679063550700253,0.563,0.641,0.150281405173913,"6","Lgals3bp"
6.77176144251047e-06,1.25419376312227,0.393,0.384,0.150312788739405,"6","Nfkbiz"
6.79170620365721e-06,0.396412866686735,0.825,0.949,0.150755502602579,"6","Ascc3"
6.83337504876264e-06,1.54832308451961,0.281,0.236,0.151680425957384,"6","Gm26771"
7.13632357798281e-06,0.377631640085098,0.758,0.898,0.158404974460484,"6","Gigyf2"
7.14457379522997e-06,1.21497136085816,0.38,0.351,0.15858810453272,"6","Itgb3"
7.19636937162434e-06,1.10777362477058,0.405,0.403,0.159737810941946,"6","Gm26510"
7.24673384639009e-06,0.74144917181996,0.6,0.699,0.160855751188321,"6","Fcho2"
7.56295403910077e-06,0.406049680912103,0.721,0.858,0.16787489080592,"6","Ubr1"
8.12715800665719e-06,1.44936951305437,0.304,0.266,0.18039852627377,"6","Ccdc28a"
8.16097036597519e-06,0.298579139074321,0.212,0.39,0.181149059213551,"6","Kctd20"
8.56983396650105e-06,1.0417342805637,0.427,0.444,0.190224604554424,"6","Arhgap27os3"
8.72219380223698e-06,1.42793284739158,0.269,0.22,0.193606535828254,"6","Plin3"
8.97018523809376e-06,0.625080521246977,0.672,0.79,0.199111201729967,"6","Lrba"
9.51102006043677e-06,0.517935843640178,0.701,0.868,0.211116112281515,"6","Zfand3"
1.01644827438216e-05,0.310218026766522,0.178,0.331,0.225621023464608,"6","Gga3"
1.06211315875219e-05,0.470954050572811,0.731,0.868,0.235757257848223,"6","Ppp1r16b"
1.06915000249834e-05,0.615841151210958,0.632,0.748,0.237319226054556,"6","Dis3l2"
1.08688926170891e-05,0.256791179017032,0.215,0.39,0.241256809421528,"6","Deaf1"
1.10508655682867e-05,1.25268842467347,0.402,0.397,0.245296063019259,"6","Tgfbr1"
1.16786285465161e-05,1.00217330480078,0.474,0.54,0.259230517847019,"6","Ccser2"
1.18673799421308e-05,1.41105246143527,0.267,0.216,0.263420232575476,"6","Insl6"
1.20363974365197e-05,0.452711800684608,0.815,0.928,0.267171913898428,"6","Inpp5d"
1.22694486247294e-05,0.434344664392763,0.805,0.931,0.272344951123119,"6","Mta3"
1.30848891229754e-05,0.4602666401701,0.694,0.827,0.290445283862685,"6","Zfp652"
1.34896878258205e-05,0.314905076583702,0.852,0.953,0.299430600669737,"6","Ubxn4"
1.39312102983778e-05,0.604250502372294,0.649,0.782,0.309231074993092,"6","Nab1"
1.4208949915342e-05,0.388383751726379,0.8,0.923,0.315396061270846,"6","Lcor"
1.57164281473057e-05,1.40508183907311,0.296,0.258,0.348857555585744,"6","Gabbr1"
1.59061882420637e-05,0.29298772654694,0.128,0.25,0.353069660409089,"6","Poglut1"
1.59291528080987e-05,0.267350195956982,0.202,0.365,0.353579404881368,"6","Dnajc18"
1.60152441369045e-05,0.305550124122837,0.877,0.976,0.355490374106868,"6","Zfp638"
1.60341814965378e-05,1.11112154096731,0.378,0.376,0.355910726678649,"6","Fam53b"
1.68132051496968e-05,0.656303846370314,0.689,0.81,0.373202714707819,"6","Creb1"
1.72659083555239e-05,0.322630117178186,0.923,0.991,0.383251367767564,"6","Ucp2"
1.7895467624075e-05,0.306209490038579,0.277,0.479,0.397225694851593,"6","Mettl25"
1.80748175331834e-05,0.283894679061073,0.891,0.977,0.401206724784071,"6","Arih1"
1.81963693759343e-05,0.784975789156196,0.541,0.639,0.403904811037613,"6","Erich1"
1.888733717414e-05,0.803442264282091,0.511,0.583,0.419242223254386,"6","Cbx4"
2.03667978886619e-05,0.296228479629167,0.205,0.367,0.452081812734628,"6","Zfand1"
2.04062530889036e-05,1.22961367114424,0.353,0.342,0.452957599814393,"6","Ggact"
2.054815703271e-05,0.545770460707256,0.63,0.756,0.456107441655063,"6","Ppm1b"
2.06335959040934e-05,0.469384336342038,0.711,0.864,0.458003928283162,"6","Xiap"
2.13220798756528e-05,0.606807476402584,0.689,0.835,0.473286206999864,"6","Klf7"
2.1322496617583e-05,0.361787334592038,0.825,0.95,0.473295457420491,"6","Arfgef1"
2.22195587992836e-05,0.741855415741232,0.56,0.611,0.493207546667699,"6","Armc7"
2.23225252414843e-05,0.733670853950166,0.543,0.635,0.495493092785226,"6","Ubxn7"
2.28922062124e-05,1.45895713790701,0.286,0.249,0.508138301296642,"6","AI480526"
2.3258189712751e-05,0.29733462995735,0.244,0.434,0.516262037053934,"6","AI467606"
2.33880922366705e-05,0.932231747681069,0.452,0.489,0.519145483377376,"6","Exoc6"
2.34395167126478e-05,0.283338175343992,0.923,0.982,0.520286952470644,"6","Ggnbp2"
2.51588472933539e-05,0.995932267039305,0.489,0.553,0.558450933370576,"6","Sesn1"
2.52978427365785e-05,0.688764902652563,0.612,0.732,0.561536215223833,"6","Med13l"
2.55543863357898e-05,0.298130511131974,0.188,0.337,0.567230713495526,"6","Ppcs"
2.65561974684195e-05,1.12137627401041,0.37,0.351,0.589467915206508,"6","Nedd4l"
2.70831386220211e-05,0.256215134370271,0.257,0.443,0.601164427993002,"6","Dancr"
2.7477726911851e-05,0.276317673497561,0.163,0.294,0.609923104262356,"6","1700097N02Rik"
2.80295602857332e-05,0.829005880411846,0.489,0.561,0.622172149662421,"6","Cnppd1"
2.82506413464155e-05,0.362589817456918,0.815,0.926,0.627079485966384,"6","Cdk2ap2"
2.87354538717473e-05,0.365452659192491,0.844,0.947,0.637840869591175,"6","Ankhd1"
2.89301804143436e-05,0.352893032387679,0.802,0.917,0.642163214657186,"6","Psme4"
2.89417909734004e-05,0.278363332204107,0.175,0.317,0.642420934236569,"6","Nagk"
2.98246360245929e-05,0.257591234465407,0.23,0.402,0.662017445837888,"6","Ptar1"
3.09124055792934e-05,0.523519645089873,0.657,0.801,0.686162666643576,"6","Sash3"
3.15852428647061e-05,0.262842930252762,0.195,0.345,0.701097635867881,"6","Gatb"
3.38549313433335e-05,0.957412273601461,0.432,0.458,0.751477911027973,"6","A930015D03Rik"
3.40218571807849e-05,0.259466938670696,0.328,0.557,0.755183163841883,"6","Taf7"
3.45999654156363e-05,0.334063394739503,0.83,0.951,0.768015432330879,"6","Akap9"
3.48416817425011e-05,0.394761088970783,0.738,0.856,0.773380809638298,"6","Serinc3"
3.51180473765578e-05,0.465501379311667,0.738,0.886,0.779515297617453,"6","Dlg1"
3.6349714979195e-05,1.4862242055182,0.259,0.22,0.806854623393192,"6","Zfp760"
3.64563913122666e-05,0.470364148315318,0.763,0.923,0.809222517958381,"6","Gna13"
3.66551603540147e-05,0.312163551341748,0.879,0.973,0.813634594378064,"6","Wac"
3.6789257307305e-05,0.438829920220501,0.8,0.909,0.816611144450249,"6","Rlf"
3.68131035440845e-05,0.599649626788486,0.637,0.765,0.817140459368045,"6","Plekha5"
3.7757584799168e-05,1.42040168645358,0.294,0.265,0.838105109787131,"6","Aamdc"
3.83616376235235e-05,0.684616394403123,0.602,0.722,0.851513270329351,"6","Bicdl1"
3.9301562441965e-05,0.355497299732774,0.802,0.939,0.872376781524298,"6","Vps4b"
4.04190002195423e-05,0.307175590284977,0.837,0.955,0.89718054787318,"6","mt-Atp8"
4.16424303680761e-05,0.5930487749907,0.644,0.774,0.924337026880185,"6","Mbtd1"
4.3112154084758e-05,0.303248003678211,0.16,0.292,0.956960484219373,"6","Atxn1l"
4.48017381689236e-05,0.489456026667899,0.795,0.872,0.994464182135597,"6","S100a11"
4.50565868995627e-05,0.25803244009737,0.921,0.985,1,"6","Nktr"
4.5329161650361e-05,0.6939079276577,0.583,0.696,1,"6","3830406C13Rik"
4.59888633125934e-05,1.03244948900892,0.437,0.459,1,"6","Fbxo17"
4.64211321172247e-05,0.818040878116365,0.499,0.576,1,"6","Zfp217"
4.71801587230431e-05,0.284105309780617,0.17,0.303,1,"6","Ift88"
4.76430104855873e-05,0.53566246266231,0.654,0.79,1,"6","B4galnt1"
4.89825439345981e-05,0.518601910655988,0.674,0.773,1,"6","Adam19"
5.04187114916729e-05,0.470962978332936,0.741,0.887,1,"6","Ralgapa1"
5.31992863207581e-05,1.14676802526012,0.348,0.336,1,"6","Tmem87b"
5.49011612632211e-05,0.876369190084548,0.523,0.597,1,"6","Hipk2"
5.54287738076499e-05,0.886357963901606,0.494,0.565,1,"6","Synj1"
5.66422197401983e-05,0.915753537081677,0.494,0.549,1,"6","Cdk19"
5.69836374221454e-05,1.01293864411738,0.422,0.441,1,"6","Kat6b"
5.87018426854921e-05,1.01117719483333,0.459,0.491,1,"6","Lrrc28"
6.12628887324026e-05,1.05678093564674,0.378,0.378,1,"6","Cpeb4"
6.26133168300583e-05,1.19442148140866,0.368,0.365,1,"6","Kif13b"
6.33467479784911e-05,0.258834612649401,0.156,0.28,1,"6","Pde6d"
6.34483645920301e-05,0.659861631433717,0.568,0.67,1,"6","Txlng"
6.35053241406612e-05,0.259075170275314,0.146,0.267,1,"6","Fam219b"
6.43231040530585e-05,1.12091193898376,0.393,0.396,1,"6","Card6"
6.43795689322694e-05,0.261495659277848,0.168,0.302,1,"6","Sec61a2"
6.69382145636651e-05,0.412579082833628,0.81,0.919,1,"6","H2-Q7"
6.84972854992899e-05,0.252773338475795,0.321,0.555,1,"6","Inip"
7.3037390318022e-05,0.315499990833731,0.254,0.427,1,"6","Fbxo34"
7.54633383826903e-05,0.299884179730617,0.153,0.278,1,"6","Gm20234"
7.62008842379348e-05,0.353223089071501,0.222,0.387,1,"6","Pex19"
8.14834176098729e-05,0.951913938871852,0.528,0.624,1,"6","Dapp1"
8.36853165183392e-05,0.305716085972406,0.198,0.348,1,"6","Klhdc3"
8.60983546807281e-05,0.417927193045959,0.726,0.877,1,"6","Ubr4"
8.89157110587054e-05,1.20378952171846,0.299,0.268,1,"6","Tmsb15b1"
9.03678756343955e-05,0.419100859019742,0.679,0.818,1,"6","B3gnt2"
9.23419875373121e-05,0.360276740994786,0.79,0.928,1,"6","Tbl1xr1"
9.26735575612998e-05,0.835208218389001,0.484,0.566,1,"6","Tbc1d22b"
9.33303987329191e-05,0.283325887934026,0.222,0.383,1,"6","Plekhb2"
9.35190092894327e-05,0.901002125235734,0.469,0.527,1,"6","Tbc1d22a"
9.67035047380187e-05,0.415500804579541,0.753,0.909,1,"6","Cnot2"
9.6886666654511e-05,0.737935132065727,0.647,0.69,1,"6","Setbp1"
9.93367826633543e-05,0.328032132114769,0.252,0.426,1,"6","Rab11fip2"
0.000100192745090429,0.337177749121793,0.79,0.902,1,"6","Sp3"
0.000100819089042179,0.812723132607963,0.499,0.576,1,"6","Rbm43"
0.000102625036475335,0.449615643574129,0.723,0.85,1,"6","Dyrk1a"
0.000104130819249494,1.15358229953102,0.373,0.38,1,"6","Zfp1"
0.00010672249851242,0.80630702600668,0.501,0.602,1,"6","Nfrkb"
0.0001116515759685,0.709914656375535,0.575,0.693,1,"6","Shprh"
0.000112111180881273,0.916215704878569,0.452,0.479,1,"6","Cdyl2"
0.000113666177266855,1.08928799683656,0.412,0.432,1,"6","Baz2b"
0.000114719054926784,0.815923622341569,0.521,0.609,1,"6","Pml"
0.000115850303970011,0.302032629970406,0.859,0.965,1,"6","Ccdc12"
0.000116658417361492,0.523012997832202,0.684,0.846,1,"6","Tacc1"
0.000119559424424715,1.19545680494265,0.343,0.339,1,"6","Zfp141"
0.000120776999906087,0.260845468199632,0.906,0.976,1,"6","Cntrl"
0.000120999185044592,0.410432425400673,0.2,0.349,1,"6","Slc16a2"
0.000124199150876286,0.395207659902372,0.432,0.699,1,"6","Setdb1"
0.000124516887418972,0.372134645247236,0.748,0.905,1,"6","Chtop"
0.000126122103532385,0.557679385513471,0.625,0.755,1,"6","Mplkip"
0.000133079540205291,0.257309878209703,0.21,0.357,1,"6","Mbd4"
0.000133617259358601,0.378890643228304,0.733,0.879,1,"6","Cmc1"
0.00013543978668818,1.16462118134276,0.351,0.347,1,"6","Plcb2"
0.000137608196544469,0.252096777437725,0.148,0.266,1,"6","Snapc4"
0.000141178872373732,0.515222678320246,0.6,0.724,1,"6","Atp6v1h"
0.000141475619446385,0.273325800011043,0.16,0.28,1,"6","Dkkl1"
0.000142441155053525,0.28718074293613,0.185,0.321,1,"6","Atp11a"
0.000143840162972045,0.317383868894365,0.938,0.997,1,"6","Cdk6"
0.00014446746050989,0.548143644600919,0.605,0.75,1,"6","Efcab14"
0.000145162754307406,0.99203691178642,0.462,0.532,1,"6","Gpatch2"
0.000145996137495055,0.459414781649,0.143,0.258,1,"6","Zc3h10"
0.000150952592339484,0.357353927661463,0.237,0.404,1,"6","Unk"
0.000157747953555007,0.708274043281629,0.565,0.695,1,"6","Zyg11b"
0.000158676523849251,0.313270644108543,0.262,0.441,1,"6","Cic"
0.000159170734358653,0.922360169277549,0.469,0.547,1,"6","Ccs"
0.000161019121993285,0.46726078811733,0.669,0.842,1,"6","Usp47"
0.000161769060732186,0.479683345193643,0.701,0.85,1,"6","Slc10a7"
0.000167641761015342,0.914504693846629,0.459,0.506,1,"6","Plcxd2"
0.000168981261080407,0.379407727207251,0.77,0.92,1,"6","Chic2"
0.00016999138593579,0.325720209624599,0.17,0.296,1,"6","Prr12"
0.000173379197305302,0.344131109837743,0.805,0.918,1,"6","Chd7"
0.000173450775991846,0.263883866195401,0.309,0.519,1,"6","Fbxo9"
0.000176280271842773,0.909050150572365,0.4,0.414,1,"6","Tmem241"
0.000176640147767587,0.5451194713434,0.659,0.796,1,"6","Ube4a"
0.000182724673171133,0.561200677922073,0.615,0.706,1,"6","Nlrc3"
0.000184126388582155,1.10997867171797,0.365,0.366,1,"6","Manba"
0.000185701261007762,0.405735202765175,0.696,0.848,1,"6","Tmx3"
0.000193177617727381,0.285929867798768,0.183,0.312,1,"6","Mfsd11"
0.000193740001692527,0.45776234648286,0.704,0.864,1,"6","Htt"
0.000194395319764379,0.539990165640682,0.654,0.8,1,"6","Gcc2"
0.000199961473230249,0.625223067186054,0.622,0.773,1,"6","Washc2"
0.000204829906977375,0.273406396373179,0.198,0.336,1,"6","Tollip"
0.000205766311320076,0.514256060357234,0.622,0.748,1,"6","Dguok"
0.000208093808397414,0.306918715993987,0.242,0.393,1,"6","Atp2b4"
0.000208709300980431,0.386902100799595,0.746,0.877,1,"6","Numa1"
0.000210697847231497,0.616394103514412,0.657,0.828,1,"6","Zzef1"
0.000217677748289766,1.32239285864839,0.358,0.352,1,"6","Bbc3"
0.000226830363095815,0.315924596267434,0.205,0.349,1,"6","Snupn"
0.000232348089669621,0.298110812695408,0.217,0.367,1,"6","Esrra"
0.000233061443660793,0.928165344476287,0.437,0.486,1,"6","Mob2"
0.000241432845071993,0.895779016248256,0.402,0.428,1,"6","Gvin2"
0.000241588783779422,0.346293803090595,0.812,0.941,1,"6","Gimap1"
0.000246186614817863,0.335678879522343,0.17,0.294,1,"6","Gm36220"
0.000252096824291223,0.321325025751587,0.175,0.299,1,"6","Tsacc"
0.000253560933239576,0.262043401365539,0.153,0.27,1,"6","Alkbh6"
0.000262343073329067,0.49846465068741,0.644,0.818,1,"6","Rab3gap1"
0.000265689149815474,0.368470847451455,0.77,0.882,1,"6","Pim2"
0.00027805770687728,1.23745494077543,0.348,0.328,1,"6","Gm17767"
0.000294745059353064,1.12616536856209,0.363,0.37,1,"6","Zfp950"
0.000294859986696661,0.340272437568324,0.244,0.402,1,"6","Cnst"
0.000294913562830121,0.532989407854496,0.605,0.754,1,"6","Ccnt2"
0.000300205910582166,0.949199440468853,0.437,0.48,1,"6","Icam1"
0.000305782262452876,0.275624859811906,0.237,0.403,1,"6","Kat8"
0.000306756927082856,0.379958287996903,0.731,0.875,1,"6","Dgkz"
0.000307061230807393,0.398207369425779,0.765,0.9,1,"6","Cd164"
0.000315125263968723,0.46523137959972,0.733,0.88,1,"6","Setd2"
0.000320814273938066,0.36109726693282,0.212,0.363,1,"6","Tmem126b"
0.000321504355693523,0.276935684275962,0.267,0.451,1,"6","Usf1"
0.0003255840312936,0.72658996293149,0.56,0.686,1,"6","Slc25a12"
0.000326454982662362,0.335150974913675,0.153,0.266,1,"6","Katnb1"
0.000326758259360839,0.909319636598699,0.442,0.479,1,"6","Smad3"
0.000331258341742814,0.347673297514224,0.212,0.364,1,"6","Dcakd"
0.000334463407186361,0.394319409085656,0.237,0.385,1,"6","E130307A14Rik"
0.000340613369201612,0.325171490101594,0.24,0.406,1,"6","Serhl"
0.000351267135980873,1.34519059929564,0.254,0.221,1,"6","5430405H02Rik"
0.000351525680887489,0.259390715516491,0.311,0.515,1,"6","Qtrt1"
0.000352500705481907,0.324584020189337,0.864,0.958,1,"6","Stag2"
0.000354286143489028,0.351789087441952,0.178,0.305,1,"6","Strip1"
0.000355960970173298,0.327291470545521,0.151,0.26,1,"6","Rft1"
0.000370943115801895,0.317119904001315,0.185,0.313,1,"6","Decr1"
0.000370958557646965,0.360160829449215,0.76,0.906,1,"6","Scfd1"
0.000372666057786034,0.344929492256359,0.721,0.87,1,"6","Snx4"
0.000377171987542244,1.15271621162212,0.328,0.327,1,"6","Fbxl12"
0.000378856017431446,0.620652026023365,0.602,0.74,1,"6","Wrn"
0.000393050598462369,0.689072627102232,0.56,0.687,1,"6","Gmip"
0.000401122443310843,0.329048556322161,0.207,0.352,1,"6","Xab2"
0.000401306720427446,1.18290588062471,0.314,0.305,1,"6","Pxmp4"
0.000415687690690554,0.544154458850667,0.595,0.736,1,"6","Ino80d"
0.000420910604439401,1.0973939255015,0.385,0.406,1,"6","Zfp182"
0.000422988444732916,0.356560904029069,0.146,0.252,1,"6","Tfcp2"
0.000427207962830909,0.35683519435795,0.16,0.275,1,"6","B3gntl1"
0.0004307198800272,0.296354845384403,0.765,0.915,1,"6","Erap1"
0.000442385452443801,0.30226044566058,0.301,0.493,1,"6","Ncoa5"
0.000446670619267182,0.452406625960664,0.662,0.823,1,"6","Upf2"
0.000449757110985389,0.25876779761406,0.23,0.382,1,"6","Csrnp1"
0.000488517056239069,0.73742159444358,0.514,0.618,1,"6","Acot9"
0.000497213196748113,0.256233854120131,0.242,0.399,1,"6","Zfp414"
0.000498303176591633,0.254356621870007,0.891,0.98,1,"6","Rsrc2"
0.000505682128650486,1.1064859889966,0.319,0.301,1,"6","Heg1"
0.000508436634927599,0.697544471156508,0.654,0.795,1,"6","Samsn1"
0.000511177344029144,0.363970289028955,0.198,0.335,1,"6","Rxrb"
0.00051353171957856,0.268017924754761,0.832,0.959,1,"6","Tmod3"
0.000517631866119341,0.392499699711228,0.19,0.319,1,"6","Rbms2"
0.000519245105728423,0.452380495196583,0.24,0.402,1,"6","Tmem184b"
0.000522606540163594,0.752357272029335,0.533,0.626,1,"6","Trappc9"
0.000523819257266188,0.30105014086209,0.81,0.941,1,"6","Rngtt"
0.000524163713017339,0.282885267690296,0.388,0.628,1,"6","Dcaf7"
0.000529707715228445,0.503045968564997,0.602,0.762,1,"6","Fam32a"
0.000533855525261797,0.354379897164496,0.215,0.358,1,"6","Atg4d"
0.000535000074742662,0.725268078538014,0.316,0.479,1,"6","Maml3"
0.000535235731648132,0.734581910701938,0.481,0.559,1,"6","Anxa11"
0.000554756316201272,0.264257929096259,0.22,0.364,1,"6","Prr3"
0.000558970783775415,0.331365944702456,0.254,0.423,1,"6","Srd5a3"
0.000562019580571077,0.300629949192936,0.227,0.378,1,"6","Tmed4"
0.000568742353489639,1.25617215198051,0.299,0.284,1,"6","Neat1"
0.00056996126192579,0.424051050791095,0.2,0.331,1,"6","Nmnat3"
0.000570100975597432,0.742982662111272,0.477,0.556,1,"6","Atp2a3"
0.000587108297751608,0.290914671391076,0.77,0.921,1,"6","Glyr1"
0.000604722944859815,0.381365044849322,0.286,0.471,1,"6","Ccdc186"
0.000615657741343822,0.330898487621794,0.257,0.419,1,"6","Hace1"
0.000617366640677599,0.478552101260926,0.652,0.813,1,"6","Slc44a2"
0.000619997958748178,0.438505886808208,0.716,0.871,1,"6","Tlk2"
0.000631248806494447,0.441611137559288,0.178,0.29,1,"6","Ell2"
0.000642063696621047,0.250086957383467,0.343,0.569,1,"6","Rabepk"
0.000648986959060579,0.459789178686379,0.652,0.774,1,"6","Pcf11"
0.000649449506739469,0.30487213564771,0.259,0.417,1,"6","Klhl5"
0.000652267491478931,0.286530907251266,0.827,0.946,1,"6","Nt5c"
0.000663026588038377,0.285731299945845,0.264,0.433,1,"6","Stam"
0.00067445935606433,0.339531948242701,0.736,0.874,1,"6","Tmf1"
0.000676554363965033,1.08649982746622,0.331,0.327,1,"6","Ppm1k"
0.000680436212365979,0.855011305760543,0.444,0.508,1,"6","Capn1"
0.000685904007713979,0.376666012492461,0.198,0.329,1,"6","Stk25"
0.000689644629180744,0.985709232773662,0.39,0.424,1,"6","Mpp1"
0.000702495512841226,0.610742158715642,0.568,0.687,1,"6","Phyh"
0.000706502953415448,0.491584065220244,0.151,0.258,1,"6","Tti2"
0.000719358115354284,0.580357512775571,0.595,0.704,1,"6","Rnf19b"
0.000748483048022014,0.433616144805416,0.721,0.882,1,"6","Max"
0.000755529458768801,0.504071439725862,0.807,0.936,1,"6","Otulin"
0.000756641206367696,0.329213374504692,0.227,0.378,1,"6","Nit1"
0.000757018962792898,0.601307174852539,0.575,0.713,1,"6","Usp38"
0.000765619211675583,0.31614315760369,0.264,0.436,1,"6","Sbno2"
0.000811490682997001,0.421891552725067,0.207,0.343,1,"6","Tmem42"
0.000817240533016935,0.43731637551245,0.153,0.256,1,"6","Mbd6"
0.000819034604593533,0.43749928721786,0.193,0.317,1,"6","Sumf1"
0.000823233278444275,0.640108206022642,0.511,0.626,1,"6","Use1"
0.000838812362163057,1.13683320923998,0.4,0.446,1,"6","Atg12"
0.000839494093122328,0.307538404697725,0.215,0.353,1,"6","Hars2"
0.000841385400900595,0.310360097249727,0.788,0.926,1,"6","Eif4ebp2"
0.000844523694362191,1.44202269138068,0.291,0.262,1,"6","Cd80"
0.000849905514761107,0.417440507490516,0.23,0.372,1,"6","Fez2"
0.000852863140555214,1.23640151016007,0.375,0.395,1,"6","Lpin1"
0.000856895615057882,0.334552621655924,0.148,0.252,1,"6","Pick1"
0.000857561272531578,0.317354459841656,0.272,0.436,1,"6","Xpnpep3"
0.000861411454992357,0.423745929214452,0.684,0.855,1,"6","Trappc8"
0.000882735796901095,0.253561279730483,0.849,0.958,1,"6","Arid1a"
0.00089484409513636,0.682702021337394,0.588,0.747,1,"6","Galk2"
0.000923489240121272,0.342017781379015,0.306,0.473,1,"6","Itih5"
0.000924097282249729,0.425995854152618,0.664,0.823,1,"6","Orc4"
0.000932930277956432,0.269251503539349,0.193,0.316,1,"6","Ndufaf5"
0.000937189038708509,0.407526440352514,0.212,0.349,1,"6","Rnf41"
0.000938689612856365,0.330817636302577,0.748,0.893,1,"6","Zfp280d"
0.000940436134818592,1.02738989245975,0.346,0.342,1,"6","Plxnc1"
0.000943211795984964,1.06482773396544,0.365,0.388,1,"6","Rab5b"
0.000958109805759548,0.434803711242825,0.721,0.889,1,"6","Ubn1"
0.000964240826719182,0.26955345477535,0.296,0.477,1,"6","Gprasp1"
0.000964978779319503,1.0847390861465,0.353,0.363,1,"6","Iqsec1"
0.000994105731411162,0.294919171116545,0.277,0.449,1,"6","Tafazzin"
0.000998737702596167,0.317848191433717,0.272,0.442,1,"6","Pias4"
0.00101197543347942,1.06455721375785,0.353,0.363,1,"6","Ano10"
0.00102025222133152,0.923201825571589,0.395,0.435,1,"6","Acot13"
0.00103489468933474,1.25405094104245,0.309,0.296,1,"6","Traf5"
0.001046816867354,0.7425931610764,0.546,0.685,1,"6","Zmym2"
0.001059998513008,0.67402868207919,0.526,0.632,1,"6","Wasl"
0.00107981905240021,0.251476408044744,0.254,0.421,1,"6","Pip4k2c"
0.00108322936369311,0.379401285721382,0.225,0.369,1,"6","Pip5k1c"
0.00109828441650582,0.590270221058651,0.615,0.755,1,"6","Nrip1"
0.00110424017035797,0.311452629311344,0.746,0.886,1,"6","Nherf1"
0.00114374260032886,0.30344380937565,0.156,0.256,1,"6","Bmpr1a"
0.00114788269577094,0.695090827956755,0.531,0.667,1,"6","Vps13d"
0.00115494959980736,1.11230699234017,0.341,0.349,1,"6","Xpc"
0.00117435186529277,0.288299906934705,0.254,0.41,1,"6","Tada3"
0.00120370085722892,0.28392870542126,0.314,0.506,1,"6","Pex2"
0.00120769561158159,0.431212726453081,0.165,0.274,1,"6","Chkb"
0.0012193202170979,0.521271632497062,0.595,0.748,1,"6","Ctsb"
0.00121940331944446,0.275813425909319,0.38,0.602,1,"6","Mipol1"
0.00122878614081892,0.286012817531736,0.23,0.372,1,"6","Cstf2t"
0.00122960230883294,0.348048394800092,0.788,0.939,1,"6","Ap3b1"
0.00125639972404633,0.385820461815814,0.294,0.474,1,"6","Patz1"
0.00125765320337198,0.252486822899598,0.225,0.361,1,"6","Banp"
0.00127522479559282,1.19527430422479,0.264,0.236,1,"6","Gm16341"
0.00127909922217324,0.254139533050379,0.314,0.496,1,"6","Prkd3"
0.00129299552037228,0.382512783377087,0.267,0.429,1,"6","Zfp934"
0.00132359563343481,0.862963183211952,0.452,0.526,1,"6","Pcsk7"
0.0013532105187598,1.42311994037931,0.284,0.274,1,"6","Akr1b10"
0.00140432096287607,0.2911076175238,0.227,0.372,1,"6","Nsun3"
0.00142660884710988,1.08367741707225,0.407,0.463,1,"6","Tbcel"
0.00143538445925242,0.538821847523807,0.736,0.894,1,"6","Npepps"
0.00144190167226194,1.26554326982314,0.306,0.304,1,"6","Fhip1b"
0.00144621338158651,0.310968969713339,0.153,0.252,1,"6","Als2"
0.00145990257288973,0.314170935100529,0.783,0.932,1,"6","Itch"
0.0014613518670181,0.54276965311495,0.311,0.503,1,"6","Nek1"
0.00147782623185715,0.289573228021868,0.2,0.321,1,"6","Ndor1"
0.00149047590485666,0.300521326948488,0.269,0.44,1,"6","Coq9"
0.00149304931306251,0.408263615874318,0.723,0.879,1,"6","Rcor1"
0.00151796649405877,0.32519098593896,0.277,0.446,1,"6","Vipas39"
0.0015332527468388,0.360736688655336,0.16,0.264,1,"6","Gm20732"
0.0015359807940888,0.381902469759991,0.711,0.867,1,"6","Irag2"
0.00154067623852657,0.380604633723172,0.699,0.857,1,"6","Dido1"
0.00154123781691562,0.587658172541304,0.207,0.334,1,"6","Btrc"
0.00154444532738991,0.401808064602866,0.716,0.864,1,"6","Med13"
0.00155214547576766,0.897171884700934,0.442,0.52,1,"6","Slc35b3"
0.00159788745340466,1.31508558260898,0.338,0.338,1,"6","Gtdc1"
0.00159921327301067,0.380061782146221,0.686,0.85,1,"6","Wtap"
0.00160148931546052,0.261266511270261,0.916,0.987,1,"6","Pdcd6ip"
0.00160823977008989,1.06239923790586,0.38,0.406,1,"6","Afg1l"
0.0016362496195158,0.93833900405375,0.427,0.488,1,"6","Retreg3"
0.00164002167274302,0.314679915235552,0.193,0.31,1,"6","Ocrl"
0.00165185265956722,0.627612865448695,0.56,0.683,1,"6","Znrf1"
0.00165351194514801,0.527525048062322,0.647,0.793,1,"6","Prkdc"
0.00166280922989372,0.343515663908156,0.207,0.338,1,"6","Hif1an"
0.00166989907240221,0.393702826281583,0.185,0.301,1,"6","Rusc1"
0.00169853677639625,0.310079185216129,0.249,0.401,1,"6","Lclat1"
0.00170278398672072,0.561981276506452,0.59,0.75,1,"6","Tpst2"
0.00170761428198711,1.23096678034961,0.314,0.318,1,"6","3110056K07Rik"
0.00171793182136647,0.313696747329349,0.294,0.473,1,"6","Rrm2b"
0.00176013222433835,0.308592868129144,0.765,0.918,1,"6","Riok3"
0.00180745587837878,0.63958450099977,0.58,0.716,1,"6","Mosmo"
0.00181613672162529,0.290486289294277,0.311,0.495,1,"6","Cbfa2t2"
0.00182846323577822,0.867567534163814,0.457,0.54,1,"6","Dennd6a"
0.00183204825717736,0.685911656940247,0.526,0.629,1,"6","Sik2"
0.00183534731886952,0.804073431184951,0.464,0.555,1,"6","Phf8"
0.00185673216965873,0.295537988715819,0.272,0.428,1,"6","Stimate"
0.00189559654786557,0.868513311770725,0.516,0.631,1,"6","Wdr37"
0.00190960629882642,0.375682633185425,0.205,0.329,1,"6","Zfp808"
0.00192920989831722,0.344527622180447,0.23,0.373,1,"6","Cgrrf1"
0.00195276393836126,0.443419970939981,0.711,0.83,1,"6","Zswim6"
0.00195674504274236,0.291361516124926,0.264,0.423,1,"6","Ermp1"
0.00196398829822598,0.442080755059958,0.198,0.32,1,"6","Slc35a2"
0.00200822326522432,0.300439788772569,0.267,0.426,1,"6","Zbtb41"
0.00203150865942397,0.323888627013467,0.195,0.317,1,"6","Hps4"
0.00204231426110572,0.717561484416327,0.447,0.52,1,"6","Vrk3"
0.00205678337779352,0.454425241906707,0.173,0.281,1,"6","Pbx2"
0.00205722347704481,0.467036148572636,0.227,0.368,1,"6","Hibch"
0.00208504458711207,0.436637009511937,0.225,0.348,1,"6","Arhgap5"
0.00208933334474379,0.313426815165241,0.257,0.41,1,"6","Cep63"
0.00209890457299631,0.267589277776026,0.198,0.316,1,"6","Ighmbp2"
0.00210770326059277,0.414500986609836,0.188,0.296,1,"6","Inka2"
0.00212811403385129,0.383377624415657,0.62,0.76,1,"6","Ift20"
0.00213242010822533,0.318440818595779,0.244,0.393,1,"6","Sav1"
0.00213495504622445,0.281593018759158,0.274,0.436,1,"6","Bad"
0.00215220287646252,0.256593997549249,0.235,0.374,1,"6","Med25"
0.002164929168355,0.288112084510945,0.286,0.455,1,"6","Gin1"
0.00219788304729862,0.310487936151411,0.195,0.315,1,"6","Zfp444"
0.00220851145095874,0.311640530541921,0.281,0.448,1,"6","Lemd3"
0.00223945065260981,0.374262193340488,0.879,0.963,1,"6","Zfas1"
0.00225927867780404,0.340951357846216,0.193,0.309,1,"6","Golm1"
0.00226398670100747,0.701945718659924,0.504,0.628,1,"6","Togaram1"
0.00226634608049314,0.875588318346461,0.395,0.429,1,"6","Gtpbp2"
0.00227273356506274,0.316958222581873,0.23,0.369,1,"6","Ormdl1"
0.00227394861141992,0.311923302400231,0.262,0.415,1,"6","Rpusd4"
0.00228366345072287,0.414709876731112,0.684,0.855,1,"6","Gak"
0.00228938344036467,0.393887099631159,0.188,0.3,1,"6","Nrde2"
0.00229383721697976,0.766400690536117,0.519,0.638,1,"6","Atxn7l1"
0.00230015558051538,0.30474949398727,0.23,0.367,1,"6","Adcy3"
0.00231082047003858,0.389108311631385,0.173,0.271,1,"6","Tiam1"
0.00231875932297197,0.602930435967201,0.565,0.711,1,"6","Zbtb1"
0.00232104895892881,1.18450707335236,0.333,0.34,1,"6","Unc93b1"
0.00239558653700185,0.863043748925205,0.415,0.462,1,"6","4632427E13Rik"
0.00241766430313767,0.402153132189708,0.225,0.359,1,"6","Pigl"
0.00244875239192533,1.04192852517037,0.316,0.319,1,"6","Tmem181a"
0.00246622883271041,0.323721227679855,0.746,0.876,1,"6","Mctp2"
0.00250286682177088,0.397440240133832,0.156,0.254,1,"6","Smad5"
0.00252168566504455,0.305086120719272,0.716,0.886,1,"6","Brd1"
0.00252664771007725,0.834713007311011,0.575,0.703,1,"6","Focad"
0.00253205992723502,0.570250173582054,0.602,0.765,1,"6","Ube4b"
0.00259261268397963,1.21848602229492,0.346,0.341,1,"6","Runx1"
0.00270620423489539,0.291416655637424,0.188,0.299,1,"6","Tulp3"
0.00271297196854523,0.252850583443359,0.277,0.431,1,"6","Zfp518a"
0.00273412611383715,0.34189322603389,0.343,0.493,1,"6","Lilrb4b"
0.00274456661893463,0.290438122586904,0.193,0.302,1,"6","Cryl1"
0.00274971165564232,0.325517201307351,0.741,0.905,1,"6","Galnt7"
0.00275567450769548,0.469731556980265,0.175,0.283,1,"6","Ctdsp1"
0.00277393515120996,0.522188179977066,0.563,0.704,1,"6","Ube2d1"
0.00280121703953342,0.454855339998259,0.153,0.25,1,"6","Ppp1r37"
0.00283834706009059,0.81971649422831,0.484,0.59,1,"6","Trim26"
0.00284085589667042,0.603082344178375,0.588,0.746,1,"6","Map2k5"
0.00284297625495608,0.418561906094245,0.257,0.411,1,"6","Zadh2"
0.00285136717325882,0.357619603614363,0.158,0.256,1,"6","Tcirg1"
0.00285542702038588,0.687698559760997,0.467,0.521,1,"6","Gm2a"
0.00293264523784781,0.334057807528989,0.198,0.317,1,"6","Abhd13"
0.00296277232882855,0.338582945501627,0.2,0.314,1,"6","Pex1"
0.00296434837883245,0.284282345147144,0.18,0.29,1,"6","Phka2"
0.00296896589642917,1.11531093877233,0.306,0.307,1,"6","Nat2"
0.00298173120943512,0.259676619786641,0.388,0.603,1,"6","Abl2"
0.00299909233844291,1.03062895460682,0.351,0.374,1,"6","Asb13"
0.00303144890125766,0.773893528219389,0.489,0.568,1,"6","Oxr1"
0.00308075239661932,1.24165740639226,0.289,0.285,1,"6","Bach1"
0.00309242850735028,0.292032173708663,0.309,0.48,1,"6","Plekhf2"
0.00312655609785869,0.262560692396449,0.36,0.58,1,"6","Scyl2"
0.00316728138136583,0.342124135108255,0.225,0.356,1,"6","Phospho2"
0.00318137707247389,0.318426772274171,0.289,0.461,1,"6","Acads"
0.00318656700759233,0.817576343777922,0.425,0.478,1,"6","Fbrs"
0.00321035842135257,0.384226232839711,0.662,0.86,1,"6","Mtarc2"
0.00321834394433982,0.425762518615095,0.269,0.422,1,"6","Taf4b"
0.00322653408759823,0.514533332324116,0.627,0.808,1,"6","Tgoln1"
0.00323072102788684,0.733318135089305,0.516,0.632,1,"6","Vgll4"
0.00323308570583124,0.431701796928516,0.22,0.35,1,"6","Epm2aip1"
0.00324950837161714,0.360651993534357,0.795,0.935,1,"6","Pten"
0.00331155614736952,0.978521261787739,0.375,0.408,1,"6","Fbxo8"
0.00333239286143698,0.733148794528801,0.459,0.54,1,"6","Pts"
0.0033363399597067,0.368138000970558,0.731,0.883,1,"6","Pstpip1"
0.00334397350606419,0.435133368918533,0.178,0.287,1,"6","Zfp748"
0.00337575470398094,0.28048830740687,0.923,0.991,1,"6","Runx3"
0.00338088977083744,0.52538910736721,0.257,0.398,1,"6","Magi3"
0.0034208863301788,0.613329759504537,0.61,0.791,1,"6","Tmem131"
0.00342503903587913,0.338059742092273,0.286,0.457,1,"6","Vopp1"
0.0034514357348103,0.557827876722745,0.158,0.255,1,"6","Pot1b"
0.0034533792381591,0.293778504618859,0.212,0.336,1,"6","Gstp1"
0.00346998015928672,0.285054131114907,0.22,0.351,1,"6","Dnpep"
0.00350524044989076,1.01707920747231,0.375,0.406,1,"6","Stx5a"
0.00350890562165589,0.565484059761945,0.869,0.96,1,"6","S100a6"
0.00351590900392475,0.525760546380063,0.61,0.77,1,"6","Ripk1"
0.00353499144390105,0.948750967498025,0.348,0.372,1,"6","Sft2d2"
0.00355624574936004,0.385044225868521,0.173,0.276,1,"6","Adam9"
0.00363649708688941,0.542016351975754,0.165,0.26,1,"6","Tsc22d1"
0.00363855528858685,0.272485279382955,0.281,0.448,1,"6","Med20"
0.00364053520142738,0.304985028274391,0.277,0.436,1,"6","Slc35a1"
0.00364579449800405,0.760181311774367,0.452,0.539,1,"6","Mtmr12"
0.0037455113140697,0.469976912088894,0.649,0.837,1,"6","Esco1"
0.00383180880060948,0.479242749433894,0.205,0.328,1,"6","Stard3"
0.00384137880445595,1.09396097489572,0.358,0.389,1,"6","Zfyve26"
0.00389648134365347,0.789256833586711,0.454,0.532,1,"6","Ppt1"
0.00393146917377317,0.301388346124645,0.294,0.462,1,"6","Trit1"
0.00406810720660163,0.280678290545142,0.178,0.278,1,"6","Adnp2"
0.00408368872350214,1.04678259605229,0.333,0.35,1,"6","Ppp1r9b"
0.00409245011001833,0.3292909218431,0.301,0.475,1,"6","BC002059"
0.00409906820273208,0.253491812267291,0.348,0.552,1,"6","Rab10os"
0.00410790000520194,0.256541529832051,0.938,0.982,1,"6","Smc6"
0.00410933548203502,0.410640850694878,0.706,0.869,1,"6","Cdkal1"
0.00411739687930188,0.429083913063049,0.185,0.293,1,"6","Nsun6"
0.00412895410832074,0.415070882899965,0.654,0.823,1,"6","Mob3a"
0.00415676607656682,0.3758558329524,0.188,0.297,1,"6","B130055M24Rik"
0.00420751699523741,0.369816419751843,0.185,0.294,1,"6","Stx2"
0.00421767130727579,0.331831809166552,0.363,0.535,1,"6","Tpk1"
0.00422813947773531,0.523242931015232,0.291,0.452,1,"6","Fam241a"
0.00425807439628605,0.492225886370138,0.188,0.299,1,"6","Jak3"
0.00429135606058394,0.609128220631746,0.57,0.742,1,"6","Cdc37l1"
0.00432008119243834,0.358047541878373,0.215,0.342,1,"6","Uck1"
0.00439229766705359,0.26989013945877,0.289,0.45,1,"6","Prkaa1"
0.00440664768650421,0.773880691701809,0.548,0.691,1,"6","Fuca1"
0.00443308321837879,0.352658361027159,0.765,0.909,1,"6","Vps13b"
0.00446240182121418,0.260731617217965,0.296,0.465,1,"6","Fibp"
0.0044846366441781,1.04841746197235,0.393,0.45,1,"6","Ing4"
0.0045327758853832,0.35488013135887,0.323,0.497,1,"6","Slc30a4"
0.00456028340583056,0.333925979136822,0.691,0.799,1,"6","Vav3"
0.00460777840147973,0.478144610388162,0.183,0.291,1,"6","Tmem167b"
0.00460858621654726,0.254797643205429,0.39,0.604,1,"6","Abhd12"
0.00462528886920704,0.317515442139633,0.19,0.299,1,"6","Vps52"
0.00488537660952628,0.357207892964406,0.17,0.264,1,"6","Vcl"
0.00491554197099931,0.427427426588427,0.615,0.771,1,"6","Slu7"
0.00494350596525561,1.2256576595576,0.277,0.267,1,"6","Ctdsp2"
0.00513599578326925,0.999473463260297,0.37,0.408,1,"6","Zfp260"
0.00516590320936176,0.807243083101653,0.464,0.572,1,"6","Zmym5"
0.00519452100639327,0.670756595222784,0.499,0.615,1,"6","Nek9"
0.00522911122843887,0.330531687298801,0.353,0.543,1,"6","Kif16b"
0.00523335980764585,0.260599724258644,0.321,0.514,1,"6","Tor1b"
0.00528179585997684,0.297211871456377,0.773,0.936,1,"6","Adam10"
0.00531513918101445,0.315087835387319,0.407,0.603,1,"6","Gng12"
0.00533111381228993,0.398438050648326,0.679,0.816,1,"6","Tbc1d5"
0.00536813544102456,0.98040490486341,0.358,0.387,1,"6","Tnfaip8l2"
0.00536892053973524,0.73152473672166,0.454,0.534,1,"6","Zfp398"
0.00538478989055243,0.535044023286204,0.625,0.728,1,"6","Cd69"
0.00538945654616825,0.558992449387909,0.565,0.716,1,"6","Ddhd2"
0.00544438423687217,0.263653361094661,0.202,0.312,1,"6","Rab11fip1"
0.0054995129010984,0.312708260690291,0.17,0.267,1,"6","Fastkd1"
0.00551528512139169,0.359140843635604,0.188,0.296,1,"6","Gtf3c5"
0.00558951998004382,0.360781859335318,0.281,0.432,1,"6","Ksr1"
0.00561896772523784,0.440252325642465,0.679,0.87,1,"6","Ep300"
0.00584099754943588,0.2685882298292,0.765,0.924,1,"6","Cdc40"
0.0058859465744227,0.400854545599339,0.16,0.252,1,"6","Wdr91"
0.00591173434424389,0.466149150757699,0.632,0.802,1,"6","Atf7"
0.00595943697952645,0.729922143861406,0.509,0.646,1,"6","Dcaf12"
0.00599313931563049,0.340479543917201,0.232,0.355,1,"6","Phf7"
0.00599857105982873,0.426114794180266,0.716,0.869,1,"6","Ubl3"
0.00604053962272707,0.307799436799931,0.289,0.456,1,"6","Unkl"
0.00613622632763333,0.292988291286748,0.854,0.966,1,"6","Atp2b1"
0.00624266879942617,1.15424985363984,0.321,0.339,1,"6","Lrig2"
0.00624441279836619,0.489216643497364,0.215,0.333,1,"6","Dnaaf5"
0.00628711232735116,0.310687376176392,0.304,0.475,1,"6","Ncoa4"
0.00633259582068146,0.385978215478009,0.198,0.306,1,"6","Abcd3"
0.00637513139175661,0.313161081104678,0.227,0.351,1,"6","Rmnd1"
0.00642794861139352,0.478101368021032,0.16,0.255,1,"6","Mterf4"
0.00655789279773325,0.377303715029676,0.699,0.875,1,"6","Hdac7"
0.00665429231163591,0.410696724926686,0.232,0.364,1,"6","Vps33b"
0.00666586033828785,0.294371232679487,0.348,0.539,1,"6","Mfsd14b"
0.00666597726847486,0.361673106381669,0.188,0.29,1,"6","Flot2"
0.00669247009475154,0.954086415268834,0.422,0.505,1,"6","Hsdl2"
0.00669718984920564,0.355718881142469,0.173,0.267,1,"6","Chst12"
0.00678423614877385,0.288363242397504,0.259,0.391,1,"6","Ripk2"
0.00679135699724681,1.18383239245808,0.262,0.251,1,"6","4930581F22Rik"
0.00681396899079022,0.336266300055065,0.348,0.515,1,"6","Zfp983"
0.00688768084307804,0.358891640613697,0.237,0.368,1,"6","Kifbp"
0.00693723758560613,0.613288722374663,0.521,0.644,1,"6","Brwd1"
0.00711246158039907,0.438776816016204,0.175,0.272,1,"6","Daam1"
0.00718141323948317,0.650312772702556,0.531,0.651,1,"6","Ano6"
0.00718749412706955,1.14293424810679,0.309,0.318,1,"6","Tom1l2"
0.00720397873455915,0.349138947976321,0.269,0.412,1,"6","Mospd2"
0.00722326074297089,0.801963885840963,0.43,0.495,1,"6","Gramd1a"
0.00730798123707786,0.608314546296937,0.58,0.721,1,"6","Sh3bgrl"
0.00731388049776108,0.604983747333029,0.165,0.257,1,"6","Gypc"
0.00735295466340263,0.261886372997972,0.319,0.489,1,"6","Gpkow"
0.00736324733477032,0.36852408763901,0.696,0.883,1,"6","Map2k4"
0.00737451113680993,0.589515236662369,0.536,0.691,1,"6","Ppil2"
0.0074375723481048,0.27601286783038,0.274,0.426,1,"6","Trp53bp2"
0.00745137680655001,0.925818032733633,0.388,0.439,1,"6","Dram2"
0.00747030788360803,0.41494495006299,0.284,0.447,1,"6","Pef1"
0.00763528348250591,0.411659465512417,0.262,0.406,1,"6","Ap4e1"
0.00764847581992776,0.820931836675886,0.417,0.468,1,"6","Casd1"
0.00780541669381052,0.946267477863206,0.44,0.505,1,"6","Ercc5"
0.00780627336864226,0.343864717544875,0.225,0.345,1,"6","4833403J16Rik"
0.00783420846405504,0.473086254937367,0.286,0.444,1,"6","Golga2"
0.00811401601591806,1.24737963581071,0.299,0.306,1,"6","Siah1a"
0.00818667984789106,0.260226065088169,0.338,0.524,1,"6","Slc25a28"
0.00822899118238174,0.528754161873484,0.598,0.768,1,"6","Itfg1"
0.00829981456869354,0.386917032289123,0.269,0.419,1,"6","Gdi1"
0.00831129706587273,0.652025968298867,0.511,0.655,1,"6","Snapc3"
0.00836965379600673,0.898497080970079,0.385,0.43,1,"6","Il15ra"
0.00838054443835291,0.800997851237823,0.395,0.449,1,"6","Casp2"
0.00840212189872281,0.373852112616479,0.254,0.395,1,"6","Zfp746"
0.00840296883754931,0.433865259359038,0.644,0.824,1,"6","Tor1aip2"
0.00843420352694981,0.583977649511709,0.188,0.289,1,"6","2210408I21Rik"
0.00843973782390653,0.404868107909826,0.259,0.392,1,"6","Mpp7"
0.00846582924181057,0.481893516944973,0.18,0.284,1,"6","Fbxo6"
0.008666610472345,0.396092689434589,0.279,0.44,1,"6","Ubap1"
0.0086829400263792,0.51359995221922,0.237,0.344,1,"6","Rgs1"
0.00876402191679809,0.651319205697969,0.506,0.63,1,"6","Rchy1"
0.00884896562532214,0.438575986386336,0.163,0.251,1,"6","Tmub2"
0.00889322114643858,0.29355026854136,0.341,0.535,1,"6","Cog2"
0.0088947267413799,0.277621109292146,0.343,0.539,1,"6","Eml3"
0.00891796025172391,0.46203206872183,0.207,0.319,1,"6","Prkcd"
0.00892627556291782,0.422916789875048,0.314,0.48,1,"6","Ahi1"
0.00901196713096205,0.45758010985368,0.612,0.782,1,"6","Zfp644"
0.00902502367173811,0.266950007908567,0.198,0.302,1,"6","Man2b2"
0.00910391784116884,1.04221253067647,0.351,0.378,1,"6","Mfhas1"
0.00916935004717024,0.489638740358928,0.674,0.834,1,"6","Ralgapa2"
0.00921395320102134,1.22223337998877,0.259,0.252,1,"6","Jade2"
0.00922570034002865,0.299509357369281,0.338,0.527,1,"6","Atg4b"
0.00926060162292251,1.02407351129278,0.316,0.316,1,"6","Dapk2"
0.00928875657173492,0.381574782944709,0.198,0.307,1,"6","Pex16"
0.00942738143233786,0.306270975691703,0.4,0.604,1,"6","Sil1"
0.0094373397930221,0.401968635449454,0.217,0.331,1,"6","Foxp4"
0.00952784108416418,0.438855597119201,0.244,0.368,1,"6","Mtmr14"
0.00957049867254437,0.54878178194744,0.558,0.714,1,"6","Ccdc174"
0.00961362221481519,1.04312739297408,0.321,0.336,1,"6","Txndc16"
0.00962009499334246,0.428442481742815,0.272,0.422,1,"6","C87436"
0.00966365706791241,0.518782010757616,0.185,0.287,1,"6","Agtrap"
0.00968148349939011,0.375098439547933,0.294,0.456,1,"6","Mtmr9"
0.00969800367965712,0.391975887873935,0.235,0.339,1,"6","Gpr183"
0.0097236227524932,0.493906342851642,0.61,0.771,1,"6","Eif2ak2"
0.00976580992997431,0.345288608476832,0.165,0.255,1,"6","Gm36551"
0.00981067166762134,0.418622427234476,0.235,0.364,1,"6","Slc35e2"
0.009812815972574,0.601380963035041,0.538,0.642,1,"6","Plec"
0.00983389497512174,0.601654198380373,0.548,0.681,1,"6","Rnf13"
0.00992990976979993,0.776150139834205,0.405,0.466,1,"6","Pik3c3"
0.00995768184762557,0.420006953218585,0.225,0.347,1,"6","Nt5m"
